[2026-03-28T15:20:53.803+0500] {processor.py:161} INFO - Started process (PID=11774) to work on /home/abayturar/airflow-project/dags/sales_dwh_pipeline.py
[2026-03-28T15:20:53.804+0500] {processor.py:830} INFO - Processing file /home/abayturar/airflow-project/dags/sales_dwh_pipeline.py for tasks to queue
[2026-03-28T15:20:53.806+0500] {logging_mixin.py:188} INFO - [2026-03-28T15:20:53.805+0500] {dagbag.py:545} INFO - Filling up the DagBag from /home/abayturar/airflow-project/dags/sales_dwh_pipeline.py
[2026-03-28T15:20:53.821+0500] {logging_mixin.py:188} INFO - [2026-03-28T15:20:53.819+0500] {templater.py:93} ERROR - Failed to resolve template field 'sql'
Traceback (most recent call last):
  File "/home/abayturar/airflow-project/venv/lib/python3.12/site-packages/airflow/template/templater.py", line 91, in resolve_template_files
    setattr(self, field, env.loader.get_source(env, content)[0])  # type: ignore
                         ^^^^^^^^^^^^^^^^^^^^^^^^^^^^^^^^^^^
  File "/home/abayturar/airflow-project/venv/lib/python3.12/site-packages/jinja2/loaders.py", line 207, in get_source
    raise TemplateNotFound(template)
jinja2.exceptions.TemplateNotFound: /home/abayturar/airflow-project/sql/pipeline/load_staging.sql
[2026-03-28T15:20:53.821+0500] {logging_mixin.py:188} INFO - [2026-03-28T15:20:53.821+0500] {templater.py:93} ERROR - Failed to resolve template field 'sql'
Traceback (most recent call last):
  File "/home/abayturar/airflow-project/venv/lib/python3.12/site-packages/airflow/template/templater.py", line 91, in resolve_template_files
    setattr(self, field, env.loader.get_source(env, content)[0])  # type: ignore
                         ^^^^^^^^^^^^^^^^^^^^^^^^^^^^^^^^^^^
  File "/home/abayturar/airflow-project/venv/lib/python3.12/site-packages/jinja2/loaders.py", line 207, in get_source
    raise TemplateNotFound(template)
jinja2.exceptions.TemplateNotFound: /home/abayturar/airflow-project/sql/pipeline/scd2_update.sql
[2026-03-28T15:20:53.822+0500] {logging_mixin.py:188} INFO - [2026-03-28T15:20:53.822+0500] {templater.py:93} ERROR - Failed to resolve template field 'sql'
Traceback (most recent call last):
  File "/home/abayturar/airflow-project/venv/lib/python3.12/site-packages/airflow/template/templater.py", line 91, in resolve_template_files
    setattr(self, field, env.loader.get_source(env, content)[0])  # type: ignore
                         ^^^^^^^^^^^^^^^^^^^^^^^^^^^^^^^^^^^
  File "/home/abayturar/airflow-project/venv/lib/python3.12/site-packages/jinja2/loaders.py", line 207, in get_source
    raise TemplateNotFound(template)
jinja2.exceptions.TemplateNotFound: /home/abayturar/airflow-project/sql/pipeline/scd2_insert.sql
[2026-03-28T15:20:53.822+0500] {logging_mixin.py:188} INFO - [2026-03-28T15:20:53.822+0500] {templater.py:93} ERROR - Failed to resolve template field 'sql'
Traceback (most recent call last):
  File "/home/abayturar/airflow-project/venv/lib/python3.12/site-packages/airflow/template/templater.py", line 91, in resolve_template_files
    setattr(self, field, env.loader.get_source(env, content)[0])  # type: ignore
                         ^^^^^^^^^^^^^^^^^^^^^^^^^^^^^^^^^^^
  File "/home/abayturar/airflow-project/venv/lib/python3.12/site-packages/jinja2/loaders.py", line 207, in get_source
    raise TemplateNotFound(template)
jinja2.exceptions.TemplateNotFound: /home/abayturar/airflow-project/sql/pipeline/dim_product.sql
[2026-03-28T15:20:53.823+0500] {logging_mixin.py:188} INFO - [2026-03-28T15:20:53.822+0500] {templater.py:93} ERROR - Failed to resolve template field 'sql'
Traceback (most recent call last):
  File "/home/abayturar/airflow-project/venv/lib/python3.12/site-packages/airflow/template/templater.py", line 91, in resolve_template_files
    setattr(self, field, env.loader.get_source(env, content)[0])  # type: ignore
                         ^^^^^^^^^^^^^^^^^^^^^^^^^^^^^^^^^^^
  File "/home/abayturar/airflow-project/venv/lib/python3.12/site-packages/jinja2/loaders.py", line 207, in get_source
    raise TemplateNotFound(template)
jinja2.exceptions.TemplateNotFound: /home/abayturar/airflow-project/sql/pipeline/dim_ship_mode.sql
[2026-03-28T15:20:53.823+0500] {logging_mixin.py:188} INFO - [2026-03-28T15:20:53.823+0500] {templater.py:93} ERROR - Failed to resolve template field 'sql'
Traceback (most recent call last):
  File "/home/abayturar/airflow-project/venv/lib/python3.12/site-packages/airflow/template/templater.py", line 91, in resolve_template_files
    setattr(self, field, env.loader.get_source(env, content)[0])  # type: ignore
                         ^^^^^^^^^^^^^^^^^^^^^^^^^^^^^^^^^^^
  File "/home/abayturar/airflow-project/venv/lib/python3.12/site-packages/jinja2/loaders.py", line 207, in get_source
    raise TemplateNotFound(template)
jinja2.exceptions.TemplateNotFound: /home/abayturar/airflow-project/sql/pipeline/load_fact.sql
[2026-03-28T15:20:53.832+0500] {processor.py:840} INFO - DAG(s) 'sales_dwh_pipeline' retrieved from /home/abayturar/airflow-project/dags/sales_dwh_pipeline.py
[2026-03-28T15:20:53.946+0500] {logging_mixin.py:188} INFO - [2026-03-28T15:20:53.946+0500] {override.py:1858} INFO - Created Permission View: can edit on DAG:sales_dwh_pipeline
[2026-03-28T15:20:53.958+0500] {logging_mixin.py:188} INFO - [2026-03-28T15:20:53.958+0500] {override.py:1858} INFO - Created Permission View: can read on DAG:sales_dwh_pipeline
[2026-03-28T15:20:53.964+0500] {logging_mixin.py:188} INFO - [2026-03-28T15:20:53.964+0500] {override.py:1858} INFO - Created Permission View: can delete on DAG:sales_dwh_pipeline
[2026-03-28T15:20:53.965+0500] {logging_mixin.py:188} INFO - [2026-03-28T15:20:53.965+0500] {dag.py:3089} INFO - Sync 1 DAGs
[2026-03-28T15:20:53.973+0500] {logging_mixin.py:188} INFO - [2026-03-28T15:20:53.972+0500] {dag.py:3111} INFO - Creating ORM DAG for sales_dwh_pipeline
[2026-03-28T15:20:53.973+0500] {logging_mixin.py:188} INFO - [2026-03-28T15:20:53.973+0500] {dag.py:3947} INFO - Setting next_dagrun for sales_dwh_pipeline to None, run_after=None
[2026-03-28T15:20:53.990+0500] {processor.py:183} INFO - Processing /home/abayturar/airflow-project/dags/sales_dwh_pipeline.py took 0.194 seconds
[2026-03-28T15:21:52.085+0500] {processor.py:161} INFO - Started process (PID=11931) to work on /home/abayturar/airflow-project/dags/sales_dwh_pipeline.py
[2026-03-28T15:21:52.086+0500] {processor.py:830} INFO - Processing file /home/abayturar/airflow-project/dags/sales_dwh_pipeline.py for tasks to queue
[2026-03-28T15:21:52.088+0500] {logging_mixin.py:188} INFO - [2026-03-28T15:21:52.087+0500] {dagbag.py:545} INFO - Filling up the DagBag from /home/abayturar/airflow-project/dags/sales_dwh_pipeline.py
[2026-03-28T15:21:52.098+0500] {logging_mixin.py:188} INFO - [2026-03-28T15:21:52.097+0500] {templater.py:93} ERROR - Failed to resolve template field 'sql'
Traceback (most recent call last):
  File "/home/abayturar/airflow-project/venv/lib/python3.12/site-packages/airflow/template/templater.py", line 91, in resolve_template_files
    setattr(self, field, env.loader.get_source(env, content)[0])  # type: ignore
                         ^^^^^^^^^^^^^^^^^^^^^^^^^^^^^^^^^^^
  File "/home/abayturar/airflow-project/venv/lib/python3.12/site-packages/jinja2/loaders.py", line 207, in get_source
    raise TemplateNotFound(template)
jinja2.exceptions.TemplateNotFound: /home/abayturar/airflow-project/sql/pipeline/load_staging.sql
[2026-03-28T15:21:52.099+0500] {logging_mixin.py:188} INFO - [2026-03-28T15:21:52.098+0500] {templater.py:93} ERROR - Failed to resolve template field 'sql'
Traceback (most recent call last):
  File "/home/abayturar/airflow-project/venv/lib/python3.12/site-packages/airflow/template/templater.py", line 91, in resolve_template_files
    setattr(self, field, env.loader.get_source(env, content)[0])  # type: ignore
                         ^^^^^^^^^^^^^^^^^^^^^^^^^^^^^^^^^^^
  File "/home/abayturar/airflow-project/venv/lib/python3.12/site-packages/jinja2/loaders.py", line 207, in get_source
    raise TemplateNotFound(template)
jinja2.exceptions.TemplateNotFound: /home/abayturar/airflow-project/sql/pipeline/scd2_update.sql
[2026-03-28T15:21:52.099+0500] {logging_mixin.py:188} INFO - [2026-03-28T15:21:52.099+0500] {templater.py:93} ERROR - Failed to resolve template field 'sql'
Traceback (most recent call last):
  File "/home/abayturar/airflow-project/venv/lib/python3.12/site-packages/airflow/template/templater.py", line 91, in resolve_template_files
    setattr(self, field, env.loader.get_source(env, content)[0])  # type: ignore
                         ^^^^^^^^^^^^^^^^^^^^^^^^^^^^^^^^^^^
  File "/home/abayturar/airflow-project/venv/lib/python3.12/site-packages/jinja2/loaders.py", line 207, in get_source
    raise TemplateNotFound(template)
jinja2.exceptions.TemplateNotFound: /home/abayturar/airflow-project/sql/pipeline/scd2_insert.sql
[2026-03-28T15:21:52.099+0500] {logging_mixin.py:188} INFO - [2026-03-28T15:21:52.099+0500] {templater.py:93} ERROR - Failed to resolve template field 'sql'
Traceback (most recent call last):
  File "/home/abayturar/airflow-project/venv/lib/python3.12/site-packages/airflow/template/templater.py", line 91, in resolve_template_files
    setattr(self, field, env.loader.get_source(env, content)[0])  # type: ignore
                         ^^^^^^^^^^^^^^^^^^^^^^^^^^^^^^^^^^^
  File "/home/abayturar/airflow-project/venv/lib/python3.12/site-packages/jinja2/loaders.py", line 207, in get_source
    raise TemplateNotFound(template)
jinja2.exceptions.TemplateNotFound: /home/abayturar/airflow-project/sql/pipeline/dim_product.sql
[2026-03-28T15:21:52.100+0500] {logging_mixin.py:188} INFO - [2026-03-28T15:21:52.099+0500] {templater.py:93} ERROR - Failed to resolve template field 'sql'
Traceback (most recent call last):
  File "/home/abayturar/airflow-project/venv/lib/python3.12/site-packages/airflow/template/templater.py", line 91, in resolve_template_files
    setattr(self, field, env.loader.get_source(env, content)[0])  # type: ignore
                         ^^^^^^^^^^^^^^^^^^^^^^^^^^^^^^^^^^^
  File "/home/abayturar/airflow-project/venv/lib/python3.12/site-packages/jinja2/loaders.py", line 207, in get_source
    raise TemplateNotFound(template)
jinja2.exceptions.TemplateNotFound: /home/abayturar/airflow-project/sql/pipeline/dim_ship_mode.sql
[2026-03-28T15:21:52.100+0500] {logging_mixin.py:188} INFO - [2026-03-28T15:21:52.100+0500] {templater.py:93} ERROR - Failed to resolve template field 'sql'
Traceback (most recent call last):
  File "/home/abayturar/airflow-project/venv/lib/python3.12/site-packages/airflow/template/templater.py", line 91, in resolve_template_files
    setattr(self, field, env.loader.get_source(env, content)[0])  # type: ignore
                         ^^^^^^^^^^^^^^^^^^^^^^^^^^^^^^^^^^^
  File "/home/abayturar/airflow-project/venv/lib/python3.12/site-packages/jinja2/loaders.py", line 207, in get_source
    raise TemplateNotFound(template)
jinja2.exceptions.TemplateNotFound: /home/abayturar/airflow-project/sql/pipeline/load_fact.sql
[2026-03-28T15:21:52.100+0500] {processor.py:840} INFO - DAG(s) 'sales_dwh_pipeline' retrieved from /home/abayturar/airflow-project/dags/sales_dwh_pipeline.py
[2026-03-28T15:21:52.115+0500] {logging_mixin.py:188} INFO - [2026-03-28T15:21:52.115+0500] {dag.py:3089} INFO - Sync 1 DAGs
[2026-03-28T15:21:52.123+0500] {logging_mixin.py:188} INFO - [2026-03-28T15:21:52.123+0500] {dag.py:3947} INFO - Setting next_dagrun for sales_dwh_pipeline to None, run_after=None
[2026-03-28T15:21:52.138+0500] {processor.py:183} INFO - Processing /home/abayturar/airflow-project/dags/sales_dwh_pipeline.py took 0.059 seconds
[2026-03-28T15:22:42.781+0500] {processor.py:161} INFO - Started process (PID=12083) to work on /home/abayturar/airflow-project/dags/sales_dwh_pipeline.py
[2026-03-28T15:22:42.782+0500] {processor.py:830} INFO - Processing file /home/abayturar/airflow-project/dags/sales_dwh_pipeline.py for tasks to queue
[2026-03-28T15:22:42.783+0500] {logging_mixin.py:188} INFO - [2026-03-28T15:22:42.783+0500] {dagbag.py:545} INFO - Filling up the DagBag from /home/abayturar/airflow-project/dags/sales_dwh_pipeline.py
[2026-03-28T15:22:42.795+0500] {logging_mixin.py:188} INFO - [2026-03-28T15:22:42.794+0500] {templater.py:93} ERROR - Failed to resolve template field 'sql'
Traceback (most recent call last):
  File "/home/abayturar/airflow-project/venv/lib/python3.12/site-packages/airflow/template/templater.py", line 91, in resolve_template_files
    setattr(self, field, env.loader.get_source(env, content)[0])  # type: ignore
                         ^^^^^^^^^^^^^^^^^^^^^^^^^^^^^^^^^^^
  File "/home/abayturar/airflow-project/venv/lib/python3.12/site-packages/jinja2/loaders.py", line 207, in get_source
    raise TemplateNotFound(template)
jinja2.exceptions.TemplateNotFound: /home/abayturar/airflow-project/sql/pipeline/load_staging.sql
[2026-03-28T15:22:42.795+0500] {logging_mixin.py:188} INFO - [2026-03-28T15:22:42.795+0500] {templater.py:93} ERROR - Failed to resolve template field 'sql'
Traceback (most recent call last):
  File "/home/abayturar/airflow-project/venv/lib/python3.12/site-packages/airflow/template/templater.py", line 91, in resolve_template_files
    setattr(self, field, env.loader.get_source(env, content)[0])  # type: ignore
                         ^^^^^^^^^^^^^^^^^^^^^^^^^^^^^^^^^^^
  File "/home/abayturar/airflow-project/venv/lib/python3.12/site-packages/jinja2/loaders.py", line 207, in get_source
    raise TemplateNotFound(template)
jinja2.exceptions.TemplateNotFound: /home/abayturar/airflow-project/sql/pipeline/scd2_update.sql
[2026-03-28T15:22:42.796+0500] {logging_mixin.py:188} INFO - [2026-03-28T15:22:42.795+0500] {templater.py:93} ERROR - Failed to resolve template field 'sql'
Traceback (most recent call last):
  File "/home/abayturar/airflow-project/venv/lib/python3.12/site-packages/airflow/template/templater.py", line 91, in resolve_template_files
    setattr(self, field, env.loader.get_source(env, content)[0])  # type: ignore
                         ^^^^^^^^^^^^^^^^^^^^^^^^^^^^^^^^^^^
  File "/home/abayturar/airflow-project/venv/lib/python3.12/site-packages/jinja2/loaders.py", line 207, in get_source
    raise TemplateNotFound(template)
jinja2.exceptions.TemplateNotFound: /home/abayturar/airflow-project/sql/pipeline/scd2_insert.sql
[2026-03-28T15:22:42.796+0500] {logging_mixin.py:188} INFO - [2026-03-28T15:22:42.796+0500] {templater.py:93} ERROR - Failed to resolve template field 'sql'
Traceback (most recent call last):
  File "/home/abayturar/airflow-project/venv/lib/python3.12/site-packages/airflow/template/templater.py", line 91, in resolve_template_files
    setattr(self, field, env.loader.get_source(env, content)[0])  # type: ignore
                         ^^^^^^^^^^^^^^^^^^^^^^^^^^^^^^^^^^^
  File "/home/abayturar/airflow-project/venv/lib/python3.12/site-packages/jinja2/loaders.py", line 207, in get_source
    raise TemplateNotFound(template)
jinja2.exceptions.TemplateNotFound: /home/abayturar/airflow-project/sql/pipeline/dim_product.sql
[2026-03-28T15:22:42.796+0500] {logging_mixin.py:188} INFO - [2026-03-28T15:22:42.796+0500] {templater.py:93} ERROR - Failed to resolve template field 'sql'
Traceback (most recent call last):
  File "/home/abayturar/airflow-project/venv/lib/python3.12/site-packages/airflow/template/templater.py", line 91, in resolve_template_files
    setattr(self, field, env.loader.get_source(env, content)[0])  # type: ignore
                         ^^^^^^^^^^^^^^^^^^^^^^^^^^^^^^^^^^^
  File "/home/abayturar/airflow-project/venv/lib/python3.12/site-packages/jinja2/loaders.py", line 207, in get_source
    raise TemplateNotFound(template)
jinja2.exceptions.TemplateNotFound: /home/abayturar/airflow-project/sql/pipeline/dim_ship_mode.sql
[2026-03-28T15:22:42.797+0500] {logging_mixin.py:188} INFO - [2026-03-28T15:22:42.796+0500] {templater.py:93} ERROR - Failed to resolve template field 'sql'
Traceback (most recent call last):
  File "/home/abayturar/airflow-project/venv/lib/python3.12/site-packages/airflow/template/templater.py", line 91, in resolve_template_files
    setattr(self, field, env.loader.get_source(env, content)[0])  # type: ignore
                         ^^^^^^^^^^^^^^^^^^^^^^^^^^^^^^^^^^^
  File "/home/abayturar/airflow-project/venv/lib/python3.12/site-packages/jinja2/loaders.py", line 207, in get_source
    raise TemplateNotFound(template)
jinja2.exceptions.TemplateNotFound: /home/abayturar/airflow-project/sql/pipeline/load_fact.sql
[2026-03-28T15:22:42.797+0500] {processor.py:840} INFO - DAG(s) 'sales_dwh_pipeline' retrieved from /home/abayturar/airflow-project/dags/sales_dwh_pipeline.py
[2026-03-28T15:22:42.813+0500] {logging_mixin.py:188} INFO - [2026-03-28T15:22:42.812+0500] {dag.py:3089} INFO - Sync 1 DAGs
[2026-03-28T15:22:42.822+0500] {logging_mixin.py:188} INFO - [2026-03-28T15:22:42.822+0500] {dag.py:3947} INFO - Setting next_dagrun for sales_dwh_pipeline to None, run_after=None
[2026-03-28T15:22:42.836+0500] {processor.py:183} INFO - Processing /home/abayturar/airflow-project/dags/sales_dwh_pipeline.py took 0.061 seconds
[2026-03-28T15:23:22.189+0500] {processor.py:161} INFO - Started process (PID=12195) to work on /home/abayturar/airflow-project/dags/sales_dwh_pipeline.py
[2026-03-28T15:23:22.190+0500] {processor.py:830} INFO - Processing file /home/abayturar/airflow-project/dags/sales_dwh_pipeline.py for tasks to queue
[2026-03-28T15:23:22.191+0500] {logging_mixin.py:188} INFO - [2026-03-28T15:23:22.191+0500] {dagbag.py:545} INFO - Filling up the DagBag from /home/abayturar/airflow-project/dags/sales_dwh_pipeline.py
[2026-03-28T15:23:22.204+0500] {logging_mixin.py:188} INFO - [2026-03-28T15:23:22.203+0500] {templater.py:93} ERROR - Failed to resolve template field 'sql'
Traceback (most recent call last):
  File "/home/abayturar/airflow-project/venv/lib/python3.12/site-packages/airflow/template/templater.py", line 91, in resolve_template_files
    setattr(self, field, env.loader.get_source(env, content)[0])  # type: ignore
                         ^^^^^^^^^^^^^^^^^^^^^^^^^^^^^^^^^^^
  File "/home/abayturar/airflow-project/venv/lib/python3.12/site-packages/jinja2/loaders.py", line 207, in get_source
    raise TemplateNotFound(template)
jinja2.exceptions.TemplateNotFound: /home/abayturar/airflow-project/sql/pipeline/load_staging.sql
[2026-03-28T15:23:22.204+0500] {logging_mixin.py:188} INFO - [2026-03-28T15:23:22.204+0500] {templater.py:93} ERROR - Failed to resolve template field 'sql'
Traceback (most recent call last):
  File "/home/abayturar/airflow-project/venv/lib/python3.12/site-packages/airflow/template/templater.py", line 91, in resolve_template_files
    setattr(self, field, env.loader.get_source(env, content)[0])  # type: ignore
                         ^^^^^^^^^^^^^^^^^^^^^^^^^^^^^^^^^^^
  File "/home/abayturar/airflow-project/venv/lib/python3.12/site-packages/jinja2/loaders.py", line 207, in get_source
    raise TemplateNotFound(template)
jinja2.exceptions.TemplateNotFound: /home/abayturar/airflow-project/sql/pipeline/scd2_update.sql
[2026-03-28T15:23:22.205+0500] {logging_mixin.py:188} INFO - [2026-03-28T15:23:22.205+0500] {templater.py:93} ERROR - Failed to resolve template field 'sql'
Traceback (most recent call last):
  File "/home/abayturar/airflow-project/venv/lib/python3.12/site-packages/airflow/template/templater.py", line 91, in resolve_template_files
    setattr(self, field, env.loader.get_source(env, content)[0])  # type: ignore
                         ^^^^^^^^^^^^^^^^^^^^^^^^^^^^^^^^^^^
  File "/home/abayturar/airflow-project/venv/lib/python3.12/site-packages/jinja2/loaders.py", line 207, in get_source
    raise TemplateNotFound(template)
jinja2.exceptions.TemplateNotFound: /home/abayturar/airflow-project/sql/pipeline/scd2_insert.sql
[2026-03-28T15:23:22.205+0500] {logging_mixin.py:188} INFO - [2026-03-28T15:23:22.205+0500] {templater.py:93} ERROR - Failed to resolve template field 'sql'
Traceback (most recent call last):
  File "/home/abayturar/airflow-project/venv/lib/python3.12/site-packages/airflow/template/templater.py", line 91, in resolve_template_files
    setattr(self, field, env.loader.get_source(env, content)[0])  # type: ignore
                         ^^^^^^^^^^^^^^^^^^^^^^^^^^^^^^^^^^^
  File "/home/abayturar/airflow-project/venv/lib/python3.12/site-packages/jinja2/loaders.py", line 207, in get_source
    raise TemplateNotFound(template)
jinja2.exceptions.TemplateNotFound: /home/abayturar/airflow-project/sql/pipeline/dim_product.sql
[2026-03-28T15:23:22.205+0500] {logging_mixin.py:188} INFO - [2026-03-28T15:23:22.205+0500] {templater.py:93} ERROR - Failed to resolve template field 'sql'
Traceback (most recent call last):
  File "/home/abayturar/airflow-project/venv/lib/python3.12/site-packages/airflow/template/templater.py", line 91, in resolve_template_files
    setattr(self, field, env.loader.get_source(env, content)[0])  # type: ignore
                         ^^^^^^^^^^^^^^^^^^^^^^^^^^^^^^^^^^^
  File "/home/abayturar/airflow-project/venv/lib/python3.12/site-packages/jinja2/loaders.py", line 207, in get_source
    raise TemplateNotFound(template)
jinja2.exceptions.TemplateNotFound: /home/abayturar/airflow-project/sql/pipeline/dim_ship_mode.sql
[2026-03-28T15:23:22.206+0500] {logging_mixin.py:188} INFO - [2026-03-28T15:23:22.206+0500] {templater.py:93} ERROR - Failed to resolve template field 'sql'
Traceback (most recent call last):
  File "/home/abayturar/airflow-project/venv/lib/python3.12/site-packages/airflow/template/templater.py", line 91, in resolve_template_files
    setattr(self, field, env.loader.get_source(env, content)[0])  # type: ignore
                         ^^^^^^^^^^^^^^^^^^^^^^^^^^^^^^^^^^^
  File "/home/abayturar/airflow-project/venv/lib/python3.12/site-packages/jinja2/loaders.py", line 207, in get_source
    raise TemplateNotFound(template)
jinja2.exceptions.TemplateNotFound: /home/abayturar/airflow-project/sql/pipeline/load_fact.sql
[2026-03-28T15:23:22.206+0500] {processor.py:840} INFO - DAG(s) 'sales_dwh_pipeline' retrieved from /home/abayturar/airflow-project/dags/sales_dwh_pipeline.py
[2026-03-28T15:23:22.224+0500] {logging_mixin.py:188} INFO - [2026-03-28T15:23:22.224+0500] {dag.py:3089} INFO - Sync 1 DAGs
[2026-03-28T15:23:22.235+0500] {logging_mixin.py:188} INFO - [2026-03-28T15:23:22.235+0500] {dag.py:3947} INFO - Setting next_dagrun for sales_dwh_pipeline to None, run_after=None
[2026-03-28T15:23:22.263+0500] {processor.py:183} INFO - Processing /home/abayturar/airflow-project/dags/sales_dwh_pipeline.py took 0.080 seconds
[2026-03-28T15:23:55.679+0500] {processor.py:161} INFO - Started process (PID=12291) to work on /home/abayturar/airflow-project/dags/sales_dwh_pipeline.py
[2026-03-28T15:23:55.680+0500] {processor.py:830} INFO - Processing file /home/abayturar/airflow-project/dags/sales_dwh_pipeline.py for tasks to queue
[2026-03-28T15:23:55.682+0500] {logging_mixin.py:188} INFO - [2026-03-28T15:23:55.682+0500] {dagbag.py:545} INFO - Filling up the DagBag from /home/abayturar/airflow-project/dags/sales_dwh_pipeline.py
[2026-03-28T15:23:55.693+0500] {logging_mixin.py:188} INFO - [2026-03-28T15:23:55.692+0500] {templater.py:93} ERROR - Failed to resolve template field 'sql'
Traceback (most recent call last):
  File "/home/abayturar/airflow-project/venv/lib/python3.12/site-packages/airflow/template/templater.py", line 91, in resolve_template_files
    setattr(self, field, env.loader.get_source(env, content)[0])  # type: ignore
                         ^^^^^^^^^^^^^^^^^^^^^^^^^^^^^^^^^^^
  File "/home/abayturar/airflow-project/venv/lib/python3.12/site-packages/jinja2/loaders.py", line 207, in get_source
    raise TemplateNotFound(template)
jinja2.exceptions.TemplateNotFound: /home/abayturar/airflow-project/sql/pipeline/load_staging.sql
[2026-03-28T15:23:55.694+0500] {logging_mixin.py:188} INFO - [2026-03-28T15:23:55.693+0500] {templater.py:93} ERROR - Failed to resolve template field 'sql'
Traceback (most recent call last):
  File "/home/abayturar/airflow-project/venv/lib/python3.12/site-packages/airflow/template/templater.py", line 91, in resolve_template_files
    setattr(self, field, env.loader.get_source(env, content)[0])  # type: ignore
                         ^^^^^^^^^^^^^^^^^^^^^^^^^^^^^^^^^^^
  File "/home/abayturar/airflow-project/venv/lib/python3.12/site-packages/jinja2/loaders.py", line 207, in get_source
    raise TemplateNotFound(template)
jinja2.exceptions.TemplateNotFound: /home/abayturar/airflow-project/sql/pipeline/scd2_update.sql
[2026-03-28T15:23:55.694+0500] {logging_mixin.py:188} INFO - [2026-03-28T15:23:55.694+0500] {templater.py:93} ERROR - Failed to resolve template field 'sql'
Traceback (most recent call last):
  File "/home/abayturar/airflow-project/venv/lib/python3.12/site-packages/airflow/template/templater.py", line 91, in resolve_template_files
    setattr(self, field, env.loader.get_source(env, content)[0])  # type: ignore
                         ^^^^^^^^^^^^^^^^^^^^^^^^^^^^^^^^^^^
  File "/home/abayturar/airflow-project/venv/lib/python3.12/site-packages/jinja2/loaders.py", line 207, in get_source
    raise TemplateNotFound(template)
jinja2.exceptions.TemplateNotFound: /home/abayturar/airflow-project/sql/pipeline/scd2_insert.sql
[2026-03-28T15:23:55.694+0500] {logging_mixin.py:188} INFO - [2026-03-28T15:23:55.694+0500] {templater.py:93} ERROR - Failed to resolve template field 'sql'
Traceback (most recent call last):
  File "/home/abayturar/airflow-project/venv/lib/python3.12/site-packages/airflow/template/templater.py", line 91, in resolve_template_files
    setattr(self, field, env.loader.get_source(env, content)[0])  # type: ignore
                         ^^^^^^^^^^^^^^^^^^^^^^^^^^^^^^^^^^^
  File "/home/abayturar/airflow-project/venv/lib/python3.12/site-packages/jinja2/loaders.py", line 207, in get_source
    raise TemplateNotFound(template)
jinja2.exceptions.TemplateNotFound: /home/abayturar/airflow-project/sql/pipeline/dim_product.sql
[2026-03-28T15:23:55.695+0500] {logging_mixin.py:188} INFO - [2026-03-28T15:23:55.694+0500] {templater.py:93} ERROR - Failed to resolve template field 'sql'
Traceback (most recent call last):
  File "/home/abayturar/airflow-project/venv/lib/python3.12/site-packages/airflow/template/templater.py", line 91, in resolve_template_files
    setattr(self, field, env.loader.get_source(env, content)[0])  # type: ignore
                         ^^^^^^^^^^^^^^^^^^^^^^^^^^^^^^^^^^^
  File "/home/abayturar/airflow-project/venv/lib/python3.12/site-packages/jinja2/loaders.py", line 207, in get_source
    raise TemplateNotFound(template)
jinja2.exceptions.TemplateNotFound: /home/abayturar/airflow-project/sql/pipeline/dim_ship_mode.sql
[2026-03-28T15:23:55.695+0500] {logging_mixin.py:188} INFO - [2026-03-28T15:23:55.695+0500] {templater.py:93} ERROR - Failed to resolve template field 'sql'
Traceback (most recent call last):
  File "/home/abayturar/airflow-project/venv/lib/python3.12/site-packages/airflow/template/templater.py", line 91, in resolve_template_files
    setattr(self, field, env.loader.get_source(env, content)[0])  # type: ignore
                         ^^^^^^^^^^^^^^^^^^^^^^^^^^^^^^^^^^^
  File "/home/abayturar/airflow-project/venv/lib/python3.12/site-packages/jinja2/loaders.py", line 207, in get_source
    raise TemplateNotFound(template)
jinja2.exceptions.TemplateNotFound: /home/abayturar/airflow-project/sql/pipeline/load_fact.sql
[2026-03-28T15:23:55.695+0500] {processor.py:840} INFO - DAG(s) 'sales_dwh_pipeline' retrieved from /home/abayturar/airflow-project/dags/sales_dwh_pipeline.py
[2026-03-28T15:23:55.711+0500] {logging_mixin.py:188} INFO - [2026-03-28T15:23:55.711+0500] {dag.py:3089} INFO - Sync 1 DAGs
[2026-03-28T15:23:55.721+0500] {logging_mixin.py:188} INFO - [2026-03-28T15:23:55.721+0500] {dag.py:3947} INFO - Setting next_dagrun for sales_dwh_pipeline to None, run_after=None
[2026-03-28T15:23:55.736+0500] {processor.py:183} INFO - Processing /home/abayturar/airflow-project/dags/sales_dwh_pipeline.py took 0.063 seconds
[2026-03-28T15:24:28.008+0500] {processor.py:161} INFO - Started process (PID=12387) to work on /home/abayturar/airflow-project/dags/sales_dwh_pipeline.py
[2026-03-28T15:24:28.009+0500] {processor.py:830} INFO - Processing file /home/abayturar/airflow-project/dags/sales_dwh_pipeline.py for tasks to queue
[2026-03-28T15:24:28.011+0500] {logging_mixin.py:188} INFO - [2026-03-28T15:24:28.010+0500] {dagbag.py:545} INFO - Filling up the DagBag from /home/abayturar/airflow-project/dags/sales_dwh_pipeline.py
[2026-03-28T15:24:28.022+0500] {logging_mixin.py:188} INFO - [2026-03-28T15:24:28.021+0500] {templater.py:93} ERROR - Failed to resolve template field 'sql'
Traceback (most recent call last):
  File "/home/abayturar/airflow-project/venv/lib/python3.12/site-packages/airflow/template/templater.py", line 91, in resolve_template_files
    setattr(self, field, env.loader.get_source(env, content)[0])  # type: ignore
                         ^^^^^^^^^^^^^^^^^^^^^^^^^^^^^^^^^^^
  File "/home/abayturar/airflow-project/venv/lib/python3.12/site-packages/jinja2/loaders.py", line 207, in get_source
    raise TemplateNotFound(template)
jinja2.exceptions.TemplateNotFound: /home/abayturar/airflow-project/sql/pipeline/load_staging.sql
[2026-03-28T15:24:28.023+0500] {logging_mixin.py:188} INFO - [2026-03-28T15:24:28.022+0500] {templater.py:93} ERROR - Failed to resolve template field 'sql'
Traceback (most recent call last):
  File "/home/abayturar/airflow-project/venv/lib/python3.12/site-packages/airflow/template/templater.py", line 91, in resolve_template_files
    setattr(self, field, env.loader.get_source(env, content)[0])  # type: ignore
                         ^^^^^^^^^^^^^^^^^^^^^^^^^^^^^^^^^^^
  File "/home/abayturar/airflow-project/venv/lib/python3.12/site-packages/jinja2/loaders.py", line 207, in get_source
    raise TemplateNotFound(template)
jinja2.exceptions.TemplateNotFound: /home/abayturar/airflow-project/sql/pipeline/scd2_update.sql
[2026-03-28T15:24:28.023+0500] {logging_mixin.py:188} INFO - [2026-03-28T15:24:28.023+0500] {templater.py:93} ERROR - Failed to resolve template field 'sql'
Traceback (most recent call last):
  File "/home/abayturar/airflow-project/venv/lib/python3.12/site-packages/airflow/template/templater.py", line 91, in resolve_template_files
    setattr(self, field, env.loader.get_source(env, content)[0])  # type: ignore
                         ^^^^^^^^^^^^^^^^^^^^^^^^^^^^^^^^^^^
  File "/home/abayturar/airflow-project/venv/lib/python3.12/site-packages/jinja2/loaders.py", line 207, in get_source
    raise TemplateNotFound(template)
jinja2.exceptions.TemplateNotFound: /home/abayturar/airflow-project/sql/pipeline/scd2_insert.sql
[2026-03-28T15:24:28.023+0500] {logging_mixin.py:188} INFO - [2026-03-28T15:24:28.023+0500] {templater.py:93} ERROR - Failed to resolve template field 'sql'
Traceback (most recent call last):
  File "/home/abayturar/airflow-project/venv/lib/python3.12/site-packages/airflow/template/templater.py", line 91, in resolve_template_files
    setattr(self, field, env.loader.get_source(env, content)[0])  # type: ignore
                         ^^^^^^^^^^^^^^^^^^^^^^^^^^^^^^^^^^^
  File "/home/abayturar/airflow-project/venv/lib/python3.12/site-packages/jinja2/loaders.py", line 207, in get_source
    raise TemplateNotFound(template)
jinja2.exceptions.TemplateNotFound: /home/abayturar/airflow-project/sql/pipeline/dim_product.sql
[2026-03-28T15:24:28.024+0500] {logging_mixin.py:188} INFO - [2026-03-28T15:24:28.024+0500] {templater.py:93} ERROR - Failed to resolve template field 'sql'
Traceback (most recent call last):
  File "/home/abayturar/airflow-project/venv/lib/python3.12/site-packages/airflow/template/templater.py", line 91, in resolve_template_files
    setattr(self, field, env.loader.get_source(env, content)[0])  # type: ignore
                         ^^^^^^^^^^^^^^^^^^^^^^^^^^^^^^^^^^^
  File "/home/abayturar/airflow-project/venv/lib/python3.12/site-packages/jinja2/loaders.py", line 207, in get_source
    raise TemplateNotFound(template)
jinja2.exceptions.TemplateNotFound: /home/abayturar/airflow-project/sql/pipeline/dim_ship_mode.sql
[2026-03-28T15:24:28.024+0500] {logging_mixin.py:188} INFO - [2026-03-28T15:24:28.024+0500] {templater.py:93} ERROR - Failed to resolve template field 'sql'
Traceback (most recent call last):
  File "/home/abayturar/airflow-project/venv/lib/python3.12/site-packages/airflow/template/templater.py", line 91, in resolve_template_files
    setattr(self, field, env.loader.get_source(env, content)[0])  # type: ignore
                         ^^^^^^^^^^^^^^^^^^^^^^^^^^^^^^^^^^^
  File "/home/abayturar/airflow-project/venv/lib/python3.12/site-packages/jinja2/loaders.py", line 207, in get_source
    raise TemplateNotFound(template)
jinja2.exceptions.TemplateNotFound: /home/abayturar/airflow-project/sql/pipeline/load_fact.sql
[2026-03-28T15:24:28.024+0500] {processor.py:840} INFO - DAG(s) 'sales_dwh_pipeline' retrieved from /home/abayturar/airflow-project/dags/sales_dwh_pipeline.py
[2026-03-28T15:24:28.040+0500] {logging_mixin.py:188} INFO - [2026-03-28T15:24:28.040+0500] {dag.py:3089} INFO - Sync 1 DAGs
[2026-03-28T15:24:28.050+0500] {logging_mixin.py:188} INFO - [2026-03-28T15:24:28.050+0500] {dag.py:3947} INFO - Setting next_dagrun for sales_dwh_pipeline to None, run_after=None
[2026-03-28T15:24:28.078+0500] {processor.py:183} INFO - Processing /home/abayturar/airflow-project/dags/sales_dwh_pipeline.py took 0.076 seconds
[2026-03-28T15:25:34.633+0500] {processor.py:161} INFO - Started process (PID=12546) to work on /home/abayturar/airflow-project/dags/sales_dwh_pipeline.py
[2026-03-28T15:25:34.634+0500] {processor.py:830} INFO - Processing file /home/abayturar/airflow-project/dags/sales_dwh_pipeline.py for tasks to queue
[2026-03-28T15:25:34.636+0500] {logging_mixin.py:188} INFO - [2026-03-28T15:25:34.636+0500] {dagbag.py:545} INFO - Filling up the DagBag from /home/abayturar/airflow-project/dags/sales_dwh_pipeline.py
[2026-03-28T15:25:34.646+0500] {logging_mixin.py:188} INFO - [2026-03-28T15:25:34.645+0500] {templater.py:93} ERROR - Failed to resolve template field 'sql'
Traceback (most recent call last):
  File "/home/abayturar/airflow-project/venv/lib/python3.12/site-packages/airflow/template/templater.py", line 91, in resolve_template_files
    setattr(self, field, env.loader.get_source(env, content)[0])  # type: ignore
                         ^^^^^^^^^^^^^^^^^^^^^^^^^^^^^^^^^^^
  File "/home/abayturar/airflow-project/venv/lib/python3.12/site-packages/jinja2/loaders.py", line 207, in get_source
    raise TemplateNotFound(template)
jinja2.exceptions.TemplateNotFound: /home/abayturar/airflow-project/sql/pipeline/load_staging.sql
[2026-03-28T15:25:34.646+0500] {logging_mixin.py:188} INFO - [2026-03-28T15:25:34.646+0500] {templater.py:93} ERROR - Failed to resolve template field 'sql'
Traceback (most recent call last):
  File "/home/abayturar/airflow-project/venv/lib/python3.12/site-packages/airflow/template/templater.py", line 91, in resolve_template_files
    setattr(self, field, env.loader.get_source(env, content)[0])  # type: ignore
                         ^^^^^^^^^^^^^^^^^^^^^^^^^^^^^^^^^^^
  File "/home/abayturar/airflow-project/venv/lib/python3.12/site-packages/jinja2/loaders.py", line 207, in get_source
    raise TemplateNotFound(template)
jinja2.exceptions.TemplateNotFound: /home/abayturar/airflow-project/sql/pipeline/scd2_update.sql
[2026-03-28T15:25:34.647+0500] {logging_mixin.py:188} INFO - [2026-03-28T15:25:34.646+0500] {templater.py:93} ERROR - Failed to resolve template field 'sql'
Traceback (most recent call last):
  File "/home/abayturar/airflow-project/venv/lib/python3.12/site-packages/airflow/template/templater.py", line 91, in resolve_template_files
    setattr(self, field, env.loader.get_source(env, content)[0])  # type: ignore
                         ^^^^^^^^^^^^^^^^^^^^^^^^^^^^^^^^^^^
  File "/home/abayturar/airflow-project/venv/lib/python3.12/site-packages/jinja2/loaders.py", line 207, in get_source
    raise TemplateNotFound(template)
jinja2.exceptions.TemplateNotFound: /home/abayturar/airflow-project/sql/pipeline/scd2_insert.sql
[2026-03-28T15:25:34.647+0500] {logging_mixin.py:188} INFO - [2026-03-28T15:25:34.647+0500] {templater.py:93} ERROR - Failed to resolve template field 'sql'
Traceback (most recent call last):
  File "/home/abayturar/airflow-project/venv/lib/python3.12/site-packages/airflow/template/templater.py", line 91, in resolve_template_files
    setattr(self, field, env.loader.get_source(env, content)[0])  # type: ignore
                         ^^^^^^^^^^^^^^^^^^^^^^^^^^^^^^^^^^^
  File "/home/abayturar/airflow-project/venv/lib/python3.12/site-packages/jinja2/loaders.py", line 207, in get_source
    raise TemplateNotFound(template)
jinja2.exceptions.TemplateNotFound: /home/abayturar/airflow-project/sql/pipeline/dim_product.sql
[2026-03-28T15:25:34.648+0500] {logging_mixin.py:188} INFO - [2026-03-28T15:25:34.647+0500] {templater.py:93} ERROR - Failed to resolve template field 'sql'
Traceback (most recent call last):
  File "/home/abayturar/airflow-project/venv/lib/python3.12/site-packages/airflow/template/templater.py", line 91, in resolve_template_files
    setattr(self, field, env.loader.get_source(env, content)[0])  # type: ignore
                         ^^^^^^^^^^^^^^^^^^^^^^^^^^^^^^^^^^^
  File "/home/abayturar/airflow-project/venv/lib/python3.12/site-packages/jinja2/loaders.py", line 207, in get_source
    raise TemplateNotFound(template)
jinja2.exceptions.TemplateNotFound: /home/abayturar/airflow-project/sql/pipeline/dim_ship_mode.sql
[2026-03-28T15:25:34.648+0500] {logging_mixin.py:188} INFO - [2026-03-28T15:25:34.648+0500] {templater.py:93} ERROR - Failed to resolve template field 'sql'
Traceback (most recent call last):
  File "/home/abayturar/airflow-project/venv/lib/python3.12/site-packages/airflow/template/templater.py", line 91, in resolve_template_files
    setattr(self, field, env.loader.get_source(env, content)[0])  # type: ignore
                         ^^^^^^^^^^^^^^^^^^^^^^^^^^^^^^^^^^^
  File "/home/abayturar/airflow-project/venv/lib/python3.12/site-packages/jinja2/loaders.py", line 207, in get_source
    raise TemplateNotFound(template)
jinja2.exceptions.TemplateNotFound: /home/abayturar/airflow-project/sql/pipeline/load_fact.sql
[2026-03-28T15:25:34.654+0500] {processor.py:840} INFO - DAG(s) 'sales_dwh_pipeline' retrieved from /home/abayturar/airflow-project/dags/sales_dwh_pipeline.py
[2026-03-28T15:25:34.674+0500] {logging_mixin.py:188} INFO - [2026-03-28T15:25:34.674+0500] {dag.py:3089} INFO - Sync 1 DAGs
[2026-03-28T15:25:34.682+0500] {logging_mixin.py:188} INFO - [2026-03-28T15:25:34.681+0500] {dag.py:3947} INFO - Setting next_dagrun for sales_dwh_pipeline to None, run_after=None
[2026-03-28T15:25:34.697+0500] {processor.py:183} INFO - Processing /home/abayturar/airflow-project/dags/sales_dwh_pipeline.py took 0.069 seconds
[2026-03-28T15:26:42.109+0500] {processor.py:161} INFO - Started process (PID=12725) to work on /home/abayturar/airflow-project/dags/sales_dwh_pipeline.py
[2026-03-28T15:26:42.111+0500] {processor.py:830} INFO - Processing file /home/abayturar/airflow-project/dags/sales_dwh_pipeline.py for tasks to queue
[2026-03-28T15:26:42.114+0500] {logging_mixin.py:188} INFO - [2026-03-28T15:26:42.114+0500] {dagbag.py:545} INFO - Filling up the DagBag from /home/abayturar/airflow-project/dags/sales_dwh_pipeline.py
[2026-03-28T15:26:42.130+0500] {logging_mixin.py:188} INFO - [2026-03-28T15:26:42.128+0500] {templater.py:93} ERROR - Failed to resolve template field 'sql'
Traceback (most recent call last):
  File "/home/abayturar/airflow-project/venv/lib/python3.12/site-packages/airflow/template/templater.py", line 91, in resolve_template_files
    setattr(self, field, env.loader.get_source(env, content)[0])  # type: ignore
                         ^^^^^^^^^^^^^^^^^^^^^^^^^^^^^^^^^^^
  File "/home/abayturar/airflow-project/venv/lib/python3.12/site-packages/jinja2/loaders.py", line 207, in get_source
    raise TemplateNotFound(template)
jinja2.exceptions.TemplateNotFound: /home/abayturar/airflow-project/sql/pipeline/load_staging.sql
[2026-03-28T15:26:42.131+0500] {logging_mixin.py:188} INFO - [2026-03-28T15:26:42.131+0500] {templater.py:93} ERROR - Failed to resolve template field 'sql'
Traceback (most recent call last):
  File "/home/abayturar/airflow-project/venv/lib/python3.12/site-packages/airflow/template/templater.py", line 91, in resolve_template_files
    setattr(self, field, env.loader.get_source(env, content)[0])  # type: ignore
                         ^^^^^^^^^^^^^^^^^^^^^^^^^^^^^^^^^^^
  File "/home/abayturar/airflow-project/venv/lib/python3.12/site-packages/jinja2/loaders.py", line 207, in get_source
    raise TemplateNotFound(template)
jinja2.exceptions.TemplateNotFound: /home/abayturar/airflow-project/sql/pipeline/scd2_update.sql
[2026-03-28T15:26:42.132+0500] {logging_mixin.py:188} INFO - [2026-03-28T15:26:42.132+0500] {templater.py:93} ERROR - Failed to resolve template field 'sql'
Traceback (most recent call last):
  File "/home/abayturar/airflow-project/venv/lib/python3.12/site-packages/airflow/template/templater.py", line 91, in resolve_template_files
    setattr(self, field, env.loader.get_source(env, content)[0])  # type: ignore
                         ^^^^^^^^^^^^^^^^^^^^^^^^^^^^^^^^^^^
  File "/home/abayturar/airflow-project/venv/lib/python3.12/site-packages/jinja2/loaders.py", line 207, in get_source
    raise TemplateNotFound(template)
jinja2.exceptions.TemplateNotFound: /home/abayturar/airflow-project/sql/pipeline/scd2_insert.sql
[2026-03-28T15:26:42.133+0500] {logging_mixin.py:188} INFO - [2026-03-28T15:26:42.132+0500] {templater.py:93} ERROR - Failed to resolve template field 'sql'
Traceback (most recent call last):
  File "/home/abayturar/airflow-project/venv/lib/python3.12/site-packages/airflow/template/templater.py", line 91, in resolve_template_files
    setattr(self, field, env.loader.get_source(env, content)[0])  # type: ignore
                         ^^^^^^^^^^^^^^^^^^^^^^^^^^^^^^^^^^^
  File "/home/abayturar/airflow-project/venv/lib/python3.12/site-packages/jinja2/loaders.py", line 207, in get_source
    raise TemplateNotFound(template)
jinja2.exceptions.TemplateNotFound: /home/abayturar/airflow-project/sql/pipeline/dim_product.sql
[2026-03-28T15:26:42.133+0500] {logging_mixin.py:188} INFO - [2026-03-28T15:26:42.133+0500] {templater.py:93} ERROR - Failed to resolve template field 'sql'
Traceback (most recent call last):
  File "/home/abayturar/airflow-project/venv/lib/python3.12/site-packages/airflow/template/templater.py", line 91, in resolve_template_files
    setattr(self, field, env.loader.get_source(env, content)[0])  # type: ignore
                         ^^^^^^^^^^^^^^^^^^^^^^^^^^^^^^^^^^^
  File "/home/abayturar/airflow-project/venv/lib/python3.12/site-packages/jinja2/loaders.py", line 207, in get_source
    raise TemplateNotFound(template)
jinja2.exceptions.TemplateNotFound: /home/abayturar/airflow-project/sql/pipeline/dim_ship_mode.sql
[2026-03-28T15:26:42.134+0500] {logging_mixin.py:188} INFO - [2026-03-28T15:26:42.134+0500] {templater.py:93} ERROR - Failed to resolve template field 'sql'
Traceback (most recent call last):
  File "/home/abayturar/airflow-project/venv/lib/python3.12/site-packages/airflow/template/templater.py", line 91, in resolve_template_files
    setattr(self, field, env.loader.get_source(env, content)[0])  # type: ignore
                         ^^^^^^^^^^^^^^^^^^^^^^^^^^^^^^^^^^^
  File "/home/abayturar/airflow-project/venv/lib/python3.12/site-packages/jinja2/loaders.py", line 207, in get_source
    raise TemplateNotFound(template)
jinja2.exceptions.TemplateNotFound: /home/abayturar/airflow-project/sql/pipeline/load_fact.sql
[2026-03-28T15:26:42.144+0500] {processor.py:840} INFO - DAG(s) 'sales_dwh_pipeline' retrieved from /home/abayturar/airflow-project/dags/sales_dwh_pipeline.py
[2026-03-28T15:26:42.155+0500] {logging_mixin.py:188} INFO - [2026-03-28T15:26:42.155+0500] {dag.py:3089} INFO - Sync 1 DAGs
[2026-03-28T15:26:42.166+0500] {logging_mixin.py:188} INFO - [2026-03-28T15:26:42.166+0500] {dag.py:3947} INFO - Setting next_dagrun for sales_dwh_pipeline to None, run_after=None
[2026-03-28T15:26:42.195+0500] {processor.py:183} INFO - Processing /home/abayturar/airflow-project/dags/sales_dwh_pipeline.py took 0.094 seconds
[2026-03-28T15:27:37.100+0500] {processor.py:161} INFO - Started process (PID=12875) to work on /home/abayturar/airflow-project/dags/sales_dwh_pipeline.py
[2026-03-28T15:27:37.101+0500] {processor.py:830} INFO - Processing file /home/abayturar/airflow-project/dags/sales_dwh_pipeline.py for tasks to queue
[2026-03-28T15:27:37.102+0500] {logging_mixin.py:188} INFO - [2026-03-28T15:27:37.102+0500] {dagbag.py:545} INFO - Filling up the DagBag from /home/abayturar/airflow-project/dags/sales_dwh_pipeline.py
[2026-03-28T15:27:37.113+0500] {logging_mixin.py:188} INFO - [2026-03-28T15:27:37.112+0500] {templater.py:93} ERROR - Failed to resolve template field 'sql'
Traceback (most recent call last):
  File "/home/abayturar/airflow-project/venv/lib/python3.12/site-packages/airflow/template/templater.py", line 91, in resolve_template_files
    setattr(self, field, env.loader.get_source(env, content)[0])  # type: ignore
                         ^^^^^^^^^^^^^^^^^^^^^^^^^^^^^^^^^^^
  File "/home/abayturar/airflow-project/venv/lib/python3.12/site-packages/jinja2/loaders.py", line 207, in get_source
    raise TemplateNotFound(template)
jinja2.exceptions.TemplateNotFound: /home/abayturar/airflow-project/sql/pipeline/load_staging.sql
[2026-03-28T15:27:37.114+0500] {logging_mixin.py:188} INFO - [2026-03-28T15:27:37.114+0500] {templater.py:93} ERROR - Failed to resolve template field 'sql'
Traceback (most recent call last):
  File "/home/abayturar/airflow-project/venv/lib/python3.12/site-packages/airflow/template/templater.py", line 91, in resolve_template_files
    setattr(self, field, env.loader.get_source(env, content)[0])  # type: ignore
                         ^^^^^^^^^^^^^^^^^^^^^^^^^^^^^^^^^^^
  File "/home/abayturar/airflow-project/venv/lib/python3.12/site-packages/jinja2/loaders.py", line 207, in get_source
    raise TemplateNotFound(template)
jinja2.exceptions.TemplateNotFound: /home/abayturar/airflow-project/sql/pipeline/scd2_update.sql
[2026-03-28T15:27:37.114+0500] {logging_mixin.py:188} INFO - [2026-03-28T15:27:37.114+0500] {templater.py:93} ERROR - Failed to resolve template field 'sql'
Traceback (most recent call last):
  File "/home/abayturar/airflow-project/venv/lib/python3.12/site-packages/airflow/template/templater.py", line 91, in resolve_template_files
    setattr(self, field, env.loader.get_source(env, content)[0])  # type: ignore
                         ^^^^^^^^^^^^^^^^^^^^^^^^^^^^^^^^^^^
  File "/home/abayturar/airflow-project/venv/lib/python3.12/site-packages/jinja2/loaders.py", line 207, in get_source
    raise TemplateNotFound(template)
jinja2.exceptions.TemplateNotFound: /home/abayturar/airflow-project/sql/pipeline/scd2_insert.sql
[2026-03-28T15:27:37.115+0500] {logging_mixin.py:188} INFO - [2026-03-28T15:27:37.114+0500] {templater.py:93} ERROR - Failed to resolve template field 'sql'
Traceback (most recent call last):
  File "/home/abayturar/airflow-project/venv/lib/python3.12/site-packages/airflow/template/templater.py", line 91, in resolve_template_files
    setattr(self, field, env.loader.get_source(env, content)[0])  # type: ignore
                         ^^^^^^^^^^^^^^^^^^^^^^^^^^^^^^^^^^^
  File "/home/abayturar/airflow-project/venv/lib/python3.12/site-packages/jinja2/loaders.py", line 207, in get_source
    raise TemplateNotFound(template)
jinja2.exceptions.TemplateNotFound: /home/abayturar/airflow-project/sql/pipeline/dim_product.sql
[2026-03-28T15:27:37.115+0500] {logging_mixin.py:188} INFO - [2026-03-28T15:27:37.115+0500] {templater.py:93} ERROR - Failed to resolve template field 'sql'
Traceback (most recent call last):
  File "/home/abayturar/airflow-project/venv/lib/python3.12/site-packages/airflow/template/templater.py", line 91, in resolve_template_files
    setattr(self, field, env.loader.get_source(env, content)[0])  # type: ignore
                         ^^^^^^^^^^^^^^^^^^^^^^^^^^^^^^^^^^^
  File "/home/abayturar/airflow-project/venv/lib/python3.12/site-packages/jinja2/loaders.py", line 207, in get_source
    raise TemplateNotFound(template)
jinja2.exceptions.TemplateNotFound: /home/abayturar/airflow-project/sql/pipeline/dim_ship_mode.sql
[2026-03-28T15:27:37.115+0500] {logging_mixin.py:188} INFO - [2026-03-28T15:27:37.115+0500] {templater.py:93} ERROR - Failed to resolve template field 'sql'
Traceback (most recent call last):
  File "/home/abayturar/airflow-project/venv/lib/python3.12/site-packages/airflow/template/templater.py", line 91, in resolve_template_files
    setattr(self, field, env.loader.get_source(env, content)[0])  # type: ignore
                         ^^^^^^^^^^^^^^^^^^^^^^^^^^^^^^^^^^^
  File "/home/abayturar/airflow-project/venv/lib/python3.12/site-packages/jinja2/loaders.py", line 207, in get_source
    raise TemplateNotFound(template)
jinja2.exceptions.TemplateNotFound: /home/abayturar/airflow-project/sql/pipeline/load_fact.sql
[2026-03-28T15:27:37.115+0500] {processor.py:840} INFO - DAG(s) 'sales_dwh_pipeline' retrieved from /home/abayturar/airflow-project/dags/sales_dwh_pipeline.py
[2026-03-28T15:27:37.196+0500] {logging_mixin.py:188} INFO - [2026-03-28T15:27:37.196+0500] {dag.py:3089} INFO - Sync 1 DAGs
[2026-03-28T15:27:37.202+0500] {logging_mixin.py:188} INFO - [2026-03-28T15:27:37.202+0500] {dag.py:3947} INFO - Setting next_dagrun for sales_dwh_pipeline to None, run_after=None
[2026-03-28T15:27:37.229+0500] {processor.py:183} INFO - Processing /home/abayturar/airflow-project/dags/sales_dwh_pipeline.py took 0.135 seconds
[2026-03-28T18:17:14.805+0500] {processor.py:161} INFO - Started process (PID=17846) to work on /home/abayturar/airflow-project/dags/sales_dwh_pipeline.py
[2026-03-28T18:17:14.806+0500] {processor.py:830} INFO - Processing file /home/abayturar/airflow-project/dags/sales_dwh_pipeline.py for tasks to queue
[2026-03-28T18:17:14.808+0500] {logging_mixin.py:188} INFO - [2026-03-28T18:17:14.807+0500] {dagbag.py:545} INFO - Filling up the DagBag from /home/abayturar/airflow-project/dags/sales_dwh_pipeline.py
[2026-03-28T18:17:14.818+0500] {logging_mixin.py:188} INFO - [2026-03-28T18:17:14.817+0500] {templater.py:93} ERROR - Failed to resolve template field 'sql'
Traceback (most recent call last):
  File "/home/abayturar/airflow-project/venv/lib/python3.12/site-packages/airflow/template/templater.py", line 91, in resolve_template_files
    setattr(self, field, env.loader.get_source(env, content)[0])  # type: ignore
                         ^^^^^^^^^^^^^^^^^^^^^^^^^^^^^^^^^^^
  File "/home/abayturar/airflow-project/venv/lib/python3.12/site-packages/jinja2/loaders.py", line 207, in get_source
    raise TemplateNotFound(template)
jinja2.exceptions.TemplateNotFound: /home/abayturar/airflow-project/sql/pipeline/load_staging.sql
[2026-03-28T18:17:14.819+0500] {logging_mixin.py:188} INFO - [2026-03-28T18:17:14.818+0500] {templater.py:93} ERROR - Failed to resolve template field 'sql'
Traceback (most recent call last):
  File "/home/abayturar/airflow-project/venv/lib/python3.12/site-packages/airflow/template/templater.py", line 91, in resolve_template_files
    setattr(self, field, env.loader.get_source(env, content)[0])  # type: ignore
                         ^^^^^^^^^^^^^^^^^^^^^^^^^^^^^^^^^^^
  File "/home/abayturar/airflow-project/venv/lib/python3.12/site-packages/jinja2/loaders.py", line 207, in get_source
    raise TemplateNotFound(template)
jinja2.exceptions.TemplateNotFound: /home/abayturar/airflow-project/sql/pipeline/scd2_update.sql
[2026-03-28T18:17:14.819+0500] {logging_mixin.py:188} INFO - [2026-03-28T18:17:14.819+0500] {templater.py:93} ERROR - Failed to resolve template field 'sql'
Traceback (most recent call last):
  File "/home/abayturar/airflow-project/venv/lib/python3.12/site-packages/airflow/template/templater.py", line 91, in resolve_template_files
    setattr(self, field, env.loader.get_source(env, content)[0])  # type: ignore
                         ^^^^^^^^^^^^^^^^^^^^^^^^^^^^^^^^^^^
  File "/home/abayturar/airflow-project/venv/lib/python3.12/site-packages/jinja2/loaders.py", line 207, in get_source
    raise TemplateNotFound(template)
jinja2.exceptions.TemplateNotFound: /home/abayturar/airflow-project/sql/pipeline/scd2_insert.sql
[2026-03-28T18:17:14.819+0500] {logging_mixin.py:188} INFO - [2026-03-28T18:17:14.819+0500] {templater.py:93} ERROR - Failed to resolve template field 'sql'
Traceback (most recent call last):
  File "/home/abayturar/airflow-project/venv/lib/python3.12/site-packages/airflow/template/templater.py", line 91, in resolve_template_files
    setattr(self, field, env.loader.get_source(env, content)[0])  # type: ignore
                         ^^^^^^^^^^^^^^^^^^^^^^^^^^^^^^^^^^^
  File "/home/abayturar/airflow-project/venv/lib/python3.12/site-packages/jinja2/loaders.py", line 207, in get_source
    raise TemplateNotFound(template)
jinja2.exceptions.TemplateNotFound: /home/abayturar/airflow-project/sql/pipeline/dim_product.sql
[2026-03-28T18:17:14.820+0500] {logging_mixin.py:188} INFO - [2026-03-28T18:17:14.820+0500] {templater.py:93} ERROR - Failed to resolve template field 'sql'
Traceback (most recent call last):
  File "/home/abayturar/airflow-project/venv/lib/python3.12/site-packages/airflow/template/templater.py", line 91, in resolve_template_files
    setattr(self, field, env.loader.get_source(env, content)[0])  # type: ignore
                         ^^^^^^^^^^^^^^^^^^^^^^^^^^^^^^^^^^^
  File "/home/abayturar/airflow-project/venv/lib/python3.12/site-packages/jinja2/loaders.py", line 207, in get_source
    raise TemplateNotFound(template)
jinja2.exceptions.TemplateNotFound: /home/abayturar/airflow-project/sql/pipeline/dim_ship_mode.sql
[2026-03-28T18:17:14.820+0500] {logging_mixin.py:188} INFO - [2026-03-28T18:17:14.820+0500] {templater.py:93} ERROR - Failed to resolve template field 'sql'
Traceback (most recent call last):
  File "/home/abayturar/airflow-project/venv/lib/python3.12/site-packages/airflow/template/templater.py", line 91, in resolve_template_files
    setattr(self, field, env.loader.get_source(env, content)[0])  # type: ignore
                         ^^^^^^^^^^^^^^^^^^^^^^^^^^^^^^^^^^^
  File "/home/abayturar/airflow-project/venv/lib/python3.12/site-packages/jinja2/loaders.py", line 207, in get_source
    raise TemplateNotFound(template)
jinja2.exceptions.TemplateNotFound: /home/abayturar/airflow-project/sql/pipeline/load_fact.sql
[2026-03-28T18:17:14.826+0500] {processor.py:840} INFO - DAG(s) 'sales_dwh_pipeline' retrieved from /home/abayturar/airflow-project/dags/sales_dwh_pipeline.py
[2026-03-28T18:17:14.927+0500] {logging_mixin.py:188} INFO - [2026-03-28T18:17:14.926+0500] {override.py:1858} INFO - Created Permission View: can edit on DAG:sales_dwh_pipeline
[2026-03-28T18:17:14.934+0500] {logging_mixin.py:188} INFO - [2026-03-28T18:17:14.934+0500] {override.py:1858} INFO - Created Permission View: can delete on DAG:sales_dwh_pipeline
[2026-03-28T18:17:14.939+0500] {logging_mixin.py:188} INFO - [2026-03-28T18:17:14.939+0500] {override.py:1858} INFO - Created Permission View: can read on DAG:sales_dwh_pipeline
[2026-03-28T18:17:14.940+0500] {logging_mixin.py:188} INFO - [2026-03-28T18:17:14.939+0500] {dag.py:3089} INFO - Sync 1 DAGs
[2026-03-28T18:17:14.946+0500] {logging_mixin.py:188} INFO - [2026-03-28T18:17:14.946+0500] {dag.py:3111} INFO - Creating ORM DAG for sales_dwh_pipeline
[2026-03-28T18:17:14.946+0500] {logging_mixin.py:188} INFO - [2026-03-28T18:17:14.946+0500] {dag.py:3947} INFO - Setting next_dagrun for sales_dwh_pipeline to None, run_after=None
[2026-03-28T18:17:14.959+0500] {processor.py:183} INFO - Processing /home/abayturar/airflow-project/dags/sales_dwh_pipeline.py took 0.160 seconds
[2026-03-28T18:18:13.273+0500] {processor.py:161} INFO - Started process (PID=18004) to work on /home/abayturar/airflow-project/dags/sales_dwh_pipeline.py
[2026-03-28T18:18:13.274+0500] {processor.py:830} INFO - Processing file /home/abayturar/airflow-project/dags/sales_dwh_pipeline.py for tasks to queue
[2026-03-28T18:18:13.275+0500] {logging_mixin.py:188} INFO - [2026-03-28T18:18:13.275+0500] {dagbag.py:545} INFO - Filling up the DagBag from /home/abayturar/airflow-project/dags/sales_dwh_pipeline.py
[2026-03-28T18:18:13.290+0500] {logging_mixin.py:188} INFO - [2026-03-28T18:18:13.289+0500] {templater.py:93} ERROR - Failed to resolve template field 'sql'
Traceback (most recent call last):
  File "/home/abayturar/airflow-project/venv/lib/python3.12/site-packages/airflow/template/templater.py", line 91, in resolve_template_files
    setattr(self, field, env.loader.get_source(env, content)[0])  # type: ignore
                         ^^^^^^^^^^^^^^^^^^^^^^^^^^^^^^^^^^^
  File "/home/abayturar/airflow-project/venv/lib/python3.12/site-packages/jinja2/loaders.py", line 207, in get_source
    raise TemplateNotFound(template)
jinja2.exceptions.TemplateNotFound: /home/abayturar/airflow-project/sql/pipeline/load_staging.sql
[2026-03-28T18:18:13.290+0500] {logging_mixin.py:188} INFO - [2026-03-28T18:18:13.290+0500] {templater.py:93} ERROR - Failed to resolve template field 'sql'
Traceback (most recent call last):
  File "/home/abayturar/airflow-project/venv/lib/python3.12/site-packages/airflow/template/templater.py", line 91, in resolve_template_files
    setattr(self, field, env.loader.get_source(env, content)[0])  # type: ignore
                         ^^^^^^^^^^^^^^^^^^^^^^^^^^^^^^^^^^^
  File "/home/abayturar/airflow-project/venv/lib/python3.12/site-packages/jinja2/loaders.py", line 207, in get_source
    raise TemplateNotFound(template)
jinja2.exceptions.TemplateNotFound: /home/abayturar/airflow-project/sql/pipeline/scd2_update.sql
[2026-03-28T18:18:13.291+0500] {logging_mixin.py:188} INFO - [2026-03-28T18:18:13.291+0500] {templater.py:93} ERROR - Failed to resolve template field 'sql'
Traceback (most recent call last):
  File "/home/abayturar/airflow-project/venv/lib/python3.12/site-packages/airflow/template/templater.py", line 91, in resolve_template_files
    setattr(self, field, env.loader.get_source(env, content)[0])  # type: ignore
                         ^^^^^^^^^^^^^^^^^^^^^^^^^^^^^^^^^^^
  File "/home/abayturar/airflow-project/venv/lib/python3.12/site-packages/jinja2/loaders.py", line 207, in get_source
    raise TemplateNotFound(template)
jinja2.exceptions.TemplateNotFound: /home/abayturar/airflow-project/sql/pipeline/scd2_insert.sql
[2026-03-28T18:18:13.291+0500] {logging_mixin.py:188} INFO - [2026-03-28T18:18:13.291+0500] {templater.py:93} ERROR - Failed to resolve template field 'sql'
Traceback (most recent call last):
  File "/home/abayturar/airflow-project/venv/lib/python3.12/site-packages/airflow/template/templater.py", line 91, in resolve_template_files
    setattr(self, field, env.loader.get_source(env, content)[0])  # type: ignore
                         ^^^^^^^^^^^^^^^^^^^^^^^^^^^^^^^^^^^
  File "/home/abayturar/airflow-project/venv/lib/python3.12/site-packages/jinja2/loaders.py", line 207, in get_source
    raise TemplateNotFound(template)
jinja2.exceptions.TemplateNotFound: /home/abayturar/airflow-project/sql/pipeline/dim_product.sql
[2026-03-28T18:18:13.292+0500] {logging_mixin.py:188} INFO - [2026-03-28T18:18:13.291+0500] {templater.py:93} ERROR - Failed to resolve template field 'sql'
Traceback (most recent call last):
  File "/home/abayturar/airflow-project/venv/lib/python3.12/site-packages/airflow/template/templater.py", line 91, in resolve_template_files
    setattr(self, field, env.loader.get_source(env, content)[0])  # type: ignore
                         ^^^^^^^^^^^^^^^^^^^^^^^^^^^^^^^^^^^
  File "/home/abayturar/airflow-project/venv/lib/python3.12/site-packages/jinja2/loaders.py", line 207, in get_source
    raise TemplateNotFound(template)
jinja2.exceptions.TemplateNotFound: /home/abayturar/airflow-project/sql/pipeline/dim_ship_mode.sql
[2026-03-28T18:18:13.292+0500] {logging_mixin.py:188} INFO - [2026-03-28T18:18:13.292+0500] {templater.py:93} ERROR - Failed to resolve template field 'sql'
Traceback (most recent call last):
  File "/home/abayturar/airflow-project/venv/lib/python3.12/site-packages/airflow/template/templater.py", line 91, in resolve_template_files
    setattr(self, field, env.loader.get_source(env, content)[0])  # type: ignore
                         ^^^^^^^^^^^^^^^^^^^^^^^^^^^^^^^^^^^
  File "/home/abayturar/airflow-project/venv/lib/python3.12/site-packages/jinja2/loaders.py", line 207, in get_source
    raise TemplateNotFound(template)
jinja2.exceptions.TemplateNotFound: /home/abayturar/airflow-project/sql/pipeline/load_fact.sql
[2026-03-28T18:18:13.292+0500] {processor.py:840} INFO - DAG(s) 'sales_dwh_pipeline' retrieved from /home/abayturar/airflow-project/dags/sales_dwh_pipeline.py
[2026-03-28T18:18:13.313+0500] {logging_mixin.py:188} INFO - [2026-03-28T18:18:13.313+0500] {dag.py:3089} INFO - Sync 1 DAGs
[2026-03-28T18:18:13.324+0500] {logging_mixin.py:188} INFO - [2026-03-28T18:18:13.324+0500] {dag.py:3947} INFO - Setting next_dagrun for sales_dwh_pipeline to None, run_after=None
[2026-03-28T18:18:13.345+0500] {processor.py:183} INFO - Processing /home/abayturar/airflow-project/dags/sales_dwh_pipeline.py took 0.080 seconds
[2026-03-28T18:19:07.359+0500] {processor.py:161} INFO - Started process (PID=18168) to work on /home/abayturar/airflow-project/dags/sales_dwh_pipeline.py
[2026-03-28T18:19:07.360+0500] {processor.py:830} INFO - Processing file /home/abayturar/airflow-project/dags/sales_dwh_pipeline.py for tasks to queue
[2026-03-28T18:19:07.362+0500] {logging_mixin.py:188} INFO - [2026-03-28T18:19:07.361+0500] {dagbag.py:545} INFO - Filling up the DagBag from /home/abayturar/airflow-project/dags/sales_dwh_pipeline.py
[2026-03-28T18:19:07.374+0500] {logging_mixin.py:188} INFO - [2026-03-28T18:19:07.373+0500] {templater.py:93} ERROR - Failed to resolve template field 'sql'
Traceback (most recent call last):
  File "/home/abayturar/airflow-project/venv/lib/python3.12/site-packages/airflow/template/templater.py", line 91, in resolve_template_files
    setattr(self, field, env.loader.get_source(env, content)[0])  # type: ignore
                         ^^^^^^^^^^^^^^^^^^^^^^^^^^^^^^^^^^^
  File "/home/abayturar/airflow-project/venv/lib/python3.12/site-packages/jinja2/loaders.py", line 207, in get_source
    raise TemplateNotFound(template)
jinja2.exceptions.TemplateNotFound: /home/abayturar/airflow-project/sql/pipeline/load_staging.sql
[2026-03-28T18:19:07.374+0500] {logging_mixin.py:188} INFO - [2026-03-28T18:19:07.374+0500] {templater.py:93} ERROR - Failed to resolve template field 'sql'
Traceback (most recent call last):
  File "/home/abayturar/airflow-project/venv/lib/python3.12/site-packages/airflow/template/templater.py", line 91, in resolve_template_files
    setattr(self, field, env.loader.get_source(env, content)[0])  # type: ignore
                         ^^^^^^^^^^^^^^^^^^^^^^^^^^^^^^^^^^^
  File "/home/abayturar/airflow-project/venv/lib/python3.12/site-packages/jinja2/loaders.py", line 207, in get_source
    raise TemplateNotFound(template)
jinja2.exceptions.TemplateNotFound: /home/abayturar/airflow-project/sql/pipeline/scd2_update.sql
[2026-03-28T18:19:07.375+0500] {logging_mixin.py:188} INFO - [2026-03-28T18:19:07.374+0500] {templater.py:93} ERROR - Failed to resolve template field 'sql'
Traceback (most recent call last):
  File "/home/abayturar/airflow-project/venv/lib/python3.12/site-packages/airflow/template/templater.py", line 91, in resolve_template_files
    setattr(self, field, env.loader.get_source(env, content)[0])  # type: ignore
                         ^^^^^^^^^^^^^^^^^^^^^^^^^^^^^^^^^^^
  File "/home/abayturar/airflow-project/venv/lib/python3.12/site-packages/jinja2/loaders.py", line 207, in get_source
    raise TemplateNotFound(template)
jinja2.exceptions.TemplateNotFound: /home/abayturar/airflow-project/sql/pipeline/scd2_insert.sql
[2026-03-28T18:19:07.375+0500] {logging_mixin.py:188} INFO - [2026-03-28T18:19:07.375+0500] {templater.py:93} ERROR - Failed to resolve template field 'sql'
Traceback (most recent call last):
  File "/home/abayturar/airflow-project/venv/lib/python3.12/site-packages/airflow/template/templater.py", line 91, in resolve_template_files
    setattr(self, field, env.loader.get_source(env, content)[0])  # type: ignore
                         ^^^^^^^^^^^^^^^^^^^^^^^^^^^^^^^^^^^
  File "/home/abayturar/airflow-project/venv/lib/python3.12/site-packages/jinja2/loaders.py", line 207, in get_source
    raise TemplateNotFound(template)
jinja2.exceptions.TemplateNotFound: /home/abayturar/airflow-project/sql/pipeline/dim_product.sql
[2026-03-28T18:19:07.375+0500] {logging_mixin.py:188} INFO - [2026-03-28T18:19:07.375+0500] {templater.py:93} ERROR - Failed to resolve template field 'sql'
Traceback (most recent call last):
  File "/home/abayturar/airflow-project/venv/lib/python3.12/site-packages/airflow/template/templater.py", line 91, in resolve_template_files
    setattr(self, field, env.loader.get_source(env, content)[0])  # type: ignore
                         ^^^^^^^^^^^^^^^^^^^^^^^^^^^^^^^^^^^
  File "/home/abayturar/airflow-project/venv/lib/python3.12/site-packages/jinja2/loaders.py", line 207, in get_source
    raise TemplateNotFound(template)
jinja2.exceptions.TemplateNotFound: /home/abayturar/airflow-project/sql/pipeline/dim_ship_mode.sql
[2026-03-28T18:19:07.376+0500] {logging_mixin.py:188} INFO - [2026-03-28T18:19:07.376+0500] {templater.py:93} ERROR - Failed to resolve template field 'sql'
Traceback (most recent call last):
  File "/home/abayturar/airflow-project/venv/lib/python3.12/site-packages/airflow/template/templater.py", line 91, in resolve_template_files
    setattr(self, field, env.loader.get_source(env, content)[0])  # type: ignore
                         ^^^^^^^^^^^^^^^^^^^^^^^^^^^^^^^^^^^
  File "/home/abayturar/airflow-project/venv/lib/python3.12/site-packages/jinja2/loaders.py", line 207, in get_source
    raise TemplateNotFound(template)
jinja2.exceptions.TemplateNotFound: /home/abayturar/airflow-project/sql/pipeline/load_fact.sql
[2026-03-28T18:19:07.376+0500] {processor.py:840} INFO - DAG(s) 'sales_dwh_pipeline' retrieved from /home/abayturar/airflow-project/dags/sales_dwh_pipeline.py
[2026-03-28T18:19:07.391+0500] {logging_mixin.py:188} INFO - [2026-03-28T18:19:07.391+0500] {dag.py:3089} INFO - Sync 1 DAGs
[2026-03-28T18:19:07.399+0500] {logging_mixin.py:188} INFO - [2026-03-28T18:19:07.399+0500] {dag.py:3947} INFO - Setting next_dagrun for sales_dwh_pipeline to None, run_after=None
[2026-03-28T18:19:07.426+0500] {processor.py:183} INFO - Processing /home/abayturar/airflow-project/dags/sales_dwh_pipeline.py took 0.073 seconds
[2026-03-28T18:19:30.243+0500] {processor.py:161} INFO - Started process (PID=18232) to work on /home/abayturar/airflow-project/dags/sales_dwh_pipeline.py
[2026-03-28T18:19:30.244+0500] {processor.py:830} INFO - Processing file /home/abayturar/airflow-project/dags/sales_dwh_pipeline.py for tasks to queue
[2026-03-28T18:19:30.246+0500] {logging_mixin.py:188} INFO - [2026-03-28T18:19:30.246+0500] {dagbag.py:545} INFO - Filling up the DagBag from /home/abayturar/airflow-project/dags/sales_dwh_pipeline.py
[2026-03-28T18:19:30.257+0500] {logging_mixin.py:188} INFO - [2026-03-28T18:19:30.256+0500] {templater.py:93} ERROR - Failed to resolve template field 'sql'
Traceback (most recent call last):
  File "/home/abayturar/airflow-project/venv/lib/python3.12/site-packages/airflow/template/templater.py", line 91, in resolve_template_files
    setattr(self, field, env.loader.get_source(env, content)[0])  # type: ignore
                         ^^^^^^^^^^^^^^^^^^^^^^^^^^^^^^^^^^^
  File "/home/abayturar/airflow-project/venv/lib/python3.12/site-packages/jinja2/loaders.py", line 207, in get_source
    raise TemplateNotFound(template)
jinja2.exceptions.TemplateNotFound: /home/abayturar/airflow-project/sql/pipeline/load_staging.sql
[2026-03-28T18:19:30.258+0500] {logging_mixin.py:188} INFO - [2026-03-28T18:19:30.257+0500] {templater.py:93} ERROR - Failed to resolve template field 'sql'
Traceback (most recent call last):
  File "/home/abayturar/airflow-project/venv/lib/python3.12/site-packages/airflow/template/templater.py", line 91, in resolve_template_files
    setattr(self, field, env.loader.get_source(env, content)[0])  # type: ignore
                         ^^^^^^^^^^^^^^^^^^^^^^^^^^^^^^^^^^^
  File "/home/abayturar/airflow-project/venv/lib/python3.12/site-packages/jinja2/loaders.py", line 207, in get_source
    raise TemplateNotFound(template)
jinja2.exceptions.TemplateNotFound: /home/abayturar/airflow-project/sql/pipeline/scd2_update.sql
[2026-03-28T18:19:30.258+0500] {logging_mixin.py:188} INFO - [2026-03-28T18:19:30.258+0500] {templater.py:93} ERROR - Failed to resolve template field 'sql'
Traceback (most recent call last):
  File "/home/abayturar/airflow-project/venv/lib/python3.12/site-packages/airflow/template/templater.py", line 91, in resolve_template_files
    setattr(self, field, env.loader.get_source(env, content)[0])  # type: ignore
                         ^^^^^^^^^^^^^^^^^^^^^^^^^^^^^^^^^^^
  File "/home/abayturar/airflow-project/venv/lib/python3.12/site-packages/jinja2/loaders.py", line 207, in get_source
    raise TemplateNotFound(template)
jinja2.exceptions.TemplateNotFound: /home/abayturar/airflow-project/sql/pipeline/scd2_insert.sql
[2026-03-28T18:19:30.258+0500] {logging_mixin.py:188} INFO - [2026-03-28T18:19:30.258+0500] {templater.py:93} ERROR - Failed to resolve template field 'sql'
Traceback (most recent call last):
  File "/home/abayturar/airflow-project/venv/lib/python3.12/site-packages/airflow/template/templater.py", line 91, in resolve_template_files
    setattr(self, field, env.loader.get_source(env, content)[0])  # type: ignore
                         ^^^^^^^^^^^^^^^^^^^^^^^^^^^^^^^^^^^
  File "/home/abayturar/airflow-project/venv/lib/python3.12/site-packages/jinja2/loaders.py", line 207, in get_source
    raise TemplateNotFound(template)
jinja2.exceptions.TemplateNotFound: /home/abayturar/airflow-project/sql/pipeline/dim_product.sql
[2026-03-28T18:19:30.259+0500] {logging_mixin.py:188} INFO - [2026-03-28T18:19:30.258+0500] {templater.py:93} ERROR - Failed to resolve template field 'sql'
Traceback (most recent call last):
  File "/home/abayturar/airflow-project/venv/lib/python3.12/site-packages/airflow/template/templater.py", line 91, in resolve_template_files
    setattr(self, field, env.loader.get_source(env, content)[0])  # type: ignore
                         ^^^^^^^^^^^^^^^^^^^^^^^^^^^^^^^^^^^
  File "/home/abayturar/airflow-project/venv/lib/python3.12/site-packages/jinja2/loaders.py", line 207, in get_source
    raise TemplateNotFound(template)
jinja2.exceptions.TemplateNotFound: /home/abayturar/airflow-project/sql/pipeline/dim_ship_mode.sql
[2026-03-28T18:19:30.259+0500] {logging_mixin.py:188} INFO - [2026-03-28T18:19:30.259+0500] {templater.py:93} ERROR - Failed to resolve template field 'sql'
Traceback (most recent call last):
  File "/home/abayturar/airflow-project/venv/lib/python3.12/site-packages/airflow/template/templater.py", line 91, in resolve_template_files
    setattr(self, field, env.loader.get_source(env, content)[0])  # type: ignore
                         ^^^^^^^^^^^^^^^^^^^^^^^^^^^^^^^^^^^
  File "/home/abayturar/airflow-project/venv/lib/python3.12/site-packages/jinja2/loaders.py", line 207, in get_source
    raise TemplateNotFound(template)
jinja2.exceptions.TemplateNotFound: /home/abayturar/airflow-project/sql/pipeline/load_fact.sql
[2026-03-28T18:19:30.265+0500] {processor.py:840} INFO - DAG(s) 'sales_dwh_pipeline' retrieved from /home/abayturar/airflow-project/dags/sales_dwh_pipeline.py
[2026-03-28T18:19:30.287+0500] {logging_mixin.py:188} INFO - [2026-03-28T18:19:30.287+0500] {dag.py:3089} INFO - Sync 1 DAGs
[2026-03-28T18:19:30.295+0500] {logging_mixin.py:188} INFO - [2026-03-28T18:19:30.295+0500] {dag.py:3947} INFO - Setting next_dagrun for sales_dwh_pipeline to None, run_after=None
[2026-03-28T18:19:30.322+0500] {processor.py:183} INFO - Processing /home/abayturar/airflow-project/dags/sales_dwh_pipeline.py took 0.085 seconds
[2026-03-28T18:21:55.904+0500] {processor.py:161} INFO - Started process (PID=18489) to work on /home/abayturar/airflow-project/dags/sales_dwh_pipeline.py
[2026-03-28T18:21:55.905+0500] {processor.py:830} INFO - Processing file /home/abayturar/airflow-project/dags/sales_dwh_pipeline.py for tasks to queue
[2026-03-28T18:21:55.907+0500] {logging_mixin.py:188} INFO - [2026-03-28T18:21:55.907+0500] {dagbag.py:545} INFO - Filling up the DagBag from /home/abayturar/airflow-project/dags/sales_dwh_pipeline.py
[2026-03-28T18:21:55.918+0500] {logging_mixin.py:188} INFO - [2026-03-28T18:21:55.917+0500] {templater.py:93} ERROR - Failed to resolve template field 'sql'
Traceback (most recent call last):
  File "/home/abayturar/airflow-project/venv/lib/python3.12/site-packages/airflow/template/templater.py", line 91, in resolve_template_files
    setattr(self, field, env.loader.get_source(env, content)[0])  # type: ignore
                         ^^^^^^^^^^^^^^^^^^^^^^^^^^^^^^^^^^^
  File "/home/abayturar/airflow-project/venv/lib/python3.12/site-packages/jinja2/loaders.py", line 207, in get_source
    raise TemplateNotFound(template)
jinja2.exceptions.TemplateNotFound: /home/abayturar/airflow-project/sql/pipeline/load_staging.sql
[2026-03-28T18:21:55.918+0500] {logging_mixin.py:188} INFO - [2026-03-28T18:21:55.918+0500] {templater.py:93} ERROR - Failed to resolve template field 'sql'
Traceback (most recent call last):
  File "/home/abayturar/airflow-project/venv/lib/python3.12/site-packages/airflow/template/templater.py", line 91, in resolve_template_files
    setattr(self, field, env.loader.get_source(env, content)[0])  # type: ignore
                         ^^^^^^^^^^^^^^^^^^^^^^^^^^^^^^^^^^^
  File "/home/abayturar/airflow-project/venv/lib/python3.12/site-packages/jinja2/loaders.py", line 207, in get_source
    raise TemplateNotFound(template)
jinja2.exceptions.TemplateNotFound: /home/abayturar/airflow-project/sql/pipeline/scd2_update.sql
[2026-03-28T18:21:55.919+0500] {logging_mixin.py:188} INFO - [2026-03-28T18:21:55.919+0500] {templater.py:93} ERROR - Failed to resolve template field 'sql'
Traceback (most recent call last):
  File "/home/abayturar/airflow-project/venv/lib/python3.12/site-packages/airflow/template/templater.py", line 91, in resolve_template_files
    setattr(self, field, env.loader.get_source(env, content)[0])  # type: ignore
                         ^^^^^^^^^^^^^^^^^^^^^^^^^^^^^^^^^^^
  File "/home/abayturar/airflow-project/venv/lib/python3.12/site-packages/jinja2/loaders.py", line 207, in get_source
    raise TemplateNotFound(template)
jinja2.exceptions.TemplateNotFound: /home/abayturar/airflow-project/sql/pipeline/scd2_insert.sql
[2026-03-28T18:21:55.919+0500] {logging_mixin.py:188} INFO - [2026-03-28T18:21:55.919+0500] {templater.py:93} ERROR - Failed to resolve template field 'sql'
Traceback (most recent call last):
  File "/home/abayturar/airflow-project/venv/lib/python3.12/site-packages/airflow/template/templater.py", line 91, in resolve_template_files
    setattr(self, field, env.loader.get_source(env, content)[0])  # type: ignore
                         ^^^^^^^^^^^^^^^^^^^^^^^^^^^^^^^^^^^
  File "/home/abayturar/airflow-project/venv/lib/python3.12/site-packages/jinja2/loaders.py", line 207, in get_source
    raise TemplateNotFound(template)
jinja2.exceptions.TemplateNotFound: /home/abayturar/airflow-project/sql/pipeline/dim_product.sql
[2026-03-28T18:21:55.920+0500] {logging_mixin.py:188} INFO - [2026-03-28T18:21:55.920+0500] {templater.py:93} ERROR - Failed to resolve template field 'sql'
Traceback (most recent call last):
  File "/home/abayturar/airflow-project/venv/lib/python3.12/site-packages/airflow/template/templater.py", line 91, in resolve_template_files
    setattr(self, field, env.loader.get_source(env, content)[0])  # type: ignore
                         ^^^^^^^^^^^^^^^^^^^^^^^^^^^^^^^^^^^
  File "/home/abayturar/airflow-project/venv/lib/python3.12/site-packages/jinja2/loaders.py", line 207, in get_source
    raise TemplateNotFound(template)
jinja2.exceptions.TemplateNotFound: /home/abayturar/airflow-project/sql/pipeline/dim_ship_mode.sql
[2026-03-28T18:21:55.920+0500] {logging_mixin.py:188} INFO - [2026-03-28T18:21:55.920+0500] {templater.py:93} ERROR - Failed to resolve template field 'sql'
Traceback (most recent call last):
  File "/home/abayturar/airflow-project/venv/lib/python3.12/site-packages/airflow/template/templater.py", line 91, in resolve_template_files
    setattr(self, field, env.loader.get_source(env, content)[0])  # type: ignore
                         ^^^^^^^^^^^^^^^^^^^^^^^^^^^^^^^^^^^
  File "/home/abayturar/airflow-project/venv/lib/python3.12/site-packages/jinja2/loaders.py", line 207, in get_source
    raise TemplateNotFound(template)
jinja2.exceptions.TemplateNotFound: /home/abayturar/airflow-project/sql/pipeline/load_fact.sql
[2026-03-28T18:21:55.926+0500] {processor.py:840} INFO - DAG(s) 'sales_dwh_pipeline' retrieved from /home/abayturar/airflow-project/dags/sales_dwh_pipeline.py
[2026-03-28T18:21:55.948+0500] {logging_mixin.py:188} INFO - [2026-03-28T18:21:55.947+0500] {dag.py:3089} INFO - Sync 1 DAGs
[2026-03-28T18:21:55.956+0500] {logging_mixin.py:188} INFO - [2026-03-28T18:21:55.956+0500] {dag.py:3947} INFO - Setting next_dagrun for sales_dwh_pipeline to None, run_after=None
[2026-03-28T18:21:55.983+0500] {processor.py:183} INFO - Processing /home/abayturar/airflow-project/dags/sales_dwh_pipeline.py took 0.084 seconds
[2026-03-28T18:22:56.259+0500] {processor.py:161} INFO - Started process (PID=18685) to work on /home/abayturar/airflow-project/dags/sales_dwh_pipeline.py
[2026-03-28T18:22:56.260+0500] {processor.py:830} INFO - Processing file /home/abayturar/airflow-project/dags/sales_dwh_pipeline.py for tasks to queue
[2026-03-28T18:22:56.262+0500] {logging_mixin.py:188} INFO - [2026-03-28T18:22:56.261+0500] {dagbag.py:545} INFO - Filling up the DagBag from /home/abayturar/airflow-project/dags/sales_dwh_pipeline.py
[2026-03-28T18:22:56.275+0500] {logging_mixin.py:188} INFO - [2026-03-28T18:22:56.273+0500] {templater.py:93} ERROR - Failed to resolve template field 'sql'
Traceback (most recent call last):
  File "/home/abayturar/airflow-project/venv/lib/python3.12/site-packages/airflow/template/templater.py", line 91, in resolve_template_files
    setattr(self, field, env.loader.get_source(env, content)[0])  # type: ignore
                         ^^^^^^^^^^^^^^^^^^^^^^^^^^^^^^^^^^^
  File "/home/abayturar/airflow-project/venv/lib/python3.12/site-packages/jinja2/loaders.py", line 207, in get_source
    raise TemplateNotFound(template)
jinja2.exceptions.TemplateNotFound: /home/abayturar/airflow-project/sql/pipeline/load_staging.sql
[2026-03-28T18:22:56.276+0500] {logging_mixin.py:188} INFO - [2026-03-28T18:22:56.275+0500] {templater.py:93} ERROR - Failed to resolve template field 'sql'
Traceback (most recent call last):
  File "/home/abayturar/airflow-project/venv/lib/python3.12/site-packages/airflow/template/templater.py", line 91, in resolve_template_files
    setattr(self, field, env.loader.get_source(env, content)[0])  # type: ignore
                         ^^^^^^^^^^^^^^^^^^^^^^^^^^^^^^^^^^^
  File "/home/abayturar/airflow-project/venv/lib/python3.12/site-packages/jinja2/loaders.py", line 207, in get_source
    raise TemplateNotFound(template)
jinja2.exceptions.TemplateNotFound: /home/abayturar/airflow-project/sql/pipeline/scd2_update.sql
[2026-03-28T18:22:56.276+0500] {logging_mixin.py:188} INFO - [2026-03-28T18:22:56.276+0500] {templater.py:93} ERROR - Failed to resolve template field 'sql'
Traceback (most recent call last):
  File "/home/abayturar/airflow-project/venv/lib/python3.12/site-packages/airflow/template/templater.py", line 91, in resolve_template_files
    setattr(self, field, env.loader.get_source(env, content)[0])  # type: ignore
                         ^^^^^^^^^^^^^^^^^^^^^^^^^^^^^^^^^^^
  File "/home/abayturar/airflow-project/venv/lib/python3.12/site-packages/jinja2/loaders.py", line 207, in get_source
    raise TemplateNotFound(template)
jinja2.exceptions.TemplateNotFound: /home/abayturar/airflow-project/sql/pipeline/scd2_insert.sql
[2026-03-28T18:22:56.277+0500] {logging_mixin.py:188} INFO - [2026-03-28T18:22:56.276+0500] {templater.py:93} ERROR - Failed to resolve template field 'sql'
Traceback (most recent call last):
  File "/home/abayturar/airflow-project/venv/lib/python3.12/site-packages/airflow/template/templater.py", line 91, in resolve_template_files
    setattr(self, field, env.loader.get_source(env, content)[0])  # type: ignore
                         ^^^^^^^^^^^^^^^^^^^^^^^^^^^^^^^^^^^
  File "/home/abayturar/airflow-project/venv/lib/python3.12/site-packages/jinja2/loaders.py", line 207, in get_source
    raise TemplateNotFound(template)
jinja2.exceptions.TemplateNotFound: /home/abayturar/airflow-project/sql/pipeline/dim_product.sql
[2026-03-28T18:22:56.277+0500] {logging_mixin.py:188} INFO - [2026-03-28T18:22:56.277+0500] {templater.py:93} ERROR - Failed to resolve template field 'sql'
Traceback (most recent call last):
  File "/home/abayturar/airflow-project/venv/lib/python3.12/site-packages/airflow/template/templater.py", line 91, in resolve_template_files
    setattr(self, field, env.loader.get_source(env, content)[0])  # type: ignore
                         ^^^^^^^^^^^^^^^^^^^^^^^^^^^^^^^^^^^
  File "/home/abayturar/airflow-project/venv/lib/python3.12/site-packages/jinja2/loaders.py", line 207, in get_source
    raise TemplateNotFound(template)
jinja2.exceptions.TemplateNotFound: /home/abayturar/airflow-project/sql/pipeline/dim_ship_mode.sql
[2026-03-28T18:22:56.277+0500] {logging_mixin.py:188} INFO - [2026-03-28T18:22:56.277+0500] {templater.py:93} ERROR - Failed to resolve template field 'sql'
Traceback (most recent call last):
  File "/home/abayturar/airflow-project/venv/lib/python3.12/site-packages/airflow/template/templater.py", line 91, in resolve_template_files
    setattr(self, field, env.loader.get_source(env, content)[0])  # type: ignore
                         ^^^^^^^^^^^^^^^^^^^^^^^^^^^^^^^^^^^
  File "/home/abayturar/airflow-project/venv/lib/python3.12/site-packages/jinja2/loaders.py", line 207, in get_source
    raise TemplateNotFound(template)
jinja2.exceptions.TemplateNotFound: /home/abayturar/airflow-project/sql/pipeline/load_fact.sql
[2026-03-28T18:22:56.278+0500] {processor.py:840} INFO - DAG(s) 'sales_dwh_pipeline' retrieved from /home/abayturar/airflow-project/dags/sales_dwh_pipeline.py
[2026-03-28T18:22:56.295+0500] {logging_mixin.py:188} INFO - [2026-03-28T18:22:56.295+0500] {dag.py:3089} INFO - Sync 1 DAGs
[2026-03-28T18:22:56.305+0500] {logging_mixin.py:188} INFO - [2026-03-28T18:22:56.305+0500] {dag.py:3947} INFO - Setting next_dagrun for sales_dwh_pipeline to None, run_after=None
[2026-03-28T18:22:56.337+0500] {processor.py:183} INFO - Processing /home/abayturar/airflow-project/dags/sales_dwh_pipeline.py took 0.085 seconds
[2026-03-28T18:23:42.821+0500] {processor.py:161} INFO - Started process (PID=18810) to work on /home/abayturar/airflow-project/dags/sales_dwh_pipeline.py
[2026-03-28T18:23:42.822+0500] {processor.py:830} INFO - Processing file /home/abayturar/airflow-project/dags/sales_dwh_pipeline.py for tasks to queue
[2026-03-28T18:23:42.824+0500] {logging_mixin.py:188} INFO - [2026-03-28T18:23:42.823+0500] {dagbag.py:545} INFO - Filling up the DagBag from /home/abayturar/airflow-project/dags/sales_dwh_pipeline.py
[2026-03-28T18:23:42.836+0500] {logging_mixin.py:188} INFO - [2026-03-28T18:23:42.835+0500] {templater.py:93} ERROR - Failed to resolve template field 'sql'
Traceback (most recent call last):
  File "/home/abayturar/airflow-project/venv/lib/python3.12/site-packages/airflow/template/templater.py", line 91, in resolve_template_files
    setattr(self, field, env.loader.get_source(env, content)[0])  # type: ignore
                         ^^^^^^^^^^^^^^^^^^^^^^^^^^^^^^^^^^^
  File "/home/abayturar/airflow-project/venv/lib/python3.12/site-packages/jinja2/loaders.py", line 207, in get_source
    raise TemplateNotFound(template)
jinja2.exceptions.TemplateNotFound: /home/abayturar/airflow-project/sql/pipeline/load_staging.sql
[2026-03-28T18:23:42.836+0500] {logging_mixin.py:188} INFO - [2026-03-28T18:23:42.836+0500] {templater.py:93} ERROR - Failed to resolve template field 'sql'
Traceback (most recent call last):
  File "/home/abayturar/airflow-project/venv/lib/python3.12/site-packages/airflow/template/templater.py", line 91, in resolve_template_files
    setattr(self, field, env.loader.get_source(env, content)[0])  # type: ignore
                         ^^^^^^^^^^^^^^^^^^^^^^^^^^^^^^^^^^^
  File "/home/abayturar/airflow-project/venv/lib/python3.12/site-packages/jinja2/loaders.py", line 207, in get_source
    raise TemplateNotFound(template)
jinja2.exceptions.TemplateNotFound: /home/abayturar/airflow-project/sql/pipeline/scd2_update.sql
[2026-03-28T18:23:42.837+0500] {logging_mixin.py:188} INFO - [2026-03-28T18:23:42.836+0500] {templater.py:93} ERROR - Failed to resolve template field 'sql'
Traceback (most recent call last):
  File "/home/abayturar/airflow-project/venv/lib/python3.12/site-packages/airflow/template/templater.py", line 91, in resolve_template_files
    setattr(self, field, env.loader.get_source(env, content)[0])  # type: ignore
                         ^^^^^^^^^^^^^^^^^^^^^^^^^^^^^^^^^^^
  File "/home/abayturar/airflow-project/venv/lib/python3.12/site-packages/jinja2/loaders.py", line 207, in get_source
    raise TemplateNotFound(template)
jinja2.exceptions.TemplateNotFound: /home/abayturar/airflow-project/sql/pipeline/scd2_insert.sql
[2026-03-28T18:23:42.837+0500] {logging_mixin.py:188} INFO - [2026-03-28T18:23:42.837+0500] {templater.py:93} ERROR - Failed to resolve template field 'sql'
Traceback (most recent call last):
  File "/home/abayturar/airflow-project/venv/lib/python3.12/site-packages/airflow/template/templater.py", line 91, in resolve_template_files
    setattr(self, field, env.loader.get_source(env, content)[0])  # type: ignore
                         ^^^^^^^^^^^^^^^^^^^^^^^^^^^^^^^^^^^
  File "/home/abayturar/airflow-project/venv/lib/python3.12/site-packages/jinja2/loaders.py", line 207, in get_source
    raise TemplateNotFound(template)
jinja2.exceptions.TemplateNotFound: /home/abayturar/airflow-project/sql/pipeline/dim_product.sql
[2026-03-28T18:23:42.837+0500] {logging_mixin.py:188} INFO - [2026-03-28T18:23:42.837+0500] {templater.py:93} ERROR - Failed to resolve template field 'sql'
Traceback (most recent call last):
  File "/home/abayturar/airflow-project/venv/lib/python3.12/site-packages/airflow/template/templater.py", line 91, in resolve_template_files
    setattr(self, field, env.loader.get_source(env, content)[0])  # type: ignore
                         ^^^^^^^^^^^^^^^^^^^^^^^^^^^^^^^^^^^
  File "/home/abayturar/airflow-project/venv/lib/python3.12/site-packages/jinja2/loaders.py", line 207, in get_source
    raise TemplateNotFound(template)
jinja2.exceptions.TemplateNotFound: /home/abayturar/airflow-project/sql/pipeline/dim_ship_mode.sql
[2026-03-28T18:23:42.838+0500] {logging_mixin.py:188} INFO - [2026-03-28T18:23:42.837+0500] {templater.py:93} ERROR - Failed to resolve template field 'sql'
Traceback (most recent call last):
  File "/home/abayturar/airflow-project/venv/lib/python3.12/site-packages/airflow/template/templater.py", line 91, in resolve_template_files
    setattr(self, field, env.loader.get_source(env, content)[0])  # type: ignore
                         ^^^^^^^^^^^^^^^^^^^^^^^^^^^^^^^^^^^
  File "/home/abayturar/airflow-project/venv/lib/python3.12/site-packages/jinja2/loaders.py", line 207, in get_source
    raise TemplateNotFound(template)
jinja2.exceptions.TemplateNotFound: /home/abayturar/airflow-project/sql/pipeline/load_fact.sql
[2026-03-28T18:23:42.838+0500] {processor.py:840} INFO - DAG(s) 'sales_dwh_pipeline' retrieved from /home/abayturar/airflow-project/dags/sales_dwh_pipeline.py
[2026-03-28T18:23:42.854+0500] {logging_mixin.py:188} INFO - [2026-03-28T18:23:42.854+0500] {dag.py:3089} INFO - Sync 1 DAGs
[2026-03-28T18:23:42.864+0500] {logging_mixin.py:188} INFO - [2026-03-28T18:23:42.863+0500] {dag.py:3947} INFO - Setting next_dagrun for sales_dwh_pipeline to None, run_after=None
[2026-03-28T18:23:42.890+0500] {processor.py:183} INFO - Processing /home/abayturar/airflow-project/dags/sales_dwh_pipeline.py took 0.075 seconds
[2026-03-28T18:24:30.939+0500] {processor.py:161} INFO - Started process (PID=18937) to work on /home/abayturar/airflow-project/dags/sales_dwh_pipeline.py
[2026-03-28T18:24:30.940+0500] {processor.py:830} INFO - Processing file /home/abayturar/airflow-project/dags/sales_dwh_pipeline.py for tasks to queue
[2026-03-28T18:24:30.942+0500] {logging_mixin.py:188} INFO - [2026-03-28T18:24:30.941+0500] {dagbag.py:545} INFO - Filling up the DagBag from /home/abayturar/airflow-project/dags/sales_dwh_pipeline.py
[2026-03-28T18:24:30.956+0500] {logging_mixin.py:188} INFO - [2026-03-28T18:24:30.954+0500] {templater.py:93} ERROR - Failed to resolve template field 'sql'
Traceback (most recent call last):
  File "/home/abayturar/airflow-project/venv/lib/python3.12/site-packages/airflow/template/templater.py", line 91, in resolve_template_files
    setattr(self, field, env.loader.get_source(env, content)[0])  # type: ignore
                         ^^^^^^^^^^^^^^^^^^^^^^^^^^^^^^^^^^^
  File "/home/abayturar/airflow-project/venv/lib/python3.12/site-packages/jinja2/loaders.py", line 207, in get_source
    raise TemplateNotFound(template)
jinja2.exceptions.TemplateNotFound: /home/abayturar/airflow-project/sql/pipeline/load_staging.sql
[2026-03-28T18:24:30.956+0500] {logging_mixin.py:188} INFO - [2026-03-28T18:24:30.956+0500] {templater.py:93} ERROR - Failed to resolve template field 'sql'
Traceback (most recent call last):
  File "/home/abayturar/airflow-project/venv/lib/python3.12/site-packages/airflow/template/templater.py", line 91, in resolve_template_files
    setattr(self, field, env.loader.get_source(env, content)[0])  # type: ignore
                         ^^^^^^^^^^^^^^^^^^^^^^^^^^^^^^^^^^^
  File "/home/abayturar/airflow-project/venv/lib/python3.12/site-packages/jinja2/loaders.py", line 207, in get_source
    raise TemplateNotFound(template)
jinja2.exceptions.TemplateNotFound: /home/abayturar/airflow-project/sql/pipeline/scd2_update.sql
[2026-03-28T18:24:30.957+0500] {logging_mixin.py:188} INFO - [2026-03-28T18:24:30.957+0500] {templater.py:93} ERROR - Failed to resolve template field 'sql'
Traceback (most recent call last):
  File "/home/abayturar/airflow-project/venv/lib/python3.12/site-packages/airflow/template/templater.py", line 91, in resolve_template_files
    setattr(self, field, env.loader.get_source(env, content)[0])  # type: ignore
                         ^^^^^^^^^^^^^^^^^^^^^^^^^^^^^^^^^^^
  File "/home/abayturar/airflow-project/venv/lib/python3.12/site-packages/jinja2/loaders.py", line 207, in get_source
    raise TemplateNotFound(template)
jinja2.exceptions.TemplateNotFound: /home/abayturar/airflow-project/sql/pipeline/scd2_insert.sql
[2026-03-28T18:24:30.957+0500] {logging_mixin.py:188} INFO - [2026-03-28T18:24:30.957+0500] {templater.py:93} ERROR - Failed to resolve template field 'sql'
Traceback (most recent call last):
  File "/home/abayturar/airflow-project/venv/lib/python3.12/site-packages/airflow/template/templater.py", line 91, in resolve_template_files
    setattr(self, field, env.loader.get_source(env, content)[0])  # type: ignore
                         ^^^^^^^^^^^^^^^^^^^^^^^^^^^^^^^^^^^
  File "/home/abayturar/airflow-project/venv/lib/python3.12/site-packages/jinja2/loaders.py", line 207, in get_source
    raise TemplateNotFound(template)
jinja2.exceptions.TemplateNotFound: /home/abayturar/airflow-project/sql/pipeline/dim_product.sql
[2026-03-28T18:24:30.958+0500] {logging_mixin.py:188} INFO - [2026-03-28T18:24:30.957+0500] {templater.py:93} ERROR - Failed to resolve template field 'sql'
Traceback (most recent call last):
  File "/home/abayturar/airflow-project/venv/lib/python3.12/site-packages/airflow/template/templater.py", line 91, in resolve_template_files
    setattr(self, field, env.loader.get_source(env, content)[0])  # type: ignore
                         ^^^^^^^^^^^^^^^^^^^^^^^^^^^^^^^^^^^
  File "/home/abayturar/airflow-project/venv/lib/python3.12/site-packages/jinja2/loaders.py", line 207, in get_source
    raise TemplateNotFound(template)
jinja2.exceptions.TemplateNotFound: /home/abayturar/airflow-project/sql/pipeline/dim_ship_mode.sql
[2026-03-28T18:24:30.958+0500] {logging_mixin.py:188} INFO - [2026-03-28T18:24:30.958+0500] {templater.py:93} ERROR - Failed to resolve template field 'sql'
Traceback (most recent call last):
  File "/home/abayturar/airflow-project/venv/lib/python3.12/site-packages/airflow/template/templater.py", line 91, in resolve_template_files
    setattr(self, field, env.loader.get_source(env, content)[0])  # type: ignore
                         ^^^^^^^^^^^^^^^^^^^^^^^^^^^^^^^^^^^
  File "/home/abayturar/airflow-project/venv/lib/python3.12/site-packages/jinja2/loaders.py", line 207, in get_source
    raise TemplateNotFound(template)
jinja2.exceptions.TemplateNotFound: /home/abayturar/airflow-project/sql/pipeline/load_fact.sql
[2026-03-28T18:24:30.958+0500] {processor.py:840} INFO - DAG(s) 'sales_dwh_pipeline' retrieved from /home/abayturar/airflow-project/dags/sales_dwh_pipeline.py
[2026-03-28T18:24:30.976+0500] {logging_mixin.py:188} INFO - [2026-03-28T18:24:30.976+0500] {dag.py:3089} INFO - Sync 1 DAGs
[2026-03-28T18:24:30.986+0500] {logging_mixin.py:188} INFO - [2026-03-28T18:24:30.986+0500] {dag.py:3947} INFO - Setting next_dagrun for sales_dwh_pipeline to None, run_after=None
[2026-03-28T18:24:31.015+0500] {processor.py:183} INFO - Processing /home/abayturar/airflow-project/dags/sales_dwh_pipeline.py took 0.085 seconds
[2026-03-28T18:25:17.717+0500] {processor.py:161} INFO - Started process (PID=19065) to work on /home/abayturar/airflow-project/dags/sales_dwh_pipeline.py
[2026-03-28T18:25:17.718+0500] {processor.py:830} INFO - Processing file /home/abayturar/airflow-project/dags/sales_dwh_pipeline.py for tasks to queue
[2026-03-28T18:25:17.719+0500] {logging_mixin.py:188} INFO - [2026-03-28T18:25:17.719+0500] {dagbag.py:545} INFO - Filling up the DagBag from /home/abayturar/airflow-project/dags/sales_dwh_pipeline.py
[2026-03-28T18:25:17.730+0500] {logging_mixin.py:188} INFO - [2026-03-28T18:25:17.729+0500] {templater.py:93} ERROR - Failed to resolve template field 'sql'
Traceback (most recent call last):
  File "/home/abayturar/airflow-project/venv/lib/python3.12/site-packages/airflow/template/templater.py", line 91, in resolve_template_files
    setattr(self, field, env.loader.get_source(env, content)[0])  # type: ignore
                         ^^^^^^^^^^^^^^^^^^^^^^^^^^^^^^^^^^^
  File "/home/abayturar/airflow-project/venv/lib/python3.12/site-packages/jinja2/loaders.py", line 207, in get_source
    raise TemplateNotFound(template)
jinja2.exceptions.TemplateNotFound: /home/abayturar/airflow-project/sql/pipeline/load_staging.sql
[2026-03-28T18:25:17.731+0500] {logging_mixin.py:188} INFO - [2026-03-28T18:25:17.731+0500] {templater.py:93} ERROR - Failed to resolve template field 'sql'
Traceback (most recent call last):
  File "/home/abayturar/airflow-project/venv/lib/python3.12/site-packages/airflow/template/templater.py", line 91, in resolve_template_files
    setattr(self, field, env.loader.get_source(env, content)[0])  # type: ignore
                         ^^^^^^^^^^^^^^^^^^^^^^^^^^^^^^^^^^^
  File "/home/abayturar/airflow-project/venv/lib/python3.12/site-packages/jinja2/loaders.py", line 207, in get_source
    raise TemplateNotFound(template)
jinja2.exceptions.TemplateNotFound: /home/abayturar/airflow-project/sql/pipeline/scd2_update.sql
[2026-03-28T18:25:17.731+0500] {logging_mixin.py:188} INFO - [2026-03-28T18:25:17.731+0500] {templater.py:93} ERROR - Failed to resolve template field 'sql'
Traceback (most recent call last):
  File "/home/abayturar/airflow-project/venv/lib/python3.12/site-packages/airflow/template/templater.py", line 91, in resolve_template_files
    setattr(self, field, env.loader.get_source(env, content)[0])  # type: ignore
                         ^^^^^^^^^^^^^^^^^^^^^^^^^^^^^^^^^^^
  File "/home/abayturar/airflow-project/venv/lib/python3.12/site-packages/jinja2/loaders.py", line 207, in get_source
    raise TemplateNotFound(template)
jinja2.exceptions.TemplateNotFound: /home/abayturar/airflow-project/sql/pipeline/scd2_insert.sql
[2026-03-28T18:25:17.732+0500] {logging_mixin.py:188} INFO - [2026-03-28T18:25:17.731+0500] {templater.py:93} ERROR - Failed to resolve template field 'sql'
Traceback (most recent call last):
  File "/home/abayturar/airflow-project/venv/lib/python3.12/site-packages/airflow/template/templater.py", line 91, in resolve_template_files
    setattr(self, field, env.loader.get_source(env, content)[0])  # type: ignore
                         ^^^^^^^^^^^^^^^^^^^^^^^^^^^^^^^^^^^
  File "/home/abayturar/airflow-project/venv/lib/python3.12/site-packages/jinja2/loaders.py", line 207, in get_source
    raise TemplateNotFound(template)
jinja2.exceptions.TemplateNotFound: /home/abayturar/airflow-project/sql/pipeline/dim_product.sql
[2026-03-28T18:25:17.732+0500] {logging_mixin.py:188} INFO - [2026-03-28T18:25:17.732+0500] {templater.py:93} ERROR - Failed to resolve template field 'sql'
Traceback (most recent call last):
  File "/home/abayturar/airflow-project/venv/lib/python3.12/site-packages/airflow/template/templater.py", line 91, in resolve_template_files
    setattr(self, field, env.loader.get_source(env, content)[0])  # type: ignore
                         ^^^^^^^^^^^^^^^^^^^^^^^^^^^^^^^^^^^
  File "/home/abayturar/airflow-project/venv/lib/python3.12/site-packages/jinja2/loaders.py", line 207, in get_source
    raise TemplateNotFound(template)
jinja2.exceptions.TemplateNotFound: /home/abayturar/airflow-project/sql/pipeline/dim_ship_mode.sql
[2026-03-28T18:25:17.732+0500] {logging_mixin.py:188} INFO - [2026-03-28T18:25:17.732+0500] {templater.py:93} ERROR - Failed to resolve template field 'sql'
Traceback (most recent call last):
  File "/home/abayturar/airflow-project/venv/lib/python3.12/site-packages/airflow/template/templater.py", line 91, in resolve_template_files
    setattr(self, field, env.loader.get_source(env, content)[0])  # type: ignore
                         ^^^^^^^^^^^^^^^^^^^^^^^^^^^^^^^^^^^
  File "/home/abayturar/airflow-project/venv/lib/python3.12/site-packages/jinja2/loaders.py", line 207, in get_source
    raise TemplateNotFound(template)
jinja2.exceptions.TemplateNotFound: /home/abayturar/airflow-project/sql/pipeline/load_fact.sql
[2026-03-28T18:25:17.733+0500] {processor.py:840} INFO - DAG(s) 'sales_dwh_pipeline' retrieved from /home/abayturar/airflow-project/dags/sales_dwh_pipeline.py
[2026-03-28T18:25:17.748+0500] {logging_mixin.py:188} INFO - [2026-03-28T18:25:17.747+0500] {dag.py:3089} INFO - Sync 1 DAGs
[2026-03-28T18:25:17.756+0500] {logging_mixin.py:188} INFO - [2026-03-28T18:25:17.756+0500] {dag.py:3947} INFO - Setting next_dagrun for sales_dwh_pipeline to None, run_after=None
[2026-03-28T18:25:17.782+0500] {processor.py:183} INFO - Processing /home/abayturar/airflow-project/dags/sales_dwh_pipeline.py took 0.072 seconds
[2026-03-28T18:26:03.873+0500] {processor.py:161} INFO - Started process (PID=19186) to work on /home/abayturar/airflow-project/dags/sales_dwh_pipeline.py
[2026-03-28T18:26:03.874+0500] {processor.py:830} INFO - Processing file /home/abayturar/airflow-project/dags/sales_dwh_pipeline.py for tasks to queue
[2026-03-28T18:26:03.876+0500] {logging_mixin.py:188} INFO - [2026-03-28T18:26:03.875+0500] {dagbag.py:545} INFO - Filling up the DagBag from /home/abayturar/airflow-project/dags/sales_dwh_pipeline.py
[2026-03-28T18:26:03.888+0500] {logging_mixin.py:188} INFO - [2026-03-28T18:26:03.887+0500] {templater.py:93} ERROR - Failed to resolve template field 'sql'
Traceback (most recent call last):
  File "/home/abayturar/airflow-project/venv/lib/python3.12/site-packages/airflow/template/templater.py", line 91, in resolve_template_files
    setattr(self, field, env.loader.get_source(env, content)[0])  # type: ignore
                         ^^^^^^^^^^^^^^^^^^^^^^^^^^^^^^^^^^^
  File "/home/abayturar/airflow-project/venv/lib/python3.12/site-packages/jinja2/loaders.py", line 207, in get_source
    raise TemplateNotFound(template)
jinja2.exceptions.TemplateNotFound: /home/abayturar/airflow-project/sql/pipeline/load_staging.sql
[2026-03-28T18:26:03.889+0500] {logging_mixin.py:188} INFO - [2026-03-28T18:26:03.888+0500] {templater.py:93} ERROR - Failed to resolve template field 'sql'
Traceback (most recent call last):
  File "/home/abayturar/airflow-project/venv/lib/python3.12/site-packages/airflow/template/templater.py", line 91, in resolve_template_files
    setattr(self, field, env.loader.get_source(env, content)[0])  # type: ignore
                         ^^^^^^^^^^^^^^^^^^^^^^^^^^^^^^^^^^^
  File "/home/abayturar/airflow-project/venv/lib/python3.12/site-packages/jinja2/loaders.py", line 207, in get_source
    raise TemplateNotFound(template)
jinja2.exceptions.TemplateNotFound: /home/abayturar/airflow-project/sql/pipeline/scd2_update.sql
[2026-03-28T18:26:03.889+0500] {logging_mixin.py:188} INFO - [2026-03-28T18:26:03.889+0500] {templater.py:93} ERROR - Failed to resolve template field 'sql'
Traceback (most recent call last):
  File "/home/abayturar/airflow-project/venv/lib/python3.12/site-packages/airflow/template/templater.py", line 91, in resolve_template_files
    setattr(self, field, env.loader.get_source(env, content)[0])  # type: ignore
                         ^^^^^^^^^^^^^^^^^^^^^^^^^^^^^^^^^^^
  File "/home/abayturar/airflow-project/venv/lib/python3.12/site-packages/jinja2/loaders.py", line 207, in get_source
    raise TemplateNotFound(template)
jinja2.exceptions.TemplateNotFound: /home/abayturar/airflow-project/sql/pipeline/scd2_insert.sql
[2026-03-28T18:26:03.890+0500] {logging_mixin.py:188} INFO - [2026-03-28T18:26:03.889+0500] {templater.py:93} ERROR - Failed to resolve template field 'sql'
Traceback (most recent call last):
  File "/home/abayturar/airflow-project/venv/lib/python3.12/site-packages/airflow/template/templater.py", line 91, in resolve_template_files
    setattr(self, field, env.loader.get_source(env, content)[0])  # type: ignore
                         ^^^^^^^^^^^^^^^^^^^^^^^^^^^^^^^^^^^
  File "/home/abayturar/airflow-project/venv/lib/python3.12/site-packages/jinja2/loaders.py", line 207, in get_source
    raise TemplateNotFound(template)
jinja2.exceptions.TemplateNotFound: /home/abayturar/airflow-project/sql/pipeline/dim_product.sql
[2026-03-28T18:26:03.890+0500] {logging_mixin.py:188} INFO - [2026-03-28T18:26:03.890+0500] {templater.py:93} ERROR - Failed to resolve template field 'sql'
Traceback (most recent call last):
  File "/home/abayturar/airflow-project/venv/lib/python3.12/site-packages/airflow/template/templater.py", line 91, in resolve_template_files
    setattr(self, field, env.loader.get_source(env, content)[0])  # type: ignore
                         ^^^^^^^^^^^^^^^^^^^^^^^^^^^^^^^^^^^
  File "/home/abayturar/airflow-project/venv/lib/python3.12/site-packages/jinja2/loaders.py", line 207, in get_source
    raise TemplateNotFound(template)
jinja2.exceptions.TemplateNotFound: /home/abayturar/airflow-project/sql/pipeline/dim_ship_mode.sql
[2026-03-28T18:26:03.891+0500] {logging_mixin.py:188} INFO - [2026-03-28T18:26:03.890+0500] {templater.py:93} ERROR - Failed to resolve template field 'sql'
Traceback (most recent call last):
  File "/home/abayturar/airflow-project/venv/lib/python3.12/site-packages/airflow/template/templater.py", line 91, in resolve_template_files
    setattr(self, field, env.loader.get_source(env, content)[0])  # type: ignore
                         ^^^^^^^^^^^^^^^^^^^^^^^^^^^^^^^^^^^
  File "/home/abayturar/airflow-project/venv/lib/python3.12/site-packages/jinja2/loaders.py", line 207, in get_source
    raise TemplateNotFound(template)
jinja2.exceptions.TemplateNotFound: /home/abayturar/airflow-project/sql/pipeline/load_fact.sql
[2026-03-28T18:26:03.891+0500] {processor.py:840} INFO - DAG(s) 'sales_dwh_pipeline' retrieved from /home/abayturar/airflow-project/dags/sales_dwh_pipeline.py
[2026-03-28T18:26:03.911+0500] {logging_mixin.py:188} INFO - [2026-03-28T18:26:03.910+0500] {dag.py:3089} INFO - Sync 1 DAGs
[2026-03-28T18:26:03.925+0500] {logging_mixin.py:188} INFO - [2026-03-28T18:26:03.925+0500] {dag.py:3947} INFO - Setting next_dagrun for sales_dwh_pipeline to None, run_after=None
[2026-03-28T18:26:03.957+0500] {processor.py:183} INFO - Processing /home/abayturar/airflow-project/dags/sales_dwh_pipeline.py took 0.091 seconds
[2026-03-28T18:26:51.814+0500] {processor.py:161} INFO - Started process (PID=19315) to work on /home/abayturar/airflow-project/dags/sales_dwh_pipeline.py
[2026-03-28T18:26:51.815+0500] {processor.py:830} INFO - Processing file /home/abayturar/airflow-project/dags/sales_dwh_pipeline.py for tasks to queue
[2026-03-28T18:26:51.817+0500] {logging_mixin.py:188} INFO - [2026-03-28T18:26:51.816+0500] {dagbag.py:545} INFO - Filling up the DagBag from /home/abayturar/airflow-project/dags/sales_dwh_pipeline.py
[2026-03-28T18:26:51.827+0500] {logging_mixin.py:188} INFO - [2026-03-28T18:26:51.826+0500] {templater.py:93} ERROR - Failed to resolve template field 'sql'
Traceback (most recent call last):
  File "/home/abayturar/airflow-project/venv/lib/python3.12/site-packages/airflow/template/templater.py", line 91, in resolve_template_files
    setattr(self, field, env.loader.get_source(env, content)[0])  # type: ignore
                         ^^^^^^^^^^^^^^^^^^^^^^^^^^^^^^^^^^^
  File "/home/abayturar/airflow-project/venv/lib/python3.12/site-packages/jinja2/loaders.py", line 207, in get_source
    raise TemplateNotFound(template)
jinja2.exceptions.TemplateNotFound: /home/abayturar/airflow-project/sql/pipeline/load_staging.sql
[2026-03-28T18:26:51.828+0500] {logging_mixin.py:188} INFO - [2026-03-28T18:26:51.828+0500] {templater.py:93} ERROR - Failed to resolve template field 'sql'
Traceback (most recent call last):
  File "/home/abayturar/airflow-project/venv/lib/python3.12/site-packages/airflow/template/templater.py", line 91, in resolve_template_files
    setattr(self, field, env.loader.get_source(env, content)[0])  # type: ignore
                         ^^^^^^^^^^^^^^^^^^^^^^^^^^^^^^^^^^^
  File "/home/abayturar/airflow-project/venv/lib/python3.12/site-packages/jinja2/loaders.py", line 207, in get_source
    raise TemplateNotFound(template)
jinja2.exceptions.TemplateNotFound: /home/abayturar/airflow-project/sql/pipeline/scd2_update.sql
[2026-03-28T18:26:51.828+0500] {logging_mixin.py:188} INFO - [2026-03-28T18:26:51.828+0500] {templater.py:93} ERROR - Failed to resolve template field 'sql'
Traceback (most recent call last):
  File "/home/abayturar/airflow-project/venv/lib/python3.12/site-packages/airflow/template/templater.py", line 91, in resolve_template_files
    setattr(self, field, env.loader.get_source(env, content)[0])  # type: ignore
                         ^^^^^^^^^^^^^^^^^^^^^^^^^^^^^^^^^^^
  File "/home/abayturar/airflow-project/venv/lib/python3.12/site-packages/jinja2/loaders.py", line 207, in get_source
    raise TemplateNotFound(template)
jinja2.exceptions.TemplateNotFound: /home/abayturar/airflow-project/sql/pipeline/scd2_insert.sql
[2026-03-28T18:26:51.828+0500] {logging_mixin.py:188} INFO - [2026-03-28T18:26:51.828+0500] {templater.py:93} ERROR - Failed to resolve template field 'sql'
Traceback (most recent call last):
  File "/home/abayturar/airflow-project/venv/lib/python3.12/site-packages/airflow/template/templater.py", line 91, in resolve_template_files
    setattr(self, field, env.loader.get_source(env, content)[0])  # type: ignore
                         ^^^^^^^^^^^^^^^^^^^^^^^^^^^^^^^^^^^
  File "/home/abayturar/airflow-project/venv/lib/python3.12/site-packages/jinja2/loaders.py", line 207, in get_source
    raise TemplateNotFound(template)
jinja2.exceptions.TemplateNotFound: /home/abayturar/airflow-project/sql/pipeline/dim_product.sql
[2026-03-28T18:26:51.829+0500] {logging_mixin.py:188} INFO - [2026-03-28T18:26:51.829+0500] {templater.py:93} ERROR - Failed to resolve template field 'sql'
Traceback (most recent call last):
  File "/home/abayturar/airflow-project/venv/lib/python3.12/site-packages/airflow/template/templater.py", line 91, in resolve_template_files
    setattr(self, field, env.loader.get_source(env, content)[0])  # type: ignore
                         ^^^^^^^^^^^^^^^^^^^^^^^^^^^^^^^^^^^
  File "/home/abayturar/airflow-project/venv/lib/python3.12/site-packages/jinja2/loaders.py", line 207, in get_source
    raise TemplateNotFound(template)
jinja2.exceptions.TemplateNotFound: /home/abayturar/airflow-project/sql/pipeline/dim_ship_mode.sql
[2026-03-28T18:26:51.829+0500] {logging_mixin.py:188} INFO - [2026-03-28T18:26:51.829+0500] {templater.py:93} ERROR - Failed to resolve template field 'sql'
Traceback (most recent call last):
  File "/home/abayturar/airflow-project/venv/lib/python3.12/site-packages/airflow/template/templater.py", line 91, in resolve_template_files
    setattr(self, field, env.loader.get_source(env, content)[0])  # type: ignore
                         ^^^^^^^^^^^^^^^^^^^^^^^^^^^^^^^^^^^
  File "/home/abayturar/airflow-project/venv/lib/python3.12/site-packages/jinja2/loaders.py", line 207, in get_source
    raise TemplateNotFound(template)
jinja2.exceptions.TemplateNotFound: /home/abayturar/airflow-project/sql/pipeline/load_fact.sql
[2026-03-28T18:26:51.829+0500] {processor.py:840} INFO - DAG(s) 'sales_dwh_pipeline' retrieved from /home/abayturar/airflow-project/dags/sales_dwh_pipeline.py
[2026-03-28T18:26:51.844+0500] {logging_mixin.py:188} INFO - [2026-03-28T18:26:51.844+0500] {dag.py:3089} INFO - Sync 1 DAGs
[2026-03-28T18:26:51.852+0500] {logging_mixin.py:188} INFO - [2026-03-28T18:26:51.852+0500] {dag.py:3947} INFO - Setting next_dagrun for sales_dwh_pipeline to None, run_after=None
[2026-03-28T18:26:51.879+0500] {processor.py:183} INFO - Processing /home/abayturar/airflow-project/dags/sales_dwh_pipeline.py took 0.070 seconds
[2026-03-28T18:27:42.807+0500] {processor.py:161} INFO - Started process (PID=19458) to work on /home/abayturar/airflow-project/dags/sales_dwh_pipeline.py
[2026-03-28T18:27:42.808+0500] {processor.py:830} INFO - Processing file /home/abayturar/airflow-project/dags/sales_dwh_pipeline.py for tasks to queue
[2026-03-28T18:27:42.810+0500] {logging_mixin.py:188} INFO - [2026-03-28T18:27:42.810+0500] {dagbag.py:545} INFO - Filling up the DagBag from /home/abayturar/airflow-project/dags/sales_dwh_pipeline.py
[2026-03-28T18:27:42.827+0500] {processor.py:840} INFO - DAG(s) 'sales_dwh_pipeline' retrieved from /home/abayturar/airflow-project/dags/sales_dwh_pipeline.py
[2026-03-28T18:27:42.928+0500] {logging_mixin.py:188} INFO - [2026-03-28T18:27:42.928+0500] {dag.py:3089} INFO - Sync 1 DAGs
[2026-03-28T18:27:42.937+0500] {logging_mixin.py:188} INFO - [2026-03-28T18:27:42.937+0500] {dag.py:3947} INFO - Setting next_dagrun for sales_dwh_pipeline to None, run_after=None
[2026-03-28T18:27:42.956+0500] {processor.py:183} INFO - Processing /home/abayturar/airflow-project/dags/sales_dwh_pipeline.py took 0.156 seconds
[2026-03-28T18:28:36.007+0500] {processor.py:161} INFO - Started process (PID=19603) to work on /home/abayturar/airflow-project/dags/sales_dwh_pipeline.py
[2026-03-28T18:28:36.008+0500] {processor.py:830} INFO - Processing file /home/abayturar/airflow-project/dags/sales_dwh_pipeline.py for tasks to queue
[2026-03-28T18:28:36.010+0500] {logging_mixin.py:188} INFO - [2026-03-28T18:28:36.009+0500] {dagbag.py:545} INFO - Filling up the DagBag from /home/abayturar/airflow-project/dags/sales_dwh_pipeline.py
[2026-03-28T18:28:36.021+0500] {processor.py:840} INFO - DAG(s) 'sales_dwh_pipeline' retrieved from /home/abayturar/airflow-project/dags/sales_dwh_pipeline.py
[2026-03-28T18:28:36.038+0500] {logging_mixin.py:188} INFO - [2026-03-28T18:28:36.038+0500] {dag.py:3089} INFO - Sync 1 DAGs
[2026-03-28T18:28:36.047+0500] {logging_mixin.py:188} INFO - [2026-03-28T18:28:36.047+0500] {dag.py:3947} INFO - Setting next_dagrun for sales_dwh_pipeline to None, run_after=None
[2026-03-28T18:28:36.075+0500] {processor.py:183} INFO - Processing /home/abayturar/airflow-project/dags/sales_dwh_pipeline.py took 0.074 seconds
[2026-03-28T18:29:29.960+0500] {processor.py:161} INFO - Started process (PID=19745) to work on /home/abayturar/airflow-project/dags/sales_dwh_pipeline.py
[2026-03-28T18:29:29.961+0500] {processor.py:830} INFO - Processing file /home/abayturar/airflow-project/dags/sales_dwh_pipeline.py for tasks to queue
[2026-03-28T18:29:29.964+0500] {logging_mixin.py:188} INFO - [2026-03-28T18:29:29.963+0500] {dagbag.py:545} INFO - Filling up the DagBag from /home/abayturar/airflow-project/dags/sales_dwh_pipeline.py
[2026-03-28T18:29:29.980+0500] {processor.py:840} INFO - DAG(s) 'sales_dwh_pipeline' retrieved from /home/abayturar/airflow-project/dags/sales_dwh_pipeline.py
[2026-03-28T18:29:29.997+0500] {logging_mixin.py:188} INFO - [2026-03-28T18:29:29.997+0500] {dag.py:3089} INFO - Sync 1 DAGs
[2026-03-28T18:29:30.006+0500] {logging_mixin.py:188} INFO - [2026-03-28T18:29:30.006+0500] {dag.py:3947} INFO - Setting next_dagrun for sales_dwh_pipeline to None, run_after=None
[2026-03-28T18:29:30.022+0500] {processor.py:183} INFO - Processing /home/abayturar/airflow-project/dags/sales_dwh_pipeline.py took 0.069 seconds
[2026-03-28T18:30:16.117+0500] {processor.py:161} INFO - Started process (PID=19869) to work on /home/abayturar/airflow-project/dags/sales_dwh_pipeline.py
[2026-03-28T18:30:16.117+0500] {processor.py:830} INFO - Processing file /home/abayturar/airflow-project/dags/sales_dwh_pipeline.py for tasks to queue
[2026-03-28T18:30:16.120+0500] {logging_mixin.py:188} INFO - [2026-03-28T18:30:16.119+0500] {dagbag.py:545} INFO - Filling up the DagBag from /home/abayturar/airflow-project/dags/sales_dwh_pipeline.py
[2026-03-28T18:30:16.131+0500] {processor.py:840} INFO - DAG(s) 'sales_dwh_pipeline' retrieved from /home/abayturar/airflow-project/dags/sales_dwh_pipeline.py
[2026-03-28T18:30:16.149+0500] {logging_mixin.py:188} INFO - [2026-03-28T18:30:16.149+0500] {dag.py:3089} INFO - Sync 1 DAGs
[2026-03-28T18:30:16.160+0500] {logging_mixin.py:188} INFO - [2026-03-28T18:30:16.160+0500] {dag.py:3947} INFO - Setting next_dagrun for sales_dwh_pipeline to None, run_after=None
[2026-03-28T18:30:16.189+0500] {processor.py:183} INFO - Processing /home/abayturar/airflow-project/dags/sales_dwh_pipeline.py took 0.079 seconds
[2026-03-28T18:31:01.104+0500] {processor.py:161} INFO - Started process (PID=19992) to work on /home/abayturar/airflow-project/dags/sales_dwh_pipeline.py
[2026-03-28T18:31:01.105+0500] {processor.py:830} INFO - Processing file /home/abayturar/airflow-project/dags/sales_dwh_pipeline.py for tasks to queue
[2026-03-28T18:31:01.107+0500] {logging_mixin.py:188} INFO - [2026-03-28T18:31:01.107+0500] {dagbag.py:545} INFO - Filling up the DagBag from /home/abayturar/airflow-project/dags/sales_dwh_pipeline.py
[2026-03-28T18:31:01.121+0500] {processor.py:840} INFO - DAG(s) 'sales_dwh_pipeline' retrieved from /home/abayturar/airflow-project/dags/sales_dwh_pipeline.py
[2026-03-28T18:31:01.140+0500] {logging_mixin.py:188} INFO - [2026-03-28T18:31:01.140+0500] {dag.py:3089} INFO - Sync 1 DAGs
[2026-03-28T18:31:01.150+0500] {logging_mixin.py:188} INFO - [2026-03-28T18:31:01.150+0500] {dag.py:3947} INFO - Setting next_dagrun for sales_dwh_pipeline to None, run_after=None
[2026-03-28T18:31:01.181+0500] {processor.py:183} INFO - Processing /home/abayturar/airflow-project/dags/sales_dwh_pipeline.py took 0.083 seconds
[2026-03-28T18:31:47.829+0500] {processor.py:161} INFO - Started process (PID=20126) to work on /home/abayturar/airflow-project/dags/sales_dwh_pipeline.py
[2026-03-28T18:31:47.830+0500] {processor.py:830} INFO - Processing file /home/abayturar/airflow-project/dags/sales_dwh_pipeline.py for tasks to queue
[2026-03-28T18:31:47.832+0500] {logging_mixin.py:188} INFO - [2026-03-28T18:31:47.831+0500] {dagbag.py:545} INFO - Filling up the DagBag from /home/abayturar/airflow-project/dags/sales_dwh_pipeline.py
[2026-03-28T18:31:47.843+0500] {processor.py:840} INFO - DAG(s) 'sales_dwh_pipeline' retrieved from /home/abayturar/airflow-project/dags/sales_dwh_pipeline.py
[2026-03-28T18:31:47.859+0500] {logging_mixin.py:188} INFO - [2026-03-28T18:31:47.859+0500] {dag.py:3089} INFO - Sync 1 DAGs
[2026-03-28T18:31:47.867+0500] {logging_mixin.py:188} INFO - [2026-03-28T18:31:47.867+0500] {dag.py:3947} INFO - Setting next_dagrun for sales_dwh_pipeline to None, run_after=None
[2026-03-28T18:31:47.895+0500] {processor.py:183} INFO - Processing /home/abayturar/airflow-project/dags/sales_dwh_pipeline.py took 0.072 seconds
[2026-03-28T18:32:31.264+0500] {processor.py:161} INFO - Started process (PID=20242) to work on /home/abayturar/airflow-project/dags/sales_dwh_pipeline.py
[2026-03-28T18:32:31.265+0500] {processor.py:830} INFO - Processing file /home/abayturar/airflow-project/dags/sales_dwh_pipeline.py for tasks to queue
[2026-03-28T18:32:31.267+0500] {logging_mixin.py:188} INFO - [2026-03-28T18:32:31.266+0500] {dagbag.py:545} INFO - Filling up the DagBag from /home/abayturar/airflow-project/dags/sales_dwh_pipeline.py
[2026-03-28T18:32:31.279+0500] {processor.py:840} INFO - DAG(s) 'sales_dwh_pipeline' retrieved from /home/abayturar/airflow-project/dags/sales_dwh_pipeline.py
[2026-03-28T18:32:31.297+0500] {logging_mixin.py:188} INFO - [2026-03-28T18:32:31.297+0500] {dag.py:3089} INFO - Sync 1 DAGs
[2026-03-28T18:32:31.307+0500] {logging_mixin.py:188} INFO - [2026-03-28T18:32:31.307+0500] {dag.py:3947} INFO - Setting next_dagrun for sales_dwh_pipeline to None, run_after=None
[2026-03-28T18:32:31.336+0500] {processor.py:183} INFO - Processing /home/abayturar/airflow-project/dags/sales_dwh_pipeline.py took 0.079 seconds
[2026-03-28T18:33:23.253+0500] {processor.py:161} INFO - Started process (PID=20377) to work on /home/abayturar/airflow-project/dags/sales_dwh_pipeline.py
[2026-03-28T18:33:23.254+0500] {processor.py:830} INFO - Processing file /home/abayturar/airflow-project/dags/sales_dwh_pipeline.py for tasks to queue
[2026-03-28T18:33:23.256+0500] {logging_mixin.py:188} INFO - [2026-03-28T18:33:23.256+0500] {dagbag.py:545} INFO - Filling up the DagBag from /home/abayturar/airflow-project/dags/sales_dwh_pipeline.py
[2026-03-28T18:33:23.267+0500] {processor.py:840} INFO - DAG(s) 'sales_dwh_pipeline' retrieved from /home/abayturar/airflow-project/dags/sales_dwh_pipeline.py
[2026-03-28T18:33:23.284+0500] {logging_mixin.py:188} INFO - [2026-03-28T18:33:23.284+0500] {dag.py:3089} INFO - Sync 1 DAGs
[2026-03-28T18:33:23.294+0500] {logging_mixin.py:188} INFO - [2026-03-28T18:33:23.294+0500] {dag.py:3947} INFO - Setting next_dagrun for sales_dwh_pipeline to None, run_after=None
[2026-03-28T18:33:23.324+0500] {processor.py:183} INFO - Processing /home/abayturar/airflow-project/dags/sales_dwh_pipeline.py took 0.076 seconds
[2026-03-28T18:34:16.446+0500] {processor.py:161} INFO - Started process (PID=20531) to work on /home/abayturar/airflow-project/dags/sales_dwh_pipeline.py
[2026-03-28T18:34:16.447+0500] {processor.py:830} INFO - Processing file /home/abayturar/airflow-project/dags/sales_dwh_pipeline.py for tasks to queue
[2026-03-28T18:34:16.450+0500] {logging_mixin.py:188} INFO - [2026-03-28T18:34:16.449+0500] {dagbag.py:545} INFO - Filling up the DagBag from /home/abayturar/airflow-project/dags/sales_dwh_pipeline.py
[2026-03-28T18:34:16.467+0500] {processor.py:840} INFO - DAG(s) 'sales_dwh_pipeline' retrieved from /home/abayturar/airflow-project/dags/sales_dwh_pipeline.py
[2026-03-28T18:34:16.510+0500] {logging_mixin.py:188} INFO - [2026-03-28T18:34:16.510+0500] {dag.py:3089} INFO - Sync 1 DAGs
[2026-03-28T18:34:16.540+0500] {logging_mixin.py:188} INFO - [2026-03-28T18:34:16.539+0500] {dag.py:3947} INFO - Setting next_dagrun for sales_dwh_pipeline to None, run_after=None
[2026-03-28T18:34:16.572+0500] {processor.py:183} INFO - Processing /home/abayturar/airflow-project/dags/sales_dwh_pipeline.py took 0.135 seconds
[2026-03-28T18:35:06.808+0500] {processor.py:161} INFO - Started process (PID=20667) to work on /home/abayturar/airflow-project/dags/sales_dwh_pipeline.py
[2026-03-28T18:35:06.809+0500] {processor.py:830} INFO - Processing file /home/abayturar/airflow-project/dags/sales_dwh_pipeline.py for tasks to queue
[2026-03-28T18:35:06.811+0500] {logging_mixin.py:188} INFO - [2026-03-28T18:35:06.810+0500] {dagbag.py:545} INFO - Filling up the DagBag from /home/abayturar/airflow-project/dags/sales_dwh_pipeline.py
[2026-03-28T18:35:06.822+0500] {processor.py:840} INFO - DAG(s) 'sales_dwh_pipeline' retrieved from /home/abayturar/airflow-project/dags/sales_dwh_pipeline.py
[2026-03-28T18:35:06.836+0500] {logging_mixin.py:188} INFO - [2026-03-28T18:35:06.836+0500] {dag.py:3089} INFO - Sync 1 DAGs
[2026-03-28T18:35:06.845+0500] {logging_mixin.py:188} INFO - [2026-03-28T18:35:06.845+0500] {dag.py:3947} INFO - Setting next_dagrun for sales_dwh_pipeline to None, run_after=None
[2026-03-28T18:35:06.874+0500] {processor.py:183} INFO - Processing /home/abayturar/airflow-project/dags/sales_dwh_pipeline.py took 0.071 seconds
[2026-03-28T18:35:55.890+0500] {processor.py:161} INFO - Started process (PID=20800) to work on /home/abayturar/airflow-project/dags/sales_dwh_pipeline.py
[2026-03-28T18:35:55.891+0500] {processor.py:830} INFO - Processing file /home/abayturar/airflow-project/dags/sales_dwh_pipeline.py for tasks to queue
[2026-03-28T18:35:55.892+0500] {logging_mixin.py:188} INFO - [2026-03-28T18:35:55.892+0500] {dagbag.py:545} INFO - Filling up the DagBag from /home/abayturar/airflow-project/dags/sales_dwh_pipeline.py
[2026-03-28T18:35:55.903+0500] {processor.py:840} INFO - DAG(s) 'sales_dwh_pipeline' retrieved from /home/abayturar/airflow-project/dags/sales_dwh_pipeline.py
[2026-03-28T18:35:55.918+0500] {logging_mixin.py:188} INFO - [2026-03-28T18:35:55.918+0500] {dag.py:3089} INFO - Sync 1 DAGs
[2026-03-28T18:35:55.927+0500] {logging_mixin.py:188} INFO - [2026-03-28T18:35:55.926+0500] {dag.py:3947} INFO - Setting next_dagrun for sales_dwh_pipeline to None, run_after=None
[2026-03-28T18:35:55.953+0500] {processor.py:183} INFO - Processing /home/abayturar/airflow-project/dags/sales_dwh_pipeline.py took 0.069 seconds
[2026-03-28T18:36:50.703+0500] {processor.py:161} INFO - Started process (PID=20961) to work on /home/abayturar/airflow-project/dags/sales_dwh_pipeline.py
[2026-03-28T18:36:50.704+0500] {processor.py:830} INFO - Processing file /home/abayturar/airflow-project/dags/sales_dwh_pipeline.py for tasks to queue
[2026-03-28T18:36:50.706+0500] {logging_mixin.py:188} INFO - [2026-03-28T18:36:50.705+0500] {dagbag.py:545} INFO - Filling up the DagBag from /home/abayturar/airflow-project/dags/sales_dwh_pipeline.py
[2026-03-28T18:36:50.716+0500] {processor.py:840} INFO - DAG(s) 'sales_dwh_pipeline' retrieved from /home/abayturar/airflow-project/dags/sales_dwh_pipeline.py
[2026-03-28T18:36:50.731+0500] {logging_mixin.py:188} INFO - [2026-03-28T18:36:50.731+0500] {dag.py:3089} INFO - Sync 1 DAGs
[2026-03-28T18:36:50.740+0500] {logging_mixin.py:188} INFO - [2026-03-28T18:36:50.740+0500] {dag.py:3947} INFO - Setting next_dagrun for sales_dwh_pipeline to None, run_after=None
[2026-03-28T18:36:50.766+0500] {processor.py:183} INFO - Processing /home/abayturar/airflow-project/dags/sales_dwh_pipeline.py took 0.069 seconds
[2026-03-28T18:37:45.064+0500] {processor.py:161} INFO - Started process (PID=21112) to work on /home/abayturar/airflow-project/dags/sales_dwh_pipeline.py
[2026-03-28T18:37:45.065+0500] {processor.py:830} INFO - Processing file /home/abayturar/airflow-project/dags/sales_dwh_pipeline.py for tasks to queue
[2026-03-28T18:37:45.067+0500] {logging_mixin.py:188} INFO - [2026-03-28T18:37:45.066+0500] {dagbag.py:545} INFO - Filling up the DagBag from /home/abayturar/airflow-project/dags/sales_dwh_pipeline.py
[2026-03-28T18:37:45.078+0500] {processor.py:840} INFO - DAG(s) 'sales_dwh_pipeline' retrieved from /home/abayturar/airflow-project/dags/sales_dwh_pipeline.py
[2026-03-28T18:37:45.092+0500] {logging_mixin.py:188} INFO - [2026-03-28T18:37:45.092+0500] {dag.py:3089} INFO - Sync 1 DAGs
[2026-03-28T18:37:45.100+0500] {logging_mixin.py:188} INFO - [2026-03-28T18:37:45.100+0500] {dag.py:3947} INFO - Setting next_dagrun for sales_dwh_pipeline to None, run_after=None
[2026-03-28T18:37:45.127+0500] {processor.py:183} INFO - Processing /home/abayturar/airflow-project/dags/sales_dwh_pipeline.py took 0.069 seconds
[2026-03-28T18:38:35.100+0500] {processor.py:161} INFO - Started process (PID=21244) to work on /home/abayturar/airflow-project/dags/sales_dwh_pipeline.py
[2026-03-28T18:38:35.101+0500] {processor.py:830} INFO - Processing file /home/abayturar/airflow-project/dags/sales_dwh_pipeline.py for tasks to queue
[2026-03-28T18:38:35.102+0500] {logging_mixin.py:188} INFO - [2026-03-28T18:38:35.102+0500] {dagbag.py:545} INFO - Filling up the DagBag from /home/abayturar/airflow-project/dags/sales_dwh_pipeline.py
[2026-03-28T18:38:35.113+0500] {processor.py:840} INFO - DAG(s) 'sales_dwh_pipeline' retrieved from /home/abayturar/airflow-project/dags/sales_dwh_pipeline.py
[2026-03-28T18:38:35.129+0500] {logging_mixin.py:188} INFO - [2026-03-28T18:38:35.129+0500] {dag.py:3089} INFO - Sync 1 DAGs
[2026-03-28T18:38:35.138+0500] {logging_mixin.py:188} INFO - [2026-03-28T18:38:35.137+0500] {dag.py:3947} INFO - Setting next_dagrun for sales_dwh_pipeline to None, run_after=None
[2026-03-28T18:38:35.166+0500] {processor.py:183} INFO - Processing /home/abayturar/airflow-project/dags/sales_dwh_pipeline.py took 0.071 seconds
[2026-03-28T18:39:26.184+0500] {processor.py:161} INFO - Started process (PID=21379) to work on /home/abayturar/airflow-project/dags/sales_dwh_pipeline.py
[2026-03-28T18:39:26.185+0500] {processor.py:830} INFO - Processing file /home/abayturar/airflow-project/dags/sales_dwh_pipeline.py for tasks to queue
[2026-03-28T18:39:26.187+0500] {logging_mixin.py:188} INFO - [2026-03-28T18:39:26.187+0500] {dagbag.py:545} INFO - Filling up the DagBag from /home/abayturar/airflow-project/dags/sales_dwh_pipeline.py
[2026-03-28T18:39:26.203+0500] {processor.py:840} INFO - DAG(s) 'sales_dwh_pipeline' retrieved from /home/abayturar/airflow-project/dags/sales_dwh_pipeline.py
[2026-03-28T18:39:26.228+0500] {logging_mixin.py:188} INFO - [2026-03-28T18:39:26.228+0500] {dag.py:3089} INFO - Sync 1 DAGs
[2026-03-28T18:39:26.243+0500] {logging_mixin.py:188} INFO - [2026-03-28T18:39:26.242+0500] {dag.py:3947} INFO - Setting next_dagrun for sales_dwh_pipeline to None, run_after=None
[2026-03-28T18:39:26.270+0500] {processor.py:183} INFO - Processing /home/abayturar/airflow-project/dags/sales_dwh_pipeline.py took 0.092 seconds
[2026-03-28T18:40:17.457+0500] {processor.py:161} INFO - Started process (PID=21516) to work on /home/abayturar/airflow-project/dags/sales_dwh_pipeline.py
[2026-03-28T18:40:17.459+0500] {processor.py:830} INFO - Processing file /home/abayturar/airflow-project/dags/sales_dwh_pipeline.py for tasks to queue
[2026-03-28T18:40:17.462+0500] {logging_mixin.py:188} INFO - [2026-03-28T18:40:17.462+0500] {dagbag.py:545} INFO - Filling up the DagBag from /home/abayturar/airflow-project/dags/sales_dwh_pipeline.py
[2026-03-28T18:40:17.477+0500] {processor.py:840} INFO - DAG(s) 'sales_dwh_pipeline' retrieved from /home/abayturar/airflow-project/dags/sales_dwh_pipeline.py
[2026-03-28T18:40:17.496+0500] {logging_mixin.py:188} INFO - [2026-03-28T18:40:17.496+0500] {dag.py:3089} INFO - Sync 1 DAGs
[2026-03-28T18:40:17.505+0500] {logging_mixin.py:188} INFO - [2026-03-28T18:40:17.505+0500] {dag.py:3947} INFO - Setting next_dagrun for sales_dwh_pipeline to None, run_after=None
[2026-03-28T18:40:17.535+0500] {processor.py:183} INFO - Processing /home/abayturar/airflow-project/dags/sales_dwh_pipeline.py took 0.086 seconds
[2026-03-28T18:41:09.818+0500] {processor.py:161} INFO - Started process (PID=21654) to work on /home/abayturar/airflow-project/dags/sales_dwh_pipeline.py
[2026-03-28T18:41:09.819+0500] {processor.py:830} INFO - Processing file /home/abayturar/airflow-project/dags/sales_dwh_pipeline.py for tasks to queue
[2026-03-28T18:41:09.820+0500] {logging_mixin.py:188} INFO - [2026-03-28T18:41:09.820+0500] {dagbag.py:545} INFO - Filling up the DagBag from /home/abayturar/airflow-project/dags/sales_dwh_pipeline.py
[2026-03-28T18:41:09.832+0500] {processor.py:840} INFO - DAG(s) 'sales_dwh_pipeline' retrieved from /home/abayturar/airflow-project/dags/sales_dwh_pipeline.py
[2026-03-28T18:41:09.848+0500] {logging_mixin.py:188} INFO - [2026-03-28T18:41:09.848+0500] {dag.py:3089} INFO - Sync 1 DAGs
[2026-03-28T18:41:09.952+0500] {logging_mixin.py:188} INFO - [2026-03-28T18:41:09.952+0500] {dag.py:3947} INFO - Setting next_dagrun for sales_dwh_pipeline to None, run_after=None
[2026-03-28T18:41:09.966+0500] {processor.py:183} INFO - Processing /home/abayturar/airflow-project/dags/sales_dwh_pipeline.py took 0.154 seconds
[2026-03-28T18:41:47.712+0500] {processor.py:161} INFO - Started process (PID=21803) to work on /home/abayturar/airflow-project/dags/sales_dwh_pipeline.py
[2026-03-28T18:41:47.713+0500] {processor.py:830} INFO - Processing file /home/abayturar/airflow-project/dags/sales_dwh_pipeline.py for tasks to queue
[2026-03-28T18:41:47.715+0500] {logging_mixin.py:188} INFO - [2026-03-28T18:41:47.714+0500] {dagbag.py:545} INFO - Filling up the DagBag from /home/abayturar/airflow-project/dags/sales_dwh_pipeline.py
[2026-03-28T18:41:47.727+0500] {processor.py:840} INFO - DAG(s) 'sales_dwh_pipeline' retrieved from /home/abayturar/airflow-project/dags/sales_dwh_pipeline.py
[2026-03-28T18:41:47.746+0500] {logging_mixin.py:188} INFO - [2026-03-28T18:41:47.746+0500] {dag.py:3089} INFO - Sync 1 DAGs
[2026-03-28T18:41:47.758+0500] {logging_mixin.py:188} INFO - [2026-03-28T18:41:47.757+0500] {dag.py:3947} INFO - Setting next_dagrun for sales_dwh_pipeline to None, run_after=None
[2026-03-28T18:41:47.788+0500] {processor.py:183} INFO - Processing /home/abayturar/airflow-project/dags/sales_dwh_pipeline.py took 0.082 seconds
[2026-03-28T18:42:21.150+0500] {processor.py:161} INFO - Started process (PID=21895) to work on /home/abayturar/airflow-project/dags/sales_dwh_pipeline.py
[2026-03-28T18:42:21.151+0500] {processor.py:830} INFO - Processing file /home/abayturar/airflow-project/dags/sales_dwh_pipeline.py for tasks to queue
[2026-03-28T18:42:21.152+0500] {logging_mixin.py:188} INFO - [2026-03-28T18:42:21.152+0500] {dagbag.py:545} INFO - Filling up the DagBag from /home/abayturar/airflow-project/dags/sales_dwh_pipeline.py
[2026-03-28T18:42:21.164+0500] {processor.py:840} INFO - DAG(s) 'sales_dwh_pipeline' retrieved from /home/abayturar/airflow-project/dags/sales_dwh_pipeline.py
[2026-03-28T18:42:21.180+0500] {logging_mixin.py:188} INFO - [2026-03-28T18:42:21.180+0500] {dag.py:3089} INFO - Sync 1 DAGs
[2026-03-28T18:42:21.189+0500] {logging_mixin.py:188} INFO - [2026-03-28T18:42:21.189+0500] {dag.py:3947} INFO - Setting next_dagrun for sales_dwh_pipeline to None, run_after=None
[2026-03-28T18:42:21.329+0500] {processor.py:183} INFO - Processing /home/abayturar/airflow-project/dags/sales_dwh_pipeline.py took 0.185 seconds
[2026-03-28T18:43:10.619+0500] {processor.py:161} INFO - Started process (PID=22049) to work on /home/abayturar/airflow-project/dags/sales_dwh_pipeline.py
[2026-03-28T18:43:10.620+0500] {processor.py:830} INFO - Processing file /home/abayturar/airflow-project/dags/sales_dwh_pipeline.py for tasks to queue
[2026-03-28T18:43:10.622+0500] {logging_mixin.py:188} INFO - [2026-03-28T18:43:10.621+0500] {dagbag.py:545} INFO - Filling up the DagBag from /home/abayturar/airflow-project/dags/sales_dwh_pipeline.py
[2026-03-28T18:43:10.632+0500] {processor.py:840} INFO - DAG(s) 'sales_dwh_pipeline' retrieved from /home/abayturar/airflow-project/dags/sales_dwh_pipeline.py
[2026-03-28T18:43:10.647+0500] {logging_mixin.py:188} INFO - [2026-03-28T18:43:10.647+0500] {dag.py:3089} INFO - Sync 1 DAGs
[2026-03-28T18:43:10.655+0500] {logging_mixin.py:188} INFO - [2026-03-28T18:43:10.655+0500] {dag.py:3947} INFO - Setting next_dagrun for sales_dwh_pipeline to None, run_after=None
[2026-03-28T18:43:10.681+0500] {processor.py:183} INFO - Processing /home/abayturar/airflow-project/dags/sales_dwh_pipeline.py took 0.068 seconds
[2026-03-28T18:43:57.994+0500] {processor.py:161} INFO - Started process (PID=22192) to work on /home/abayturar/airflow-project/dags/sales_dwh_pipeline.py
[2026-03-28T18:43:57.995+0500] {processor.py:830} INFO - Processing file /home/abayturar/airflow-project/dags/sales_dwh_pipeline.py for tasks to queue
[2026-03-28T18:43:57.997+0500] {logging_mixin.py:188} INFO - [2026-03-28T18:43:57.997+0500] {dagbag.py:545} INFO - Filling up the DagBag from /home/abayturar/airflow-project/dags/sales_dwh_pipeline.py
[2026-03-28T18:43:58.012+0500] {processor.py:840} INFO - DAG(s) 'sales_dwh_pipeline' retrieved from /home/abayturar/airflow-project/dags/sales_dwh_pipeline.py
[2026-03-28T18:43:58.124+0500] {logging_mixin.py:188} INFO - [2026-03-28T18:43:58.124+0500] {dag.py:3089} INFO - Sync 1 DAGs
[2026-03-28T18:43:58.131+0500] {logging_mixin.py:188} INFO - [2026-03-28T18:43:58.130+0500] {dag.py:3947} INFO - Setting next_dagrun for sales_dwh_pipeline to None, run_after=None
[2026-03-28T18:43:58.159+0500] {processor.py:183} INFO - Processing /home/abayturar/airflow-project/dags/sales_dwh_pipeline.py took 0.172 seconds
[2026-03-28T18:44:49.060+0500] {processor.py:161} INFO - Started process (PID=22325) to work on /home/abayturar/airflow-project/dags/sales_dwh_pipeline.py
[2026-03-28T18:44:49.061+0500] {processor.py:830} INFO - Processing file /home/abayturar/airflow-project/dags/sales_dwh_pipeline.py for tasks to queue
[2026-03-28T18:44:49.063+0500] {logging_mixin.py:188} INFO - [2026-03-28T18:44:49.063+0500] {dagbag.py:545} INFO - Filling up the DagBag from /home/abayturar/airflow-project/dags/sales_dwh_pipeline.py
[2026-03-28T18:44:49.074+0500] {processor.py:840} INFO - DAG(s) 'sales_dwh_pipeline' retrieved from /home/abayturar/airflow-project/dags/sales_dwh_pipeline.py
[2026-03-28T18:44:49.090+0500] {logging_mixin.py:188} INFO - [2026-03-28T18:44:49.090+0500] {dag.py:3089} INFO - Sync 1 DAGs
[2026-03-28T18:44:49.099+0500] {logging_mixin.py:188} INFO - [2026-03-28T18:44:49.099+0500] {dag.py:3947} INFO - Setting next_dagrun for sales_dwh_pipeline to None, run_after=None
[2026-03-28T18:44:49.127+0500] {processor.py:183} INFO - Processing /home/abayturar/airflow-project/dags/sales_dwh_pipeline.py took 0.073 seconds
[2026-03-28T18:45:38.273+0500] {processor.py:161} INFO - Started process (PID=22457) to work on /home/abayturar/airflow-project/dags/sales_dwh_pipeline.py
[2026-03-28T18:45:38.274+0500] {processor.py:830} INFO - Processing file /home/abayturar/airflow-project/dags/sales_dwh_pipeline.py for tasks to queue
[2026-03-28T18:45:38.276+0500] {logging_mixin.py:188} INFO - [2026-03-28T18:45:38.275+0500] {dagbag.py:545} INFO - Filling up the DagBag from /home/abayturar/airflow-project/dags/sales_dwh_pipeline.py
[2026-03-28T18:45:38.287+0500] {processor.py:840} INFO - DAG(s) 'sales_dwh_pipeline' retrieved from /home/abayturar/airflow-project/dags/sales_dwh_pipeline.py
[2026-03-28T18:45:38.302+0500] {logging_mixin.py:188} INFO - [2026-03-28T18:45:38.302+0500] {dag.py:3089} INFO - Sync 1 DAGs
[2026-03-28T18:45:38.312+0500] {logging_mixin.py:188} INFO - [2026-03-28T18:45:38.312+0500] {dag.py:3947} INFO - Setting next_dagrun for sales_dwh_pipeline to None, run_after=None
[2026-03-28T18:45:38.341+0500] {processor.py:183} INFO - Processing /home/abayturar/airflow-project/dags/sales_dwh_pipeline.py took 0.073 seconds
[2026-03-28T18:46:25.508+0500] {processor.py:161} INFO - Started process (PID=22583) to work on /home/abayturar/airflow-project/dags/sales_dwh_pipeline.py
[2026-03-28T18:46:25.509+0500] {processor.py:830} INFO - Processing file /home/abayturar/airflow-project/dags/sales_dwh_pipeline.py for tasks to queue
[2026-03-28T18:46:25.511+0500] {logging_mixin.py:188} INFO - [2026-03-28T18:46:25.510+0500] {dagbag.py:545} INFO - Filling up the DagBag from /home/abayturar/airflow-project/dags/sales_dwh_pipeline.py
[2026-03-28T18:46:25.523+0500] {processor.py:840} INFO - DAG(s) 'sales_dwh_pipeline' retrieved from /home/abayturar/airflow-project/dags/sales_dwh_pipeline.py
[2026-03-28T18:46:25.538+0500] {logging_mixin.py:188} INFO - [2026-03-28T18:46:25.538+0500] {dag.py:3089} INFO - Sync 1 DAGs
[2026-03-28T18:46:25.547+0500] {logging_mixin.py:188} INFO - [2026-03-28T18:46:25.547+0500] {dag.py:3947} INFO - Setting next_dagrun for sales_dwh_pipeline to None, run_after=None
[2026-03-28T18:46:25.563+0500] {processor.py:183} INFO - Processing /home/abayturar/airflow-project/dags/sales_dwh_pipeline.py took 0.061 seconds
[2026-03-28T18:47:13.356+0500] {processor.py:161} INFO - Started process (PID=22710) to work on /home/abayturar/airflow-project/dags/sales_dwh_pipeline.py
[2026-03-28T18:47:13.356+0500] {processor.py:830} INFO - Processing file /home/abayturar/airflow-project/dags/sales_dwh_pipeline.py for tasks to queue
[2026-03-28T18:47:13.358+0500] {logging_mixin.py:188} INFO - [2026-03-28T18:47:13.358+0500] {dagbag.py:545} INFO - Filling up the DagBag from /home/abayturar/airflow-project/dags/sales_dwh_pipeline.py
[2026-03-28T18:47:13.369+0500] {processor.py:840} INFO - DAG(s) 'sales_dwh_pipeline' retrieved from /home/abayturar/airflow-project/dags/sales_dwh_pipeline.py
[2026-03-28T18:47:13.385+0500] {logging_mixin.py:188} INFO - [2026-03-28T18:47:13.384+0500] {dag.py:3089} INFO - Sync 1 DAGs
[2026-03-28T18:47:13.394+0500] {logging_mixin.py:188} INFO - [2026-03-28T18:47:13.394+0500] {dag.py:3947} INFO - Setting next_dagrun for sales_dwh_pipeline to None, run_after=None
[2026-03-28T18:47:13.421+0500] {processor.py:183} INFO - Processing /home/abayturar/airflow-project/dags/sales_dwh_pipeline.py took 0.072 seconds
[2026-03-28T18:47:59.372+0500] {processor.py:161} INFO - Started process (PID=22836) to work on /home/abayturar/airflow-project/dags/sales_dwh_pipeline.py
[2026-03-28T18:47:59.373+0500] {processor.py:830} INFO - Processing file /home/abayturar/airflow-project/dags/sales_dwh_pipeline.py for tasks to queue
[2026-03-28T18:47:59.375+0500] {logging_mixin.py:188} INFO - [2026-03-28T18:47:59.374+0500] {dagbag.py:545} INFO - Filling up the DagBag from /home/abayturar/airflow-project/dags/sales_dwh_pipeline.py
[2026-03-28T18:47:59.389+0500] {processor.py:840} INFO - DAG(s) 'sales_dwh_pipeline' retrieved from /home/abayturar/airflow-project/dags/sales_dwh_pipeline.py
[2026-03-28T18:47:59.407+0500] {logging_mixin.py:188} INFO - [2026-03-28T18:47:59.407+0500] {dag.py:3089} INFO - Sync 1 DAGs
[2026-03-28T18:47:59.418+0500] {logging_mixin.py:188} INFO - [2026-03-28T18:47:59.418+0500] {dag.py:3947} INFO - Setting next_dagrun for sales_dwh_pipeline to None, run_after=None
[2026-03-28T18:47:59.445+0500] {processor.py:183} INFO - Processing /home/abayturar/airflow-project/dags/sales_dwh_pipeline.py took 0.081 seconds
[2026-03-28T18:48:41.770+0500] {processor.py:161} INFO - Started process (PID=22950) to work on /home/abayturar/airflow-project/dags/sales_dwh_pipeline.py
[2026-03-28T18:48:41.771+0500] {processor.py:830} INFO - Processing file /home/abayturar/airflow-project/dags/sales_dwh_pipeline.py for tasks to queue
[2026-03-28T18:48:41.773+0500] {logging_mixin.py:188} INFO - [2026-03-28T18:48:41.772+0500] {dagbag.py:545} INFO - Filling up the DagBag from /home/abayturar/airflow-project/dags/sales_dwh_pipeline.py
[2026-03-28T18:48:41.784+0500] {processor.py:840} INFO - DAG(s) 'sales_dwh_pipeline' retrieved from /home/abayturar/airflow-project/dags/sales_dwh_pipeline.py
[2026-03-28T18:48:41.800+0500] {logging_mixin.py:188} INFO - [2026-03-28T18:48:41.800+0500] {dag.py:3089} INFO - Sync 1 DAGs
[2026-03-28T18:48:41.808+0500] {logging_mixin.py:188} INFO - [2026-03-28T18:48:41.808+0500] {dag.py:3947} INFO - Setting next_dagrun for sales_dwh_pipeline to None, run_after=None
[2026-03-28T18:48:41.835+0500] {processor.py:183} INFO - Processing /home/abayturar/airflow-project/dags/sales_dwh_pipeline.py took 0.071 seconds
[2026-03-28T18:49:26.858+0500] {processor.py:161} INFO - Started process (PID=23071) to work on /home/abayturar/airflow-project/dags/sales_dwh_pipeline.py
[2026-03-28T18:49:26.859+0500] {processor.py:830} INFO - Processing file /home/abayturar/airflow-project/dags/sales_dwh_pipeline.py for tasks to queue
[2026-03-28T18:49:26.861+0500] {logging_mixin.py:188} INFO - [2026-03-28T18:49:26.861+0500] {dagbag.py:545} INFO - Filling up the DagBag from /home/abayturar/airflow-project/dags/sales_dwh_pipeline.py
[2026-03-28T18:49:26.875+0500] {processor.py:840} INFO - DAG(s) 'sales_dwh_pipeline' retrieved from /home/abayturar/airflow-project/dags/sales_dwh_pipeline.py
[2026-03-28T18:49:26.893+0500] {logging_mixin.py:188} INFO - [2026-03-28T18:49:26.892+0500] {dag.py:3089} INFO - Sync 1 DAGs
[2026-03-28T18:49:26.903+0500] {logging_mixin.py:188} INFO - [2026-03-28T18:49:26.903+0500] {dag.py:3947} INFO - Setting next_dagrun for sales_dwh_pipeline to None, run_after=None
[2026-03-28T18:49:26.931+0500] {processor.py:183} INFO - Processing /home/abayturar/airflow-project/dags/sales_dwh_pipeline.py took 0.081 seconds
[2026-03-28T18:50:12.848+0500] {processor.py:161} INFO - Started process (PID=23196) to work on /home/abayturar/airflow-project/dags/sales_dwh_pipeline.py
[2026-03-28T18:50:12.849+0500] {processor.py:830} INFO - Processing file /home/abayturar/airflow-project/dags/sales_dwh_pipeline.py for tasks to queue
[2026-03-28T18:50:12.851+0500] {logging_mixin.py:188} INFO - [2026-03-28T18:50:12.850+0500] {dagbag.py:545} INFO - Filling up the DagBag from /home/abayturar/airflow-project/dags/sales_dwh_pipeline.py
[2026-03-28T18:50:12.862+0500] {processor.py:840} INFO - DAG(s) 'sales_dwh_pipeline' retrieved from /home/abayturar/airflow-project/dags/sales_dwh_pipeline.py
[2026-03-28T18:50:12.877+0500] {logging_mixin.py:188} INFO - [2026-03-28T18:50:12.876+0500] {dag.py:3089} INFO - Sync 1 DAGs
[2026-03-28T18:50:12.885+0500] {logging_mixin.py:188} INFO - [2026-03-28T18:50:12.885+0500] {dag.py:3947} INFO - Setting next_dagrun for sales_dwh_pipeline to None, run_after=None
[2026-03-28T18:50:12.900+0500] {processor.py:183} INFO - Processing /home/abayturar/airflow-project/dags/sales_dwh_pipeline.py took 0.058 seconds
[2026-03-28T18:51:00.491+0500] {processor.py:161} INFO - Started process (PID=23323) to work on /home/abayturar/airflow-project/dags/sales_dwh_pipeline.py
[2026-03-28T18:51:00.491+0500] {processor.py:830} INFO - Processing file /home/abayturar/airflow-project/dags/sales_dwh_pipeline.py for tasks to queue
[2026-03-28T18:51:00.493+0500] {logging_mixin.py:188} INFO - [2026-03-28T18:51:00.493+0500] {dagbag.py:545} INFO - Filling up the DagBag from /home/abayturar/airflow-project/dags/sales_dwh_pipeline.py
[2026-03-28T18:51:00.505+0500] {processor.py:840} INFO - DAG(s) 'sales_dwh_pipeline' retrieved from /home/abayturar/airflow-project/dags/sales_dwh_pipeline.py
[2026-03-28T18:51:00.521+0500] {logging_mixin.py:188} INFO - [2026-03-28T18:51:00.521+0500] {dag.py:3089} INFO - Sync 1 DAGs
[2026-03-28T18:51:00.531+0500] {logging_mixin.py:188} INFO - [2026-03-28T18:51:00.531+0500] {dag.py:3947} INFO - Setting next_dagrun for sales_dwh_pipeline to None, run_after=None
[2026-03-28T18:51:00.548+0500] {processor.py:183} INFO - Processing /home/abayturar/airflow-project/dags/sales_dwh_pipeline.py took 0.063 seconds
[2026-03-28T18:51:47.189+0500] {processor.py:161} INFO - Started process (PID=23447) to work on /home/abayturar/airflow-project/dags/sales_dwh_pipeline.py
[2026-03-28T18:51:47.190+0500] {processor.py:830} INFO - Processing file /home/abayturar/airflow-project/dags/sales_dwh_pipeline.py for tasks to queue
[2026-03-28T18:51:47.192+0500] {logging_mixin.py:188} INFO - [2026-03-28T18:51:47.191+0500] {dagbag.py:545} INFO - Filling up the DagBag from /home/abayturar/airflow-project/dags/sales_dwh_pipeline.py
[2026-03-28T18:51:47.202+0500] {processor.py:840} INFO - DAG(s) 'sales_dwh_pipeline' retrieved from /home/abayturar/airflow-project/dags/sales_dwh_pipeline.py
[2026-03-28T18:51:47.217+0500] {logging_mixin.py:188} INFO - [2026-03-28T18:51:47.217+0500] {dag.py:3089} INFO - Sync 1 DAGs
[2026-03-28T18:51:47.227+0500] {logging_mixin.py:188} INFO - [2026-03-28T18:51:47.226+0500] {dag.py:3947} INFO - Setting next_dagrun for sales_dwh_pipeline to None, run_after=None
[2026-03-28T18:51:47.253+0500] {processor.py:183} INFO - Processing /home/abayturar/airflow-project/dags/sales_dwh_pipeline.py took 0.070 seconds
[2026-03-28T18:52:32.110+0500] {processor.py:161} INFO - Started process (PID=23568) to work on /home/abayturar/airflow-project/dags/sales_dwh_pipeline.py
[2026-03-28T18:52:32.111+0500] {processor.py:830} INFO - Processing file /home/abayturar/airflow-project/dags/sales_dwh_pipeline.py for tasks to queue
[2026-03-28T18:52:32.113+0500] {logging_mixin.py:188} INFO - [2026-03-28T18:52:32.113+0500] {dagbag.py:545} INFO - Filling up the DagBag from /home/abayturar/airflow-project/dags/sales_dwh_pipeline.py
[2026-03-28T18:52:32.132+0500] {processor.py:840} INFO - DAG(s) 'sales_dwh_pipeline' retrieved from /home/abayturar/airflow-project/dags/sales_dwh_pipeline.py
[2026-03-28T18:52:32.152+0500] {logging_mixin.py:188} INFO - [2026-03-28T18:52:32.151+0500] {dag.py:3089} INFO - Sync 1 DAGs
[2026-03-28T18:52:32.162+0500] {logging_mixin.py:188} INFO - [2026-03-28T18:52:32.162+0500] {dag.py:3947} INFO - Setting next_dagrun for sales_dwh_pipeline to None, run_after=None
[2026-03-28T18:52:32.195+0500] {processor.py:183} INFO - Processing /home/abayturar/airflow-project/dags/sales_dwh_pipeline.py took 0.092 seconds
[2026-03-28T18:53:17.542+0500] {processor.py:161} INFO - Started process (PID=23692) to work on /home/abayturar/airflow-project/dags/sales_dwh_pipeline.py
[2026-03-28T18:53:17.544+0500] {processor.py:830} INFO - Processing file /home/abayturar/airflow-project/dags/sales_dwh_pipeline.py for tasks to queue
[2026-03-28T18:53:17.546+0500] {logging_mixin.py:188} INFO - [2026-03-28T18:53:17.545+0500] {dagbag.py:545} INFO - Filling up the DagBag from /home/abayturar/airflow-project/dags/sales_dwh_pipeline.py
[2026-03-28T18:53:17.558+0500] {processor.py:840} INFO - DAG(s) 'sales_dwh_pipeline' retrieved from /home/abayturar/airflow-project/dags/sales_dwh_pipeline.py
[2026-03-28T18:53:17.574+0500] {logging_mixin.py:188} INFO - [2026-03-28T18:53:17.574+0500] {dag.py:3089} INFO - Sync 1 DAGs
[2026-03-28T18:53:17.583+0500] {logging_mixin.py:188} INFO - [2026-03-28T18:53:17.583+0500] {dag.py:3947} INFO - Setting next_dagrun for sales_dwh_pipeline to None, run_after=None
[2026-03-28T18:53:17.613+0500] {processor.py:183} INFO - Processing /home/abayturar/airflow-project/dags/sales_dwh_pipeline.py took 0.078 seconds
[2026-03-28T18:54:03.129+0500] {processor.py:161} INFO - Started process (PID=23814) to work on /home/abayturar/airflow-project/dags/sales_dwh_pipeline.py
[2026-03-28T18:54:03.130+0500] {processor.py:830} INFO - Processing file /home/abayturar/airflow-project/dags/sales_dwh_pipeline.py for tasks to queue
[2026-03-28T18:54:03.132+0500] {logging_mixin.py:188} INFO - [2026-03-28T18:54:03.132+0500] {dagbag.py:545} INFO - Filling up the DagBag from /home/abayturar/airflow-project/dags/sales_dwh_pipeline.py
[2026-03-28T18:54:03.144+0500] {processor.py:840} INFO - DAG(s) 'sales_dwh_pipeline' retrieved from /home/abayturar/airflow-project/dags/sales_dwh_pipeline.py
[2026-03-28T18:54:03.160+0500] {logging_mixin.py:188} INFO - [2026-03-28T18:54:03.160+0500] {dag.py:3089} INFO - Sync 1 DAGs
[2026-03-28T18:54:03.170+0500] {logging_mixin.py:188} INFO - [2026-03-28T18:54:03.170+0500] {dag.py:3947} INFO - Setting next_dagrun for sales_dwh_pipeline to None, run_after=None
[2026-03-28T18:54:03.186+0500] {processor.py:183} INFO - Processing /home/abayturar/airflow-project/dags/sales_dwh_pipeline.py took 0.063 seconds
[2026-03-28T18:54:47.596+0500] {processor.py:161} INFO - Started process (PID=23935) to work on /home/abayturar/airflow-project/dags/sales_dwh_pipeline.py
[2026-03-28T18:54:47.597+0500] {processor.py:830} INFO - Processing file /home/abayturar/airflow-project/dags/sales_dwh_pipeline.py for tasks to queue
[2026-03-28T18:54:47.599+0500] {logging_mixin.py:188} INFO - [2026-03-28T18:54:47.598+0500] {dagbag.py:545} INFO - Filling up the DagBag from /home/abayturar/airflow-project/dags/sales_dwh_pipeline.py
[2026-03-28T18:54:47.613+0500] {processor.py:840} INFO - DAG(s) 'sales_dwh_pipeline' retrieved from /home/abayturar/airflow-project/dags/sales_dwh_pipeline.py
[2026-03-28T18:54:47.634+0500] {logging_mixin.py:188} INFO - [2026-03-28T18:54:47.634+0500] {dag.py:3089} INFO - Sync 1 DAGs
[2026-03-28T18:54:47.646+0500] {logging_mixin.py:188} INFO - [2026-03-28T18:54:47.646+0500] {dag.py:3947} INFO - Setting next_dagrun for sales_dwh_pipeline to None, run_after=None
[2026-03-28T18:54:47.677+0500] {processor.py:183} INFO - Processing /home/abayturar/airflow-project/dags/sales_dwh_pipeline.py took 0.089 seconds
[2026-03-28T18:55:37.711+0500] {processor.py:161} INFO - Started process (PID=24065) to work on /home/abayturar/airflow-project/dags/sales_dwh_pipeline.py
[2026-03-28T18:55:37.712+0500] {processor.py:830} INFO - Processing file /home/abayturar/airflow-project/dags/sales_dwh_pipeline.py for tasks to queue
[2026-03-28T18:55:37.714+0500] {logging_mixin.py:188} INFO - [2026-03-28T18:55:37.714+0500] {dagbag.py:545} INFO - Filling up the DagBag from /home/abayturar/airflow-project/dags/sales_dwh_pipeline.py
[2026-03-28T18:55:37.728+0500] {processor.py:840} INFO - DAG(s) 'sales_dwh_pipeline' retrieved from /home/abayturar/airflow-project/dags/sales_dwh_pipeline.py
[2026-03-28T18:55:37.746+0500] {logging_mixin.py:188} INFO - [2026-03-28T18:55:37.746+0500] {dag.py:3089} INFO - Sync 1 DAGs
[2026-03-28T18:55:37.756+0500] {logging_mixin.py:188} INFO - [2026-03-28T18:55:37.756+0500] {dag.py:3947} INFO - Setting next_dagrun for sales_dwh_pipeline to None, run_after=None
[2026-03-28T18:55:37.786+0500] {processor.py:183} INFO - Processing /home/abayturar/airflow-project/dags/sales_dwh_pipeline.py took 0.082 seconds
[2026-03-28T18:56:31.024+0500] {processor.py:161} INFO - Started process (PID=24204) to work on /home/abayturar/airflow-project/dags/sales_dwh_pipeline.py
[2026-03-28T18:56:31.025+0500] {processor.py:830} INFO - Processing file /home/abayturar/airflow-project/dags/sales_dwh_pipeline.py for tasks to queue
[2026-03-28T18:56:31.027+0500] {logging_mixin.py:188} INFO - [2026-03-28T18:56:31.027+0500] {dagbag.py:545} INFO - Filling up the DagBag from /home/abayturar/airflow-project/dags/sales_dwh_pipeline.py
[2026-03-28T18:56:31.039+0500] {processor.py:840} INFO - DAG(s) 'sales_dwh_pipeline' retrieved from /home/abayturar/airflow-project/dags/sales_dwh_pipeline.py
[2026-03-28T18:56:31.056+0500] {logging_mixin.py:188} INFO - [2026-03-28T18:56:31.056+0500] {dag.py:3089} INFO - Sync 1 DAGs
[2026-03-28T18:56:31.066+0500] {logging_mixin.py:188} INFO - [2026-03-28T18:56:31.065+0500] {dag.py:3947} INFO - Setting next_dagrun for sales_dwh_pipeline to None, run_after=None
[2026-03-28T18:56:31.094+0500] {processor.py:183} INFO - Processing /home/abayturar/airflow-project/dags/sales_dwh_pipeline.py took 0.075 seconds
[2026-03-28T18:57:19.845+0500] {processor.py:161} INFO - Started process (PID=24332) to work on /home/abayturar/airflow-project/dags/sales_dwh_pipeline.py
[2026-03-28T18:57:19.846+0500] {processor.py:830} INFO - Processing file /home/abayturar/airflow-project/dags/sales_dwh_pipeline.py for tasks to queue
[2026-03-28T18:57:19.848+0500] {logging_mixin.py:188} INFO - [2026-03-28T18:57:19.848+0500] {dagbag.py:545} INFO - Filling up the DagBag from /home/abayturar/airflow-project/dags/sales_dwh_pipeline.py
[2026-03-28T18:57:19.860+0500] {processor.py:840} INFO - DAG(s) 'sales_dwh_pipeline' retrieved from /home/abayturar/airflow-project/dags/sales_dwh_pipeline.py
[2026-03-28T18:57:19.876+0500] {logging_mixin.py:188} INFO - [2026-03-28T18:57:19.875+0500] {dag.py:3089} INFO - Sync 1 DAGs
[2026-03-28T18:57:19.884+0500] {logging_mixin.py:188} INFO - [2026-03-28T18:57:19.884+0500] {dag.py:3947} INFO - Setting next_dagrun for sales_dwh_pipeline to None, run_after=None
[2026-03-28T18:57:19.911+0500] {processor.py:183} INFO - Processing /home/abayturar/airflow-project/dags/sales_dwh_pipeline.py took 0.072 seconds
[2026-03-28T18:58:06.846+0500] {processor.py:161} INFO - Started process (PID=24458) to work on /home/abayturar/airflow-project/dags/sales_dwh_pipeline.py
[2026-03-28T18:58:06.847+0500] {processor.py:830} INFO - Processing file /home/abayturar/airflow-project/dags/sales_dwh_pipeline.py for tasks to queue
[2026-03-28T18:58:06.849+0500] {logging_mixin.py:188} INFO - [2026-03-28T18:58:06.848+0500] {dagbag.py:545} INFO - Filling up the DagBag from /home/abayturar/airflow-project/dags/sales_dwh_pipeline.py
[2026-03-28T18:58:06.861+0500] {processor.py:840} INFO - DAG(s) 'sales_dwh_pipeline' retrieved from /home/abayturar/airflow-project/dags/sales_dwh_pipeline.py
[2026-03-28T18:58:06.879+0500] {logging_mixin.py:188} INFO - [2026-03-28T18:58:06.879+0500] {dag.py:3089} INFO - Sync 1 DAGs
[2026-03-28T18:58:06.889+0500] {logging_mixin.py:188} INFO - [2026-03-28T18:58:06.889+0500] {dag.py:3947} INFO - Setting next_dagrun for sales_dwh_pipeline to None, run_after=None
[2026-03-28T18:58:06.907+0500] {processor.py:183} INFO - Processing /home/abayturar/airflow-project/dags/sales_dwh_pipeline.py took 0.068 seconds
[2026-03-28T18:58:53.410+0500] {processor.py:161} INFO - Started process (PID=24584) to work on /home/abayturar/airflow-project/dags/sales_dwh_pipeline.py
[2026-03-28T18:58:53.411+0500] {processor.py:830} INFO - Processing file /home/abayturar/airflow-project/dags/sales_dwh_pipeline.py for tasks to queue
[2026-03-28T18:58:53.413+0500] {logging_mixin.py:188} INFO - [2026-03-28T18:58:53.413+0500] {dagbag.py:545} INFO - Filling up the DagBag from /home/abayturar/airflow-project/dags/sales_dwh_pipeline.py
[2026-03-28T18:58:53.424+0500] {processor.py:840} INFO - DAG(s) 'sales_dwh_pipeline' retrieved from /home/abayturar/airflow-project/dags/sales_dwh_pipeline.py
[2026-03-28T18:58:53.441+0500] {logging_mixin.py:188} INFO - [2026-03-28T18:58:53.441+0500] {dag.py:3089} INFO - Sync 1 DAGs
[2026-03-28T18:58:53.450+0500] {logging_mixin.py:188} INFO - [2026-03-28T18:58:53.449+0500] {dag.py:3947} INFO - Setting next_dagrun for sales_dwh_pipeline to None, run_after=None
[2026-03-28T18:58:53.477+0500] {processor.py:183} INFO - Processing /home/abayturar/airflow-project/dags/sales_dwh_pipeline.py took 0.072 seconds
[2026-03-28T18:59:40.806+0500] {processor.py:161} INFO - Started process (PID=24710) to work on /home/abayturar/airflow-project/dags/sales_dwh_pipeline.py
[2026-03-28T18:59:40.807+0500] {processor.py:830} INFO - Processing file /home/abayturar/airflow-project/dags/sales_dwh_pipeline.py for tasks to queue
[2026-03-28T18:59:40.809+0500] {logging_mixin.py:188} INFO - [2026-03-28T18:59:40.808+0500] {dagbag.py:545} INFO - Filling up the DagBag from /home/abayturar/airflow-project/dags/sales_dwh_pipeline.py
[2026-03-28T18:59:40.820+0500] {processor.py:840} INFO - DAG(s) 'sales_dwh_pipeline' retrieved from /home/abayturar/airflow-project/dags/sales_dwh_pipeline.py
[2026-03-28T18:59:40.834+0500] {logging_mixin.py:188} INFO - [2026-03-28T18:59:40.834+0500] {dag.py:3089} INFO - Sync 1 DAGs
[2026-03-28T18:59:40.843+0500] {logging_mixin.py:188} INFO - [2026-03-28T18:59:40.843+0500] {dag.py:3947} INFO - Setting next_dagrun for sales_dwh_pipeline to None, run_after=None
[2026-03-28T18:59:40.858+0500] {processor.py:183} INFO - Processing /home/abayturar/airflow-project/dags/sales_dwh_pipeline.py took 0.058 seconds
[2026-03-28T19:00:28.270+0500] {processor.py:161} INFO - Started process (PID=24838) to work on /home/abayturar/airflow-project/dags/sales_dwh_pipeline.py
[2026-03-28T19:00:28.271+0500] {processor.py:830} INFO - Processing file /home/abayturar/airflow-project/dags/sales_dwh_pipeline.py for tasks to queue
[2026-03-28T19:00:28.273+0500] {logging_mixin.py:188} INFO - [2026-03-28T19:00:28.272+0500] {dagbag.py:545} INFO - Filling up the DagBag from /home/abayturar/airflow-project/dags/sales_dwh_pipeline.py
[2026-03-28T19:00:28.284+0500] {processor.py:840} INFO - DAG(s) 'sales_dwh_pipeline' retrieved from /home/abayturar/airflow-project/dags/sales_dwh_pipeline.py
[2026-03-28T19:00:28.300+0500] {logging_mixin.py:188} INFO - [2026-03-28T19:00:28.300+0500] {dag.py:3089} INFO - Sync 1 DAGs
[2026-03-28T19:00:28.310+0500] {logging_mixin.py:188} INFO - [2026-03-28T19:00:28.309+0500] {dag.py:3947} INFO - Setting next_dagrun for sales_dwh_pipeline to None, run_after=None
[2026-03-28T19:00:28.339+0500] {processor.py:183} INFO - Processing /home/abayturar/airflow-project/dags/sales_dwh_pipeline.py took 0.075 seconds
[2026-03-28T19:01:14.644+0500] {processor.py:161} INFO - Started process (PID=24960) to work on /home/abayturar/airflow-project/dags/sales_dwh_pipeline.py
[2026-03-28T19:01:14.645+0500] {processor.py:830} INFO - Processing file /home/abayturar/airflow-project/dags/sales_dwh_pipeline.py for tasks to queue
[2026-03-28T19:01:14.647+0500] {logging_mixin.py:188} INFO - [2026-03-28T19:01:14.647+0500] {dagbag.py:545} INFO - Filling up the DagBag from /home/abayturar/airflow-project/dags/sales_dwh_pipeline.py
[2026-03-28T19:01:14.659+0500] {processor.py:840} INFO - DAG(s) 'sales_dwh_pipeline' retrieved from /home/abayturar/airflow-project/dags/sales_dwh_pipeline.py
[2026-03-28T19:01:14.675+0500] {logging_mixin.py:188} INFO - [2026-03-28T19:01:14.675+0500] {dag.py:3089} INFO - Sync 1 DAGs
[2026-03-28T19:01:14.685+0500] {logging_mixin.py:188} INFO - [2026-03-28T19:01:14.684+0500] {dag.py:3947} INFO - Setting next_dagrun for sales_dwh_pipeline to None, run_after=None
[2026-03-28T19:01:14.713+0500] {processor.py:183} INFO - Processing /home/abayturar/airflow-project/dags/sales_dwh_pipeline.py took 0.075 seconds
[2026-03-28T19:02:02.005+0500] {processor.py:161} INFO - Started process (PID=25090) to work on /home/abayturar/airflow-project/dags/sales_dwh_pipeline.py
[2026-03-28T19:02:02.005+0500] {processor.py:830} INFO - Processing file /home/abayturar/airflow-project/dags/sales_dwh_pipeline.py for tasks to queue
[2026-03-28T19:02:02.007+0500] {logging_mixin.py:188} INFO - [2026-03-28T19:02:02.007+0500] {dagbag.py:545} INFO - Filling up the DagBag from /home/abayturar/airflow-project/dags/sales_dwh_pipeline.py
[2026-03-28T19:02:02.020+0500] {processor.py:840} INFO - DAG(s) 'sales_dwh_pipeline' retrieved from /home/abayturar/airflow-project/dags/sales_dwh_pipeline.py
[2026-03-28T19:02:02.038+0500] {logging_mixin.py:188} INFO - [2026-03-28T19:02:02.037+0500] {dag.py:3089} INFO - Sync 1 DAGs
[2026-03-28T19:02:02.047+0500] {logging_mixin.py:188} INFO - [2026-03-28T19:02:02.047+0500] {dag.py:3947} INFO - Setting next_dagrun for sales_dwh_pipeline to None, run_after=None
[2026-03-28T19:02:02.064+0500] {processor.py:183} INFO - Processing /home/abayturar/airflow-project/dags/sales_dwh_pipeline.py took 0.066 seconds
[2026-03-28T19:02:45.200+0500] {processor.py:161} INFO - Started process (PID=25206) to work on /home/abayturar/airflow-project/dags/sales_dwh_pipeline.py
[2026-03-28T19:02:45.201+0500] {processor.py:830} INFO - Processing file /home/abayturar/airflow-project/dags/sales_dwh_pipeline.py for tasks to queue
[2026-03-28T19:02:45.203+0500] {logging_mixin.py:188} INFO - [2026-03-28T19:02:45.203+0500] {dagbag.py:545} INFO - Filling up the DagBag from /home/abayturar/airflow-project/dags/sales_dwh_pipeline.py
[2026-03-28T19:02:45.216+0500] {processor.py:840} INFO - DAG(s) 'sales_dwh_pipeline' retrieved from /home/abayturar/airflow-project/dags/sales_dwh_pipeline.py
[2026-03-28T19:02:45.233+0500] {logging_mixin.py:188} INFO - [2026-03-28T19:02:45.233+0500] {dag.py:3089} INFO - Sync 1 DAGs
[2026-03-28T19:02:45.243+0500] {logging_mixin.py:188} INFO - [2026-03-28T19:02:45.243+0500] {dag.py:3947} INFO - Setting next_dagrun for sales_dwh_pipeline to None, run_after=None
[2026-03-28T19:02:45.272+0500] {processor.py:183} INFO - Processing /home/abayturar/airflow-project/dags/sales_dwh_pipeline.py took 0.078 seconds
[2026-03-28T19:03:27.879+0500] {processor.py:161} INFO - Started process (PID=25324) to work on /home/abayturar/airflow-project/dags/sales_dwh_pipeline.py
[2026-03-28T19:03:27.880+0500] {processor.py:830} INFO - Processing file /home/abayturar/airflow-project/dags/sales_dwh_pipeline.py for tasks to queue
[2026-03-28T19:03:27.882+0500] {logging_mixin.py:188} INFO - [2026-03-28T19:03:27.881+0500] {dagbag.py:545} INFO - Filling up the DagBag from /home/abayturar/airflow-project/dags/sales_dwh_pipeline.py
[2026-03-28T19:03:27.895+0500] {processor.py:840} INFO - DAG(s) 'sales_dwh_pipeline' retrieved from /home/abayturar/airflow-project/dags/sales_dwh_pipeline.py
[2026-03-28T19:03:27.910+0500] {logging_mixin.py:188} INFO - [2026-03-28T19:03:27.910+0500] {dag.py:3089} INFO - Sync 1 DAGs
[2026-03-28T19:03:27.918+0500] {logging_mixin.py:188} INFO - [2026-03-28T19:03:27.918+0500] {dag.py:3947} INFO - Setting next_dagrun for sales_dwh_pipeline to None, run_after=None
[2026-03-28T19:03:27.944+0500] {processor.py:183} INFO - Processing /home/abayturar/airflow-project/dags/sales_dwh_pipeline.py took 0.071 seconds
[2026-03-28T19:04:16.028+0500] {processor.py:161} INFO - Started process (PID=25453) to work on /home/abayturar/airflow-project/dags/sales_dwh_pipeline.py
[2026-03-28T19:04:16.029+0500] {processor.py:830} INFO - Processing file /home/abayturar/airflow-project/dags/sales_dwh_pipeline.py for tasks to queue
[2026-03-28T19:04:16.032+0500] {logging_mixin.py:188} INFO - [2026-03-28T19:04:16.031+0500] {dagbag.py:545} INFO - Filling up the DagBag from /home/abayturar/airflow-project/dags/sales_dwh_pipeline.py
[2026-03-28T19:04:16.044+0500] {processor.py:840} INFO - DAG(s) 'sales_dwh_pipeline' retrieved from /home/abayturar/airflow-project/dags/sales_dwh_pipeline.py
[2026-03-28T19:04:16.062+0500] {logging_mixin.py:188} INFO - [2026-03-28T19:04:16.062+0500] {dag.py:3089} INFO - Sync 1 DAGs
[2026-03-28T19:04:16.071+0500] {logging_mixin.py:188} INFO - [2026-03-28T19:04:16.071+0500] {dag.py:3947} INFO - Setting next_dagrun for sales_dwh_pipeline to None, run_after=None
[2026-03-28T19:04:16.102+0500] {processor.py:183} INFO - Processing /home/abayturar/airflow-project/dags/sales_dwh_pipeline.py took 0.081 seconds
[2026-03-28T19:05:01.923+0500] {processor.py:161} INFO - Started process (PID=25577) to work on /home/abayturar/airflow-project/dags/sales_dwh_pipeline.py
[2026-03-28T19:05:01.923+0500] {processor.py:830} INFO - Processing file /home/abayturar/airflow-project/dags/sales_dwh_pipeline.py for tasks to queue
[2026-03-28T19:05:01.926+0500] {logging_mixin.py:188} INFO - [2026-03-28T19:05:01.925+0500] {dagbag.py:545} INFO - Filling up the DagBag from /home/abayturar/airflow-project/dags/sales_dwh_pipeline.py
[2026-03-28T19:05:01.937+0500] {processor.py:840} INFO - DAG(s) 'sales_dwh_pipeline' retrieved from /home/abayturar/airflow-project/dags/sales_dwh_pipeline.py
[2026-03-28T19:05:01.953+0500] {logging_mixin.py:188} INFO - [2026-03-28T19:05:01.952+0500] {dag.py:3089} INFO - Sync 1 DAGs
[2026-03-28T19:05:01.961+0500] {logging_mixin.py:188} INFO - [2026-03-28T19:05:01.961+0500] {dag.py:3947} INFO - Setting next_dagrun for sales_dwh_pipeline to None, run_after=None
[2026-03-28T19:05:01.977+0500] {processor.py:183} INFO - Processing /home/abayturar/airflow-project/dags/sales_dwh_pipeline.py took 0.060 seconds
[2026-03-28T19:05:44.592+0500] {processor.py:161} INFO - Started process (PID=25693) to work on /home/abayturar/airflow-project/dags/sales_dwh_pipeline.py
[2026-03-28T19:05:44.593+0500] {processor.py:830} INFO - Processing file /home/abayturar/airflow-project/dags/sales_dwh_pipeline.py for tasks to queue
[2026-03-28T19:05:44.594+0500] {logging_mixin.py:188} INFO - [2026-03-28T19:05:44.594+0500] {dagbag.py:545} INFO - Filling up the DagBag from /home/abayturar/airflow-project/dags/sales_dwh_pipeline.py
[2026-03-28T19:05:44.606+0500] {processor.py:840} INFO - DAG(s) 'sales_dwh_pipeline' retrieved from /home/abayturar/airflow-project/dags/sales_dwh_pipeline.py
[2026-03-28T19:05:44.622+0500] {logging_mixin.py:188} INFO - [2026-03-28T19:05:44.622+0500] {dag.py:3089} INFO - Sync 1 DAGs
[2026-03-28T19:05:44.631+0500] {logging_mixin.py:188} INFO - [2026-03-28T19:05:44.631+0500] {dag.py:3947} INFO - Setting next_dagrun for sales_dwh_pipeline to None, run_after=None
[2026-03-28T19:05:44.658+0500] {processor.py:183} INFO - Processing /home/abayturar/airflow-project/dags/sales_dwh_pipeline.py took 0.073 seconds
[2026-03-28T19:06:27.450+0500] {processor.py:161} INFO - Started process (PID=25808) to work on /home/abayturar/airflow-project/dags/sales_dwh_pipeline.py
[2026-03-28T19:06:27.451+0500] {processor.py:830} INFO - Processing file /home/abayturar/airflow-project/dags/sales_dwh_pipeline.py for tasks to queue
[2026-03-28T19:06:27.453+0500] {logging_mixin.py:188} INFO - [2026-03-28T19:06:27.452+0500] {dagbag.py:545} INFO - Filling up the DagBag from /home/abayturar/airflow-project/dags/sales_dwh_pipeline.py
[2026-03-28T19:06:27.464+0500] {processor.py:840} INFO - DAG(s) 'sales_dwh_pipeline' retrieved from /home/abayturar/airflow-project/dags/sales_dwh_pipeline.py
[2026-03-28T19:06:27.480+0500] {logging_mixin.py:188} INFO - [2026-03-28T19:06:27.480+0500] {dag.py:3089} INFO - Sync 1 DAGs
[2026-03-28T19:06:27.489+0500] {logging_mixin.py:188} INFO - [2026-03-28T19:06:27.488+0500] {dag.py:3947} INFO - Setting next_dagrun for sales_dwh_pipeline to None, run_after=None
[2026-03-28T19:06:27.518+0500] {processor.py:183} INFO - Processing /home/abayturar/airflow-project/dags/sales_dwh_pipeline.py took 0.075 seconds
[2026-03-28T19:07:10.517+0500] {processor.py:161} INFO - Started process (PID=25924) to work on /home/abayturar/airflow-project/dags/sales_dwh_pipeline.py
[2026-03-28T19:07:10.518+0500] {processor.py:830} INFO - Processing file /home/abayturar/airflow-project/dags/sales_dwh_pipeline.py for tasks to queue
[2026-03-28T19:07:10.520+0500] {logging_mixin.py:188} INFO - [2026-03-28T19:07:10.520+0500] {dagbag.py:545} INFO - Filling up the DagBag from /home/abayturar/airflow-project/dags/sales_dwh_pipeline.py
[2026-03-28T19:07:10.532+0500] {processor.py:840} INFO - DAG(s) 'sales_dwh_pipeline' retrieved from /home/abayturar/airflow-project/dags/sales_dwh_pipeline.py
[2026-03-28T19:07:10.548+0500] {logging_mixin.py:188} INFO - [2026-03-28T19:07:10.548+0500] {dag.py:3089} INFO - Sync 1 DAGs
[2026-03-28T19:07:10.557+0500] {logging_mixin.py:188} INFO - [2026-03-28T19:07:10.557+0500] {dag.py:3947} INFO - Setting next_dagrun for sales_dwh_pipeline to None, run_after=None
[2026-03-28T19:07:10.585+0500] {processor.py:183} INFO - Processing /home/abayturar/airflow-project/dags/sales_dwh_pipeline.py took 0.075 seconds
[2026-03-28T19:07:59.269+0500] {processor.py:161} INFO - Started process (PID=26056) to work on /home/abayturar/airflow-project/dags/sales_dwh_pipeline.py
[2026-03-28T19:07:59.269+0500] {processor.py:830} INFO - Processing file /home/abayturar/airflow-project/dags/sales_dwh_pipeline.py for tasks to queue
[2026-03-28T19:07:59.271+0500] {logging_mixin.py:188} INFO - [2026-03-28T19:07:59.271+0500] {dagbag.py:545} INFO - Filling up the DagBag from /home/abayturar/airflow-project/dags/sales_dwh_pipeline.py
[2026-03-28T19:07:59.282+0500] {processor.py:840} INFO - DAG(s) 'sales_dwh_pipeline' retrieved from /home/abayturar/airflow-project/dags/sales_dwh_pipeline.py
[2026-03-28T19:07:59.298+0500] {logging_mixin.py:188} INFO - [2026-03-28T19:07:59.298+0500] {dag.py:3089} INFO - Sync 1 DAGs
[2026-03-28T19:07:59.307+0500] {logging_mixin.py:188} INFO - [2026-03-28T19:07:59.307+0500] {dag.py:3947} INFO - Setting next_dagrun for sales_dwh_pipeline to None, run_after=None
[2026-03-28T19:07:59.336+0500] {processor.py:183} INFO - Processing /home/abayturar/airflow-project/dags/sales_dwh_pipeline.py took 0.073 seconds
[2026-03-28T19:08:49.110+0500] {processor.py:161} INFO - Started process (PID=26186) to work on /home/abayturar/airflow-project/dags/sales_dwh_pipeline.py
[2026-03-28T19:08:49.111+0500] {processor.py:830} INFO - Processing file /home/abayturar/airflow-project/dags/sales_dwh_pipeline.py for tasks to queue
[2026-03-28T19:08:49.113+0500] {logging_mixin.py:188} INFO - [2026-03-28T19:08:49.113+0500] {dagbag.py:545} INFO - Filling up the DagBag from /home/abayturar/airflow-project/dags/sales_dwh_pipeline.py
[2026-03-28T19:08:49.124+0500] {processor.py:840} INFO - DAG(s) 'sales_dwh_pipeline' retrieved from /home/abayturar/airflow-project/dags/sales_dwh_pipeline.py
[2026-03-28T19:08:49.140+0500] {logging_mixin.py:188} INFO - [2026-03-28T19:08:49.139+0500] {dag.py:3089} INFO - Sync 1 DAGs
[2026-03-28T19:08:49.148+0500] {logging_mixin.py:188} INFO - [2026-03-28T19:08:49.148+0500] {dag.py:3947} INFO - Setting next_dagrun for sales_dwh_pipeline to None, run_after=None
[2026-03-28T19:08:49.164+0500] {processor.py:183} INFO - Processing /home/abayturar/airflow-project/dags/sales_dwh_pipeline.py took 0.059 seconds
[2026-03-28T19:09:34.021+0500] {processor.py:161} INFO - Started process (PID=26308) to work on /home/abayturar/airflow-project/dags/sales_dwh_pipeline.py
[2026-03-28T19:09:34.022+0500] {processor.py:830} INFO - Processing file /home/abayturar/airflow-project/dags/sales_dwh_pipeline.py for tasks to queue
[2026-03-28T19:09:34.024+0500] {logging_mixin.py:188} INFO - [2026-03-28T19:09:34.024+0500] {dagbag.py:545} INFO - Filling up the DagBag from /home/abayturar/airflow-project/dags/sales_dwh_pipeline.py
[2026-03-28T19:09:34.040+0500] {processor.py:840} INFO - DAG(s) 'sales_dwh_pipeline' retrieved from /home/abayturar/airflow-project/dags/sales_dwh_pipeline.py
[2026-03-28T19:09:34.058+0500] {logging_mixin.py:188} INFO - [2026-03-28T19:09:34.058+0500] {dag.py:3089} INFO - Sync 1 DAGs
[2026-03-28T19:09:34.070+0500] {logging_mixin.py:188} INFO - [2026-03-28T19:09:34.070+0500] {dag.py:3947} INFO - Setting next_dagrun for sales_dwh_pipeline to None, run_after=None
[2026-03-28T19:09:34.090+0500] {processor.py:183} INFO - Processing /home/abayturar/airflow-project/dags/sales_dwh_pipeline.py took 0.076 seconds
[2026-03-28T19:10:19.353+0500] {processor.py:161} INFO - Started process (PID=26432) to work on /home/abayturar/airflow-project/dags/sales_dwh_pipeline.py
[2026-03-28T19:10:19.355+0500] {processor.py:830} INFO - Processing file /home/abayturar/airflow-project/dags/sales_dwh_pipeline.py for tasks to queue
[2026-03-28T19:10:19.356+0500] {logging_mixin.py:188} INFO - [2026-03-28T19:10:19.356+0500] {dagbag.py:545} INFO - Filling up the DagBag from /home/abayturar/airflow-project/dags/sales_dwh_pipeline.py
[2026-03-28T19:10:19.369+0500] {processor.py:840} INFO - DAG(s) 'sales_dwh_pipeline' retrieved from /home/abayturar/airflow-project/dags/sales_dwh_pipeline.py
[2026-03-28T19:10:19.386+0500] {logging_mixin.py:188} INFO - [2026-03-28T19:10:19.386+0500] {dag.py:3089} INFO - Sync 1 DAGs
[2026-03-28T19:10:19.397+0500] {logging_mixin.py:188} INFO - [2026-03-28T19:10:19.397+0500] {dag.py:3947} INFO - Setting next_dagrun for sales_dwh_pipeline to None, run_after=None
[2026-03-28T19:10:19.426+0500] {processor.py:183} INFO - Processing /home/abayturar/airflow-project/dags/sales_dwh_pipeline.py took 0.079 seconds
[2026-03-28T19:11:07.507+0500] {processor.py:161} INFO - Started process (PID=26558) to work on /home/abayturar/airflow-project/dags/sales_dwh_pipeline.py
[2026-03-28T19:11:07.508+0500] {processor.py:830} INFO - Processing file /home/abayturar/airflow-project/dags/sales_dwh_pipeline.py for tasks to queue
[2026-03-28T19:11:07.509+0500] {logging_mixin.py:188} INFO - [2026-03-28T19:11:07.509+0500] {dagbag.py:545} INFO - Filling up the DagBag from /home/abayturar/airflow-project/dags/sales_dwh_pipeline.py
[2026-03-28T19:11:07.523+0500] {processor.py:840} INFO - DAG(s) 'sales_dwh_pipeline' retrieved from /home/abayturar/airflow-project/dags/sales_dwh_pipeline.py
[2026-03-28T19:11:07.540+0500] {logging_mixin.py:188} INFO - [2026-03-28T19:11:07.540+0500] {dag.py:3089} INFO - Sync 1 DAGs
[2026-03-28T19:11:07.550+0500] {logging_mixin.py:188} INFO - [2026-03-28T19:11:07.550+0500] {dag.py:3947} INFO - Setting next_dagrun for sales_dwh_pipeline to None, run_after=None
[2026-03-28T19:11:07.579+0500] {processor.py:183} INFO - Processing /home/abayturar/airflow-project/dags/sales_dwh_pipeline.py took 0.079 seconds
[2026-03-28T19:11:55.407+0500] {processor.py:161} INFO - Started process (PID=26687) to work on /home/abayturar/airflow-project/dags/sales_dwh_pipeline.py
[2026-03-28T19:11:55.408+0500] {processor.py:830} INFO - Processing file /home/abayturar/airflow-project/dags/sales_dwh_pipeline.py for tasks to queue
[2026-03-28T19:11:55.410+0500] {logging_mixin.py:188} INFO - [2026-03-28T19:11:55.410+0500] {dagbag.py:545} INFO - Filling up the DagBag from /home/abayturar/airflow-project/dags/sales_dwh_pipeline.py
[2026-03-28T19:11:55.422+0500] {processor.py:840} INFO - DAG(s) 'sales_dwh_pipeline' retrieved from /home/abayturar/airflow-project/dags/sales_dwh_pipeline.py
[2026-03-28T19:11:55.438+0500] {logging_mixin.py:188} INFO - [2026-03-28T19:11:55.438+0500] {dag.py:3089} INFO - Sync 1 DAGs
[2026-03-28T19:11:55.447+0500] {logging_mixin.py:188} INFO - [2026-03-28T19:11:55.447+0500] {dag.py:3947} INFO - Setting next_dagrun for sales_dwh_pipeline to None, run_after=None
[2026-03-28T19:11:55.463+0500] {processor.py:183} INFO - Processing /home/abayturar/airflow-project/dags/sales_dwh_pipeline.py took 0.062 seconds
[2026-03-28T19:12:42.894+0500] {processor.py:161} INFO - Started process (PID=26814) to work on /home/abayturar/airflow-project/dags/sales_dwh_pipeline.py
[2026-03-28T19:12:42.895+0500] {processor.py:830} INFO - Processing file /home/abayturar/airflow-project/dags/sales_dwh_pipeline.py for tasks to queue
[2026-03-28T19:12:42.897+0500] {logging_mixin.py:188} INFO - [2026-03-28T19:12:42.897+0500] {dagbag.py:545} INFO - Filling up the DagBag from /home/abayturar/airflow-project/dags/sales_dwh_pipeline.py
[2026-03-28T19:12:42.908+0500] {processor.py:840} INFO - DAG(s) 'sales_dwh_pipeline' retrieved from /home/abayturar/airflow-project/dags/sales_dwh_pipeline.py
[2026-03-28T19:12:42.922+0500] {logging_mixin.py:188} INFO - [2026-03-28T19:12:42.922+0500] {dag.py:3089} INFO - Sync 1 DAGs
[2026-03-28T19:12:42.931+0500] {logging_mixin.py:188} INFO - [2026-03-28T19:12:42.930+0500] {dag.py:3947} INFO - Setting next_dagrun for sales_dwh_pipeline to None, run_after=None
[2026-03-28T19:12:42.959+0500] {processor.py:183} INFO - Processing /home/abayturar/airflow-project/dags/sales_dwh_pipeline.py took 0.071 seconds
[2026-03-28T19:13:30.071+0500] {processor.py:161} INFO - Started process (PID=26941) to work on /home/abayturar/airflow-project/dags/sales_dwh_pipeline.py
[2026-03-28T19:13:30.071+0500] {processor.py:830} INFO - Processing file /home/abayturar/airflow-project/dags/sales_dwh_pipeline.py for tasks to queue
[2026-03-28T19:13:30.073+0500] {logging_mixin.py:188} INFO - [2026-03-28T19:13:30.073+0500] {dagbag.py:545} INFO - Filling up the DagBag from /home/abayturar/airflow-project/dags/sales_dwh_pipeline.py
[2026-03-28T19:13:30.085+0500] {processor.py:840} INFO - DAG(s) 'sales_dwh_pipeline' retrieved from /home/abayturar/airflow-project/dags/sales_dwh_pipeline.py
[2026-03-28T19:13:30.100+0500] {logging_mixin.py:188} INFO - [2026-03-28T19:13:30.100+0500] {dag.py:3089} INFO - Sync 1 DAGs
[2026-03-28T19:13:30.109+0500] {logging_mixin.py:188} INFO - [2026-03-28T19:13:30.109+0500] {dag.py:3947} INFO - Setting next_dagrun for sales_dwh_pipeline to None, run_after=None
[2026-03-28T19:13:30.134+0500] {processor.py:183} INFO - Processing /home/abayturar/airflow-project/dags/sales_dwh_pipeline.py took 0.069 seconds
[2026-03-28T19:14:16.953+0500] {processor.py:161} INFO - Started process (PID=27066) to work on /home/abayturar/airflow-project/dags/sales_dwh_pipeline.py
[2026-03-28T19:14:16.954+0500] {processor.py:830} INFO - Processing file /home/abayturar/airflow-project/dags/sales_dwh_pipeline.py for tasks to queue
[2026-03-28T19:14:16.956+0500] {logging_mixin.py:188} INFO - [2026-03-28T19:14:16.956+0500] {dagbag.py:545} INFO - Filling up the DagBag from /home/abayturar/airflow-project/dags/sales_dwh_pipeline.py
[2026-03-28T19:14:16.969+0500] {processor.py:840} INFO - DAG(s) 'sales_dwh_pipeline' retrieved from /home/abayturar/airflow-project/dags/sales_dwh_pipeline.py
[2026-03-28T19:14:16.986+0500] {logging_mixin.py:188} INFO - [2026-03-28T19:14:16.986+0500] {dag.py:3089} INFO - Sync 1 DAGs
[2026-03-28T19:14:16.995+0500] {logging_mixin.py:188} INFO - [2026-03-28T19:14:16.995+0500] {dag.py:3947} INFO - Setting next_dagrun for sales_dwh_pipeline to None, run_after=None
[2026-03-28T19:14:17.024+0500] {processor.py:183} INFO - Processing /home/abayturar/airflow-project/dags/sales_dwh_pipeline.py took 0.078 seconds
[2026-03-28T19:15:05.113+0500] {processor.py:161} INFO - Started process (PID=27197) to work on /home/abayturar/airflow-project/dags/sales_dwh_pipeline.py
[2026-03-28T19:15:05.115+0500] {processor.py:830} INFO - Processing file /home/abayturar/airflow-project/dags/sales_dwh_pipeline.py for tasks to queue
[2026-03-28T19:15:05.117+0500] {logging_mixin.py:188} INFO - [2026-03-28T19:15:05.117+0500] {dagbag.py:545} INFO - Filling up the DagBag from /home/abayturar/airflow-project/dags/sales_dwh_pipeline.py
[2026-03-28T19:15:05.130+0500] {processor.py:840} INFO - DAG(s) 'sales_dwh_pipeline' retrieved from /home/abayturar/airflow-project/dags/sales_dwh_pipeline.py
[2026-03-28T19:15:05.146+0500] {logging_mixin.py:188} INFO - [2026-03-28T19:15:05.146+0500] {dag.py:3089} INFO - Sync 1 DAGs
[2026-03-28T19:15:05.156+0500] {logging_mixin.py:188} INFO - [2026-03-28T19:15:05.155+0500] {dag.py:3947} INFO - Setting next_dagrun for sales_dwh_pipeline to None, run_after=None
[2026-03-28T19:15:05.173+0500] {processor.py:183} INFO - Processing /home/abayturar/airflow-project/dags/sales_dwh_pipeline.py took 0.067 seconds
[2026-03-28T19:15:48.717+0500] {processor.py:161} INFO - Started process (PID=27314) to work on /home/abayturar/airflow-project/dags/sales_dwh_pipeline.py
[2026-03-28T19:15:48.718+0500] {processor.py:830} INFO - Processing file /home/abayturar/airflow-project/dags/sales_dwh_pipeline.py for tasks to queue
[2026-03-28T19:15:48.720+0500] {logging_mixin.py:188} INFO - [2026-03-28T19:15:48.719+0500] {dagbag.py:545} INFO - Filling up the DagBag from /home/abayturar/airflow-project/dags/sales_dwh_pipeline.py
[2026-03-28T19:15:48.733+0500] {processor.py:840} INFO - DAG(s) 'sales_dwh_pipeline' retrieved from /home/abayturar/airflow-project/dags/sales_dwh_pipeline.py
[2026-03-28T19:15:48.754+0500] {logging_mixin.py:188} INFO - [2026-03-28T19:15:48.753+0500] {dag.py:3089} INFO - Sync 1 DAGs
[2026-03-28T19:15:48.767+0500] {logging_mixin.py:188} INFO - [2026-03-28T19:15:48.766+0500] {dag.py:3947} INFO - Setting next_dagrun for sales_dwh_pipeline to None, run_after=None
[2026-03-28T19:15:48.795+0500] {processor.py:183} INFO - Processing /home/abayturar/airflow-project/dags/sales_dwh_pipeline.py took 0.085 seconds
[2026-03-28T19:16:36.076+0500] {processor.py:161} INFO - Started process (PID=27440) to work on /home/abayturar/airflow-project/dags/sales_dwh_pipeline.py
[2026-03-28T19:16:36.077+0500] {processor.py:830} INFO - Processing file /home/abayturar/airflow-project/dags/sales_dwh_pipeline.py for tasks to queue
[2026-03-28T19:16:36.079+0500] {logging_mixin.py:188} INFO - [2026-03-28T19:16:36.078+0500] {dagbag.py:545} INFO - Filling up the DagBag from /home/abayturar/airflow-project/dags/sales_dwh_pipeline.py
[2026-03-28T19:16:36.090+0500] {processor.py:840} INFO - DAG(s) 'sales_dwh_pipeline' retrieved from /home/abayturar/airflow-project/dags/sales_dwh_pipeline.py
[2026-03-28T19:16:36.104+0500] {logging_mixin.py:188} INFO - [2026-03-28T19:16:36.104+0500] {dag.py:3089} INFO - Sync 1 DAGs
[2026-03-28T19:16:36.112+0500] {logging_mixin.py:188} INFO - [2026-03-28T19:16:36.112+0500] {dag.py:3947} INFO - Setting next_dagrun for sales_dwh_pipeline to None, run_after=None
[2026-03-28T19:16:36.141+0500] {processor.py:183} INFO - Processing /home/abayturar/airflow-project/dags/sales_dwh_pipeline.py took 0.071 seconds
[2026-03-28T19:17:22.156+0500] {processor.py:161} INFO - Started process (PID=27564) to work on /home/abayturar/airflow-project/dags/sales_dwh_pipeline.py
[2026-03-28T19:17:22.158+0500] {processor.py:830} INFO - Processing file /home/abayturar/airflow-project/dags/sales_dwh_pipeline.py for tasks to queue
[2026-03-28T19:17:22.161+0500] {logging_mixin.py:188} INFO - [2026-03-28T19:17:22.160+0500] {dagbag.py:545} INFO - Filling up the DagBag from /home/abayturar/airflow-project/dags/sales_dwh_pipeline.py
[2026-03-28T19:17:22.175+0500] {processor.py:840} INFO - DAG(s) 'sales_dwh_pipeline' retrieved from /home/abayturar/airflow-project/dags/sales_dwh_pipeline.py
[2026-03-28T19:17:22.196+0500] {logging_mixin.py:188} INFO - [2026-03-28T19:17:22.196+0500] {dag.py:3089} INFO - Sync 1 DAGs
[2026-03-28T19:17:22.206+0500] {logging_mixin.py:188} INFO - [2026-03-28T19:17:22.205+0500] {dag.py:3947} INFO - Setting next_dagrun for sales_dwh_pipeline to None, run_after=None
[2026-03-28T19:17:22.234+0500] {processor.py:183} INFO - Processing /home/abayturar/airflow-project/dags/sales_dwh_pipeline.py took 0.086 seconds
[2026-03-28T19:18:08.377+0500] {processor.py:161} INFO - Started process (PID=27691) to work on /home/abayturar/airflow-project/dags/sales_dwh_pipeline.py
[2026-03-28T19:18:08.378+0500] {processor.py:830} INFO - Processing file /home/abayturar/airflow-project/dags/sales_dwh_pipeline.py for tasks to queue
[2026-03-28T19:18:08.381+0500] {logging_mixin.py:188} INFO - [2026-03-28T19:18:08.380+0500] {dagbag.py:545} INFO - Filling up the DagBag from /home/abayturar/airflow-project/dags/sales_dwh_pipeline.py
[2026-03-28T19:18:08.402+0500] {processor.py:840} INFO - DAG(s) 'sales_dwh_pipeline' retrieved from /home/abayturar/airflow-project/dags/sales_dwh_pipeline.py
[2026-03-28T19:18:08.427+0500] {logging_mixin.py:188} INFO - [2026-03-28T19:18:08.427+0500] {dag.py:3089} INFO - Sync 1 DAGs
[2026-03-28T19:18:08.440+0500] {logging_mixin.py:188} INFO - [2026-03-28T19:18:08.440+0500] {dag.py:3947} INFO - Setting next_dagrun for sales_dwh_pipeline to None, run_after=None
[2026-03-28T19:18:08.475+0500] {processor.py:183} INFO - Processing /home/abayturar/airflow-project/dags/sales_dwh_pipeline.py took 0.107 seconds
[2026-03-28T19:18:50.646+0500] {processor.py:161} INFO - Started process (PID=27803) to work on /home/abayturar/airflow-project/dags/sales_dwh_pipeline.py
[2026-03-28T19:18:50.647+0500] {processor.py:830} INFO - Processing file /home/abayturar/airflow-project/dags/sales_dwh_pipeline.py for tasks to queue
[2026-03-28T19:18:50.649+0500] {logging_mixin.py:188} INFO - [2026-03-28T19:18:50.648+0500] {dagbag.py:545} INFO - Filling up the DagBag from /home/abayturar/airflow-project/dags/sales_dwh_pipeline.py
[2026-03-28T19:18:50.664+0500] {processor.py:840} INFO - DAG(s) 'sales_dwh_pipeline' retrieved from /home/abayturar/airflow-project/dags/sales_dwh_pipeline.py
[2026-03-28T19:18:50.682+0500] {logging_mixin.py:188} INFO - [2026-03-28T19:18:50.681+0500] {dag.py:3089} INFO - Sync 1 DAGs
[2026-03-28T19:18:50.692+0500] {logging_mixin.py:188} INFO - [2026-03-28T19:18:50.692+0500] {dag.py:3947} INFO - Setting next_dagrun for sales_dwh_pipeline to None, run_after=None
[2026-03-28T19:18:50.720+0500] {processor.py:183} INFO - Processing /home/abayturar/airflow-project/dags/sales_dwh_pipeline.py took 0.081 seconds
[2026-03-28T19:19:38.418+0500] {processor.py:161} INFO - Started process (PID=27934) to work on /home/abayturar/airflow-project/dags/sales_dwh_pipeline.py
[2026-03-28T19:19:38.419+0500] {processor.py:830} INFO - Processing file /home/abayturar/airflow-project/dags/sales_dwh_pipeline.py for tasks to queue
[2026-03-28T19:19:38.420+0500] {logging_mixin.py:188} INFO - [2026-03-28T19:19:38.420+0500] {dagbag.py:545} INFO - Filling up the DagBag from /home/abayturar/airflow-project/dags/sales_dwh_pipeline.py
[2026-03-28T19:19:38.432+0500] {processor.py:840} INFO - DAG(s) 'sales_dwh_pipeline' retrieved from /home/abayturar/airflow-project/dags/sales_dwh_pipeline.py
[2026-03-28T19:19:38.448+0500] {logging_mixin.py:188} INFO - [2026-03-28T19:19:38.447+0500] {dag.py:3089} INFO - Sync 1 DAGs
[2026-03-28T19:19:38.457+0500] {logging_mixin.py:188} INFO - [2026-03-28T19:19:38.457+0500] {dag.py:3947} INFO - Setting next_dagrun for sales_dwh_pipeline to None, run_after=None
[2026-03-28T19:19:38.474+0500] {processor.py:183} INFO - Processing /home/abayturar/airflow-project/dags/sales_dwh_pipeline.py took 0.063 seconds
[2026-03-28T19:20:25.022+0500] {processor.py:161} INFO - Started process (PID=28058) to work on /home/abayturar/airflow-project/dags/sales_dwh_pipeline.py
[2026-03-28T19:20:25.023+0500] {processor.py:830} INFO - Processing file /home/abayturar/airflow-project/dags/sales_dwh_pipeline.py for tasks to queue
[2026-03-28T19:20:25.025+0500] {logging_mixin.py:188} INFO - [2026-03-28T19:20:25.025+0500] {dagbag.py:545} INFO - Filling up the DagBag from /home/abayturar/airflow-project/dags/sales_dwh_pipeline.py
[2026-03-28T19:20:25.040+0500] {processor.py:840} INFO - DAG(s) 'sales_dwh_pipeline' retrieved from /home/abayturar/airflow-project/dags/sales_dwh_pipeline.py
[2026-03-28T19:20:25.058+0500] {logging_mixin.py:188} INFO - [2026-03-28T19:20:25.058+0500] {dag.py:3089} INFO - Sync 1 DAGs
[2026-03-28T19:20:25.068+0500] {logging_mixin.py:188} INFO - [2026-03-28T19:20:25.068+0500] {dag.py:3947} INFO - Setting next_dagrun for sales_dwh_pipeline to None, run_after=None
[2026-03-28T19:20:25.097+0500] {processor.py:183} INFO - Processing /home/abayturar/airflow-project/dags/sales_dwh_pipeline.py took 0.082 seconds
[2026-03-28T19:21:10.863+0500] {processor.py:161} INFO - Started process (PID=28184) to work on /home/abayturar/airflow-project/dags/sales_dwh_pipeline.py
[2026-03-28T19:21:10.864+0500] {processor.py:830} INFO - Processing file /home/abayturar/airflow-project/dags/sales_dwh_pipeline.py for tasks to queue
[2026-03-28T19:21:10.865+0500] {logging_mixin.py:188} INFO - [2026-03-28T19:21:10.865+0500] {dagbag.py:545} INFO - Filling up the DagBag from /home/abayturar/airflow-project/dags/sales_dwh_pipeline.py
[2026-03-28T19:21:10.877+0500] {processor.py:840} INFO - DAG(s) 'sales_dwh_pipeline' retrieved from /home/abayturar/airflow-project/dags/sales_dwh_pipeline.py
[2026-03-28T19:21:10.893+0500] {logging_mixin.py:188} INFO - [2026-03-28T19:21:10.893+0500] {dag.py:3089} INFO - Sync 1 DAGs
[2026-03-28T19:21:10.904+0500] {logging_mixin.py:188} INFO - [2026-03-28T19:21:10.904+0500] {dag.py:3947} INFO - Setting next_dagrun for sales_dwh_pipeline to None, run_after=None
[2026-03-28T19:21:10.933+0500] {processor.py:183} INFO - Processing /home/abayturar/airflow-project/dags/sales_dwh_pipeline.py took 0.077 seconds
[2026-03-28T19:21:55.156+0500] {processor.py:161} INFO - Started process (PID=28339) to work on /home/abayturar/airflow-project/dags/sales_dwh_pipeline.py
[2026-03-28T19:21:55.157+0500] {processor.py:830} INFO - Processing file /home/abayturar/airflow-project/dags/sales_dwh_pipeline.py for tasks to queue
[2026-03-28T19:21:55.158+0500] {logging_mixin.py:188} INFO - [2026-03-28T19:21:55.158+0500] {dagbag.py:545} INFO - Filling up the DagBag from /home/abayturar/airflow-project/dags/sales_dwh_pipeline.py
[2026-03-28T19:21:55.169+0500] {processor.py:840} INFO - DAG(s) 'sales_dwh_pipeline' retrieved from /home/abayturar/airflow-project/dags/sales_dwh_pipeline.py
[2026-03-28T19:21:55.184+0500] {logging_mixin.py:188} INFO - [2026-03-28T19:21:55.184+0500] {dag.py:3089} INFO - Sync 1 DAGs
[2026-03-28T19:21:55.193+0500] {logging_mixin.py:188} INFO - [2026-03-28T19:21:55.193+0500] {dag.py:3947} INFO - Setting next_dagrun for sales_dwh_pipeline to None, run_after=None
[2026-03-28T19:21:55.220+0500] {processor.py:183} INFO - Processing /home/abayturar/airflow-project/dags/sales_dwh_pipeline.py took 0.070 seconds
[2026-03-28T19:22:36.856+0500] {processor.py:161} INFO - Started process (PID=28452) to work on /home/abayturar/airflow-project/dags/sales_dwh_pipeline.py
[2026-03-28T19:22:36.857+0500] {processor.py:830} INFO - Processing file /home/abayturar/airflow-project/dags/sales_dwh_pipeline.py for tasks to queue
[2026-03-28T19:22:36.859+0500] {logging_mixin.py:188} INFO - [2026-03-28T19:22:36.859+0500] {dagbag.py:545} INFO - Filling up the DagBag from /home/abayturar/airflow-project/dags/sales_dwh_pipeline.py
[2026-03-28T19:22:36.870+0500] {processor.py:840} INFO - DAG(s) 'sales_dwh_pipeline' retrieved from /home/abayturar/airflow-project/dags/sales_dwh_pipeline.py
[2026-03-28T19:22:36.886+0500] {logging_mixin.py:188} INFO - [2026-03-28T19:22:36.886+0500] {dag.py:3089} INFO - Sync 1 DAGs
[2026-03-28T19:22:36.896+0500] {logging_mixin.py:188} INFO - [2026-03-28T19:22:36.895+0500] {dag.py:3947} INFO - Setting next_dagrun for sales_dwh_pipeline to None, run_after=None
[2026-03-28T19:22:36.926+0500] {processor.py:183} INFO - Processing /home/abayturar/airflow-project/dags/sales_dwh_pipeline.py took 0.076 seconds
[2026-03-28T19:23:23.638+0500] {processor.py:161} INFO - Started process (PID=28580) to work on /home/abayturar/airflow-project/dags/sales_dwh_pipeline.py
[2026-03-28T19:23:23.639+0500] {processor.py:830} INFO - Processing file /home/abayturar/airflow-project/dags/sales_dwh_pipeline.py for tasks to queue
[2026-03-28T19:23:23.641+0500] {logging_mixin.py:188} INFO - [2026-03-28T19:23:23.640+0500] {dagbag.py:545} INFO - Filling up the DagBag from /home/abayturar/airflow-project/dags/sales_dwh_pipeline.py
[2026-03-28T19:23:23.654+0500] {processor.py:840} INFO - DAG(s) 'sales_dwh_pipeline' retrieved from /home/abayturar/airflow-project/dags/sales_dwh_pipeline.py
[2026-03-28T19:23:23.675+0500] {logging_mixin.py:188} INFO - [2026-03-28T19:23:23.674+0500] {dag.py:3089} INFO - Sync 1 DAGs
[2026-03-28T19:23:23.685+0500] {logging_mixin.py:188} INFO - [2026-03-28T19:23:23.685+0500] {dag.py:3947} INFO - Setting next_dagrun for sales_dwh_pipeline to None, run_after=None
[2026-03-28T19:23:23.716+0500] {processor.py:183} INFO - Processing /home/abayturar/airflow-project/dags/sales_dwh_pipeline.py took 0.087 seconds
[2026-03-28T19:24:10.132+0500] {processor.py:161} INFO - Started process (PID=28707) to work on /home/abayturar/airflow-project/dags/sales_dwh_pipeline.py
[2026-03-28T19:24:10.133+0500] {processor.py:830} INFO - Processing file /home/abayturar/airflow-project/dags/sales_dwh_pipeline.py for tasks to queue
[2026-03-28T19:24:10.135+0500] {logging_mixin.py:188} INFO - [2026-03-28T19:24:10.135+0500] {dagbag.py:545} INFO - Filling up the DagBag from /home/abayturar/airflow-project/dags/sales_dwh_pipeline.py
[2026-03-28T19:24:10.147+0500] {processor.py:840} INFO - DAG(s) 'sales_dwh_pipeline' retrieved from /home/abayturar/airflow-project/dags/sales_dwh_pipeline.py
[2026-03-28T19:24:10.163+0500] {logging_mixin.py:188} INFO - [2026-03-28T19:24:10.163+0500] {dag.py:3089} INFO - Sync 1 DAGs
[2026-03-28T19:24:10.173+0500] {logging_mixin.py:188} INFO - [2026-03-28T19:24:10.172+0500] {dag.py:3947} INFO - Setting next_dagrun for sales_dwh_pipeline to None, run_after=None
[2026-03-28T19:24:10.202+0500] {processor.py:183} INFO - Processing /home/abayturar/airflow-project/dags/sales_dwh_pipeline.py took 0.076 seconds
[2026-03-28T19:24:57.073+0500] {processor.py:161} INFO - Started process (PID=28832) to work on /home/abayturar/airflow-project/dags/sales_dwh_pipeline.py
[2026-03-28T19:24:57.074+0500] {processor.py:830} INFO - Processing file /home/abayturar/airflow-project/dags/sales_dwh_pipeline.py for tasks to queue
[2026-03-28T19:24:57.075+0500] {logging_mixin.py:188} INFO - [2026-03-28T19:24:57.075+0500] {dagbag.py:545} INFO - Filling up the DagBag from /home/abayturar/airflow-project/dags/sales_dwh_pipeline.py
[2026-03-28T19:24:57.090+0500] {processor.py:840} INFO - DAG(s) 'sales_dwh_pipeline' retrieved from /home/abayturar/airflow-project/dags/sales_dwh_pipeline.py
[2026-03-28T19:24:57.109+0500] {logging_mixin.py:188} INFO - [2026-03-28T19:24:57.108+0500] {dag.py:3089} INFO - Sync 1 DAGs
[2026-03-28T19:24:57.118+0500] {logging_mixin.py:188} INFO - [2026-03-28T19:24:57.118+0500] {dag.py:3947} INFO - Setting next_dagrun for sales_dwh_pipeline to None, run_after=None
[2026-03-28T19:24:57.139+0500] {processor.py:183} INFO - Processing /home/abayturar/airflow-project/dags/sales_dwh_pipeline.py took 0.074 seconds
[2026-03-28T19:25:42.639+0500] {processor.py:161} INFO - Started process (PID=28955) to work on /home/abayturar/airflow-project/dags/sales_dwh_pipeline.py
[2026-03-28T19:25:42.640+0500] {processor.py:830} INFO - Processing file /home/abayturar/airflow-project/dags/sales_dwh_pipeline.py for tasks to queue
[2026-03-28T19:25:42.642+0500] {logging_mixin.py:188} INFO - [2026-03-28T19:25:42.642+0500] {dagbag.py:545} INFO - Filling up the DagBag from /home/abayturar/airflow-project/dags/sales_dwh_pipeline.py
[2026-03-28T19:25:42.655+0500] {processor.py:840} INFO - DAG(s) 'sales_dwh_pipeline' retrieved from /home/abayturar/airflow-project/dags/sales_dwh_pipeline.py
[2026-03-28T19:25:42.673+0500] {logging_mixin.py:188} INFO - [2026-03-28T19:25:42.673+0500] {dag.py:3089} INFO - Sync 1 DAGs
[2026-03-28T19:25:42.683+0500] {logging_mixin.py:188} INFO - [2026-03-28T19:25:42.683+0500] {dag.py:3947} INFO - Setting next_dagrun for sales_dwh_pipeline to None, run_after=None
[2026-03-28T19:25:42.715+0500] {processor.py:183} INFO - Processing /home/abayturar/airflow-project/dags/sales_dwh_pipeline.py took 0.084 seconds
[2026-03-28T19:26:27.832+0500] {processor.py:161} INFO - Started process (PID=29078) to work on /home/abayturar/airflow-project/dags/sales_dwh_pipeline.py
[2026-03-28T19:26:27.833+0500] {processor.py:830} INFO - Processing file /home/abayturar/airflow-project/dags/sales_dwh_pipeline.py for tasks to queue
[2026-03-28T19:26:27.835+0500] {logging_mixin.py:188} INFO - [2026-03-28T19:26:27.835+0500] {dagbag.py:545} INFO - Filling up the DagBag from /home/abayturar/airflow-project/dags/sales_dwh_pipeline.py
[2026-03-28T19:26:27.847+0500] {processor.py:840} INFO - DAG(s) 'sales_dwh_pipeline' retrieved from /home/abayturar/airflow-project/dags/sales_dwh_pipeline.py
[2026-03-28T19:26:27.864+0500] {logging_mixin.py:188} INFO - [2026-03-28T19:26:27.863+0500] {dag.py:3089} INFO - Sync 1 DAGs
[2026-03-28T19:26:27.873+0500] {logging_mixin.py:188} INFO - [2026-03-28T19:26:27.873+0500] {dag.py:3947} INFO - Setting next_dagrun for sales_dwh_pipeline to None, run_after=None
[2026-03-28T19:26:27.900+0500] {processor.py:183} INFO - Processing /home/abayturar/airflow-project/dags/sales_dwh_pipeline.py took 0.075 seconds
[2026-03-28T19:27:16.498+0500] {processor.py:161} INFO - Started process (PID=29206) to work on /home/abayturar/airflow-project/dags/sales_dwh_pipeline.py
[2026-03-28T19:27:16.499+0500] {processor.py:830} INFO - Processing file /home/abayturar/airflow-project/dags/sales_dwh_pipeline.py for tasks to queue
[2026-03-28T19:27:16.500+0500] {logging_mixin.py:188} INFO - [2026-03-28T19:27:16.500+0500] {dagbag.py:545} INFO - Filling up the DagBag from /home/abayturar/airflow-project/dags/sales_dwh_pipeline.py
[2026-03-28T19:27:16.512+0500] {processor.py:840} INFO - DAG(s) 'sales_dwh_pipeline' retrieved from /home/abayturar/airflow-project/dags/sales_dwh_pipeline.py
[2026-03-28T19:27:16.528+0500] {logging_mixin.py:188} INFO - [2026-03-28T19:27:16.528+0500] {dag.py:3089} INFO - Sync 1 DAGs
[2026-03-28T19:27:16.537+0500] {logging_mixin.py:188} INFO - [2026-03-28T19:27:16.537+0500] {dag.py:3947} INFO - Setting next_dagrun for sales_dwh_pipeline to None, run_after=None
[2026-03-28T19:27:16.564+0500] {processor.py:183} INFO - Processing /home/abayturar/airflow-project/dags/sales_dwh_pipeline.py took 0.073 seconds
[2026-03-28T19:28:04.219+0500] {processor.py:161} INFO - Started process (PID=29337) to work on /home/abayturar/airflow-project/dags/sales_dwh_pipeline.py
[2026-03-28T19:28:04.220+0500] {processor.py:830} INFO - Processing file /home/abayturar/airflow-project/dags/sales_dwh_pipeline.py for tasks to queue
[2026-03-28T19:28:04.222+0500] {logging_mixin.py:188} INFO - [2026-03-28T19:28:04.222+0500] {dagbag.py:545} INFO - Filling up the DagBag from /home/abayturar/airflow-project/dags/sales_dwh_pipeline.py
[2026-03-28T19:28:04.235+0500] {processor.py:840} INFO - DAG(s) 'sales_dwh_pipeline' retrieved from /home/abayturar/airflow-project/dags/sales_dwh_pipeline.py
[2026-03-28T19:28:04.251+0500] {logging_mixin.py:188} INFO - [2026-03-28T19:28:04.251+0500] {dag.py:3089} INFO - Sync 1 DAGs
[2026-03-28T19:28:04.260+0500] {logging_mixin.py:188} INFO - [2026-03-28T19:28:04.260+0500] {dag.py:3947} INFO - Setting next_dagrun for sales_dwh_pipeline to None, run_after=None
[2026-03-28T19:28:04.287+0500] {processor.py:183} INFO - Processing /home/abayturar/airflow-project/dags/sales_dwh_pipeline.py took 0.076 seconds
[2026-03-28T19:28:52.771+0500] {processor.py:161} INFO - Started process (PID=29464) to work on /home/abayturar/airflow-project/dags/sales_dwh_pipeline.py
[2026-03-28T19:28:52.772+0500] {processor.py:830} INFO - Processing file /home/abayturar/airflow-project/dags/sales_dwh_pipeline.py for tasks to queue
[2026-03-28T19:28:52.774+0500] {logging_mixin.py:188} INFO - [2026-03-28T19:28:52.773+0500] {dagbag.py:545} INFO - Filling up the DagBag from /home/abayturar/airflow-project/dags/sales_dwh_pipeline.py
[2026-03-28T19:28:52.785+0500] {processor.py:840} INFO - DAG(s) 'sales_dwh_pipeline' retrieved from /home/abayturar/airflow-project/dags/sales_dwh_pipeline.py
[2026-03-28T19:28:52.800+0500] {logging_mixin.py:188} INFO - [2026-03-28T19:28:52.800+0500] {dag.py:3089} INFO - Sync 1 DAGs
[2026-03-28T19:28:52.808+0500] {logging_mixin.py:188} INFO - [2026-03-28T19:28:52.808+0500] {dag.py:3947} INFO - Setting next_dagrun for sales_dwh_pipeline to None, run_after=None
[2026-03-28T19:28:52.834+0500] {processor.py:183} INFO - Processing /home/abayturar/airflow-project/dags/sales_dwh_pipeline.py took 0.069 seconds
[2026-03-28T19:29:39.359+0500] {processor.py:161} INFO - Started process (PID=29661) to work on /home/abayturar/airflow-project/dags/sales_dwh_pipeline.py
[2026-03-28T19:29:39.360+0500] {processor.py:830} INFO - Processing file /home/abayturar/airflow-project/dags/sales_dwh_pipeline.py for tasks to queue
[2026-03-28T19:29:39.362+0500] {logging_mixin.py:188} INFO - [2026-03-28T19:29:39.361+0500] {dagbag.py:545} INFO - Filling up the DagBag from /home/abayturar/airflow-project/dags/sales_dwh_pipeline.py
[2026-03-28T19:29:39.375+0500] {processor.py:840} INFO - DAG(s) 'sales_dwh_pipeline' retrieved from /home/abayturar/airflow-project/dags/sales_dwh_pipeline.py
[2026-03-28T19:29:39.390+0500] {logging_mixin.py:188} INFO - [2026-03-28T19:29:39.390+0500] {dag.py:3089} INFO - Sync 1 DAGs
[2026-03-28T19:29:39.399+0500] {logging_mixin.py:188} INFO - [2026-03-28T19:29:39.399+0500] {dag.py:3947} INFO - Setting next_dagrun for sales_dwh_pipeline to None, run_after=None
[2026-03-28T19:29:39.425+0500] {processor.py:183} INFO - Processing /home/abayturar/airflow-project/dags/sales_dwh_pipeline.py took 0.073 seconds
[2026-03-28T19:30:33.716+0500] {processor.py:161} INFO - Started process (PID=29823) to work on /home/abayturar/airflow-project/dags/sales_dwh_pipeline.py
[2026-03-28T19:30:33.717+0500] {processor.py:830} INFO - Processing file /home/abayturar/airflow-project/dags/sales_dwh_pipeline.py for tasks to queue
[2026-03-28T19:30:33.719+0500] {logging_mixin.py:188} INFO - [2026-03-28T19:30:33.719+0500] {dagbag.py:545} INFO - Filling up the DagBag from /home/abayturar/airflow-project/dags/sales_dwh_pipeline.py
[2026-03-28T19:30:33.732+0500] {processor.py:840} INFO - DAG(s) 'sales_dwh_pipeline' retrieved from /home/abayturar/airflow-project/dags/sales_dwh_pipeline.py
[2026-03-28T19:30:33.748+0500] {logging_mixin.py:188} INFO - [2026-03-28T19:30:33.748+0500] {dag.py:3089} INFO - Sync 1 DAGs
[2026-03-28T19:30:33.757+0500] {logging_mixin.py:188} INFO - [2026-03-28T19:30:33.757+0500] {dag.py:3947} INFO - Setting next_dagrun for sales_dwh_pipeline to None, run_after=None
[2026-03-28T19:30:33.773+0500] {processor.py:183} INFO - Processing /home/abayturar/airflow-project/dags/sales_dwh_pipeline.py took 0.064 seconds
[2026-03-28T19:30:45.140+0500] {processor.py:161} INFO - Started process (PID=29868) to work on /home/abayturar/airflow-project/dags/sales_dwh_pipeline.py
[2026-03-28T19:30:45.141+0500] {processor.py:830} INFO - Processing file /home/abayturar/airflow-project/dags/sales_dwh_pipeline.py for tasks to queue
[2026-03-28T19:30:45.143+0500] {logging_mixin.py:188} INFO - [2026-03-28T19:30:45.142+0500] {dagbag.py:545} INFO - Filling up the DagBag from /home/abayturar/airflow-project/dags/sales_dwh_pipeline.py
[2026-03-28T19:30:45.156+0500] {processor.py:840} INFO - DAG(s) 'sales_dwh_pipeline' retrieved from /home/abayturar/airflow-project/dags/sales_dwh_pipeline.py
[2026-03-28T19:30:45.174+0500] {logging_mixin.py:188} INFO - [2026-03-28T19:30:45.174+0500] {taskinstance.py:2907} ERROR - {'DAG Id': 'sales_dwh_pipeline', 'Task Id': 'load_staging', 'Run Id': 'manual__2026-03-28T14:30:41.306537+00:00', 'Hostname': 'DESKTOP-I2ADLC6.localdomain'}
[2026-03-28T19:30:45.187+0500] {logging_mixin.py:188} INFO - [2026-03-28T19:30:45.187+0500] {taskinstance.py:1206} INFO - Marking task as UP_FOR_RETRY. dag_id=sales_dwh_pipeline, task_id=load_staging, run_id=manual__2026-03-28T14:30:41.306537+00:00, execution_date=20260328T143041, start_date=20260328T143044, end_date=20260328T143045
[2026-03-28T19:30:45.192+0500] {processor.py:791} INFO - Executed failure callback for <TaskInstance: sales_dwh_pipeline.load_staging manual__2026-03-28T14:30:41.306537+00:00 [up_for_retry]> in state up_for_retry
[2026-03-28T19:30:45.204+0500] {logging_mixin.py:188} INFO - [2026-03-28T19:30:45.204+0500] {dag.py:3089} INFO - Sync 1 DAGs
[2026-03-28T19:30:45.209+0500] {logging_mixin.py:188} INFO - [2026-03-28T19:30:45.209+0500] {dag.py:3947} INFO - Setting next_dagrun for sales_dwh_pipeline to None, run_after=None
[2026-03-28T19:30:45.224+0500] {processor.py:183} INFO - Processing /home/abayturar/airflow-project/dags/sales_dwh_pipeline.py took 0.090 seconds
[2026-03-28T19:31:23.971+0500] {processor.py:161} INFO - Started process (PID=29972) to work on /home/abayturar/airflow-project/dags/sales_dwh_pipeline.py
[2026-03-28T19:31:23.972+0500] {processor.py:830} INFO - Processing file /home/abayturar/airflow-project/dags/sales_dwh_pipeline.py for tasks to queue
[2026-03-28T19:31:23.974+0500] {logging_mixin.py:188} INFO - [2026-03-28T19:31:23.974+0500] {dagbag.py:545} INFO - Filling up the DagBag from /home/abayturar/airflow-project/dags/sales_dwh_pipeline.py
[2026-03-28T19:31:23.988+0500] {processor.py:840} INFO - DAG(s) 'sales_dwh_pipeline' retrieved from /home/abayturar/airflow-project/dags/sales_dwh_pipeline.py
[2026-03-28T19:31:24.006+0500] {logging_mixin.py:188} INFO - [2026-03-28T19:31:24.005+0500] {dag.py:3089} INFO - Sync 1 DAGs
[2026-03-28T19:31:24.016+0500] {logging_mixin.py:188} INFO - [2026-03-28T19:31:24.016+0500] {dag.py:3947} INFO - Setting next_dagrun for sales_dwh_pipeline to None, run_after=None
[2026-03-28T19:31:24.037+0500] {processor.py:183} INFO - Processing /home/abayturar/airflow-project/dags/sales_dwh_pipeline.py took 0.073 seconds
[2026-03-28T19:31:57.571+0500] {processor.py:161} INFO - Started process (PID=30067) to work on /home/abayturar/airflow-project/dags/sales_dwh_pipeline.py
[2026-03-28T19:31:57.572+0500] {processor.py:830} INFO - Processing file /home/abayturar/airflow-project/dags/sales_dwh_pipeline.py for tasks to queue
[2026-03-28T19:31:57.574+0500] {logging_mixin.py:188} INFO - [2026-03-28T19:31:57.574+0500] {dagbag.py:545} INFO - Filling up the DagBag from /home/abayturar/airflow-project/dags/sales_dwh_pipeline.py
[2026-03-28T19:31:57.589+0500] {processor.py:840} INFO - DAG(s) 'sales_dwh_pipeline' retrieved from /home/abayturar/airflow-project/dags/sales_dwh_pipeline.py
[2026-03-28T19:31:57.611+0500] {logging_mixin.py:188} INFO - [2026-03-28T19:31:57.611+0500] {dag.py:3089} INFO - Sync 1 DAGs
[2026-03-28T19:31:57.623+0500] {logging_mixin.py:188} INFO - [2026-03-28T19:31:57.623+0500] {dag.py:3947} INFO - Setting next_dagrun for sales_dwh_pipeline to None, run_after=None
[2026-03-28T19:31:57.646+0500] {processor.py:183} INFO - Processing /home/abayturar/airflow-project/dags/sales_dwh_pipeline.py took 0.084 seconds
[2026-03-28T19:32:33.601+0500] {processor.py:161} INFO - Started process (PID=30168) to work on /home/abayturar/airflow-project/dags/sales_dwh_pipeline.py
[2026-03-28T19:32:33.602+0500] {processor.py:830} INFO - Processing file /home/abayturar/airflow-project/dags/sales_dwh_pipeline.py for tasks to queue
[2026-03-28T19:32:33.604+0500] {logging_mixin.py:188} INFO - [2026-03-28T19:32:33.604+0500] {dagbag.py:545} INFO - Filling up the DagBag from /home/abayturar/airflow-project/dags/sales_dwh_pipeline.py
[2026-03-28T19:32:33.615+0500] {processor.py:840} INFO - DAG(s) 'sales_dwh_pipeline' retrieved from /home/abayturar/airflow-project/dags/sales_dwh_pipeline.py
[2026-03-28T19:32:33.631+0500] {logging_mixin.py:188} INFO - [2026-03-28T19:32:33.631+0500] {dag.py:3089} INFO - Sync 1 DAGs
[2026-03-28T19:32:33.640+0500] {logging_mixin.py:188} INFO - [2026-03-28T19:32:33.640+0500] {dag.py:3947} INFO - Setting next_dagrun for sales_dwh_pipeline to None, run_after=None
[2026-03-28T19:32:33.656+0500] {processor.py:183} INFO - Processing /home/abayturar/airflow-project/dags/sales_dwh_pipeline.py took 0.062 seconds
[2026-03-28T19:33:07.436+0500] {processor.py:161} INFO - Started process (PID=30268) to work on /home/abayturar/airflow-project/dags/sales_dwh_pipeline.py
[2026-03-28T19:33:07.437+0500] {processor.py:830} INFO - Processing file /home/abayturar/airflow-project/dags/sales_dwh_pipeline.py for tasks to queue
[2026-03-28T19:33:07.439+0500] {logging_mixin.py:188} INFO - [2026-03-28T19:33:07.439+0500] {dagbag.py:545} INFO - Filling up the DagBag from /home/abayturar/airflow-project/dags/sales_dwh_pipeline.py
[2026-03-28T19:33:07.452+0500] {processor.py:840} INFO - DAG(s) 'sales_dwh_pipeline' retrieved from /home/abayturar/airflow-project/dags/sales_dwh_pipeline.py
[2026-03-28T19:33:07.469+0500] {logging_mixin.py:188} INFO - [2026-03-28T19:33:07.469+0500] {dag.py:3089} INFO - Sync 1 DAGs
[2026-03-28T19:33:07.479+0500] {logging_mixin.py:188} INFO - [2026-03-28T19:33:07.479+0500] {dag.py:3947} INFO - Setting next_dagrun for sales_dwh_pipeline to None, run_after=None
[2026-03-28T19:33:07.497+0500] {processor.py:183} INFO - Processing /home/abayturar/airflow-project/dags/sales_dwh_pipeline.py took 0.068 seconds
[2026-03-28T19:33:41.100+0500] {processor.py:161} INFO - Started process (PID=30365) to work on /home/abayturar/airflow-project/dags/sales_dwh_pipeline.py
[2026-03-28T19:33:41.101+0500] {processor.py:830} INFO - Processing file /home/abayturar/airflow-project/dags/sales_dwh_pipeline.py for tasks to queue
[2026-03-28T19:33:41.103+0500] {logging_mixin.py:188} INFO - [2026-03-28T19:33:41.102+0500] {dagbag.py:545} INFO - Filling up the DagBag from /home/abayturar/airflow-project/dags/sales_dwh_pipeline.py
[2026-03-28T19:33:41.115+0500] {processor.py:840} INFO - DAG(s) 'sales_dwh_pipeline' retrieved from /home/abayturar/airflow-project/dags/sales_dwh_pipeline.py
[2026-03-28T19:33:41.132+0500] {logging_mixin.py:188} INFO - [2026-03-28T19:33:41.132+0500] {dag.py:3089} INFO - Sync 1 DAGs
[2026-03-28T19:33:41.142+0500] {logging_mixin.py:188} INFO - [2026-03-28T19:33:41.141+0500] {dag.py:3947} INFO - Setting next_dagrun for sales_dwh_pipeline to None, run_after=None
[2026-03-28T19:33:41.161+0500] {processor.py:183} INFO - Processing /home/abayturar/airflow-project/dags/sales_dwh_pipeline.py took 0.068 seconds
[2026-03-28T19:35:02.317+0500] {processor.py:161} INFO - Started process (PID=30527) to work on /home/abayturar/airflow-project/dags/sales_dwh_pipeline.py
[2026-03-28T19:35:02.318+0500] {processor.py:830} INFO - Processing file /home/abayturar/airflow-project/dags/sales_dwh_pipeline.py for tasks to queue
[2026-03-28T19:35:02.321+0500] {logging_mixin.py:188} INFO - [2026-03-28T19:35:02.320+0500] {dagbag.py:545} INFO - Filling up the DagBag from /home/abayturar/airflow-project/dags/sales_dwh_pipeline.py
[2026-03-28T19:35:02.340+0500] {processor.py:840} INFO - DAG(s) 'sales_dwh_pipeline' retrieved from /home/abayturar/airflow-project/dags/sales_dwh_pipeline.py
[2026-03-28T19:35:02.362+0500] {logging_mixin.py:188} INFO - [2026-03-28T19:35:02.362+0500] {dag.py:3089} INFO - Sync 1 DAGs
[2026-03-28T19:35:02.371+0500] {logging_mixin.py:188} INFO - [2026-03-28T19:35:02.371+0500] {dag.py:3947} INFO - Setting next_dagrun for sales_dwh_pipeline to None, run_after=None
[2026-03-28T19:35:02.387+0500] {processor.py:183} INFO - Processing /home/abayturar/airflow-project/dags/sales_dwh_pipeline.py took 0.079 seconds
[2026-03-28T19:36:04.945+0500] {processor.py:161} INFO - Started process (PID=30748) to work on /home/abayturar/airflow-project/dags/sales_dwh_pipeline.py
[2026-03-28T19:36:04.946+0500] {processor.py:830} INFO - Processing file /home/abayturar/airflow-project/dags/sales_dwh_pipeline.py for tasks to queue
[2026-03-28T19:36:04.948+0500] {logging_mixin.py:188} INFO - [2026-03-28T19:36:04.948+0500] {dagbag.py:545} INFO - Filling up the DagBag from /home/abayturar/airflow-project/dags/sales_dwh_pipeline.py
[2026-03-28T19:36:04.961+0500] {processor.py:840} INFO - DAG(s) 'sales_dwh_pipeline' retrieved from /home/abayturar/airflow-project/dags/sales_dwh_pipeline.py
[2026-03-28T19:36:04.978+0500] {logging_mixin.py:188} INFO - [2026-03-28T19:36:04.978+0500] {dag.py:3089} INFO - Sync 1 DAGs
[2026-03-28T19:36:04.988+0500] {logging_mixin.py:188} INFO - [2026-03-28T19:36:04.988+0500] {dag.py:3947} INFO - Setting next_dagrun for sales_dwh_pipeline to None, run_after=None
[2026-03-28T19:36:05.006+0500] {processor.py:183} INFO - Processing /home/abayturar/airflow-project/dags/sales_dwh_pipeline.py took 0.067 seconds
[2026-03-28T19:36:57.846+0500] {processor.py:161} INFO - Started process (PID=30890) to work on /home/abayturar/airflow-project/dags/sales_dwh_pipeline.py
[2026-03-28T19:36:57.847+0500] {processor.py:830} INFO - Processing file /home/abayturar/airflow-project/dags/sales_dwh_pipeline.py for tasks to queue
[2026-03-28T19:36:57.848+0500] {logging_mixin.py:188} INFO - [2026-03-28T19:36:57.848+0500] {dagbag.py:545} INFO - Filling up the DagBag from /home/abayturar/airflow-project/dags/sales_dwh_pipeline.py
[2026-03-28T19:36:57.862+0500] {processor.py:840} INFO - DAG(s) 'sales_dwh_pipeline' retrieved from /home/abayturar/airflow-project/dags/sales_dwh_pipeline.py
[2026-03-28T19:36:57.879+0500] {logging_mixin.py:188} INFO - [2026-03-28T19:36:57.879+0500] {dag.py:3089} INFO - Sync 1 DAGs
[2026-03-28T19:36:57.889+0500] {logging_mixin.py:188} INFO - [2026-03-28T19:36:57.889+0500] {dag.py:3947} INFO - Setting next_dagrun for sales_dwh_pipeline to None, run_after=None
[2026-03-28T19:36:57.918+0500] {processor.py:183} INFO - Processing /home/abayturar/airflow-project/dags/sales_dwh_pipeline.py took 0.079 seconds
[2026-03-28T19:37:44.309+0500] {processor.py:161} INFO - Started process (PID=31016) to work on /home/abayturar/airflow-project/dags/sales_dwh_pipeline.py
[2026-03-28T19:37:44.310+0500] {processor.py:830} INFO - Processing file /home/abayturar/airflow-project/dags/sales_dwh_pipeline.py for tasks to queue
[2026-03-28T19:37:44.311+0500] {logging_mixin.py:188} INFO - [2026-03-28T19:37:44.311+0500] {dagbag.py:545} INFO - Filling up the DagBag from /home/abayturar/airflow-project/dags/sales_dwh_pipeline.py
[2026-03-28T19:37:44.322+0500] {processor.py:840} INFO - DAG(s) 'sales_dwh_pipeline' retrieved from /home/abayturar/airflow-project/dags/sales_dwh_pipeline.py
[2026-03-28T19:37:44.338+0500] {logging_mixin.py:188} INFO - [2026-03-28T19:37:44.337+0500] {dag.py:3089} INFO - Sync 1 DAGs
[2026-03-28T19:37:44.346+0500] {logging_mixin.py:188} INFO - [2026-03-28T19:37:44.346+0500] {dag.py:3947} INFO - Setting next_dagrun for sales_dwh_pipeline to None, run_after=None
[2026-03-28T19:37:44.373+0500] {processor.py:183} INFO - Processing /home/abayturar/airflow-project/dags/sales_dwh_pipeline.py took 0.070 seconds
[2026-03-28T19:38:30.446+0500] {processor.py:161} INFO - Started process (PID=31143) to work on /home/abayturar/airflow-project/dags/sales_dwh_pipeline.py
[2026-03-28T19:38:30.447+0500] {processor.py:830} INFO - Processing file /home/abayturar/airflow-project/dags/sales_dwh_pipeline.py for tasks to queue
[2026-03-28T19:38:30.448+0500] {logging_mixin.py:188} INFO - [2026-03-28T19:38:30.448+0500] {dagbag.py:545} INFO - Filling up the DagBag from /home/abayturar/airflow-project/dags/sales_dwh_pipeline.py
[2026-03-28T19:38:30.460+0500] {processor.py:840} INFO - DAG(s) 'sales_dwh_pipeline' retrieved from /home/abayturar/airflow-project/dags/sales_dwh_pipeline.py
[2026-03-28T19:38:30.475+0500] {logging_mixin.py:188} INFO - [2026-03-28T19:38:30.475+0500] {dag.py:3089} INFO - Sync 1 DAGs
[2026-03-28T19:38:30.483+0500] {logging_mixin.py:188} INFO - [2026-03-28T19:38:30.483+0500] {dag.py:3947} INFO - Setting next_dagrun for sales_dwh_pipeline to None, run_after=None
[2026-03-28T19:38:30.509+0500] {processor.py:183} INFO - Processing /home/abayturar/airflow-project/dags/sales_dwh_pipeline.py took 0.069 seconds
[2026-03-28T19:39:13.972+0500] {processor.py:161} INFO - Started process (PID=31262) to work on /home/abayturar/airflow-project/dags/sales_dwh_pipeline.py
[2026-03-28T19:39:13.973+0500] {processor.py:830} INFO - Processing file /home/abayturar/airflow-project/dags/sales_dwh_pipeline.py for tasks to queue
[2026-03-28T19:39:13.974+0500] {logging_mixin.py:188} INFO - [2026-03-28T19:39:13.974+0500] {dagbag.py:545} INFO - Filling up the DagBag from /home/abayturar/airflow-project/dags/sales_dwh_pipeline.py
[2026-03-28T19:39:13.985+0500] {processor.py:840} INFO - DAG(s) 'sales_dwh_pipeline' retrieved from /home/abayturar/airflow-project/dags/sales_dwh_pipeline.py
[2026-03-28T19:39:14.001+0500] {logging_mixin.py:188} INFO - [2026-03-28T19:39:14.001+0500] {dag.py:3089} INFO - Sync 1 DAGs
[2026-03-28T19:39:14.010+0500] {logging_mixin.py:188} INFO - [2026-03-28T19:39:14.010+0500] {dag.py:3947} INFO - Setting next_dagrun for sales_dwh_pipeline to None, run_after=None
[2026-03-28T19:39:14.037+0500] {processor.py:183} INFO - Processing /home/abayturar/airflow-project/dags/sales_dwh_pipeline.py took 0.071 seconds
[2026-03-28T19:39:59.316+0500] {processor.py:161} INFO - Started process (PID=31385) to work on /home/abayturar/airflow-project/dags/sales_dwh_pipeline.py
[2026-03-28T19:39:59.317+0500] {processor.py:830} INFO - Processing file /home/abayturar/airflow-project/dags/sales_dwh_pipeline.py for tasks to queue
[2026-03-28T19:39:59.319+0500] {logging_mixin.py:188} INFO - [2026-03-28T19:39:59.318+0500] {dagbag.py:545} INFO - Filling up the DagBag from /home/abayturar/airflow-project/dags/sales_dwh_pipeline.py
[2026-03-28T19:39:59.332+0500] {processor.py:840} INFO - DAG(s) 'sales_dwh_pipeline' retrieved from /home/abayturar/airflow-project/dags/sales_dwh_pipeline.py
[2026-03-28T19:39:59.351+0500] {logging_mixin.py:188} INFO - [2026-03-28T19:39:59.351+0500] {dag.py:3089} INFO - Sync 1 DAGs
[2026-03-28T19:39:59.361+0500] {logging_mixin.py:188} INFO - [2026-03-28T19:39:59.361+0500] {dag.py:3947} INFO - Setting next_dagrun for sales_dwh_pipeline to None, run_after=None
[2026-03-28T19:39:59.389+0500] {processor.py:183} INFO - Processing /home/abayturar/airflow-project/dags/sales_dwh_pipeline.py took 0.080 seconds
[2026-03-28T19:40:45.563+0500] {processor.py:161} INFO - Started process (PID=31509) to work on /home/abayturar/airflow-project/dags/sales_dwh_pipeline.py
[2026-03-28T19:40:45.564+0500] {processor.py:830} INFO - Processing file /home/abayturar/airflow-project/dags/sales_dwh_pipeline.py for tasks to queue
[2026-03-28T19:40:45.565+0500] {logging_mixin.py:188} INFO - [2026-03-28T19:40:45.565+0500] {dagbag.py:545} INFO - Filling up the DagBag from /home/abayturar/airflow-project/dags/sales_dwh_pipeline.py
[2026-03-28T19:40:45.576+0500] {processor.py:840} INFO - DAG(s) 'sales_dwh_pipeline' retrieved from /home/abayturar/airflow-project/dags/sales_dwh_pipeline.py
[2026-03-28T19:40:45.592+0500] {logging_mixin.py:188} INFO - [2026-03-28T19:40:45.592+0500] {dag.py:3089} INFO - Sync 1 DAGs
[2026-03-28T19:40:45.600+0500] {logging_mixin.py:188} INFO - [2026-03-28T19:40:45.600+0500] {dag.py:3947} INFO - Setting next_dagrun for sales_dwh_pipeline to None, run_after=None
[2026-03-28T19:40:45.628+0500] {processor.py:183} INFO - Processing /home/abayturar/airflow-project/dags/sales_dwh_pipeline.py took 0.071 seconds
[2026-03-28T19:41:28.906+0500] {processor.py:161} INFO - Started process (PID=31626) to work on /home/abayturar/airflow-project/dags/sales_dwh_pipeline.py
[2026-03-28T19:41:28.907+0500] {processor.py:830} INFO - Processing file /home/abayturar/airflow-project/dags/sales_dwh_pipeline.py for tasks to queue
[2026-03-28T19:41:28.909+0500] {logging_mixin.py:188} INFO - [2026-03-28T19:41:28.908+0500] {dagbag.py:545} INFO - Filling up the DagBag from /home/abayturar/airflow-project/dags/sales_dwh_pipeline.py
[2026-03-28T19:41:28.919+0500] {processor.py:840} INFO - DAG(s) 'sales_dwh_pipeline' retrieved from /home/abayturar/airflow-project/dags/sales_dwh_pipeline.py
[2026-03-28T19:41:28.935+0500] {logging_mixin.py:188} INFO - [2026-03-28T19:41:28.935+0500] {dag.py:3089} INFO - Sync 1 DAGs
[2026-03-28T19:41:28.944+0500] {logging_mixin.py:188} INFO - [2026-03-28T19:41:28.944+0500] {dag.py:3947} INFO - Setting next_dagrun for sales_dwh_pipeline to None, run_after=None
[2026-03-28T19:41:28.972+0500] {processor.py:183} INFO - Processing /home/abayturar/airflow-project/dags/sales_dwh_pipeline.py took 0.072 seconds
[2026-03-28T19:42:16.439+0500] {processor.py:161} INFO - Started process (PID=31756) to work on /home/abayturar/airflow-project/dags/sales_dwh_pipeline.py
[2026-03-28T19:42:16.439+0500] {processor.py:830} INFO - Processing file /home/abayturar/airflow-project/dags/sales_dwh_pipeline.py for tasks to queue
[2026-03-28T19:42:16.441+0500] {logging_mixin.py:188} INFO - [2026-03-28T19:42:16.441+0500] {dagbag.py:545} INFO - Filling up the DagBag from /home/abayturar/airflow-project/dags/sales_dwh_pipeline.py
[2026-03-28T19:42:16.453+0500] {processor.py:840} INFO - DAG(s) 'sales_dwh_pipeline' retrieved from /home/abayturar/airflow-project/dags/sales_dwh_pipeline.py
[2026-03-28T19:42:16.469+0500] {logging_mixin.py:188} INFO - [2026-03-28T19:42:16.468+0500] {dag.py:3089} INFO - Sync 1 DAGs
[2026-03-28T19:42:16.480+0500] {logging_mixin.py:188} INFO - [2026-03-28T19:42:16.479+0500] {dag.py:3947} INFO - Setting next_dagrun for sales_dwh_pipeline to None, run_after=None
[2026-03-28T19:42:16.508+0500] {processor.py:183} INFO - Processing /home/abayturar/airflow-project/dags/sales_dwh_pipeline.py took 0.077 seconds
[2026-03-28T19:43:06.928+0500] {processor.py:161} INFO - Started process (PID=31888) to work on /home/abayturar/airflow-project/dags/sales_dwh_pipeline.py
[2026-03-28T19:43:06.928+0500] {processor.py:830} INFO - Processing file /home/abayturar/airflow-project/dags/sales_dwh_pipeline.py for tasks to queue
[2026-03-28T19:43:06.930+0500] {logging_mixin.py:188} INFO - [2026-03-28T19:43:06.930+0500] {dagbag.py:545} INFO - Filling up the DagBag from /home/abayturar/airflow-project/dags/sales_dwh_pipeline.py
[2026-03-28T19:43:06.941+0500] {processor.py:840} INFO - DAG(s) 'sales_dwh_pipeline' retrieved from /home/abayturar/airflow-project/dags/sales_dwh_pipeline.py
[2026-03-28T19:43:06.955+0500] {logging_mixin.py:188} INFO - [2026-03-28T19:43:06.955+0500] {dag.py:3089} INFO - Sync 1 DAGs
[2026-03-28T19:43:06.963+0500] {logging_mixin.py:188} INFO - [2026-03-28T19:43:06.963+0500] {dag.py:3947} INFO - Setting next_dagrun for sales_dwh_pipeline to None, run_after=None
[2026-03-28T19:43:06.989+0500] {processor.py:183} INFO - Processing /home/abayturar/airflow-project/dags/sales_dwh_pipeline.py took 0.067 seconds
[2026-03-28T19:43:54.749+0500] {processor.py:161} INFO - Started process (PID=32016) to work on /home/abayturar/airflow-project/dags/sales_dwh_pipeline.py
[2026-03-28T19:43:54.750+0500] {processor.py:830} INFO - Processing file /home/abayturar/airflow-project/dags/sales_dwh_pipeline.py for tasks to queue
[2026-03-28T19:43:54.754+0500] {logging_mixin.py:188} INFO - [2026-03-28T19:43:54.752+0500] {dagbag.py:545} INFO - Filling up the DagBag from /home/abayturar/airflow-project/dags/sales_dwh_pipeline.py
[2026-03-28T19:43:54.768+0500] {processor.py:840} INFO - DAG(s) 'sales_dwh_pipeline' retrieved from /home/abayturar/airflow-project/dags/sales_dwh_pipeline.py
[2026-03-28T19:43:54.788+0500] {logging_mixin.py:188} INFO - [2026-03-28T19:43:54.788+0500] {dag.py:3089} INFO - Sync 1 DAGs
[2026-03-28T19:43:54.799+0500] {logging_mixin.py:188} INFO - [2026-03-28T19:43:54.799+0500] {dag.py:3947} INFO - Setting next_dagrun for sales_dwh_pipeline to None, run_after=None
[2026-03-28T19:43:54.833+0500] {processor.py:183} INFO - Processing /home/abayturar/airflow-project/dags/sales_dwh_pipeline.py took 0.092 seconds
[2026-03-28T19:44:40.156+0500] {processor.py:161} INFO - Started process (PID=32138) to work on /home/abayturar/airflow-project/dags/sales_dwh_pipeline.py
[2026-03-28T19:44:40.158+0500] {processor.py:830} INFO - Processing file /home/abayturar/airflow-project/dags/sales_dwh_pipeline.py for tasks to queue
[2026-03-28T19:44:40.160+0500] {logging_mixin.py:188} INFO - [2026-03-28T19:44:40.159+0500] {dagbag.py:545} INFO - Filling up the DagBag from /home/abayturar/airflow-project/dags/sales_dwh_pipeline.py
[2026-03-28T19:44:40.173+0500] {processor.py:840} INFO - DAG(s) 'sales_dwh_pipeline' retrieved from /home/abayturar/airflow-project/dags/sales_dwh_pipeline.py
[2026-03-28T19:44:40.188+0500] {logging_mixin.py:188} INFO - [2026-03-28T19:44:40.188+0500] {dag.py:3089} INFO - Sync 1 DAGs
[2026-03-28T19:44:40.197+0500] {logging_mixin.py:188} INFO - [2026-03-28T19:44:40.197+0500] {dag.py:3947} INFO - Setting next_dagrun for sales_dwh_pipeline to None, run_after=None
[2026-03-28T19:44:40.224+0500] {processor.py:183} INFO - Processing /home/abayturar/airflow-project/dags/sales_dwh_pipeline.py took 0.075 seconds
