[2026-03-28T15:20:55.083+0500] {processor.py:161} INFO - Started process (PID=11779) to work on /home/abayturar/airflow-project/venv/lib/python3.12/site-packages/airflow/example_dags/subdags/subdag.py
[2026-03-28T15:20:55.084+0500] {processor.py:830} INFO - Processing file /home/abayturar/airflow-project/venv/lib/python3.12/site-packages/airflow/example_dags/subdags/subdag.py for tasks to queue
[2026-03-28T15:20:55.086+0500] {logging_mixin.py:188} INFO - [2026-03-28T15:20:55.086+0500] {dagbag.py:545} INFO - Filling up the DagBag from /home/abayturar/airflow-project/venv/lib/python3.12/site-packages/airflow/example_dags/subdags/subdag.py
[2026-03-28T15:20:55.090+0500] {processor.py:842} WARNING - No viable dags retrieved from /home/abayturar/airflow-project/venv/lib/python3.12/site-packages/airflow/example_dags/subdags/subdag.py
[2026-03-28T15:20:55.110+0500] {processor.py:183} INFO - Processing /home/abayturar/airflow-project/venv/lib/python3.12/site-packages/airflow/example_dags/subdags/subdag.py took 0.033 seconds
[2026-03-28T15:21:53.224+0500] {processor.py:161} INFO - Started process (PID=11935) to work on /home/abayturar/airflow-project/venv/lib/python3.12/site-packages/airflow/example_dags/subdags/subdag.py
[2026-03-28T15:21:53.224+0500] {processor.py:830} INFO - Processing file /home/abayturar/airflow-project/venv/lib/python3.12/site-packages/airflow/example_dags/subdags/subdag.py for tasks to queue
[2026-03-28T15:21:53.226+0500] {logging_mixin.py:188} INFO - [2026-03-28T15:21:53.226+0500] {dagbag.py:545} INFO - Filling up the DagBag from /home/abayturar/airflow-project/venv/lib/python3.12/site-packages/airflow/example_dags/subdags/subdag.py
[2026-03-28T15:21:53.228+0500] {processor.py:842} WARNING - No viable dags retrieved from /home/abayturar/airflow-project/venv/lib/python3.12/site-packages/airflow/example_dags/subdags/subdag.py
[2026-03-28T15:21:53.239+0500] {processor.py:183} INFO - Processing /home/abayturar/airflow-project/venv/lib/python3.12/site-packages/airflow/example_dags/subdags/subdag.py took 0.021 seconds
[2026-03-28T15:22:43.817+0500] {processor.py:161} INFO - Started process (PID=12084) to work on /home/abayturar/airflow-project/venv/lib/python3.12/site-packages/airflow/example_dags/subdags/subdag.py
[2026-03-28T15:22:43.818+0500] {processor.py:830} INFO - Processing file /home/abayturar/airflow-project/venv/lib/python3.12/site-packages/airflow/example_dags/subdags/subdag.py for tasks to queue
[2026-03-28T15:22:43.819+0500] {logging_mixin.py:188} INFO - [2026-03-28T15:22:43.819+0500] {dagbag.py:545} INFO - Filling up the DagBag from /home/abayturar/airflow-project/venv/lib/python3.12/site-packages/airflow/example_dags/subdags/subdag.py
[2026-03-28T15:22:43.822+0500] {processor.py:842} WARNING - No viable dags retrieved from /home/abayturar/airflow-project/venv/lib/python3.12/site-packages/airflow/example_dags/subdags/subdag.py
[2026-03-28T15:22:43.833+0500] {processor.py:183} INFO - Processing /home/abayturar/airflow-project/venv/lib/python3.12/site-packages/airflow/example_dags/subdags/subdag.py took 0.021 seconds
[2026-03-28T15:23:23.131+0500] {processor.py:161} INFO - Started process (PID=12196) to work on /home/abayturar/airflow-project/venv/lib/python3.12/site-packages/airflow/example_dags/subdags/subdag.py
[2026-03-28T15:23:23.133+0500] {processor.py:830} INFO - Processing file /home/abayturar/airflow-project/venv/lib/python3.12/site-packages/airflow/example_dags/subdags/subdag.py for tasks to queue
[2026-03-28T15:23:23.135+0500] {logging_mixin.py:188} INFO - [2026-03-28T15:23:23.134+0500] {dagbag.py:545} INFO - Filling up the DagBag from /home/abayturar/airflow-project/venv/lib/python3.12/site-packages/airflow/example_dags/subdags/subdag.py
[2026-03-28T15:23:23.139+0500] {processor.py:842} WARNING - No viable dags retrieved from /home/abayturar/airflow-project/venv/lib/python3.12/site-packages/airflow/example_dags/subdags/subdag.py
[2026-03-28T15:23:23.155+0500] {processor.py:183} INFO - Processing /home/abayturar/airflow-project/venv/lib/python3.12/site-packages/airflow/example_dags/subdags/subdag.py took 0.032 seconds
[2026-03-28T15:23:55.883+0500] {processor.py:161} INFO - Started process (PID=12292) to work on /home/abayturar/airflow-project/venv/lib/python3.12/site-packages/airflow/example_dags/subdags/subdag.py
[2026-03-28T15:23:55.884+0500] {processor.py:830} INFO - Processing file /home/abayturar/airflow-project/venv/lib/python3.12/site-packages/airflow/example_dags/subdags/subdag.py for tasks to queue
[2026-03-28T15:23:55.886+0500] {logging_mixin.py:188} INFO - [2026-03-28T15:23:55.886+0500] {dagbag.py:545} INFO - Filling up the DagBag from /home/abayturar/airflow-project/venv/lib/python3.12/site-packages/airflow/example_dags/subdags/subdag.py
[2026-03-28T15:23:55.888+0500] {processor.py:842} WARNING - No viable dags retrieved from /home/abayturar/airflow-project/venv/lib/python3.12/site-packages/airflow/example_dags/subdags/subdag.py
[2026-03-28T15:23:55.900+0500] {processor.py:183} INFO - Processing /home/abayturar/airflow-project/venv/lib/python3.12/site-packages/airflow/example_dags/subdags/subdag.py took 0.024 seconds
[2026-03-28T15:24:28.592+0500] {processor.py:161} INFO - Started process (PID=12388) to work on /home/abayturar/airflow-project/venv/lib/python3.12/site-packages/airflow/example_dags/subdags/subdag.py
[2026-03-28T15:24:28.593+0500] {processor.py:830} INFO - Processing file /home/abayturar/airflow-project/venv/lib/python3.12/site-packages/airflow/example_dags/subdags/subdag.py for tasks to queue
[2026-03-28T15:24:28.595+0500] {logging_mixin.py:188} INFO - [2026-03-28T15:24:28.594+0500] {dagbag.py:545} INFO - Filling up the DagBag from /home/abayturar/airflow-project/venv/lib/python3.12/site-packages/airflow/example_dags/subdags/subdag.py
[2026-03-28T15:24:28.597+0500] {processor.py:842} WARNING - No viable dags retrieved from /home/abayturar/airflow-project/venv/lib/python3.12/site-packages/airflow/example_dags/subdags/subdag.py
[2026-03-28T15:24:28.608+0500] {processor.py:183} INFO - Processing /home/abayturar/airflow-project/venv/lib/python3.12/site-packages/airflow/example_dags/subdags/subdag.py took 0.023 seconds
[2026-03-28T15:25:35.791+0500] {processor.py:161} INFO - Started process (PID=12550) to work on /home/abayturar/airflow-project/venv/lib/python3.12/site-packages/airflow/example_dags/subdags/subdag.py
[2026-03-28T15:25:35.791+0500] {processor.py:830} INFO - Processing file /home/abayturar/airflow-project/venv/lib/python3.12/site-packages/airflow/example_dags/subdags/subdag.py for tasks to queue
[2026-03-28T15:25:35.793+0500] {logging_mixin.py:188} INFO - [2026-03-28T15:25:35.793+0500] {dagbag.py:545} INFO - Filling up the DagBag from /home/abayturar/airflow-project/venv/lib/python3.12/site-packages/airflow/example_dags/subdags/subdag.py
[2026-03-28T15:25:35.795+0500] {processor.py:842} WARNING - No viable dags retrieved from /home/abayturar/airflow-project/venv/lib/python3.12/site-packages/airflow/example_dags/subdags/subdag.py
[2026-03-28T15:25:35.806+0500] {processor.py:183} INFO - Processing /home/abayturar/airflow-project/venv/lib/python3.12/site-packages/airflow/example_dags/subdags/subdag.py took 0.020 seconds
[2026-03-28T15:26:43.281+0500] {processor.py:161} INFO - Started process (PID=12727) to work on /home/abayturar/airflow-project/venv/lib/python3.12/site-packages/airflow/example_dags/subdags/subdag.py
[2026-03-28T15:26:43.282+0500] {processor.py:830} INFO - Processing file /home/abayturar/airflow-project/venv/lib/python3.12/site-packages/airflow/example_dags/subdags/subdag.py for tasks to queue
[2026-03-28T15:26:43.283+0500] {logging_mixin.py:188} INFO - [2026-03-28T15:26:43.283+0500] {dagbag.py:545} INFO - Filling up the DagBag from /home/abayturar/airflow-project/venv/lib/python3.12/site-packages/airflow/example_dags/subdags/subdag.py
[2026-03-28T15:26:43.286+0500] {processor.py:842} WARNING - No viable dags retrieved from /home/abayturar/airflow-project/venv/lib/python3.12/site-packages/airflow/example_dags/subdags/subdag.py
[2026-03-28T15:26:43.297+0500] {processor.py:183} INFO - Processing /home/abayturar/airflow-project/venv/lib/python3.12/site-packages/airflow/example_dags/subdags/subdag.py took 0.022 seconds
[2026-03-28T15:27:38.338+0500] {processor.py:161} INFO - Started process (PID=12876) to work on /home/abayturar/airflow-project/venv/lib/python3.12/site-packages/airflow/example_dags/subdags/subdag.py
[2026-03-28T15:27:38.339+0500] {processor.py:830} INFO - Processing file /home/abayturar/airflow-project/venv/lib/python3.12/site-packages/airflow/example_dags/subdags/subdag.py for tasks to queue
[2026-03-28T15:27:38.341+0500] {logging_mixin.py:188} INFO - [2026-03-28T15:27:38.340+0500] {dagbag.py:545} INFO - Filling up the DagBag from /home/abayturar/airflow-project/venv/lib/python3.12/site-packages/airflow/example_dags/subdags/subdag.py
[2026-03-28T15:27:38.343+0500] {processor.py:842} WARNING - No viable dags retrieved from /home/abayturar/airflow-project/venv/lib/python3.12/site-packages/airflow/example_dags/subdags/subdag.py
[2026-03-28T15:27:38.354+0500] {processor.py:183} INFO - Processing /home/abayturar/airflow-project/venv/lib/python3.12/site-packages/airflow/example_dags/subdags/subdag.py took 0.021 seconds
[2026-03-28T18:17:16.063+0500] {processor.py:161} INFO - Started process (PID=17851) to work on /home/abayturar/airflow-project/venv/lib/python3.12/site-packages/airflow/example_dags/subdags/subdag.py
[2026-03-28T18:17:16.063+0500] {processor.py:830} INFO - Processing file /home/abayturar/airflow-project/venv/lib/python3.12/site-packages/airflow/example_dags/subdags/subdag.py for tasks to queue
[2026-03-28T18:17:16.065+0500] {logging_mixin.py:188} INFO - [2026-03-28T18:17:16.065+0500] {dagbag.py:545} INFO - Filling up the DagBag from /home/abayturar/airflow-project/venv/lib/python3.12/site-packages/airflow/example_dags/subdags/subdag.py
[2026-03-28T18:17:16.067+0500] {processor.py:842} WARNING - No viable dags retrieved from /home/abayturar/airflow-project/venv/lib/python3.12/site-packages/airflow/example_dags/subdags/subdag.py
[2026-03-28T18:17:16.078+0500] {processor.py:183} INFO - Processing /home/abayturar/airflow-project/venv/lib/python3.12/site-packages/airflow/example_dags/subdags/subdag.py took 0.021 seconds
[2026-03-28T18:18:14.415+0500] {processor.py:161} INFO - Started process (PID=18005) to work on /home/abayturar/airflow-project/venv/lib/python3.12/site-packages/airflow/example_dags/subdags/subdag.py
[2026-03-28T18:18:14.416+0500] {processor.py:830} INFO - Processing file /home/abayturar/airflow-project/venv/lib/python3.12/site-packages/airflow/example_dags/subdags/subdag.py for tasks to queue
[2026-03-28T18:18:14.419+0500] {logging_mixin.py:188} INFO - [2026-03-28T18:18:14.418+0500] {dagbag.py:545} INFO - Filling up the DagBag from /home/abayturar/airflow-project/venv/lib/python3.12/site-packages/airflow/example_dags/subdags/subdag.py
[2026-03-28T18:18:14.421+0500] {processor.py:842} WARNING - No viable dags retrieved from /home/abayturar/airflow-project/venv/lib/python3.12/site-packages/airflow/example_dags/subdags/subdag.py
[2026-03-28T18:18:14.436+0500] {processor.py:183} INFO - Processing /home/abayturar/airflow-project/venv/lib/python3.12/site-packages/airflow/example_dags/subdags/subdag.py took 0.029 seconds
[2026-03-28T18:19:07.784+0500] {processor.py:161} INFO - Started process (PID=18169) to work on /home/abayturar/airflow-project/venv/lib/python3.12/site-packages/airflow/example_dags/subdags/subdag.py
[2026-03-28T18:19:07.785+0500] {processor.py:830} INFO - Processing file /home/abayturar/airflow-project/venv/lib/python3.12/site-packages/airflow/example_dags/subdags/subdag.py for tasks to queue
[2026-03-28T18:19:07.787+0500] {logging_mixin.py:188} INFO - [2026-03-28T18:19:07.786+0500] {dagbag.py:545} INFO - Filling up the DagBag from /home/abayturar/airflow-project/venv/lib/python3.12/site-packages/airflow/example_dags/subdags/subdag.py
[2026-03-28T18:19:07.790+0500] {processor.py:842} WARNING - No viable dags retrieved from /home/abayturar/airflow-project/venv/lib/python3.12/site-packages/airflow/example_dags/subdags/subdag.py
[2026-03-28T18:19:07.805+0500] {processor.py:183} INFO - Processing /home/abayturar/airflow-project/venv/lib/python3.12/site-packages/airflow/example_dags/subdags/subdag.py took 0.029 seconds
[2026-03-28T18:19:31.401+0500] {processor.py:161} INFO - Started process (PID=18236) to work on /home/abayturar/airflow-project/venv/lib/python3.12/site-packages/airflow/example_dags/subdags/subdag.py
[2026-03-28T18:19:31.402+0500] {processor.py:830} INFO - Processing file /home/abayturar/airflow-project/venv/lib/python3.12/site-packages/airflow/example_dags/subdags/subdag.py for tasks to queue
[2026-03-28T18:19:31.404+0500] {logging_mixin.py:188} INFO - [2026-03-28T18:19:31.404+0500] {dagbag.py:545} INFO - Filling up the DagBag from /home/abayturar/airflow-project/venv/lib/python3.12/site-packages/airflow/example_dags/subdags/subdag.py
[2026-03-28T18:19:31.406+0500] {processor.py:842} WARNING - No viable dags retrieved from /home/abayturar/airflow-project/venv/lib/python3.12/site-packages/airflow/example_dags/subdags/subdag.py
[2026-03-28T18:19:31.417+0500] {processor.py:183} INFO - Processing /home/abayturar/airflow-project/venv/lib/python3.12/site-packages/airflow/example_dags/subdags/subdag.py took 0.021 seconds
[2026-03-28T18:21:57.068+0500] {processor.py:161} INFO - Started process (PID=18494) to work on /home/abayturar/airflow-project/venv/lib/python3.12/site-packages/airflow/example_dags/subdags/subdag.py
[2026-03-28T18:21:57.070+0500] {processor.py:830} INFO - Processing file /home/abayturar/airflow-project/venv/lib/python3.12/site-packages/airflow/example_dags/subdags/subdag.py for tasks to queue
[2026-03-28T18:21:57.072+0500] {logging_mixin.py:188} INFO - [2026-03-28T18:21:57.071+0500] {dagbag.py:545} INFO - Filling up the DagBag from /home/abayturar/airflow-project/venv/lib/python3.12/site-packages/airflow/example_dags/subdags/subdag.py
[2026-03-28T18:21:57.076+0500] {processor.py:842} WARNING - No viable dags retrieved from /home/abayturar/airflow-project/venv/lib/python3.12/site-packages/airflow/example_dags/subdags/subdag.py
[2026-03-28T18:21:57.091+0500] {processor.py:183} INFO - Processing /home/abayturar/airflow-project/venv/lib/python3.12/site-packages/airflow/example_dags/subdags/subdag.py took 0.028 seconds
[2026-03-28T18:22:57.414+0500] {processor.py:161} INFO - Started process (PID=18689) to work on /home/abayturar/airflow-project/venv/lib/python3.12/site-packages/airflow/example_dags/subdags/subdag.py
[2026-03-28T18:22:57.415+0500] {processor.py:830} INFO - Processing file /home/abayturar/airflow-project/venv/lib/python3.12/site-packages/airflow/example_dags/subdags/subdag.py for tasks to queue
[2026-03-28T18:22:57.416+0500] {logging_mixin.py:188} INFO - [2026-03-28T18:22:57.416+0500] {dagbag.py:545} INFO - Filling up the DagBag from /home/abayturar/airflow-project/venv/lib/python3.12/site-packages/airflow/example_dags/subdags/subdag.py
[2026-03-28T18:22:57.419+0500] {processor.py:842} WARNING - No viable dags retrieved from /home/abayturar/airflow-project/venv/lib/python3.12/site-packages/airflow/example_dags/subdags/subdag.py
[2026-03-28T18:22:57.432+0500] {processor.py:183} INFO - Processing /home/abayturar/airflow-project/venv/lib/python3.12/site-packages/airflow/example_dags/subdags/subdag.py took 0.024 seconds
[2026-03-28T18:23:43.967+0500] {processor.py:161} INFO - Started process (PID=18811) to work on /home/abayturar/airflow-project/venv/lib/python3.12/site-packages/airflow/example_dags/subdags/subdag.py
[2026-03-28T18:23:43.968+0500] {processor.py:830} INFO - Processing file /home/abayturar/airflow-project/venv/lib/python3.12/site-packages/airflow/example_dags/subdags/subdag.py for tasks to queue
[2026-03-28T18:23:43.971+0500] {logging_mixin.py:188} INFO - [2026-03-28T18:23:43.970+0500] {dagbag.py:545} INFO - Filling up the DagBag from /home/abayturar/airflow-project/venv/lib/python3.12/site-packages/airflow/example_dags/subdags/subdag.py
[2026-03-28T18:23:43.974+0500] {processor.py:842} WARNING - No viable dags retrieved from /home/abayturar/airflow-project/venv/lib/python3.12/site-packages/airflow/example_dags/subdags/subdag.py
[2026-03-28T18:23:43.987+0500] {processor.py:183} INFO - Processing /home/abayturar/airflow-project/venv/lib/python3.12/site-packages/airflow/example_dags/subdags/subdag.py took 0.027 seconds
[2026-03-28T18:24:32.086+0500] {processor.py:161} INFO - Started process (PID=18941) to work on /home/abayturar/airflow-project/venv/lib/python3.12/site-packages/airflow/example_dags/subdags/subdag.py
[2026-03-28T18:24:32.087+0500] {processor.py:830} INFO - Processing file /home/abayturar/airflow-project/venv/lib/python3.12/site-packages/airflow/example_dags/subdags/subdag.py for tasks to queue
[2026-03-28T18:24:32.089+0500] {logging_mixin.py:188} INFO - [2026-03-28T18:24:32.088+0500] {dagbag.py:545} INFO - Filling up the DagBag from /home/abayturar/airflow-project/venv/lib/python3.12/site-packages/airflow/example_dags/subdags/subdag.py
[2026-03-28T18:24:32.091+0500] {processor.py:842} WARNING - No viable dags retrieved from /home/abayturar/airflow-project/venv/lib/python3.12/site-packages/airflow/example_dags/subdags/subdag.py
[2026-03-28T18:24:32.103+0500] {processor.py:183} INFO - Processing /home/abayturar/airflow-project/venv/lib/python3.12/site-packages/airflow/example_dags/subdags/subdag.py took 0.024 seconds
[2026-03-28T18:25:18.863+0500] {processor.py:161} INFO - Started process (PID=19069) to work on /home/abayturar/airflow-project/venv/lib/python3.12/site-packages/airflow/example_dags/subdags/subdag.py
[2026-03-28T18:25:18.864+0500] {processor.py:830} INFO - Processing file /home/abayturar/airflow-project/venv/lib/python3.12/site-packages/airflow/example_dags/subdags/subdag.py for tasks to queue
[2026-03-28T18:25:18.866+0500] {logging_mixin.py:188} INFO - [2026-03-28T18:25:18.866+0500] {dagbag.py:545} INFO - Filling up the DagBag from /home/abayturar/airflow-project/venv/lib/python3.12/site-packages/airflow/example_dags/subdags/subdag.py
[2026-03-28T18:25:18.868+0500] {processor.py:842} WARNING - No viable dags retrieved from /home/abayturar/airflow-project/venv/lib/python3.12/site-packages/airflow/example_dags/subdags/subdag.py
[2026-03-28T18:25:18.880+0500] {processor.py:183} INFO - Processing /home/abayturar/airflow-project/venv/lib/python3.12/site-packages/airflow/example_dags/subdags/subdag.py took 0.022 seconds
[2026-03-28T18:26:05.051+0500] {processor.py:161} INFO - Started process (PID=19190) to work on /home/abayturar/airflow-project/venv/lib/python3.12/site-packages/airflow/example_dags/subdags/subdag.py
[2026-03-28T18:26:05.052+0500] {processor.py:830} INFO - Processing file /home/abayturar/airflow-project/venv/lib/python3.12/site-packages/airflow/example_dags/subdags/subdag.py for tasks to queue
[2026-03-28T18:26:05.055+0500] {logging_mixin.py:188} INFO - [2026-03-28T18:26:05.054+0500] {dagbag.py:545} INFO - Filling up the DagBag from /home/abayturar/airflow-project/venv/lib/python3.12/site-packages/airflow/example_dags/subdags/subdag.py
[2026-03-28T18:26:05.058+0500] {processor.py:842} WARNING - No viable dags retrieved from /home/abayturar/airflow-project/venv/lib/python3.12/site-packages/airflow/example_dags/subdags/subdag.py
[2026-03-28T18:26:05.069+0500] {processor.py:183} INFO - Processing /home/abayturar/airflow-project/venv/lib/python3.12/site-packages/airflow/example_dags/subdags/subdag.py took 0.027 seconds
[2026-03-28T18:26:52.156+0500] {processor.py:161} INFO - Started process (PID=19316) to work on /home/abayturar/airflow-project/venv/lib/python3.12/site-packages/airflow/example_dags/subdags/subdag.py
[2026-03-28T18:26:52.157+0500] {processor.py:830} INFO - Processing file /home/abayturar/airflow-project/venv/lib/python3.12/site-packages/airflow/example_dags/subdags/subdag.py for tasks to queue
[2026-03-28T18:26:52.158+0500] {logging_mixin.py:188} INFO - [2026-03-28T18:26:52.158+0500] {dagbag.py:545} INFO - Filling up the DagBag from /home/abayturar/airflow-project/venv/lib/python3.12/site-packages/airflow/example_dags/subdags/subdag.py
[2026-03-28T18:26:52.160+0500] {processor.py:842} WARNING - No viable dags retrieved from /home/abayturar/airflow-project/venv/lib/python3.12/site-packages/airflow/example_dags/subdags/subdag.py
[2026-03-28T18:26:52.171+0500] {processor.py:183} INFO - Processing /home/abayturar/airflow-project/venv/lib/python3.12/site-packages/airflow/example_dags/subdags/subdag.py took 0.021 seconds
[2026-03-28T18:27:44.065+0500] {processor.py:161} INFO - Started process (PID=19459) to work on /home/abayturar/airflow-project/venv/lib/python3.12/site-packages/airflow/example_dags/subdags/subdag.py
[2026-03-28T18:27:44.066+0500] {processor.py:830} INFO - Processing file /home/abayturar/airflow-project/venv/lib/python3.12/site-packages/airflow/example_dags/subdags/subdag.py for tasks to queue
[2026-03-28T18:27:44.068+0500] {logging_mixin.py:188} INFO - [2026-03-28T18:27:44.067+0500] {dagbag.py:545} INFO - Filling up the DagBag from /home/abayturar/airflow-project/venv/lib/python3.12/site-packages/airflow/example_dags/subdags/subdag.py
[2026-03-28T18:27:44.070+0500] {processor.py:842} WARNING - No viable dags retrieved from /home/abayturar/airflow-project/venv/lib/python3.12/site-packages/airflow/example_dags/subdags/subdag.py
[2026-03-28T18:27:44.084+0500] {processor.py:183} INFO - Processing /home/abayturar/airflow-project/venv/lib/python3.12/site-packages/airflow/example_dags/subdags/subdag.py took 0.026 seconds
[2026-03-28T18:28:37.166+0500] {processor.py:161} INFO - Started process (PID=19608) to work on /home/abayturar/airflow-project/venv/lib/python3.12/site-packages/airflow/example_dags/subdags/subdag.py
[2026-03-28T18:28:37.167+0500] {processor.py:830} INFO - Processing file /home/abayturar/airflow-project/venv/lib/python3.12/site-packages/airflow/example_dags/subdags/subdag.py for tasks to queue
[2026-03-28T18:28:37.169+0500] {logging_mixin.py:188} INFO - [2026-03-28T18:28:37.169+0500] {dagbag.py:545} INFO - Filling up the DagBag from /home/abayturar/airflow-project/venv/lib/python3.12/site-packages/airflow/example_dags/subdags/subdag.py
[2026-03-28T18:28:37.172+0500] {processor.py:842} WARNING - No viable dags retrieved from /home/abayturar/airflow-project/venv/lib/python3.12/site-packages/airflow/example_dags/subdags/subdag.py
[2026-03-28T18:28:37.190+0500] {processor.py:183} INFO - Processing /home/abayturar/airflow-project/venv/lib/python3.12/site-packages/airflow/example_dags/subdags/subdag.py took 0.033 seconds
[2026-03-28T18:29:30.331+0500] {processor.py:161} INFO - Started process (PID=19746) to work on /home/abayturar/airflow-project/venv/lib/python3.12/site-packages/airflow/example_dags/subdags/subdag.py
[2026-03-28T18:29:30.332+0500] {processor.py:830} INFO - Processing file /home/abayturar/airflow-project/venv/lib/python3.12/site-packages/airflow/example_dags/subdags/subdag.py for tasks to queue
[2026-03-28T18:29:30.334+0500] {logging_mixin.py:188} INFO - [2026-03-28T18:29:30.334+0500] {dagbag.py:545} INFO - Filling up the DagBag from /home/abayturar/airflow-project/venv/lib/python3.12/site-packages/airflow/example_dags/subdags/subdag.py
[2026-03-28T18:29:30.337+0500] {processor.py:842} WARNING - No viable dags retrieved from /home/abayturar/airflow-project/venv/lib/python3.12/site-packages/airflow/example_dags/subdags/subdag.py
[2026-03-28T18:29:30.353+0500] {processor.py:183} INFO - Processing /home/abayturar/airflow-project/venv/lib/python3.12/site-packages/airflow/example_dags/subdags/subdag.py took 0.030 seconds
[2026-03-28T18:30:17.290+0500] {processor.py:161} INFO - Started process (PID=19874) to work on /home/abayturar/airflow-project/venv/lib/python3.12/site-packages/airflow/example_dags/subdags/subdag.py
[2026-03-28T18:30:17.291+0500] {processor.py:830} INFO - Processing file /home/abayturar/airflow-project/venv/lib/python3.12/site-packages/airflow/example_dags/subdags/subdag.py for tasks to queue
[2026-03-28T18:30:17.294+0500] {logging_mixin.py:188} INFO - [2026-03-28T18:30:17.294+0500] {dagbag.py:545} INFO - Filling up the DagBag from /home/abayturar/airflow-project/venv/lib/python3.12/site-packages/airflow/example_dags/subdags/subdag.py
[2026-03-28T18:30:17.297+0500] {processor.py:842} WARNING - No viable dags retrieved from /home/abayturar/airflow-project/venv/lib/python3.12/site-packages/airflow/example_dags/subdags/subdag.py
[2026-03-28T18:30:17.313+0500] {processor.py:183} INFO - Processing /home/abayturar/airflow-project/venv/lib/python3.12/site-packages/airflow/example_dags/subdags/subdag.py took 0.033 seconds
[2026-03-28T18:31:01.664+0500] {processor.py:161} INFO - Started process (PID=19993) to work on /home/abayturar/airflow-project/venv/lib/python3.12/site-packages/airflow/example_dags/subdags/subdag.py
[2026-03-28T18:31:01.665+0500] {processor.py:830} INFO - Processing file /home/abayturar/airflow-project/venv/lib/python3.12/site-packages/airflow/example_dags/subdags/subdag.py for tasks to queue
[2026-03-28T18:31:01.667+0500] {logging_mixin.py:188} INFO - [2026-03-28T18:31:01.666+0500] {dagbag.py:545} INFO - Filling up the DagBag from /home/abayturar/airflow-project/venv/lib/python3.12/site-packages/airflow/example_dags/subdags/subdag.py
[2026-03-28T18:31:01.669+0500] {processor.py:842} WARNING - No viable dags retrieved from /home/abayturar/airflow-project/venv/lib/python3.12/site-packages/airflow/example_dags/subdags/subdag.py
[2026-03-28T18:31:01.683+0500] {processor.py:183} INFO - Processing /home/abayturar/airflow-project/venv/lib/python3.12/site-packages/airflow/example_dags/subdags/subdag.py took 0.026 seconds
[2026-03-28T18:31:48.981+0500] {processor.py:161} INFO - Started process (PID=20127) to work on /home/abayturar/airflow-project/venv/lib/python3.12/site-packages/airflow/example_dags/subdags/subdag.py
[2026-03-28T18:31:48.982+0500] {processor.py:830} INFO - Processing file /home/abayturar/airflow-project/venv/lib/python3.12/site-packages/airflow/example_dags/subdags/subdag.py for tasks to queue
[2026-03-28T18:31:48.983+0500] {logging_mixin.py:188} INFO - [2026-03-28T18:31:48.983+0500] {dagbag.py:545} INFO - Filling up the DagBag from /home/abayturar/airflow-project/venv/lib/python3.12/site-packages/airflow/example_dags/subdags/subdag.py
[2026-03-28T18:31:48.986+0500] {processor.py:842} WARNING - No viable dags retrieved from /home/abayturar/airflow-project/venv/lib/python3.12/site-packages/airflow/example_dags/subdags/subdag.py
[2026-03-28T18:31:48.997+0500] {processor.py:183} INFO - Processing /home/abayturar/airflow-project/venv/lib/python3.12/site-packages/airflow/example_dags/subdags/subdag.py took 0.023 seconds
[2026-03-28T18:32:32.096+0500] {processor.py:161} INFO - Started process (PID=20243) to work on /home/abayturar/airflow-project/venv/lib/python3.12/site-packages/airflow/example_dags/subdags/subdag.py
[2026-03-28T18:32:32.097+0500] {processor.py:830} INFO - Processing file /home/abayturar/airflow-project/venv/lib/python3.12/site-packages/airflow/example_dags/subdags/subdag.py for tasks to queue
[2026-03-28T18:32:32.098+0500] {logging_mixin.py:188} INFO - [2026-03-28T18:32:32.098+0500] {dagbag.py:545} INFO - Filling up the DagBag from /home/abayturar/airflow-project/venv/lib/python3.12/site-packages/airflow/example_dags/subdags/subdag.py
[2026-03-28T18:32:32.101+0500] {processor.py:842} WARNING - No viable dags retrieved from /home/abayturar/airflow-project/venv/lib/python3.12/site-packages/airflow/example_dags/subdags/subdag.py
[2026-03-28T18:32:32.113+0500] {processor.py:183} INFO - Processing /home/abayturar/airflow-project/venv/lib/python3.12/site-packages/airflow/example_dags/subdags/subdag.py took 0.024 seconds
[2026-03-28T18:33:24.404+0500] {processor.py:161} INFO - Started process (PID=20381) to work on /home/abayturar/airflow-project/venv/lib/python3.12/site-packages/airflow/example_dags/subdags/subdag.py
[2026-03-28T18:33:24.406+0500] {processor.py:830} INFO - Processing file /home/abayturar/airflow-project/venv/lib/python3.12/site-packages/airflow/example_dags/subdags/subdag.py for tasks to queue
[2026-03-28T18:33:24.408+0500] {logging_mixin.py:188} INFO - [2026-03-28T18:33:24.408+0500] {dagbag.py:545} INFO - Filling up the DagBag from /home/abayturar/airflow-project/venv/lib/python3.12/site-packages/airflow/example_dags/subdags/subdag.py
[2026-03-28T18:33:24.412+0500] {processor.py:842} WARNING - No viable dags retrieved from /home/abayturar/airflow-project/venv/lib/python3.12/site-packages/airflow/example_dags/subdags/subdag.py
[2026-03-28T18:33:24.427+0500] {processor.py:183} INFO - Processing /home/abayturar/airflow-project/venv/lib/python3.12/site-packages/airflow/example_dags/subdags/subdag.py took 0.032 seconds
[2026-03-28T18:34:17.703+0500] {processor.py:161} INFO - Started process (PID=20532) to work on /home/abayturar/airflow-project/venv/lib/python3.12/site-packages/airflow/example_dags/subdags/subdag.py
[2026-03-28T18:34:17.704+0500] {processor.py:830} INFO - Processing file /home/abayturar/airflow-project/venv/lib/python3.12/site-packages/airflow/example_dags/subdags/subdag.py for tasks to queue
[2026-03-28T18:34:17.706+0500] {logging_mixin.py:188} INFO - [2026-03-28T18:34:17.705+0500] {dagbag.py:545} INFO - Filling up the DagBag from /home/abayturar/airflow-project/venv/lib/python3.12/site-packages/airflow/example_dags/subdags/subdag.py
[2026-03-28T18:34:17.708+0500] {processor.py:842} WARNING - No viable dags retrieved from /home/abayturar/airflow-project/venv/lib/python3.12/site-packages/airflow/example_dags/subdags/subdag.py
[2026-03-28T18:34:17.720+0500] {processor.py:183} INFO - Processing /home/abayturar/airflow-project/venv/lib/python3.12/site-packages/airflow/example_dags/subdags/subdag.py took 0.023 seconds
[2026-03-28T18:35:07.950+0500] {processor.py:161} INFO - Started process (PID=20671) to work on /home/abayturar/airflow-project/venv/lib/python3.12/site-packages/airflow/example_dags/subdags/subdag.py
[2026-03-28T18:35:07.951+0500] {processor.py:830} INFO - Processing file /home/abayturar/airflow-project/venv/lib/python3.12/site-packages/airflow/example_dags/subdags/subdag.py for tasks to queue
[2026-03-28T18:35:07.952+0500] {logging_mixin.py:188} INFO - [2026-03-28T18:35:07.952+0500] {dagbag.py:545} INFO - Filling up the DagBag from /home/abayturar/airflow-project/venv/lib/python3.12/site-packages/airflow/example_dags/subdags/subdag.py
[2026-03-28T18:35:07.955+0500] {processor.py:842} WARNING - No viable dags retrieved from /home/abayturar/airflow-project/venv/lib/python3.12/site-packages/airflow/example_dags/subdags/subdag.py
[2026-03-28T18:35:07.966+0500] {processor.py:183} INFO - Processing /home/abayturar/airflow-project/venv/lib/python3.12/site-packages/airflow/example_dags/subdags/subdag.py took 0.021 seconds
[2026-03-28T18:35:56.233+0500] {processor.py:161} INFO - Started process (PID=20801) to work on /home/abayturar/airflow-project/venv/lib/python3.12/site-packages/airflow/example_dags/subdags/subdag.py
[2026-03-28T18:35:56.234+0500] {processor.py:830} INFO - Processing file /home/abayturar/airflow-project/venv/lib/python3.12/site-packages/airflow/example_dags/subdags/subdag.py for tasks to queue
[2026-03-28T18:35:56.236+0500] {logging_mixin.py:188} INFO - [2026-03-28T18:35:56.235+0500] {dagbag.py:545} INFO - Filling up the DagBag from /home/abayturar/airflow-project/venv/lib/python3.12/site-packages/airflow/example_dags/subdags/subdag.py
[2026-03-28T18:35:56.238+0500] {processor.py:842} WARNING - No viable dags retrieved from /home/abayturar/airflow-project/venv/lib/python3.12/site-packages/airflow/example_dags/subdags/subdag.py
[2026-03-28T18:35:56.253+0500] {processor.py:183} INFO - Processing /home/abayturar/airflow-project/venv/lib/python3.12/site-packages/airflow/example_dags/subdags/subdag.py took 0.026 seconds
[2026-03-28T18:36:51.518+0500] {processor.py:161} INFO - Started process (PID=20962) to work on /home/abayturar/airflow-project/venv/lib/python3.12/site-packages/airflow/example_dags/subdags/subdag.py
[2026-03-28T18:36:51.519+0500] {processor.py:830} INFO - Processing file /home/abayturar/airflow-project/venv/lib/python3.12/site-packages/airflow/example_dags/subdags/subdag.py for tasks to queue
[2026-03-28T18:36:51.521+0500] {logging_mixin.py:188} INFO - [2026-03-28T18:36:51.520+0500] {dagbag.py:545} INFO - Filling up the DagBag from /home/abayturar/airflow-project/venv/lib/python3.12/site-packages/airflow/example_dags/subdags/subdag.py
[2026-03-28T18:36:51.523+0500] {processor.py:842} WARNING - No viable dags retrieved from /home/abayturar/airflow-project/venv/lib/python3.12/site-packages/airflow/example_dags/subdags/subdag.py
[2026-03-28T18:36:51.536+0500] {processor.py:183} INFO - Processing /home/abayturar/airflow-project/venv/lib/python3.12/site-packages/airflow/example_dags/subdags/subdag.py took 0.024 seconds
[2026-03-28T18:37:46.215+0500] {processor.py:161} INFO - Started process (PID=21116) to work on /home/abayturar/airflow-project/venv/lib/python3.12/site-packages/airflow/example_dags/subdags/subdag.py
[2026-03-28T18:37:46.216+0500] {processor.py:830} INFO - Processing file /home/abayturar/airflow-project/venv/lib/python3.12/site-packages/airflow/example_dags/subdags/subdag.py for tasks to queue
[2026-03-28T18:37:46.219+0500] {logging_mixin.py:188} INFO - [2026-03-28T18:37:46.218+0500] {dagbag.py:545} INFO - Filling up the DagBag from /home/abayturar/airflow-project/venv/lib/python3.12/site-packages/airflow/example_dags/subdags/subdag.py
[2026-03-28T18:37:46.223+0500] {processor.py:842} WARNING - No viable dags retrieved from /home/abayturar/airflow-project/venv/lib/python3.12/site-packages/airflow/example_dags/subdags/subdag.py
[2026-03-28T18:37:46.237+0500] {processor.py:183} INFO - Processing /home/abayturar/airflow-project/venv/lib/python3.12/site-packages/airflow/example_dags/subdags/subdag.py took 0.030 seconds
[2026-03-28T18:38:35.464+0500] {processor.py:161} INFO - Started process (PID=21245) to work on /home/abayturar/airflow-project/venv/lib/python3.12/site-packages/airflow/example_dags/subdags/subdag.py
[2026-03-28T18:38:35.465+0500] {processor.py:830} INFO - Processing file /home/abayturar/airflow-project/venv/lib/python3.12/site-packages/airflow/example_dags/subdags/subdag.py for tasks to queue
[2026-03-28T18:38:35.467+0500] {logging_mixin.py:188} INFO - [2026-03-28T18:38:35.466+0500] {dagbag.py:545} INFO - Filling up the DagBag from /home/abayturar/airflow-project/venv/lib/python3.12/site-packages/airflow/example_dags/subdags/subdag.py
[2026-03-28T18:38:35.469+0500] {processor.py:842} WARNING - No viable dags retrieved from /home/abayturar/airflow-project/venv/lib/python3.12/site-packages/airflow/example_dags/subdags/subdag.py
[2026-03-28T18:38:35.480+0500] {processor.py:183} INFO - Processing /home/abayturar/airflow-project/venv/lib/python3.12/site-packages/airflow/example_dags/subdags/subdag.py took 0.022 seconds
[2026-03-28T18:39:26.614+0500] {processor.py:161} INFO - Started process (PID=21383) to work on /home/abayturar/airflow-project/venv/lib/python3.12/site-packages/airflow/example_dags/subdags/subdag.py
[2026-03-28T18:39:26.614+0500] {processor.py:830} INFO - Processing file /home/abayturar/airflow-project/venv/lib/python3.12/site-packages/airflow/example_dags/subdags/subdag.py for tasks to queue
[2026-03-28T18:39:26.616+0500] {logging_mixin.py:188} INFO - [2026-03-28T18:39:26.616+0500] {dagbag.py:545} INFO - Filling up the DagBag from /home/abayturar/airflow-project/venv/lib/python3.12/site-packages/airflow/example_dags/subdags/subdag.py
[2026-03-28T18:39:26.619+0500] {processor.py:842} WARNING - No viable dags retrieved from /home/abayturar/airflow-project/venv/lib/python3.12/site-packages/airflow/example_dags/subdags/subdag.py
[2026-03-28T18:39:26.630+0500] {processor.py:183} INFO - Processing /home/abayturar/airflow-project/venv/lib/python3.12/site-packages/airflow/example_dags/subdags/subdag.py took 0.023 seconds
[2026-03-28T18:40:18.041+0500] {processor.py:161} INFO - Started process (PID=21520) to work on /home/abayturar/airflow-project/venv/lib/python3.12/site-packages/airflow/example_dags/subdags/subdag.py
[2026-03-28T18:40:18.043+0500] {processor.py:830} INFO - Processing file /home/abayturar/airflow-project/venv/lib/python3.12/site-packages/airflow/example_dags/subdags/subdag.py for tasks to queue
[2026-03-28T18:40:18.045+0500] {logging_mixin.py:188} INFO - [2026-03-28T18:40:18.044+0500] {dagbag.py:545} INFO - Filling up the DagBag from /home/abayturar/airflow-project/venv/lib/python3.12/site-packages/airflow/example_dags/subdags/subdag.py
[2026-03-28T18:40:18.047+0500] {processor.py:842} WARNING - No viable dags retrieved from /home/abayturar/airflow-project/venv/lib/python3.12/site-packages/airflow/example_dags/subdags/subdag.py
[2026-03-28T18:40:18.061+0500] {processor.py:183} INFO - Processing /home/abayturar/airflow-project/venv/lib/python3.12/site-packages/airflow/example_dags/subdags/subdag.py took 0.026 seconds
[2026-03-28T18:41:11.074+0500] {processor.py:161} INFO - Started process (PID=21655) to work on /home/abayturar/airflow-project/venv/lib/python3.12/site-packages/airflow/example_dags/subdags/subdag.py
[2026-03-28T18:41:11.075+0500] {processor.py:830} INFO - Processing file /home/abayturar/airflow-project/venv/lib/python3.12/site-packages/airflow/example_dags/subdags/subdag.py for tasks to queue
[2026-03-28T18:41:11.076+0500] {logging_mixin.py:188} INFO - [2026-03-28T18:41:11.076+0500] {dagbag.py:545} INFO - Filling up the DagBag from /home/abayturar/airflow-project/venv/lib/python3.12/site-packages/airflow/example_dags/subdags/subdag.py
[2026-03-28T18:41:11.078+0500] {processor.py:842} WARNING - No viable dags retrieved from /home/abayturar/airflow-project/venv/lib/python3.12/site-packages/airflow/example_dags/subdags/subdag.py
[2026-03-28T18:41:11.092+0500] {processor.py:183} INFO - Processing /home/abayturar/airflow-project/venv/lib/python3.12/site-packages/airflow/example_dags/subdags/subdag.py took 0.025 seconds
[2026-03-28T18:41:48.293+0500] {processor.py:161} INFO - Started process (PID=21804) to work on /home/abayturar/airflow-project/venv/lib/python3.12/site-packages/airflow/example_dags/subdags/subdag.py
[2026-03-28T18:41:48.294+0500] {processor.py:830} INFO - Processing file /home/abayturar/airflow-project/venv/lib/python3.12/site-packages/airflow/example_dags/subdags/subdag.py for tasks to queue
[2026-03-28T18:41:48.296+0500] {logging_mixin.py:188} INFO - [2026-03-28T18:41:48.295+0500] {dagbag.py:545} INFO - Filling up the DagBag from /home/abayturar/airflow-project/venv/lib/python3.12/site-packages/airflow/example_dags/subdags/subdag.py
[2026-03-28T18:41:48.298+0500] {processor.py:842} WARNING - No viable dags retrieved from /home/abayturar/airflow-project/venv/lib/python3.12/site-packages/airflow/example_dags/subdags/subdag.py
[2026-03-28T18:41:48.311+0500] {processor.py:183} INFO - Processing /home/abayturar/airflow-project/venv/lib/python3.12/site-packages/airflow/example_dags/subdags/subdag.py took 0.024 seconds
[2026-03-28T18:42:22.424+0500] {processor.py:161} INFO - Started process (PID=21899) to work on /home/abayturar/airflow-project/venv/lib/python3.12/site-packages/airflow/example_dags/subdags/subdag.py
[2026-03-28T18:42:22.425+0500] {processor.py:830} INFO - Processing file /home/abayturar/airflow-project/venv/lib/python3.12/site-packages/airflow/example_dags/subdags/subdag.py for tasks to queue
[2026-03-28T18:42:22.426+0500] {logging_mixin.py:188} INFO - [2026-03-28T18:42:22.426+0500] {dagbag.py:545} INFO - Filling up the DagBag from /home/abayturar/airflow-project/venv/lib/python3.12/site-packages/airflow/example_dags/subdags/subdag.py
[2026-03-28T18:42:22.429+0500] {processor.py:842} WARNING - No viable dags retrieved from /home/abayturar/airflow-project/venv/lib/python3.12/site-packages/airflow/example_dags/subdags/subdag.py
[2026-03-28T18:42:22.440+0500] {processor.py:183} INFO - Processing /home/abayturar/airflow-project/venv/lib/python3.12/site-packages/airflow/example_dags/subdags/subdag.py took 0.023 seconds
[2026-03-28T18:43:11.101+0500] {processor.py:161} INFO - Started process (PID=22053) to work on /home/abayturar/airflow-project/venv/lib/python3.12/site-packages/airflow/example_dags/subdags/subdag.py
[2026-03-28T18:43:11.102+0500] {processor.py:830} INFO - Processing file /home/abayturar/airflow-project/venv/lib/python3.12/site-packages/airflow/example_dags/subdags/subdag.py for tasks to queue
[2026-03-28T18:43:11.103+0500] {logging_mixin.py:188} INFO - [2026-03-28T18:43:11.103+0500] {dagbag.py:545} INFO - Filling up the DagBag from /home/abayturar/airflow-project/venv/lib/python3.12/site-packages/airflow/example_dags/subdags/subdag.py
[2026-03-28T18:43:11.105+0500] {processor.py:842} WARNING - No viable dags retrieved from /home/abayturar/airflow-project/venv/lib/python3.12/site-packages/airflow/example_dags/subdags/subdag.py
[2026-03-28T18:43:11.116+0500] {processor.py:183} INFO - Processing /home/abayturar/airflow-project/venv/lib/python3.12/site-packages/airflow/example_dags/subdags/subdag.py took 0.021 seconds
[2026-03-28T18:43:59.239+0500] {processor.py:161} INFO - Started process (PID=22196) to work on /home/abayturar/airflow-project/venv/lib/python3.12/site-packages/airflow/example_dags/subdags/subdag.py
[2026-03-28T18:43:59.240+0500] {processor.py:830} INFO - Processing file /home/abayturar/airflow-project/venv/lib/python3.12/site-packages/airflow/example_dags/subdags/subdag.py for tasks to queue
[2026-03-28T18:43:59.242+0500] {logging_mixin.py:188} INFO - [2026-03-28T18:43:59.241+0500] {dagbag.py:545} INFO - Filling up the DagBag from /home/abayturar/airflow-project/venv/lib/python3.12/site-packages/airflow/example_dags/subdags/subdag.py
[2026-03-28T18:43:59.244+0500] {processor.py:842} WARNING - No viable dags retrieved from /home/abayturar/airflow-project/venv/lib/python3.12/site-packages/airflow/example_dags/subdags/subdag.py
[2026-03-28T18:43:59.256+0500] {processor.py:183} INFO - Processing /home/abayturar/airflow-project/venv/lib/python3.12/site-packages/airflow/example_dags/subdags/subdag.py took 0.023 seconds
[2026-03-28T18:44:49.643+0500] {processor.py:161} INFO - Started process (PID=22326) to work on /home/abayturar/airflow-project/venv/lib/python3.12/site-packages/airflow/example_dags/subdags/subdag.py
[2026-03-28T18:44:49.644+0500] {processor.py:830} INFO - Processing file /home/abayturar/airflow-project/venv/lib/python3.12/site-packages/airflow/example_dags/subdags/subdag.py for tasks to queue
[2026-03-28T18:44:49.646+0500] {logging_mixin.py:188} INFO - [2026-03-28T18:44:49.646+0500] {dagbag.py:545} INFO - Filling up the DagBag from /home/abayturar/airflow-project/venv/lib/python3.12/site-packages/airflow/example_dags/subdags/subdag.py
[2026-03-28T18:44:49.648+0500] {processor.py:842} WARNING - No viable dags retrieved from /home/abayturar/airflow-project/venv/lib/python3.12/site-packages/airflow/example_dags/subdags/subdag.py
[2026-03-28T18:44:49.663+0500] {processor.py:183} INFO - Processing /home/abayturar/airflow-project/venv/lib/python3.12/site-packages/airflow/example_dags/subdags/subdag.py took 0.028 seconds
[2026-03-28T18:45:39.411+0500] {processor.py:161} INFO - Started process (PID=22461) to work on /home/abayturar/airflow-project/venv/lib/python3.12/site-packages/airflow/example_dags/subdags/subdag.py
[2026-03-28T18:45:39.412+0500] {processor.py:830} INFO - Processing file /home/abayturar/airflow-project/venv/lib/python3.12/site-packages/airflow/example_dags/subdags/subdag.py for tasks to queue
[2026-03-28T18:45:39.413+0500] {logging_mixin.py:188} INFO - [2026-03-28T18:45:39.413+0500] {dagbag.py:545} INFO - Filling up the DagBag from /home/abayturar/airflow-project/venv/lib/python3.12/site-packages/airflow/example_dags/subdags/subdag.py
[2026-03-28T18:45:39.415+0500] {processor.py:842} WARNING - No viable dags retrieved from /home/abayturar/airflow-project/venv/lib/python3.12/site-packages/airflow/example_dags/subdags/subdag.py
[2026-03-28T18:45:39.427+0500] {processor.py:183} INFO - Processing /home/abayturar/airflow-project/venv/lib/python3.12/site-packages/airflow/example_dags/subdags/subdag.py took 0.022 seconds
[2026-03-28T18:46:26.645+0500] {processor.py:161} INFO - Started process (PID=22587) to work on /home/abayturar/airflow-project/venv/lib/python3.12/site-packages/airflow/example_dags/subdags/subdag.py
[2026-03-28T18:46:26.646+0500] {processor.py:830} INFO - Processing file /home/abayturar/airflow-project/venv/lib/python3.12/site-packages/airflow/example_dags/subdags/subdag.py for tasks to queue
[2026-03-28T18:46:26.648+0500] {logging_mixin.py:188} INFO - [2026-03-28T18:46:26.647+0500] {dagbag.py:545} INFO - Filling up the DagBag from /home/abayturar/airflow-project/venv/lib/python3.12/site-packages/airflow/example_dags/subdags/subdag.py
[2026-03-28T18:46:26.650+0500] {processor.py:842} WARNING - No viable dags retrieved from /home/abayturar/airflow-project/venv/lib/python3.12/site-packages/airflow/example_dags/subdags/subdag.py
[2026-03-28T18:46:26.661+0500] {processor.py:183} INFO - Processing /home/abayturar/airflow-project/venv/lib/python3.12/site-packages/airflow/example_dags/subdags/subdag.py took 0.022 seconds
[2026-03-28T18:47:13.933+0500] {processor.py:161} INFO - Started process (PID=22714) to work on /home/abayturar/airflow-project/venv/lib/python3.12/site-packages/airflow/example_dags/subdags/subdag.py
[2026-03-28T18:47:13.934+0500] {processor.py:830} INFO - Processing file /home/abayturar/airflow-project/venv/lib/python3.12/site-packages/airflow/example_dags/subdags/subdag.py for tasks to queue
[2026-03-28T18:47:13.935+0500] {logging_mixin.py:188} INFO - [2026-03-28T18:47:13.935+0500] {dagbag.py:545} INFO - Filling up the DagBag from /home/abayturar/airflow-project/venv/lib/python3.12/site-packages/airflow/example_dags/subdags/subdag.py
[2026-03-28T18:47:13.938+0500] {processor.py:842} WARNING - No viable dags retrieved from /home/abayturar/airflow-project/venv/lib/python3.12/site-packages/airflow/example_dags/subdags/subdag.py
[2026-03-28T18:47:13.950+0500] {processor.py:183} INFO - Processing /home/abayturar/airflow-project/venv/lib/python3.12/site-packages/airflow/example_dags/subdags/subdag.py took 0.024 seconds
[2026-03-28T18:47:59.971+0500] {processor.py:161} INFO - Started process (PID=22837) to work on /home/abayturar/airflow-project/venv/lib/python3.12/site-packages/airflow/example_dags/subdags/subdag.py
[2026-03-28T18:47:59.972+0500] {processor.py:830} INFO - Processing file /home/abayturar/airflow-project/venv/lib/python3.12/site-packages/airflow/example_dags/subdags/subdag.py for tasks to queue
[2026-03-28T18:47:59.974+0500] {logging_mixin.py:188} INFO - [2026-03-28T18:47:59.973+0500] {dagbag.py:545} INFO - Filling up the DagBag from /home/abayturar/airflow-project/venv/lib/python3.12/site-packages/airflow/example_dags/subdags/subdag.py
[2026-03-28T18:47:59.977+0500] {processor.py:842} WARNING - No viable dags retrieved from /home/abayturar/airflow-project/venv/lib/python3.12/site-packages/airflow/example_dags/subdags/subdag.py
[2026-03-28T18:47:59.992+0500] {processor.py:183} INFO - Processing /home/abayturar/airflow-project/venv/lib/python3.12/site-packages/airflow/example_dags/subdags/subdag.py took 0.029 seconds
[2026-03-28T18:48:42.919+0500] {processor.py:161} INFO - Started process (PID=22954) to work on /home/abayturar/airflow-project/venv/lib/python3.12/site-packages/airflow/example_dags/subdags/subdag.py
[2026-03-28T18:48:42.919+0500] {processor.py:830} INFO - Processing file /home/abayturar/airflow-project/venv/lib/python3.12/site-packages/airflow/example_dags/subdags/subdag.py for tasks to queue
[2026-03-28T18:48:42.921+0500] {logging_mixin.py:188} INFO - [2026-03-28T18:48:42.921+0500] {dagbag.py:545} INFO - Filling up the DagBag from /home/abayturar/airflow-project/venv/lib/python3.12/site-packages/airflow/example_dags/subdags/subdag.py
[2026-03-28T18:48:42.924+0500] {processor.py:842} WARNING - No viable dags retrieved from /home/abayturar/airflow-project/venv/lib/python3.12/site-packages/airflow/example_dags/subdags/subdag.py
[2026-03-28T18:48:42.937+0500] {processor.py:183} INFO - Processing /home/abayturar/airflow-project/venv/lib/python3.12/site-packages/airflow/example_dags/subdags/subdag.py took 0.025 seconds
[2026-03-28T18:49:28.001+0500] {processor.py:161} INFO - Started process (PID=23075) to work on /home/abayturar/airflow-project/venv/lib/python3.12/site-packages/airflow/example_dags/subdags/subdag.py
[2026-03-28T18:49:28.002+0500] {processor.py:830} INFO - Processing file /home/abayturar/airflow-project/venv/lib/python3.12/site-packages/airflow/example_dags/subdags/subdag.py for tasks to queue
[2026-03-28T18:49:28.004+0500] {logging_mixin.py:188} INFO - [2026-03-28T18:49:28.003+0500] {dagbag.py:545} INFO - Filling up the DagBag from /home/abayturar/airflow-project/venv/lib/python3.12/site-packages/airflow/example_dags/subdags/subdag.py
[2026-03-28T18:49:28.006+0500] {processor.py:842} WARNING - No viable dags retrieved from /home/abayturar/airflow-project/venv/lib/python3.12/site-packages/airflow/example_dags/subdags/subdag.py
[2026-03-28T18:49:28.019+0500] {processor.py:183} INFO - Processing /home/abayturar/airflow-project/venv/lib/python3.12/site-packages/airflow/example_dags/subdags/subdag.py took 0.025 seconds
[2026-03-28T18:50:13.987+0500] {processor.py:161} INFO - Started process (PID=23197) to work on /home/abayturar/airflow-project/venv/lib/python3.12/site-packages/airflow/example_dags/subdags/subdag.py
[2026-03-28T18:50:13.989+0500] {processor.py:830} INFO - Processing file /home/abayturar/airflow-project/venv/lib/python3.12/site-packages/airflow/example_dags/subdags/subdag.py for tasks to queue
[2026-03-28T18:50:13.991+0500] {logging_mixin.py:188} INFO - [2026-03-28T18:50:13.991+0500] {dagbag.py:545} INFO - Filling up the DagBag from /home/abayturar/airflow-project/venv/lib/python3.12/site-packages/airflow/example_dags/subdags/subdag.py
[2026-03-28T18:50:13.993+0500] {processor.py:842} WARNING - No viable dags retrieved from /home/abayturar/airflow-project/venv/lib/python3.12/site-packages/airflow/example_dags/subdags/subdag.py
[2026-03-28T18:50:14.007+0500] {processor.py:183} INFO - Processing /home/abayturar/airflow-project/venv/lib/python3.12/site-packages/airflow/example_dags/subdags/subdag.py took 0.026 seconds
[2026-03-28T18:51:00.857+0500] {processor.py:161} INFO - Started process (PID=23324) to work on /home/abayturar/airflow-project/venv/lib/python3.12/site-packages/airflow/example_dags/subdags/subdag.py
[2026-03-28T18:51:00.858+0500] {processor.py:830} INFO - Processing file /home/abayturar/airflow-project/venv/lib/python3.12/site-packages/airflow/example_dags/subdags/subdag.py for tasks to queue
[2026-03-28T18:51:00.860+0500] {logging_mixin.py:188} INFO - [2026-03-28T18:51:00.859+0500] {dagbag.py:545} INFO - Filling up the DagBag from /home/abayturar/airflow-project/venv/lib/python3.12/site-packages/airflow/example_dags/subdags/subdag.py
[2026-03-28T18:51:00.863+0500] {processor.py:842} WARNING - No viable dags retrieved from /home/abayturar/airflow-project/venv/lib/python3.12/site-packages/airflow/example_dags/subdags/subdag.py
[2026-03-28T18:51:00.875+0500] {processor.py:183} INFO - Processing /home/abayturar/airflow-project/venv/lib/python3.12/site-packages/airflow/example_dags/subdags/subdag.py took 0.024 seconds
[2026-03-28T18:51:48.333+0500] {processor.py:161} INFO - Started process (PID=23451) to work on /home/abayturar/airflow-project/venv/lib/python3.12/site-packages/airflow/example_dags/subdags/subdag.py
[2026-03-28T18:51:48.333+0500] {processor.py:830} INFO - Processing file /home/abayturar/airflow-project/venv/lib/python3.12/site-packages/airflow/example_dags/subdags/subdag.py for tasks to queue
[2026-03-28T18:51:48.335+0500] {logging_mixin.py:188} INFO - [2026-03-28T18:51:48.335+0500] {dagbag.py:545} INFO - Filling up the DagBag from /home/abayturar/airflow-project/venv/lib/python3.12/site-packages/airflow/example_dags/subdags/subdag.py
[2026-03-28T18:51:48.337+0500] {processor.py:842} WARNING - No viable dags retrieved from /home/abayturar/airflow-project/venv/lib/python3.12/site-packages/airflow/example_dags/subdags/subdag.py
[2026-03-28T18:51:48.348+0500] {processor.py:183} INFO - Processing /home/abayturar/airflow-project/venv/lib/python3.12/site-packages/airflow/example_dags/subdags/subdag.py took 0.022 seconds
[2026-03-28T18:52:33.260+0500] {processor.py:161} INFO - Started process (PID=23572) to work on /home/abayturar/airflow-project/venv/lib/python3.12/site-packages/airflow/example_dags/subdags/subdag.py
[2026-03-28T18:52:33.261+0500] {processor.py:830} INFO - Processing file /home/abayturar/airflow-project/venv/lib/python3.12/site-packages/airflow/example_dags/subdags/subdag.py for tasks to queue
[2026-03-28T18:52:33.264+0500] {logging_mixin.py:188} INFO - [2026-03-28T18:52:33.264+0500] {dagbag.py:545} INFO - Filling up the DagBag from /home/abayturar/airflow-project/venv/lib/python3.12/site-packages/airflow/example_dags/subdags/subdag.py
[2026-03-28T18:52:33.268+0500] {processor.py:842} WARNING - No viable dags retrieved from /home/abayturar/airflow-project/venv/lib/python3.12/site-packages/airflow/example_dags/subdags/subdag.py
[2026-03-28T18:52:33.283+0500] {processor.py:183} INFO - Processing /home/abayturar/airflow-project/venv/lib/python3.12/site-packages/airflow/example_dags/subdags/subdag.py took 0.032 seconds
[2026-03-28T18:53:18.688+0500] {processor.py:161} INFO - Started process (PID=23696) to work on /home/abayturar/airflow-project/venv/lib/python3.12/site-packages/airflow/example_dags/subdags/subdag.py
[2026-03-28T18:53:18.689+0500] {processor.py:830} INFO - Processing file /home/abayturar/airflow-project/venv/lib/python3.12/site-packages/airflow/example_dags/subdags/subdag.py for tasks to queue
[2026-03-28T18:53:18.691+0500] {logging_mixin.py:188} INFO - [2026-03-28T18:53:18.690+0500] {dagbag.py:545} INFO - Filling up the DagBag from /home/abayturar/airflow-project/venv/lib/python3.12/site-packages/airflow/example_dags/subdags/subdag.py
[2026-03-28T18:53:18.693+0500] {processor.py:842} WARNING - No viable dags retrieved from /home/abayturar/airflow-project/venv/lib/python3.12/site-packages/airflow/example_dags/subdags/subdag.py
[2026-03-28T18:53:18.705+0500] {processor.py:183} INFO - Processing /home/abayturar/airflow-project/venv/lib/python3.12/site-packages/airflow/example_dags/subdags/subdag.py took 0.023 seconds
[2026-03-28T18:54:04.269+0500] {processor.py:161} INFO - Started process (PID=23818) to work on /home/abayturar/airflow-project/venv/lib/python3.12/site-packages/airflow/example_dags/subdags/subdag.py
[2026-03-28T18:54:04.270+0500] {processor.py:830} INFO - Processing file /home/abayturar/airflow-project/venv/lib/python3.12/site-packages/airflow/example_dags/subdags/subdag.py for tasks to queue
[2026-03-28T18:54:04.271+0500] {logging_mixin.py:188} INFO - [2026-03-28T18:54:04.271+0500] {dagbag.py:545} INFO - Filling up the DagBag from /home/abayturar/airflow-project/venv/lib/python3.12/site-packages/airflow/example_dags/subdags/subdag.py
[2026-03-28T18:54:04.274+0500] {processor.py:842} WARNING - No viable dags retrieved from /home/abayturar/airflow-project/venv/lib/python3.12/site-packages/airflow/example_dags/subdags/subdag.py
[2026-03-28T18:54:04.285+0500] {processor.py:183} INFO - Processing /home/abayturar/airflow-project/venv/lib/python3.12/site-packages/airflow/example_dags/subdags/subdag.py took 0.023 seconds
[2026-03-28T18:54:48.551+0500] {processor.py:161} INFO - Started process (PID=23936) to work on /home/abayturar/airflow-project/venv/lib/python3.12/site-packages/airflow/example_dags/subdags/subdag.py
[2026-03-28T18:54:48.552+0500] {processor.py:830} INFO - Processing file /home/abayturar/airflow-project/venv/lib/python3.12/site-packages/airflow/example_dags/subdags/subdag.py for tasks to queue
[2026-03-28T18:54:48.554+0500] {logging_mixin.py:188} INFO - [2026-03-28T18:54:48.554+0500] {dagbag.py:545} INFO - Filling up the DagBag from /home/abayturar/airflow-project/venv/lib/python3.12/site-packages/airflow/example_dags/subdags/subdag.py
[2026-03-28T18:54:48.556+0500] {processor.py:842} WARNING - No viable dags retrieved from /home/abayturar/airflow-project/venv/lib/python3.12/site-packages/airflow/example_dags/subdags/subdag.py
[2026-03-28T18:54:48.568+0500] {processor.py:183} INFO - Processing /home/abayturar/airflow-project/venv/lib/python3.12/site-packages/airflow/example_dags/subdags/subdag.py took 0.022 seconds
[2026-03-28T18:55:38.874+0500] {processor.py:161} INFO - Started process (PID=24066) to work on /home/abayturar/airflow-project/venv/lib/python3.12/site-packages/airflow/example_dags/subdags/subdag.py
[2026-03-28T18:55:38.875+0500] {processor.py:830} INFO - Processing file /home/abayturar/airflow-project/venv/lib/python3.12/site-packages/airflow/example_dags/subdags/subdag.py for tasks to queue
[2026-03-28T18:55:38.878+0500] {logging_mixin.py:188} INFO - [2026-03-28T18:55:38.877+0500] {dagbag.py:545} INFO - Filling up the DagBag from /home/abayturar/airflow-project/venv/lib/python3.12/site-packages/airflow/example_dags/subdags/subdag.py
[2026-03-28T18:55:38.880+0500] {processor.py:842} WARNING - No viable dags retrieved from /home/abayturar/airflow-project/venv/lib/python3.12/site-packages/airflow/example_dags/subdags/subdag.py
[2026-03-28T18:55:38.906+0500] {processor.py:183} INFO - Processing /home/abayturar/airflow-project/venv/lib/python3.12/site-packages/airflow/example_dags/subdags/subdag.py took 0.045 seconds
[2026-03-28T18:56:32.168+0500] {processor.py:161} INFO - Started process (PID=24205) to work on /home/abayturar/airflow-project/venv/lib/python3.12/site-packages/airflow/example_dags/subdags/subdag.py
[2026-03-28T18:56:32.169+0500] {processor.py:830} INFO - Processing file /home/abayturar/airflow-project/venv/lib/python3.12/site-packages/airflow/example_dags/subdags/subdag.py for tasks to queue
[2026-03-28T18:56:32.171+0500] {logging_mixin.py:188} INFO - [2026-03-28T18:56:32.170+0500] {dagbag.py:545} INFO - Filling up the DagBag from /home/abayturar/airflow-project/venv/lib/python3.12/site-packages/airflow/example_dags/subdags/subdag.py
[2026-03-28T18:56:32.173+0500] {processor.py:842} WARNING - No viable dags retrieved from /home/abayturar/airflow-project/venv/lib/python3.12/site-packages/airflow/example_dags/subdags/subdag.py
[2026-03-28T18:56:32.185+0500] {processor.py:183} INFO - Processing /home/abayturar/airflow-project/venv/lib/python3.12/site-packages/airflow/example_dags/subdags/subdag.py took 0.023 seconds
[2026-03-28T18:57:20.271+0500] {processor.py:161} INFO - Started process (PID=24336) to work on /home/abayturar/airflow-project/venv/lib/python3.12/site-packages/airflow/example_dags/subdags/subdag.py
[2026-03-28T18:57:20.271+0500] {processor.py:830} INFO - Processing file /home/abayturar/airflow-project/venv/lib/python3.12/site-packages/airflow/example_dags/subdags/subdag.py for tasks to queue
[2026-03-28T18:57:20.273+0500] {logging_mixin.py:188} INFO - [2026-03-28T18:57:20.273+0500] {dagbag.py:545} INFO - Filling up the DagBag from /home/abayturar/airflow-project/venv/lib/python3.12/site-packages/airflow/example_dags/subdags/subdag.py
[2026-03-28T18:57:20.275+0500] {processor.py:842} WARNING - No viable dags retrieved from /home/abayturar/airflow-project/venv/lib/python3.12/site-packages/airflow/example_dags/subdags/subdag.py
[2026-03-28T18:57:20.287+0500] {processor.py:183} INFO - Processing /home/abayturar/airflow-project/venv/lib/python3.12/site-packages/airflow/example_dags/subdags/subdag.py took 0.023 seconds
[2026-03-28T18:58:07.989+0500] {processor.py:161} INFO - Started process (PID=24462) to work on /home/abayturar/airflow-project/venv/lib/python3.12/site-packages/airflow/example_dags/subdags/subdag.py
[2026-03-28T18:58:07.989+0500] {processor.py:830} INFO - Processing file /home/abayturar/airflow-project/venv/lib/python3.12/site-packages/airflow/example_dags/subdags/subdag.py for tasks to queue
[2026-03-28T18:58:07.991+0500] {logging_mixin.py:188} INFO - [2026-03-28T18:58:07.991+0500] {dagbag.py:545} INFO - Filling up the DagBag from /home/abayturar/airflow-project/venv/lib/python3.12/site-packages/airflow/example_dags/subdags/subdag.py
[2026-03-28T18:58:07.993+0500] {processor.py:842} WARNING - No viable dags retrieved from /home/abayturar/airflow-project/venv/lib/python3.12/site-packages/airflow/example_dags/subdags/subdag.py
[2026-03-28T18:58:08.006+0500] {processor.py:183} INFO - Processing /home/abayturar/airflow-project/venv/lib/python3.12/site-packages/airflow/example_dags/subdags/subdag.py took 0.025 seconds
[2026-03-28T18:58:54.547+0500] {processor.py:161} INFO - Started process (PID=24585) to work on /home/abayturar/airflow-project/venv/lib/python3.12/site-packages/airflow/example_dags/subdags/subdag.py
[2026-03-28T18:58:54.547+0500] {processor.py:830} INFO - Processing file /home/abayturar/airflow-project/venv/lib/python3.12/site-packages/airflow/example_dags/subdags/subdag.py for tasks to queue
[2026-03-28T18:58:54.549+0500] {logging_mixin.py:188} INFO - [2026-03-28T18:58:54.549+0500] {dagbag.py:545} INFO - Filling up the DagBag from /home/abayturar/airflow-project/venv/lib/python3.12/site-packages/airflow/example_dags/subdags/subdag.py
[2026-03-28T18:58:54.551+0500] {processor.py:842} WARNING - No viable dags retrieved from /home/abayturar/airflow-project/venv/lib/python3.12/site-packages/airflow/example_dags/subdags/subdag.py
[2026-03-28T18:58:54.563+0500] {processor.py:183} INFO - Processing /home/abayturar/airflow-project/venv/lib/python3.12/site-packages/airflow/example_dags/subdags/subdag.py took 0.022 seconds
[2026-03-28T18:59:41.943+0500] {processor.py:161} INFO - Started process (PID=24711) to work on /home/abayturar/airflow-project/venv/lib/python3.12/site-packages/airflow/example_dags/subdags/subdag.py
[2026-03-28T18:59:41.944+0500] {processor.py:830} INFO - Processing file /home/abayturar/airflow-project/venv/lib/python3.12/site-packages/airflow/example_dags/subdags/subdag.py for tasks to queue
[2026-03-28T18:59:41.946+0500] {logging_mixin.py:188} INFO - [2026-03-28T18:59:41.946+0500] {dagbag.py:545} INFO - Filling up the DagBag from /home/abayturar/airflow-project/venv/lib/python3.12/site-packages/airflow/example_dags/subdags/subdag.py
[2026-03-28T18:59:41.948+0500] {processor.py:842} WARNING - No viable dags retrieved from /home/abayturar/airflow-project/venv/lib/python3.12/site-packages/airflow/example_dags/subdags/subdag.py
[2026-03-28T18:59:41.959+0500] {processor.py:183} INFO - Processing /home/abayturar/airflow-project/venv/lib/python3.12/site-packages/airflow/example_dags/subdags/subdag.py took 0.022 seconds
[2026-03-28T19:00:28.848+0500] {processor.py:161} INFO - Started process (PID=24839) to work on /home/abayturar/airflow-project/venv/lib/python3.12/site-packages/airflow/example_dags/subdags/subdag.py
[2026-03-28T19:00:28.849+0500] {processor.py:830} INFO - Processing file /home/abayturar/airflow-project/venv/lib/python3.12/site-packages/airflow/example_dags/subdags/subdag.py for tasks to queue
[2026-03-28T19:00:28.851+0500] {logging_mixin.py:188} INFO - [2026-03-28T19:00:28.851+0500] {dagbag.py:545} INFO - Filling up the DagBag from /home/abayturar/airflow-project/venv/lib/python3.12/site-packages/airflow/example_dags/subdags/subdag.py
[2026-03-28T19:00:28.854+0500] {processor.py:842} WARNING - No viable dags retrieved from /home/abayturar/airflow-project/venv/lib/python3.12/site-packages/airflow/example_dags/subdags/subdag.py
[2026-03-28T19:00:28.868+0500] {processor.py:183} INFO - Processing /home/abayturar/airflow-project/venv/lib/python3.12/site-packages/airflow/example_dags/subdags/subdag.py took 0.028 seconds
[2026-03-28T19:01:15.200+0500] {processor.py:161} INFO - Started process (PID=24964) to work on /home/abayturar/airflow-project/venv/lib/python3.12/site-packages/airflow/example_dags/subdags/subdag.py
[2026-03-28T19:01:15.201+0500] {processor.py:830} INFO - Processing file /home/abayturar/airflow-project/venv/lib/python3.12/site-packages/airflow/example_dags/subdags/subdag.py for tasks to queue
[2026-03-28T19:01:15.203+0500] {logging_mixin.py:188} INFO - [2026-03-28T19:01:15.203+0500] {dagbag.py:545} INFO - Filling up the DagBag from /home/abayturar/airflow-project/venv/lib/python3.12/site-packages/airflow/example_dags/subdags/subdag.py
[2026-03-28T19:01:15.206+0500] {processor.py:842} WARNING - No viable dags retrieved from /home/abayturar/airflow-project/venv/lib/python3.12/site-packages/airflow/example_dags/subdags/subdag.py
[2026-03-28T19:01:15.217+0500] {processor.py:183} INFO - Processing /home/abayturar/airflow-project/venv/lib/python3.12/site-packages/airflow/example_dags/subdags/subdag.py took 0.023 seconds
[2026-03-28T19:02:03.146+0500] {processor.py:161} INFO - Started process (PID=25094) to work on /home/abayturar/airflow-project/venv/lib/python3.12/site-packages/airflow/example_dags/subdags/subdag.py
[2026-03-28T19:02:03.147+0500] {processor.py:830} INFO - Processing file /home/abayturar/airflow-project/venv/lib/python3.12/site-packages/airflow/example_dags/subdags/subdag.py for tasks to queue
[2026-03-28T19:02:03.149+0500] {logging_mixin.py:188} INFO - [2026-03-28T19:02:03.148+0500] {dagbag.py:545} INFO - Filling up the DagBag from /home/abayturar/airflow-project/venv/lib/python3.12/site-packages/airflow/example_dags/subdags/subdag.py
[2026-03-28T19:02:03.151+0500] {processor.py:842} WARNING - No viable dags retrieved from /home/abayturar/airflow-project/venv/lib/python3.12/site-packages/airflow/example_dags/subdags/subdag.py
[2026-03-28T19:02:03.163+0500] {processor.py:183} INFO - Processing /home/abayturar/airflow-project/venv/lib/python3.12/site-packages/airflow/example_dags/subdags/subdag.py took 0.023 seconds
[2026-03-28T19:02:46.349+0500] {processor.py:161} INFO - Started process (PID=25210) to work on /home/abayturar/airflow-project/venv/lib/python3.12/site-packages/airflow/example_dags/subdags/subdag.py
[2026-03-28T19:02:46.351+0500] {processor.py:830} INFO - Processing file /home/abayturar/airflow-project/venv/lib/python3.12/site-packages/airflow/example_dags/subdags/subdag.py for tasks to queue
[2026-03-28T19:02:46.353+0500] {logging_mixin.py:188} INFO - [2026-03-28T19:02:46.352+0500] {dagbag.py:545} INFO - Filling up the DagBag from /home/abayturar/airflow-project/venv/lib/python3.12/site-packages/airflow/example_dags/subdags/subdag.py
[2026-03-28T19:02:46.355+0500] {processor.py:842} WARNING - No viable dags retrieved from /home/abayturar/airflow-project/venv/lib/python3.12/site-packages/airflow/example_dags/subdags/subdag.py
[2026-03-28T19:02:46.369+0500] {processor.py:183} INFO - Processing /home/abayturar/airflow-project/venv/lib/python3.12/site-packages/airflow/example_dags/subdags/subdag.py took 0.030 seconds
[2026-03-28T19:03:29.016+0500] {processor.py:161} INFO - Started process (PID=25328) to work on /home/abayturar/airflow-project/venv/lib/python3.12/site-packages/airflow/example_dags/subdags/subdag.py
[2026-03-28T19:03:29.017+0500] {processor.py:830} INFO - Processing file /home/abayturar/airflow-project/venv/lib/python3.12/site-packages/airflow/example_dags/subdags/subdag.py for tasks to queue
[2026-03-28T19:03:29.019+0500] {logging_mixin.py:188} INFO - [2026-03-28T19:03:29.018+0500] {dagbag.py:545} INFO - Filling up the DagBag from /home/abayturar/airflow-project/venv/lib/python3.12/site-packages/airflow/example_dags/subdags/subdag.py
[2026-03-28T19:03:29.021+0500] {processor.py:842} WARNING - No viable dags retrieved from /home/abayturar/airflow-project/venv/lib/python3.12/site-packages/airflow/example_dags/subdags/subdag.py
[2026-03-28T19:03:29.032+0500] {processor.py:183} INFO - Processing /home/abayturar/airflow-project/venv/lib/python3.12/site-packages/airflow/example_dags/subdags/subdag.py took 0.021 seconds
[2026-03-28T19:04:17.170+0500] {processor.py:161} INFO - Started process (PID=25454) to work on /home/abayturar/airflow-project/venv/lib/python3.12/site-packages/airflow/example_dags/subdags/subdag.py
[2026-03-28T19:04:17.170+0500] {processor.py:830} INFO - Processing file /home/abayturar/airflow-project/venv/lib/python3.12/site-packages/airflow/example_dags/subdags/subdag.py for tasks to queue
[2026-03-28T19:04:17.172+0500] {logging_mixin.py:188} INFO - [2026-03-28T19:04:17.172+0500] {dagbag.py:545} INFO - Filling up the DagBag from /home/abayturar/airflow-project/venv/lib/python3.12/site-packages/airflow/example_dags/subdags/subdag.py
[2026-03-28T19:04:17.174+0500] {processor.py:842} WARNING - No viable dags retrieved from /home/abayturar/airflow-project/venv/lib/python3.12/site-packages/airflow/example_dags/subdags/subdag.py
[2026-03-28T19:04:17.187+0500] {processor.py:183} INFO - Processing /home/abayturar/airflow-project/venv/lib/python3.12/site-packages/airflow/example_dags/subdags/subdag.py took 0.023 seconds
[2026-03-28T19:05:02.221+0500] {processor.py:161} INFO - Started process (PID=25578) to work on /home/abayturar/airflow-project/venv/lib/python3.12/site-packages/airflow/example_dags/subdags/subdag.py
[2026-03-28T19:05:02.222+0500] {processor.py:830} INFO - Processing file /home/abayturar/airflow-project/venv/lib/python3.12/site-packages/airflow/example_dags/subdags/subdag.py for tasks to queue
[2026-03-28T19:05:02.224+0500] {logging_mixin.py:188} INFO - [2026-03-28T19:05:02.223+0500] {dagbag.py:545} INFO - Filling up the DagBag from /home/abayturar/airflow-project/venv/lib/python3.12/site-packages/airflow/example_dags/subdags/subdag.py
[2026-03-28T19:05:02.226+0500] {processor.py:842} WARNING - No viable dags retrieved from /home/abayturar/airflow-project/venv/lib/python3.12/site-packages/airflow/example_dags/subdags/subdag.py
[2026-03-28T19:05:02.237+0500] {processor.py:183} INFO - Processing /home/abayturar/airflow-project/venv/lib/python3.12/site-packages/airflow/example_dags/subdags/subdag.py took 0.022 seconds
[2026-03-28T19:05:45.735+0500] {processor.py:161} INFO - Started process (PID=25694) to work on /home/abayturar/airflow-project/venv/lib/python3.12/site-packages/airflow/example_dags/subdags/subdag.py
[2026-03-28T19:05:45.736+0500] {processor.py:830} INFO - Processing file /home/abayturar/airflow-project/venv/lib/python3.12/site-packages/airflow/example_dags/subdags/subdag.py for tasks to queue
[2026-03-28T19:05:45.738+0500] {logging_mixin.py:188} INFO - [2026-03-28T19:05:45.737+0500] {dagbag.py:545} INFO - Filling up the DagBag from /home/abayturar/airflow-project/venv/lib/python3.12/site-packages/airflow/example_dags/subdags/subdag.py
[2026-03-28T19:05:45.741+0500] {processor.py:842} WARNING - No viable dags retrieved from /home/abayturar/airflow-project/venv/lib/python3.12/site-packages/airflow/example_dags/subdags/subdag.py
[2026-03-28T19:05:45.754+0500] {processor.py:183} INFO - Processing /home/abayturar/airflow-project/venv/lib/python3.12/site-packages/airflow/example_dags/subdags/subdag.py took 0.026 seconds
[2026-03-28T19:06:28.599+0500] {processor.py:161} INFO - Started process (PID=25812) to work on /home/abayturar/airflow-project/venv/lib/python3.12/site-packages/airflow/example_dags/subdags/subdag.py
[2026-03-28T19:06:28.600+0500] {processor.py:830} INFO - Processing file /home/abayturar/airflow-project/venv/lib/python3.12/site-packages/airflow/example_dags/subdags/subdag.py for tasks to queue
[2026-03-28T19:06:28.602+0500] {logging_mixin.py:188} INFO - [2026-03-28T19:06:28.602+0500] {dagbag.py:545} INFO - Filling up the DagBag from /home/abayturar/airflow-project/venv/lib/python3.12/site-packages/airflow/example_dags/subdags/subdag.py
[2026-03-28T19:06:28.605+0500] {processor.py:842} WARNING - No viable dags retrieved from /home/abayturar/airflow-project/venv/lib/python3.12/site-packages/airflow/example_dags/subdags/subdag.py
[2026-03-28T19:06:28.620+0500] {processor.py:183} INFO - Processing /home/abayturar/airflow-project/venv/lib/python3.12/site-packages/airflow/example_dags/subdags/subdag.py took 0.028 seconds
[2026-03-28T19:07:11.101+0500] {processor.py:161} INFO - Started process (PID=25928) to work on /home/abayturar/airflow-project/venv/lib/python3.12/site-packages/airflow/example_dags/subdags/subdag.py
[2026-03-28T19:07:11.102+0500] {processor.py:830} INFO - Processing file /home/abayturar/airflow-project/venv/lib/python3.12/site-packages/airflow/example_dags/subdags/subdag.py for tasks to queue
[2026-03-28T19:07:11.104+0500] {logging_mixin.py:188} INFO - [2026-03-28T19:07:11.104+0500] {dagbag.py:545} INFO - Filling up the DagBag from /home/abayturar/airflow-project/venv/lib/python3.12/site-packages/airflow/example_dags/subdags/subdag.py
[2026-03-28T19:07:11.107+0500] {processor.py:842} WARNING - No viable dags retrieved from /home/abayturar/airflow-project/venv/lib/python3.12/site-packages/airflow/example_dags/subdags/subdag.py
[2026-03-28T19:07:11.119+0500] {processor.py:183} INFO - Processing /home/abayturar/airflow-project/venv/lib/python3.12/site-packages/airflow/example_dags/subdags/subdag.py took 0.025 seconds
[2026-03-28T19:08:00.412+0500] {processor.py:161} INFO - Started process (PID=26060) to work on /home/abayturar/airflow-project/venv/lib/python3.12/site-packages/airflow/example_dags/subdags/subdag.py
[2026-03-28T19:08:00.413+0500] {processor.py:830} INFO - Processing file /home/abayturar/airflow-project/venv/lib/python3.12/site-packages/airflow/example_dags/subdags/subdag.py for tasks to queue
[2026-03-28T19:08:00.414+0500] {logging_mixin.py:188} INFO - [2026-03-28T19:08:00.414+0500] {dagbag.py:545} INFO - Filling up the DagBag from /home/abayturar/airflow-project/venv/lib/python3.12/site-packages/airflow/example_dags/subdags/subdag.py
[2026-03-28T19:08:00.417+0500] {processor.py:842} WARNING - No viable dags retrieved from /home/abayturar/airflow-project/venv/lib/python3.12/site-packages/airflow/example_dags/subdags/subdag.py
[2026-03-28T19:08:00.429+0500] {processor.py:183} INFO - Processing /home/abayturar/airflow-project/venv/lib/python3.12/site-packages/airflow/example_dags/subdags/subdag.py took 0.024 seconds
[2026-03-28T19:08:49.365+0500] {processor.py:161} INFO - Started process (PID=26187) to work on /home/abayturar/airflow-project/venv/lib/python3.12/site-packages/airflow/example_dags/subdags/subdag.py
[2026-03-28T19:08:49.366+0500] {processor.py:830} INFO - Processing file /home/abayturar/airflow-project/venv/lib/python3.12/site-packages/airflow/example_dags/subdags/subdag.py for tasks to queue
[2026-03-28T19:08:49.368+0500] {logging_mixin.py:188} INFO - [2026-03-28T19:08:49.368+0500] {dagbag.py:545} INFO - Filling up the DagBag from /home/abayturar/airflow-project/venv/lib/python3.12/site-packages/airflow/example_dags/subdags/subdag.py
[2026-03-28T19:08:49.370+0500] {processor.py:842} WARNING - No viable dags retrieved from /home/abayturar/airflow-project/venv/lib/python3.12/site-packages/airflow/example_dags/subdags/subdag.py
[2026-03-28T19:08:49.382+0500] {processor.py:183} INFO - Processing /home/abayturar/airflow-project/venv/lib/python3.12/site-packages/airflow/example_dags/subdags/subdag.py took 0.022 seconds
[2026-03-28T19:09:35.164+0500] {processor.py:161} INFO - Started process (PID=26313) to work on /home/abayturar/airflow-project/venv/lib/python3.12/site-packages/airflow/example_dags/subdags/subdag.py
[2026-03-28T19:09:35.165+0500] {processor.py:830} INFO - Processing file /home/abayturar/airflow-project/venv/lib/python3.12/site-packages/airflow/example_dags/subdags/subdag.py for tasks to queue
[2026-03-28T19:09:35.168+0500] {logging_mixin.py:188} INFO - [2026-03-28T19:09:35.167+0500] {dagbag.py:545} INFO - Filling up the DagBag from /home/abayturar/airflow-project/venv/lib/python3.12/site-packages/airflow/example_dags/subdags/subdag.py
[2026-03-28T19:09:35.170+0500] {processor.py:842} WARNING - No viable dags retrieved from /home/abayturar/airflow-project/venv/lib/python3.12/site-packages/airflow/example_dags/subdags/subdag.py
[2026-03-28T19:09:35.185+0500] {processor.py:183} INFO - Processing /home/abayturar/airflow-project/venv/lib/python3.12/site-packages/airflow/example_dags/subdags/subdag.py took 0.027 seconds
[2026-03-28T19:10:20.494+0500] {processor.py:161} INFO - Started process (PID=26436) to work on /home/abayturar/airflow-project/venv/lib/python3.12/site-packages/airflow/example_dags/subdags/subdag.py
[2026-03-28T19:10:20.495+0500] {processor.py:830} INFO - Processing file /home/abayturar/airflow-project/venv/lib/python3.12/site-packages/airflow/example_dags/subdags/subdag.py for tasks to queue
[2026-03-28T19:10:20.497+0500] {logging_mixin.py:188} INFO - [2026-03-28T19:10:20.496+0500] {dagbag.py:545} INFO - Filling up the DagBag from /home/abayturar/airflow-project/venv/lib/python3.12/site-packages/airflow/example_dags/subdags/subdag.py
[2026-03-28T19:10:20.499+0500] {processor.py:842} WARNING - No viable dags retrieved from /home/abayturar/airflow-project/venv/lib/python3.12/site-packages/airflow/example_dags/subdags/subdag.py
[2026-03-28T19:10:20.510+0500] {processor.py:183} INFO - Processing /home/abayturar/airflow-project/venv/lib/python3.12/site-packages/airflow/example_dags/subdags/subdag.py took 0.022 seconds
[2026-03-28T19:11:08.657+0500] {processor.py:161} INFO - Started process (PID=26562) to work on /home/abayturar/airflow-project/venv/lib/python3.12/site-packages/airflow/example_dags/subdags/subdag.py
[2026-03-28T19:11:08.658+0500] {processor.py:830} INFO - Processing file /home/abayturar/airflow-project/venv/lib/python3.12/site-packages/airflow/example_dags/subdags/subdag.py for tasks to queue
[2026-03-28T19:11:08.659+0500] {logging_mixin.py:188} INFO - [2026-03-28T19:11:08.659+0500] {dagbag.py:545} INFO - Filling up the DagBag from /home/abayturar/airflow-project/venv/lib/python3.12/site-packages/airflow/example_dags/subdags/subdag.py
[2026-03-28T19:11:08.662+0500] {processor.py:842} WARNING - No viable dags retrieved from /home/abayturar/airflow-project/venv/lib/python3.12/site-packages/airflow/example_dags/subdags/subdag.py
[2026-03-28T19:11:08.675+0500] {processor.py:183} INFO - Processing /home/abayturar/airflow-project/venv/lib/python3.12/site-packages/airflow/example_dags/subdags/subdag.py took 0.025 seconds
[2026-03-28T19:11:56.552+0500] {processor.py:161} INFO - Started process (PID=26688) to work on /home/abayturar/airflow-project/venv/lib/python3.12/site-packages/airflow/example_dags/subdags/subdag.py
[2026-03-28T19:11:56.553+0500] {processor.py:830} INFO - Processing file /home/abayturar/airflow-project/venv/lib/python3.12/site-packages/airflow/example_dags/subdags/subdag.py for tasks to queue
[2026-03-28T19:11:56.554+0500] {logging_mixin.py:188} INFO - [2026-03-28T19:11:56.554+0500] {dagbag.py:545} INFO - Filling up the DagBag from /home/abayturar/airflow-project/venv/lib/python3.12/site-packages/airflow/example_dags/subdags/subdag.py
[2026-03-28T19:11:56.556+0500] {processor.py:842} WARNING - No viable dags retrieved from /home/abayturar/airflow-project/venv/lib/python3.12/site-packages/airflow/example_dags/subdags/subdag.py
[2026-03-28T19:11:56.568+0500] {processor.py:183} INFO - Processing /home/abayturar/airflow-project/venv/lib/python3.12/site-packages/airflow/example_dags/subdags/subdag.py took 0.022 seconds
[2026-03-28T19:12:43.546+0500] {processor.py:161} INFO - Started process (PID=26815) to work on /home/abayturar/airflow-project/venv/lib/python3.12/site-packages/airflow/example_dags/subdags/subdag.py
[2026-03-28T19:12:43.547+0500] {processor.py:830} INFO - Processing file /home/abayturar/airflow-project/venv/lib/python3.12/site-packages/airflow/example_dags/subdags/subdag.py for tasks to queue
[2026-03-28T19:12:43.548+0500] {logging_mixin.py:188} INFO - [2026-03-28T19:12:43.548+0500] {dagbag.py:545} INFO - Filling up the DagBag from /home/abayturar/airflow-project/venv/lib/python3.12/site-packages/airflow/example_dags/subdags/subdag.py
[2026-03-28T19:12:43.551+0500] {processor.py:842} WARNING - No viable dags retrieved from /home/abayturar/airflow-project/venv/lib/python3.12/site-packages/airflow/example_dags/subdags/subdag.py
[2026-03-28T19:12:43.562+0500] {processor.py:183} INFO - Processing /home/abayturar/airflow-project/venv/lib/python3.12/site-packages/airflow/example_dags/subdags/subdag.py took 0.022 seconds
[2026-03-28T19:13:31.209+0500] {processor.py:161} INFO - Started process (PID=26942) to work on /home/abayturar/airflow-project/venv/lib/python3.12/site-packages/airflow/example_dags/subdags/subdag.py
[2026-03-28T19:13:31.210+0500] {processor.py:830} INFO - Processing file /home/abayturar/airflow-project/venv/lib/python3.12/site-packages/airflow/example_dags/subdags/subdag.py for tasks to queue
[2026-03-28T19:13:31.212+0500] {logging_mixin.py:188} INFO - [2026-03-28T19:13:31.211+0500] {dagbag.py:545} INFO - Filling up the DagBag from /home/abayturar/airflow-project/venv/lib/python3.12/site-packages/airflow/example_dags/subdags/subdag.py
[2026-03-28T19:13:31.214+0500] {processor.py:842} WARNING - No viable dags retrieved from /home/abayturar/airflow-project/venv/lib/python3.12/site-packages/airflow/example_dags/subdags/subdag.py
[2026-03-28T19:13:31.225+0500] {processor.py:183} INFO - Processing /home/abayturar/airflow-project/venv/lib/python3.12/site-packages/airflow/example_dags/subdags/subdag.py took 0.023 seconds
[2026-03-28T19:14:18.098+0500] {processor.py:161} INFO - Started process (PID=27070) to work on /home/abayturar/airflow-project/venv/lib/python3.12/site-packages/airflow/example_dags/subdags/subdag.py
[2026-03-28T19:14:18.099+0500] {processor.py:830} INFO - Processing file /home/abayturar/airflow-project/venv/lib/python3.12/site-packages/airflow/example_dags/subdags/subdag.py for tasks to queue
[2026-03-28T19:14:18.100+0500] {logging_mixin.py:188} INFO - [2026-03-28T19:14:18.100+0500] {dagbag.py:545} INFO - Filling up the DagBag from /home/abayturar/airflow-project/venv/lib/python3.12/site-packages/airflow/example_dags/subdags/subdag.py
[2026-03-28T19:14:18.102+0500] {processor.py:842} WARNING - No viable dags retrieved from /home/abayturar/airflow-project/venv/lib/python3.12/site-packages/airflow/example_dags/subdags/subdag.py
[2026-03-28T19:14:18.115+0500] {processor.py:183} INFO - Processing /home/abayturar/airflow-project/venv/lib/python3.12/site-packages/airflow/example_dags/subdags/subdag.py took 0.024 seconds
[2026-03-28T19:15:06.251+0500] {processor.py:161} INFO - Started process (PID=27198) to work on /home/abayturar/airflow-project/venv/lib/python3.12/site-packages/airflow/example_dags/subdags/subdag.py
[2026-03-28T19:15:06.252+0500] {processor.py:830} INFO - Processing file /home/abayturar/airflow-project/venv/lib/python3.12/site-packages/airflow/example_dags/subdags/subdag.py for tasks to queue
[2026-03-28T19:15:06.253+0500] {logging_mixin.py:188} INFO - [2026-03-28T19:15:06.253+0500] {dagbag.py:545} INFO - Filling up the DagBag from /home/abayturar/airflow-project/venv/lib/python3.12/site-packages/airflow/example_dags/subdags/subdag.py
[2026-03-28T19:15:06.255+0500] {processor.py:842} WARNING - No viable dags retrieved from /home/abayturar/airflow-project/venv/lib/python3.12/site-packages/airflow/example_dags/subdags/subdag.py
[2026-03-28T19:15:06.267+0500] {processor.py:183} INFO - Processing /home/abayturar/airflow-project/venv/lib/python3.12/site-packages/airflow/example_dags/subdags/subdag.py took 0.023 seconds
[2026-03-28T19:15:49.834+0500] {processor.py:161} INFO - Started process (PID=27318) to work on /home/abayturar/airflow-project/venv/lib/python3.12/site-packages/airflow/example_dags/subdags/subdag.py
[2026-03-28T19:15:49.835+0500] {processor.py:830} INFO - Processing file /home/abayturar/airflow-project/venv/lib/python3.12/site-packages/airflow/example_dags/subdags/subdag.py for tasks to queue
[2026-03-28T19:15:49.837+0500] {logging_mixin.py:188} INFO - [2026-03-28T19:15:49.837+0500] {dagbag.py:545} INFO - Filling up the DagBag from /home/abayturar/airflow-project/venv/lib/python3.12/site-packages/airflow/example_dags/subdags/subdag.py
[2026-03-28T19:15:49.839+0500] {processor.py:842} WARNING - No viable dags retrieved from /home/abayturar/airflow-project/venv/lib/python3.12/site-packages/airflow/example_dags/subdags/subdag.py
[2026-03-28T19:15:49.852+0500] {processor.py:183} INFO - Processing /home/abayturar/airflow-project/venv/lib/python3.12/site-packages/airflow/example_dags/subdags/subdag.py took 0.024 seconds
[2026-03-28T19:16:37.215+0500] {processor.py:161} INFO - Started process (PID=27444) to work on /home/abayturar/airflow-project/venv/lib/python3.12/site-packages/airflow/example_dags/subdags/subdag.py
[2026-03-28T19:16:37.216+0500] {processor.py:830} INFO - Processing file /home/abayturar/airflow-project/venv/lib/python3.12/site-packages/airflow/example_dags/subdags/subdag.py for tasks to queue
[2026-03-28T19:16:37.218+0500] {logging_mixin.py:188} INFO - [2026-03-28T19:16:37.218+0500] {dagbag.py:545} INFO - Filling up the DagBag from /home/abayturar/airflow-project/venv/lib/python3.12/site-packages/airflow/example_dags/subdags/subdag.py
[2026-03-28T19:16:37.221+0500] {processor.py:842} WARNING - No viable dags retrieved from /home/abayturar/airflow-project/venv/lib/python3.12/site-packages/airflow/example_dags/subdags/subdag.py
[2026-03-28T19:16:37.234+0500] {processor.py:183} INFO - Processing /home/abayturar/airflow-project/venv/lib/python3.12/site-packages/airflow/example_dags/subdags/subdag.py took 0.025 seconds
[2026-03-28T19:17:23.302+0500] {processor.py:161} INFO - Started process (PID=27568) to work on /home/abayturar/airflow-project/venv/lib/python3.12/site-packages/airflow/example_dags/subdags/subdag.py
[2026-03-28T19:17:23.303+0500] {processor.py:830} INFO - Processing file /home/abayturar/airflow-project/venv/lib/python3.12/site-packages/airflow/example_dags/subdags/subdag.py for tasks to queue
[2026-03-28T19:17:23.304+0500] {logging_mixin.py:188} INFO - [2026-03-28T19:17:23.304+0500] {dagbag.py:545} INFO - Filling up the DagBag from /home/abayturar/airflow-project/venv/lib/python3.12/site-packages/airflow/example_dags/subdags/subdag.py
[2026-03-28T19:17:23.307+0500] {processor.py:842} WARNING - No viable dags retrieved from /home/abayturar/airflow-project/venv/lib/python3.12/site-packages/airflow/example_dags/subdags/subdag.py
[2026-03-28T19:17:23.321+0500] {processor.py:183} INFO - Processing /home/abayturar/airflow-project/venv/lib/python3.12/site-packages/airflow/example_dags/subdags/subdag.py took 0.026 seconds
[2026-03-28T19:18:09.617+0500] {processor.py:161} INFO - Started process (PID=27695) to work on /home/abayturar/airflow-project/venv/lib/python3.12/site-packages/airflow/example_dags/subdags/subdag.py
[2026-03-28T19:18:09.618+0500] {processor.py:830} INFO - Processing file /home/abayturar/airflow-project/venv/lib/python3.12/site-packages/airflow/example_dags/subdags/subdag.py for tasks to queue
[2026-03-28T19:18:09.619+0500] {logging_mixin.py:188} INFO - [2026-03-28T19:18:09.619+0500] {dagbag.py:545} INFO - Filling up the DagBag from /home/abayturar/airflow-project/venv/lib/python3.12/site-packages/airflow/example_dags/subdags/subdag.py
[2026-03-28T19:18:09.622+0500] {processor.py:842} WARNING - No viable dags retrieved from /home/abayturar/airflow-project/venv/lib/python3.12/site-packages/airflow/example_dags/subdags/subdag.py
[2026-03-28T19:18:09.634+0500] {processor.py:183} INFO - Processing /home/abayturar/airflow-project/venv/lib/python3.12/site-packages/airflow/example_dags/subdags/subdag.py took 0.023 seconds
[2026-03-28T19:18:51.785+0500] {processor.py:161} INFO - Started process (PID=27807) to work on /home/abayturar/airflow-project/venv/lib/python3.12/site-packages/airflow/example_dags/subdags/subdag.py
[2026-03-28T19:18:51.786+0500] {processor.py:830} INFO - Processing file /home/abayturar/airflow-project/venv/lib/python3.12/site-packages/airflow/example_dags/subdags/subdag.py for tasks to queue
[2026-03-28T19:18:51.787+0500] {logging_mixin.py:188} INFO - [2026-03-28T19:18:51.787+0500] {dagbag.py:545} INFO - Filling up the DagBag from /home/abayturar/airflow-project/venv/lib/python3.12/site-packages/airflow/example_dags/subdags/subdag.py
[2026-03-28T19:18:51.790+0500] {processor.py:842} WARNING - No viable dags retrieved from /home/abayturar/airflow-project/venv/lib/python3.12/site-packages/airflow/example_dags/subdags/subdag.py
[2026-03-28T19:18:51.806+0500] {processor.py:183} INFO - Processing /home/abayturar/airflow-project/venv/lib/python3.12/site-packages/airflow/example_dags/subdags/subdag.py took 0.027 seconds
[2026-03-28T19:19:39.554+0500] {processor.py:161} INFO - Started process (PID=27936) to work on /home/abayturar/airflow-project/venv/lib/python3.12/site-packages/airflow/example_dags/subdags/subdag.py
[2026-03-28T19:19:39.555+0500] {processor.py:830} INFO - Processing file /home/abayturar/airflow-project/venv/lib/python3.12/site-packages/airflow/example_dags/subdags/subdag.py for tasks to queue
[2026-03-28T19:19:39.556+0500] {logging_mixin.py:188} INFO - [2026-03-28T19:19:39.556+0500] {dagbag.py:545} INFO - Filling up the DagBag from /home/abayturar/airflow-project/venv/lib/python3.12/site-packages/airflow/example_dags/subdags/subdag.py
[2026-03-28T19:19:39.559+0500] {processor.py:842} WARNING - No viable dags retrieved from /home/abayturar/airflow-project/venv/lib/python3.12/site-packages/airflow/example_dags/subdags/subdag.py
[2026-03-28T19:19:39.570+0500] {processor.py:183} INFO - Processing /home/abayturar/airflow-project/venv/lib/python3.12/site-packages/airflow/example_dags/subdags/subdag.py took 0.022 seconds
[2026-03-28T19:20:26.171+0500] {processor.py:161} INFO - Started process (PID=28062) to work on /home/abayturar/airflow-project/venv/lib/python3.12/site-packages/airflow/example_dags/subdags/subdag.py
[2026-03-28T19:20:26.172+0500] {processor.py:830} INFO - Processing file /home/abayturar/airflow-project/venv/lib/python3.12/site-packages/airflow/example_dags/subdags/subdag.py for tasks to queue
[2026-03-28T19:20:26.175+0500] {logging_mixin.py:188} INFO - [2026-03-28T19:20:26.175+0500] {dagbag.py:545} INFO - Filling up the DagBag from /home/abayturar/airflow-project/venv/lib/python3.12/site-packages/airflow/example_dags/subdags/subdag.py
[2026-03-28T19:20:26.179+0500] {processor.py:842} WARNING - No viable dags retrieved from /home/abayturar/airflow-project/venv/lib/python3.12/site-packages/airflow/example_dags/subdags/subdag.py
[2026-03-28T19:20:26.191+0500] {processor.py:183} INFO - Processing /home/abayturar/airflow-project/venv/lib/python3.12/site-packages/airflow/example_dags/subdags/subdag.py took 0.029 seconds
[2026-03-28T19:21:12.000+0500] {processor.py:161} INFO - Started process (PID=28185) to work on /home/abayturar/airflow-project/venv/lib/python3.12/site-packages/airflow/example_dags/subdags/subdag.py
[2026-03-28T19:21:12.001+0500] {processor.py:830} INFO - Processing file /home/abayturar/airflow-project/venv/lib/python3.12/site-packages/airflow/example_dags/subdags/subdag.py for tasks to queue
[2026-03-28T19:21:12.003+0500] {logging_mixin.py:188} INFO - [2026-03-28T19:21:12.003+0500] {dagbag.py:545} INFO - Filling up the DagBag from /home/abayturar/airflow-project/venv/lib/python3.12/site-packages/airflow/example_dags/subdags/subdag.py
[2026-03-28T19:21:12.005+0500] {processor.py:842} WARNING - No viable dags retrieved from /home/abayturar/airflow-project/venv/lib/python3.12/site-packages/airflow/example_dags/subdags/subdag.py
[2026-03-28T19:21:12.017+0500] {processor.py:183} INFO - Processing /home/abayturar/airflow-project/venv/lib/python3.12/site-packages/airflow/example_dags/subdags/subdag.py took 0.022 seconds
[2026-03-28T19:21:56.295+0500] {processor.py:161} INFO - Started process (PID=28343) to work on /home/abayturar/airflow-project/venv/lib/python3.12/site-packages/airflow/example_dags/subdags/subdag.py
[2026-03-28T19:21:56.296+0500] {processor.py:830} INFO - Processing file /home/abayturar/airflow-project/venv/lib/python3.12/site-packages/airflow/example_dags/subdags/subdag.py for tasks to queue
[2026-03-28T19:21:56.298+0500] {logging_mixin.py:188} INFO - [2026-03-28T19:21:56.297+0500] {dagbag.py:545} INFO - Filling up the DagBag from /home/abayturar/airflow-project/venv/lib/python3.12/site-packages/airflow/example_dags/subdags/subdag.py
[2026-03-28T19:21:56.300+0500] {processor.py:842} WARNING - No viable dags retrieved from /home/abayturar/airflow-project/venv/lib/python3.12/site-packages/airflow/example_dags/subdags/subdag.py
[2026-03-28T19:21:56.312+0500] {processor.py:183} INFO - Processing /home/abayturar/airflow-project/venv/lib/python3.12/site-packages/airflow/example_dags/subdags/subdag.py took 0.022 seconds
[2026-03-28T19:22:37.998+0500] {processor.py:161} INFO - Started process (PID=28456) to work on /home/abayturar/airflow-project/venv/lib/python3.12/site-packages/airflow/example_dags/subdags/subdag.py
[2026-03-28T19:22:37.999+0500] {processor.py:830} INFO - Processing file /home/abayturar/airflow-project/venv/lib/python3.12/site-packages/airflow/example_dags/subdags/subdag.py for tasks to queue
[2026-03-28T19:22:38.001+0500] {logging_mixin.py:188} INFO - [2026-03-28T19:22:38.000+0500] {dagbag.py:545} INFO - Filling up the DagBag from /home/abayturar/airflow-project/venv/lib/python3.12/site-packages/airflow/example_dags/subdags/subdag.py
[2026-03-28T19:22:38.004+0500] {processor.py:842} WARNING - No viable dags retrieved from /home/abayturar/airflow-project/venv/lib/python3.12/site-packages/airflow/example_dags/subdags/subdag.py
[2026-03-28T19:22:38.016+0500] {processor.py:183} INFO - Processing /home/abayturar/airflow-project/venv/lib/python3.12/site-packages/airflow/example_dags/subdags/subdag.py took 0.025 seconds
[2026-03-28T19:23:24.778+0500] {processor.py:161} INFO - Started process (PID=28584) to work on /home/abayturar/airflow-project/venv/lib/python3.12/site-packages/airflow/example_dags/subdags/subdag.py
[2026-03-28T19:23:24.779+0500] {processor.py:830} INFO - Processing file /home/abayturar/airflow-project/venv/lib/python3.12/site-packages/airflow/example_dags/subdags/subdag.py for tasks to queue
[2026-03-28T19:23:24.780+0500] {logging_mixin.py:188} INFO - [2026-03-28T19:23:24.780+0500] {dagbag.py:545} INFO - Filling up the DagBag from /home/abayturar/airflow-project/venv/lib/python3.12/site-packages/airflow/example_dags/subdags/subdag.py
[2026-03-28T19:23:24.783+0500] {processor.py:842} WARNING - No viable dags retrieved from /home/abayturar/airflow-project/venv/lib/python3.12/site-packages/airflow/example_dags/subdags/subdag.py
[2026-03-28T19:23:24.800+0500] {processor.py:183} INFO - Processing /home/abayturar/airflow-project/venv/lib/python3.12/site-packages/airflow/example_dags/subdags/subdag.py took 0.028 seconds
[2026-03-28T19:24:11.275+0500] {processor.py:161} INFO - Started process (PID=28708) to work on /home/abayturar/airflow-project/venv/lib/python3.12/site-packages/airflow/example_dags/subdags/subdag.py
[2026-03-28T19:24:11.276+0500] {processor.py:830} INFO - Processing file /home/abayturar/airflow-project/venv/lib/python3.12/site-packages/airflow/example_dags/subdags/subdag.py for tasks to queue
[2026-03-28T19:24:11.278+0500] {logging_mixin.py:188} INFO - [2026-03-28T19:24:11.278+0500] {dagbag.py:545} INFO - Filling up the DagBag from /home/abayturar/airflow-project/venv/lib/python3.12/site-packages/airflow/example_dags/subdags/subdag.py
[2026-03-28T19:24:11.281+0500] {processor.py:842} WARNING - No viable dags retrieved from /home/abayturar/airflow-project/venv/lib/python3.12/site-packages/airflow/example_dags/subdags/subdag.py
[2026-03-28T19:24:11.294+0500] {processor.py:183} INFO - Processing /home/abayturar/airflow-project/venv/lib/python3.12/site-packages/airflow/example_dags/subdags/subdag.py took 0.026 seconds
[2026-03-28T19:24:57.959+0500] {processor.py:161} INFO - Started process (PID=28833) to work on /home/abayturar/airflow-project/venv/lib/python3.12/site-packages/airflow/example_dags/subdags/subdag.py
[2026-03-28T19:24:57.960+0500] {processor.py:830} INFO - Processing file /home/abayturar/airflow-project/venv/lib/python3.12/site-packages/airflow/example_dags/subdags/subdag.py for tasks to queue
[2026-03-28T19:24:57.963+0500] {logging_mixin.py:188} INFO - [2026-03-28T19:24:57.963+0500] {dagbag.py:545} INFO - Filling up the DagBag from /home/abayturar/airflow-project/venv/lib/python3.12/site-packages/airflow/example_dags/subdags/subdag.py
[2026-03-28T19:24:57.966+0500] {processor.py:842} WARNING - No viable dags retrieved from /home/abayturar/airflow-project/venv/lib/python3.12/site-packages/airflow/example_dags/subdags/subdag.py
[2026-03-28T19:24:57.980+0500] {processor.py:183} INFO - Processing /home/abayturar/airflow-project/venv/lib/python3.12/site-packages/airflow/example_dags/subdags/subdag.py took 0.028 seconds
[2026-03-28T19:25:43.781+0500] {processor.py:161} INFO - Started process (PID=28956) to work on /home/abayturar/airflow-project/venv/lib/python3.12/site-packages/airflow/example_dags/subdags/subdag.py
[2026-03-28T19:25:43.782+0500] {processor.py:830} INFO - Processing file /home/abayturar/airflow-project/venv/lib/python3.12/site-packages/airflow/example_dags/subdags/subdag.py for tasks to queue
[2026-03-28T19:25:43.783+0500] {logging_mixin.py:188} INFO - [2026-03-28T19:25:43.783+0500] {dagbag.py:545} INFO - Filling up the DagBag from /home/abayturar/airflow-project/venv/lib/python3.12/site-packages/airflow/example_dags/subdags/subdag.py
[2026-03-28T19:25:43.786+0500] {processor.py:842} WARNING - No viable dags retrieved from /home/abayturar/airflow-project/venv/lib/python3.12/site-packages/airflow/example_dags/subdags/subdag.py
[2026-03-28T19:25:43.798+0500] {processor.py:183} INFO - Processing /home/abayturar/airflow-project/venv/lib/python3.12/site-packages/airflow/example_dags/subdags/subdag.py took 0.024 seconds
[2026-03-28T19:26:28.977+0500] {processor.py:161} INFO - Started process (PID=29079) to work on /home/abayturar/airflow-project/venv/lib/python3.12/site-packages/airflow/example_dags/subdags/subdag.py
[2026-03-28T19:26:28.978+0500] {processor.py:830} INFO - Processing file /home/abayturar/airflow-project/venv/lib/python3.12/site-packages/airflow/example_dags/subdags/subdag.py for tasks to queue
[2026-03-28T19:26:28.979+0500] {logging_mixin.py:188} INFO - [2026-03-28T19:26:28.979+0500] {dagbag.py:545} INFO - Filling up the DagBag from /home/abayturar/airflow-project/venv/lib/python3.12/site-packages/airflow/example_dags/subdags/subdag.py
[2026-03-28T19:26:28.981+0500] {processor.py:842} WARNING - No viable dags retrieved from /home/abayturar/airflow-project/venv/lib/python3.12/site-packages/airflow/example_dags/subdags/subdag.py
[2026-03-28T19:26:28.992+0500] {processor.py:183} INFO - Processing /home/abayturar/airflow-project/venv/lib/python3.12/site-packages/airflow/example_dags/subdags/subdag.py took 0.022 seconds
[2026-03-28T19:27:17.637+0500] {processor.py:161} INFO - Started process (PID=29210) to work on /home/abayturar/airflow-project/venv/lib/python3.12/site-packages/airflow/example_dags/subdags/subdag.py
[2026-03-28T19:27:17.638+0500] {processor.py:830} INFO - Processing file /home/abayturar/airflow-project/venv/lib/python3.12/site-packages/airflow/example_dags/subdags/subdag.py for tasks to queue
[2026-03-28T19:27:17.640+0500] {logging_mixin.py:188} INFO - [2026-03-28T19:27:17.640+0500] {dagbag.py:545} INFO - Filling up the DagBag from /home/abayturar/airflow-project/venv/lib/python3.12/site-packages/airflow/example_dags/subdags/subdag.py
[2026-03-28T19:27:17.642+0500] {processor.py:842} WARNING - No viable dags retrieved from /home/abayturar/airflow-project/venv/lib/python3.12/site-packages/airflow/example_dags/subdags/subdag.py
[2026-03-28T19:27:17.654+0500] {processor.py:183} INFO - Processing /home/abayturar/airflow-project/venv/lib/python3.12/site-packages/airflow/example_dags/subdags/subdag.py took 0.022 seconds
[2026-03-28T19:28:05.357+0500] {processor.py:161} INFO - Started process (PID=29338) to work on /home/abayturar/airflow-project/venv/lib/python3.12/site-packages/airflow/example_dags/subdags/subdag.py
[2026-03-28T19:28:05.358+0500] {processor.py:830} INFO - Processing file /home/abayturar/airflow-project/venv/lib/python3.12/site-packages/airflow/example_dags/subdags/subdag.py for tasks to queue
[2026-03-28T19:28:05.359+0500] {logging_mixin.py:188} INFO - [2026-03-28T19:28:05.359+0500] {dagbag.py:545} INFO - Filling up the DagBag from /home/abayturar/airflow-project/venv/lib/python3.12/site-packages/airflow/example_dags/subdags/subdag.py
[2026-03-28T19:28:05.362+0500] {processor.py:842} WARNING - No viable dags retrieved from /home/abayturar/airflow-project/venv/lib/python3.12/site-packages/airflow/example_dags/subdags/subdag.py
[2026-03-28T19:28:05.374+0500] {processor.py:183} INFO - Processing /home/abayturar/airflow-project/venv/lib/python3.12/site-packages/airflow/example_dags/subdags/subdag.py took 0.024 seconds
[2026-03-28T19:28:53.911+0500] {processor.py:161} INFO - Started process (PID=29468) to work on /home/abayturar/airflow-project/venv/lib/python3.12/site-packages/airflow/example_dags/subdags/subdag.py
[2026-03-28T19:28:53.912+0500] {processor.py:830} INFO - Processing file /home/abayturar/airflow-project/venv/lib/python3.12/site-packages/airflow/example_dags/subdags/subdag.py for tasks to queue
[2026-03-28T19:28:53.914+0500] {logging_mixin.py:188} INFO - [2026-03-28T19:28:53.913+0500] {dagbag.py:545} INFO - Filling up the DagBag from /home/abayturar/airflow-project/venv/lib/python3.12/site-packages/airflow/example_dags/subdags/subdag.py
[2026-03-28T19:28:53.916+0500] {processor.py:842} WARNING - No viable dags retrieved from /home/abayturar/airflow-project/venv/lib/python3.12/site-packages/airflow/example_dags/subdags/subdag.py
[2026-03-28T19:28:53.927+0500] {processor.py:183} INFO - Processing /home/abayturar/airflow-project/venv/lib/python3.12/site-packages/airflow/example_dags/subdags/subdag.py took 0.022 seconds
[2026-03-28T19:29:40.497+0500] {processor.py:161} INFO - Started process (PID=29662) to work on /home/abayturar/airflow-project/venv/lib/python3.12/site-packages/airflow/example_dags/subdags/subdag.py
[2026-03-28T19:29:40.498+0500] {processor.py:830} INFO - Processing file /home/abayturar/airflow-project/venv/lib/python3.12/site-packages/airflow/example_dags/subdags/subdag.py for tasks to queue
[2026-03-28T19:29:40.501+0500] {logging_mixin.py:188} INFO - [2026-03-28T19:29:40.500+0500] {dagbag.py:545} INFO - Filling up the DagBag from /home/abayturar/airflow-project/venv/lib/python3.12/site-packages/airflow/example_dags/subdags/subdag.py
[2026-03-28T19:29:40.503+0500] {processor.py:842} WARNING - No viable dags retrieved from /home/abayturar/airflow-project/venv/lib/python3.12/site-packages/airflow/example_dags/subdags/subdag.py
[2026-03-28T19:29:40.514+0500] {processor.py:183} INFO - Processing /home/abayturar/airflow-project/venv/lib/python3.12/site-packages/airflow/example_dags/subdags/subdag.py took 0.023 seconds
[2026-03-28T19:30:34.840+0500] {processor.py:161} INFO - Started process (PID=29827) to work on /home/abayturar/airflow-project/venv/lib/python3.12/site-packages/airflow/example_dags/subdags/subdag.py
[2026-03-28T19:30:34.841+0500] {processor.py:830} INFO - Processing file /home/abayturar/airflow-project/venv/lib/python3.12/site-packages/airflow/example_dags/subdags/subdag.py for tasks to queue
[2026-03-28T19:30:34.843+0500] {logging_mixin.py:188} INFO - [2026-03-28T19:30:34.843+0500] {dagbag.py:545} INFO - Filling up the DagBag from /home/abayturar/airflow-project/venv/lib/python3.12/site-packages/airflow/example_dags/subdags/subdag.py
[2026-03-28T19:30:34.847+0500] {processor.py:842} WARNING - No viable dags retrieved from /home/abayturar/airflow-project/venv/lib/python3.12/site-packages/airflow/example_dags/subdags/subdag.py
[2026-03-28T19:30:34.862+0500] {processor.py:183} INFO - Processing /home/abayturar/airflow-project/venv/lib/python3.12/site-packages/airflow/example_dags/subdags/subdag.py took 0.029 seconds
[2026-03-28T19:31:05.180+0500] {processor.py:161} INFO - Started process (PID=29919) to work on /home/abayturar/airflow-project/venv/lib/python3.12/site-packages/airflow/example_dags/subdags/subdag.py
[2026-03-28T19:31:05.181+0500] {processor.py:830} INFO - Processing file /home/abayturar/airflow-project/venv/lib/python3.12/site-packages/airflow/example_dags/subdags/subdag.py for tasks to queue
[2026-03-28T19:31:05.183+0500] {logging_mixin.py:188} INFO - [2026-03-28T19:31:05.182+0500] {dagbag.py:545} INFO - Filling up the DagBag from /home/abayturar/airflow-project/venv/lib/python3.12/site-packages/airflow/example_dags/subdags/subdag.py
[2026-03-28T19:31:05.187+0500] {processor.py:842} WARNING - No viable dags retrieved from /home/abayturar/airflow-project/venv/lib/python3.12/site-packages/airflow/example_dags/subdags/subdag.py
[2026-03-28T19:31:05.203+0500] {processor.py:183} INFO - Processing /home/abayturar/airflow-project/venv/lib/python3.12/site-packages/airflow/example_dags/subdags/subdag.py took 0.033 seconds
[2026-03-28T19:31:39.993+0500] {processor.py:161} INFO - Started process (PID=30020) to work on /home/abayturar/airflow-project/venv/lib/python3.12/site-packages/airflow/example_dags/subdags/subdag.py
[2026-03-28T19:31:39.994+0500] {processor.py:830} INFO - Processing file /home/abayturar/airflow-project/venv/lib/python3.12/site-packages/airflow/example_dags/subdags/subdag.py for tasks to queue
[2026-03-28T19:31:39.997+0500] {logging_mixin.py:188} INFO - [2026-03-28T19:31:39.996+0500] {dagbag.py:545} INFO - Filling up the DagBag from /home/abayturar/airflow-project/venv/lib/python3.12/site-packages/airflow/example_dags/subdags/subdag.py
[2026-03-28T19:31:40.000+0500] {processor.py:842} WARNING - No viable dags retrieved from /home/abayturar/airflow-project/venv/lib/python3.12/site-packages/airflow/example_dags/subdags/subdag.py
[2026-03-28T19:31:40.016+0500] {processor.py:183} INFO - Processing /home/abayturar/airflow-project/venv/lib/python3.12/site-packages/airflow/example_dags/subdags/subdag.py took 0.030 seconds
[2026-03-28T19:32:15.339+0500] {processor.py:161} INFO - Started process (PID=30119) to work on /home/abayturar/airflow-project/venv/lib/python3.12/site-packages/airflow/example_dags/subdags/subdag.py
[2026-03-28T19:32:15.340+0500] {processor.py:830} INFO - Processing file /home/abayturar/airflow-project/venv/lib/python3.12/site-packages/airflow/example_dags/subdags/subdag.py for tasks to queue
[2026-03-28T19:32:15.341+0500] {logging_mixin.py:188} INFO - [2026-03-28T19:32:15.341+0500] {dagbag.py:545} INFO - Filling up the DagBag from /home/abayturar/airflow-project/venv/lib/python3.12/site-packages/airflow/example_dags/subdags/subdag.py
[2026-03-28T19:32:15.344+0500] {processor.py:842} WARNING - No viable dags retrieved from /home/abayturar/airflow-project/venv/lib/python3.12/site-packages/airflow/example_dags/subdags/subdag.py
[2026-03-28T19:32:15.357+0500] {processor.py:183} INFO - Processing /home/abayturar/airflow-project/venv/lib/python3.12/site-packages/airflow/example_dags/subdags/subdag.py took 0.026 seconds
[2026-03-28T19:32:50.665+0500] {processor.py:161} INFO - Started process (PID=30223) to work on /home/abayturar/airflow-project/venv/lib/python3.12/site-packages/airflow/example_dags/subdags/subdag.py
[2026-03-28T19:32:50.666+0500] {processor.py:830} INFO - Processing file /home/abayturar/airflow-project/venv/lib/python3.12/site-packages/airflow/example_dags/subdags/subdag.py for tasks to queue
[2026-03-28T19:32:50.668+0500] {logging_mixin.py:188} INFO - [2026-03-28T19:32:50.668+0500] {dagbag.py:545} INFO - Filling up the DagBag from /home/abayturar/airflow-project/venv/lib/python3.12/site-packages/airflow/example_dags/subdags/subdag.py
[2026-03-28T19:32:50.671+0500] {processor.py:842} WARNING - No viable dags retrieved from /home/abayturar/airflow-project/venv/lib/python3.12/site-packages/airflow/example_dags/subdags/subdag.py
[2026-03-28T19:32:50.686+0500] {processor.py:183} INFO - Processing /home/abayturar/airflow-project/venv/lib/python3.12/site-packages/airflow/example_dags/subdags/subdag.py took 0.028 seconds
[2026-03-28T19:33:25.096+0500] {processor.py:161} INFO - Started process (PID=30319) to work on /home/abayturar/airflow-project/venv/lib/python3.12/site-packages/airflow/example_dags/subdags/subdag.py
[2026-03-28T19:33:25.097+0500] {processor.py:830} INFO - Processing file /home/abayturar/airflow-project/venv/lib/python3.12/site-packages/airflow/example_dags/subdags/subdag.py for tasks to queue
[2026-03-28T19:33:25.098+0500] {logging_mixin.py:188} INFO - [2026-03-28T19:33:25.098+0500] {dagbag.py:545} INFO - Filling up the DagBag from /home/abayturar/airflow-project/venv/lib/python3.12/site-packages/airflow/example_dags/subdags/subdag.py
[2026-03-28T19:33:25.101+0500] {processor.py:842} WARNING - No viable dags retrieved from /home/abayturar/airflow-project/venv/lib/python3.12/site-packages/airflow/example_dags/subdags/subdag.py
[2026-03-28T19:33:25.112+0500] {processor.py:183} INFO - Processing /home/abayturar/airflow-project/venv/lib/python3.12/site-packages/airflow/example_dags/subdags/subdag.py took 0.023 seconds
[2026-03-28T19:33:58.448+0500] {processor.py:161} INFO - Started process (PID=30420) to work on /home/abayturar/airflow-project/venv/lib/python3.12/site-packages/airflow/example_dags/subdags/subdag.py
[2026-03-28T19:33:58.449+0500] {processor.py:830} INFO - Processing file /home/abayturar/airflow-project/venv/lib/python3.12/site-packages/airflow/example_dags/subdags/subdag.py for tasks to queue
[2026-03-28T19:33:58.450+0500] {logging_mixin.py:188} INFO - [2026-03-28T19:33:58.450+0500] {dagbag.py:545} INFO - Filling up the DagBag from /home/abayturar/airflow-project/venv/lib/python3.12/site-packages/airflow/example_dags/subdags/subdag.py
[2026-03-28T19:33:58.453+0500] {processor.py:842} WARNING - No viable dags retrieved from /home/abayturar/airflow-project/venv/lib/python3.12/site-packages/airflow/example_dags/subdags/subdag.py
[2026-03-28T19:33:58.467+0500] {processor.py:183} INFO - Processing /home/abayturar/airflow-project/venv/lib/python3.12/site-packages/airflow/example_dags/subdags/subdag.py took 0.026 seconds
[2026-03-28T19:35:03.500+0500] {processor.py:161} INFO - Started process (PID=30528) to work on /home/abayturar/airflow-project/venv/lib/python3.12/site-packages/airflow/example_dags/subdags/subdag.py
[2026-03-28T19:35:03.501+0500] {processor.py:830} INFO - Processing file /home/abayturar/airflow-project/venv/lib/python3.12/site-packages/airflow/example_dags/subdags/subdag.py for tasks to queue
[2026-03-28T19:35:03.503+0500] {logging_mixin.py:188} INFO - [2026-03-28T19:35:03.503+0500] {dagbag.py:545} INFO - Filling up the DagBag from /home/abayturar/airflow-project/venv/lib/python3.12/site-packages/airflow/example_dags/subdags/subdag.py
[2026-03-28T19:35:03.506+0500] {processor.py:842} WARNING - No viable dags retrieved from /home/abayturar/airflow-project/venv/lib/python3.12/site-packages/airflow/example_dags/subdags/subdag.py
[2026-03-28T19:35:03.517+0500] {processor.py:183} INFO - Processing /home/abayturar/airflow-project/venv/lib/python3.12/site-packages/airflow/example_dags/subdags/subdag.py took 0.023 seconds
[2026-03-28T19:36:06.094+0500] {processor.py:161} INFO - Started process (PID=30752) to work on /home/abayturar/airflow-project/venv/lib/python3.12/site-packages/airflow/example_dags/subdags/subdag.py
[2026-03-28T19:36:06.095+0500] {processor.py:830} INFO - Processing file /home/abayturar/airflow-project/venv/lib/python3.12/site-packages/airflow/example_dags/subdags/subdag.py for tasks to queue
[2026-03-28T19:36:06.097+0500] {logging_mixin.py:188} INFO - [2026-03-28T19:36:06.096+0500] {dagbag.py:545} INFO - Filling up the DagBag from /home/abayturar/airflow-project/venv/lib/python3.12/site-packages/airflow/example_dags/subdags/subdag.py
[2026-03-28T19:36:06.099+0500] {processor.py:842} WARNING - No viable dags retrieved from /home/abayturar/airflow-project/venv/lib/python3.12/site-packages/airflow/example_dags/subdags/subdag.py
[2026-03-28T19:36:06.114+0500] {processor.py:183} INFO - Processing /home/abayturar/airflow-project/venv/lib/python3.12/site-packages/airflow/example_dags/subdags/subdag.py took 0.027 seconds
[2026-03-28T19:36:58.994+0500] {processor.py:161} INFO - Started process (PID=30891) to work on /home/abayturar/airflow-project/venv/lib/python3.12/site-packages/airflow/example_dags/subdags/subdag.py
[2026-03-28T19:36:58.995+0500] {processor.py:830} INFO - Processing file /home/abayturar/airflow-project/venv/lib/python3.12/site-packages/airflow/example_dags/subdags/subdag.py for tasks to queue
[2026-03-28T19:36:58.996+0500] {logging_mixin.py:188} INFO - [2026-03-28T19:36:58.996+0500] {dagbag.py:545} INFO - Filling up the DagBag from /home/abayturar/airflow-project/venv/lib/python3.12/site-packages/airflow/example_dags/subdags/subdag.py
[2026-03-28T19:36:59.000+0500] {processor.py:842} WARNING - No viable dags retrieved from /home/abayturar/airflow-project/venv/lib/python3.12/site-packages/airflow/example_dags/subdags/subdag.py
[2026-03-28T19:36:59.011+0500] {processor.py:183} INFO - Processing /home/abayturar/airflow-project/venv/lib/python3.12/site-packages/airflow/example_dags/subdags/subdag.py took 0.024 seconds
[2026-03-28T19:37:45.334+0500] {processor.py:161} INFO - Started process (PID=31020) to work on /home/abayturar/airflow-project/venv/lib/python3.12/site-packages/airflow/example_dags/subdags/subdag.py
[2026-03-28T19:37:45.335+0500] {processor.py:830} INFO - Processing file /home/abayturar/airflow-project/venv/lib/python3.12/site-packages/airflow/example_dags/subdags/subdag.py for tasks to queue
[2026-03-28T19:37:45.337+0500] {logging_mixin.py:188} INFO - [2026-03-28T19:37:45.337+0500] {dagbag.py:545} INFO - Filling up the DagBag from /home/abayturar/airflow-project/venv/lib/python3.12/site-packages/airflow/example_dags/subdags/subdag.py
[2026-03-28T19:37:45.340+0500] {processor.py:842} WARNING - No viable dags retrieved from /home/abayturar/airflow-project/venv/lib/python3.12/site-packages/airflow/example_dags/subdags/subdag.py
[2026-03-28T19:37:45.351+0500] {processor.py:183} INFO - Processing /home/abayturar/airflow-project/venv/lib/python3.12/site-packages/airflow/example_dags/subdags/subdag.py took 0.022 seconds
[2026-03-28T19:38:30.621+0500] {processor.py:161} INFO - Started process (PID=31144) to work on /home/abayturar/airflow-project/venv/lib/python3.12/site-packages/airflow/example_dags/subdags/subdag.py
[2026-03-28T19:38:30.622+0500] {processor.py:830} INFO - Processing file /home/abayturar/airflow-project/venv/lib/python3.12/site-packages/airflow/example_dags/subdags/subdag.py for tasks to queue
[2026-03-28T19:38:30.623+0500] {logging_mixin.py:188} INFO - [2026-03-28T19:38:30.623+0500] {dagbag.py:545} INFO - Filling up the DagBag from /home/abayturar/airflow-project/venv/lib/python3.12/site-packages/airflow/example_dags/subdags/subdag.py
[2026-03-28T19:38:30.626+0500] {processor.py:842} WARNING - No viable dags retrieved from /home/abayturar/airflow-project/venv/lib/python3.12/site-packages/airflow/example_dags/subdags/subdag.py
[2026-03-28T19:38:30.637+0500] {processor.py:183} INFO - Processing /home/abayturar/airflow-project/venv/lib/python3.12/site-packages/airflow/example_dags/subdags/subdag.py took 0.021 seconds
[2026-03-28T19:39:15.108+0500] {processor.py:161} INFO - Started process (PID=31263) to work on /home/abayturar/airflow-project/venv/lib/python3.12/site-packages/airflow/example_dags/subdags/subdag.py
[2026-03-28T19:39:15.109+0500] {processor.py:830} INFO - Processing file /home/abayturar/airflow-project/venv/lib/python3.12/site-packages/airflow/example_dags/subdags/subdag.py for tasks to queue
[2026-03-28T19:39:15.111+0500] {logging_mixin.py:188} INFO - [2026-03-28T19:39:15.111+0500] {dagbag.py:545} INFO - Filling up the DagBag from /home/abayturar/airflow-project/venv/lib/python3.12/site-packages/airflow/example_dags/subdags/subdag.py
[2026-03-28T19:39:15.113+0500] {processor.py:842} WARNING - No viable dags retrieved from /home/abayturar/airflow-project/venv/lib/python3.12/site-packages/airflow/example_dags/subdags/subdag.py
[2026-03-28T19:39:15.124+0500] {processor.py:183} INFO - Processing /home/abayturar/airflow-project/venv/lib/python3.12/site-packages/airflow/example_dags/subdags/subdag.py took 0.021 seconds
[2026-03-28T19:40:00.464+0500] {processor.py:161} INFO - Started process (PID=31387) to work on /home/abayturar/airflow-project/venv/lib/python3.12/site-packages/airflow/example_dags/subdags/subdag.py
[2026-03-28T19:40:00.465+0500] {processor.py:830} INFO - Processing file /home/abayturar/airflow-project/venv/lib/python3.12/site-packages/airflow/example_dags/subdags/subdag.py for tasks to queue
[2026-03-28T19:40:00.467+0500] {logging_mixin.py:188} INFO - [2026-03-28T19:40:00.467+0500] {dagbag.py:545} INFO - Filling up the DagBag from /home/abayturar/airflow-project/venv/lib/python3.12/site-packages/airflow/example_dags/subdags/subdag.py
[2026-03-28T19:40:00.470+0500] {processor.py:842} WARNING - No viable dags retrieved from /home/abayturar/airflow-project/venv/lib/python3.12/site-packages/airflow/example_dags/subdags/subdag.py
[2026-03-28T19:40:00.484+0500] {processor.py:183} INFO - Processing /home/abayturar/airflow-project/venv/lib/python3.12/site-packages/airflow/example_dags/subdags/subdag.py took 0.027 seconds
[2026-03-28T19:40:46.699+0500] {processor.py:161} INFO - Started process (PID=31513) to work on /home/abayturar/airflow-project/venv/lib/python3.12/site-packages/airflow/example_dags/subdags/subdag.py
[2026-03-28T19:40:46.700+0500] {processor.py:830} INFO - Processing file /home/abayturar/airflow-project/venv/lib/python3.12/site-packages/airflow/example_dags/subdags/subdag.py for tasks to queue
[2026-03-28T19:40:46.702+0500] {logging_mixin.py:188} INFO - [2026-03-28T19:40:46.701+0500] {dagbag.py:545} INFO - Filling up the DagBag from /home/abayturar/airflow-project/venv/lib/python3.12/site-packages/airflow/example_dags/subdags/subdag.py
[2026-03-28T19:40:46.704+0500] {processor.py:842} WARNING - No viable dags retrieved from /home/abayturar/airflow-project/venv/lib/python3.12/site-packages/airflow/example_dags/subdags/subdag.py
[2026-03-28T19:40:46.715+0500] {processor.py:183} INFO - Processing /home/abayturar/airflow-project/venv/lib/python3.12/site-packages/airflow/example_dags/subdags/subdag.py took 0.021 seconds
[2026-03-28T19:41:30.053+0500] {processor.py:161} INFO - Started process (PID=31630) to work on /home/abayturar/airflow-project/venv/lib/python3.12/site-packages/airflow/example_dags/subdags/subdag.py
[2026-03-28T19:41:30.054+0500] {processor.py:830} INFO - Processing file /home/abayturar/airflow-project/venv/lib/python3.12/site-packages/airflow/example_dags/subdags/subdag.py for tasks to queue
[2026-03-28T19:41:30.055+0500] {logging_mixin.py:188} INFO - [2026-03-28T19:41:30.055+0500] {dagbag.py:545} INFO - Filling up the DagBag from /home/abayturar/airflow-project/venv/lib/python3.12/site-packages/airflow/example_dags/subdags/subdag.py
[2026-03-28T19:41:30.057+0500] {processor.py:842} WARNING - No viable dags retrieved from /home/abayturar/airflow-project/venv/lib/python3.12/site-packages/airflow/example_dags/subdags/subdag.py
[2026-03-28T19:41:30.069+0500] {processor.py:183} INFO - Processing /home/abayturar/airflow-project/venv/lib/python3.12/site-packages/airflow/example_dags/subdags/subdag.py took 0.022 seconds
[2026-03-28T19:42:17.021+0500] {processor.py:161} INFO - Started process (PID=31757) to work on /home/abayturar/airflow-project/venv/lib/python3.12/site-packages/airflow/example_dags/subdags/subdag.py
[2026-03-28T19:42:17.023+0500] {processor.py:830} INFO - Processing file /home/abayturar/airflow-project/venv/lib/python3.12/site-packages/airflow/example_dags/subdags/subdag.py for tasks to queue
[2026-03-28T19:42:17.025+0500] {logging_mixin.py:188} INFO - [2026-03-28T19:42:17.024+0500] {dagbag.py:545} INFO - Filling up the DagBag from /home/abayturar/airflow-project/venv/lib/python3.12/site-packages/airflow/example_dags/subdags/subdag.py
[2026-03-28T19:42:17.028+0500] {processor.py:842} WARNING - No viable dags retrieved from /home/abayturar/airflow-project/venv/lib/python3.12/site-packages/airflow/example_dags/subdags/subdag.py
[2026-03-28T19:42:17.040+0500] {processor.py:183} INFO - Processing /home/abayturar/airflow-project/venv/lib/python3.12/site-packages/airflow/example_dags/subdags/subdag.py took 0.025 seconds
[2026-03-28T19:43:08.068+0500] {processor.py:161} INFO - Started process (PID=31892) to work on /home/abayturar/airflow-project/venv/lib/python3.12/site-packages/airflow/example_dags/subdags/subdag.py
[2026-03-28T19:43:08.069+0500] {processor.py:830} INFO - Processing file /home/abayturar/airflow-project/venv/lib/python3.12/site-packages/airflow/example_dags/subdags/subdag.py for tasks to queue
[2026-03-28T19:43:08.071+0500] {logging_mixin.py:188} INFO - [2026-03-28T19:43:08.070+0500] {dagbag.py:545} INFO - Filling up the DagBag from /home/abayturar/airflow-project/venv/lib/python3.12/site-packages/airflow/example_dags/subdags/subdag.py
[2026-03-28T19:43:08.073+0500] {processor.py:842} WARNING - No viable dags retrieved from /home/abayturar/airflow-project/venv/lib/python3.12/site-packages/airflow/example_dags/subdags/subdag.py
[2026-03-28T19:43:08.084+0500] {processor.py:183} INFO - Processing /home/abayturar/airflow-project/venv/lib/python3.12/site-packages/airflow/example_dags/subdags/subdag.py took 0.022 seconds
[2026-03-28T19:43:55.898+0500] {processor.py:161} INFO - Started process (PID=32020) to work on /home/abayturar/airflow-project/venv/lib/python3.12/site-packages/airflow/example_dags/subdags/subdag.py
[2026-03-28T19:43:55.899+0500] {processor.py:830} INFO - Processing file /home/abayturar/airflow-project/venv/lib/python3.12/site-packages/airflow/example_dags/subdags/subdag.py for tasks to queue
[2026-03-28T19:43:55.901+0500] {logging_mixin.py:188} INFO - [2026-03-28T19:43:55.900+0500] {dagbag.py:545} INFO - Filling up the DagBag from /home/abayturar/airflow-project/venv/lib/python3.12/site-packages/airflow/example_dags/subdags/subdag.py
[2026-03-28T19:43:55.903+0500] {processor.py:842} WARNING - No viable dags retrieved from /home/abayturar/airflow-project/venv/lib/python3.12/site-packages/airflow/example_dags/subdags/subdag.py
[2026-03-28T19:43:55.914+0500] {processor.py:183} INFO - Processing /home/abayturar/airflow-project/venv/lib/python3.12/site-packages/airflow/example_dags/subdags/subdag.py took 0.022 seconds
[2026-03-28T19:44:41.188+0500] {processor.py:161} INFO - Started process (PID=32142) to work on /home/abayturar/airflow-project/venv/lib/python3.12/site-packages/airflow/example_dags/subdags/subdag.py
[2026-03-28T19:44:41.189+0500] {processor.py:830} INFO - Processing file /home/abayturar/airflow-project/venv/lib/python3.12/site-packages/airflow/example_dags/subdags/subdag.py for tasks to queue
[2026-03-28T19:44:41.190+0500] {logging_mixin.py:188} INFO - [2026-03-28T19:44:41.190+0500] {dagbag.py:545} INFO - Filling up the DagBag from /home/abayturar/airflow-project/venv/lib/python3.12/site-packages/airflow/example_dags/subdags/subdag.py
[2026-03-28T19:44:41.192+0500] {processor.py:842} WARNING - No viable dags retrieved from /home/abayturar/airflow-project/venv/lib/python3.12/site-packages/airflow/example_dags/subdags/subdag.py
[2026-03-28T19:44:41.204+0500] {processor.py:183} INFO - Processing /home/abayturar/airflow-project/venv/lib/python3.12/site-packages/airflow/example_dags/subdags/subdag.py took 0.022 seconds
