[2026-03-29T12:01:20.985+0500] {processor.py:161} INFO - Started process (PID=32229) to work on /home/abayturar/airflow-project/venv/lib/python3.12/site-packages/airflow/example_dags/example_subdag_operator.py
[2026-03-29T12:01:20.987+0500] {processor.py:830} INFO - Processing file /home/abayturar/airflow-project/venv/lib/python3.12/site-packages/airflow/example_dags/example_subdag_operator.py for tasks to queue
[2026-03-29T12:01:20.989+0500] {logging_mixin.py:188} INFO - [2026-03-29T12:01:20.989+0500] {dagbag.py:545} INFO - Filling up the DagBag from /home/abayturar/airflow-project/venv/lib/python3.12/site-packages/airflow/example_dags/example_subdag_operator.py
[2026-03-29T12:01:21.025+0500] {processor.py:840} INFO - DAG(s) 'example_subdag_operator.section-1', 'example_subdag_operator.section-2', 'example_subdag_operator' retrieved from /home/abayturar/airflow-project/venv/lib/python3.12/site-packages/airflow/example_dags/example_subdag_operator.py
[2026-03-29T12:01:21.044+0500] {logging_mixin.py:188} INFO - [2026-03-29T12:01:21.044+0500] {dag.py:3089} INFO - Sync 3 DAGs
[2026-03-29T12:01:21.068+0500] {logging_mixin.py:188} INFO - [2026-03-29T12:01:21.067+0500] {dag.py:3947} INFO - Setting next_dagrun for example_subdag_operator to 2022-01-01 00:00:00+00:00, run_after=2022-01-01 00:00:00+00:00
[2026-03-29T12:01:21.071+0500] {logging_mixin.py:188} INFO - [2026-03-29T12:01:21.071+0500] {dag.py:3947} INFO - Setting next_dagrun for example_subdag_operator.section-1 to None, run_after=None
[2026-03-29T12:01:21.072+0500] {logging_mixin.py:188} INFO - [2026-03-29T12:01:21.072+0500] {dag.py:3947} INFO - Setting next_dagrun for example_subdag_operator.section-2 to None, run_after=None
[2026-03-29T12:01:21.078+0500] {logging_mixin.py:188} INFO - [2026-03-29T12:01:21.078+0500] {dag.py:3089} INFO - Sync 2 DAGs
[2026-03-29T12:01:21.083+0500] {logging_mixin.py:188} INFO - [2026-03-29T12:01:21.082+0500] {dag.py:3947} INFO - Setting next_dagrun for example_subdag_operator.section-1 to None, run_after=None
[2026-03-29T12:01:21.083+0500] {logging_mixin.py:188} INFO - [2026-03-29T12:01:21.083+0500] {dag.py:3947} INFO - Setting next_dagrun for example_subdag_operator.section-2 to None, run_after=None
[2026-03-29T12:01:21.099+0500] {processor.py:183} INFO - Processing /home/abayturar/airflow-project/venv/lib/python3.12/site-packages/airflow/example_dags/example_subdag_operator.py took 0.124 seconds
[2026-03-29T12:02:18.773+0500] {processor.py:161} INFO - Started process (PID=32521) to work on /home/abayturar/airflow-project/venv/lib/python3.12/site-packages/airflow/example_dags/example_subdag_operator.py
[2026-03-29T12:02:18.774+0500] {processor.py:830} INFO - Processing file /home/abayturar/airflow-project/venv/lib/python3.12/site-packages/airflow/example_dags/example_subdag_operator.py for tasks to queue
[2026-03-29T12:02:18.776+0500] {logging_mixin.py:188} INFO - [2026-03-29T12:02:18.775+0500] {dagbag.py:545} INFO - Filling up the DagBag from /home/abayturar/airflow-project/venv/lib/python3.12/site-packages/airflow/example_dags/example_subdag_operator.py
[2026-03-29T12:02:18.798+0500] {processor.py:840} INFO - DAG(s) 'example_subdag_operator.section-1', 'example_subdag_operator.section-2', 'example_subdag_operator' retrieved from /home/abayturar/airflow-project/venv/lib/python3.12/site-packages/airflow/example_dags/example_subdag_operator.py
[2026-03-29T12:02:18.808+0500] {logging_mixin.py:188} INFO - [2026-03-29T12:02:18.808+0500] {dag.py:3089} INFO - Sync 3 DAGs
[2026-03-29T12:02:18.821+0500] {logging_mixin.py:188} INFO - [2026-03-29T12:02:18.821+0500] {dag.py:3947} INFO - Setting next_dagrun for example_subdag_operator to 2022-01-01 00:00:00+00:00, run_after=2022-01-01 00:00:00+00:00
[2026-03-29T12:02:18.823+0500] {logging_mixin.py:188} INFO - [2026-03-29T12:02:18.823+0500] {dag.py:3947} INFO - Setting next_dagrun for example_subdag_operator.section-1 to None, run_after=None
[2026-03-29T12:02:18.824+0500] {logging_mixin.py:188} INFO - [2026-03-29T12:02:18.823+0500] {dag.py:3947} INFO - Setting next_dagrun for example_subdag_operator.section-2 to None, run_after=None
[2026-03-29T12:02:18.828+0500] {logging_mixin.py:188} INFO - [2026-03-29T12:02:18.828+0500] {dag.py:3089} INFO - Sync 2 DAGs
[2026-03-29T12:02:18.830+0500] {logging_mixin.py:188} INFO - [2026-03-29T12:02:18.830+0500] {dag.py:3947} INFO - Setting next_dagrun for example_subdag_operator.section-1 to None, run_after=None
[2026-03-29T12:02:18.830+0500] {logging_mixin.py:188} INFO - [2026-03-29T12:02:18.830+0500] {dag.py:3947} INFO - Setting next_dagrun for example_subdag_operator.section-2 to None, run_after=None
[2026-03-29T12:02:18.878+0500] {processor.py:183} INFO - Processing /home/abayturar/airflow-project/venv/lib/python3.12/site-packages/airflow/example_dags/example_subdag_operator.py took 0.112 seconds
[2026-03-29T12:05:48.778+0500] {processor.py:161} INFO - Started process (PID=32753) to work on /home/abayturar/airflow-project/venv/lib/python3.12/site-packages/airflow/example_dags/example_subdag_operator.py
[2026-03-29T12:05:48.780+0500] {processor.py:830} INFO - Processing file /home/abayturar/airflow-project/venv/lib/python3.12/site-packages/airflow/example_dags/example_subdag_operator.py for tasks to queue
[2026-03-29T12:05:48.781+0500] {logging_mixin.py:188} INFO - [2026-03-29T12:05:48.781+0500] {dagbag.py:545} INFO - Filling up the DagBag from /home/abayturar/airflow-project/venv/lib/python3.12/site-packages/airflow/example_dags/example_subdag_operator.py
[2026-03-29T12:05:48.806+0500] {processor.py:840} INFO - DAG(s) 'example_subdag_operator.section-1', 'example_subdag_operator.section-2', 'example_subdag_operator' retrieved from /home/abayturar/airflow-project/venv/lib/python3.12/site-packages/airflow/example_dags/example_subdag_operator.py
[2026-03-29T12:05:48.818+0500] {logging_mixin.py:188} INFO - [2026-03-29T12:05:48.818+0500] {dag.py:3089} INFO - Sync 3 DAGs
[2026-03-29T12:05:48.837+0500] {logging_mixin.py:188} INFO - [2026-03-29T12:05:48.837+0500] {dag.py:3947} INFO - Setting next_dagrun for example_subdag_operator to 2022-01-01 00:00:00+00:00, run_after=2022-01-01 00:00:00+00:00
[2026-03-29T12:05:48.840+0500] {logging_mixin.py:188} INFO - [2026-03-29T12:05:48.840+0500] {dag.py:3947} INFO - Setting next_dagrun for example_subdag_operator.section-1 to None, run_after=None
[2026-03-29T12:05:48.841+0500] {logging_mixin.py:188} INFO - [2026-03-29T12:05:48.841+0500] {dag.py:3947} INFO - Setting next_dagrun for example_subdag_operator.section-2 to None, run_after=None
[2026-03-29T12:05:48.847+0500] {logging_mixin.py:188} INFO - [2026-03-29T12:05:48.846+0500] {dag.py:3089} INFO - Sync 2 DAGs
[2026-03-29T12:05:48.849+0500] {logging_mixin.py:188} INFO - [2026-03-29T12:05:48.849+0500] {dag.py:3947} INFO - Setting next_dagrun for example_subdag_operator.section-1 to None, run_after=None
[2026-03-29T12:05:48.850+0500] {logging_mixin.py:188} INFO - [2026-03-29T12:05:48.850+0500] {dag.py:3947} INFO - Setting next_dagrun for example_subdag_operator.section-2 to None, run_after=None
[2026-03-29T12:05:48.862+0500] {processor.py:183} INFO - Processing /home/abayturar/airflow-project/venv/lib/python3.12/site-packages/airflow/example_dags/example_subdag_operator.py took 0.091 seconds
[2026-03-29T12:06:41.934+0500] {processor.py:161} INFO - Started process (PID=209) to work on /home/abayturar/airflow-project/venv/lib/python3.12/site-packages/airflow/example_dags/example_subdag_operator.py
[2026-03-29T12:06:41.935+0500] {processor.py:830} INFO - Processing file /home/abayturar/airflow-project/venv/lib/python3.12/site-packages/airflow/example_dags/example_subdag_operator.py for tasks to queue
[2026-03-29T12:06:41.937+0500] {logging_mixin.py:188} INFO - [2026-03-29T12:06:41.936+0500] {dagbag.py:545} INFO - Filling up the DagBag from /home/abayturar/airflow-project/venv/lib/python3.12/site-packages/airflow/example_dags/example_subdag_operator.py
[2026-03-29T12:06:41.961+0500] {processor.py:840} INFO - DAG(s) 'example_subdag_operator.section-1', 'example_subdag_operator.section-2', 'example_subdag_operator' retrieved from /home/abayturar/airflow-project/venv/lib/python3.12/site-packages/airflow/example_dags/example_subdag_operator.py
[2026-03-29T12:06:41.973+0500] {logging_mixin.py:188} INFO - [2026-03-29T12:06:41.973+0500] {dag.py:3089} INFO - Sync 3 DAGs
[2026-03-29T12:06:41.989+0500] {logging_mixin.py:188} INFO - [2026-03-29T12:06:41.988+0500] {dag.py:3947} INFO - Setting next_dagrun for example_subdag_operator to 2022-01-01 00:00:00+00:00, run_after=2022-01-01 00:00:00+00:00
[2026-03-29T12:06:41.991+0500] {logging_mixin.py:188} INFO - [2026-03-29T12:06:41.991+0500] {dag.py:3947} INFO - Setting next_dagrun for example_subdag_operator.section-1 to None, run_after=None
[2026-03-29T12:06:41.992+0500] {logging_mixin.py:188} INFO - [2026-03-29T12:06:41.992+0500] {dag.py:3947} INFO - Setting next_dagrun for example_subdag_operator.section-2 to None, run_after=None
[2026-03-29T12:06:41.998+0500] {logging_mixin.py:188} INFO - [2026-03-29T12:06:41.998+0500] {dag.py:3089} INFO - Sync 2 DAGs
[2026-03-29T12:06:42.001+0500] {logging_mixin.py:188} INFO - [2026-03-29T12:06:42.001+0500] {dag.py:3947} INFO - Setting next_dagrun for example_subdag_operator.section-1 to None, run_after=None
[2026-03-29T12:06:42.001+0500] {logging_mixin.py:188} INFO - [2026-03-29T12:06:42.001+0500] {dag.py:3947} INFO - Setting next_dagrun for example_subdag_operator.section-2 to None, run_after=None
[2026-03-29T12:06:42.012+0500] {processor.py:183} INFO - Processing /home/abayturar/airflow-project/venv/lib/python3.12/site-packages/airflow/example_dags/example_subdag_operator.py took 0.085 seconds
[2026-03-29T12:07:28.309+0500] {processor.py:161} INFO - Started process (PID=398) to work on /home/abayturar/airflow-project/venv/lib/python3.12/site-packages/airflow/example_dags/example_subdag_operator.py
[2026-03-29T12:07:28.311+0500] {processor.py:830} INFO - Processing file /home/abayturar/airflow-project/venv/lib/python3.12/site-packages/airflow/example_dags/example_subdag_operator.py for tasks to queue
[2026-03-29T12:07:28.313+0500] {logging_mixin.py:188} INFO - [2026-03-29T12:07:28.312+0500] {dagbag.py:545} INFO - Filling up the DagBag from /home/abayturar/airflow-project/venv/lib/python3.12/site-packages/airflow/example_dags/example_subdag_operator.py
[2026-03-29T12:07:28.338+0500] {processor.py:840} INFO - DAG(s) 'example_subdag_operator.section-1', 'example_subdag_operator.section-2', 'example_subdag_operator' retrieved from /home/abayturar/airflow-project/venv/lib/python3.12/site-packages/airflow/example_dags/example_subdag_operator.py
[2026-03-29T12:07:28.349+0500] {logging_mixin.py:188} INFO - [2026-03-29T12:07:28.349+0500] {dag.py:3089} INFO - Sync 3 DAGs
[2026-03-29T12:07:28.363+0500] {logging_mixin.py:188} INFO - [2026-03-29T12:07:28.363+0500] {dag.py:3947} INFO - Setting next_dagrun for example_subdag_operator to 2022-01-01 00:00:00+00:00, run_after=2022-01-01 00:00:00+00:00
[2026-03-29T12:07:28.366+0500] {logging_mixin.py:188} INFO - [2026-03-29T12:07:28.365+0500] {dag.py:3947} INFO - Setting next_dagrun for example_subdag_operator.section-1 to None, run_after=None
[2026-03-29T12:07:28.366+0500] {logging_mixin.py:188} INFO - [2026-03-29T12:07:28.366+0500] {dag.py:3947} INFO - Setting next_dagrun for example_subdag_operator.section-2 to None, run_after=None
[2026-03-29T12:07:28.371+0500] {logging_mixin.py:188} INFO - [2026-03-29T12:07:28.371+0500] {dag.py:3089} INFO - Sync 2 DAGs
[2026-03-29T12:07:28.373+0500] {logging_mixin.py:188} INFO - [2026-03-29T12:07:28.373+0500] {dag.py:3947} INFO - Setting next_dagrun for example_subdag_operator.section-1 to None, run_after=None
[2026-03-29T12:07:28.373+0500] {logging_mixin.py:188} INFO - [2026-03-29T12:07:28.373+0500] {dag.py:3947} INFO - Setting next_dagrun for example_subdag_operator.section-2 to None, run_after=None
[2026-03-29T12:07:28.421+0500] {processor.py:183} INFO - Processing /home/abayturar/airflow-project/venv/lib/python3.12/site-packages/airflow/example_dags/example_subdag_operator.py took 0.119 seconds
[2026-03-29T12:08:17.291+0500] {processor.py:161} INFO - Started process (PID=599) to work on /home/abayturar/airflow-project/venv/lib/python3.12/site-packages/airflow/example_dags/example_subdag_operator.py
[2026-03-29T12:08:17.292+0500] {processor.py:830} INFO - Processing file /home/abayturar/airflow-project/venv/lib/python3.12/site-packages/airflow/example_dags/example_subdag_operator.py for tasks to queue
[2026-03-29T12:08:17.294+0500] {logging_mixin.py:188} INFO - [2026-03-29T12:08:17.294+0500] {dagbag.py:545} INFO - Filling up the DagBag from /home/abayturar/airflow-project/venv/lib/python3.12/site-packages/airflow/example_dags/example_subdag_operator.py
[2026-03-29T12:08:17.316+0500] {processor.py:840} INFO - DAG(s) 'example_subdag_operator.section-1', 'example_subdag_operator.section-2', 'example_subdag_operator' retrieved from /home/abayturar/airflow-project/venv/lib/python3.12/site-packages/airflow/example_dags/example_subdag_operator.py
[2026-03-29T12:08:17.328+0500] {logging_mixin.py:188} INFO - [2026-03-29T12:08:17.328+0500] {dag.py:3089} INFO - Sync 3 DAGs
[2026-03-29T12:08:17.343+0500] {logging_mixin.py:188} INFO - [2026-03-29T12:08:17.342+0500] {dag.py:3947} INFO - Setting next_dagrun for example_subdag_operator to 2022-01-01 00:00:00+00:00, run_after=2022-01-01 00:00:00+00:00
[2026-03-29T12:08:17.345+0500] {logging_mixin.py:188} INFO - [2026-03-29T12:08:17.345+0500] {dag.py:3947} INFO - Setting next_dagrun for example_subdag_operator.section-1 to None, run_after=None
[2026-03-29T12:08:17.346+0500] {logging_mixin.py:188} INFO - [2026-03-29T12:08:17.346+0500] {dag.py:3947} INFO - Setting next_dagrun for example_subdag_operator.section-2 to None, run_after=None
[2026-03-29T12:08:17.351+0500] {logging_mixin.py:188} INFO - [2026-03-29T12:08:17.350+0500] {dag.py:3089} INFO - Sync 2 DAGs
[2026-03-29T12:08:17.353+0500] {logging_mixin.py:188} INFO - [2026-03-29T12:08:17.353+0500] {dag.py:3947} INFO - Setting next_dagrun for example_subdag_operator.section-1 to None, run_after=None
[2026-03-29T12:08:17.353+0500] {logging_mixin.py:188} INFO - [2026-03-29T12:08:17.353+0500] {dag.py:3947} INFO - Setting next_dagrun for example_subdag_operator.section-2 to None, run_after=None
[2026-03-29T12:08:17.402+0500] {processor.py:183} INFO - Processing /home/abayturar/airflow-project/venv/lib/python3.12/site-packages/airflow/example_dags/example_subdag_operator.py took 0.117 seconds
[2026-03-29T12:09:09.127+0500] {processor.py:161} INFO - Started process (PID=816) to work on /home/abayturar/airflow-project/venv/lib/python3.12/site-packages/airflow/example_dags/example_subdag_operator.py
[2026-03-29T12:09:09.128+0500] {processor.py:830} INFO - Processing file /home/abayturar/airflow-project/venv/lib/python3.12/site-packages/airflow/example_dags/example_subdag_operator.py for tasks to queue
[2026-03-29T12:09:09.130+0500] {logging_mixin.py:188} INFO - [2026-03-29T12:09:09.129+0500] {dagbag.py:545} INFO - Filling up the DagBag from /home/abayturar/airflow-project/venv/lib/python3.12/site-packages/airflow/example_dags/example_subdag_operator.py
[2026-03-29T12:09:09.149+0500] {processor.py:840} INFO - DAG(s) 'example_subdag_operator.section-1', 'example_subdag_operator.section-2', 'example_subdag_operator' retrieved from /home/abayturar/airflow-project/venv/lib/python3.12/site-packages/airflow/example_dags/example_subdag_operator.py
[2026-03-29T12:09:09.159+0500] {logging_mixin.py:188} INFO - [2026-03-29T12:09:09.159+0500] {dag.py:3089} INFO - Sync 3 DAGs
[2026-03-29T12:09:09.171+0500] {logging_mixin.py:188} INFO - [2026-03-29T12:09:09.171+0500] {dag.py:3947} INFO - Setting next_dagrun for example_subdag_operator to 2022-01-01 00:00:00+00:00, run_after=2022-01-01 00:00:00+00:00
[2026-03-29T12:09:09.173+0500] {logging_mixin.py:188} INFO - [2026-03-29T12:09:09.173+0500] {dag.py:3947} INFO - Setting next_dagrun for example_subdag_operator.section-1 to None, run_after=None
[2026-03-29T12:09:09.174+0500] {logging_mixin.py:188} INFO - [2026-03-29T12:09:09.174+0500] {dag.py:3947} INFO - Setting next_dagrun for example_subdag_operator.section-2 to None, run_after=None
[2026-03-29T12:09:09.178+0500] {logging_mixin.py:188} INFO - [2026-03-29T12:09:09.178+0500] {dag.py:3089} INFO - Sync 2 DAGs
[2026-03-29T12:09:09.180+0500] {logging_mixin.py:188} INFO - [2026-03-29T12:09:09.180+0500] {dag.py:3947} INFO - Setting next_dagrun for example_subdag_operator.section-1 to None, run_after=None
[2026-03-29T12:09:09.180+0500] {logging_mixin.py:188} INFO - [2026-03-29T12:09:09.180+0500] {dag.py:3947} INFO - Setting next_dagrun for example_subdag_operator.section-2 to None, run_after=None
[2026-03-29T12:09:09.228+0500] {processor.py:183} INFO - Processing /home/abayturar/airflow-project/venv/lib/python3.12/site-packages/airflow/example_dags/example_subdag_operator.py took 0.107 seconds
[2026-03-29T12:10:00.416+0500] {processor.py:161} INFO - Started process (PID=971) to work on /home/abayturar/airflow-project/venv/lib/python3.12/site-packages/airflow/example_dags/example_subdag_operator.py
[2026-03-29T12:10:00.417+0500] {processor.py:830} INFO - Processing file /home/abayturar/airflow-project/venv/lib/python3.12/site-packages/airflow/example_dags/example_subdag_operator.py for tasks to queue
[2026-03-29T12:10:00.419+0500] {logging_mixin.py:188} INFO - [2026-03-29T12:10:00.418+0500] {dagbag.py:545} INFO - Filling up the DagBag from /home/abayturar/airflow-project/venv/lib/python3.12/site-packages/airflow/example_dags/example_subdag_operator.py
[2026-03-29T12:10:00.438+0500] {processor.py:840} INFO - DAG(s) 'example_subdag_operator.section-1', 'example_subdag_operator.section-2', 'example_subdag_operator' retrieved from /home/abayturar/airflow-project/venv/lib/python3.12/site-packages/airflow/example_dags/example_subdag_operator.py
[2026-03-29T12:10:00.448+0500] {logging_mixin.py:188} INFO - [2026-03-29T12:10:00.448+0500] {dag.py:3089} INFO - Sync 3 DAGs
[2026-03-29T12:10:00.461+0500] {logging_mixin.py:188} INFO - [2026-03-29T12:10:00.461+0500] {dag.py:3947} INFO - Setting next_dagrun for example_subdag_operator to 2022-01-01 00:00:00+00:00, run_after=2022-01-01 00:00:00+00:00
[2026-03-29T12:10:00.463+0500] {logging_mixin.py:188} INFO - [2026-03-29T12:10:00.463+0500] {dag.py:3947} INFO - Setting next_dagrun for example_subdag_operator.section-1 to None, run_after=None
[2026-03-29T12:10:00.464+0500] {logging_mixin.py:188} INFO - [2026-03-29T12:10:00.464+0500] {dag.py:3947} INFO - Setting next_dagrun for example_subdag_operator.section-2 to None, run_after=None
[2026-03-29T12:10:00.468+0500] {logging_mixin.py:188} INFO - [2026-03-29T12:10:00.468+0500] {dag.py:3089} INFO - Sync 2 DAGs
[2026-03-29T12:10:00.471+0500] {logging_mixin.py:188} INFO - [2026-03-29T12:10:00.471+0500] {dag.py:3947} INFO - Setting next_dagrun for example_subdag_operator.section-1 to None, run_after=None
[2026-03-29T12:10:00.472+0500] {logging_mixin.py:188} INFO - [2026-03-29T12:10:00.471+0500] {dag.py:3947} INFO - Setting next_dagrun for example_subdag_operator.section-2 to None, run_after=None
[2026-03-29T12:10:00.519+0500] {processor.py:183} INFO - Processing /home/abayturar/airflow-project/venv/lib/python3.12/site-packages/airflow/example_dags/example_subdag_operator.py took 0.109 seconds
[2026-03-29T12:10:47.459+0500] {processor.py:161} INFO - Started process (PID=1098) to work on /home/abayturar/airflow-project/venv/lib/python3.12/site-packages/airflow/example_dags/example_subdag_operator.py
[2026-03-29T12:10:47.460+0500] {processor.py:830} INFO - Processing file /home/abayturar/airflow-project/venv/lib/python3.12/site-packages/airflow/example_dags/example_subdag_operator.py for tasks to queue
[2026-03-29T12:10:47.462+0500] {logging_mixin.py:188} INFO - [2026-03-29T12:10:47.462+0500] {dagbag.py:545} INFO - Filling up the DagBag from /home/abayturar/airflow-project/venv/lib/python3.12/site-packages/airflow/example_dags/example_subdag_operator.py
[2026-03-29T12:10:47.487+0500] {processor.py:840} INFO - DAG(s) 'example_subdag_operator.section-1', 'example_subdag_operator.section-2', 'example_subdag_operator' retrieved from /home/abayturar/airflow-project/venv/lib/python3.12/site-packages/airflow/example_dags/example_subdag_operator.py
[2026-03-29T12:10:47.500+0500] {logging_mixin.py:188} INFO - [2026-03-29T12:10:47.500+0500] {dag.py:3089} INFO - Sync 3 DAGs
[2026-03-29T12:10:47.515+0500] {logging_mixin.py:188} INFO - [2026-03-29T12:10:47.514+0500] {dag.py:3947} INFO - Setting next_dagrun for example_subdag_operator to 2022-01-01 00:00:00+00:00, run_after=2022-01-01 00:00:00+00:00
[2026-03-29T12:10:47.517+0500] {logging_mixin.py:188} INFO - [2026-03-29T12:10:47.517+0500] {dag.py:3947} INFO - Setting next_dagrun for example_subdag_operator.section-1 to None, run_after=None
[2026-03-29T12:10:47.518+0500] {logging_mixin.py:188} INFO - [2026-03-29T12:10:47.518+0500] {dag.py:3947} INFO - Setting next_dagrun for example_subdag_operator.section-2 to None, run_after=None
[2026-03-29T12:10:47.523+0500] {logging_mixin.py:188} INFO - [2026-03-29T12:10:47.523+0500] {dag.py:3089} INFO - Sync 2 DAGs
[2026-03-29T12:10:47.526+0500] {logging_mixin.py:188} INFO - [2026-03-29T12:10:47.525+0500] {dag.py:3947} INFO - Setting next_dagrun for example_subdag_operator.section-1 to None, run_after=None
[2026-03-29T12:10:47.526+0500] {logging_mixin.py:188} INFO - [2026-03-29T12:10:47.526+0500] {dag.py:3947} INFO - Setting next_dagrun for example_subdag_operator.section-2 to None, run_after=None
[2026-03-29T12:10:47.576+0500] {processor.py:183} INFO - Processing /home/abayturar/airflow-project/venv/lib/python3.12/site-packages/airflow/example_dags/example_subdag_operator.py took 0.124 seconds
[2026-03-29T12:11:37.618+0500] {processor.py:161} INFO - Started process (PID=1232) to work on /home/abayturar/airflow-project/venv/lib/python3.12/site-packages/airflow/example_dags/example_subdag_operator.py
[2026-03-29T12:11:37.619+0500] {processor.py:830} INFO - Processing file /home/abayturar/airflow-project/venv/lib/python3.12/site-packages/airflow/example_dags/example_subdag_operator.py for tasks to queue
[2026-03-29T12:11:37.621+0500] {logging_mixin.py:188} INFO - [2026-03-29T12:11:37.620+0500] {dagbag.py:545} INFO - Filling up the DagBag from /home/abayturar/airflow-project/venv/lib/python3.12/site-packages/airflow/example_dags/example_subdag_operator.py
[2026-03-29T12:11:37.639+0500] {processor.py:840} INFO - DAG(s) 'example_subdag_operator.section-1', 'example_subdag_operator.section-2', 'example_subdag_operator' retrieved from /home/abayturar/airflow-project/venv/lib/python3.12/site-packages/airflow/example_dags/example_subdag_operator.py
[2026-03-29T12:11:37.649+0500] {logging_mixin.py:188} INFO - [2026-03-29T12:11:37.649+0500] {dag.py:3089} INFO - Sync 3 DAGs
[2026-03-29T12:11:37.661+0500] {logging_mixin.py:188} INFO - [2026-03-29T12:11:37.661+0500] {dag.py:3947} INFO - Setting next_dagrun for example_subdag_operator to 2022-01-01 00:00:00+00:00, run_after=2022-01-01 00:00:00+00:00
[2026-03-29T12:11:37.663+0500] {logging_mixin.py:188} INFO - [2026-03-29T12:11:37.663+0500] {dag.py:3947} INFO - Setting next_dagrun for example_subdag_operator.section-1 to None, run_after=None
[2026-03-29T12:11:37.664+0500] {logging_mixin.py:188} INFO - [2026-03-29T12:11:37.664+0500] {dag.py:3947} INFO - Setting next_dagrun for example_subdag_operator.section-2 to None, run_after=None
[2026-03-29T12:11:37.668+0500] {logging_mixin.py:188} INFO - [2026-03-29T12:11:37.668+0500] {dag.py:3089} INFO - Sync 2 DAGs
[2026-03-29T12:11:37.670+0500] {logging_mixin.py:188} INFO - [2026-03-29T12:11:37.670+0500] {dag.py:3947} INFO - Setting next_dagrun for example_subdag_operator.section-1 to None, run_after=None
[2026-03-29T12:11:37.670+0500] {logging_mixin.py:188} INFO - [2026-03-29T12:11:37.670+0500] {dag.py:3947} INFO - Setting next_dagrun for example_subdag_operator.section-2 to None, run_after=None
[2026-03-29T12:11:37.718+0500] {processor.py:183} INFO - Processing /home/abayturar/airflow-project/venv/lib/python3.12/site-packages/airflow/example_dags/example_subdag_operator.py took 0.106 seconds
[2026-03-29T12:12:28.394+0500] {processor.py:161} INFO - Started process (PID=1363) to work on /home/abayturar/airflow-project/venv/lib/python3.12/site-packages/airflow/example_dags/example_subdag_operator.py
[2026-03-29T12:12:28.395+0500] {processor.py:830} INFO - Processing file /home/abayturar/airflow-project/venv/lib/python3.12/site-packages/airflow/example_dags/example_subdag_operator.py for tasks to queue
[2026-03-29T12:12:28.397+0500] {logging_mixin.py:188} INFO - [2026-03-29T12:12:28.396+0500] {dagbag.py:545} INFO - Filling up the DagBag from /home/abayturar/airflow-project/venv/lib/python3.12/site-packages/airflow/example_dags/example_subdag_operator.py
[2026-03-29T12:12:28.415+0500] {processor.py:840} INFO - DAG(s) 'example_subdag_operator.section-1', 'example_subdag_operator.section-2', 'example_subdag_operator' retrieved from /home/abayturar/airflow-project/venv/lib/python3.12/site-packages/airflow/example_dags/example_subdag_operator.py
[2026-03-29T12:12:28.426+0500] {logging_mixin.py:188} INFO - [2026-03-29T12:12:28.425+0500] {dag.py:3089} INFO - Sync 3 DAGs
[2026-03-29T12:12:28.438+0500] {logging_mixin.py:188} INFO - [2026-03-29T12:12:28.438+0500] {dag.py:3947} INFO - Setting next_dagrun for example_subdag_operator to 2022-01-01 00:00:00+00:00, run_after=2022-01-01 00:00:00+00:00
[2026-03-29T12:12:28.440+0500] {logging_mixin.py:188} INFO - [2026-03-29T12:12:28.440+0500] {dag.py:3947} INFO - Setting next_dagrun for example_subdag_operator.section-1 to None, run_after=None
[2026-03-29T12:12:28.441+0500] {logging_mixin.py:188} INFO - [2026-03-29T12:12:28.441+0500] {dag.py:3947} INFO - Setting next_dagrun for example_subdag_operator.section-2 to None, run_after=None
[2026-03-29T12:12:28.445+0500] {logging_mixin.py:188} INFO - [2026-03-29T12:12:28.445+0500] {dag.py:3089} INFO - Sync 2 DAGs
[2026-03-29T12:12:28.447+0500] {logging_mixin.py:188} INFO - [2026-03-29T12:12:28.447+0500] {dag.py:3947} INFO - Setting next_dagrun for example_subdag_operator.section-1 to None, run_after=None
[2026-03-29T12:12:28.447+0500] {logging_mixin.py:188} INFO - [2026-03-29T12:12:28.447+0500] {dag.py:3947} INFO - Setting next_dagrun for example_subdag_operator.section-2 to None, run_after=None
[2026-03-29T12:12:28.496+0500] {processor.py:183} INFO - Processing /home/abayturar/airflow-project/venv/lib/python3.12/site-packages/airflow/example_dags/example_subdag_operator.py took 0.107 seconds
[2026-03-29T12:13:19.089+0500] {processor.py:161} INFO - Started process (PID=1498) to work on /home/abayturar/airflow-project/venv/lib/python3.12/site-packages/airflow/example_dags/example_subdag_operator.py
[2026-03-29T12:13:19.090+0500] {processor.py:830} INFO - Processing file /home/abayturar/airflow-project/venv/lib/python3.12/site-packages/airflow/example_dags/example_subdag_operator.py for tasks to queue
[2026-03-29T12:13:19.092+0500] {logging_mixin.py:188} INFO - [2026-03-29T12:13:19.091+0500] {dagbag.py:545} INFO - Filling up the DagBag from /home/abayturar/airflow-project/venv/lib/python3.12/site-packages/airflow/example_dags/example_subdag_operator.py
[2026-03-29T12:13:19.111+0500] {processor.py:840} INFO - DAG(s) 'example_subdag_operator.section-1', 'example_subdag_operator.section-2', 'example_subdag_operator' retrieved from /home/abayturar/airflow-project/venv/lib/python3.12/site-packages/airflow/example_dags/example_subdag_operator.py
[2026-03-29T12:13:19.122+0500] {logging_mixin.py:188} INFO - [2026-03-29T12:13:19.121+0500] {dag.py:3089} INFO - Sync 3 DAGs
[2026-03-29T12:13:19.135+0500] {logging_mixin.py:188} INFO - [2026-03-29T12:13:19.135+0500] {dag.py:3947} INFO - Setting next_dagrun for example_subdag_operator to 2022-01-01 00:00:00+00:00, run_after=2022-01-01 00:00:00+00:00
[2026-03-29T12:13:19.240+0500] {logging_mixin.py:188} INFO - [2026-03-29T12:13:19.240+0500] {dag.py:3947} INFO - Setting next_dagrun for example_subdag_operator.section-1 to None, run_after=None
[2026-03-29T12:13:19.241+0500] {logging_mixin.py:188} INFO - [2026-03-29T12:13:19.241+0500] {dag.py:3947} INFO - Setting next_dagrun for example_subdag_operator.section-2 to None, run_after=None
[2026-03-29T12:13:19.245+0500] {logging_mixin.py:188} INFO - [2026-03-29T12:13:19.245+0500] {dag.py:3089} INFO - Sync 2 DAGs
[2026-03-29T12:13:19.247+0500] {logging_mixin.py:188} INFO - [2026-03-29T12:13:19.247+0500] {dag.py:3947} INFO - Setting next_dagrun for example_subdag_operator.section-1 to None, run_after=None
[2026-03-29T12:13:19.247+0500] {logging_mixin.py:188} INFO - [2026-03-29T12:13:19.247+0500] {dag.py:3947} INFO - Setting next_dagrun for example_subdag_operator.section-2 to None, run_after=None
[2026-03-29T12:13:19.295+0500] {processor.py:183} INFO - Processing /home/abayturar/airflow-project/venv/lib/python3.12/site-packages/airflow/example_dags/example_subdag_operator.py took 0.211 seconds
[2026-03-29T12:14:09.709+0500] {processor.py:161} INFO - Started process (PID=1632) to work on /home/abayturar/airflow-project/venv/lib/python3.12/site-packages/airflow/example_dags/example_subdag_operator.py
[2026-03-29T12:14:09.710+0500] {processor.py:830} INFO - Processing file /home/abayturar/airflow-project/venv/lib/python3.12/site-packages/airflow/example_dags/example_subdag_operator.py for tasks to queue
[2026-03-29T12:14:09.712+0500] {logging_mixin.py:188} INFO - [2026-03-29T12:14:09.712+0500] {dagbag.py:545} INFO - Filling up the DagBag from /home/abayturar/airflow-project/venv/lib/python3.12/site-packages/airflow/example_dags/example_subdag_operator.py
[2026-03-29T12:14:09.742+0500] {processor.py:840} INFO - DAG(s) 'example_subdag_operator.section-1', 'example_subdag_operator.section-2', 'example_subdag_operator' retrieved from /home/abayturar/airflow-project/venv/lib/python3.12/site-packages/airflow/example_dags/example_subdag_operator.py
[2026-03-29T12:14:09.754+0500] {logging_mixin.py:188} INFO - [2026-03-29T12:14:09.754+0500] {dag.py:3089} INFO - Sync 3 DAGs
[2026-03-29T12:14:09.768+0500] {logging_mixin.py:188} INFO - [2026-03-29T12:14:09.768+0500] {dag.py:3947} INFO - Setting next_dagrun for example_subdag_operator to 2022-01-01 00:00:00+00:00, run_after=2022-01-01 00:00:00+00:00
[2026-03-29T12:14:09.771+0500] {logging_mixin.py:188} INFO - [2026-03-29T12:14:09.770+0500] {dag.py:3947} INFO - Setting next_dagrun for example_subdag_operator.section-1 to None, run_after=None
[2026-03-29T12:14:09.771+0500] {logging_mixin.py:188} INFO - [2026-03-29T12:14:09.771+0500] {dag.py:3947} INFO - Setting next_dagrun for example_subdag_operator.section-2 to None, run_after=None
[2026-03-29T12:14:09.777+0500] {logging_mixin.py:188} INFO - [2026-03-29T12:14:09.777+0500] {dag.py:3089} INFO - Sync 2 DAGs
[2026-03-29T12:14:09.779+0500] {logging_mixin.py:188} INFO - [2026-03-29T12:14:09.779+0500] {dag.py:3947} INFO - Setting next_dagrun for example_subdag_operator.section-1 to None, run_after=None
[2026-03-29T12:14:09.779+0500] {logging_mixin.py:188} INFO - [2026-03-29T12:14:09.779+0500] {dag.py:3947} INFO - Setting next_dagrun for example_subdag_operator.section-2 to None, run_after=None
[2026-03-29T12:14:09.827+0500] {processor.py:183} INFO - Processing /home/abayturar/airflow-project/venv/lib/python3.12/site-packages/airflow/example_dags/example_subdag_operator.py took 0.124 seconds
[2026-03-29T12:15:01.943+0500] {processor.py:161} INFO - Started process (PID=1767) to work on /home/abayturar/airflow-project/venv/lib/python3.12/site-packages/airflow/example_dags/example_subdag_operator.py
[2026-03-29T12:15:01.944+0500] {processor.py:830} INFO - Processing file /home/abayturar/airflow-project/venv/lib/python3.12/site-packages/airflow/example_dags/example_subdag_operator.py for tasks to queue
[2026-03-29T12:15:01.946+0500] {logging_mixin.py:188} INFO - [2026-03-29T12:15:01.946+0500] {dagbag.py:545} INFO - Filling up the DagBag from /home/abayturar/airflow-project/venv/lib/python3.12/site-packages/airflow/example_dags/example_subdag_operator.py
[2026-03-29T12:15:01.965+0500] {processor.py:840} INFO - DAG(s) 'example_subdag_operator.section-1', 'example_subdag_operator.section-2', 'example_subdag_operator' retrieved from /home/abayturar/airflow-project/venv/lib/python3.12/site-packages/airflow/example_dags/example_subdag_operator.py
[2026-03-29T12:15:01.975+0500] {logging_mixin.py:188} INFO - [2026-03-29T12:15:01.975+0500] {dag.py:3089} INFO - Sync 3 DAGs
[2026-03-29T12:15:01.987+0500] {logging_mixin.py:188} INFO - [2026-03-29T12:15:01.987+0500] {dag.py:3947} INFO - Setting next_dagrun for example_subdag_operator to 2022-01-01 00:00:00+00:00, run_after=2022-01-01 00:00:00+00:00
[2026-03-29T12:15:01.989+0500] {logging_mixin.py:188} INFO - [2026-03-29T12:15:01.989+0500] {dag.py:3947} INFO - Setting next_dagrun for example_subdag_operator.section-1 to None, run_after=None
[2026-03-29T12:15:01.989+0500] {logging_mixin.py:188} INFO - [2026-03-29T12:15:01.989+0500] {dag.py:3947} INFO - Setting next_dagrun for example_subdag_operator.section-2 to None, run_after=None
[2026-03-29T12:15:01.994+0500] {logging_mixin.py:188} INFO - [2026-03-29T12:15:01.993+0500] {dag.py:3089} INFO - Sync 2 DAGs
[2026-03-29T12:15:01.996+0500] {logging_mixin.py:188} INFO - [2026-03-29T12:15:01.995+0500] {dag.py:3947} INFO - Setting next_dagrun for example_subdag_operator.section-1 to None, run_after=None
[2026-03-29T12:15:01.996+0500] {logging_mixin.py:188} INFO - [2026-03-29T12:15:01.996+0500] {dag.py:3947} INFO - Setting next_dagrun for example_subdag_operator.section-2 to None, run_after=None
[2026-03-29T12:15:02.005+0500] {processor.py:183} INFO - Processing /home/abayturar/airflow-project/venv/lib/python3.12/site-packages/airflow/example_dags/example_subdag_operator.py took 0.067 seconds
[2026-03-29T12:15:56.319+0500] {processor.py:161} INFO - Started process (PID=1909) to work on /home/abayturar/airflow-project/venv/lib/python3.12/site-packages/airflow/example_dags/example_subdag_operator.py
[2026-03-29T12:15:56.320+0500] {processor.py:830} INFO - Processing file /home/abayturar/airflow-project/venv/lib/python3.12/site-packages/airflow/example_dags/example_subdag_operator.py for tasks to queue
[2026-03-29T12:15:56.322+0500] {logging_mixin.py:188} INFO - [2026-03-29T12:15:56.322+0500] {dagbag.py:545} INFO - Filling up the DagBag from /home/abayturar/airflow-project/venv/lib/python3.12/site-packages/airflow/example_dags/example_subdag_operator.py
[2026-03-29T12:15:56.345+0500] {processor.py:840} INFO - DAG(s) 'example_subdag_operator.section-1', 'example_subdag_operator.section-2', 'example_subdag_operator' retrieved from /home/abayturar/airflow-project/venv/lib/python3.12/site-packages/airflow/example_dags/example_subdag_operator.py
[2026-03-29T12:15:56.358+0500] {logging_mixin.py:188} INFO - [2026-03-29T12:15:56.358+0500] {dag.py:3089} INFO - Sync 3 DAGs
[2026-03-29T12:15:56.470+0500] {logging_mixin.py:188} INFO - [2026-03-29T12:15:56.469+0500] {dag.py:3947} INFO - Setting next_dagrun for example_subdag_operator to 2022-01-01 00:00:00+00:00, run_after=2022-01-01 00:00:00+00:00
[2026-03-29T12:15:56.471+0500] {logging_mixin.py:188} INFO - [2026-03-29T12:15:56.471+0500] {dag.py:3947} INFO - Setting next_dagrun for example_subdag_operator.section-1 to None, run_after=None
[2026-03-29T12:15:56.473+0500] {logging_mixin.py:188} INFO - [2026-03-29T12:15:56.472+0500] {dag.py:3947} INFO - Setting next_dagrun for example_subdag_operator.section-2 to None, run_after=None
[2026-03-29T12:15:56.477+0500] {logging_mixin.py:188} INFO - [2026-03-29T12:15:56.477+0500] {dag.py:3089} INFO - Sync 2 DAGs
[2026-03-29T12:15:56.479+0500] {logging_mixin.py:188} INFO - [2026-03-29T12:15:56.479+0500] {dag.py:3947} INFO - Setting next_dagrun for example_subdag_operator.section-1 to None, run_after=None
[2026-03-29T12:15:56.480+0500] {logging_mixin.py:188} INFO - [2026-03-29T12:15:56.480+0500] {dag.py:3947} INFO - Setting next_dagrun for example_subdag_operator.section-2 to None, run_after=None
[2026-03-29T12:15:56.489+0500] {processor.py:183} INFO - Processing /home/abayturar/airflow-project/venv/lib/python3.12/site-packages/airflow/example_dags/example_subdag_operator.py took 0.176 seconds
[2026-03-29T12:16:49.352+0500] {processor.py:161} INFO - Started process (PID=2046) to work on /home/abayturar/airflow-project/venv/lib/python3.12/site-packages/airflow/example_dags/example_subdag_operator.py
[2026-03-29T12:16:49.353+0500] {processor.py:830} INFO - Processing file /home/abayturar/airflow-project/venv/lib/python3.12/site-packages/airflow/example_dags/example_subdag_operator.py for tasks to queue
[2026-03-29T12:16:49.355+0500] {logging_mixin.py:188} INFO - [2026-03-29T12:16:49.354+0500] {dagbag.py:545} INFO - Filling up the DagBag from /home/abayturar/airflow-project/venv/lib/python3.12/site-packages/airflow/example_dags/example_subdag_operator.py
[2026-03-29T12:16:49.374+0500] {processor.py:840} INFO - DAG(s) 'example_subdag_operator.section-1', 'example_subdag_operator.section-2', 'example_subdag_operator' retrieved from /home/abayturar/airflow-project/venv/lib/python3.12/site-packages/airflow/example_dags/example_subdag_operator.py
[2026-03-29T12:16:49.385+0500] {logging_mixin.py:188} INFO - [2026-03-29T12:16:49.385+0500] {dag.py:3089} INFO - Sync 3 DAGs
[2026-03-29T12:16:49.484+0500] {logging_mixin.py:188} INFO - [2026-03-29T12:16:49.484+0500] {dag.py:3947} INFO - Setting next_dagrun for example_subdag_operator to 2022-01-01 00:00:00+00:00, run_after=2022-01-01 00:00:00+00:00
[2026-03-29T12:16:49.486+0500] {logging_mixin.py:188} INFO - [2026-03-29T12:16:49.486+0500] {dag.py:3947} INFO - Setting next_dagrun for example_subdag_operator.section-1 to None, run_after=None
[2026-03-29T12:16:49.487+0500] {logging_mixin.py:188} INFO - [2026-03-29T12:16:49.487+0500] {dag.py:3947} INFO - Setting next_dagrun for example_subdag_operator.section-2 to None, run_after=None
[2026-03-29T12:16:49.490+0500] {logging_mixin.py:188} INFO - [2026-03-29T12:16:49.490+0500] {dag.py:3089} INFO - Sync 2 DAGs
[2026-03-29T12:16:49.492+0500] {logging_mixin.py:188} INFO - [2026-03-29T12:16:49.492+0500] {dag.py:3947} INFO - Setting next_dagrun for example_subdag_operator.section-1 to None, run_after=None
[2026-03-29T12:16:49.492+0500] {logging_mixin.py:188} INFO - [2026-03-29T12:16:49.492+0500] {dag.py:3947} INFO - Setting next_dagrun for example_subdag_operator.section-2 to None, run_after=None
[2026-03-29T12:16:49.539+0500] {processor.py:183} INFO - Processing /home/abayturar/airflow-project/venv/lib/python3.12/site-packages/airflow/example_dags/example_subdag_operator.py took 0.193 seconds
[2026-03-29T12:17:41.833+0500] {processor.py:161} INFO - Started process (PID=2183) to work on /home/abayturar/airflow-project/venv/lib/python3.12/site-packages/airflow/example_dags/example_subdag_operator.py
[2026-03-29T12:17:41.834+0500] {processor.py:830} INFO - Processing file /home/abayturar/airflow-project/venv/lib/python3.12/site-packages/airflow/example_dags/example_subdag_operator.py for tasks to queue
[2026-03-29T12:17:41.835+0500] {logging_mixin.py:188} INFO - [2026-03-29T12:17:41.835+0500] {dagbag.py:545} INFO - Filling up the DagBag from /home/abayturar/airflow-project/venv/lib/python3.12/site-packages/airflow/example_dags/example_subdag_operator.py
[2026-03-29T12:17:41.855+0500] {processor.py:840} INFO - DAG(s) 'example_subdag_operator.section-1', 'example_subdag_operator.section-2', 'example_subdag_operator' retrieved from /home/abayturar/airflow-project/venv/lib/python3.12/site-packages/airflow/example_dags/example_subdag_operator.py
[2026-03-29T12:17:41.867+0500] {logging_mixin.py:188} INFO - [2026-03-29T12:17:41.866+0500] {dag.py:3089} INFO - Sync 3 DAGs
[2026-03-29T12:17:41.885+0500] {logging_mixin.py:188} INFO - [2026-03-29T12:17:41.885+0500] {dag.py:3947} INFO - Setting next_dagrun for example_subdag_operator to 2022-01-01 00:00:00+00:00, run_after=2022-01-01 00:00:00+00:00
[2026-03-29T12:17:41.888+0500] {logging_mixin.py:188} INFO - [2026-03-29T12:17:41.888+0500] {dag.py:3947} INFO - Setting next_dagrun for example_subdag_operator.section-1 to None, run_after=None
[2026-03-29T12:17:41.889+0500] {logging_mixin.py:188} INFO - [2026-03-29T12:17:41.889+0500] {dag.py:3947} INFO - Setting next_dagrun for example_subdag_operator.section-2 to None, run_after=None
[2026-03-29T12:17:41.894+0500] {logging_mixin.py:188} INFO - [2026-03-29T12:17:41.893+0500] {dag.py:3089} INFO - Sync 2 DAGs
[2026-03-29T12:17:41.896+0500] {logging_mixin.py:188} INFO - [2026-03-29T12:17:41.896+0500] {dag.py:3947} INFO - Setting next_dagrun for example_subdag_operator.section-1 to None, run_after=None
[2026-03-29T12:17:41.896+0500] {logging_mixin.py:188} INFO - [2026-03-29T12:17:41.896+0500] {dag.py:3947} INFO - Setting next_dagrun for example_subdag_operator.section-2 to None, run_after=None
[2026-03-29T12:17:41.946+0500] {processor.py:183} INFO - Processing /home/abayturar/airflow-project/venv/lib/python3.12/site-packages/airflow/example_dags/example_subdag_operator.py took 0.119 seconds
[2026-03-29T12:18:33.807+0500] {processor.py:161} INFO - Started process (PID=2318) to work on /home/abayturar/airflow-project/venv/lib/python3.12/site-packages/airflow/example_dags/example_subdag_operator.py
[2026-03-29T12:18:33.808+0500] {processor.py:830} INFO - Processing file /home/abayturar/airflow-project/venv/lib/python3.12/site-packages/airflow/example_dags/example_subdag_operator.py for tasks to queue
[2026-03-29T12:18:33.810+0500] {logging_mixin.py:188} INFO - [2026-03-29T12:18:33.809+0500] {dagbag.py:545} INFO - Filling up the DagBag from /home/abayturar/airflow-project/venv/lib/python3.12/site-packages/airflow/example_dags/example_subdag_operator.py
[2026-03-29T12:18:33.830+0500] {processor.py:840} INFO - DAG(s) 'example_subdag_operator.section-1', 'example_subdag_operator.section-2', 'example_subdag_operator' retrieved from /home/abayturar/airflow-project/venv/lib/python3.12/site-packages/airflow/example_dags/example_subdag_operator.py
[2026-03-29T12:18:33.841+0500] {logging_mixin.py:188} INFO - [2026-03-29T12:18:33.841+0500] {dag.py:3089} INFO - Sync 3 DAGs
[2026-03-29T12:18:33.854+0500] {logging_mixin.py:188} INFO - [2026-03-29T12:18:33.854+0500] {dag.py:3947} INFO - Setting next_dagrun for example_subdag_operator to 2022-01-01 00:00:00+00:00, run_after=2022-01-01 00:00:00+00:00
[2026-03-29T12:18:33.856+0500] {logging_mixin.py:188} INFO - [2026-03-29T12:18:33.856+0500] {dag.py:3947} INFO - Setting next_dagrun for example_subdag_operator.section-1 to None, run_after=None
[2026-03-29T12:18:33.857+0500] {logging_mixin.py:188} INFO - [2026-03-29T12:18:33.857+0500] {dag.py:3947} INFO - Setting next_dagrun for example_subdag_operator.section-2 to None, run_after=None
[2026-03-29T12:18:33.861+0500] {logging_mixin.py:188} INFO - [2026-03-29T12:18:33.861+0500] {dag.py:3089} INFO - Sync 2 DAGs
[2026-03-29T12:18:33.863+0500] {logging_mixin.py:188} INFO - [2026-03-29T12:18:33.863+0500] {dag.py:3947} INFO - Setting next_dagrun for example_subdag_operator.section-1 to None, run_after=None
[2026-03-29T12:18:33.864+0500] {logging_mixin.py:188} INFO - [2026-03-29T12:18:33.864+0500] {dag.py:3947} INFO - Setting next_dagrun for example_subdag_operator.section-2 to None, run_after=None
[2026-03-29T12:18:33.913+0500] {processor.py:183} INFO - Processing /home/abayturar/airflow-project/venv/lib/python3.12/site-packages/airflow/example_dags/example_subdag_operator.py took 0.112 seconds
[2026-03-29T12:19:24.801+0500] {processor.py:161} INFO - Started process (PID=2453) to work on /home/abayturar/airflow-project/venv/lib/python3.12/site-packages/airflow/example_dags/example_subdag_operator.py
[2026-03-29T12:19:24.802+0500] {processor.py:830} INFO - Processing file /home/abayturar/airflow-project/venv/lib/python3.12/site-packages/airflow/example_dags/example_subdag_operator.py for tasks to queue
[2026-03-29T12:19:24.804+0500] {logging_mixin.py:188} INFO - [2026-03-29T12:19:24.804+0500] {dagbag.py:545} INFO - Filling up the DagBag from /home/abayturar/airflow-project/venv/lib/python3.12/site-packages/airflow/example_dags/example_subdag_operator.py
[2026-03-29T12:19:24.826+0500] {processor.py:840} INFO - DAG(s) 'example_subdag_operator.section-1', 'example_subdag_operator.section-2', 'example_subdag_operator' retrieved from /home/abayturar/airflow-project/venv/lib/python3.12/site-packages/airflow/example_dags/example_subdag_operator.py
[2026-03-29T12:19:24.837+0500] {logging_mixin.py:188} INFO - [2026-03-29T12:19:24.837+0500] {dag.py:3089} INFO - Sync 3 DAGs
[2026-03-29T12:19:24.850+0500] {logging_mixin.py:188} INFO - [2026-03-29T12:19:24.850+0500] {dag.py:3947} INFO - Setting next_dagrun for example_subdag_operator to 2022-01-01 00:00:00+00:00, run_after=2022-01-01 00:00:00+00:00
[2026-03-29T12:19:24.852+0500] {logging_mixin.py:188} INFO - [2026-03-29T12:19:24.851+0500] {dag.py:3947} INFO - Setting next_dagrun for example_subdag_operator.section-1 to None, run_after=None
[2026-03-29T12:19:24.852+0500] {logging_mixin.py:188} INFO - [2026-03-29T12:19:24.852+0500] {dag.py:3947} INFO - Setting next_dagrun for example_subdag_operator.section-2 to None, run_after=None
[2026-03-29T12:19:24.857+0500] {logging_mixin.py:188} INFO - [2026-03-29T12:19:24.857+0500] {dag.py:3089} INFO - Sync 2 DAGs
[2026-03-29T12:19:24.859+0500] {logging_mixin.py:188} INFO - [2026-03-29T12:19:24.859+0500] {dag.py:3947} INFO - Setting next_dagrun for example_subdag_operator.section-1 to None, run_after=None
[2026-03-29T12:19:24.859+0500] {logging_mixin.py:188} INFO - [2026-03-29T12:19:24.859+0500] {dag.py:3947} INFO - Setting next_dagrun for example_subdag_operator.section-2 to None, run_after=None
[2026-03-29T12:19:24.908+0500] {processor.py:183} INFO - Processing /home/abayturar/airflow-project/venv/lib/python3.12/site-packages/airflow/example_dags/example_subdag_operator.py took 0.114 seconds
[2026-03-29T12:20:16.384+0500] {processor.py:161} INFO - Started process (PID=2587) to work on /home/abayturar/airflow-project/venv/lib/python3.12/site-packages/airflow/example_dags/example_subdag_operator.py
[2026-03-29T12:20:16.385+0500] {processor.py:830} INFO - Processing file /home/abayturar/airflow-project/venv/lib/python3.12/site-packages/airflow/example_dags/example_subdag_operator.py for tasks to queue
[2026-03-29T12:20:16.387+0500] {logging_mixin.py:188} INFO - [2026-03-29T12:20:16.387+0500] {dagbag.py:545} INFO - Filling up the DagBag from /home/abayturar/airflow-project/venv/lib/python3.12/site-packages/airflow/example_dags/example_subdag_operator.py
[2026-03-29T12:20:16.411+0500] {processor.py:840} INFO - DAG(s) 'example_subdag_operator.section-1', 'example_subdag_operator.section-2', 'example_subdag_operator' retrieved from /home/abayturar/airflow-project/venv/lib/python3.12/site-packages/airflow/example_dags/example_subdag_operator.py
[2026-03-29T12:20:16.424+0500] {logging_mixin.py:188} INFO - [2026-03-29T12:20:16.424+0500] {dag.py:3089} INFO - Sync 3 DAGs
[2026-03-29T12:20:16.439+0500] {logging_mixin.py:188} INFO - [2026-03-29T12:20:16.439+0500] {dag.py:3947} INFO - Setting next_dagrun for example_subdag_operator to 2022-01-01 00:00:00+00:00, run_after=2022-01-01 00:00:00+00:00
[2026-03-29T12:20:16.442+0500] {logging_mixin.py:188} INFO - [2026-03-29T12:20:16.441+0500] {dag.py:3947} INFO - Setting next_dagrun for example_subdag_operator.section-1 to None, run_after=None
[2026-03-29T12:20:16.442+0500] {logging_mixin.py:188} INFO - [2026-03-29T12:20:16.442+0500] {dag.py:3947} INFO - Setting next_dagrun for example_subdag_operator.section-2 to None, run_after=None
[2026-03-29T12:20:16.447+0500] {logging_mixin.py:188} INFO - [2026-03-29T12:20:16.447+0500] {dag.py:3089} INFO - Sync 2 DAGs
[2026-03-29T12:20:16.450+0500] {logging_mixin.py:188} INFO - [2026-03-29T12:20:16.450+0500] {dag.py:3947} INFO - Setting next_dagrun for example_subdag_operator.section-1 to None, run_after=None
[2026-03-29T12:20:16.450+0500] {logging_mixin.py:188} INFO - [2026-03-29T12:20:16.450+0500] {dag.py:3947} INFO - Setting next_dagrun for example_subdag_operator.section-2 to None, run_after=None
[2026-03-29T12:20:16.499+0500] {processor.py:183} INFO - Processing /home/abayturar/airflow-project/venv/lib/python3.12/site-packages/airflow/example_dags/example_subdag_operator.py took 0.122 seconds
[2026-03-29T12:21:10.174+0500] {processor.py:161} INFO - Started process (PID=2727) to work on /home/abayturar/airflow-project/venv/lib/python3.12/site-packages/airflow/example_dags/example_subdag_operator.py
[2026-03-29T12:21:10.175+0500] {processor.py:830} INFO - Processing file /home/abayturar/airflow-project/venv/lib/python3.12/site-packages/airflow/example_dags/example_subdag_operator.py for tasks to queue
[2026-03-29T12:21:10.177+0500] {logging_mixin.py:188} INFO - [2026-03-29T12:21:10.177+0500] {dagbag.py:545} INFO - Filling up the DagBag from /home/abayturar/airflow-project/venv/lib/python3.12/site-packages/airflow/example_dags/example_subdag_operator.py
[2026-03-29T12:21:10.198+0500] {processor.py:840} INFO - DAG(s) 'example_subdag_operator.section-1', 'example_subdag_operator.section-2', 'example_subdag_operator' retrieved from /home/abayturar/airflow-project/venv/lib/python3.12/site-packages/airflow/example_dags/example_subdag_operator.py
[2026-03-29T12:21:10.210+0500] {logging_mixin.py:188} INFO - [2026-03-29T12:21:10.210+0500] {dag.py:3089} INFO - Sync 3 DAGs
[2026-03-29T12:21:10.223+0500] {logging_mixin.py:188} INFO - [2026-03-29T12:21:10.223+0500] {dag.py:3947} INFO - Setting next_dagrun for example_subdag_operator to 2022-01-01 00:00:00+00:00, run_after=2022-01-01 00:00:00+00:00
[2026-03-29T12:21:10.225+0500] {logging_mixin.py:188} INFO - [2026-03-29T12:21:10.225+0500] {dag.py:3947} INFO - Setting next_dagrun for example_subdag_operator.section-1 to None, run_after=None
[2026-03-29T12:21:10.226+0500] {logging_mixin.py:188} INFO - [2026-03-29T12:21:10.226+0500] {dag.py:3947} INFO - Setting next_dagrun for example_subdag_operator.section-2 to None, run_after=None
[2026-03-29T12:21:10.230+0500] {logging_mixin.py:188} INFO - [2026-03-29T12:21:10.230+0500] {dag.py:3089} INFO - Sync 2 DAGs
[2026-03-29T12:21:10.232+0500] {logging_mixin.py:188} INFO - [2026-03-29T12:21:10.232+0500] {dag.py:3947} INFO - Setting next_dagrun for example_subdag_operator.section-1 to None, run_after=None
[2026-03-29T12:21:10.232+0500] {logging_mixin.py:188} INFO - [2026-03-29T12:21:10.232+0500] {dag.py:3947} INFO - Setting next_dagrun for example_subdag_operator.section-2 to None, run_after=None
[2026-03-29T12:21:10.284+0500] {processor.py:183} INFO - Processing /home/abayturar/airflow-project/venv/lib/python3.12/site-packages/airflow/example_dags/example_subdag_operator.py took 0.116 seconds
[2026-03-29T12:22:01.058+0500] {processor.py:161} INFO - Started process (PID=2896) to work on /home/abayturar/airflow-project/venv/lib/python3.12/site-packages/airflow/example_dags/example_subdag_operator.py
[2026-03-29T12:22:01.059+0500] {processor.py:830} INFO - Processing file /home/abayturar/airflow-project/venv/lib/python3.12/site-packages/airflow/example_dags/example_subdag_operator.py for tasks to queue
[2026-03-29T12:22:01.061+0500] {logging_mixin.py:188} INFO - [2026-03-29T12:22:01.060+0500] {dagbag.py:545} INFO - Filling up the DagBag from /home/abayturar/airflow-project/venv/lib/python3.12/site-packages/airflow/example_dags/example_subdag_operator.py
[2026-03-29T12:22:01.082+0500] {processor.py:840} INFO - DAG(s) 'example_subdag_operator.section-1', 'example_subdag_operator.section-2', 'example_subdag_operator' retrieved from /home/abayturar/airflow-project/venv/lib/python3.12/site-packages/airflow/example_dags/example_subdag_operator.py
[2026-03-29T12:22:01.093+0500] {logging_mixin.py:188} INFO - [2026-03-29T12:22:01.093+0500] {dag.py:3089} INFO - Sync 3 DAGs
[2026-03-29T12:22:01.107+0500] {logging_mixin.py:188} INFO - [2026-03-29T12:22:01.107+0500] {dag.py:3947} INFO - Setting next_dagrun for example_subdag_operator to 2022-01-01 00:00:00+00:00, run_after=2022-01-01 00:00:00+00:00
[2026-03-29T12:22:01.109+0500] {logging_mixin.py:188} INFO - [2026-03-29T12:22:01.109+0500] {dag.py:3947} INFO - Setting next_dagrun for example_subdag_operator.section-1 to None, run_after=None
[2026-03-29T12:22:01.110+0500] {logging_mixin.py:188} INFO - [2026-03-29T12:22:01.110+0500] {dag.py:3947} INFO - Setting next_dagrun for example_subdag_operator.section-2 to None, run_after=None
[2026-03-29T12:22:01.115+0500] {logging_mixin.py:188} INFO - [2026-03-29T12:22:01.115+0500] {dag.py:3089} INFO - Sync 2 DAGs
[2026-03-29T12:22:01.117+0500] {logging_mixin.py:188} INFO - [2026-03-29T12:22:01.117+0500] {dag.py:3947} INFO - Setting next_dagrun for example_subdag_operator.section-1 to None, run_after=None
[2026-03-29T12:22:01.117+0500] {logging_mixin.py:188} INFO - [2026-03-29T12:22:01.117+0500] {dag.py:3947} INFO - Setting next_dagrun for example_subdag_operator.section-2 to None, run_after=None
[2026-03-29T12:22:01.167+0500] {processor.py:183} INFO - Processing /home/abayturar/airflow-project/venv/lib/python3.12/site-packages/airflow/example_dags/example_subdag_operator.py took 0.116 seconds
[2026-03-29T12:22:53.121+0500] {processor.py:161} INFO - Started process (PID=3185) to work on /home/abayturar/airflow-project/venv/lib/python3.12/site-packages/airflow/example_dags/example_subdag_operator.py
[2026-03-29T12:22:53.122+0500] {processor.py:830} INFO - Processing file /home/abayturar/airflow-project/venv/lib/python3.12/site-packages/airflow/example_dags/example_subdag_operator.py for tasks to queue
[2026-03-29T12:22:53.123+0500] {logging_mixin.py:188} INFO - [2026-03-29T12:22:53.123+0500] {dagbag.py:545} INFO - Filling up the DagBag from /home/abayturar/airflow-project/venv/lib/python3.12/site-packages/airflow/example_dags/example_subdag_operator.py
[2026-03-29T12:22:53.144+0500] {processor.py:840} INFO - DAG(s) 'example_subdag_operator.section-1', 'example_subdag_operator.section-2', 'example_subdag_operator' retrieved from /home/abayturar/airflow-project/venv/lib/python3.12/site-packages/airflow/example_dags/example_subdag_operator.py
[2026-03-29T12:22:53.155+0500] {logging_mixin.py:188} INFO - [2026-03-29T12:22:53.155+0500] {dag.py:3089} INFO - Sync 3 DAGs
[2026-03-29T12:22:53.169+0500] {logging_mixin.py:188} INFO - [2026-03-29T12:22:53.169+0500] {dag.py:3947} INFO - Setting next_dagrun for example_subdag_operator to 2022-01-01 00:00:00+00:00, run_after=2022-01-01 00:00:00+00:00
[2026-03-29T12:22:53.171+0500] {logging_mixin.py:188} INFO - [2026-03-29T12:22:53.171+0500] {dag.py:3947} INFO - Setting next_dagrun for example_subdag_operator.section-1 to None, run_after=None
[2026-03-29T12:22:53.172+0500] {logging_mixin.py:188} INFO - [2026-03-29T12:22:53.171+0500] {dag.py:3947} INFO - Setting next_dagrun for example_subdag_operator.section-2 to None, run_after=None
[2026-03-29T12:22:53.176+0500] {logging_mixin.py:188} INFO - [2026-03-29T12:22:53.176+0500] {dag.py:3089} INFO - Sync 2 DAGs
[2026-03-29T12:22:53.179+0500] {logging_mixin.py:188} INFO - [2026-03-29T12:22:53.179+0500] {dag.py:3947} INFO - Setting next_dagrun for example_subdag_operator.section-1 to None, run_after=None
[2026-03-29T12:22:53.179+0500] {logging_mixin.py:188} INFO - [2026-03-29T12:22:53.179+0500] {dag.py:3947} INFO - Setting next_dagrun for example_subdag_operator.section-2 to None, run_after=None
[2026-03-29T12:22:53.228+0500] {processor.py:183} INFO - Processing /home/abayturar/airflow-project/venv/lib/python3.12/site-packages/airflow/example_dags/example_subdag_operator.py took 0.114 seconds
[2026-03-29T12:23:45.398+0500] {processor.py:161} INFO - Started process (PID=3370) to work on /home/abayturar/airflow-project/venv/lib/python3.12/site-packages/airflow/example_dags/example_subdag_operator.py
[2026-03-29T12:23:45.399+0500] {processor.py:830} INFO - Processing file /home/abayturar/airflow-project/venv/lib/python3.12/site-packages/airflow/example_dags/example_subdag_operator.py for tasks to queue
[2026-03-29T12:23:45.401+0500] {logging_mixin.py:188} INFO - [2026-03-29T12:23:45.401+0500] {dagbag.py:545} INFO - Filling up the DagBag from /home/abayturar/airflow-project/venv/lib/python3.12/site-packages/airflow/example_dags/example_subdag_operator.py
[2026-03-29T12:23:45.423+0500] {processor.py:840} INFO - DAG(s) 'example_subdag_operator.section-1', 'example_subdag_operator.section-2', 'example_subdag_operator' retrieved from /home/abayturar/airflow-project/venv/lib/python3.12/site-packages/airflow/example_dags/example_subdag_operator.py
[2026-03-29T12:23:45.435+0500] {logging_mixin.py:188} INFO - [2026-03-29T12:23:45.435+0500] {dag.py:3089} INFO - Sync 3 DAGs
[2026-03-29T12:23:45.450+0500] {logging_mixin.py:188} INFO - [2026-03-29T12:23:45.450+0500] {dag.py:3947} INFO - Setting next_dagrun for example_subdag_operator to 2022-01-01 00:00:00+00:00, run_after=2022-01-01 00:00:00+00:00
[2026-03-29T12:23:45.452+0500] {logging_mixin.py:188} INFO - [2026-03-29T12:23:45.452+0500] {dag.py:3947} INFO - Setting next_dagrun for example_subdag_operator.section-1 to None, run_after=None
[2026-03-29T12:23:45.453+0500] {logging_mixin.py:188} INFO - [2026-03-29T12:23:45.453+0500] {dag.py:3947} INFO - Setting next_dagrun for example_subdag_operator.section-2 to None, run_after=None
[2026-03-29T12:23:45.457+0500] {logging_mixin.py:188} INFO - [2026-03-29T12:23:45.457+0500] {dag.py:3089} INFO - Sync 2 DAGs
[2026-03-29T12:23:45.459+0500] {logging_mixin.py:188} INFO - [2026-03-29T12:23:45.459+0500] {dag.py:3947} INFO - Setting next_dagrun for example_subdag_operator.section-1 to None, run_after=None
[2026-03-29T12:23:45.460+0500] {logging_mixin.py:188} INFO - [2026-03-29T12:23:45.459+0500] {dag.py:3947} INFO - Setting next_dagrun for example_subdag_operator.section-2 to None, run_after=None
[2026-03-29T12:23:45.469+0500] {processor.py:183} INFO - Processing /home/abayturar/airflow-project/venv/lib/python3.12/site-packages/airflow/example_dags/example_subdag_operator.py took 0.077 seconds
[2026-03-29T12:24:38.634+0500] {processor.py:161} INFO - Started process (PID=3545) to work on /home/abayturar/airflow-project/venv/lib/python3.12/site-packages/airflow/example_dags/example_subdag_operator.py
[2026-03-29T12:24:38.635+0500] {processor.py:830} INFO - Processing file /home/abayturar/airflow-project/venv/lib/python3.12/site-packages/airflow/example_dags/example_subdag_operator.py for tasks to queue
[2026-03-29T12:24:38.636+0500] {logging_mixin.py:188} INFO - [2026-03-29T12:24:38.636+0500] {dagbag.py:545} INFO - Filling up the DagBag from /home/abayturar/airflow-project/venv/lib/python3.12/site-packages/airflow/example_dags/example_subdag_operator.py
[2026-03-29T12:24:38.656+0500] {processor.py:840} INFO - DAG(s) 'example_subdag_operator.section-1', 'example_subdag_operator.section-2', 'example_subdag_operator' retrieved from /home/abayturar/airflow-project/venv/lib/python3.12/site-packages/airflow/example_dags/example_subdag_operator.py
[2026-03-29T12:24:38.667+0500] {logging_mixin.py:188} INFO - [2026-03-29T12:24:38.667+0500] {dag.py:3089} INFO - Sync 3 DAGs
[2026-03-29T12:24:38.680+0500] {logging_mixin.py:188} INFO - [2026-03-29T12:24:38.680+0500] {dag.py:3947} INFO - Setting next_dagrun for example_subdag_operator to 2022-01-01 00:00:00+00:00, run_after=2022-01-01 00:00:00+00:00
[2026-03-29T12:24:38.683+0500] {logging_mixin.py:188} INFO - [2026-03-29T12:24:38.682+0500] {dag.py:3947} INFO - Setting next_dagrun for example_subdag_operator.section-1 to None, run_after=None
[2026-03-29T12:24:38.683+0500] {logging_mixin.py:188} INFO - [2026-03-29T12:24:38.683+0500] {dag.py:3947} INFO - Setting next_dagrun for example_subdag_operator.section-2 to None, run_after=None
[2026-03-29T12:24:38.687+0500] {logging_mixin.py:188} INFO - [2026-03-29T12:24:38.687+0500] {dag.py:3089} INFO - Sync 2 DAGs
[2026-03-29T12:24:38.689+0500] {logging_mixin.py:188} INFO - [2026-03-29T12:24:38.689+0500] {dag.py:3947} INFO - Setting next_dagrun for example_subdag_operator.section-1 to None, run_after=None
[2026-03-29T12:24:38.689+0500] {logging_mixin.py:188} INFO - [2026-03-29T12:24:38.689+0500] {dag.py:3947} INFO - Setting next_dagrun for example_subdag_operator.section-2 to None, run_after=None
[2026-03-29T12:24:38.702+0500] {processor.py:183} INFO - Processing /home/abayturar/airflow-project/venv/lib/python3.12/site-packages/airflow/example_dags/example_subdag_operator.py took 0.074 seconds
[2026-03-29T12:25:32.779+0500] {processor.py:161} INFO - Started process (PID=3687) to work on /home/abayturar/airflow-project/venv/lib/python3.12/site-packages/airflow/example_dags/example_subdag_operator.py
[2026-03-29T12:25:32.780+0500] {processor.py:830} INFO - Processing file /home/abayturar/airflow-project/venv/lib/python3.12/site-packages/airflow/example_dags/example_subdag_operator.py for tasks to queue
[2026-03-29T12:25:32.781+0500] {logging_mixin.py:188} INFO - [2026-03-29T12:25:32.781+0500] {dagbag.py:545} INFO - Filling up the DagBag from /home/abayturar/airflow-project/venv/lib/python3.12/site-packages/airflow/example_dags/example_subdag_operator.py
[2026-03-29T12:25:32.803+0500] {processor.py:840} INFO - DAG(s) 'example_subdag_operator.section-1', 'example_subdag_operator.section-2', 'example_subdag_operator' retrieved from /home/abayturar/airflow-project/venv/lib/python3.12/site-packages/airflow/example_dags/example_subdag_operator.py
[2026-03-29T12:25:32.815+0500] {logging_mixin.py:188} INFO - [2026-03-29T12:25:32.815+0500] {dag.py:3089} INFO - Sync 3 DAGs
[2026-03-29T12:25:32.830+0500] {logging_mixin.py:188} INFO - [2026-03-29T12:25:32.830+0500] {dag.py:3947} INFO - Setting next_dagrun for example_subdag_operator to 2022-01-01 00:00:00+00:00, run_after=2022-01-01 00:00:00+00:00
[2026-03-29T12:25:32.832+0500] {logging_mixin.py:188} INFO - [2026-03-29T12:25:32.832+0500] {dag.py:3947} INFO - Setting next_dagrun for example_subdag_operator.section-1 to None, run_after=None
[2026-03-29T12:25:32.833+0500] {logging_mixin.py:188} INFO - [2026-03-29T12:25:32.832+0500] {dag.py:3947} INFO - Setting next_dagrun for example_subdag_operator.section-2 to None, run_after=None
[2026-03-29T12:25:32.837+0500] {logging_mixin.py:188} INFO - [2026-03-29T12:25:32.837+0500] {dag.py:3089} INFO - Sync 2 DAGs
[2026-03-29T12:25:32.840+0500] {logging_mixin.py:188} INFO - [2026-03-29T12:25:32.840+0500] {dag.py:3947} INFO - Setting next_dagrun for example_subdag_operator.section-1 to None, run_after=None
[2026-03-29T12:25:32.840+0500] {logging_mixin.py:188} INFO - [2026-03-29T12:25:32.840+0500] {dag.py:3947} INFO - Setting next_dagrun for example_subdag_operator.section-2 to None, run_after=None
[2026-03-29T12:25:32.888+0500] {processor.py:183} INFO - Processing /home/abayturar/airflow-project/venv/lib/python3.12/site-packages/airflow/example_dags/example_subdag_operator.py took 0.116 seconds
[2026-03-29T12:26:22.226+0500] {processor.py:161} INFO - Started process (PID=3993) to work on /home/abayturar/airflow-project/venv/lib/python3.12/site-packages/airflow/example_dags/example_subdag_operator.py
[2026-03-29T12:26:22.228+0500] {processor.py:830} INFO - Processing file /home/abayturar/airflow-project/venv/lib/python3.12/site-packages/airflow/example_dags/example_subdag_operator.py for tasks to queue
[2026-03-29T12:26:22.230+0500] {logging_mixin.py:188} INFO - [2026-03-29T12:26:22.229+0500] {dagbag.py:545} INFO - Filling up the DagBag from /home/abayturar/airflow-project/venv/lib/python3.12/site-packages/airflow/example_dags/example_subdag_operator.py
[2026-03-29T12:26:22.262+0500] {processor.py:840} INFO - DAG(s) 'example_subdag_operator.section-1', 'example_subdag_operator.section-2', 'example_subdag_operator' retrieved from /home/abayturar/airflow-project/venv/lib/python3.12/site-packages/airflow/example_dags/example_subdag_operator.py
[2026-03-29T12:26:22.282+0500] {logging_mixin.py:188} INFO - [2026-03-29T12:26:22.281+0500] {dag.py:3089} INFO - Sync 3 DAGs
[2026-03-29T12:26:22.306+0500] {logging_mixin.py:188} INFO - [2026-03-29T12:26:22.305+0500] {dag.py:3947} INFO - Setting next_dagrun for example_subdag_operator to 2022-01-01 00:00:00+00:00, run_after=2022-01-01 00:00:00+00:00
[2026-03-29T12:26:22.310+0500] {logging_mixin.py:188} INFO - [2026-03-29T12:26:22.309+0500] {dag.py:3947} INFO - Setting next_dagrun for example_subdag_operator.section-1 to None, run_after=None
[2026-03-29T12:26:22.311+0500] {logging_mixin.py:188} INFO - [2026-03-29T12:26:22.311+0500] {dag.py:3947} INFO - Setting next_dagrun for example_subdag_operator.section-2 to None, run_after=None
[2026-03-29T12:26:22.335+0500] {logging_mixin.py:188} INFO - [2026-03-29T12:26:22.334+0500] {dag.py:3089} INFO - Sync 2 DAGs
[2026-03-29T12:26:22.343+0500] {logging_mixin.py:188} INFO - [2026-03-29T12:26:22.342+0500] {dag.py:3947} INFO - Setting next_dagrun for example_subdag_operator.section-1 to None, run_after=None
[2026-03-29T12:26:22.344+0500] {logging_mixin.py:188} INFO - [2026-03-29T12:26:22.343+0500] {dag.py:3947} INFO - Setting next_dagrun for example_subdag_operator.section-2 to None, run_after=None
[2026-03-29T12:26:22.400+0500] {processor.py:183} INFO - Processing /home/abayturar/airflow-project/venv/lib/python3.12/site-packages/airflow/example_dags/example_subdag_operator.py took 0.183 seconds
[2026-03-29T12:27:11.388+0500] {processor.py:161} INFO - Started process (PID=4196) to work on /home/abayturar/airflow-project/venv/lib/python3.12/site-packages/airflow/example_dags/example_subdag_operator.py
[2026-03-29T12:27:11.389+0500] {processor.py:830} INFO - Processing file /home/abayturar/airflow-project/venv/lib/python3.12/site-packages/airflow/example_dags/example_subdag_operator.py for tasks to queue
[2026-03-29T12:27:11.391+0500] {logging_mixin.py:188} INFO - [2026-03-29T12:27:11.391+0500] {dagbag.py:545} INFO - Filling up the DagBag from /home/abayturar/airflow-project/venv/lib/python3.12/site-packages/airflow/example_dags/example_subdag_operator.py
[2026-03-29T12:27:11.414+0500] {processor.py:840} INFO - DAG(s) 'example_subdag_operator.section-1', 'example_subdag_operator.section-2', 'example_subdag_operator' retrieved from /home/abayturar/airflow-project/venv/lib/python3.12/site-packages/airflow/example_dags/example_subdag_operator.py
[2026-03-29T12:27:11.431+0500] {logging_mixin.py:188} INFO - [2026-03-29T12:27:11.430+0500] {dag.py:3089} INFO - Sync 3 DAGs
[2026-03-29T12:27:11.446+0500] {logging_mixin.py:188} INFO - [2026-03-29T12:27:11.446+0500] {dag.py:3947} INFO - Setting next_dagrun for example_subdag_operator to 2022-01-01 00:00:00+00:00, run_after=2022-01-01 00:00:00+00:00
[2026-03-29T12:27:11.448+0500] {logging_mixin.py:188} INFO - [2026-03-29T12:27:11.448+0500] {dag.py:3947} INFO - Setting next_dagrun for example_subdag_operator.section-1 to None, run_after=None
[2026-03-29T12:27:11.449+0500] {logging_mixin.py:188} INFO - [2026-03-29T12:27:11.449+0500] {dag.py:3947} INFO - Setting next_dagrun for example_subdag_operator.section-2 to None, run_after=None
[2026-03-29T12:27:11.454+0500] {logging_mixin.py:188} INFO - [2026-03-29T12:27:11.454+0500] {dag.py:3089} INFO - Sync 2 DAGs
[2026-03-29T12:27:11.457+0500] {logging_mixin.py:188} INFO - [2026-03-29T12:27:11.457+0500] {dag.py:3947} INFO - Setting next_dagrun for example_subdag_operator.section-1 to None, run_after=None
[2026-03-29T12:27:11.458+0500] {logging_mixin.py:188} INFO - [2026-03-29T12:27:11.458+0500] {dag.py:3947} INFO - Setting next_dagrun for example_subdag_operator.section-2 to None, run_after=None
[2026-03-29T12:27:11.497+0500] {processor.py:183} INFO - Processing /home/abayturar/airflow-project/venv/lib/python3.12/site-packages/airflow/example_dags/example_subdag_operator.py took 0.115 seconds
[2026-03-29T12:28:00.797+0500] {processor.py:161} INFO - Started process (PID=4461) to work on /home/abayturar/airflow-project/venv/lib/python3.12/site-packages/airflow/example_dags/example_subdag_operator.py
[2026-03-29T12:28:00.798+0500] {processor.py:830} INFO - Processing file /home/abayturar/airflow-project/venv/lib/python3.12/site-packages/airflow/example_dags/example_subdag_operator.py for tasks to queue
[2026-03-29T12:28:00.800+0500] {logging_mixin.py:188} INFO - [2026-03-29T12:28:00.799+0500] {dagbag.py:545} INFO - Filling up the DagBag from /home/abayturar/airflow-project/venv/lib/python3.12/site-packages/airflow/example_dags/example_subdag_operator.py
[2026-03-29T12:28:00.823+0500] {processor.py:840} INFO - DAG(s) 'example_subdag_operator.section-1', 'example_subdag_operator.section-2', 'example_subdag_operator' retrieved from /home/abayturar/airflow-project/venv/lib/python3.12/site-packages/airflow/example_dags/example_subdag_operator.py
[2026-03-29T12:28:00.835+0500] {logging_mixin.py:188} INFO - [2026-03-29T12:28:00.835+0500] {dag.py:3089} INFO - Sync 3 DAGs
[2026-03-29T12:28:00.852+0500] {logging_mixin.py:188} INFO - [2026-03-29T12:28:00.852+0500] {dag.py:3947} INFO - Setting next_dagrun for example_subdag_operator to 2022-01-01 00:00:00+00:00, run_after=2022-01-01 00:00:00+00:00
[2026-03-29T12:28:00.854+0500] {logging_mixin.py:188} INFO - [2026-03-29T12:28:00.854+0500] {dag.py:3947} INFO - Setting next_dagrun for example_subdag_operator.section-1 to None, run_after=None
[2026-03-29T12:28:00.855+0500] {logging_mixin.py:188} INFO - [2026-03-29T12:28:00.855+0500] {dag.py:3947} INFO - Setting next_dagrun for example_subdag_operator.section-2 to None, run_after=None
[2026-03-29T12:28:00.860+0500] {logging_mixin.py:188} INFO - [2026-03-29T12:28:00.860+0500] {dag.py:3089} INFO - Sync 2 DAGs
[2026-03-29T12:28:00.862+0500] {logging_mixin.py:188} INFO - [2026-03-29T12:28:00.862+0500] {dag.py:3947} INFO - Setting next_dagrun for example_subdag_operator.section-1 to None, run_after=None
[2026-03-29T12:28:00.863+0500] {logging_mixin.py:188} INFO - [2026-03-29T12:28:00.862+0500] {dag.py:3947} INFO - Setting next_dagrun for example_subdag_operator.section-2 to None, run_after=None
[2026-03-29T12:28:00.873+0500] {processor.py:183} INFO - Processing /home/abayturar/airflow-project/venv/lib/python3.12/site-packages/airflow/example_dags/example_subdag_operator.py took 0.083 seconds
[2026-03-29T12:28:47.116+0500] {processor.py:161} INFO - Started process (PID=4583) to work on /home/abayturar/airflow-project/venv/lib/python3.12/site-packages/airflow/example_dags/example_subdag_operator.py
[2026-03-29T12:28:47.117+0500] {processor.py:830} INFO - Processing file /home/abayturar/airflow-project/venv/lib/python3.12/site-packages/airflow/example_dags/example_subdag_operator.py for tasks to queue
[2026-03-29T12:28:47.119+0500] {logging_mixin.py:188} INFO - [2026-03-29T12:28:47.118+0500] {dagbag.py:545} INFO - Filling up the DagBag from /home/abayturar/airflow-project/venv/lib/python3.12/site-packages/airflow/example_dags/example_subdag_operator.py
[2026-03-29T12:28:47.140+0500] {processor.py:840} INFO - DAG(s) 'example_subdag_operator.section-1', 'example_subdag_operator.section-2', 'example_subdag_operator' retrieved from /home/abayturar/airflow-project/venv/lib/python3.12/site-packages/airflow/example_dags/example_subdag_operator.py
[2026-03-29T12:28:47.152+0500] {logging_mixin.py:188} INFO - [2026-03-29T12:28:47.152+0500] {dag.py:3089} INFO - Sync 3 DAGs
[2026-03-29T12:28:47.168+0500] {logging_mixin.py:188} INFO - [2026-03-29T12:28:47.168+0500] {dag.py:3947} INFO - Setting next_dagrun for example_subdag_operator to 2022-01-01 00:00:00+00:00, run_after=2022-01-01 00:00:00+00:00
[2026-03-29T12:28:47.170+0500] {logging_mixin.py:188} INFO - [2026-03-29T12:28:47.170+0500] {dag.py:3947} INFO - Setting next_dagrun for example_subdag_operator.section-1 to None, run_after=None
[2026-03-29T12:28:47.171+0500] {logging_mixin.py:188} INFO - [2026-03-29T12:28:47.171+0500] {dag.py:3947} INFO - Setting next_dagrun for example_subdag_operator.section-2 to None, run_after=None
[2026-03-29T12:28:47.177+0500] {logging_mixin.py:188} INFO - [2026-03-29T12:28:47.176+0500] {dag.py:3089} INFO - Sync 2 DAGs
[2026-03-29T12:28:47.179+0500] {logging_mixin.py:188} INFO - [2026-03-29T12:28:47.179+0500] {dag.py:3947} INFO - Setting next_dagrun for example_subdag_operator.section-1 to None, run_after=None
[2026-03-29T12:28:47.180+0500] {logging_mixin.py:188} INFO - [2026-03-29T12:28:47.179+0500] {dag.py:3947} INFO - Setting next_dagrun for example_subdag_operator.section-2 to None, run_after=None
[2026-03-29T12:28:47.190+0500] {processor.py:183} INFO - Processing /home/abayturar/airflow-project/venv/lib/python3.12/site-packages/airflow/example_dags/example_subdag_operator.py took 0.081 seconds
[2026-03-29T12:29:36.957+0500] {processor.py:161} INFO - Started process (PID=4724) to work on /home/abayturar/airflow-project/venv/lib/python3.12/site-packages/airflow/example_dags/example_subdag_operator.py
[2026-03-29T12:29:36.958+0500] {processor.py:830} INFO - Processing file /home/abayturar/airflow-project/venv/lib/python3.12/site-packages/airflow/example_dags/example_subdag_operator.py for tasks to queue
[2026-03-29T12:29:36.959+0500] {logging_mixin.py:188} INFO - [2026-03-29T12:29:36.959+0500] {dagbag.py:545} INFO - Filling up the DagBag from /home/abayturar/airflow-project/venv/lib/python3.12/site-packages/airflow/example_dags/example_subdag_operator.py
[2026-03-29T12:29:36.985+0500] {processor.py:840} INFO - DAG(s) 'example_subdag_operator.section-1', 'example_subdag_operator.section-2', 'example_subdag_operator' retrieved from /home/abayturar/airflow-project/venv/lib/python3.12/site-packages/airflow/example_dags/example_subdag_operator.py
[2026-03-29T12:29:36.998+0500] {logging_mixin.py:188} INFO - [2026-03-29T12:29:36.997+0500] {dag.py:3089} INFO - Sync 3 DAGs
[2026-03-29T12:29:37.014+0500] {logging_mixin.py:188} INFO - [2026-03-29T12:29:37.013+0500] {dag.py:3947} INFO - Setting next_dagrun for example_subdag_operator to 2022-01-01 00:00:00+00:00, run_after=2022-01-01 00:00:00+00:00
[2026-03-29T12:29:37.016+0500] {logging_mixin.py:188} INFO - [2026-03-29T12:29:37.016+0500] {dag.py:3947} INFO - Setting next_dagrun for example_subdag_operator.section-1 to None, run_after=None
[2026-03-29T12:29:37.017+0500] {logging_mixin.py:188} INFO - [2026-03-29T12:29:37.017+0500] {dag.py:3947} INFO - Setting next_dagrun for example_subdag_operator.section-2 to None, run_after=None
[2026-03-29T12:29:37.021+0500] {logging_mixin.py:188} INFO - [2026-03-29T12:29:37.021+0500] {dag.py:3089} INFO - Sync 2 DAGs
[2026-03-29T12:29:37.024+0500] {logging_mixin.py:188} INFO - [2026-03-29T12:29:37.024+0500] {dag.py:3947} INFO - Setting next_dagrun for example_subdag_operator.section-1 to None, run_after=None
[2026-03-29T12:29:37.024+0500] {logging_mixin.py:188} INFO - [2026-03-29T12:29:37.024+0500] {dag.py:3947} INFO - Setting next_dagrun for example_subdag_operator.section-2 to None, run_after=None
[2026-03-29T12:29:37.038+0500] {processor.py:183} INFO - Processing /home/abayturar/airflow-project/venv/lib/python3.12/site-packages/airflow/example_dags/example_subdag_operator.py took 0.089 seconds
[2026-03-29T12:30:27.719+0500] {processor.py:161} INFO - Started process (PID=5011) to work on /home/abayturar/airflow-project/venv/lib/python3.12/site-packages/airflow/example_dags/example_subdag_operator.py
[2026-03-29T12:30:27.720+0500] {processor.py:830} INFO - Processing file /home/abayturar/airflow-project/venv/lib/python3.12/site-packages/airflow/example_dags/example_subdag_operator.py for tasks to queue
[2026-03-29T12:30:27.721+0500] {logging_mixin.py:188} INFO - [2026-03-29T12:30:27.721+0500] {dagbag.py:545} INFO - Filling up the DagBag from /home/abayturar/airflow-project/venv/lib/python3.12/site-packages/airflow/example_dags/example_subdag_operator.py
[2026-03-29T12:30:27.741+0500] {processor.py:840} INFO - DAG(s) 'example_subdag_operator.section-1', 'example_subdag_operator.section-2', 'example_subdag_operator' retrieved from /home/abayturar/airflow-project/venv/lib/python3.12/site-packages/airflow/example_dags/example_subdag_operator.py
[2026-03-29T12:30:27.754+0500] {logging_mixin.py:188} INFO - [2026-03-29T12:30:27.754+0500] {dag.py:3089} INFO - Sync 3 DAGs
[2026-03-29T12:30:27.769+0500] {logging_mixin.py:188} INFO - [2026-03-29T12:30:27.768+0500] {dag.py:3947} INFO - Setting next_dagrun for example_subdag_operator to 2022-01-01 00:00:00+00:00, run_after=2022-01-01 00:00:00+00:00
[2026-03-29T12:30:27.771+0500] {logging_mixin.py:188} INFO - [2026-03-29T12:30:27.771+0500] {dag.py:3947} INFO - Setting next_dagrun for example_subdag_operator.section-1 to None, run_after=None
[2026-03-29T12:30:27.771+0500] {logging_mixin.py:188} INFO - [2026-03-29T12:30:27.771+0500] {dag.py:3947} INFO - Setting next_dagrun for example_subdag_operator.section-2 to None, run_after=None
[2026-03-29T12:30:27.776+0500] {logging_mixin.py:188} INFO - [2026-03-29T12:30:27.776+0500] {dag.py:3089} INFO - Sync 2 DAGs
[2026-03-29T12:30:27.778+0500] {logging_mixin.py:188} INFO - [2026-03-29T12:30:27.778+0500] {dag.py:3947} INFO - Setting next_dagrun for example_subdag_operator.section-1 to None, run_after=None
[2026-03-29T12:30:27.778+0500] {logging_mixin.py:188} INFO - [2026-03-29T12:30:27.778+0500] {dag.py:3947} INFO - Setting next_dagrun for example_subdag_operator.section-2 to None, run_after=None
[2026-03-29T12:30:27.827+0500] {processor.py:183} INFO - Processing /home/abayturar/airflow-project/venv/lib/python3.12/site-packages/airflow/example_dags/example_subdag_operator.py took 0.114 seconds
[2026-03-29T12:31:16.634+0500] {processor.py:161} INFO - Started process (PID=5263) to work on /home/abayturar/airflow-project/venv/lib/python3.12/site-packages/airflow/example_dags/example_subdag_operator.py
[2026-03-29T12:31:16.635+0500] {processor.py:830} INFO - Processing file /home/abayturar/airflow-project/venv/lib/python3.12/site-packages/airflow/example_dags/example_subdag_operator.py for tasks to queue
[2026-03-29T12:31:16.639+0500] {logging_mixin.py:188} INFO - [2026-03-29T12:31:16.638+0500] {dagbag.py:545} INFO - Filling up the DagBag from /home/abayturar/airflow-project/venv/lib/python3.12/site-packages/airflow/example_dags/example_subdag_operator.py
[2026-03-29T12:31:16.664+0500] {processor.py:840} INFO - DAG(s) 'example_subdag_operator.section-1', 'example_subdag_operator.section-2', 'example_subdag_operator' retrieved from /home/abayturar/airflow-project/venv/lib/python3.12/site-packages/airflow/example_dags/example_subdag_operator.py
[2026-03-29T12:31:16.675+0500] {logging_mixin.py:188} INFO - [2026-03-29T12:31:16.675+0500] {dag.py:3089} INFO - Sync 3 DAGs
[2026-03-29T12:31:16.689+0500] {logging_mixin.py:188} INFO - [2026-03-29T12:31:16.689+0500] {dag.py:3947} INFO - Setting next_dagrun for example_subdag_operator to 2022-01-01 00:00:00+00:00, run_after=2022-01-01 00:00:00+00:00
[2026-03-29T12:31:16.691+0500] {logging_mixin.py:188} INFO - [2026-03-29T12:31:16.691+0500] {dag.py:3947} INFO - Setting next_dagrun for example_subdag_operator.section-1 to None, run_after=None
[2026-03-29T12:31:16.692+0500] {logging_mixin.py:188} INFO - [2026-03-29T12:31:16.692+0500] {dag.py:3947} INFO - Setting next_dagrun for example_subdag_operator.section-2 to None, run_after=None
[2026-03-29T12:31:16.696+0500] {logging_mixin.py:188} INFO - [2026-03-29T12:31:16.696+0500] {dag.py:3089} INFO - Sync 2 DAGs
[2026-03-29T12:31:16.699+0500] {logging_mixin.py:188} INFO - [2026-03-29T12:31:16.699+0500] {dag.py:3947} INFO - Setting next_dagrun for example_subdag_operator.section-1 to None, run_after=None
[2026-03-29T12:31:16.699+0500] {logging_mixin.py:188} INFO - [2026-03-29T12:31:16.699+0500] {dag.py:3947} INFO - Setting next_dagrun for example_subdag_operator.section-2 to None, run_after=None
[2026-03-29T12:31:16.708+0500] {processor.py:183} INFO - Processing /home/abayturar/airflow-project/venv/lib/python3.12/site-packages/airflow/example_dags/example_subdag_operator.py took 0.082 seconds
[2026-03-29T12:32:04.314+0500] {processor.py:161} INFO - Started process (PID=5683) to work on /home/abayturar/airflow-project/venv/lib/python3.12/site-packages/airflow/example_dags/example_subdag_operator.py
[2026-03-29T12:32:04.315+0500] {processor.py:830} INFO - Processing file /home/abayturar/airflow-project/venv/lib/python3.12/site-packages/airflow/example_dags/example_subdag_operator.py for tasks to queue
[2026-03-29T12:32:04.318+0500] {logging_mixin.py:188} INFO - [2026-03-29T12:32:04.318+0500] {dagbag.py:545} INFO - Filling up the DagBag from /home/abayturar/airflow-project/venv/lib/python3.12/site-packages/airflow/example_dags/example_subdag_operator.py
[2026-03-29T12:32:04.349+0500] {processor.py:840} INFO - DAG(s) 'example_subdag_operator.section-1', 'example_subdag_operator.section-2', 'example_subdag_operator' retrieved from /home/abayturar/airflow-project/venv/lib/python3.12/site-packages/airflow/example_dags/example_subdag_operator.py
[2026-03-29T12:32:04.363+0500] {logging_mixin.py:188} INFO - [2026-03-29T12:32:04.363+0500] {dag.py:3089} INFO - Sync 3 DAGs
[2026-03-29T12:32:04.384+0500] {logging_mixin.py:188} INFO - [2026-03-29T12:32:04.384+0500] {dag.py:3947} INFO - Setting next_dagrun for example_subdag_operator to 2022-01-01 00:00:00+00:00, run_after=2022-01-01 00:00:00+00:00
[2026-03-29T12:32:04.387+0500] {logging_mixin.py:188} INFO - [2026-03-29T12:32:04.386+0500] {dag.py:3947} INFO - Setting next_dagrun for example_subdag_operator.section-1 to None, run_after=None
[2026-03-29T12:32:04.387+0500] {logging_mixin.py:188} INFO - [2026-03-29T12:32:04.387+0500] {dag.py:3947} INFO - Setting next_dagrun for example_subdag_operator.section-2 to None, run_after=None
[2026-03-29T12:32:04.393+0500] {logging_mixin.py:188} INFO - [2026-03-29T12:32:04.393+0500] {dag.py:3089} INFO - Sync 2 DAGs
[2026-03-29T12:32:04.396+0500] {logging_mixin.py:188} INFO - [2026-03-29T12:32:04.396+0500] {dag.py:3947} INFO - Setting next_dagrun for example_subdag_operator.section-1 to None, run_after=None
[2026-03-29T12:32:04.397+0500] {logging_mixin.py:188} INFO - [2026-03-29T12:32:04.397+0500] {dag.py:3947} INFO - Setting next_dagrun for example_subdag_operator.section-2 to None, run_after=None
[2026-03-29T12:32:04.408+0500] {processor.py:183} INFO - Processing /home/abayturar/airflow-project/venv/lib/python3.12/site-packages/airflow/example_dags/example_subdag_operator.py took 0.106 seconds
[2026-03-29T12:32:50.863+0500] {processor.py:161} INFO - Started process (PID=6077) to work on /home/abayturar/airflow-project/venv/lib/python3.12/site-packages/airflow/example_dags/example_subdag_operator.py
[2026-03-29T12:32:50.865+0500] {processor.py:830} INFO - Processing file /home/abayturar/airflow-project/venv/lib/python3.12/site-packages/airflow/example_dags/example_subdag_operator.py for tasks to queue
[2026-03-29T12:32:50.867+0500] {logging_mixin.py:188} INFO - [2026-03-29T12:32:50.866+0500] {dagbag.py:545} INFO - Filling up the DagBag from /home/abayturar/airflow-project/venv/lib/python3.12/site-packages/airflow/example_dags/example_subdag_operator.py
[2026-03-29T12:32:50.898+0500] {processor.py:840} INFO - DAG(s) 'example_subdag_operator.section-1', 'example_subdag_operator.section-2', 'example_subdag_operator' retrieved from /home/abayturar/airflow-project/venv/lib/python3.12/site-packages/airflow/example_dags/example_subdag_operator.py
[2026-03-29T12:32:50.916+0500] {logging_mixin.py:188} INFO - [2026-03-29T12:32:50.916+0500] {dag.py:3089} INFO - Sync 3 DAGs
[2026-03-29T12:32:50.935+0500] {logging_mixin.py:188} INFO - [2026-03-29T12:32:50.934+0500] {dag.py:3947} INFO - Setting next_dagrun for example_subdag_operator to 2022-01-01 00:00:00+00:00, run_after=2022-01-01 00:00:00+00:00
[2026-03-29T12:32:50.937+0500] {logging_mixin.py:188} INFO - [2026-03-29T12:32:50.937+0500] {dag.py:3947} INFO - Setting next_dagrun for example_subdag_operator.section-1 to None, run_after=None
[2026-03-29T12:32:50.938+0500] {logging_mixin.py:188} INFO - [2026-03-29T12:32:50.938+0500] {dag.py:3947} INFO - Setting next_dagrun for example_subdag_operator.section-2 to None, run_after=None
[2026-03-29T12:32:50.943+0500] {logging_mixin.py:188} INFO - [2026-03-29T12:32:50.943+0500] {dag.py:3089} INFO - Sync 2 DAGs
[2026-03-29T12:32:50.946+0500] {logging_mixin.py:188} INFO - [2026-03-29T12:32:50.946+0500] {dag.py:3947} INFO - Setting next_dagrun for example_subdag_operator.section-1 to None, run_after=None
[2026-03-29T12:32:50.946+0500] {logging_mixin.py:188} INFO - [2026-03-29T12:32:50.946+0500] {dag.py:3947} INFO - Setting next_dagrun for example_subdag_operator.section-2 to None, run_after=None
[2026-03-29T12:32:50.997+0500] {processor.py:183} INFO - Processing /home/abayturar/airflow-project/venv/lib/python3.12/site-packages/airflow/example_dags/example_subdag_operator.py took 0.143 seconds
[2026-03-29T12:33:39.828+0500] {processor.py:161} INFO - Started process (PID=6206) to work on /home/abayturar/airflow-project/venv/lib/python3.12/site-packages/airflow/example_dags/example_subdag_operator.py
[2026-03-29T12:33:39.829+0500] {processor.py:830} INFO - Processing file /home/abayturar/airflow-project/venv/lib/python3.12/site-packages/airflow/example_dags/example_subdag_operator.py for tasks to queue
[2026-03-29T12:33:39.831+0500] {logging_mixin.py:188} INFO - [2026-03-29T12:33:39.830+0500] {dagbag.py:545} INFO - Filling up the DagBag from /home/abayturar/airflow-project/venv/lib/python3.12/site-packages/airflow/example_dags/example_subdag_operator.py
[2026-03-29T12:33:39.858+0500] {processor.py:840} INFO - DAG(s) 'example_subdag_operator.section-1', 'example_subdag_operator.section-2', 'example_subdag_operator' retrieved from /home/abayturar/airflow-project/venv/lib/python3.12/site-packages/airflow/example_dags/example_subdag_operator.py
[2026-03-29T12:33:39.874+0500] {logging_mixin.py:188} INFO - [2026-03-29T12:33:39.874+0500] {dag.py:3089} INFO - Sync 3 DAGs
[2026-03-29T12:33:39.892+0500] {logging_mixin.py:188} INFO - [2026-03-29T12:33:39.892+0500] {dag.py:3947} INFO - Setting next_dagrun for example_subdag_operator to 2022-01-01 00:00:00+00:00, run_after=2022-01-01 00:00:00+00:00
[2026-03-29T12:33:39.895+0500] {logging_mixin.py:188} INFO - [2026-03-29T12:33:39.895+0500] {dag.py:3947} INFO - Setting next_dagrun for example_subdag_operator.section-1 to None, run_after=None
[2026-03-29T12:33:39.896+0500] {logging_mixin.py:188} INFO - [2026-03-29T12:33:39.896+0500] {dag.py:3947} INFO - Setting next_dagrun for example_subdag_operator.section-2 to None, run_after=None
[2026-03-29T12:33:39.902+0500] {logging_mixin.py:188} INFO - [2026-03-29T12:33:39.902+0500] {dag.py:3089} INFO - Sync 2 DAGs
[2026-03-29T12:33:39.905+0500] {logging_mixin.py:188} INFO - [2026-03-29T12:33:39.905+0500] {dag.py:3947} INFO - Setting next_dagrun for example_subdag_operator.section-1 to None, run_after=None
[2026-03-29T12:33:39.905+0500] {logging_mixin.py:188} INFO - [2026-03-29T12:33:39.905+0500] {dag.py:3947} INFO - Setting next_dagrun for example_subdag_operator.section-2 to None, run_after=None
[2026-03-29T12:33:39.918+0500] {processor.py:183} INFO - Processing /home/abayturar/airflow-project/venv/lib/python3.12/site-packages/airflow/example_dags/example_subdag_operator.py took 0.099 seconds
[2026-03-29T12:34:29.402+0500] {processor.py:161} INFO - Started process (PID=6348) to work on /home/abayturar/airflow-project/venv/lib/python3.12/site-packages/airflow/example_dags/example_subdag_operator.py
[2026-03-29T12:34:29.403+0500] {processor.py:830} INFO - Processing file /home/abayturar/airflow-project/venv/lib/python3.12/site-packages/airflow/example_dags/example_subdag_operator.py for tasks to queue
[2026-03-29T12:34:29.405+0500] {logging_mixin.py:188} INFO - [2026-03-29T12:34:29.405+0500] {dagbag.py:545} INFO - Filling up the DagBag from /home/abayturar/airflow-project/venv/lib/python3.12/site-packages/airflow/example_dags/example_subdag_operator.py
[2026-03-29T12:34:29.429+0500] {processor.py:840} INFO - DAG(s) 'example_subdag_operator.section-1', 'example_subdag_operator.section-2', 'example_subdag_operator' retrieved from /home/abayturar/airflow-project/venv/lib/python3.12/site-packages/airflow/example_dags/example_subdag_operator.py
[2026-03-29T12:34:29.440+0500] {logging_mixin.py:188} INFO - [2026-03-29T12:34:29.440+0500] {dag.py:3089} INFO - Sync 3 DAGs
[2026-03-29T12:34:29.456+0500] {logging_mixin.py:188} INFO - [2026-03-29T12:34:29.456+0500] {dag.py:3947} INFO - Setting next_dagrun for example_subdag_operator to 2022-01-01 00:00:00+00:00, run_after=2022-01-01 00:00:00+00:00
[2026-03-29T12:34:29.459+0500] {logging_mixin.py:188} INFO - [2026-03-29T12:34:29.459+0500] {dag.py:3947} INFO - Setting next_dagrun for example_subdag_operator.section-1 to None, run_after=None
[2026-03-29T12:34:29.460+0500] {logging_mixin.py:188} INFO - [2026-03-29T12:34:29.460+0500] {dag.py:3947} INFO - Setting next_dagrun for example_subdag_operator.section-2 to None, run_after=None
[2026-03-29T12:34:29.464+0500] {logging_mixin.py:188} INFO - [2026-03-29T12:34:29.464+0500] {dag.py:3089} INFO - Sync 2 DAGs
[2026-03-29T12:34:29.467+0500] {logging_mixin.py:188} INFO - [2026-03-29T12:34:29.467+0500] {dag.py:3947} INFO - Setting next_dagrun for example_subdag_operator.section-1 to None, run_after=None
[2026-03-29T12:34:29.467+0500] {logging_mixin.py:188} INFO - [2026-03-29T12:34:29.467+0500] {dag.py:3947} INFO - Setting next_dagrun for example_subdag_operator.section-2 to None, run_after=None
[2026-03-29T12:34:29.517+0500] {processor.py:183} INFO - Processing /home/abayturar/airflow-project/venv/lib/python3.12/site-packages/airflow/example_dags/example_subdag_operator.py took 0.122 seconds
[2026-03-29T12:35:18.042+0500] {processor.py:161} INFO - Started process (PID=6475) to work on /home/abayturar/airflow-project/venv/lib/python3.12/site-packages/airflow/example_dags/example_subdag_operator.py
[2026-03-29T12:35:18.043+0500] {processor.py:830} INFO - Processing file /home/abayturar/airflow-project/venv/lib/python3.12/site-packages/airflow/example_dags/example_subdag_operator.py for tasks to queue
[2026-03-29T12:35:18.045+0500] {logging_mixin.py:188} INFO - [2026-03-29T12:35:18.044+0500] {dagbag.py:545} INFO - Filling up the DagBag from /home/abayturar/airflow-project/venv/lib/python3.12/site-packages/airflow/example_dags/example_subdag_operator.py
[2026-03-29T12:35:18.065+0500] {processor.py:840} INFO - DAG(s) 'example_subdag_operator.section-1', 'example_subdag_operator.section-2', 'example_subdag_operator' retrieved from /home/abayturar/airflow-project/venv/lib/python3.12/site-packages/airflow/example_dags/example_subdag_operator.py
[2026-03-29T12:35:18.076+0500] {logging_mixin.py:188} INFO - [2026-03-29T12:35:18.076+0500] {dag.py:3089} INFO - Sync 3 DAGs
[2026-03-29T12:35:18.089+0500] {logging_mixin.py:188} INFO - [2026-03-29T12:35:18.089+0500] {dag.py:3947} INFO - Setting next_dagrun for example_subdag_operator to 2022-01-01 00:00:00+00:00, run_after=2022-01-01 00:00:00+00:00
[2026-03-29T12:35:18.092+0500] {logging_mixin.py:188} INFO - [2026-03-29T12:35:18.092+0500] {dag.py:3947} INFO - Setting next_dagrun for example_subdag_operator.section-1 to None, run_after=None
[2026-03-29T12:35:18.092+0500] {logging_mixin.py:188} INFO - [2026-03-29T12:35:18.092+0500] {dag.py:3947} INFO - Setting next_dagrun for example_subdag_operator.section-2 to None, run_after=None
[2026-03-29T12:35:18.097+0500] {logging_mixin.py:188} INFO - [2026-03-29T12:35:18.097+0500] {dag.py:3089} INFO - Sync 2 DAGs
[2026-03-29T12:35:18.099+0500] {logging_mixin.py:188} INFO - [2026-03-29T12:35:18.099+0500] {dag.py:3947} INFO - Setting next_dagrun for example_subdag_operator.section-1 to None, run_after=None
[2026-03-29T12:35:18.099+0500] {logging_mixin.py:188} INFO - [2026-03-29T12:35:18.099+0500] {dag.py:3947} INFO - Setting next_dagrun for example_subdag_operator.section-2 to None, run_after=None
[2026-03-29T12:35:18.109+0500] {processor.py:183} INFO - Processing /home/abayturar/airflow-project/venv/lib/python3.12/site-packages/airflow/example_dags/example_subdag_operator.py took 0.072 seconds
[2026-03-29T12:36:07.820+0500] {processor.py:161} INFO - Started process (PID=6605) to work on /home/abayturar/airflow-project/venv/lib/python3.12/site-packages/airflow/example_dags/example_subdag_operator.py
[2026-03-29T12:36:07.822+0500] {processor.py:830} INFO - Processing file /home/abayturar/airflow-project/venv/lib/python3.12/site-packages/airflow/example_dags/example_subdag_operator.py for tasks to queue
[2026-03-29T12:36:07.824+0500] {logging_mixin.py:188} INFO - [2026-03-29T12:36:07.824+0500] {dagbag.py:545} INFO - Filling up the DagBag from /home/abayturar/airflow-project/venv/lib/python3.12/site-packages/airflow/example_dags/example_subdag_operator.py
[2026-03-29T12:36:07.851+0500] {processor.py:840} INFO - DAG(s) 'example_subdag_operator.section-1', 'example_subdag_operator.section-2', 'example_subdag_operator' retrieved from /home/abayturar/airflow-project/venv/lib/python3.12/site-packages/airflow/example_dags/example_subdag_operator.py
[2026-03-29T12:36:07.869+0500] {logging_mixin.py:188} INFO - [2026-03-29T12:36:07.869+0500] {dag.py:3089} INFO - Sync 3 DAGs
[2026-03-29T12:36:07.890+0500] {logging_mixin.py:188} INFO - [2026-03-29T12:36:07.889+0500] {dag.py:3947} INFO - Setting next_dagrun for example_subdag_operator to 2022-01-01 00:00:00+00:00, run_after=2022-01-01 00:00:00+00:00
[2026-03-29T12:36:07.894+0500] {logging_mixin.py:188} INFO - [2026-03-29T12:36:07.893+0500] {dag.py:3947} INFO - Setting next_dagrun for example_subdag_operator.section-1 to None, run_after=None
[2026-03-29T12:36:07.894+0500] {logging_mixin.py:188} INFO - [2026-03-29T12:36:07.894+0500] {dag.py:3947} INFO - Setting next_dagrun for example_subdag_operator.section-2 to None, run_after=None
[2026-03-29T12:36:07.901+0500] {logging_mixin.py:188} INFO - [2026-03-29T12:36:07.901+0500] {dag.py:3089} INFO - Sync 2 DAGs
[2026-03-29T12:36:07.904+0500] {logging_mixin.py:188} INFO - [2026-03-29T12:36:07.904+0500] {dag.py:3947} INFO - Setting next_dagrun for example_subdag_operator.section-1 to None, run_after=None
[2026-03-29T12:36:07.905+0500] {logging_mixin.py:188} INFO - [2026-03-29T12:36:07.905+0500] {dag.py:3947} INFO - Setting next_dagrun for example_subdag_operator.section-2 to None, run_after=None
[2026-03-29T12:36:07.955+0500] {processor.py:183} INFO - Processing /home/abayturar/airflow-project/venv/lib/python3.12/site-packages/airflow/example_dags/example_subdag_operator.py took 0.145 seconds
[2026-03-29T12:36:57.043+0500] {processor.py:161} INFO - Started process (PID=6736) to work on /home/abayturar/airflow-project/venv/lib/python3.12/site-packages/airflow/example_dags/example_subdag_operator.py
[2026-03-29T12:36:57.044+0500] {processor.py:830} INFO - Processing file /home/abayturar/airflow-project/venv/lib/python3.12/site-packages/airflow/example_dags/example_subdag_operator.py for tasks to queue
[2026-03-29T12:36:57.046+0500] {logging_mixin.py:188} INFO - [2026-03-29T12:36:57.045+0500] {dagbag.py:545} INFO - Filling up the DagBag from /home/abayturar/airflow-project/venv/lib/python3.12/site-packages/airflow/example_dags/example_subdag_operator.py
[2026-03-29T12:36:57.065+0500] {processor.py:840} INFO - DAG(s) 'example_subdag_operator.section-1', 'example_subdag_operator.section-2', 'example_subdag_operator' retrieved from /home/abayturar/airflow-project/venv/lib/python3.12/site-packages/airflow/example_dags/example_subdag_operator.py
[2026-03-29T12:36:57.076+0500] {logging_mixin.py:188} INFO - [2026-03-29T12:36:57.076+0500] {dag.py:3089} INFO - Sync 3 DAGs
[2026-03-29T12:36:57.088+0500] {logging_mixin.py:188} INFO - [2026-03-29T12:36:57.088+0500] {dag.py:3947} INFO - Setting next_dagrun for example_subdag_operator to 2022-01-01 00:00:00+00:00, run_after=2022-01-01 00:00:00+00:00
[2026-03-29T12:36:57.090+0500] {logging_mixin.py:188} INFO - [2026-03-29T12:36:57.090+0500] {dag.py:3947} INFO - Setting next_dagrun for example_subdag_operator.section-1 to None, run_after=None
[2026-03-29T12:36:57.091+0500] {logging_mixin.py:188} INFO - [2026-03-29T12:36:57.091+0500] {dag.py:3947} INFO - Setting next_dagrun for example_subdag_operator.section-2 to None, run_after=None
[2026-03-29T12:36:57.095+0500] {logging_mixin.py:188} INFO - [2026-03-29T12:36:57.095+0500] {dag.py:3089} INFO - Sync 2 DAGs
[2026-03-29T12:36:57.097+0500] {logging_mixin.py:188} INFO - [2026-03-29T12:36:57.097+0500] {dag.py:3947} INFO - Setting next_dagrun for example_subdag_operator.section-1 to None, run_after=None
[2026-03-29T12:36:57.097+0500] {logging_mixin.py:188} INFO - [2026-03-29T12:36:57.097+0500] {dag.py:3947} INFO - Setting next_dagrun for example_subdag_operator.section-2 to None, run_after=None
[2026-03-29T12:36:57.145+0500] {processor.py:183} INFO - Processing /home/abayturar/airflow-project/venv/lib/python3.12/site-packages/airflow/example_dags/example_subdag_operator.py took 0.108 seconds
[2026-03-29T12:37:46.734+0500] {processor.py:161} INFO - Started process (PID=6866) to work on /home/abayturar/airflow-project/venv/lib/python3.12/site-packages/airflow/example_dags/example_subdag_operator.py
[2026-03-29T12:37:46.735+0500] {processor.py:830} INFO - Processing file /home/abayturar/airflow-project/venv/lib/python3.12/site-packages/airflow/example_dags/example_subdag_operator.py for tasks to queue
[2026-03-29T12:37:46.736+0500] {logging_mixin.py:188} INFO - [2026-03-29T12:37:46.736+0500] {dagbag.py:545} INFO - Filling up the DagBag from /home/abayturar/airflow-project/venv/lib/python3.12/site-packages/airflow/example_dags/example_subdag_operator.py
[2026-03-29T12:37:46.759+0500] {processor.py:840} INFO - DAG(s) 'example_subdag_operator.section-1', 'example_subdag_operator.section-2', 'example_subdag_operator' retrieved from /home/abayturar/airflow-project/venv/lib/python3.12/site-packages/airflow/example_dags/example_subdag_operator.py
[2026-03-29T12:37:46.771+0500] {logging_mixin.py:188} INFO - [2026-03-29T12:37:46.771+0500] {dag.py:3089} INFO - Sync 3 DAGs
[2026-03-29T12:37:46.787+0500] {logging_mixin.py:188} INFO - [2026-03-29T12:37:46.786+0500] {dag.py:3947} INFO - Setting next_dagrun for example_subdag_operator to 2022-01-01 00:00:00+00:00, run_after=2022-01-01 00:00:00+00:00
[2026-03-29T12:37:46.789+0500] {logging_mixin.py:188} INFO - [2026-03-29T12:37:46.789+0500] {dag.py:3947} INFO - Setting next_dagrun for example_subdag_operator.section-1 to None, run_after=None
[2026-03-29T12:37:46.790+0500] {logging_mixin.py:188} INFO - [2026-03-29T12:37:46.790+0500] {dag.py:3947} INFO - Setting next_dagrun for example_subdag_operator.section-2 to None, run_after=None
[2026-03-29T12:37:46.795+0500] {logging_mixin.py:188} INFO - [2026-03-29T12:37:46.795+0500] {dag.py:3089} INFO - Sync 2 DAGs
[2026-03-29T12:37:46.798+0500] {logging_mixin.py:188} INFO - [2026-03-29T12:37:46.798+0500] {dag.py:3947} INFO - Setting next_dagrun for example_subdag_operator.section-1 to None, run_after=None
[2026-03-29T12:37:46.798+0500] {logging_mixin.py:188} INFO - [2026-03-29T12:37:46.798+0500] {dag.py:3947} INFO - Setting next_dagrun for example_subdag_operator.section-2 to None, run_after=None
[2026-03-29T12:37:46.837+0500] {processor.py:183} INFO - Processing /home/abayturar/airflow-project/venv/lib/python3.12/site-packages/airflow/example_dags/example_subdag_operator.py took 0.110 seconds
[2026-03-29T12:38:37.916+0500] {processor.py:161} INFO - Started process (PID=7001) to work on /home/abayturar/airflow-project/venv/lib/python3.12/site-packages/airflow/example_dags/example_subdag_operator.py
[2026-03-29T12:38:37.917+0500] {processor.py:830} INFO - Processing file /home/abayturar/airflow-project/venv/lib/python3.12/site-packages/airflow/example_dags/example_subdag_operator.py for tasks to queue
[2026-03-29T12:38:37.919+0500] {logging_mixin.py:188} INFO - [2026-03-29T12:38:37.919+0500] {dagbag.py:545} INFO - Filling up the DagBag from /home/abayturar/airflow-project/venv/lib/python3.12/site-packages/airflow/example_dags/example_subdag_operator.py
[2026-03-29T12:38:37.942+0500] {processor.py:840} INFO - DAG(s) 'example_subdag_operator.section-1', 'example_subdag_operator.section-2', 'example_subdag_operator' retrieved from /home/abayturar/airflow-project/venv/lib/python3.12/site-packages/airflow/example_dags/example_subdag_operator.py
[2026-03-29T12:38:37.953+0500] {logging_mixin.py:188} INFO - [2026-03-29T12:38:37.953+0500] {dag.py:3089} INFO - Sync 3 DAGs
[2026-03-29T12:38:37.967+0500] {logging_mixin.py:188} INFO - [2026-03-29T12:38:37.967+0500] {dag.py:3947} INFO - Setting next_dagrun for example_subdag_operator to 2022-01-01 00:00:00+00:00, run_after=2022-01-01 00:00:00+00:00
[2026-03-29T12:38:37.969+0500] {logging_mixin.py:188} INFO - [2026-03-29T12:38:37.969+0500] {dag.py:3947} INFO - Setting next_dagrun for example_subdag_operator.section-1 to None, run_after=None
[2026-03-29T12:38:37.970+0500] {logging_mixin.py:188} INFO - [2026-03-29T12:38:37.969+0500] {dag.py:3947} INFO - Setting next_dagrun for example_subdag_operator.section-2 to None, run_after=None
[2026-03-29T12:38:37.974+0500] {logging_mixin.py:188} INFO - [2026-03-29T12:38:37.974+0500] {dag.py:3089} INFO - Sync 2 DAGs
[2026-03-29T12:38:37.976+0500] {logging_mixin.py:188} INFO - [2026-03-29T12:38:37.976+0500] {dag.py:3947} INFO - Setting next_dagrun for example_subdag_operator.section-1 to None, run_after=None
[2026-03-29T12:38:37.976+0500] {logging_mixin.py:188} INFO - [2026-03-29T12:38:37.976+0500] {dag.py:3947} INFO - Setting next_dagrun for example_subdag_operator.section-2 to None, run_after=None
[2026-03-29T12:38:38.025+0500] {processor.py:183} INFO - Processing /home/abayturar/airflow-project/venv/lib/python3.12/site-packages/airflow/example_dags/example_subdag_operator.py took 0.115 seconds
[2026-03-29T12:39:30.470+0500] {processor.py:161} INFO - Started process (PID=7139) to work on /home/abayturar/airflow-project/venv/lib/python3.12/site-packages/airflow/example_dags/example_subdag_operator.py
[2026-03-29T12:39:30.471+0500] {processor.py:830} INFO - Processing file /home/abayturar/airflow-project/venv/lib/python3.12/site-packages/airflow/example_dags/example_subdag_operator.py for tasks to queue
[2026-03-29T12:39:30.473+0500] {logging_mixin.py:188} INFO - [2026-03-29T12:39:30.472+0500] {dagbag.py:545} INFO - Filling up the DagBag from /home/abayturar/airflow-project/venv/lib/python3.12/site-packages/airflow/example_dags/example_subdag_operator.py
[2026-03-29T12:39:30.493+0500] {processor.py:840} INFO - DAG(s) 'example_subdag_operator.section-1', 'example_subdag_operator.section-2', 'example_subdag_operator' retrieved from /home/abayturar/airflow-project/venv/lib/python3.12/site-packages/airflow/example_dags/example_subdag_operator.py
[2026-03-29T12:39:30.504+0500] {logging_mixin.py:188} INFO - [2026-03-29T12:39:30.504+0500] {dag.py:3089} INFO - Sync 3 DAGs
[2026-03-29T12:39:30.517+0500] {logging_mixin.py:188} INFO - [2026-03-29T12:39:30.517+0500] {dag.py:3947} INFO - Setting next_dagrun for example_subdag_operator to 2022-01-01 00:00:00+00:00, run_after=2022-01-01 00:00:00+00:00
[2026-03-29T12:39:30.520+0500] {logging_mixin.py:188} INFO - [2026-03-29T12:39:30.520+0500] {dag.py:3947} INFO - Setting next_dagrun for example_subdag_operator.section-1 to None, run_after=None
[2026-03-29T12:39:30.520+0500] {logging_mixin.py:188} INFO - [2026-03-29T12:39:30.520+0500] {dag.py:3947} INFO - Setting next_dagrun for example_subdag_operator.section-2 to None, run_after=None
[2026-03-29T12:39:30.525+0500] {logging_mixin.py:188} INFO - [2026-03-29T12:39:30.525+0500] {dag.py:3089} INFO - Sync 2 DAGs
[2026-03-29T12:39:30.527+0500] {logging_mixin.py:188} INFO - [2026-03-29T12:39:30.527+0500] {dag.py:3947} INFO - Setting next_dagrun for example_subdag_operator.section-1 to None, run_after=None
[2026-03-29T12:39:30.528+0500] {logging_mixin.py:188} INFO - [2026-03-29T12:39:30.527+0500] {dag.py:3947} INFO - Setting next_dagrun for example_subdag_operator.section-2 to None, run_after=None
[2026-03-29T12:39:30.577+0500] {processor.py:183} INFO - Processing /home/abayturar/airflow-project/venv/lib/python3.12/site-packages/airflow/example_dags/example_subdag_operator.py took 0.113 seconds
[2026-03-29T12:40:20.660+0500] {processor.py:161} INFO - Started process (PID=7298) to work on /home/abayturar/airflow-project/venv/lib/python3.12/site-packages/airflow/example_dags/example_subdag_operator.py
[2026-03-29T12:40:20.660+0500] {processor.py:830} INFO - Processing file /home/abayturar/airflow-project/venv/lib/python3.12/site-packages/airflow/example_dags/example_subdag_operator.py for tasks to queue
[2026-03-29T12:40:20.662+0500] {logging_mixin.py:188} INFO - [2026-03-29T12:40:20.662+0500] {dagbag.py:545} INFO - Filling up the DagBag from /home/abayturar/airflow-project/venv/lib/python3.12/site-packages/airflow/example_dags/example_subdag_operator.py
[2026-03-29T12:40:20.683+0500] {processor.py:840} INFO - DAG(s) 'example_subdag_operator.section-1', 'example_subdag_operator.section-2', 'example_subdag_operator' retrieved from /home/abayturar/airflow-project/venv/lib/python3.12/site-packages/airflow/example_dags/example_subdag_operator.py
[2026-03-29T12:40:20.693+0500] {logging_mixin.py:188} INFO - [2026-03-29T12:40:20.693+0500] {dag.py:3089} INFO - Sync 3 DAGs
[2026-03-29T12:40:20.706+0500] {logging_mixin.py:188} INFO - [2026-03-29T12:40:20.705+0500] {dag.py:3947} INFO - Setting next_dagrun for example_subdag_operator to 2022-01-01 00:00:00+00:00, run_after=2022-01-01 00:00:00+00:00
[2026-03-29T12:40:20.708+0500] {logging_mixin.py:188} INFO - [2026-03-29T12:40:20.707+0500] {dag.py:3947} INFO - Setting next_dagrun for example_subdag_operator.section-1 to None, run_after=None
[2026-03-29T12:40:20.708+0500] {logging_mixin.py:188} INFO - [2026-03-29T12:40:20.708+0500] {dag.py:3947} INFO - Setting next_dagrun for example_subdag_operator.section-2 to None, run_after=None
[2026-03-29T12:40:20.712+0500] {logging_mixin.py:188} INFO - [2026-03-29T12:40:20.712+0500] {dag.py:3089} INFO - Sync 2 DAGs
[2026-03-29T12:40:20.714+0500] {logging_mixin.py:188} INFO - [2026-03-29T12:40:20.714+0500] {dag.py:3947} INFO - Setting next_dagrun for example_subdag_operator.section-1 to None, run_after=None
[2026-03-29T12:40:20.715+0500] {logging_mixin.py:188} INFO - [2026-03-29T12:40:20.714+0500] {dag.py:3947} INFO - Setting next_dagrun for example_subdag_operator.section-2 to None, run_after=None
[2026-03-29T12:40:20.724+0500] {processor.py:183} INFO - Processing /home/abayturar/airflow-project/venv/lib/python3.12/site-packages/airflow/example_dags/example_subdag_operator.py took 0.070 seconds
[2026-03-29T12:41:11.279+0500] {processor.py:161} INFO - Started process (PID=7432) to work on /home/abayturar/airflow-project/venv/lib/python3.12/site-packages/airflow/example_dags/example_subdag_operator.py
[2026-03-29T12:41:11.280+0500] {processor.py:830} INFO - Processing file /home/abayturar/airflow-project/venv/lib/python3.12/site-packages/airflow/example_dags/example_subdag_operator.py for tasks to queue
[2026-03-29T12:41:11.282+0500] {logging_mixin.py:188} INFO - [2026-03-29T12:41:11.281+0500] {dagbag.py:545} INFO - Filling up the DagBag from /home/abayturar/airflow-project/venv/lib/python3.12/site-packages/airflow/example_dags/example_subdag_operator.py
[2026-03-29T12:41:11.302+0500] {processor.py:840} INFO - DAG(s) 'example_subdag_operator.section-1', 'example_subdag_operator.section-2', 'example_subdag_operator' retrieved from /home/abayturar/airflow-project/venv/lib/python3.12/site-packages/airflow/example_dags/example_subdag_operator.py
[2026-03-29T12:41:11.314+0500] {logging_mixin.py:188} INFO - [2026-03-29T12:41:11.314+0500] {dag.py:3089} INFO - Sync 3 DAGs
[2026-03-29T12:41:11.327+0500] {logging_mixin.py:188} INFO - [2026-03-29T12:41:11.327+0500] {dag.py:3947} INFO - Setting next_dagrun for example_subdag_operator to 2022-01-01 00:00:00+00:00, run_after=2022-01-01 00:00:00+00:00
[2026-03-29T12:41:11.329+0500] {logging_mixin.py:188} INFO - [2026-03-29T12:41:11.329+0500] {dag.py:3947} INFO - Setting next_dagrun for example_subdag_operator.section-1 to None, run_after=None
[2026-03-29T12:41:11.330+0500] {logging_mixin.py:188} INFO - [2026-03-29T12:41:11.330+0500] {dag.py:3947} INFO - Setting next_dagrun for example_subdag_operator.section-2 to None, run_after=None
[2026-03-29T12:41:11.336+0500] {logging_mixin.py:188} INFO - [2026-03-29T12:41:11.336+0500] {dag.py:3089} INFO - Sync 2 DAGs
[2026-03-29T12:41:11.339+0500] {logging_mixin.py:188} INFO - [2026-03-29T12:41:11.339+0500] {dag.py:3947} INFO - Setting next_dagrun for example_subdag_operator.section-1 to None, run_after=None
[2026-03-29T12:41:11.339+0500] {logging_mixin.py:188} INFO - [2026-03-29T12:41:11.339+0500] {dag.py:3947} INFO - Setting next_dagrun for example_subdag_operator.section-2 to None, run_after=None
[2026-03-29T12:41:11.388+0500] {processor.py:183} INFO - Processing /home/abayturar/airflow-project/venv/lib/python3.12/site-packages/airflow/example_dags/example_subdag_operator.py took 0.115 seconds
[2026-03-29T12:42:03.960+0500] {processor.py:161} INFO - Started process (PID=7591) to work on /home/abayturar/airflow-project/venv/lib/python3.12/site-packages/airflow/example_dags/example_subdag_operator.py
[2026-03-29T12:42:03.961+0500] {processor.py:830} INFO - Processing file /home/abayturar/airflow-project/venv/lib/python3.12/site-packages/airflow/example_dags/example_subdag_operator.py for tasks to queue
[2026-03-29T12:42:03.963+0500] {logging_mixin.py:188} INFO - [2026-03-29T12:42:03.962+0500] {dagbag.py:545} INFO - Filling up the DagBag from /home/abayturar/airflow-project/venv/lib/python3.12/site-packages/airflow/example_dags/example_subdag_operator.py
[2026-03-29T12:42:03.985+0500] {processor.py:840} INFO - DAG(s) 'example_subdag_operator.section-1', 'example_subdag_operator.section-2', 'example_subdag_operator' retrieved from /home/abayturar/airflow-project/venv/lib/python3.12/site-packages/airflow/example_dags/example_subdag_operator.py
[2026-03-29T12:42:03.996+0500] {logging_mixin.py:188} INFO - [2026-03-29T12:42:03.996+0500] {dag.py:3089} INFO - Sync 3 DAGs
[2026-03-29T12:42:04.009+0500] {logging_mixin.py:188} INFO - [2026-03-29T12:42:04.009+0500] {dag.py:3947} INFO - Setting next_dagrun for example_subdag_operator to 2022-01-01 00:00:00+00:00, run_after=2022-01-01 00:00:00+00:00
[2026-03-29T12:42:04.011+0500] {logging_mixin.py:188} INFO - [2026-03-29T12:42:04.011+0500] {dag.py:3947} INFO - Setting next_dagrun for example_subdag_operator.section-1 to None, run_after=None
[2026-03-29T12:42:04.012+0500] {logging_mixin.py:188} INFO - [2026-03-29T12:42:04.011+0500] {dag.py:3947} INFO - Setting next_dagrun for example_subdag_operator.section-2 to None, run_after=None
[2026-03-29T12:42:04.016+0500] {logging_mixin.py:188} INFO - [2026-03-29T12:42:04.016+0500] {dag.py:3089} INFO - Sync 2 DAGs
[2026-03-29T12:42:04.018+0500] {logging_mixin.py:188} INFO - [2026-03-29T12:42:04.018+0500] {dag.py:3947} INFO - Setting next_dagrun for example_subdag_operator.section-1 to None, run_after=None
[2026-03-29T12:42:04.018+0500] {logging_mixin.py:188} INFO - [2026-03-29T12:42:04.018+0500] {dag.py:3947} INFO - Setting next_dagrun for example_subdag_operator.section-2 to None, run_after=None
[2026-03-29T12:42:04.068+0500] {processor.py:183} INFO - Processing /home/abayturar/airflow-project/venv/lib/python3.12/site-packages/airflow/example_dags/example_subdag_operator.py took 0.115 seconds
[2026-03-29T12:42:56.368+0500] {processor.py:161} INFO - Started process (PID=7730) to work on /home/abayturar/airflow-project/venv/lib/python3.12/site-packages/airflow/example_dags/example_subdag_operator.py
[2026-03-29T12:42:56.368+0500] {processor.py:830} INFO - Processing file /home/abayturar/airflow-project/venv/lib/python3.12/site-packages/airflow/example_dags/example_subdag_operator.py for tasks to queue
[2026-03-29T12:42:56.370+0500] {logging_mixin.py:188} INFO - [2026-03-29T12:42:56.370+0500] {dagbag.py:545} INFO - Filling up the DagBag from /home/abayturar/airflow-project/venv/lib/python3.12/site-packages/airflow/example_dags/example_subdag_operator.py
[2026-03-29T12:42:56.391+0500] {processor.py:840} INFO - DAG(s) 'example_subdag_operator.section-1', 'example_subdag_operator.section-2', 'example_subdag_operator' retrieved from /home/abayturar/airflow-project/venv/lib/python3.12/site-packages/airflow/example_dags/example_subdag_operator.py
[2026-03-29T12:42:56.403+0500] {logging_mixin.py:188} INFO - [2026-03-29T12:42:56.402+0500] {dag.py:3089} INFO - Sync 3 DAGs
[2026-03-29T12:42:56.415+0500] {logging_mixin.py:188} INFO - [2026-03-29T12:42:56.415+0500] {dag.py:3947} INFO - Setting next_dagrun for example_subdag_operator to 2022-01-01 00:00:00+00:00, run_after=2022-01-01 00:00:00+00:00
[2026-03-29T12:42:56.417+0500] {logging_mixin.py:188} INFO - [2026-03-29T12:42:56.417+0500] {dag.py:3947} INFO - Setting next_dagrun for example_subdag_operator.section-1 to None, run_after=None
[2026-03-29T12:42:56.418+0500] {logging_mixin.py:188} INFO - [2026-03-29T12:42:56.418+0500] {dag.py:3947} INFO - Setting next_dagrun for example_subdag_operator.section-2 to None, run_after=None
[2026-03-29T12:42:56.422+0500] {logging_mixin.py:188} INFO - [2026-03-29T12:42:56.422+0500] {dag.py:3089} INFO - Sync 2 DAGs
[2026-03-29T12:42:56.424+0500] {logging_mixin.py:188} INFO - [2026-03-29T12:42:56.424+0500] {dag.py:3947} INFO - Setting next_dagrun for example_subdag_operator.section-1 to None, run_after=None
[2026-03-29T12:42:56.424+0500] {logging_mixin.py:188} INFO - [2026-03-29T12:42:56.424+0500] {dag.py:3947} INFO - Setting next_dagrun for example_subdag_operator.section-2 to None, run_after=None
[2026-03-29T12:42:56.475+0500] {processor.py:183} INFO - Processing /home/abayturar/airflow-project/venv/lib/python3.12/site-packages/airflow/example_dags/example_subdag_operator.py took 0.114 seconds
[2026-03-29T12:43:47.870+0500] {processor.py:161} INFO - Started process (PID=7960) to work on /home/abayturar/airflow-project/venv/lib/python3.12/site-packages/airflow/example_dags/example_subdag_operator.py
[2026-03-29T12:43:47.871+0500] {processor.py:830} INFO - Processing file /home/abayturar/airflow-project/venv/lib/python3.12/site-packages/airflow/example_dags/example_subdag_operator.py for tasks to queue
[2026-03-29T12:43:47.873+0500] {logging_mixin.py:188} INFO - [2026-03-29T12:43:47.872+0500] {dagbag.py:545} INFO - Filling up the DagBag from /home/abayturar/airflow-project/venv/lib/python3.12/site-packages/airflow/example_dags/example_subdag_operator.py
[2026-03-29T12:43:47.896+0500] {processor.py:840} INFO - DAG(s) 'example_subdag_operator.section-1', 'example_subdag_operator.section-2', 'example_subdag_operator' retrieved from /home/abayturar/airflow-project/venv/lib/python3.12/site-packages/airflow/example_dags/example_subdag_operator.py
[2026-03-29T12:43:47.907+0500] {logging_mixin.py:188} INFO - [2026-03-29T12:43:47.907+0500] {dag.py:3089} INFO - Sync 3 DAGs
[2026-03-29T12:43:47.922+0500] {logging_mixin.py:188} INFO - [2026-03-29T12:43:47.922+0500] {dag.py:3947} INFO - Setting next_dagrun for example_subdag_operator to 2022-01-01 00:00:00+00:00, run_after=2022-01-01 00:00:00+00:00
[2026-03-29T12:43:47.924+0500] {logging_mixin.py:188} INFO - [2026-03-29T12:43:47.924+0500] {dag.py:3947} INFO - Setting next_dagrun for example_subdag_operator.section-1 to None, run_after=None
[2026-03-29T12:43:47.925+0500] {logging_mixin.py:188} INFO - [2026-03-29T12:43:47.925+0500] {dag.py:3947} INFO - Setting next_dagrun for example_subdag_operator.section-2 to None, run_after=None
[2026-03-29T12:43:47.929+0500] {logging_mixin.py:188} INFO - [2026-03-29T12:43:47.929+0500] {dag.py:3089} INFO - Sync 2 DAGs
[2026-03-29T12:43:47.931+0500] {logging_mixin.py:188} INFO - [2026-03-29T12:43:47.931+0500] {dag.py:3947} INFO - Setting next_dagrun for example_subdag_operator.section-1 to None, run_after=None
[2026-03-29T12:43:47.932+0500] {logging_mixin.py:188} INFO - [2026-03-29T12:43:47.932+0500] {dag.py:3947} INFO - Setting next_dagrun for example_subdag_operator.section-2 to None, run_after=None
[2026-03-29T12:43:47.944+0500] {processor.py:183} INFO - Processing /home/abayturar/airflow-project/venv/lib/python3.12/site-packages/airflow/example_dags/example_subdag_operator.py took 0.080 seconds
[2026-03-29T12:44:41.440+0500] {processor.py:161} INFO - Started process (PID=8170) to work on /home/abayturar/airflow-project/venv/lib/python3.12/site-packages/airflow/example_dags/example_subdag_operator.py
[2026-03-29T12:44:41.441+0500] {processor.py:830} INFO - Processing file /home/abayturar/airflow-project/venv/lib/python3.12/site-packages/airflow/example_dags/example_subdag_operator.py for tasks to queue
[2026-03-29T12:44:41.443+0500] {logging_mixin.py:188} INFO - [2026-03-29T12:44:41.442+0500] {dagbag.py:545} INFO - Filling up the DagBag from /home/abayturar/airflow-project/venv/lib/python3.12/site-packages/airflow/example_dags/example_subdag_operator.py
[2026-03-29T12:44:41.464+0500] {processor.py:840} INFO - DAG(s) 'example_subdag_operator.section-1', 'example_subdag_operator.section-2', 'example_subdag_operator' retrieved from /home/abayturar/airflow-project/venv/lib/python3.12/site-packages/airflow/example_dags/example_subdag_operator.py
[2026-03-29T12:44:41.476+0500] {logging_mixin.py:188} INFO - [2026-03-29T12:44:41.476+0500] {dag.py:3089} INFO - Sync 3 DAGs
[2026-03-29T12:44:41.491+0500] {logging_mixin.py:188} INFO - [2026-03-29T12:44:41.490+0500] {dag.py:3947} INFO - Setting next_dagrun for example_subdag_operator to 2022-01-01 00:00:00+00:00, run_after=2022-01-01 00:00:00+00:00
[2026-03-29T12:44:41.493+0500] {logging_mixin.py:188} INFO - [2026-03-29T12:44:41.493+0500] {dag.py:3947} INFO - Setting next_dagrun for example_subdag_operator.section-1 to None, run_after=None
[2026-03-29T12:44:41.493+0500] {logging_mixin.py:188} INFO - [2026-03-29T12:44:41.493+0500] {dag.py:3947} INFO - Setting next_dagrun for example_subdag_operator.section-2 to None, run_after=None
[2026-03-29T12:44:41.499+0500] {logging_mixin.py:188} INFO - [2026-03-29T12:44:41.498+0500] {dag.py:3089} INFO - Sync 2 DAGs
[2026-03-29T12:44:41.501+0500] {logging_mixin.py:188} INFO - [2026-03-29T12:44:41.501+0500] {dag.py:3947} INFO - Setting next_dagrun for example_subdag_operator.section-1 to None, run_after=None
[2026-03-29T12:44:41.502+0500] {logging_mixin.py:188} INFO - [2026-03-29T12:44:41.502+0500] {dag.py:3947} INFO - Setting next_dagrun for example_subdag_operator.section-2 to None, run_after=None
[2026-03-29T12:44:41.524+0500] {processor.py:183} INFO - Processing /home/abayturar/airflow-project/venv/lib/python3.12/site-packages/airflow/example_dags/example_subdag_operator.py took 0.091 seconds
[2026-03-29T12:45:34.508+0500] {processor.py:161} INFO - Started process (PID=8638) to work on /home/abayturar/airflow-project/venv/lib/python3.12/site-packages/airflow/example_dags/example_subdag_operator.py
[2026-03-29T12:45:34.509+0500] {processor.py:830} INFO - Processing file /home/abayturar/airflow-project/venv/lib/python3.12/site-packages/airflow/example_dags/example_subdag_operator.py for tasks to queue
[2026-03-29T12:45:34.510+0500] {logging_mixin.py:188} INFO - [2026-03-29T12:45:34.510+0500] {dagbag.py:545} INFO - Filling up the DagBag from /home/abayturar/airflow-project/venv/lib/python3.12/site-packages/airflow/example_dags/example_subdag_operator.py
[2026-03-29T12:45:34.534+0500] {processor.py:840} INFO - DAG(s) 'example_subdag_operator.section-1', 'example_subdag_operator.section-2', 'example_subdag_operator' retrieved from /home/abayturar/airflow-project/venv/lib/python3.12/site-packages/airflow/example_dags/example_subdag_operator.py
[2026-03-29T12:45:34.550+0500] {logging_mixin.py:188} INFO - [2026-03-29T12:45:34.550+0500] {dag.py:3089} INFO - Sync 3 DAGs
[2026-03-29T12:45:34.564+0500] {logging_mixin.py:188} INFO - [2026-03-29T12:45:34.564+0500] {dag.py:3947} INFO - Setting next_dagrun for example_subdag_operator to 2022-01-01 00:00:00+00:00, run_after=2022-01-01 00:00:00+00:00
[2026-03-29T12:45:34.567+0500] {logging_mixin.py:188} INFO - [2026-03-29T12:45:34.567+0500] {dag.py:3947} INFO - Setting next_dagrun for example_subdag_operator.section-1 to None, run_after=None
[2026-03-29T12:45:34.568+0500] {logging_mixin.py:188} INFO - [2026-03-29T12:45:34.567+0500] {dag.py:3947} INFO - Setting next_dagrun for example_subdag_operator.section-2 to None, run_after=None
[2026-03-29T12:45:34.572+0500] {logging_mixin.py:188} INFO - [2026-03-29T12:45:34.572+0500] {dag.py:3089} INFO - Sync 2 DAGs
[2026-03-29T12:45:34.575+0500] {logging_mixin.py:188} INFO - [2026-03-29T12:45:34.575+0500] {dag.py:3947} INFO - Setting next_dagrun for example_subdag_operator.section-1 to None, run_after=None
[2026-03-29T12:45:34.575+0500] {logging_mixin.py:188} INFO - [2026-03-29T12:45:34.575+0500] {dag.py:3947} INFO - Setting next_dagrun for example_subdag_operator.section-2 to None, run_after=None
[2026-03-29T12:45:34.584+0500] {processor.py:183} INFO - Processing /home/abayturar/airflow-project/venv/lib/python3.12/site-packages/airflow/example_dags/example_subdag_operator.py took 0.083 seconds
[2026-03-29T12:46:27.678+0500] {processor.py:161} INFO - Started process (PID=8906) to work on /home/abayturar/airflow-project/venv/lib/python3.12/site-packages/airflow/example_dags/example_subdag_operator.py
[2026-03-29T12:46:27.679+0500] {processor.py:830} INFO - Processing file /home/abayturar/airflow-project/venv/lib/python3.12/site-packages/airflow/example_dags/example_subdag_operator.py for tasks to queue
[2026-03-29T12:46:27.681+0500] {logging_mixin.py:188} INFO - [2026-03-29T12:46:27.681+0500] {dagbag.py:545} INFO - Filling up the DagBag from /home/abayturar/airflow-project/venv/lib/python3.12/site-packages/airflow/example_dags/example_subdag_operator.py
[2026-03-29T12:46:27.704+0500] {processor.py:840} INFO - DAG(s) 'example_subdag_operator.section-1', 'example_subdag_operator.section-2', 'example_subdag_operator' retrieved from /home/abayturar/airflow-project/venv/lib/python3.12/site-packages/airflow/example_dags/example_subdag_operator.py
[2026-03-29T12:46:27.715+0500] {logging_mixin.py:188} INFO - [2026-03-29T12:46:27.715+0500] {dag.py:3089} INFO - Sync 3 DAGs
[2026-03-29T12:46:27.731+0500] {logging_mixin.py:188} INFO - [2026-03-29T12:46:27.731+0500] {dag.py:3947} INFO - Setting next_dagrun for example_subdag_operator to 2022-01-01 00:00:00+00:00, run_after=2022-01-01 00:00:00+00:00
[2026-03-29T12:46:27.733+0500] {logging_mixin.py:188} INFO - [2026-03-29T12:46:27.733+0500] {dag.py:3947} INFO - Setting next_dagrun for example_subdag_operator.section-1 to None, run_after=None
[2026-03-29T12:46:27.734+0500] {logging_mixin.py:188} INFO - [2026-03-29T12:46:27.734+0500] {dag.py:3947} INFO - Setting next_dagrun for example_subdag_operator.section-2 to None, run_after=None
[2026-03-29T12:46:27.738+0500] {logging_mixin.py:188} INFO - [2026-03-29T12:46:27.738+0500] {dag.py:3089} INFO - Sync 2 DAGs
[2026-03-29T12:46:27.741+0500] {logging_mixin.py:188} INFO - [2026-03-29T12:46:27.741+0500] {dag.py:3947} INFO - Setting next_dagrun for example_subdag_operator.section-1 to None, run_after=None
[2026-03-29T12:46:27.741+0500] {logging_mixin.py:188} INFO - [2026-03-29T12:46:27.741+0500] {dag.py:3947} INFO - Setting next_dagrun for example_subdag_operator.section-2 to None, run_after=None
[2026-03-29T12:46:27.788+0500] {processor.py:183} INFO - Processing /home/abayturar/airflow-project/venv/lib/python3.12/site-packages/airflow/example_dags/example_subdag_operator.py took 0.117 seconds
