[2026-03-28T15:21:15.265+0500] {processor.py:161} INFO - Started process (PID=11836) to work on /home/abayturar/airflow-project/venv/lib/python3.12/site-packages/airflow/example_dags/example_subdag_operator.py
[2026-03-28T15:21:15.266+0500] {processor.py:830} INFO - Processing file /home/abayturar/airflow-project/venv/lib/python3.12/site-packages/airflow/example_dags/example_subdag_operator.py for tasks to queue
[2026-03-28T15:21:15.268+0500] {logging_mixin.py:188} INFO - [2026-03-28T15:21:15.268+0500] {dagbag.py:545} INFO - Filling up the DagBag from /home/abayturar/airflow-project/venv/lib/python3.12/site-packages/airflow/example_dags/example_subdag_operator.py
[2026-03-28T15:21:15.299+0500] {processor.py:840} INFO - DAG(s) 'example_subdag_operator.section-1', 'example_subdag_operator.section-2', 'example_subdag_operator' retrieved from /home/abayturar/airflow-project/venv/lib/python3.12/site-packages/airflow/example_dags/example_subdag_operator.py
[2026-03-28T15:21:15.378+0500] {logging_mixin.py:188} INFO - [2026-03-28T15:21:15.377+0500] {override.py:1858} INFO - Created Permission View: can edit on DAG:example_subdag_operator
[2026-03-28T15:21:15.385+0500] {logging_mixin.py:188} INFO - [2026-03-28T15:21:15.385+0500] {override.py:1858} INFO - Created Permission View: can read on DAG:example_subdag_operator
[2026-03-28T15:21:15.390+0500] {logging_mixin.py:188} INFO - [2026-03-28T15:21:15.390+0500] {override.py:1858} INFO - Created Permission View: can delete on DAG:example_subdag_operator
[2026-03-28T15:21:15.390+0500] {logging_mixin.py:188} INFO - [2026-03-28T15:21:15.390+0500] {dag.py:3089} INFO - Sync 3 DAGs
[2026-03-28T15:21:15.397+0500] {logging_mixin.py:188} INFO - [2026-03-28T15:21:15.397+0500] {dag.py:3111} INFO - Creating ORM DAG for example_subdag_operator.section-1
[2026-03-28T15:21:15.397+0500] {logging_mixin.py:188} INFO - [2026-03-28T15:21:15.397+0500] {dag.py:3111} INFO - Creating ORM DAG for example_subdag_operator
[2026-03-28T15:21:15.397+0500] {logging_mixin.py:188} INFO - [2026-03-28T15:21:15.397+0500] {dag.py:3111} INFO - Creating ORM DAG for example_subdag_operator.section-2
[2026-03-28T15:21:15.402+0500] {logging_mixin.py:188} INFO - [2026-03-28T15:21:15.402+0500] {dag.py:3947} INFO - Setting next_dagrun for example_subdag_operator to 2022-01-01 00:00:00+00:00, run_after=2022-01-01 00:00:00+00:00
[2026-03-28T15:21:15.402+0500] {logging_mixin.py:188} INFO - [2026-03-28T15:21:15.402+0500] {dag.py:3947} INFO - Setting next_dagrun for example_subdag_operator.section-1 to None, run_after=None
[2026-03-28T15:21:15.403+0500] {logging_mixin.py:188} INFO - [2026-03-28T15:21:15.402+0500] {dag.py:3947} INFO - Setting next_dagrun for example_subdag_operator.section-2 to None, run_after=None
[2026-03-28T15:21:15.407+0500] {logging_mixin.py:188} INFO - [2026-03-28T15:21:15.407+0500] {dag.py:3089} INFO - Sync 2 DAGs
[2026-03-28T15:21:15.410+0500] {logging_mixin.py:188} INFO - [2026-03-28T15:21:15.409+0500] {dag.py:3947} INFO - Setting next_dagrun for example_subdag_operator.section-1 to None, run_after=None
[2026-03-28T15:21:15.411+0500] {logging_mixin.py:188} INFO - [2026-03-28T15:21:15.411+0500] {dag.py:3947} INFO - Setting next_dagrun for example_subdag_operator.section-2 to None, run_after=None
[2026-03-28T15:21:15.421+0500] {processor.py:183} INFO - Processing /home/abayturar/airflow-project/venv/lib/python3.12/site-packages/airflow/example_dags/example_subdag_operator.py took 0.163 seconds
[2026-03-28T15:22:09.851+0500] {processor.py:161} INFO - Started process (PID=11986) to work on /home/abayturar/airflow-project/venv/lib/python3.12/site-packages/airflow/example_dags/example_subdag_operator.py
[2026-03-28T15:22:09.852+0500] {processor.py:830} INFO - Processing file /home/abayturar/airflow-project/venv/lib/python3.12/site-packages/airflow/example_dags/example_subdag_operator.py for tasks to queue
[2026-03-28T15:22:09.853+0500] {logging_mixin.py:188} INFO - [2026-03-28T15:22:09.853+0500] {dagbag.py:545} INFO - Filling up the DagBag from /home/abayturar/airflow-project/venv/lib/python3.12/site-packages/airflow/example_dags/example_subdag_operator.py
[2026-03-28T15:22:09.873+0500] {processor.py:840} INFO - DAG(s) 'example_subdag_operator.section-1', 'example_subdag_operator.section-2', 'example_subdag_operator' retrieved from /home/abayturar/airflow-project/venv/lib/python3.12/site-packages/airflow/example_dags/example_subdag_operator.py
[2026-03-28T15:22:09.883+0500] {logging_mixin.py:188} INFO - [2026-03-28T15:22:09.883+0500] {dag.py:3089} INFO - Sync 3 DAGs
[2026-03-28T15:22:09.897+0500] {logging_mixin.py:188} INFO - [2026-03-28T15:22:09.896+0500] {dag.py:3947} INFO - Setting next_dagrun for example_subdag_operator to 2022-01-01 00:00:00+00:00, run_after=2022-01-01 00:00:00+00:00
[2026-03-28T15:22:09.899+0500] {logging_mixin.py:188} INFO - [2026-03-28T15:22:09.898+0500] {dag.py:3947} INFO - Setting next_dagrun for example_subdag_operator.section-1 to None, run_after=None
[2026-03-28T15:22:09.899+0500] {logging_mixin.py:188} INFO - [2026-03-28T15:22:09.899+0500] {dag.py:3947} INFO - Setting next_dagrun for example_subdag_operator.section-2 to None, run_after=None
[2026-03-28T15:22:09.904+0500] {logging_mixin.py:188} INFO - [2026-03-28T15:22:09.903+0500] {dag.py:3089} INFO - Sync 2 DAGs
[2026-03-28T15:22:09.906+0500] {logging_mixin.py:188} INFO - [2026-03-28T15:22:09.906+0500] {dag.py:3947} INFO - Setting next_dagrun for example_subdag_operator.section-1 to None, run_after=None
[2026-03-28T15:22:09.906+0500] {logging_mixin.py:188} INFO - [2026-03-28T15:22:09.906+0500] {dag.py:3947} INFO - Setting next_dagrun for example_subdag_operator.section-2 to None, run_after=None
[2026-03-28T15:22:09.916+0500] {processor.py:183} INFO - Processing /home/abayturar/airflow-project/venv/lib/python3.12/site-packages/airflow/example_dags/example_subdag_operator.py took 0.071 seconds
[2026-03-28T15:22:57.959+0500] {processor.py:161} INFO - Started process (PID=12131) to work on /home/abayturar/airflow-project/venv/lib/python3.12/site-packages/airflow/example_dags/example_subdag_operator.py
[2026-03-28T15:22:57.960+0500] {processor.py:830} INFO - Processing file /home/abayturar/airflow-project/venv/lib/python3.12/site-packages/airflow/example_dags/example_subdag_operator.py for tasks to queue
[2026-03-28T15:22:57.962+0500] {logging_mixin.py:188} INFO - [2026-03-28T15:22:57.962+0500] {dagbag.py:545} INFO - Filling up the DagBag from /home/abayturar/airflow-project/venv/lib/python3.12/site-packages/airflow/example_dags/example_subdag_operator.py
[2026-03-28T15:22:57.982+0500] {processor.py:840} INFO - DAG(s) 'example_subdag_operator.section-1', 'example_subdag_operator.section-2', 'example_subdag_operator' retrieved from /home/abayturar/airflow-project/venv/lib/python3.12/site-packages/airflow/example_dags/example_subdag_operator.py
[2026-03-28T15:22:57.992+0500] {logging_mixin.py:188} INFO - [2026-03-28T15:22:57.992+0500] {dag.py:3089} INFO - Sync 3 DAGs
[2026-03-28T15:22:58.005+0500] {logging_mixin.py:188} INFO - [2026-03-28T15:22:58.005+0500] {dag.py:3947} INFO - Setting next_dagrun for example_subdag_operator to 2022-01-01 00:00:00+00:00, run_after=2022-01-01 00:00:00+00:00
[2026-03-28T15:22:58.007+0500] {logging_mixin.py:188} INFO - [2026-03-28T15:22:58.007+0500] {dag.py:3947} INFO - Setting next_dagrun for example_subdag_operator.section-1 to None, run_after=None
[2026-03-28T15:22:58.008+0500] {logging_mixin.py:188} INFO - [2026-03-28T15:22:58.008+0500] {dag.py:3947} INFO - Setting next_dagrun for example_subdag_operator.section-2 to None, run_after=None
[2026-03-28T15:22:58.012+0500] {logging_mixin.py:188} INFO - [2026-03-28T15:22:58.012+0500] {dag.py:3089} INFO - Sync 2 DAGs
[2026-03-28T15:22:58.014+0500] {logging_mixin.py:188} INFO - [2026-03-28T15:22:58.014+0500] {dag.py:3947} INFO - Setting next_dagrun for example_subdag_operator.section-1 to None, run_after=None
[2026-03-28T15:22:58.014+0500] {logging_mixin.py:188} INFO - [2026-03-28T15:22:58.014+0500] {dag.py:3947} INFO - Setting next_dagrun for example_subdag_operator.section-2 to None, run_after=None
[2026-03-28T15:22:58.023+0500] {processor.py:183} INFO - Processing /home/abayturar/airflow-project/venv/lib/python3.12/site-packages/airflow/example_dags/example_subdag_operator.py took 0.070 seconds
[2026-03-28T15:23:45.328+0500] {processor.py:161} INFO - Started process (PID=12263) to work on /home/abayturar/airflow-project/venv/lib/python3.12/site-packages/airflow/example_dags/example_subdag_operator.py
[2026-03-28T15:23:45.329+0500] {processor.py:830} INFO - Processing file /home/abayturar/airflow-project/venv/lib/python3.12/site-packages/airflow/example_dags/example_subdag_operator.py for tasks to queue
[2026-03-28T15:23:45.330+0500] {logging_mixin.py:188} INFO - [2026-03-28T15:23:45.330+0500] {dagbag.py:545} INFO - Filling up the DagBag from /home/abayturar/airflow-project/venv/lib/python3.12/site-packages/airflow/example_dags/example_subdag_operator.py
[2026-03-28T15:23:45.350+0500] {processor.py:840} INFO - DAG(s) 'example_subdag_operator.section-1', 'example_subdag_operator.section-2', 'example_subdag_operator' retrieved from /home/abayturar/airflow-project/venv/lib/python3.12/site-packages/airflow/example_dags/example_subdag_operator.py
[2026-03-28T15:23:45.362+0500] {logging_mixin.py:188} INFO - [2026-03-28T15:23:45.362+0500] {dag.py:3089} INFO - Sync 3 DAGs
[2026-03-28T15:23:45.377+0500] {logging_mixin.py:188} INFO - [2026-03-28T15:23:45.377+0500] {dag.py:3947} INFO - Setting next_dagrun for example_subdag_operator to 2022-01-01 00:00:00+00:00, run_after=2022-01-01 00:00:00+00:00
[2026-03-28T15:23:45.379+0500] {logging_mixin.py:188} INFO - [2026-03-28T15:23:45.379+0500] {dag.py:3947} INFO - Setting next_dagrun for example_subdag_operator.section-1 to None, run_after=None
[2026-03-28T15:23:45.380+0500] {logging_mixin.py:188} INFO - [2026-03-28T15:23:45.380+0500] {dag.py:3947} INFO - Setting next_dagrun for example_subdag_operator.section-2 to None, run_after=None
[2026-03-28T15:23:45.385+0500] {logging_mixin.py:188} INFO - [2026-03-28T15:23:45.384+0500] {dag.py:3089} INFO - Sync 2 DAGs
[2026-03-28T15:23:45.387+0500] {logging_mixin.py:188} INFO - [2026-03-28T15:23:45.387+0500] {dag.py:3947} INFO - Setting next_dagrun for example_subdag_operator.section-1 to None, run_after=None
[2026-03-28T15:23:45.387+0500] {logging_mixin.py:188} INFO - [2026-03-28T15:23:45.387+0500] {dag.py:3947} INFO - Setting next_dagrun for example_subdag_operator.section-2 to None, run_after=None
[2026-03-28T15:23:45.396+0500] {processor.py:183} INFO - Processing /home/abayturar/airflow-project/venv/lib/python3.12/site-packages/airflow/example_dags/example_subdag_operator.py took 0.074 seconds
[2026-03-28T15:24:34.659+0500] {processor.py:161} INFO - Started process (PID=12404) to work on /home/abayturar/airflow-project/venv/lib/python3.12/site-packages/airflow/example_dags/example_subdag_operator.py
[2026-03-28T15:24:34.660+0500] {processor.py:830} INFO - Processing file /home/abayturar/airflow-project/venv/lib/python3.12/site-packages/airflow/example_dags/example_subdag_operator.py for tasks to queue
[2026-03-28T15:24:34.662+0500] {logging_mixin.py:188} INFO - [2026-03-28T15:24:34.661+0500] {dagbag.py:545} INFO - Filling up the DagBag from /home/abayturar/airflow-project/venv/lib/python3.12/site-packages/airflow/example_dags/example_subdag_operator.py
[2026-03-28T15:24:34.682+0500] {processor.py:840} INFO - DAG(s) 'example_subdag_operator.section-1', 'example_subdag_operator.section-2', 'example_subdag_operator' retrieved from /home/abayturar/airflow-project/venv/lib/python3.12/site-packages/airflow/example_dags/example_subdag_operator.py
[2026-03-28T15:24:34.695+0500] {logging_mixin.py:188} INFO - [2026-03-28T15:24:34.694+0500] {dag.py:3089} INFO - Sync 3 DAGs
[2026-03-28T15:24:34.709+0500] {logging_mixin.py:188} INFO - [2026-03-28T15:24:34.709+0500] {dag.py:3947} INFO - Setting next_dagrun for example_subdag_operator to 2022-01-01 00:00:00+00:00, run_after=2022-01-01 00:00:00+00:00
[2026-03-28T15:24:34.711+0500] {logging_mixin.py:188} INFO - [2026-03-28T15:24:34.711+0500] {dag.py:3947} INFO - Setting next_dagrun for example_subdag_operator.section-1 to None, run_after=None
[2026-03-28T15:24:34.711+0500] {logging_mixin.py:188} INFO - [2026-03-28T15:24:34.711+0500] {dag.py:3947} INFO - Setting next_dagrun for example_subdag_operator.section-2 to None, run_after=None
[2026-03-28T15:24:34.716+0500] {logging_mixin.py:188} INFO - [2026-03-28T15:24:34.716+0500] {dag.py:3089} INFO - Sync 2 DAGs
[2026-03-28T15:24:34.718+0500] {logging_mixin.py:188} INFO - [2026-03-28T15:24:34.718+0500] {dag.py:3947} INFO - Setting next_dagrun for example_subdag_operator.section-1 to None, run_after=None
[2026-03-28T15:24:34.719+0500] {logging_mixin.py:188} INFO - [2026-03-28T15:24:34.719+0500] {dag.py:3947} INFO - Setting next_dagrun for example_subdag_operator.section-2 to None, run_after=None
[2026-03-28T15:24:34.728+0500] {processor.py:183} INFO - Processing /home/abayturar/airflow-project/venv/lib/python3.12/site-packages/airflow/example_dags/example_subdag_operator.py took 0.075 seconds
[2026-03-28T15:25:54.709+0500] {processor.py:161} INFO - Started process (PID=12603) to work on /home/abayturar/airflow-project/venv/lib/python3.12/site-packages/airflow/example_dags/example_subdag_operator.py
[2026-03-28T15:25:54.710+0500] {processor.py:830} INFO - Processing file /home/abayturar/airflow-project/venv/lib/python3.12/site-packages/airflow/example_dags/example_subdag_operator.py for tasks to queue
[2026-03-28T15:25:54.713+0500] {logging_mixin.py:188} INFO - [2026-03-28T15:25:54.713+0500] {dagbag.py:545} INFO - Filling up the DagBag from /home/abayturar/airflow-project/venv/lib/python3.12/site-packages/airflow/example_dags/example_subdag_operator.py
[2026-03-28T15:25:54.740+0500] {processor.py:840} INFO - DAG(s) 'example_subdag_operator.section-1', 'example_subdag_operator.section-2', 'example_subdag_operator' retrieved from /home/abayturar/airflow-project/venv/lib/python3.12/site-packages/airflow/example_dags/example_subdag_operator.py
[2026-03-28T15:25:54.757+0500] {logging_mixin.py:188} INFO - [2026-03-28T15:25:54.757+0500] {dag.py:3089} INFO - Sync 3 DAGs
[2026-03-28T15:25:54.777+0500] {logging_mixin.py:188} INFO - [2026-03-28T15:25:54.777+0500] {dag.py:3947} INFO - Setting next_dagrun for example_subdag_operator to 2022-01-01 00:00:00+00:00, run_after=2022-01-01 00:00:00+00:00
[2026-03-28T15:25:54.779+0500] {logging_mixin.py:188} INFO - [2026-03-28T15:25:54.779+0500] {dag.py:3947} INFO - Setting next_dagrun for example_subdag_operator.section-1 to None, run_after=None
[2026-03-28T15:25:54.780+0500] {logging_mixin.py:188} INFO - [2026-03-28T15:25:54.780+0500] {dag.py:3947} INFO - Setting next_dagrun for example_subdag_operator.section-2 to None, run_after=None
[2026-03-28T15:25:54.788+0500] {logging_mixin.py:188} INFO - [2026-03-28T15:25:54.788+0500] {dag.py:3089} INFO - Sync 2 DAGs
[2026-03-28T15:25:54.792+0500] {logging_mixin.py:188} INFO - [2026-03-28T15:25:54.791+0500] {dag.py:3947} INFO - Setting next_dagrun for example_subdag_operator.section-1 to None, run_after=None
[2026-03-28T15:25:54.792+0500] {logging_mixin.py:188} INFO - [2026-03-28T15:25:54.792+0500] {dag.py:3947} INFO - Setting next_dagrun for example_subdag_operator.section-2 to None, run_after=None
[2026-03-28T15:25:54.803+0500] {processor.py:183} INFO - Processing /home/abayturar/airflow-project/venv/lib/python3.12/site-packages/airflow/example_dags/example_subdag_operator.py took 0.102 seconds
[2026-03-28T15:27:01.698+0500] {processor.py:161} INFO - Started process (PID=12784) to work on /home/abayturar/airflow-project/venv/lib/python3.12/site-packages/airflow/example_dags/example_subdag_operator.py
[2026-03-28T15:27:01.699+0500] {processor.py:830} INFO - Processing file /home/abayturar/airflow-project/venv/lib/python3.12/site-packages/airflow/example_dags/example_subdag_operator.py for tasks to queue
[2026-03-28T15:27:01.702+0500] {logging_mixin.py:188} INFO - [2026-03-28T15:27:01.701+0500] {dagbag.py:545} INFO - Filling up the DagBag from /home/abayturar/airflow-project/venv/lib/python3.12/site-packages/airflow/example_dags/example_subdag_operator.py
[2026-03-28T15:27:01.721+0500] {processor.py:840} INFO - DAG(s) 'example_subdag_operator.section-1', 'example_subdag_operator.section-2', 'example_subdag_operator' retrieved from /home/abayturar/airflow-project/venv/lib/python3.12/site-packages/airflow/example_dags/example_subdag_operator.py
[2026-03-28T15:27:01.724+0500] {logging_mixin.py:188} INFO - [2026-03-28T15:27:01.724+0500] {dag.py:3089} INFO - Sync 3 DAGs
[2026-03-28T15:27:01.738+0500] {logging_mixin.py:188} INFO - [2026-03-28T15:27:01.738+0500] {dag.py:3947} INFO - Setting next_dagrun for example_subdag_operator to 2022-01-01 00:00:00+00:00, run_after=2022-01-01 00:00:00+00:00
[2026-03-28T15:27:01.740+0500] {logging_mixin.py:188} INFO - [2026-03-28T15:27:01.740+0500] {dag.py:3947} INFO - Setting next_dagrun for example_subdag_operator.section-1 to None, run_after=None
[2026-03-28T15:27:01.741+0500] {logging_mixin.py:188} INFO - [2026-03-28T15:27:01.741+0500] {dag.py:3947} INFO - Setting next_dagrun for example_subdag_operator.section-2 to None, run_after=None
[2026-03-28T15:27:01.745+0500] {logging_mixin.py:188} INFO - [2026-03-28T15:27:01.745+0500] {dag.py:3089} INFO - Sync 2 DAGs
[2026-03-28T15:27:01.747+0500] {logging_mixin.py:188} INFO - [2026-03-28T15:27:01.747+0500] {dag.py:3947} INFO - Setting next_dagrun for example_subdag_operator.section-1 to None, run_after=None
[2026-03-28T15:27:01.747+0500] {logging_mixin.py:188} INFO - [2026-03-28T15:27:01.747+0500] {dag.py:3947} INFO - Setting next_dagrun for example_subdag_operator.section-2 to None, run_after=None
[2026-03-28T15:27:01.775+0500] {processor.py:183} INFO - Processing /home/abayturar/airflow-project/venv/lib/python3.12/site-packages/airflow/example_dags/example_subdag_operator.py took 0.082 seconds
[2026-03-28T18:17:35.226+0500] {processor.py:161} INFO - Started process (PID=17910) to work on /home/abayturar/airflow-project/venv/lib/python3.12/site-packages/airflow/example_dags/example_subdag_operator.py
[2026-03-28T18:17:35.227+0500] {processor.py:830} INFO - Processing file /home/abayturar/airflow-project/venv/lib/python3.12/site-packages/airflow/example_dags/example_subdag_operator.py for tasks to queue
[2026-03-28T18:17:35.229+0500] {logging_mixin.py:188} INFO - [2026-03-28T18:17:35.229+0500] {dagbag.py:545} INFO - Filling up the DagBag from /home/abayturar/airflow-project/venv/lib/python3.12/site-packages/airflow/example_dags/example_subdag_operator.py
[2026-03-28T18:17:35.249+0500] {processor.py:840} INFO - DAG(s) 'example_subdag_operator.section-1', 'example_subdag_operator.section-2', 'example_subdag_operator' retrieved from /home/abayturar/airflow-project/venv/lib/python3.12/site-packages/airflow/example_dags/example_subdag_operator.py
[2026-03-28T18:17:35.343+0500] {logging_mixin.py:188} INFO - [2026-03-28T18:17:35.342+0500] {override.py:1858} INFO - Created Permission View: can edit on DAG:example_subdag_operator
[2026-03-28T18:17:35.352+0500] {logging_mixin.py:188} INFO - [2026-03-28T18:17:35.352+0500] {override.py:1858} INFO - Created Permission View: can delete on DAG:example_subdag_operator
[2026-03-28T18:17:35.359+0500] {logging_mixin.py:188} INFO - [2026-03-28T18:17:35.358+0500] {override.py:1858} INFO - Created Permission View: can read on DAG:example_subdag_operator
[2026-03-28T18:17:35.359+0500] {logging_mixin.py:188} INFO - [2026-03-28T18:17:35.359+0500] {dag.py:3089} INFO - Sync 3 DAGs
[2026-03-28T18:17:35.367+0500] {logging_mixin.py:188} INFO - [2026-03-28T18:17:35.367+0500] {dag.py:3111} INFO - Creating ORM DAG for example_subdag_operator
[2026-03-28T18:17:35.367+0500] {logging_mixin.py:188} INFO - [2026-03-28T18:17:35.367+0500] {dag.py:3111} INFO - Creating ORM DAG for example_subdag_operator.section-1
[2026-03-28T18:17:35.368+0500] {logging_mixin.py:188} INFO - [2026-03-28T18:17:35.368+0500] {dag.py:3111} INFO - Creating ORM DAG for example_subdag_operator.section-2
[2026-03-28T18:17:35.374+0500] {logging_mixin.py:188} INFO - [2026-03-28T18:17:35.374+0500] {dag.py:3947} INFO - Setting next_dagrun for example_subdag_operator to 2022-01-01 00:00:00+00:00, run_after=2022-01-01 00:00:00+00:00
[2026-03-28T18:17:35.374+0500] {logging_mixin.py:188} INFO - [2026-03-28T18:17:35.374+0500] {dag.py:3947} INFO - Setting next_dagrun for example_subdag_operator.section-1 to None, run_after=None
[2026-03-28T18:17:35.374+0500] {logging_mixin.py:188} INFO - [2026-03-28T18:17:35.374+0500] {dag.py:3947} INFO - Setting next_dagrun for example_subdag_operator.section-2 to None, run_after=None
[2026-03-28T18:17:35.381+0500] {logging_mixin.py:188} INFO - [2026-03-28T18:17:35.381+0500] {dag.py:3089} INFO - Sync 2 DAGs
[2026-03-28T18:17:35.383+0500] {logging_mixin.py:188} INFO - [2026-03-28T18:17:35.383+0500] {dag.py:3947} INFO - Setting next_dagrun for example_subdag_operator.section-1 to None, run_after=None
[2026-03-28T18:17:35.385+0500] {logging_mixin.py:188} INFO - [2026-03-28T18:17:35.384+0500] {dag.py:3947} INFO - Setting next_dagrun for example_subdag_operator.section-2 to None, run_after=None
[2026-03-28T18:17:35.397+0500] {processor.py:183} INFO - Processing /home/abayturar/airflow-project/venv/lib/python3.12/site-packages/airflow/example_dags/example_subdag_operator.py took 0.177 seconds
[2026-03-28T18:18:29.854+0500] {processor.py:161} INFO - Started process (PID=18055) to work on /home/abayturar/airflow-project/venv/lib/python3.12/site-packages/airflow/example_dags/example_subdag_operator.py
[2026-03-28T18:18:29.855+0500] {processor.py:830} INFO - Processing file /home/abayturar/airflow-project/venv/lib/python3.12/site-packages/airflow/example_dags/example_subdag_operator.py for tasks to queue
[2026-03-28T18:18:29.856+0500] {logging_mixin.py:188} INFO - [2026-03-28T18:18:29.856+0500] {dagbag.py:545} INFO - Filling up the DagBag from /home/abayturar/airflow-project/venv/lib/python3.12/site-packages/airflow/example_dags/example_subdag_operator.py
[2026-03-28T18:18:29.878+0500] {processor.py:840} INFO - DAG(s) 'example_subdag_operator.section-1', 'example_subdag_operator.section-2', 'example_subdag_operator' retrieved from /home/abayturar/airflow-project/venv/lib/python3.12/site-packages/airflow/example_dags/example_subdag_operator.py
[2026-03-28T18:18:29.890+0500] {logging_mixin.py:188} INFO - [2026-03-28T18:18:29.890+0500] {dag.py:3089} INFO - Sync 3 DAGs
[2026-03-28T18:18:29.903+0500] {logging_mixin.py:188} INFO - [2026-03-28T18:18:29.903+0500] {dag.py:3947} INFO - Setting next_dagrun for example_subdag_operator to 2022-01-01 00:00:00+00:00, run_after=2022-01-01 00:00:00+00:00
[2026-03-28T18:18:29.905+0500] {logging_mixin.py:188} INFO - [2026-03-28T18:18:29.905+0500] {dag.py:3947} INFO - Setting next_dagrun for example_subdag_operator.section-1 to None, run_after=None
[2026-03-28T18:18:29.905+0500] {logging_mixin.py:188} INFO - [2026-03-28T18:18:29.905+0500] {dag.py:3947} INFO - Setting next_dagrun for example_subdag_operator.section-2 to None, run_after=None
[2026-03-28T18:18:29.910+0500] {logging_mixin.py:188} INFO - [2026-03-28T18:18:29.910+0500] {dag.py:3089} INFO - Sync 2 DAGs
[2026-03-28T18:18:29.912+0500] {logging_mixin.py:188} INFO - [2026-03-28T18:18:29.912+0500] {dag.py:3947} INFO - Setting next_dagrun for example_subdag_operator.section-1 to None, run_after=None
[2026-03-28T18:18:29.912+0500] {logging_mixin.py:188} INFO - [2026-03-28T18:18:29.912+0500] {dag.py:3947} INFO - Setting next_dagrun for example_subdag_operator.section-2 to None, run_after=None
[2026-03-28T18:18:29.933+0500] {processor.py:183} INFO - Processing /home/abayturar/airflow-project/venv/lib/python3.12/site-packages/airflow/example_dags/example_subdag_operator.py took 0.086 seconds
[2026-03-28T18:22:20.708+0500] {processor.py:161} INFO - Started process (PID=18578) to work on /home/abayturar/airflow-project/venv/lib/python3.12/site-packages/airflow/example_dags/example_subdag_operator.py
[2026-03-28T18:22:20.709+0500] {processor.py:830} INFO - Processing file /home/abayturar/airflow-project/venv/lib/python3.12/site-packages/airflow/example_dags/example_subdag_operator.py for tasks to queue
[2026-03-28T18:22:20.711+0500] {logging_mixin.py:188} INFO - [2026-03-28T18:22:20.711+0500] {dagbag.py:545} INFO - Filling up the DagBag from /home/abayturar/airflow-project/venv/lib/python3.12/site-packages/airflow/example_dags/example_subdag_operator.py
[2026-03-28T18:22:20.734+0500] {processor.py:840} INFO - DAG(s) 'example_subdag_operator.section-1', 'example_subdag_operator.section-2', 'example_subdag_operator' retrieved from /home/abayturar/airflow-project/venv/lib/python3.12/site-packages/airflow/example_dags/example_subdag_operator.py
[2026-03-28T18:22:20.749+0500] {logging_mixin.py:188} INFO - [2026-03-28T18:22:20.749+0500] {dag.py:3089} INFO - Sync 3 DAGs
[2026-03-28T18:22:20.763+0500] {logging_mixin.py:188} INFO - [2026-03-28T18:22:20.763+0500] {dag.py:3947} INFO - Setting next_dagrun for example_subdag_operator to 2022-01-01 00:00:00+00:00, run_after=2022-01-01 00:00:00+00:00
[2026-03-28T18:22:20.765+0500] {logging_mixin.py:188} INFO - [2026-03-28T18:22:20.765+0500] {dag.py:3947} INFO - Setting next_dagrun for example_subdag_operator.section-1 to None, run_after=None
[2026-03-28T18:22:20.766+0500] {logging_mixin.py:188} INFO - [2026-03-28T18:22:20.766+0500] {dag.py:3947} INFO - Setting next_dagrun for example_subdag_operator.section-2 to None, run_after=None
[2026-03-28T18:22:20.772+0500] {logging_mixin.py:188} INFO - [2026-03-28T18:22:20.772+0500] {dag.py:3089} INFO - Sync 2 DAGs
[2026-03-28T18:22:20.775+0500] {logging_mixin.py:188} INFO - [2026-03-28T18:22:20.775+0500] {dag.py:3947} INFO - Setting next_dagrun for example_subdag_operator.section-1 to None, run_after=None
[2026-03-28T18:22:20.775+0500] {logging_mixin.py:188} INFO - [2026-03-28T18:22:20.775+0500] {dag.py:3947} INFO - Setting next_dagrun for example_subdag_operator.section-2 to None, run_after=None
[2026-03-28T18:22:20.785+0500] {processor.py:183} INFO - Processing /home/abayturar/airflow-project/venv/lib/python3.12/site-packages/airflow/example_dags/example_subdag_operator.py took 0.084 seconds
[2026-03-28T18:23:15.012+0500] {processor.py:161} INFO - Started process (PID=18738) to work on /home/abayturar/airflow-project/venv/lib/python3.12/site-packages/airflow/example_dags/example_subdag_operator.py
[2026-03-28T18:23:15.013+0500] {processor.py:830} INFO - Processing file /home/abayturar/airflow-project/venv/lib/python3.12/site-packages/airflow/example_dags/example_subdag_operator.py for tasks to queue
[2026-03-28T18:23:15.015+0500] {logging_mixin.py:188} INFO - [2026-03-28T18:23:15.014+0500] {dagbag.py:545} INFO - Filling up the DagBag from /home/abayturar/airflow-project/venv/lib/python3.12/site-packages/airflow/example_dags/example_subdag_operator.py
[2026-03-28T18:23:15.041+0500] {processor.py:840} INFO - DAG(s) 'example_subdag_operator.section-1', 'example_subdag_operator.section-2', 'example_subdag_operator' retrieved from /home/abayturar/airflow-project/venv/lib/python3.12/site-packages/airflow/example_dags/example_subdag_operator.py
[2026-03-28T18:23:15.055+0500] {logging_mixin.py:188} INFO - [2026-03-28T18:23:15.055+0500] {dag.py:3089} INFO - Sync 3 DAGs
[2026-03-28T18:23:15.072+0500] {logging_mixin.py:188} INFO - [2026-03-28T18:23:15.072+0500] {dag.py:3947} INFO - Setting next_dagrun for example_subdag_operator to 2022-01-01 00:00:00+00:00, run_after=2022-01-01 00:00:00+00:00
[2026-03-28T18:23:15.075+0500] {logging_mixin.py:188} INFO - [2026-03-28T18:23:15.075+0500] {dag.py:3947} INFO - Setting next_dagrun for example_subdag_operator.section-1 to None, run_after=None
[2026-03-28T18:23:15.077+0500] {logging_mixin.py:188} INFO - [2026-03-28T18:23:15.077+0500] {dag.py:3947} INFO - Setting next_dagrun for example_subdag_operator.section-2 to None, run_after=None
[2026-03-28T18:23:15.083+0500] {logging_mixin.py:188} INFO - [2026-03-28T18:23:15.083+0500] {dag.py:3089} INFO - Sync 2 DAGs
[2026-03-28T18:23:15.086+0500] {logging_mixin.py:188} INFO - [2026-03-28T18:23:15.086+0500] {dag.py:3947} INFO - Setting next_dagrun for example_subdag_operator.section-1 to None, run_after=None
[2026-03-28T18:23:15.086+0500] {logging_mixin.py:188} INFO - [2026-03-28T18:23:15.086+0500] {dag.py:3947} INFO - Setting next_dagrun for example_subdag_operator.section-2 to None, run_after=None
[2026-03-28T18:23:15.098+0500] {processor.py:183} INFO - Processing /home/abayturar/airflow-project/venv/lib/python3.12/site-packages/airflow/example_dags/example_subdag_operator.py took 0.092 seconds
[2026-03-28T18:24:08.403+0500] {processor.py:161} INFO - Started process (PID=18880) to work on /home/abayturar/airflow-project/venv/lib/python3.12/site-packages/airflow/example_dags/example_subdag_operator.py
[2026-03-28T18:24:08.404+0500] {processor.py:830} INFO - Processing file /home/abayturar/airflow-project/venv/lib/python3.12/site-packages/airflow/example_dags/example_subdag_operator.py for tasks to queue
[2026-03-28T18:24:08.406+0500] {logging_mixin.py:188} INFO - [2026-03-28T18:24:08.406+0500] {dagbag.py:545} INFO - Filling up the DagBag from /home/abayturar/airflow-project/venv/lib/python3.12/site-packages/airflow/example_dags/example_subdag_operator.py
[2026-03-28T18:24:08.426+0500] {processor.py:840} INFO - DAG(s) 'example_subdag_operator.section-1', 'example_subdag_operator.section-2', 'example_subdag_operator' retrieved from /home/abayturar/airflow-project/venv/lib/python3.12/site-packages/airflow/example_dags/example_subdag_operator.py
[2026-03-28T18:24:08.438+0500] {logging_mixin.py:188} INFO - [2026-03-28T18:24:08.438+0500] {dag.py:3089} INFO - Sync 3 DAGs
[2026-03-28T18:24:08.453+0500] {logging_mixin.py:188} INFO - [2026-03-28T18:24:08.453+0500] {dag.py:3947} INFO - Setting next_dagrun for example_subdag_operator to 2022-01-01 00:00:00+00:00, run_after=2022-01-01 00:00:00+00:00
[2026-03-28T18:24:08.455+0500] {logging_mixin.py:188} INFO - [2026-03-28T18:24:08.455+0500] {dag.py:3947} INFO - Setting next_dagrun for example_subdag_operator.section-1 to None, run_after=None
[2026-03-28T18:24:08.457+0500] {logging_mixin.py:188} INFO - [2026-03-28T18:24:08.456+0500] {dag.py:3947} INFO - Setting next_dagrun for example_subdag_operator.section-2 to None, run_after=None
[2026-03-28T18:24:08.461+0500] {logging_mixin.py:188} INFO - [2026-03-28T18:24:08.461+0500] {dag.py:3089} INFO - Sync 2 DAGs
[2026-03-28T18:24:08.464+0500] {logging_mixin.py:188} INFO - [2026-03-28T18:24:08.464+0500] {dag.py:3947} INFO - Setting next_dagrun for example_subdag_operator.section-1 to None, run_after=None
[2026-03-28T18:24:08.464+0500] {logging_mixin.py:188} INFO - [2026-03-28T18:24:08.464+0500] {dag.py:3947} INFO - Setting next_dagrun for example_subdag_operator.section-2 to None, run_after=None
[2026-03-28T18:24:08.486+0500] {processor.py:183} INFO - Processing /home/abayturar/airflow-project/venv/lib/python3.12/site-packages/airflow/example_dags/example_subdag_operator.py took 0.088 seconds
[2026-03-28T18:24:56.115+0500] {processor.py:161} INFO - Started process (PID=19010) to work on /home/abayturar/airflow-project/venv/lib/python3.12/site-packages/airflow/example_dags/example_subdag_operator.py
[2026-03-28T18:24:56.116+0500] {processor.py:830} INFO - Processing file /home/abayturar/airflow-project/venv/lib/python3.12/site-packages/airflow/example_dags/example_subdag_operator.py for tasks to queue
[2026-03-28T18:24:56.118+0500] {logging_mixin.py:188} INFO - [2026-03-28T18:24:56.117+0500] {dagbag.py:545} INFO - Filling up the DagBag from /home/abayturar/airflow-project/venv/lib/python3.12/site-packages/airflow/example_dags/example_subdag_operator.py
[2026-03-28T18:24:56.138+0500] {processor.py:840} INFO - DAG(s) 'example_subdag_operator.section-1', 'example_subdag_operator.section-2', 'example_subdag_operator' retrieved from /home/abayturar/airflow-project/venv/lib/python3.12/site-packages/airflow/example_dags/example_subdag_operator.py
[2026-03-28T18:24:56.150+0500] {logging_mixin.py:188} INFO - [2026-03-28T18:24:56.149+0500] {dag.py:3089} INFO - Sync 3 DAGs
[2026-03-28T18:24:56.163+0500] {logging_mixin.py:188} INFO - [2026-03-28T18:24:56.163+0500] {dag.py:3947} INFO - Setting next_dagrun for example_subdag_operator to 2022-01-01 00:00:00+00:00, run_after=2022-01-01 00:00:00+00:00
[2026-03-28T18:24:56.165+0500] {logging_mixin.py:188} INFO - [2026-03-28T18:24:56.165+0500] {dag.py:3947} INFO - Setting next_dagrun for example_subdag_operator.section-1 to None, run_after=None
[2026-03-28T18:24:56.166+0500] {logging_mixin.py:188} INFO - [2026-03-28T18:24:56.165+0500] {dag.py:3947} INFO - Setting next_dagrun for example_subdag_operator.section-2 to None, run_after=None
[2026-03-28T18:24:56.170+0500] {logging_mixin.py:188} INFO - [2026-03-28T18:24:56.170+0500] {dag.py:3089} INFO - Sync 2 DAGs
[2026-03-28T18:24:56.172+0500] {logging_mixin.py:188} INFO - [2026-03-28T18:24:56.172+0500] {dag.py:3947} INFO - Setting next_dagrun for example_subdag_operator.section-1 to None, run_after=None
[2026-03-28T18:24:56.173+0500] {logging_mixin.py:188} INFO - [2026-03-28T18:24:56.173+0500] {dag.py:3947} INFO - Setting next_dagrun for example_subdag_operator.section-2 to None, run_after=None
[2026-03-28T18:24:56.182+0500] {processor.py:183} INFO - Processing /home/abayturar/airflow-project/venv/lib/python3.12/site-packages/airflow/example_dags/example_subdag_operator.py took 0.072 seconds
[2026-03-28T18:25:42.410+0500] {processor.py:161} INFO - Started process (PID=19133) to work on /home/abayturar/airflow-project/venv/lib/python3.12/site-packages/airflow/example_dags/example_subdag_operator.py
[2026-03-28T18:25:42.411+0500] {processor.py:830} INFO - Processing file /home/abayturar/airflow-project/venv/lib/python3.12/site-packages/airflow/example_dags/example_subdag_operator.py for tasks to queue
[2026-03-28T18:25:42.412+0500] {logging_mixin.py:188} INFO - [2026-03-28T18:25:42.412+0500] {dagbag.py:545} INFO - Filling up the DagBag from /home/abayturar/airflow-project/venv/lib/python3.12/site-packages/airflow/example_dags/example_subdag_operator.py
[2026-03-28T18:25:42.432+0500] {processor.py:840} INFO - DAG(s) 'example_subdag_operator.section-1', 'example_subdag_operator.section-2', 'example_subdag_operator' retrieved from /home/abayturar/airflow-project/venv/lib/python3.12/site-packages/airflow/example_dags/example_subdag_operator.py
[2026-03-28T18:25:42.443+0500] {logging_mixin.py:188} INFO - [2026-03-28T18:25:42.443+0500] {dag.py:3089} INFO - Sync 3 DAGs
[2026-03-28T18:25:42.456+0500] {logging_mixin.py:188} INFO - [2026-03-28T18:25:42.455+0500] {dag.py:3947} INFO - Setting next_dagrun for example_subdag_operator to 2022-01-01 00:00:00+00:00, run_after=2022-01-01 00:00:00+00:00
[2026-03-28T18:25:42.458+0500] {logging_mixin.py:188} INFO - [2026-03-28T18:25:42.458+0500] {dag.py:3947} INFO - Setting next_dagrun for example_subdag_operator.section-1 to None, run_after=None
[2026-03-28T18:25:42.459+0500] {logging_mixin.py:188} INFO - [2026-03-28T18:25:42.459+0500] {dag.py:3947} INFO - Setting next_dagrun for example_subdag_operator.section-2 to None, run_after=None
[2026-03-28T18:25:42.463+0500] {logging_mixin.py:188} INFO - [2026-03-28T18:25:42.463+0500] {dag.py:3089} INFO - Sync 2 DAGs
[2026-03-28T18:25:42.465+0500] {logging_mixin.py:188} INFO - [2026-03-28T18:25:42.465+0500] {dag.py:3947} INFO - Setting next_dagrun for example_subdag_operator.section-1 to None, run_after=None
[2026-03-28T18:25:42.466+0500] {logging_mixin.py:188} INFO - [2026-03-28T18:25:42.466+0500] {dag.py:3947} INFO - Setting next_dagrun for example_subdag_operator.section-2 to None, run_after=None
[2026-03-28T18:25:42.487+0500] {processor.py:183} INFO - Processing /home/abayturar/airflow-project/venv/lib/python3.12/site-packages/airflow/example_dags/example_subdag_operator.py took 0.083 seconds
[2026-03-28T18:26:30.793+0500] {processor.py:161} INFO - Started process (PID=19263) to work on /home/abayturar/airflow-project/venv/lib/python3.12/site-packages/airflow/example_dags/example_subdag_operator.py
[2026-03-28T18:26:30.794+0500] {processor.py:830} INFO - Processing file /home/abayturar/airflow-project/venv/lib/python3.12/site-packages/airflow/example_dags/example_subdag_operator.py for tasks to queue
[2026-03-28T18:26:30.795+0500] {logging_mixin.py:188} INFO - [2026-03-28T18:26:30.795+0500] {dagbag.py:545} INFO - Filling up the DagBag from /home/abayturar/airflow-project/venv/lib/python3.12/site-packages/airflow/example_dags/example_subdag_operator.py
[2026-03-28T18:26:30.815+0500] {processor.py:840} INFO - DAG(s) 'example_subdag_operator.section-1', 'example_subdag_operator.section-2', 'example_subdag_operator' retrieved from /home/abayturar/airflow-project/venv/lib/python3.12/site-packages/airflow/example_dags/example_subdag_operator.py
[2026-03-28T18:26:30.826+0500] {logging_mixin.py:188} INFO - [2026-03-28T18:26:30.826+0500] {dag.py:3089} INFO - Sync 3 DAGs
[2026-03-28T18:26:30.839+0500] {logging_mixin.py:188} INFO - [2026-03-28T18:26:30.839+0500] {dag.py:3947} INFO - Setting next_dagrun for example_subdag_operator to 2022-01-01 00:00:00+00:00, run_after=2022-01-01 00:00:00+00:00
[2026-03-28T18:26:30.841+0500] {logging_mixin.py:188} INFO - [2026-03-28T18:26:30.841+0500] {dag.py:3947} INFO - Setting next_dagrun for example_subdag_operator.section-1 to None, run_after=None
[2026-03-28T18:26:30.842+0500] {logging_mixin.py:188} INFO - [2026-03-28T18:26:30.842+0500] {dag.py:3947} INFO - Setting next_dagrun for example_subdag_operator.section-2 to None, run_after=None
[2026-03-28T18:26:30.847+0500] {logging_mixin.py:188} INFO - [2026-03-28T18:26:30.847+0500] {dag.py:3089} INFO - Sync 2 DAGs
[2026-03-28T18:26:30.849+0500] {logging_mixin.py:188} INFO - [2026-03-28T18:26:30.849+0500] {dag.py:3947} INFO - Setting next_dagrun for example_subdag_operator.section-1 to None, run_after=None
[2026-03-28T18:26:30.849+0500] {logging_mixin.py:188} INFO - [2026-03-28T18:26:30.849+0500] {dag.py:3947} INFO - Setting next_dagrun for example_subdag_operator.section-2 to None, run_after=None
[2026-03-28T18:26:30.859+0500] {processor.py:183} INFO - Processing /home/abayturar/airflow-project/venv/lib/python3.12/site-packages/airflow/example_dags/example_subdag_operator.py took 0.073 seconds
[2026-03-28T18:27:19.233+0500] {processor.py:161} INFO - Started process (PID=19391) to work on /home/abayturar/airflow-project/venv/lib/python3.12/site-packages/airflow/example_dags/example_subdag_operator.py
[2026-03-28T18:27:19.235+0500] {processor.py:830} INFO - Processing file /home/abayturar/airflow-project/venv/lib/python3.12/site-packages/airflow/example_dags/example_subdag_operator.py for tasks to queue
[2026-03-28T18:27:19.238+0500] {logging_mixin.py:188} INFO - [2026-03-28T18:27:19.237+0500] {dagbag.py:545} INFO - Filling up the DagBag from /home/abayturar/airflow-project/venv/lib/python3.12/site-packages/airflow/example_dags/example_subdag_operator.py
[2026-03-28T18:27:19.265+0500] {processor.py:840} INFO - DAG(s) 'example_subdag_operator.section-1', 'example_subdag_operator.section-2', 'example_subdag_operator' retrieved from /home/abayturar/airflow-project/venv/lib/python3.12/site-packages/airflow/example_dags/example_subdag_operator.py
[2026-03-28T18:27:19.281+0500] {logging_mixin.py:188} INFO - [2026-03-28T18:27:19.281+0500] {dag.py:3089} INFO - Sync 3 DAGs
[2026-03-28T18:27:19.295+0500] {logging_mixin.py:188} INFO - [2026-03-28T18:27:19.295+0500] {dag.py:3947} INFO - Setting next_dagrun for example_subdag_operator to 2022-01-01 00:00:00+00:00, run_after=2022-01-01 00:00:00+00:00
[2026-03-28T18:27:19.297+0500] {logging_mixin.py:188} INFO - [2026-03-28T18:27:19.297+0500] {dag.py:3947} INFO - Setting next_dagrun for example_subdag_operator.section-1 to None, run_after=None
[2026-03-28T18:27:19.298+0500] {logging_mixin.py:188} INFO - [2026-03-28T18:27:19.298+0500] {dag.py:3947} INFO - Setting next_dagrun for example_subdag_operator.section-2 to None, run_after=None
[2026-03-28T18:27:19.303+0500] {logging_mixin.py:188} INFO - [2026-03-28T18:27:19.302+0500] {dag.py:3089} INFO - Sync 2 DAGs
[2026-03-28T18:27:19.305+0500] {logging_mixin.py:188} INFO - [2026-03-28T18:27:19.305+0500] {dag.py:3947} INFO - Setting next_dagrun for example_subdag_operator.section-1 to None, run_after=None
[2026-03-28T18:27:19.305+0500] {logging_mixin.py:188} INFO - [2026-03-28T18:27:19.305+0500] {dag.py:3947} INFO - Setting next_dagrun for example_subdag_operator.section-2 to None, run_after=None
[2026-03-28T18:27:19.327+0500] {processor.py:183} INFO - Processing /home/abayturar/airflow-project/venv/lib/python3.12/site-packages/airflow/example_dags/example_subdag_operator.py took 0.102 seconds
[2026-03-28T18:28:13.779+0500] {processor.py:161} INFO - Started process (PID=19550) to work on /home/abayturar/airflow-project/venv/lib/python3.12/site-packages/airflow/example_dags/example_subdag_operator.py
[2026-03-28T18:28:13.780+0500] {processor.py:830} INFO - Processing file /home/abayturar/airflow-project/venv/lib/python3.12/site-packages/airflow/example_dags/example_subdag_operator.py for tasks to queue
[2026-03-28T18:28:13.782+0500] {logging_mixin.py:188} INFO - [2026-03-28T18:28:13.782+0500] {dagbag.py:545} INFO - Filling up the DagBag from /home/abayturar/airflow-project/venv/lib/python3.12/site-packages/airflow/example_dags/example_subdag_operator.py
[2026-03-28T18:28:13.805+0500] {processor.py:840} INFO - DAG(s) 'example_subdag_operator.section-1', 'example_subdag_operator.section-2', 'example_subdag_operator' retrieved from /home/abayturar/airflow-project/venv/lib/python3.12/site-packages/airflow/example_dags/example_subdag_operator.py
[2026-03-28T18:28:13.818+0500] {logging_mixin.py:188} INFO - [2026-03-28T18:28:13.818+0500] {dag.py:3089} INFO - Sync 3 DAGs
[2026-03-28T18:28:13.836+0500] {logging_mixin.py:188} INFO - [2026-03-28T18:28:13.836+0500] {dag.py:3947} INFO - Setting next_dagrun for example_subdag_operator to 2022-01-01 00:00:00+00:00, run_after=2022-01-01 00:00:00+00:00
[2026-03-28T18:28:13.839+0500] {logging_mixin.py:188} INFO - [2026-03-28T18:28:13.839+0500] {dag.py:3947} INFO - Setting next_dagrun for example_subdag_operator.section-1 to None, run_after=None
[2026-03-28T18:28:13.839+0500] {logging_mixin.py:188} INFO - [2026-03-28T18:28:13.839+0500] {dag.py:3947} INFO - Setting next_dagrun for example_subdag_operator.section-2 to None, run_after=None
[2026-03-28T18:28:13.846+0500] {logging_mixin.py:188} INFO - [2026-03-28T18:28:13.845+0500] {dag.py:3089} INFO - Sync 2 DAGs
[2026-03-28T18:28:13.848+0500] {logging_mixin.py:188} INFO - [2026-03-28T18:28:13.848+0500] {dag.py:3947} INFO - Setting next_dagrun for example_subdag_operator.section-1 to None, run_after=None
[2026-03-28T18:28:13.848+0500] {logging_mixin.py:188} INFO - [2026-03-28T18:28:13.848+0500] {dag.py:3947} INFO - Setting next_dagrun for example_subdag_operator.section-2 to None, run_after=None
[2026-03-28T18:28:13.862+0500] {processor.py:183} INFO - Processing /home/abayturar/airflow-project/venv/lib/python3.12/site-packages/airflow/example_dags/example_subdag_operator.py took 0.089 seconds
[2026-03-28T18:29:06.221+0500] {processor.py:161} INFO - Started process (PID=19685) to work on /home/abayturar/airflow-project/venv/lib/python3.12/site-packages/airflow/example_dags/example_subdag_operator.py
[2026-03-28T18:29:06.222+0500] {processor.py:830} INFO - Processing file /home/abayturar/airflow-project/venv/lib/python3.12/site-packages/airflow/example_dags/example_subdag_operator.py for tasks to queue
[2026-03-28T18:29:06.224+0500] {logging_mixin.py:188} INFO - [2026-03-28T18:29:06.223+0500] {dagbag.py:545} INFO - Filling up the DagBag from /home/abayturar/airflow-project/venv/lib/python3.12/site-packages/airflow/example_dags/example_subdag_operator.py
[2026-03-28T18:29:06.246+0500] {processor.py:840} INFO - DAG(s) 'example_subdag_operator.section-1', 'example_subdag_operator.section-2', 'example_subdag_operator' retrieved from /home/abayturar/airflow-project/venv/lib/python3.12/site-packages/airflow/example_dags/example_subdag_operator.py
[2026-03-28T18:29:06.258+0500] {logging_mixin.py:188} INFO - [2026-03-28T18:29:06.258+0500] {dag.py:3089} INFO - Sync 3 DAGs
[2026-03-28T18:29:06.273+0500] {logging_mixin.py:188} INFO - [2026-03-28T18:29:06.273+0500] {dag.py:3947} INFO - Setting next_dagrun for example_subdag_operator to 2022-01-01 00:00:00+00:00, run_after=2022-01-01 00:00:00+00:00
[2026-03-28T18:29:06.275+0500] {logging_mixin.py:188} INFO - [2026-03-28T18:29:06.275+0500] {dag.py:3947} INFO - Setting next_dagrun for example_subdag_operator.section-1 to None, run_after=None
[2026-03-28T18:29:06.276+0500] {logging_mixin.py:188} INFO - [2026-03-28T18:29:06.276+0500] {dag.py:3947} INFO - Setting next_dagrun for example_subdag_operator.section-2 to None, run_after=None
[2026-03-28T18:29:06.281+0500] {logging_mixin.py:188} INFO - [2026-03-28T18:29:06.280+0500] {dag.py:3089} INFO - Sync 2 DAGs
[2026-03-28T18:29:06.283+0500] {logging_mixin.py:188} INFO - [2026-03-28T18:29:06.283+0500] {dag.py:3947} INFO - Setting next_dagrun for example_subdag_operator.section-1 to None, run_after=None
[2026-03-28T18:29:06.283+0500] {logging_mixin.py:188} INFO - [2026-03-28T18:29:06.283+0500] {dag.py:3947} INFO - Setting next_dagrun for example_subdag_operator.section-2 to None, run_after=None
[2026-03-28T18:29:06.296+0500] {processor.py:183} INFO - Processing /home/abayturar/airflow-project/venv/lib/python3.12/site-packages/airflow/example_dags/example_subdag_operator.py took 0.082 seconds
[2026-03-28T18:29:56.274+0500] {processor.py:161} INFO - Started process (PID=19817) to work on /home/abayturar/airflow-project/venv/lib/python3.12/site-packages/airflow/example_dags/example_subdag_operator.py
[2026-03-28T18:29:56.275+0500] {processor.py:830} INFO - Processing file /home/abayturar/airflow-project/venv/lib/python3.12/site-packages/airflow/example_dags/example_subdag_operator.py for tasks to queue
[2026-03-28T18:29:56.277+0500] {logging_mixin.py:188} INFO - [2026-03-28T18:29:56.277+0500] {dagbag.py:545} INFO - Filling up the DagBag from /home/abayturar/airflow-project/venv/lib/python3.12/site-packages/airflow/example_dags/example_subdag_operator.py
[2026-03-28T18:29:56.306+0500] {processor.py:840} INFO - DAG(s) 'example_subdag_operator.section-1', 'example_subdag_operator.section-2', 'example_subdag_operator' retrieved from /home/abayturar/airflow-project/venv/lib/python3.12/site-packages/airflow/example_dags/example_subdag_operator.py
[2026-03-28T18:29:56.317+0500] {logging_mixin.py:188} INFO - [2026-03-28T18:29:56.317+0500] {dag.py:3089} INFO - Sync 3 DAGs
[2026-03-28T18:29:56.331+0500] {logging_mixin.py:188} INFO - [2026-03-28T18:29:56.330+0500] {dag.py:3947} INFO - Setting next_dagrun for example_subdag_operator to 2022-01-01 00:00:00+00:00, run_after=2022-01-01 00:00:00+00:00
[2026-03-28T18:29:56.333+0500] {logging_mixin.py:188} INFO - [2026-03-28T18:29:56.333+0500] {dag.py:3947} INFO - Setting next_dagrun for example_subdag_operator.section-1 to None, run_after=None
[2026-03-28T18:29:56.333+0500] {logging_mixin.py:188} INFO - [2026-03-28T18:29:56.333+0500] {dag.py:3947} INFO - Setting next_dagrun for example_subdag_operator.section-2 to None, run_after=None
[2026-03-28T18:29:56.338+0500] {logging_mixin.py:188} INFO - [2026-03-28T18:29:56.338+0500] {dag.py:3089} INFO - Sync 2 DAGs
[2026-03-28T18:29:56.340+0500] {logging_mixin.py:188} INFO - [2026-03-28T18:29:56.340+0500] {dag.py:3947} INFO - Setting next_dagrun for example_subdag_operator.section-1 to None, run_after=None
[2026-03-28T18:29:56.340+0500] {logging_mixin.py:188} INFO - [2026-03-28T18:29:56.340+0500] {dag.py:3947} INFO - Setting next_dagrun for example_subdag_operator.section-2 to None, run_after=None
[2026-03-28T18:29:56.362+0500] {processor.py:183} INFO - Processing /home/abayturar/airflow-project/venv/lib/python3.12/site-packages/airflow/example_dags/example_subdag_operator.py took 0.098 seconds
[2026-03-28T18:30:43.325+0500] {processor.py:161} INFO - Started process (PID=19943) to work on /home/abayturar/airflow-project/venv/lib/python3.12/site-packages/airflow/example_dags/example_subdag_operator.py
[2026-03-28T18:30:43.325+0500] {processor.py:830} INFO - Processing file /home/abayturar/airflow-project/venv/lib/python3.12/site-packages/airflow/example_dags/example_subdag_operator.py for tasks to queue
[2026-03-28T18:30:43.327+0500] {logging_mixin.py:188} INFO - [2026-03-28T18:30:43.327+0500] {dagbag.py:545} INFO - Filling up the DagBag from /home/abayturar/airflow-project/venv/lib/python3.12/site-packages/airflow/example_dags/example_subdag_operator.py
[2026-03-28T18:30:43.347+0500] {processor.py:840} INFO - DAG(s) 'example_subdag_operator.section-1', 'example_subdag_operator.section-2', 'example_subdag_operator' retrieved from /home/abayturar/airflow-project/venv/lib/python3.12/site-packages/airflow/example_dags/example_subdag_operator.py
[2026-03-28T18:30:43.358+0500] {logging_mixin.py:188} INFO - [2026-03-28T18:30:43.358+0500] {dag.py:3089} INFO - Sync 3 DAGs
[2026-03-28T18:30:43.371+0500] {logging_mixin.py:188} INFO - [2026-03-28T18:30:43.371+0500] {dag.py:3947} INFO - Setting next_dagrun for example_subdag_operator to 2022-01-01 00:00:00+00:00, run_after=2022-01-01 00:00:00+00:00
[2026-03-28T18:30:43.373+0500] {logging_mixin.py:188} INFO - [2026-03-28T18:30:43.373+0500] {dag.py:3947} INFO - Setting next_dagrun for example_subdag_operator.section-1 to None, run_after=None
[2026-03-28T18:30:43.374+0500] {logging_mixin.py:188} INFO - [2026-03-28T18:30:43.374+0500] {dag.py:3947} INFO - Setting next_dagrun for example_subdag_operator.section-2 to None, run_after=None
[2026-03-28T18:30:43.378+0500] {logging_mixin.py:188} INFO - [2026-03-28T18:30:43.378+0500] {dag.py:3089} INFO - Sync 2 DAGs
[2026-03-28T18:30:43.381+0500] {logging_mixin.py:188} INFO - [2026-03-28T18:30:43.381+0500] {dag.py:3947} INFO - Setting next_dagrun for example_subdag_operator.section-1 to None, run_after=None
[2026-03-28T18:30:43.381+0500] {logging_mixin.py:188} INFO - [2026-03-28T18:30:43.381+0500] {dag.py:3947} INFO - Setting next_dagrun for example_subdag_operator.section-2 to None, run_after=None
[2026-03-28T18:30:43.403+0500] {processor.py:183} INFO - Processing /home/abayturar/airflow-project/venv/lib/python3.12/site-packages/airflow/example_dags/example_subdag_operator.py took 0.084 seconds
[2026-03-28T18:31:28.357+0500] {processor.py:161} INFO - Started process (PID=20074) to work on /home/abayturar/airflow-project/venv/lib/python3.12/site-packages/airflow/example_dags/example_subdag_operator.py
[2026-03-28T18:31:28.358+0500] {processor.py:830} INFO - Processing file /home/abayturar/airflow-project/venv/lib/python3.12/site-packages/airflow/example_dags/example_subdag_operator.py for tasks to queue
[2026-03-28T18:31:28.360+0500] {logging_mixin.py:188} INFO - [2026-03-28T18:31:28.359+0500] {dagbag.py:545} INFO - Filling up the DagBag from /home/abayturar/airflow-project/venv/lib/python3.12/site-packages/airflow/example_dags/example_subdag_operator.py
[2026-03-28T18:31:28.380+0500] {processor.py:840} INFO - DAG(s) 'example_subdag_operator.section-1', 'example_subdag_operator.section-2', 'example_subdag_operator' retrieved from /home/abayturar/airflow-project/venv/lib/python3.12/site-packages/airflow/example_dags/example_subdag_operator.py
[2026-03-28T18:31:28.393+0500] {logging_mixin.py:188} INFO - [2026-03-28T18:31:28.392+0500] {dag.py:3089} INFO - Sync 3 DAGs
[2026-03-28T18:31:28.407+0500] {logging_mixin.py:188} INFO - [2026-03-28T18:31:28.406+0500] {dag.py:3947} INFO - Setting next_dagrun for example_subdag_operator to 2022-01-01 00:00:00+00:00, run_after=2022-01-01 00:00:00+00:00
[2026-03-28T18:31:28.409+0500] {logging_mixin.py:188} INFO - [2026-03-28T18:31:28.409+0500] {dag.py:3947} INFO - Setting next_dagrun for example_subdag_operator.section-1 to None, run_after=None
[2026-03-28T18:31:28.410+0500] {logging_mixin.py:188} INFO - [2026-03-28T18:31:28.410+0500] {dag.py:3947} INFO - Setting next_dagrun for example_subdag_operator.section-2 to None, run_after=None
[2026-03-28T18:31:28.414+0500] {logging_mixin.py:188} INFO - [2026-03-28T18:31:28.414+0500] {dag.py:3089} INFO - Sync 2 DAGs
[2026-03-28T18:31:28.417+0500] {logging_mixin.py:188} INFO - [2026-03-28T18:31:28.417+0500] {dag.py:3947} INFO - Setting next_dagrun for example_subdag_operator.section-1 to None, run_after=None
[2026-03-28T18:31:28.417+0500] {logging_mixin.py:188} INFO - [2026-03-28T18:31:28.417+0500] {dag.py:3947} INFO - Setting next_dagrun for example_subdag_operator.section-2 to None, run_after=None
[2026-03-28T18:31:28.443+0500] {processor.py:183} INFO - Processing /home/abayturar/airflow-project/venv/lib/python3.12/site-packages/airflow/example_dags/example_subdag_operator.py took 0.093 seconds
[2026-03-28T18:32:12.946+0500] {processor.py:161} INFO - Started process (PID=20196) to work on /home/abayturar/airflow-project/venv/lib/python3.12/site-packages/airflow/example_dags/example_subdag_operator.py
[2026-03-28T18:32:12.947+0500] {processor.py:830} INFO - Processing file /home/abayturar/airflow-project/venv/lib/python3.12/site-packages/airflow/example_dags/example_subdag_operator.py for tasks to queue
[2026-03-28T18:32:12.949+0500] {logging_mixin.py:188} INFO - [2026-03-28T18:32:12.948+0500] {dagbag.py:545} INFO - Filling up the DagBag from /home/abayturar/airflow-project/venv/lib/python3.12/site-packages/airflow/example_dags/example_subdag_operator.py
[2026-03-28T18:32:12.968+0500] {processor.py:840} INFO - DAG(s) 'example_subdag_operator.section-1', 'example_subdag_operator.section-2', 'example_subdag_operator' retrieved from /home/abayturar/airflow-project/venv/lib/python3.12/site-packages/airflow/example_dags/example_subdag_operator.py
[2026-03-28T18:32:12.980+0500] {logging_mixin.py:188} INFO - [2026-03-28T18:32:12.980+0500] {dag.py:3089} INFO - Sync 3 DAGs
[2026-03-28T18:32:12.994+0500] {logging_mixin.py:188} INFO - [2026-03-28T18:32:12.994+0500] {dag.py:3947} INFO - Setting next_dagrun for example_subdag_operator to 2022-01-01 00:00:00+00:00, run_after=2022-01-01 00:00:00+00:00
[2026-03-28T18:32:12.996+0500] {logging_mixin.py:188} INFO - [2026-03-28T18:32:12.996+0500] {dag.py:3947} INFO - Setting next_dagrun for example_subdag_operator.section-1 to None, run_after=None
[2026-03-28T18:32:12.997+0500] {logging_mixin.py:188} INFO - [2026-03-28T18:32:12.997+0500] {dag.py:3947} INFO - Setting next_dagrun for example_subdag_operator.section-2 to None, run_after=None
[2026-03-28T18:32:13.002+0500] {logging_mixin.py:188} INFO - [2026-03-28T18:32:13.002+0500] {dag.py:3089} INFO - Sync 2 DAGs
[2026-03-28T18:32:13.005+0500] {logging_mixin.py:188} INFO - [2026-03-28T18:32:13.004+0500] {dag.py:3947} INFO - Setting next_dagrun for example_subdag_operator.section-1 to None, run_after=None
[2026-03-28T18:32:13.005+0500] {logging_mixin.py:188} INFO - [2026-03-28T18:32:13.005+0500] {dag.py:3947} INFO - Setting next_dagrun for example_subdag_operator.section-2 to None, run_after=None
[2026-03-28T18:32:13.014+0500] {processor.py:183} INFO - Processing /home/abayturar/airflow-project/venv/lib/python3.12/site-packages/airflow/example_dags/example_subdag_operator.py took 0.074 seconds
[2026-03-28T18:33:01.470+0500] {processor.py:161} INFO - Started process (PID=20322) to work on /home/abayturar/airflow-project/venv/lib/python3.12/site-packages/airflow/example_dags/example_subdag_operator.py
[2026-03-28T18:33:01.471+0500] {processor.py:830} INFO - Processing file /home/abayturar/airflow-project/venv/lib/python3.12/site-packages/airflow/example_dags/example_subdag_operator.py for tasks to queue
[2026-03-28T18:33:01.472+0500] {logging_mixin.py:188} INFO - [2026-03-28T18:33:01.472+0500] {dagbag.py:545} INFO - Filling up the DagBag from /home/abayturar/airflow-project/venv/lib/python3.12/site-packages/airflow/example_dags/example_subdag_operator.py
[2026-03-28T18:33:01.494+0500] {processor.py:840} INFO - DAG(s) 'example_subdag_operator.section-1', 'example_subdag_operator.section-2', 'example_subdag_operator' retrieved from /home/abayturar/airflow-project/venv/lib/python3.12/site-packages/airflow/example_dags/example_subdag_operator.py
[2026-03-28T18:33:01.505+0500] {logging_mixin.py:188} INFO - [2026-03-28T18:33:01.505+0500] {dag.py:3089} INFO - Sync 3 DAGs
[2026-03-28T18:33:01.519+0500] {logging_mixin.py:188} INFO - [2026-03-28T18:33:01.519+0500] {dag.py:3947} INFO - Setting next_dagrun for example_subdag_operator to 2022-01-01 00:00:00+00:00, run_after=2022-01-01 00:00:00+00:00
[2026-03-28T18:33:01.522+0500] {logging_mixin.py:188} INFO - [2026-03-28T18:33:01.522+0500] {dag.py:3947} INFO - Setting next_dagrun for example_subdag_operator.section-1 to None, run_after=None
[2026-03-28T18:33:01.523+0500] {logging_mixin.py:188} INFO - [2026-03-28T18:33:01.523+0500] {dag.py:3947} INFO - Setting next_dagrun for example_subdag_operator.section-2 to None, run_after=None
[2026-03-28T18:33:01.528+0500] {logging_mixin.py:188} INFO - [2026-03-28T18:33:01.528+0500] {dag.py:3089} INFO - Sync 2 DAGs
[2026-03-28T18:33:01.531+0500] {logging_mixin.py:188} INFO - [2026-03-28T18:33:01.531+0500] {dag.py:3947} INFO - Setting next_dagrun for example_subdag_operator.section-1 to None, run_after=None
[2026-03-28T18:33:01.531+0500] {logging_mixin.py:188} INFO - [2026-03-28T18:33:01.531+0500] {dag.py:3947} INFO - Setting next_dagrun for example_subdag_operator.section-2 to None, run_after=None
[2026-03-28T18:33:01.557+0500] {processor.py:183} INFO - Processing /home/abayturar/airflow-project/venv/lib/python3.12/site-packages/airflow/example_dags/example_subdag_operator.py took 0.094 seconds
[2026-03-28T18:33:54.745+0500] {processor.py:161} INFO - Started process (PID=20461) to work on /home/abayturar/airflow-project/venv/lib/python3.12/site-packages/airflow/example_dags/example_subdag_operator.py
[2026-03-28T18:33:54.746+0500] {processor.py:830} INFO - Processing file /home/abayturar/airflow-project/venv/lib/python3.12/site-packages/airflow/example_dags/example_subdag_operator.py for tasks to queue
[2026-03-28T18:33:54.748+0500] {logging_mixin.py:188} INFO - [2026-03-28T18:33:54.748+0500] {dagbag.py:545} INFO - Filling up the DagBag from /home/abayturar/airflow-project/venv/lib/python3.12/site-packages/airflow/example_dags/example_subdag_operator.py
[2026-03-28T18:33:54.770+0500] {processor.py:840} INFO - DAG(s) 'example_subdag_operator.section-1', 'example_subdag_operator.section-2', 'example_subdag_operator' retrieved from /home/abayturar/airflow-project/venv/lib/python3.12/site-packages/airflow/example_dags/example_subdag_operator.py
[2026-03-28T18:33:54.784+0500] {logging_mixin.py:188} INFO - [2026-03-28T18:33:54.783+0500] {dag.py:3089} INFO - Sync 3 DAGs
[2026-03-28T18:33:54.800+0500] {logging_mixin.py:188} INFO - [2026-03-28T18:33:54.799+0500] {dag.py:3947} INFO - Setting next_dagrun for example_subdag_operator to 2022-01-01 00:00:00+00:00, run_after=2022-01-01 00:00:00+00:00
[2026-03-28T18:33:54.802+0500] {logging_mixin.py:188} INFO - [2026-03-28T18:33:54.801+0500] {dag.py:3947} INFO - Setting next_dagrun for example_subdag_operator.section-1 to None, run_after=None
[2026-03-28T18:33:54.802+0500] {logging_mixin.py:188} INFO - [2026-03-28T18:33:54.802+0500] {dag.py:3947} INFO - Setting next_dagrun for example_subdag_operator.section-2 to None, run_after=None
[2026-03-28T18:33:54.807+0500] {logging_mixin.py:188} INFO - [2026-03-28T18:33:54.807+0500] {dag.py:3089} INFO - Sync 2 DAGs
[2026-03-28T18:33:54.809+0500] {logging_mixin.py:188} INFO - [2026-03-28T18:33:54.809+0500] {dag.py:3947} INFO - Setting next_dagrun for example_subdag_operator.section-1 to None, run_after=None
[2026-03-28T18:33:54.809+0500] {logging_mixin.py:188} INFO - [2026-03-28T18:33:54.809+0500] {dag.py:3947} INFO - Setting next_dagrun for example_subdag_operator.section-2 to None, run_after=None
[2026-03-28T18:33:54.819+0500] {processor.py:183} INFO - Processing /home/abayturar/airflow-project/venv/lib/python3.12/site-packages/airflow/example_dags/example_subdag_operator.py took 0.079 seconds
[2026-03-28T18:34:46.208+0500] {processor.py:161} INFO - Started process (PID=20614) to work on /home/abayturar/airflow-project/venv/lib/python3.12/site-packages/airflow/example_dags/example_subdag_operator.py
[2026-03-28T18:34:46.209+0500] {processor.py:830} INFO - Processing file /home/abayturar/airflow-project/venv/lib/python3.12/site-packages/airflow/example_dags/example_subdag_operator.py for tasks to queue
[2026-03-28T18:34:46.211+0500] {logging_mixin.py:188} INFO - [2026-03-28T18:34:46.211+0500] {dagbag.py:545} INFO - Filling up the DagBag from /home/abayturar/airflow-project/venv/lib/python3.12/site-packages/airflow/example_dags/example_subdag_operator.py
[2026-03-28T18:34:46.232+0500] {processor.py:840} INFO - DAG(s) 'example_subdag_operator.section-1', 'example_subdag_operator.section-2', 'example_subdag_operator' retrieved from /home/abayturar/airflow-project/venv/lib/python3.12/site-packages/airflow/example_dags/example_subdag_operator.py
[2026-03-28T18:34:46.243+0500] {logging_mixin.py:188} INFO - [2026-03-28T18:34:46.243+0500] {dag.py:3089} INFO - Sync 3 DAGs
[2026-03-28T18:34:46.256+0500] {logging_mixin.py:188} INFO - [2026-03-28T18:34:46.256+0500] {dag.py:3947} INFO - Setting next_dagrun for example_subdag_operator to 2022-01-01 00:00:00+00:00, run_after=2022-01-01 00:00:00+00:00
[2026-03-28T18:34:46.259+0500] {logging_mixin.py:188} INFO - [2026-03-28T18:34:46.258+0500] {dag.py:3947} INFO - Setting next_dagrun for example_subdag_operator.section-1 to None, run_after=None
[2026-03-28T18:34:46.259+0500] {logging_mixin.py:188} INFO - [2026-03-28T18:34:46.259+0500] {dag.py:3947} INFO - Setting next_dagrun for example_subdag_operator.section-2 to None, run_after=None
[2026-03-28T18:34:46.264+0500] {logging_mixin.py:188} INFO - [2026-03-28T18:34:46.263+0500] {dag.py:3089} INFO - Sync 2 DAGs
[2026-03-28T18:34:46.266+0500] {logging_mixin.py:188} INFO - [2026-03-28T18:34:46.266+0500] {dag.py:3947} INFO - Setting next_dagrun for example_subdag_operator.section-1 to None, run_after=None
[2026-03-28T18:34:46.266+0500] {logging_mixin.py:188} INFO - [2026-03-28T18:34:46.266+0500] {dag.py:3947} INFO - Setting next_dagrun for example_subdag_operator.section-2 to None, run_after=None
[2026-03-28T18:34:46.287+0500] {processor.py:183} INFO - Processing /home/abayturar/airflow-project/venv/lib/python3.12/site-packages/airflow/example_dags/example_subdag_operator.py took 0.085 seconds
[2026-03-28T18:35:35.801+0500] {processor.py:161} INFO - Started process (PID=20750) to work on /home/abayturar/airflow-project/venv/lib/python3.12/site-packages/airflow/example_dags/example_subdag_operator.py
[2026-03-28T18:35:35.802+0500] {processor.py:830} INFO - Processing file /home/abayturar/airflow-project/venv/lib/python3.12/site-packages/airflow/example_dags/example_subdag_operator.py for tasks to queue
[2026-03-28T18:35:35.804+0500] {logging_mixin.py:188} INFO - [2026-03-28T18:35:35.804+0500] {dagbag.py:545} INFO - Filling up the DagBag from /home/abayturar/airflow-project/venv/lib/python3.12/site-packages/airflow/example_dags/example_subdag_operator.py
[2026-03-28T18:35:35.831+0500] {processor.py:840} INFO - DAG(s) 'example_subdag_operator.section-1', 'example_subdag_operator.section-2', 'example_subdag_operator' retrieved from /home/abayturar/airflow-project/venv/lib/python3.12/site-packages/airflow/example_dags/example_subdag_operator.py
[2026-03-28T18:35:35.844+0500] {logging_mixin.py:188} INFO - [2026-03-28T18:35:35.844+0500] {dag.py:3089} INFO - Sync 3 DAGs
[2026-03-28T18:35:35.858+0500] {logging_mixin.py:188} INFO - [2026-03-28T18:35:35.858+0500] {dag.py:3947} INFO - Setting next_dagrun for example_subdag_operator to 2022-01-01 00:00:00+00:00, run_after=2022-01-01 00:00:00+00:00
[2026-03-28T18:35:35.861+0500] {logging_mixin.py:188} INFO - [2026-03-28T18:35:35.860+0500] {dag.py:3947} INFO - Setting next_dagrun for example_subdag_operator.section-1 to None, run_after=None
[2026-03-28T18:35:35.861+0500] {logging_mixin.py:188} INFO - [2026-03-28T18:35:35.861+0500] {dag.py:3947} INFO - Setting next_dagrun for example_subdag_operator.section-2 to None, run_after=None
[2026-03-28T18:35:35.867+0500] {logging_mixin.py:188} INFO - [2026-03-28T18:35:35.867+0500] {dag.py:3089} INFO - Sync 2 DAGs
[2026-03-28T18:35:35.869+0500] {logging_mixin.py:188} INFO - [2026-03-28T18:35:35.869+0500] {dag.py:3947} INFO - Setting next_dagrun for example_subdag_operator.section-1 to None, run_after=None
[2026-03-28T18:35:35.870+0500] {logging_mixin.py:188} INFO - [2026-03-28T18:35:35.869+0500] {dag.py:3947} INFO - Setting next_dagrun for example_subdag_operator.section-2 to None, run_after=None
[2026-03-28T18:35:35.893+0500] {processor.py:183} INFO - Processing /home/abayturar/airflow-project/venv/lib/python3.12/site-packages/airflow/example_dags/example_subdag_operator.py took 0.098 seconds
[2026-03-28T18:36:28.349+0500] {processor.py:161} INFO - Started process (PID=20897) to work on /home/abayturar/airflow-project/venv/lib/python3.12/site-packages/airflow/example_dags/example_subdag_operator.py
[2026-03-28T18:36:28.351+0500] {processor.py:830} INFO - Processing file /home/abayturar/airflow-project/venv/lib/python3.12/site-packages/airflow/example_dags/example_subdag_operator.py for tasks to queue
[2026-03-28T18:36:28.352+0500] {logging_mixin.py:188} INFO - [2026-03-28T18:36:28.352+0500] {dagbag.py:545} INFO - Filling up the DagBag from /home/abayturar/airflow-project/venv/lib/python3.12/site-packages/airflow/example_dags/example_subdag_operator.py
[2026-03-28T18:36:28.375+0500] {processor.py:840} INFO - DAG(s) 'example_subdag_operator.section-1', 'example_subdag_operator.section-2', 'example_subdag_operator' retrieved from /home/abayturar/airflow-project/venv/lib/python3.12/site-packages/airflow/example_dags/example_subdag_operator.py
[2026-03-28T18:36:28.388+0500] {logging_mixin.py:188} INFO - [2026-03-28T18:36:28.387+0500] {dag.py:3089} INFO - Sync 3 DAGs
[2026-03-28T18:36:28.404+0500] {logging_mixin.py:188} INFO - [2026-03-28T18:36:28.403+0500] {dag.py:3947} INFO - Setting next_dagrun for example_subdag_operator to 2022-01-01 00:00:00+00:00, run_after=2022-01-01 00:00:00+00:00
[2026-03-28T18:36:28.406+0500] {logging_mixin.py:188} INFO - [2026-03-28T18:36:28.406+0500] {dag.py:3947} INFO - Setting next_dagrun for example_subdag_operator.section-1 to None, run_after=None
[2026-03-28T18:36:28.406+0500] {logging_mixin.py:188} INFO - [2026-03-28T18:36:28.406+0500] {dag.py:3947} INFO - Setting next_dagrun for example_subdag_operator.section-2 to None, run_after=None
[2026-03-28T18:36:28.412+0500] {logging_mixin.py:188} INFO - [2026-03-28T18:36:28.412+0500] {dag.py:3089} INFO - Sync 2 DAGs
[2026-03-28T18:36:28.415+0500] {logging_mixin.py:188} INFO - [2026-03-28T18:36:28.414+0500] {dag.py:3947} INFO - Setting next_dagrun for example_subdag_operator.section-1 to None, run_after=None
[2026-03-28T18:36:28.415+0500] {logging_mixin.py:188} INFO - [2026-03-28T18:36:28.415+0500] {dag.py:3947} INFO - Setting next_dagrun for example_subdag_operator.section-2 to None, run_after=None
[2026-03-28T18:36:28.438+0500] {processor.py:183} INFO - Processing /home/abayturar/airflow-project/venv/lib/python3.12/site-packages/airflow/example_dags/example_subdag_operator.py took 0.095 seconds
[2026-03-28T18:37:23.905+0500] {processor.py:161} INFO - Started process (PID=21059) to work on /home/abayturar/airflow-project/venv/lib/python3.12/site-packages/airflow/example_dags/example_subdag_operator.py
[2026-03-28T18:37:23.906+0500] {processor.py:830} INFO - Processing file /home/abayturar/airflow-project/venv/lib/python3.12/site-packages/airflow/example_dags/example_subdag_operator.py for tasks to queue
[2026-03-28T18:37:23.908+0500] {logging_mixin.py:188} INFO - [2026-03-28T18:37:23.908+0500] {dagbag.py:545} INFO - Filling up the DagBag from /home/abayturar/airflow-project/venv/lib/python3.12/site-packages/airflow/example_dags/example_subdag_operator.py
[2026-03-28T18:37:23.927+0500] {processor.py:840} INFO - DAG(s) 'example_subdag_operator.section-1', 'example_subdag_operator.section-2', 'example_subdag_operator' retrieved from /home/abayturar/airflow-project/venv/lib/python3.12/site-packages/airflow/example_dags/example_subdag_operator.py
[2026-03-28T18:37:23.938+0500] {logging_mixin.py:188} INFO - [2026-03-28T18:37:23.938+0500] {dag.py:3089} INFO - Sync 3 DAGs
[2026-03-28T18:37:23.951+0500] {logging_mixin.py:188} INFO - [2026-03-28T18:37:23.951+0500] {dag.py:3947} INFO - Setting next_dagrun for example_subdag_operator to 2022-01-01 00:00:00+00:00, run_after=2022-01-01 00:00:00+00:00
[2026-03-28T18:37:23.953+0500] {logging_mixin.py:188} INFO - [2026-03-28T18:37:23.953+0500] {dag.py:3947} INFO - Setting next_dagrun for example_subdag_operator.section-1 to None, run_after=None
[2026-03-28T18:37:23.954+0500] {logging_mixin.py:188} INFO - [2026-03-28T18:37:23.954+0500] {dag.py:3947} INFO - Setting next_dagrun for example_subdag_operator.section-2 to None, run_after=None
[2026-03-28T18:37:23.958+0500] {logging_mixin.py:188} INFO - [2026-03-28T18:37:23.958+0500] {dag.py:3089} INFO - Sync 2 DAGs
[2026-03-28T18:37:23.960+0500] {logging_mixin.py:188} INFO - [2026-03-28T18:37:23.960+0500] {dag.py:3947} INFO - Setting next_dagrun for example_subdag_operator.section-1 to None, run_after=None
[2026-03-28T18:37:23.961+0500] {logging_mixin.py:188} INFO - [2026-03-28T18:37:23.961+0500] {dag.py:3947} INFO - Setting next_dagrun for example_subdag_operator.section-2 to None, run_after=None
[2026-03-28T18:37:23.981+0500] {processor.py:183} INFO - Processing /home/abayturar/airflow-project/venv/lib/python3.12/site-packages/airflow/example_dags/example_subdag_operator.py took 0.081 seconds
[2026-03-28T18:38:14.184+0500] {processor.py:161} INFO - Started process (PID=21190) to work on /home/abayturar/airflow-project/venv/lib/python3.12/site-packages/airflow/example_dags/example_subdag_operator.py
[2026-03-28T18:38:14.185+0500] {processor.py:830} INFO - Processing file /home/abayturar/airflow-project/venv/lib/python3.12/site-packages/airflow/example_dags/example_subdag_operator.py for tasks to queue
[2026-03-28T18:38:14.187+0500] {logging_mixin.py:188} INFO - [2026-03-28T18:38:14.187+0500] {dagbag.py:545} INFO - Filling up the DagBag from /home/abayturar/airflow-project/venv/lib/python3.12/site-packages/airflow/example_dags/example_subdag_operator.py
[2026-03-28T18:38:14.208+0500] {processor.py:840} INFO - DAG(s) 'example_subdag_operator.section-1', 'example_subdag_operator.section-2', 'example_subdag_operator' retrieved from /home/abayturar/airflow-project/venv/lib/python3.12/site-packages/airflow/example_dags/example_subdag_operator.py
[2026-03-28T18:38:14.219+0500] {logging_mixin.py:188} INFO - [2026-03-28T18:38:14.219+0500] {dag.py:3089} INFO - Sync 3 DAGs
[2026-03-28T18:38:14.233+0500] {logging_mixin.py:188} INFO - [2026-03-28T18:38:14.233+0500] {dag.py:3947} INFO - Setting next_dagrun for example_subdag_operator to 2022-01-01 00:00:00+00:00, run_after=2022-01-01 00:00:00+00:00
[2026-03-28T18:38:14.235+0500] {logging_mixin.py:188} INFO - [2026-03-28T18:38:14.235+0500] {dag.py:3947} INFO - Setting next_dagrun for example_subdag_operator.section-1 to None, run_after=None
[2026-03-28T18:38:14.235+0500] {logging_mixin.py:188} INFO - [2026-03-28T18:38:14.235+0500] {dag.py:3947} INFO - Setting next_dagrun for example_subdag_operator.section-2 to None, run_after=None
[2026-03-28T18:38:14.240+0500] {logging_mixin.py:188} INFO - [2026-03-28T18:38:14.240+0500] {dag.py:3089} INFO - Sync 2 DAGs
[2026-03-28T18:38:14.243+0500] {logging_mixin.py:188} INFO - [2026-03-28T18:38:14.243+0500] {dag.py:3947} INFO - Setting next_dagrun for example_subdag_operator.section-1 to None, run_after=None
[2026-03-28T18:38:14.243+0500] {logging_mixin.py:188} INFO - [2026-03-28T18:38:14.243+0500] {dag.py:3947} INFO - Setting next_dagrun for example_subdag_operator.section-2 to None, run_after=None
[2026-03-28T18:38:14.254+0500] {processor.py:183} INFO - Processing /home/abayturar/airflow-project/venv/lib/python3.12/site-packages/airflow/example_dags/example_subdag_operator.py took 0.078 seconds
[2026-03-28T18:39:06.134+0500] {processor.py:161} INFO - Started process (PID=21331) to work on /home/abayturar/airflow-project/venv/lib/python3.12/site-packages/airflow/example_dags/example_subdag_operator.py
[2026-03-28T18:39:06.135+0500] {processor.py:830} INFO - Processing file /home/abayturar/airflow-project/venv/lib/python3.12/site-packages/airflow/example_dags/example_subdag_operator.py for tasks to queue
[2026-03-28T18:39:06.137+0500] {logging_mixin.py:188} INFO - [2026-03-28T18:39:06.136+0500] {dagbag.py:545} INFO - Filling up the DagBag from /home/abayturar/airflow-project/venv/lib/python3.12/site-packages/airflow/example_dags/example_subdag_operator.py
[2026-03-28T18:39:06.157+0500] {processor.py:840} INFO - DAG(s) 'example_subdag_operator.section-1', 'example_subdag_operator.section-2', 'example_subdag_operator' retrieved from /home/abayturar/airflow-project/venv/lib/python3.12/site-packages/airflow/example_dags/example_subdag_operator.py
[2026-03-28T18:39:06.168+0500] {logging_mixin.py:188} INFO - [2026-03-28T18:39:06.168+0500] {dag.py:3089} INFO - Sync 3 DAGs
[2026-03-28T18:39:06.184+0500] {logging_mixin.py:188} INFO - [2026-03-28T18:39:06.184+0500] {dag.py:3947} INFO - Setting next_dagrun for example_subdag_operator to 2022-01-01 00:00:00+00:00, run_after=2022-01-01 00:00:00+00:00
[2026-03-28T18:39:06.187+0500] {logging_mixin.py:188} INFO - [2026-03-28T18:39:06.187+0500] {dag.py:3947} INFO - Setting next_dagrun for example_subdag_operator.section-1 to None, run_after=None
[2026-03-28T18:39:06.187+0500] {logging_mixin.py:188} INFO - [2026-03-28T18:39:06.187+0500] {dag.py:3947} INFO - Setting next_dagrun for example_subdag_operator.section-2 to None, run_after=None
[2026-03-28T18:39:06.193+0500] {logging_mixin.py:188} INFO - [2026-03-28T18:39:06.193+0500] {dag.py:3089} INFO - Sync 2 DAGs
[2026-03-28T18:39:06.196+0500] {logging_mixin.py:188} INFO - [2026-03-28T18:39:06.196+0500] {dag.py:3947} INFO - Setting next_dagrun for example_subdag_operator.section-1 to None, run_after=None
[2026-03-28T18:39:06.197+0500] {logging_mixin.py:188} INFO - [2026-03-28T18:39:06.197+0500] {dag.py:3947} INFO - Setting next_dagrun for example_subdag_operator.section-2 to None, run_after=None
[2026-03-28T18:39:06.221+0500] {processor.py:183} INFO - Processing /home/abayturar/airflow-project/venv/lib/python3.12/site-packages/airflow/example_dags/example_subdag_operator.py took 0.093 seconds
[2026-03-28T18:39:56.477+0500] {processor.py:161} INFO - Started process (PID=21463) to work on /home/abayturar/airflow-project/venv/lib/python3.12/site-packages/airflow/example_dags/example_subdag_operator.py
[2026-03-28T18:39:56.479+0500] {processor.py:830} INFO - Processing file /home/abayturar/airflow-project/venv/lib/python3.12/site-packages/airflow/example_dags/example_subdag_operator.py for tasks to queue
[2026-03-28T18:39:56.480+0500] {logging_mixin.py:188} INFO - [2026-03-28T18:39:56.480+0500] {dagbag.py:545} INFO - Filling up the DagBag from /home/abayturar/airflow-project/venv/lib/python3.12/site-packages/airflow/example_dags/example_subdag_operator.py
[2026-03-28T18:39:56.502+0500] {processor.py:840} INFO - DAG(s) 'example_subdag_operator.section-1', 'example_subdag_operator.section-2', 'example_subdag_operator' retrieved from /home/abayturar/airflow-project/venv/lib/python3.12/site-packages/airflow/example_dags/example_subdag_operator.py
[2026-03-28T18:39:56.513+0500] {logging_mixin.py:188} INFO - [2026-03-28T18:39:56.513+0500] {dag.py:3089} INFO - Sync 3 DAGs
[2026-03-28T18:39:56.527+0500] {logging_mixin.py:188} INFO - [2026-03-28T18:39:56.526+0500] {dag.py:3947} INFO - Setting next_dagrun for example_subdag_operator to 2022-01-01 00:00:00+00:00, run_after=2022-01-01 00:00:00+00:00
[2026-03-28T18:39:56.529+0500] {logging_mixin.py:188} INFO - [2026-03-28T18:39:56.528+0500] {dag.py:3947} INFO - Setting next_dagrun for example_subdag_operator.section-1 to None, run_after=None
[2026-03-28T18:39:56.529+0500] {logging_mixin.py:188} INFO - [2026-03-28T18:39:56.529+0500] {dag.py:3947} INFO - Setting next_dagrun for example_subdag_operator.section-2 to None, run_after=None
[2026-03-28T18:39:56.535+0500] {logging_mixin.py:188} INFO - [2026-03-28T18:39:56.535+0500] {dag.py:3089} INFO - Sync 2 DAGs
[2026-03-28T18:39:56.539+0500] {logging_mixin.py:188} INFO - [2026-03-28T18:39:56.538+0500] {dag.py:3947} INFO - Setting next_dagrun for example_subdag_operator.section-1 to None, run_after=None
[2026-03-28T18:39:56.539+0500] {logging_mixin.py:188} INFO - [2026-03-28T18:39:56.539+0500] {dag.py:3947} INFO - Setting next_dagrun for example_subdag_operator.section-2 to None, run_after=None
[2026-03-28T18:39:56.560+0500] {processor.py:183} INFO - Processing /home/abayturar/airflow-project/venv/lib/python3.12/site-packages/airflow/example_dags/example_subdag_operator.py took 0.089 seconds
[2026-03-28T18:40:48.103+0500] {processor.py:161} INFO - Started process (PID=21599) to work on /home/abayturar/airflow-project/venv/lib/python3.12/site-packages/airflow/example_dags/example_subdag_operator.py
[2026-03-28T18:40:48.104+0500] {processor.py:830} INFO - Processing file /home/abayturar/airflow-project/venv/lib/python3.12/site-packages/airflow/example_dags/example_subdag_operator.py for tasks to queue
[2026-03-28T18:40:48.106+0500] {logging_mixin.py:188} INFO - [2026-03-28T18:40:48.105+0500] {dagbag.py:545} INFO - Filling up the DagBag from /home/abayturar/airflow-project/venv/lib/python3.12/site-packages/airflow/example_dags/example_subdag_operator.py
[2026-03-28T18:40:48.127+0500] {processor.py:840} INFO - DAG(s) 'example_subdag_operator.section-1', 'example_subdag_operator.section-2', 'example_subdag_operator' retrieved from /home/abayturar/airflow-project/venv/lib/python3.12/site-packages/airflow/example_dags/example_subdag_operator.py
[2026-03-28T18:40:48.139+0500] {logging_mixin.py:188} INFO - [2026-03-28T18:40:48.139+0500] {dag.py:3089} INFO - Sync 3 DAGs
[2026-03-28T18:40:48.156+0500] {logging_mixin.py:188} INFO - [2026-03-28T18:40:48.155+0500] {dag.py:3947} INFO - Setting next_dagrun for example_subdag_operator to 2022-01-01 00:00:00+00:00, run_after=2022-01-01 00:00:00+00:00
[2026-03-28T18:40:48.159+0500] {logging_mixin.py:188} INFO - [2026-03-28T18:40:48.159+0500] {dag.py:3947} INFO - Setting next_dagrun for example_subdag_operator.section-1 to None, run_after=None
[2026-03-28T18:40:48.159+0500] {logging_mixin.py:188} INFO - [2026-03-28T18:40:48.159+0500] {dag.py:3947} INFO - Setting next_dagrun for example_subdag_operator.section-2 to None, run_after=None
[2026-03-28T18:40:48.251+0500] {logging_mixin.py:188} INFO - [2026-03-28T18:40:48.251+0500] {dag.py:3089} INFO - Sync 2 DAGs
[2026-03-28T18:40:48.255+0500] {logging_mixin.py:188} INFO - [2026-03-28T18:40:48.254+0500] {dag.py:3947} INFO - Setting next_dagrun for example_subdag_operator.section-1 to None, run_after=None
[2026-03-28T18:40:48.255+0500] {logging_mixin.py:188} INFO - [2026-03-28T18:40:48.255+0500] {dag.py:3947} INFO - Setting next_dagrun for example_subdag_operator.section-2 to None, run_after=None
[2026-03-28T18:40:48.265+0500] {processor.py:183} INFO - Processing /home/abayturar/airflow-project/venv/lib/python3.12/site-packages/airflow/example_dags/example_subdag_operator.py took 0.168 seconds
[2026-03-28T18:41:59.107+0500] {processor.py:161} INFO - Started process (PID=21841) to work on /home/abayturar/airflow-project/venv/lib/python3.12/site-packages/airflow/example_dags/example_subdag_operator.py
[2026-03-28T18:41:59.108+0500] {processor.py:830} INFO - Processing file /home/abayturar/airflow-project/venv/lib/python3.12/site-packages/airflow/example_dags/example_subdag_operator.py for tasks to queue
[2026-03-28T18:41:59.110+0500] {logging_mixin.py:188} INFO - [2026-03-28T18:41:59.109+0500] {dagbag.py:545} INFO - Filling up the DagBag from /home/abayturar/airflow-project/venv/lib/python3.12/site-packages/airflow/example_dags/example_subdag_operator.py
[2026-03-28T18:41:59.132+0500] {processor.py:840} INFO - DAG(s) 'example_subdag_operator.section-1', 'example_subdag_operator.section-2', 'example_subdag_operator' retrieved from /home/abayturar/airflow-project/venv/lib/python3.12/site-packages/airflow/example_dags/example_subdag_operator.py
[2026-03-28T18:41:59.145+0500] {logging_mixin.py:188} INFO - [2026-03-28T18:41:59.145+0500] {dag.py:3089} INFO - Sync 3 DAGs
[2026-03-28T18:41:59.160+0500] {logging_mixin.py:188} INFO - [2026-03-28T18:41:59.160+0500] {dag.py:3947} INFO - Setting next_dagrun for example_subdag_operator to 2022-01-01 00:00:00+00:00, run_after=2022-01-01 00:00:00+00:00
[2026-03-28T18:41:59.162+0500] {logging_mixin.py:188} INFO - [2026-03-28T18:41:59.162+0500] {dag.py:3947} INFO - Setting next_dagrun for example_subdag_operator.section-1 to None, run_after=None
[2026-03-28T18:41:59.163+0500] {logging_mixin.py:188} INFO - [2026-03-28T18:41:59.163+0500] {dag.py:3947} INFO - Setting next_dagrun for example_subdag_operator.section-2 to None, run_after=None
[2026-03-28T18:41:59.168+0500] {logging_mixin.py:188} INFO - [2026-03-28T18:41:59.168+0500] {dag.py:3089} INFO - Sync 2 DAGs
[2026-03-28T18:41:59.170+0500] {logging_mixin.py:188} INFO - [2026-03-28T18:41:59.170+0500] {dag.py:3947} INFO - Setting next_dagrun for example_subdag_operator.section-1 to None, run_after=None
[2026-03-28T18:41:59.171+0500] {logging_mixin.py:188} INFO - [2026-03-28T18:41:59.171+0500] {dag.py:3947} INFO - Setting next_dagrun for example_subdag_operator.section-2 to None, run_after=None
[2026-03-28T18:41:59.182+0500] {processor.py:183} INFO - Processing /home/abayturar/airflow-project/venv/lib/python3.12/site-packages/airflow/example_dags/example_subdag_operator.py took 0.081 seconds
[2026-03-28T18:42:52.975+0500] {processor.py:161} INFO - Started process (PID=21983) to work on /home/abayturar/airflow-project/venv/lib/python3.12/site-packages/airflow/example_dags/example_subdag_operator.py
[2026-03-28T18:42:52.976+0500] {processor.py:830} INFO - Processing file /home/abayturar/airflow-project/venv/lib/python3.12/site-packages/airflow/example_dags/example_subdag_operator.py for tasks to queue
[2026-03-28T18:42:52.978+0500] {logging_mixin.py:188} INFO - [2026-03-28T18:42:52.978+0500] {dagbag.py:545} INFO - Filling up the DagBag from /home/abayturar/airflow-project/venv/lib/python3.12/site-packages/airflow/example_dags/example_subdag_operator.py
[2026-03-28T18:42:53.001+0500] {processor.py:840} INFO - DAG(s) 'example_subdag_operator.section-1', 'example_subdag_operator.section-2', 'example_subdag_operator' retrieved from /home/abayturar/airflow-project/venv/lib/python3.12/site-packages/airflow/example_dags/example_subdag_operator.py
[2026-03-28T18:42:53.015+0500] {logging_mixin.py:188} INFO - [2026-03-28T18:42:53.014+0500] {dag.py:3089} INFO - Sync 3 DAGs
[2026-03-28T18:42:53.032+0500] {logging_mixin.py:188} INFO - [2026-03-28T18:42:53.031+0500] {dag.py:3947} INFO - Setting next_dagrun for example_subdag_operator to 2022-01-01 00:00:00+00:00, run_after=2022-01-01 00:00:00+00:00
[2026-03-28T18:42:53.034+0500] {logging_mixin.py:188} INFO - [2026-03-28T18:42:53.034+0500] {dag.py:3947} INFO - Setting next_dagrun for example_subdag_operator.section-1 to None, run_after=None
[2026-03-28T18:42:53.035+0500] {logging_mixin.py:188} INFO - [2026-03-28T18:42:53.035+0500] {dag.py:3947} INFO - Setting next_dagrun for example_subdag_operator.section-2 to None, run_after=None
[2026-03-28T18:42:53.040+0500] {logging_mixin.py:188} INFO - [2026-03-28T18:42:53.040+0500] {dag.py:3089} INFO - Sync 2 DAGs
[2026-03-28T18:42:53.042+0500] {logging_mixin.py:188} INFO - [2026-03-28T18:42:53.042+0500] {dag.py:3947} INFO - Setting next_dagrun for example_subdag_operator.section-1 to None, run_after=None
[2026-03-28T18:42:53.043+0500] {logging_mixin.py:188} INFO - [2026-03-28T18:42:53.043+0500] {dag.py:3947} INFO - Setting next_dagrun for example_subdag_operator.section-2 to None, run_after=None
[2026-03-28T18:42:53.065+0500] {processor.py:183} INFO - Processing /home/abayturar/airflow-project/venv/lib/python3.12/site-packages/airflow/example_dags/example_subdag_operator.py took 0.096 seconds
[2026-03-28T18:43:41.499+0500] {processor.py:161} INFO - Started process (PID=22150) to work on /home/abayturar/airflow-project/venv/lib/python3.12/site-packages/airflow/example_dags/example_subdag_operator.py
[2026-03-28T18:43:41.500+0500] {processor.py:830} INFO - Processing file /home/abayturar/airflow-project/venv/lib/python3.12/site-packages/airflow/example_dags/example_subdag_operator.py for tasks to queue
[2026-03-28T18:43:41.502+0500] {logging_mixin.py:188} INFO - [2026-03-28T18:43:41.502+0500] {dagbag.py:545} INFO - Filling up the DagBag from /home/abayturar/airflow-project/venv/lib/python3.12/site-packages/airflow/example_dags/example_subdag_operator.py
[2026-03-28T18:43:41.525+0500] {processor.py:840} INFO - DAG(s) 'example_subdag_operator.section-1', 'example_subdag_operator.section-2', 'example_subdag_operator' retrieved from /home/abayturar/airflow-project/venv/lib/python3.12/site-packages/airflow/example_dags/example_subdag_operator.py
[2026-03-28T18:43:41.537+0500] {logging_mixin.py:188} INFO - [2026-03-28T18:43:41.537+0500] {dag.py:3089} INFO - Sync 3 DAGs
[2026-03-28T18:43:41.643+0500] {logging_mixin.py:188} INFO - [2026-03-28T18:43:41.643+0500] {dag.py:3947} INFO - Setting next_dagrun for example_subdag_operator to 2022-01-01 00:00:00+00:00, run_after=2022-01-01 00:00:00+00:00
[2026-03-28T18:43:41.645+0500] {logging_mixin.py:188} INFO - [2026-03-28T18:43:41.645+0500] {dag.py:3947} INFO - Setting next_dagrun for example_subdag_operator.section-1 to None, run_after=None
[2026-03-28T18:43:41.646+0500] {logging_mixin.py:188} INFO - [2026-03-28T18:43:41.646+0500] {dag.py:3947} INFO - Setting next_dagrun for example_subdag_operator.section-2 to None, run_after=None
[2026-03-28T18:43:41.650+0500] {logging_mixin.py:188} INFO - [2026-03-28T18:43:41.650+0500] {dag.py:3089} INFO - Sync 2 DAGs
[2026-03-28T18:43:41.653+0500] {logging_mixin.py:188} INFO - [2026-03-28T18:43:41.653+0500] {dag.py:3947} INFO - Setting next_dagrun for example_subdag_operator.section-1 to None, run_after=None
[2026-03-28T18:43:41.653+0500] {logging_mixin.py:188} INFO - [2026-03-28T18:43:41.653+0500] {dag.py:3947} INFO - Setting next_dagrun for example_subdag_operator.section-2 to None, run_after=None
[2026-03-28T18:43:41.675+0500] {processor.py:183} INFO - Processing /home/abayturar/airflow-project/venv/lib/python3.12/site-packages/airflow/example_dags/example_subdag_operator.py took 0.182 seconds
[2026-03-28T18:44:32.561+0500] {processor.py:161} INFO - Started process (PID=22284) to work on /home/abayturar/airflow-project/venv/lib/python3.12/site-packages/airflow/example_dags/example_subdag_operator.py
[2026-03-28T18:44:32.562+0500] {processor.py:830} INFO - Processing file /home/abayturar/airflow-project/venv/lib/python3.12/site-packages/airflow/example_dags/example_subdag_operator.py for tasks to queue
[2026-03-28T18:44:32.564+0500] {logging_mixin.py:188} INFO - [2026-03-28T18:44:32.563+0500] {dagbag.py:545} INFO - Filling up the DagBag from /home/abayturar/airflow-project/venv/lib/python3.12/site-packages/airflow/example_dags/example_subdag_operator.py
[2026-03-28T18:44:32.586+0500] {processor.py:840} INFO - DAG(s) 'example_subdag_operator.section-1', 'example_subdag_operator.section-2', 'example_subdag_operator' retrieved from /home/abayturar/airflow-project/venv/lib/python3.12/site-packages/airflow/example_dags/example_subdag_operator.py
[2026-03-28T18:44:32.597+0500] {logging_mixin.py:188} INFO - [2026-03-28T18:44:32.597+0500] {dag.py:3089} INFO - Sync 3 DAGs
[2026-03-28T18:44:32.611+0500] {logging_mixin.py:188} INFO - [2026-03-28T18:44:32.611+0500] {dag.py:3947} INFO - Setting next_dagrun for example_subdag_operator to 2022-01-01 00:00:00+00:00, run_after=2022-01-01 00:00:00+00:00
[2026-03-28T18:44:32.613+0500] {logging_mixin.py:188} INFO - [2026-03-28T18:44:32.613+0500] {dag.py:3947} INFO - Setting next_dagrun for example_subdag_operator.section-1 to None, run_after=None
[2026-03-28T18:44:32.614+0500] {logging_mixin.py:188} INFO - [2026-03-28T18:44:32.614+0500] {dag.py:3947} INFO - Setting next_dagrun for example_subdag_operator.section-2 to None, run_after=None
[2026-03-28T18:44:32.618+0500] {logging_mixin.py:188} INFO - [2026-03-28T18:44:32.618+0500] {dag.py:3089} INFO - Sync 2 DAGs
[2026-03-28T18:44:32.621+0500] {logging_mixin.py:188} INFO - [2026-03-28T18:44:32.621+0500] {dag.py:3947} INFO - Setting next_dagrun for example_subdag_operator.section-1 to None, run_after=None
[2026-03-28T18:44:32.621+0500] {logging_mixin.py:188} INFO - [2026-03-28T18:44:32.621+0500] {dag.py:3947} INFO - Setting next_dagrun for example_subdag_operator.section-2 to None, run_after=None
[2026-03-28T18:44:32.631+0500] {processor.py:183} INFO - Processing /home/abayturar/airflow-project/venv/lib/python3.12/site-packages/airflow/example_dags/example_subdag_operator.py took 0.077 seconds
[2026-03-28T18:45:21.687+0500] {processor.py:161} INFO - Started process (PID=22416) to work on /home/abayturar/airflow-project/venv/lib/python3.12/site-packages/airflow/example_dags/example_subdag_operator.py
[2026-03-28T18:45:21.688+0500] {processor.py:830} INFO - Processing file /home/abayturar/airflow-project/venv/lib/python3.12/site-packages/airflow/example_dags/example_subdag_operator.py for tasks to queue
[2026-03-28T18:45:21.689+0500] {logging_mixin.py:188} INFO - [2026-03-28T18:45:21.689+0500] {dagbag.py:545} INFO - Filling up the DagBag from /home/abayturar/airflow-project/venv/lib/python3.12/site-packages/airflow/example_dags/example_subdag_operator.py
[2026-03-28T18:45:21.709+0500] {processor.py:840} INFO - DAG(s) 'example_subdag_operator.section-1', 'example_subdag_operator.section-2', 'example_subdag_operator' retrieved from /home/abayturar/airflow-project/venv/lib/python3.12/site-packages/airflow/example_dags/example_subdag_operator.py
[2026-03-28T18:45:21.719+0500] {logging_mixin.py:188} INFO - [2026-03-28T18:45:21.719+0500] {dag.py:3089} INFO - Sync 3 DAGs
[2026-03-28T18:45:21.732+0500] {logging_mixin.py:188} INFO - [2026-03-28T18:45:21.732+0500] {dag.py:3947} INFO - Setting next_dagrun for example_subdag_operator to 2022-01-01 00:00:00+00:00, run_after=2022-01-01 00:00:00+00:00
[2026-03-28T18:45:21.734+0500] {logging_mixin.py:188} INFO - [2026-03-28T18:45:21.734+0500] {dag.py:3947} INFO - Setting next_dagrun for example_subdag_operator.section-1 to None, run_after=None
[2026-03-28T18:45:21.734+0500] {logging_mixin.py:188} INFO - [2026-03-28T18:45:21.734+0500] {dag.py:3947} INFO - Setting next_dagrun for example_subdag_operator.section-2 to None, run_after=None
[2026-03-28T18:45:21.739+0500] {logging_mixin.py:188} INFO - [2026-03-28T18:45:21.739+0500] {dag.py:3089} INFO - Sync 2 DAGs
[2026-03-28T18:45:21.741+0500] {logging_mixin.py:188} INFO - [2026-03-28T18:45:21.741+0500] {dag.py:3947} INFO - Setting next_dagrun for example_subdag_operator.section-1 to None, run_after=None
[2026-03-28T18:45:21.741+0500] {logging_mixin.py:188} INFO - [2026-03-28T18:45:21.741+0500] {dag.py:3947} INFO - Setting next_dagrun for example_subdag_operator.section-2 to None, run_after=None
[2026-03-28T18:45:21.762+0500] {processor.py:183} INFO - Processing /home/abayturar/airflow-project/venv/lib/python3.12/site-packages/airflow/example_dags/example_subdag_operator.py took 0.081 seconds
[2026-03-28T18:46:10.513+0500] {processor.py:161} INFO - Started process (PID=22546) to work on /home/abayturar/airflow-project/venv/lib/python3.12/site-packages/airflow/example_dags/example_subdag_operator.py
[2026-03-28T18:46:10.514+0500] {processor.py:830} INFO - Processing file /home/abayturar/airflow-project/venv/lib/python3.12/site-packages/airflow/example_dags/example_subdag_operator.py for tasks to queue
[2026-03-28T18:46:10.516+0500] {logging_mixin.py:188} INFO - [2026-03-28T18:46:10.515+0500] {dagbag.py:545} INFO - Filling up the DagBag from /home/abayturar/airflow-project/venv/lib/python3.12/site-packages/airflow/example_dags/example_subdag_operator.py
[2026-03-28T18:46:10.536+0500] {processor.py:840} INFO - DAG(s) 'example_subdag_operator.section-1', 'example_subdag_operator.section-2', 'example_subdag_operator' retrieved from /home/abayturar/airflow-project/venv/lib/python3.12/site-packages/airflow/example_dags/example_subdag_operator.py
[2026-03-28T18:46:10.547+0500] {logging_mixin.py:188} INFO - [2026-03-28T18:46:10.546+0500] {dag.py:3089} INFO - Sync 3 DAGs
[2026-03-28T18:46:10.560+0500] {logging_mixin.py:188} INFO - [2026-03-28T18:46:10.560+0500] {dag.py:3947} INFO - Setting next_dagrun for example_subdag_operator to 2022-01-01 00:00:00+00:00, run_after=2022-01-01 00:00:00+00:00
[2026-03-28T18:46:10.562+0500] {logging_mixin.py:188} INFO - [2026-03-28T18:46:10.562+0500] {dag.py:3947} INFO - Setting next_dagrun for example_subdag_operator.section-1 to None, run_after=None
[2026-03-28T18:46:10.563+0500] {logging_mixin.py:188} INFO - [2026-03-28T18:46:10.563+0500] {dag.py:3947} INFO - Setting next_dagrun for example_subdag_operator.section-2 to None, run_after=None
[2026-03-28T18:46:10.567+0500] {logging_mixin.py:188} INFO - [2026-03-28T18:46:10.567+0500] {dag.py:3089} INFO - Sync 2 DAGs
[2026-03-28T18:46:10.570+0500] {logging_mixin.py:188} INFO - [2026-03-28T18:46:10.569+0500] {dag.py:3947} INFO - Setting next_dagrun for example_subdag_operator.section-1 to None, run_after=None
[2026-03-28T18:46:10.570+0500] {logging_mixin.py:188} INFO - [2026-03-28T18:46:10.570+0500] {dag.py:3947} INFO - Setting next_dagrun for example_subdag_operator.section-2 to None, run_after=None
[2026-03-28T18:46:10.580+0500] {processor.py:183} INFO - Processing /home/abayturar/airflow-project/venv/lib/python3.12/site-packages/airflow/example_dags/example_subdag_operator.py took 0.073 seconds
[2026-03-28T18:46:57.613+0500] {processor.py:161} INFO - Started process (PID=22672) to work on /home/abayturar/airflow-project/venv/lib/python3.12/site-packages/airflow/example_dags/example_subdag_operator.py
[2026-03-28T18:46:57.614+0500] {processor.py:830} INFO - Processing file /home/abayturar/airflow-project/venv/lib/python3.12/site-packages/airflow/example_dags/example_subdag_operator.py for tasks to queue
[2026-03-28T18:46:57.616+0500] {logging_mixin.py:188} INFO - [2026-03-28T18:46:57.616+0500] {dagbag.py:545} INFO - Filling up the DagBag from /home/abayturar/airflow-project/venv/lib/python3.12/site-packages/airflow/example_dags/example_subdag_operator.py
[2026-03-28T18:46:57.639+0500] {processor.py:840} INFO - DAG(s) 'example_subdag_operator.section-1', 'example_subdag_operator.section-2', 'example_subdag_operator' retrieved from /home/abayturar/airflow-project/venv/lib/python3.12/site-packages/airflow/example_dags/example_subdag_operator.py
[2026-03-28T18:46:57.650+0500] {logging_mixin.py:188} INFO - [2026-03-28T18:46:57.650+0500] {dag.py:3089} INFO - Sync 3 DAGs
[2026-03-28T18:46:57.664+0500] {logging_mixin.py:188} INFO - [2026-03-28T18:46:57.663+0500] {dag.py:3947} INFO - Setting next_dagrun for example_subdag_operator to 2022-01-01 00:00:00+00:00, run_after=2022-01-01 00:00:00+00:00
[2026-03-28T18:46:57.666+0500] {logging_mixin.py:188} INFO - [2026-03-28T18:46:57.665+0500] {dag.py:3947} INFO - Setting next_dagrun for example_subdag_operator.section-1 to None, run_after=None
[2026-03-28T18:46:57.666+0500] {logging_mixin.py:188} INFO - [2026-03-28T18:46:57.666+0500] {dag.py:3947} INFO - Setting next_dagrun for example_subdag_operator.section-2 to None, run_after=None
[2026-03-28T18:46:57.670+0500] {logging_mixin.py:188} INFO - [2026-03-28T18:46:57.670+0500] {dag.py:3089} INFO - Sync 2 DAGs
[2026-03-28T18:46:57.673+0500] {logging_mixin.py:188} INFO - [2026-03-28T18:46:57.673+0500] {dag.py:3947} INFO - Setting next_dagrun for example_subdag_operator.section-1 to None, run_after=None
[2026-03-28T18:46:57.673+0500] {logging_mixin.py:188} INFO - [2026-03-28T18:46:57.673+0500] {dag.py:3947} INFO - Setting next_dagrun for example_subdag_operator.section-2 to None, run_after=None
[2026-03-28T18:46:57.683+0500] {processor.py:183} INFO - Processing /home/abayturar/airflow-project/venv/lib/python3.12/site-packages/airflow/example_dags/example_subdag_operator.py took 0.077 seconds
[2026-03-28T18:47:44.223+0500] {processor.py:161} INFO - Started process (PID=22795) to work on /home/abayturar/airflow-project/venv/lib/python3.12/site-packages/airflow/example_dags/example_subdag_operator.py
[2026-03-28T18:47:44.224+0500] {processor.py:830} INFO - Processing file /home/abayturar/airflow-project/venv/lib/python3.12/site-packages/airflow/example_dags/example_subdag_operator.py for tasks to queue
[2026-03-28T18:47:44.226+0500] {logging_mixin.py:188} INFO - [2026-03-28T18:47:44.225+0500] {dagbag.py:545} INFO - Filling up the DagBag from /home/abayturar/airflow-project/venv/lib/python3.12/site-packages/airflow/example_dags/example_subdag_operator.py
[2026-03-28T18:47:44.249+0500] {processor.py:840} INFO - DAG(s) 'example_subdag_operator.section-1', 'example_subdag_operator.section-2', 'example_subdag_operator' retrieved from /home/abayturar/airflow-project/venv/lib/python3.12/site-packages/airflow/example_dags/example_subdag_operator.py
[2026-03-28T18:47:44.262+0500] {logging_mixin.py:188} INFO - [2026-03-28T18:47:44.262+0500] {dag.py:3089} INFO - Sync 3 DAGs
[2026-03-28T18:47:44.278+0500] {logging_mixin.py:188} INFO - [2026-03-28T18:47:44.278+0500] {dag.py:3947} INFO - Setting next_dagrun for example_subdag_operator to 2022-01-01 00:00:00+00:00, run_after=2022-01-01 00:00:00+00:00
[2026-03-28T18:47:44.280+0500] {logging_mixin.py:188} INFO - [2026-03-28T18:47:44.280+0500] {dag.py:3947} INFO - Setting next_dagrun for example_subdag_operator.section-1 to None, run_after=None
[2026-03-28T18:47:44.281+0500] {logging_mixin.py:188} INFO - [2026-03-28T18:47:44.281+0500] {dag.py:3947} INFO - Setting next_dagrun for example_subdag_operator.section-2 to None, run_after=None
[2026-03-28T18:47:44.286+0500] {logging_mixin.py:188} INFO - [2026-03-28T18:47:44.285+0500] {dag.py:3089} INFO - Sync 2 DAGs
[2026-03-28T18:47:44.288+0500] {logging_mixin.py:188} INFO - [2026-03-28T18:47:44.288+0500] {dag.py:3947} INFO - Setting next_dagrun for example_subdag_operator.section-1 to None, run_after=None
[2026-03-28T18:47:44.288+0500] {logging_mixin.py:188} INFO - [2026-03-28T18:47:44.288+0500] {dag.py:3947} INFO - Setting next_dagrun for example_subdag_operator.section-2 to None, run_after=None
[2026-03-28T18:47:44.297+0500] {processor.py:183} INFO - Processing /home/abayturar/airflow-project/venv/lib/python3.12/site-packages/airflow/example_dags/example_subdag_operator.py took 0.082 seconds
[2026-03-28T18:48:28.618+0500] {processor.py:161} INFO - Started process (PID=22918) to work on /home/abayturar/airflow-project/venv/lib/python3.12/site-packages/airflow/example_dags/example_subdag_operator.py
[2026-03-28T18:48:28.619+0500] {processor.py:830} INFO - Processing file /home/abayturar/airflow-project/venv/lib/python3.12/site-packages/airflow/example_dags/example_subdag_operator.py for tasks to queue
[2026-03-28T18:48:28.621+0500] {logging_mixin.py:188} INFO - [2026-03-28T18:48:28.620+0500] {dagbag.py:545} INFO - Filling up the DagBag from /home/abayturar/airflow-project/venv/lib/python3.12/site-packages/airflow/example_dags/example_subdag_operator.py
[2026-03-28T18:48:28.641+0500] {processor.py:840} INFO - DAG(s) 'example_subdag_operator.section-1', 'example_subdag_operator.section-2', 'example_subdag_operator' retrieved from /home/abayturar/airflow-project/venv/lib/python3.12/site-packages/airflow/example_dags/example_subdag_operator.py
[2026-03-28T18:48:28.652+0500] {logging_mixin.py:188} INFO - [2026-03-28T18:48:28.652+0500] {dag.py:3089} INFO - Sync 3 DAGs
[2026-03-28T18:48:28.666+0500] {logging_mixin.py:188} INFO - [2026-03-28T18:48:28.665+0500] {dag.py:3947} INFO - Setting next_dagrun for example_subdag_operator to 2022-01-01 00:00:00+00:00, run_after=2022-01-01 00:00:00+00:00
[2026-03-28T18:48:28.668+0500] {logging_mixin.py:188} INFO - [2026-03-28T18:48:28.668+0500] {dag.py:3947} INFO - Setting next_dagrun for example_subdag_operator.section-1 to None, run_after=None
[2026-03-28T18:48:28.669+0500] {logging_mixin.py:188} INFO - [2026-03-28T18:48:28.668+0500] {dag.py:3947} INFO - Setting next_dagrun for example_subdag_operator.section-2 to None, run_after=None
[2026-03-28T18:48:28.673+0500] {logging_mixin.py:188} INFO - [2026-03-28T18:48:28.673+0500] {dag.py:3089} INFO - Sync 2 DAGs
[2026-03-28T18:48:28.676+0500] {logging_mixin.py:188} INFO - [2026-03-28T18:48:28.675+0500] {dag.py:3947} INFO - Setting next_dagrun for example_subdag_operator.section-1 to None, run_after=None
[2026-03-28T18:48:28.676+0500] {logging_mixin.py:188} INFO - [2026-03-28T18:48:28.676+0500] {dag.py:3947} INFO - Setting next_dagrun for example_subdag_operator.section-2 to None, run_after=None
[2026-03-28T18:48:28.705+0500] {processor.py:183} INFO - Processing /home/abayturar/airflow-project/venv/lib/python3.12/site-packages/airflow/example_dags/example_subdag_operator.py took 0.093 seconds
[2026-03-28T18:49:12.099+0500] {processor.py:161} INFO - Started process (PID=23033) to work on /home/abayturar/airflow-project/venv/lib/python3.12/site-packages/airflow/example_dags/example_subdag_operator.py
[2026-03-28T18:49:12.100+0500] {processor.py:830} INFO - Processing file /home/abayturar/airflow-project/venv/lib/python3.12/site-packages/airflow/example_dags/example_subdag_operator.py for tasks to queue
[2026-03-28T18:49:12.102+0500] {logging_mixin.py:188} INFO - [2026-03-28T18:49:12.101+0500] {dagbag.py:545} INFO - Filling up the DagBag from /home/abayturar/airflow-project/venv/lib/python3.12/site-packages/airflow/example_dags/example_subdag_operator.py
[2026-03-28T18:49:12.122+0500] {processor.py:840} INFO - DAG(s) 'example_subdag_operator.section-1', 'example_subdag_operator.section-2', 'example_subdag_operator' retrieved from /home/abayturar/airflow-project/venv/lib/python3.12/site-packages/airflow/example_dags/example_subdag_operator.py
[2026-03-28T18:49:12.133+0500] {logging_mixin.py:188} INFO - [2026-03-28T18:49:12.133+0500] {dag.py:3089} INFO - Sync 3 DAGs
[2026-03-28T18:49:12.146+0500] {logging_mixin.py:188} INFO - [2026-03-28T18:49:12.146+0500] {dag.py:3947} INFO - Setting next_dagrun for example_subdag_operator to 2022-01-01 00:00:00+00:00, run_after=2022-01-01 00:00:00+00:00
[2026-03-28T18:49:12.148+0500] {logging_mixin.py:188} INFO - [2026-03-28T18:49:12.148+0500] {dag.py:3947} INFO - Setting next_dagrun for example_subdag_operator.section-1 to None, run_after=None
[2026-03-28T18:49:12.149+0500] {logging_mixin.py:188} INFO - [2026-03-28T18:49:12.149+0500] {dag.py:3947} INFO - Setting next_dagrun for example_subdag_operator.section-2 to None, run_after=None
[2026-03-28T18:49:12.154+0500] {logging_mixin.py:188} INFO - [2026-03-28T18:49:12.153+0500] {dag.py:3089} INFO - Sync 2 DAGs
[2026-03-28T18:49:12.157+0500] {logging_mixin.py:188} INFO - [2026-03-28T18:49:12.157+0500] {dag.py:3947} INFO - Setting next_dagrun for example_subdag_operator.section-1 to None, run_after=None
[2026-03-28T18:49:12.157+0500] {logging_mixin.py:188} INFO - [2026-03-28T18:49:12.157+0500] {dag.py:3947} INFO - Setting next_dagrun for example_subdag_operator.section-2 to None, run_after=None
[2026-03-28T18:49:12.181+0500] {processor.py:183} INFO - Processing /home/abayturar/airflow-project/venv/lib/python3.12/site-packages/airflow/example_dags/example_subdag_operator.py took 0.088 seconds
[2026-03-28T18:49:58.006+0500] {processor.py:161} INFO - Started process (PID=23157) to work on /home/abayturar/airflow-project/venv/lib/python3.12/site-packages/airflow/example_dags/example_subdag_operator.py
[2026-03-28T18:49:58.007+0500] {processor.py:830} INFO - Processing file /home/abayturar/airflow-project/venv/lib/python3.12/site-packages/airflow/example_dags/example_subdag_operator.py for tasks to queue
[2026-03-28T18:49:58.008+0500] {logging_mixin.py:188} INFO - [2026-03-28T18:49:58.008+0500] {dagbag.py:545} INFO - Filling up the DagBag from /home/abayturar/airflow-project/venv/lib/python3.12/site-packages/airflow/example_dags/example_subdag_operator.py
[2026-03-28T18:49:58.028+0500] {processor.py:840} INFO - DAG(s) 'example_subdag_operator.section-1', 'example_subdag_operator.section-2', 'example_subdag_operator' retrieved from /home/abayturar/airflow-project/venv/lib/python3.12/site-packages/airflow/example_dags/example_subdag_operator.py
[2026-03-28T18:49:58.037+0500] {logging_mixin.py:188} INFO - [2026-03-28T18:49:58.037+0500] {dag.py:3089} INFO - Sync 3 DAGs
[2026-03-28T18:49:58.052+0500] {logging_mixin.py:188} INFO - [2026-03-28T18:49:58.052+0500] {dag.py:3947} INFO - Setting next_dagrun for example_subdag_operator to 2022-01-01 00:00:00+00:00, run_after=2022-01-01 00:00:00+00:00
[2026-03-28T18:49:58.054+0500] {logging_mixin.py:188} INFO - [2026-03-28T18:49:58.054+0500] {dag.py:3947} INFO - Setting next_dagrun for example_subdag_operator.section-1 to None, run_after=None
[2026-03-28T18:49:58.055+0500] {logging_mixin.py:188} INFO - [2026-03-28T18:49:58.054+0500] {dag.py:3947} INFO - Setting next_dagrun for example_subdag_operator.section-2 to None, run_after=None
[2026-03-28T18:49:58.059+0500] {logging_mixin.py:188} INFO - [2026-03-28T18:49:58.059+0500] {dag.py:3089} INFO - Sync 2 DAGs
[2026-03-28T18:49:58.061+0500] {logging_mixin.py:188} INFO - [2026-03-28T18:49:58.061+0500] {dag.py:3947} INFO - Setting next_dagrun for example_subdag_operator.section-1 to None, run_after=None
[2026-03-28T18:49:58.061+0500] {logging_mixin.py:188} INFO - [2026-03-28T18:49:58.061+0500] {dag.py:3947} INFO - Setting next_dagrun for example_subdag_operator.section-2 to None, run_after=None
[2026-03-28T18:49:58.070+0500] {processor.py:183} INFO - Processing /home/abayturar/airflow-project/venv/lib/python3.12/site-packages/airflow/example_dags/example_subdag_operator.py took 0.071 seconds
[2026-03-28T18:50:43.815+0500] {processor.py:161} INFO - Started process (PID=23278) to work on /home/abayturar/airflow-project/venv/lib/python3.12/site-packages/airflow/example_dags/example_subdag_operator.py
[2026-03-28T18:50:43.817+0500] {processor.py:830} INFO - Processing file /home/abayturar/airflow-project/venv/lib/python3.12/site-packages/airflow/example_dags/example_subdag_operator.py for tasks to queue
[2026-03-28T18:50:43.820+0500] {logging_mixin.py:188} INFO - [2026-03-28T18:50:43.819+0500] {dagbag.py:545} INFO - Filling up the DagBag from /home/abayturar/airflow-project/venv/lib/python3.12/site-packages/airflow/example_dags/example_subdag_operator.py
[2026-03-28T18:50:43.851+0500] {processor.py:840} INFO - DAG(s) 'example_subdag_operator.section-1', 'example_subdag_operator.section-2', 'example_subdag_operator' retrieved from /home/abayturar/airflow-project/venv/lib/python3.12/site-packages/airflow/example_dags/example_subdag_operator.py
[2026-03-28T18:50:43.863+0500] {logging_mixin.py:188} INFO - [2026-03-28T18:50:43.863+0500] {dag.py:3089} INFO - Sync 3 DAGs
[2026-03-28T18:50:43.878+0500] {logging_mixin.py:188} INFO - [2026-03-28T18:50:43.878+0500] {dag.py:3947} INFO - Setting next_dagrun for example_subdag_operator to 2022-01-01 00:00:00+00:00, run_after=2022-01-01 00:00:00+00:00
[2026-03-28T18:50:43.880+0500] {logging_mixin.py:188} INFO - [2026-03-28T18:50:43.880+0500] {dag.py:3947} INFO - Setting next_dagrun for example_subdag_operator.section-1 to None, run_after=None
[2026-03-28T18:50:43.881+0500] {logging_mixin.py:188} INFO - [2026-03-28T18:50:43.880+0500] {dag.py:3947} INFO - Setting next_dagrun for example_subdag_operator.section-2 to None, run_after=None
[2026-03-28T18:50:43.885+0500] {logging_mixin.py:188} INFO - [2026-03-28T18:50:43.885+0500] {dag.py:3089} INFO - Sync 2 DAGs
[2026-03-28T18:50:43.888+0500] {logging_mixin.py:188} INFO - [2026-03-28T18:50:43.887+0500] {dag.py:3947} INFO - Setting next_dagrun for example_subdag_operator.section-1 to None, run_after=None
[2026-03-28T18:50:43.888+0500] {logging_mixin.py:188} INFO - [2026-03-28T18:50:43.888+0500] {dag.py:3947} INFO - Setting next_dagrun for example_subdag_operator.section-2 to None, run_after=None
[2026-03-28T18:50:43.897+0500] {processor.py:183} INFO - Processing /home/abayturar/airflow-project/venv/lib/python3.12/site-packages/airflow/example_dags/example_subdag_operator.py took 0.094 seconds
[2026-03-28T18:51:31.643+0500] {processor.py:161} INFO - Started process (PID=23409) to work on /home/abayturar/airflow-project/venv/lib/python3.12/site-packages/airflow/example_dags/example_subdag_operator.py
[2026-03-28T18:51:31.644+0500] {processor.py:830} INFO - Processing file /home/abayturar/airflow-project/venv/lib/python3.12/site-packages/airflow/example_dags/example_subdag_operator.py for tasks to queue
[2026-03-28T18:51:31.645+0500] {logging_mixin.py:188} INFO - [2026-03-28T18:51:31.645+0500] {dagbag.py:545} INFO - Filling up the DagBag from /home/abayturar/airflow-project/venv/lib/python3.12/site-packages/airflow/example_dags/example_subdag_operator.py
[2026-03-28T18:51:31.668+0500] {processor.py:840} INFO - DAG(s) 'example_subdag_operator.section-1', 'example_subdag_operator.section-2', 'example_subdag_operator' retrieved from /home/abayturar/airflow-project/venv/lib/python3.12/site-packages/airflow/example_dags/example_subdag_operator.py
[2026-03-28T18:51:31.681+0500] {logging_mixin.py:188} INFO - [2026-03-28T18:51:31.680+0500] {dag.py:3089} INFO - Sync 3 DAGs
[2026-03-28T18:51:31.697+0500] {logging_mixin.py:188} INFO - [2026-03-28T18:51:31.697+0500] {dag.py:3947} INFO - Setting next_dagrun for example_subdag_operator to 2022-01-01 00:00:00+00:00, run_after=2022-01-01 00:00:00+00:00
[2026-03-28T18:51:31.700+0500] {logging_mixin.py:188} INFO - [2026-03-28T18:51:31.700+0500] {dag.py:3947} INFO - Setting next_dagrun for example_subdag_operator.section-1 to None, run_after=None
[2026-03-28T18:51:31.701+0500] {logging_mixin.py:188} INFO - [2026-03-28T18:51:31.701+0500] {dag.py:3947} INFO - Setting next_dagrun for example_subdag_operator.section-2 to None, run_after=None
[2026-03-28T18:51:31.707+0500] {logging_mixin.py:188} INFO - [2026-03-28T18:51:31.707+0500] {dag.py:3089} INFO - Sync 2 DAGs
[2026-03-28T18:51:31.710+0500] {logging_mixin.py:188} INFO - [2026-03-28T18:51:31.710+0500] {dag.py:3947} INFO - Setting next_dagrun for example_subdag_operator.section-1 to None, run_after=None
[2026-03-28T18:51:31.710+0500] {logging_mixin.py:188} INFO - [2026-03-28T18:51:31.710+0500] {dag.py:3947} INFO - Setting next_dagrun for example_subdag_operator.section-2 to None, run_after=None
[2026-03-28T18:51:31.721+0500] {processor.py:183} INFO - Processing /home/abayturar/airflow-project/venv/lib/python3.12/site-packages/airflow/example_dags/example_subdag_operator.py took 0.085 seconds
[2026-03-28T18:52:17.984+0500] {processor.py:161} INFO - Started process (PID=23533) to work on /home/abayturar/airflow-project/venv/lib/python3.12/site-packages/airflow/example_dags/example_subdag_operator.py
[2026-03-28T18:52:17.985+0500] {processor.py:830} INFO - Processing file /home/abayturar/airflow-project/venv/lib/python3.12/site-packages/airflow/example_dags/example_subdag_operator.py for tasks to queue
[2026-03-28T18:52:17.987+0500] {logging_mixin.py:188} INFO - [2026-03-28T18:52:17.987+0500] {dagbag.py:545} INFO - Filling up the DagBag from /home/abayturar/airflow-project/venv/lib/python3.12/site-packages/airflow/example_dags/example_subdag_operator.py
[2026-03-28T18:52:18.012+0500] {processor.py:840} INFO - DAG(s) 'example_subdag_operator.section-1', 'example_subdag_operator.section-2', 'example_subdag_operator' retrieved from /home/abayturar/airflow-project/venv/lib/python3.12/site-packages/airflow/example_dags/example_subdag_operator.py
[2026-03-28T18:52:18.024+0500] {logging_mixin.py:188} INFO - [2026-03-28T18:52:18.024+0500] {dag.py:3089} INFO - Sync 3 DAGs
[2026-03-28T18:52:18.040+0500] {logging_mixin.py:188} INFO - [2026-03-28T18:52:18.039+0500] {dag.py:3947} INFO - Setting next_dagrun for example_subdag_operator to 2022-01-01 00:00:00+00:00, run_after=2022-01-01 00:00:00+00:00
[2026-03-28T18:52:18.042+0500] {logging_mixin.py:188} INFO - [2026-03-28T18:52:18.042+0500] {dag.py:3947} INFO - Setting next_dagrun for example_subdag_operator.section-1 to None, run_after=None
[2026-03-28T18:52:18.043+0500] {logging_mixin.py:188} INFO - [2026-03-28T18:52:18.043+0500] {dag.py:3947} INFO - Setting next_dagrun for example_subdag_operator.section-2 to None, run_after=None
[2026-03-28T18:52:18.049+0500] {logging_mixin.py:188} INFO - [2026-03-28T18:52:18.048+0500] {dag.py:3089} INFO - Sync 2 DAGs
[2026-03-28T18:52:18.051+0500] {logging_mixin.py:188} INFO - [2026-03-28T18:52:18.051+0500] {dag.py:3947} INFO - Setting next_dagrun for example_subdag_operator.section-1 to None, run_after=None
[2026-03-28T18:52:18.051+0500] {logging_mixin.py:188} INFO - [2026-03-28T18:52:18.051+0500] {dag.py:3947} INFO - Setting next_dagrun for example_subdag_operator.section-2 to None, run_after=None
[2026-03-28T18:52:18.062+0500] {processor.py:183} INFO - Processing /home/abayturar/airflow-project/venv/lib/python3.12/site-packages/airflow/example_dags/example_subdag_operator.py took 0.085 seconds
[2026-03-28T18:53:02.400+0500] {processor.py:161} INFO - Started process (PID=23655) to work on /home/abayturar/airflow-project/venv/lib/python3.12/site-packages/airflow/example_dags/example_subdag_operator.py
[2026-03-28T18:53:02.401+0500] {processor.py:830} INFO - Processing file /home/abayturar/airflow-project/venv/lib/python3.12/site-packages/airflow/example_dags/example_subdag_operator.py for tasks to queue
[2026-03-28T18:53:02.403+0500] {logging_mixin.py:188} INFO - [2026-03-28T18:53:02.403+0500] {dagbag.py:545} INFO - Filling up the DagBag from /home/abayturar/airflow-project/venv/lib/python3.12/site-packages/airflow/example_dags/example_subdag_operator.py
[2026-03-28T18:53:02.424+0500] {processor.py:840} INFO - DAG(s) 'example_subdag_operator.section-1', 'example_subdag_operator.section-2', 'example_subdag_operator' retrieved from /home/abayturar/airflow-project/venv/lib/python3.12/site-packages/airflow/example_dags/example_subdag_operator.py
[2026-03-28T18:53:02.435+0500] {logging_mixin.py:188} INFO - [2026-03-28T18:53:02.435+0500] {dag.py:3089} INFO - Sync 3 DAGs
[2026-03-28T18:53:02.448+0500] {logging_mixin.py:188} INFO - [2026-03-28T18:53:02.448+0500] {dag.py:3947} INFO - Setting next_dagrun for example_subdag_operator to 2022-01-01 00:00:00+00:00, run_after=2022-01-01 00:00:00+00:00
[2026-03-28T18:53:02.450+0500] {logging_mixin.py:188} INFO - [2026-03-28T18:53:02.450+0500] {dag.py:3947} INFO - Setting next_dagrun for example_subdag_operator.section-1 to None, run_after=None
[2026-03-28T18:53:02.451+0500] {logging_mixin.py:188} INFO - [2026-03-28T18:53:02.450+0500] {dag.py:3947} INFO - Setting next_dagrun for example_subdag_operator.section-2 to None, run_after=None
[2026-03-28T18:53:02.455+0500] {logging_mixin.py:188} INFO - [2026-03-28T18:53:02.455+0500] {dag.py:3089} INFO - Sync 2 DAGs
[2026-03-28T18:53:02.457+0500] {logging_mixin.py:188} INFO - [2026-03-28T18:53:02.457+0500] {dag.py:3947} INFO - Setting next_dagrun for example_subdag_operator.section-1 to None, run_after=None
[2026-03-28T18:53:02.457+0500] {logging_mixin.py:188} INFO - [2026-03-28T18:53:02.457+0500] {dag.py:3947} INFO - Setting next_dagrun for example_subdag_operator.section-2 to None, run_after=None
[2026-03-28T18:53:02.479+0500] {processor.py:183} INFO - Processing /home/abayturar/airflow-project/venv/lib/python3.12/site-packages/airflow/example_dags/example_subdag_operator.py took 0.085 seconds
[2026-03-28T18:53:47.988+0500] {processor.py:161} INFO - Started process (PID=23775) to work on /home/abayturar/airflow-project/venv/lib/python3.12/site-packages/airflow/example_dags/example_subdag_operator.py
[2026-03-28T18:53:47.989+0500] {processor.py:830} INFO - Processing file /home/abayturar/airflow-project/venv/lib/python3.12/site-packages/airflow/example_dags/example_subdag_operator.py for tasks to queue
[2026-03-28T18:53:47.991+0500] {logging_mixin.py:188} INFO - [2026-03-28T18:53:47.990+0500] {dagbag.py:545} INFO - Filling up the DagBag from /home/abayturar/airflow-project/venv/lib/python3.12/site-packages/airflow/example_dags/example_subdag_operator.py
[2026-03-28T18:53:48.011+0500] {processor.py:840} INFO - DAG(s) 'example_subdag_operator.section-1', 'example_subdag_operator.section-2', 'example_subdag_operator' retrieved from /home/abayturar/airflow-project/venv/lib/python3.12/site-packages/airflow/example_dags/example_subdag_operator.py
[2026-03-28T18:53:48.021+0500] {logging_mixin.py:188} INFO - [2026-03-28T18:53:48.020+0500] {dag.py:3089} INFO - Sync 3 DAGs
[2026-03-28T18:53:48.034+0500] {logging_mixin.py:188} INFO - [2026-03-28T18:53:48.034+0500] {dag.py:3947} INFO - Setting next_dagrun for example_subdag_operator to 2022-01-01 00:00:00+00:00, run_after=2022-01-01 00:00:00+00:00
[2026-03-28T18:53:48.036+0500] {logging_mixin.py:188} INFO - [2026-03-28T18:53:48.036+0500] {dag.py:3947} INFO - Setting next_dagrun for example_subdag_operator.section-1 to None, run_after=None
[2026-03-28T18:53:48.037+0500] {logging_mixin.py:188} INFO - [2026-03-28T18:53:48.037+0500] {dag.py:3947} INFO - Setting next_dagrun for example_subdag_operator.section-2 to None, run_after=None
[2026-03-28T18:53:48.041+0500] {logging_mixin.py:188} INFO - [2026-03-28T18:53:48.041+0500] {dag.py:3089} INFO - Sync 2 DAGs
[2026-03-28T18:53:48.043+0500] {logging_mixin.py:188} INFO - [2026-03-28T18:53:48.043+0500] {dag.py:3947} INFO - Setting next_dagrun for example_subdag_operator.section-1 to None, run_after=None
[2026-03-28T18:53:48.044+0500] {logging_mixin.py:188} INFO - [2026-03-28T18:53:48.044+0500] {dag.py:3947} INFO - Setting next_dagrun for example_subdag_operator.section-2 to None, run_after=None
[2026-03-28T18:53:48.053+0500] {processor.py:183} INFO - Processing /home/abayturar/airflow-project/venv/lib/python3.12/site-packages/airflow/example_dags/example_subdag_operator.py took 0.071 seconds
[2026-03-28T18:54:33.196+0500] {processor.py:161} INFO - Started process (PID=23898) to work on /home/abayturar/airflow-project/venv/lib/python3.12/site-packages/airflow/example_dags/example_subdag_operator.py
[2026-03-28T18:54:33.197+0500] {processor.py:830} INFO - Processing file /home/abayturar/airflow-project/venv/lib/python3.12/site-packages/airflow/example_dags/example_subdag_operator.py for tasks to queue
[2026-03-28T18:54:33.199+0500] {logging_mixin.py:188} INFO - [2026-03-28T18:54:33.199+0500] {dagbag.py:545} INFO - Filling up the DagBag from /home/abayturar/airflow-project/venv/lib/python3.12/site-packages/airflow/example_dags/example_subdag_operator.py
[2026-03-28T18:54:33.219+0500] {processor.py:840} INFO - DAG(s) 'example_subdag_operator.section-1', 'example_subdag_operator.section-2', 'example_subdag_operator' retrieved from /home/abayturar/airflow-project/venv/lib/python3.12/site-packages/airflow/example_dags/example_subdag_operator.py
[2026-03-28T18:54:33.230+0500] {logging_mixin.py:188} INFO - [2026-03-28T18:54:33.230+0500] {dag.py:3089} INFO - Sync 3 DAGs
[2026-03-28T18:54:33.243+0500] {logging_mixin.py:188} INFO - [2026-03-28T18:54:33.243+0500] {dag.py:3947} INFO - Setting next_dagrun for example_subdag_operator to 2022-01-01 00:00:00+00:00, run_after=2022-01-01 00:00:00+00:00
[2026-03-28T18:54:33.245+0500] {logging_mixin.py:188} INFO - [2026-03-28T18:54:33.245+0500] {dag.py:3947} INFO - Setting next_dagrun for example_subdag_operator.section-1 to None, run_after=None
[2026-03-28T18:54:33.246+0500] {logging_mixin.py:188} INFO - [2026-03-28T18:54:33.246+0500] {dag.py:3947} INFO - Setting next_dagrun for example_subdag_operator.section-2 to None, run_after=None
[2026-03-28T18:54:33.250+0500] {logging_mixin.py:188} INFO - [2026-03-28T18:54:33.250+0500] {dag.py:3089} INFO - Sync 2 DAGs
[2026-03-28T18:54:33.252+0500] {logging_mixin.py:188} INFO - [2026-03-28T18:54:33.252+0500] {dag.py:3947} INFO - Setting next_dagrun for example_subdag_operator.section-1 to None, run_after=None
[2026-03-28T18:54:33.253+0500] {logging_mixin.py:188} INFO - [2026-03-28T18:54:33.253+0500] {dag.py:3947} INFO - Setting next_dagrun for example_subdag_operator.section-2 to None, run_after=None
[2026-03-28T18:54:33.274+0500] {processor.py:183} INFO - Processing /home/abayturar/airflow-project/venv/lib/python3.12/site-packages/airflow/example_dags/example_subdag_operator.py took 0.084 seconds
[2026-03-28T18:55:18.870+0500] {processor.py:161} INFO - Started process (PID=24019) to work on /home/abayturar/airflow-project/venv/lib/python3.12/site-packages/airflow/example_dags/example_subdag_operator.py
[2026-03-28T18:55:18.872+0500] {processor.py:830} INFO - Processing file /home/abayturar/airflow-project/venv/lib/python3.12/site-packages/airflow/example_dags/example_subdag_operator.py for tasks to queue
[2026-03-28T18:55:18.877+0500] {logging_mixin.py:188} INFO - [2026-03-28T18:55:18.876+0500] {dagbag.py:545} INFO - Filling up the DagBag from /home/abayturar/airflow-project/venv/lib/python3.12/site-packages/airflow/example_dags/example_subdag_operator.py
[2026-03-28T18:55:18.920+0500] {processor.py:840} INFO - DAG(s) 'example_subdag_operator.section-1', 'example_subdag_operator.section-2', 'example_subdag_operator' retrieved from /home/abayturar/airflow-project/venv/lib/python3.12/site-packages/airflow/example_dags/example_subdag_operator.py
[2026-03-28T18:55:18.943+0500] {logging_mixin.py:188} INFO - [2026-03-28T18:55:18.943+0500] {dag.py:3089} INFO - Sync 3 DAGs
[2026-03-28T18:55:18.978+0500] {logging_mixin.py:188} INFO - [2026-03-28T18:55:18.974+0500] {dag.py:3947} INFO - Setting next_dagrun for example_subdag_operator to 2022-01-01 00:00:00+00:00, run_after=2022-01-01 00:00:00+00:00
[2026-03-28T18:55:18.985+0500] {logging_mixin.py:188} INFO - [2026-03-28T18:55:18.985+0500] {dag.py:3947} INFO - Setting next_dagrun for example_subdag_operator.section-1 to None, run_after=None
[2026-03-28T18:55:18.986+0500] {logging_mixin.py:188} INFO - [2026-03-28T18:55:18.986+0500] {dag.py:3947} INFO - Setting next_dagrun for example_subdag_operator.section-2 to None, run_after=None
[2026-03-28T18:55:18.993+0500] {logging_mixin.py:188} INFO - [2026-03-28T18:55:18.992+0500] {dag.py:3089} INFO - Sync 2 DAGs
[2026-03-28T18:55:18.999+0500] {logging_mixin.py:188} INFO - [2026-03-28T18:55:18.999+0500] {dag.py:3947} INFO - Setting next_dagrun for example_subdag_operator.section-1 to None, run_after=None
[2026-03-28T18:55:19.000+0500] {logging_mixin.py:188} INFO - [2026-03-28T18:55:19.000+0500] {dag.py:3947} INFO - Setting next_dagrun for example_subdag_operator.section-2 to None, run_after=None
[2026-03-28T18:55:19.024+0500] {processor.py:183} INFO - Processing /home/abayturar/airflow-project/venv/lib/python3.12/site-packages/airflow/example_dags/example_subdag_operator.py took 0.168 seconds
[2026-03-28T18:56:12.912+0500] {processor.py:161} INFO - Started process (PID=24158) to work on /home/abayturar/airflow-project/venv/lib/python3.12/site-packages/airflow/example_dags/example_subdag_operator.py
[2026-03-28T18:56:12.913+0500] {processor.py:830} INFO - Processing file /home/abayturar/airflow-project/venv/lib/python3.12/site-packages/airflow/example_dags/example_subdag_operator.py for tasks to queue
[2026-03-28T18:56:12.915+0500] {logging_mixin.py:188} INFO - [2026-03-28T18:56:12.914+0500] {dagbag.py:545} INFO - Filling up the DagBag from /home/abayturar/airflow-project/venv/lib/python3.12/site-packages/airflow/example_dags/example_subdag_operator.py
[2026-03-28T18:56:12.935+0500] {processor.py:840} INFO - DAG(s) 'example_subdag_operator.section-1', 'example_subdag_operator.section-2', 'example_subdag_operator' retrieved from /home/abayturar/airflow-project/venv/lib/python3.12/site-packages/airflow/example_dags/example_subdag_operator.py
[2026-03-28T18:56:12.947+0500] {logging_mixin.py:188} INFO - [2026-03-28T18:56:12.947+0500] {dag.py:3089} INFO - Sync 3 DAGs
[2026-03-28T18:56:12.960+0500] {logging_mixin.py:188} INFO - [2026-03-28T18:56:12.960+0500] {dag.py:3947} INFO - Setting next_dagrun for example_subdag_operator to 2022-01-01 00:00:00+00:00, run_after=2022-01-01 00:00:00+00:00
[2026-03-28T18:56:12.962+0500] {logging_mixin.py:188} INFO - [2026-03-28T18:56:12.962+0500] {dag.py:3947} INFO - Setting next_dagrun for example_subdag_operator.section-1 to None, run_after=None
[2026-03-28T18:56:12.963+0500] {logging_mixin.py:188} INFO - [2026-03-28T18:56:12.963+0500] {dag.py:3947} INFO - Setting next_dagrun for example_subdag_operator.section-2 to None, run_after=None
[2026-03-28T18:56:12.968+0500] {logging_mixin.py:188} INFO - [2026-03-28T18:56:12.967+0500] {dag.py:3089} INFO - Sync 2 DAGs
[2026-03-28T18:56:12.970+0500] {logging_mixin.py:188} INFO - [2026-03-28T18:56:12.970+0500] {dag.py:3947} INFO - Setting next_dagrun for example_subdag_operator.section-1 to None, run_after=None
[2026-03-28T18:56:12.971+0500] {logging_mixin.py:188} INFO - [2026-03-28T18:56:12.970+0500] {dag.py:3947} INFO - Setting next_dagrun for example_subdag_operator.section-2 to None, run_after=None
[2026-03-28T18:56:12.988+0500] {processor.py:183} INFO - Processing /home/abayturar/airflow-project/venv/lib/python3.12/site-packages/airflow/example_dags/example_subdag_operator.py took 0.082 seconds
[2026-03-28T18:57:03.282+0500] {processor.py:161} INFO - Started process (PID=24291) to work on /home/abayturar/airflow-project/venv/lib/python3.12/site-packages/airflow/example_dags/example_subdag_operator.py
[2026-03-28T18:57:03.284+0500] {processor.py:830} INFO - Processing file /home/abayturar/airflow-project/venv/lib/python3.12/site-packages/airflow/example_dags/example_subdag_operator.py for tasks to queue
[2026-03-28T18:57:03.288+0500] {logging_mixin.py:188} INFO - [2026-03-28T18:57:03.287+0500] {dagbag.py:545} INFO - Filling up the DagBag from /home/abayturar/airflow-project/venv/lib/python3.12/site-packages/airflow/example_dags/example_subdag_operator.py
[2026-03-28T18:57:03.317+0500] {processor.py:840} INFO - DAG(s) 'example_subdag_operator.section-1', 'example_subdag_operator.section-2', 'example_subdag_operator' retrieved from /home/abayturar/airflow-project/venv/lib/python3.12/site-packages/airflow/example_dags/example_subdag_operator.py
[2026-03-28T18:57:03.333+0500] {logging_mixin.py:188} INFO - [2026-03-28T18:57:03.333+0500] {dag.py:3089} INFO - Sync 3 DAGs
[2026-03-28T18:57:03.354+0500] {logging_mixin.py:188} INFO - [2026-03-28T18:57:03.354+0500] {dag.py:3947} INFO - Setting next_dagrun for example_subdag_operator to 2022-01-01 00:00:00+00:00, run_after=2022-01-01 00:00:00+00:00
[2026-03-28T18:57:03.357+0500] {logging_mixin.py:188} INFO - [2026-03-28T18:57:03.357+0500] {dag.py:3947} INFO - Setting next_dagrun for example_subdag_operator.section-1 to None, run_after=None
[2026-03-28T18:57:03.358+0500] {logging_mixin.py:188} INFO - [2026-03-28T18:57:03.358+0500] {dag.py:3947} INFO - Setting next_dagrun for example_subdag_operator.section-2 to None, run_after=None
[2026-03-28T18:57:03.365+0500] {logging_mixin.py:188} INFO - [2026-03-28T18:57:03.365+0500] {dag.py:3089} INFO - Sync 2 DAGs
[2026-03-28T18:57:03.371+0500] {logging_mixin.py:188} INFO - [2026-03-28T18:57:03.371+0500] {dag.py:3947} INFO - Setting next_dagrun for example_subdag_operator.section-1 to None, run_after=None
[2026-03-28T18:57:03.372+0500] {logging_mixin.py:188} INFO - [2026-03-28T18:57:03.372+0500] {dag.py:3947} INFO - Setting next_dagrun for example_subdag_operator.section-2 to None, run_after=None
[2026-03-28T18:57:03.397+0500] {processor.py:183} INFO - Processing /home/abayturar/airflow-project/venv/lib/python3.12/site-packages/airflow/example_dags/example_subdag_operator.py took 0.124 seconds
[2026-03-28T18:57:50.555+0500] {processor.py:161} INFO - Started process (PID=24417) to work on /home/abayturar/airflow-project/venv/lib/python3.12/site-packages/airflow/example_dags/example_subdag_operator.py
[2026-03-28T18:57:50.556+0500] {processor.py:830} INFO - Processing file /home/abayturar/airflow-project/venv/lib/python3.12/site-packages/airflow/example_dags/example_subdag_operator.py for tasks to queue
[2026-03-28T18:57:50.559+0500] {logging_mixin.py:188} INFO - [2026-03-28T18:57:50.559+0500] {dagbag.py:545} INFO - Filling up the DagBag from /home/abayturar/airflow-project/venv/lib/python3.12/site-packages/airflow/example_dags/example_subdag_operator.py
[2026-03-28T18:57:50.582+0500] {processor.py:840} INFO - DAG(s) 'example_subdag_operator.section-1', 'example_subdag_operator.section-2', 'example_subdag_operator' retrieved from /home/abayturar/airflow-project/venv/lib/python3.12/site-packages/airflow/example_dags/example_subdag_operator.py
[2026-03-28T18:57:50.595+0500] {logging_mixin.py:188} INFO - [2026-03-28T18:57:50.595+0500] {dag.py:3089} INFO - Sync 3 DAGs
[2026-03-28T18:57:50.611+0500] {logging_mixin.py:188} INFO - [2026-03-28T18:57:50.611+0500] {dag.py:3947} INFO - Setting next_dagrun for example_subdag_operator to 2022-01-01 00:00:00+00:00, run_after=2022-01-01 00:00:00+00:00
[2026-03-28T18:57:50.613+0500] {logging_mixin.py:188} INFO - [2026-03-28T18:57:50.613+0500] {dag.py:3947} INFO - Setting next_dagrun for example_subdag_operator.section-1 to None, run_after=None
[2026-03-28T18:57:50.614+0500] {logging_mixin.py:188} INFO - [2026-03-28T18:57:50.614+0500] {dag.py:3947} INFO - Setting next_dagrun for example_subdag_operator.section-2 to None, run_after=None
[2026-03-28T18:57:50.619+0500] {logging_mixin.py:188} INFO - [2026-03-28T18:57:50.619+0500] {dag.py:3089} INFO - Sync 2 DAGs
[2026-03-28T18:57:50.621+0500] {logging_mixin.py:188} INFO - [2026-03-28T18:57:50.621+0500] {dag.py:3947} INFO - Setting next_dagrun for example_subdag_operator.section-1 to None, run_after=None
[2026-03-28T18:57:50.622+0500] {logging_mixin.py:188} INFO - [2026-03-28T18:57:50.621+0500] {dag.py:3947} INFO - Setting next_dagrun for example_subdag_operator.section-2 to None, run_after=None
[2026-03-28T18:57:50.631+0500] {processor.py:183} INFO - Processing /home/abayturar/airflow-project/venv/lib/python3.12/site-packages/airflow/example_dags/example_subdag_operator.py took 0.083 seconds
[2026-03-28T18:58:38.272+0500] {processor.py:161} INFO - Started process (PID=24544) to work on /home/abayturar/airflow-project/venv/lib/python3.12/site-packages/airflow/example_dags/example_subdag_operator.py
[2026-03-28T18:58:38.273+0500] {processor.py:830} INFO - Processing file /home/abayturar/airflow-project/venv/lib/python3.12/site-packages/airflow/example_dags/example_subdag_operator.py for tasks to queue
[2026-03-28T18:58:38.276+0500] {logging_mixin.py:188} INFO - [2026-03-28T18:58:38.276+0500] {dagbag.py:545} INFO - Filling up the DagBag from /home/abayturar/airflow-project/venv/lib/python3.12/site-packages/airflow/example_dags/example_subdag_operator.py
[2026-03-28T18:58:38.299+0500] {processor.py:840} INFO - DAG(s) 'example_subdag_operator.section-1', 'example_subdag_operator.section-2', 'example_subdag_operator' retrieved from /home/abayturar/airflow-project/venv/lib/python3.12/site-packages/airflow/example_dags/example_subdag_operator.py
[2026-03-28T18:58:38.313+0500] {logging_mixin.py:188} INFO - [2026-03-28T18:58:38.312+0500] {dag.py:3089} INFO - Sync 3 DAGs
[2026-03-28T18:58:38.331+0500] {logging_mixin.py:188} INFO - [2026-03-28T18:58:38.330+0500] {dag.py:3947} INFO - Setting next_dagrun for example_subdag_operator to 2022-01-01 00:00:00+00:00, run_after=2022-01-01 00:00:00+00:00
[2026-03-28T18:58:38.334+0500] {logging_mixin.py:188} INFO - [2026-03-28T18:58:38.334+0500] {dag.py:3947} INFO - Setting next_dagrun for example_subdag_operator.section-1 to None, run_after=None
[2026-03-28T18:58:38.335+0500] {logging_mixin.py:188} INFO - [2026-03-28T18:58:38.335+0500] {dag.py:3947} INFO - Setting next_dagrun for example_subdag_operator.section-2 to None, run_after=None
[2026-03-28T18:58:38.341+0500] {logging_mixin.py:188} INFO - [2026-03-28T18:58:38.341+0500] {dag.py:3089} INFO - Sync 2 DAGs
[2026-03-28T18:58:38.344+0500] {logging_mixin.py:188} INFO - [2026-03-28T18:58:38.344+0500] {dag.py:3947} INFO - Setting next_dagrun for example_subdag_operator.section-1 to None, run_after=None
[2026-03-28T18:58:38.344+0500] {logging_mixin.py:188} INFO - [2026-03-28T18:58:38.344+0500] {dag.py:3947} INFO - Setting next_dagrun for example_subdag_operator.section-2 to None, run_after=None
[2026-03-28T18:58:38.358+0500] {processor.py:183} INFO - Processing /home/abayturar/airflow-project/venv/lib/python3.12/site-packages/airflow/example_dags/example_subdag_operator.py took 0.094 seconds
[2026-03-28T18:59:24.206+0500] {processor.py:161} INFO - Started process (PID=24669) to work on /home/abayturar/airflow-project/venv/lib/python3.12/site-packages/airflow/example_dags/example_subdag_operator.py
[2026-03-28T18:59:24.207+0500] {processor.py:830} INFO - Processing file /home/abayturar/airflow-project/venv/lib/python3.12/site-packages/airflow/example_dags/example_subdag_operator.py for tasks to queue
[2026-03-28T18:59:24.209+0500] {logging_mixin.py:188} INFO - [2026-03-28T18:59:24.209+0500] {dagbag.py:545} INFO - Filling up the DagBag from /home/abayturar/airflow-project/venv/lib/python3.12/site-packages/airflow/example_dags/example_subdag_operator.py
[2026-03-28T18:59:24.231+0500] {processor.py:840} INFO - DAG(s) 'example_subdag_operator.section-1', 'example_subdag_operator.section-2', 'example_subdag_operator' retrieved from /home/abayturar/airflow-project/venv/lib/python3.12/site-packages/airflow/example_dags/example_subdag_operator.py
[2026-03-28T18:59:24.242+0500] {logging_mixin.py:188} INFO - [2026-03-28T18:59:24.242+0500] {dag.py:3089} INFO - Sync 3 DAGs
[2026-03-28T18:59:24.256+0500] {logging_mixin.py:188} INFO - [2026-03-28T18:59:24.256+0500] {dag.py:3947} INFO - Setting next_dagrun for example_subdag_operator to 2022-01-01 00:00:00+00:00, run_after=2022-01-01 00:00:00+00:00
[2026-03-28T18:59:24.258+0500] {logging_mixin.py:188} INFO - [2026-03-28T18:59:24.258+0500] {dag.py:3947} INFO - Setting next_dagrun for example_subdag_operator.section-1 to None, run_after=None
[2026-03-28T18:59:24.258+0500] {logging_mixin.py:188} INFO - [2026-03-28T18:59:24.258+0500] {dag.py:3947} INFO - Setting next_dagrun for example_subdag_operator.section-2 to None, run_after=None
[2026-03-28T18:59:24.263+0500] {logging_mixin.py:188} INFO - [2026-03-28T18:59:24.263+0500] {dag.py:3089} INFO - Sync 2 DAGs
[2026-03-28T18:59:24.265+0500] {logging_mixin.py:188} INFO - [2026-03-28T18:59:24.265+0500] {dag.py:3947} INFO - Setting next_dagrun for example_subdag_operator.section-1 to None, run_after=None
[2026-03-28T18:59:24.265+0500] {logging_mixin.py:188} INFO - [2026-03-28T18:59:24.265+0500] {dag.py:3947} INFO - Setting next_dagrun for example_subdag_operator.section-2 to None, run_after=None
[2026-03-28T18:59:24.287+0500] {processor.py:183} INFO - Processing /home/abayturar/airflow-project/venv/lib/python3.12/site-packages/airflow/example_dags/example_subdag_operator.py took 0.086 seconds
[2026-03-28T19:00:12.617+0500] {processor.py:161} INFO - Started process (PID=24797) to work on /home/abayturar/airflow-project/venv/lib/python3.12/site-packages/airflow/example_dags/example_subdag_operator.py
[2026-03-28T19:00:12.617+0500] {processor.py:830} INFO - Processing file /home/abayturar/airflow-project/venv/lib/python3.12/site-packages/airflow/example_dags/example_subdag_operator.py for tasks to queue
[2026-03-28T19:00:12.619+0500] {logging_mixin.py:188} INFO - [2026-03-28T19:00:12.619+0500] {dagbag.py:545} INFO - Filling up the DagBag from /home/abayturar/airflow-project/venv/lib/python3.12/site-packages/airflow/example_dags/example_subdag_operator.py
[2026-03-28T19:00:12.641+0500] {processor.py:840} INFO - DAG(s) 'example_subdag_operator.section-1', 'example_subdag_operator.section-2', 'example_subdag_operator' retrieved from /home/abayturar/airflow-project/venv/lib/python3.12/site-packages/airflow/example_dags/example_subdag_operator.py
[2026-03-28T19:00:12.652+0500] {logging_mixin.py:188} INFO - [2026-03-28T19:00:12.652+0500] {dag.py:3089} INFO - Sync 3 DAGs
[2026-03-28T19:00:12.668+0500] {logging_mixin.py:188} INFO - [2026-03-28T19:00:12.668+0500] {dag.py:3947} INFO - Setting next_dagrun for example_subdag_operator to 2022-01-01 00:00:00+00:00, run_after=2022-01-01 00:00:00+00:00
[2026-03-28T19:00:12.671+0500] {logging_mixin.py:188} INFO - [2026-03-28T19:00:12.671+0500] {dag.py:3947} INFO - Setting next_dagrun for example_subdag_operator.section-1 to None, run_after=None
[2026-03-28T19:00:12.671+0500] {logging_mixin.py:188} INFO - [2026-03-28T19:00:12.671+0500] {dag.py:3947} INFO - Setting next_dagrun for example_subdag_operator.section-2 to None, run_after=None
[2026-03-28T19:00:12.676+0500] {logging_mixin.py:188} INFO - [2026-03-28T19:00:12.676+0500] {dag.py:3089} INFO - Sync 2 DAGs
[2026-03-28T19:00:12.679+0500] {logging_mixin.py:188} INFO - [2026-03-28T19:00:12.679+0500] {dag.py:3947} INFO - Setting next_dagrun for example_subdag_operator.section-1 to None, run_after=None
[2026-03-28T19:00:12.679+0500] {logging_mixin.py:188} INFO - [2026-03-28T19:00:12.679+0500] {dag.py:3947} INFO - Setting next_dagrun for example_subdag_operator.section-2 to None, run_after=None
[2026-03-28T19:00:12.701+0500] {processor.py:183} INFO - Processing /home/abayturar/airflow-project/venv/lib/python3.12/site-packages/airflow/example_dags/example_subdag_operator.py took 0.090 seconds
[2026-03-28T19:00:57.561+0500] {processor.py:161} INFO - Started process (PID=24919) to work on /home/abayturar/airflow-project/venv/lib/python3.12/site-packages/airflow/example_dags/example_subdag_operator.py
[2026-03-28T19:00:57.562+0500] {processor.py:830} INFO - Processing file /home/abayturar/airflow-project/venv/lib/python3.12/site-packages/airflow/example_dags/example_subdag_operator.py for tasks to queue
[2026-03-28T19:00:57.564+0500] {logging_mixin.py:188} INFO - [2026-03-28T19:00:57.563+0500] {dagbag.py:545} INFO - Filling up the DagBag from /home/abayturar/airflow-project/venv/lib/python3.12/site-packages/airflow/example_dags/example_subdag_operator.py
[2026-03-28T19:00:57.586+0500] {processor.py:840} INFO - DAG(s) 'example_subdag_operator.section-1', 'example_subdag_operator.section-2', 'example_subdag_operator' retrieved from /home/abayturar/airflow-project/venv/lib/python3.12/site-packages/airflow/example_dags/example_subdag_operator.py
[2026-03-28T19:00:57.598+0500] {logging_mixin.py:188} INFO - [2026-03-28T19:00:57.598+0500] {dag.py:3089} INFO - Sync 3 DAGs
[2026-03-28T19:00:57.613+0500] {logging_mixin.py:188} INFO - [2026-03-28T19:00:57.613+0500] {dag.py:3947} INFO - Setting next_dagrun for example_subdag_operator to 2022-01-01 00:00:00+00:00, run_after=2022-01-01 00:00:00+00:00
[2026-03-28T19:00:57.615+0500] {logging_mixin.py:188} INFO - [2026-03-28T19:00:57.615+0500] {dag.py:3947} INFO - Setting next_dagrun for example_subdag_operator.section-1 to None, run_after=None
[2026-03-28T19:00:57.616+0500] {logging_mixin.py:188} INFO - [2026-03-28T19:00:57.615+0500] {dag.py:3947} INFO - Setting next_dagrun for example_subdag_operator.section-2 to None, run_after=None
[2026-03-28T19:00:57.621+0500] {logging_mixin.py:188} INFO - [2026-03-28T19:00:57.621+0500] {dag.py:3089} INFO - Sync 2 DAGs
[2026-03-28T19:00:57.623+0500] {logging_mixin.py:188} INFO - [2026-03-28T19:00:57.623+0500] {dag.py:3947} INFO - Setting next_dagrun for example_subdag_operator.section-1 to None, run_after=None
[2026-03-28T19:00:57.623+0500] {logging_mixin.py:188} INFO - [2026-03-28T19:00:57.623+0500] {dag.py:3947} INFO - Setting next_dagrun for example_subdag_operator.section-2 to None, run_after=None
[2026-03-28T19:00:57.646+0500] {processor.py:183} INFO - Processing /home/abayturar/airflow-project/venv/lib/python3.12/site-packages/airflow/example_dags/example_subdag_operator.py took 0.092 seconds
[2026-03-28T19:01:47.446+0500] {processor.py:161} INFO - Started process (PID=25051) to work on /home/abayturar/airflow-project/venv/lib/python3.12/site-packages/airflow/example_dags/example_subdag_operator.py
[2026-03-28T19:01:47.447+0500] {processor.py:830} INFO - Processing file /home/abayturar/airflow-project/venv/lib/python3.12/site-packages/airflow/example_dags/example_subdag_operator.py for tasks to queue
[2026-03-28T19:01:47.449+0500] {logging_mixin.py:188} INFO - [2026-03-28T19:01:47.449+0500] {dagbag.py:545} INFO - Filling up the DagBag from /home/abayturar/airflow-project/venv/lib/python3.12/site-packages/airflow/example_dags/example_subdag_operator.py
[2026-03-28T19:01:47.470+0500] {processor.py:840} INFO - DAG(s) 'example_subdag_operator.section-1', 'example_subdag_operator.section-2', 'example_subdag_operator' retrieved from /home/abayturar/airflow-project/venv/lib/python3.12/site-packages/airflow/example_dags/example_subdag_operator.py
[2026-03-28T19:01:47.482+0500] {logging_mixin.py:188} INFO - [2026-03-28T19:01:47.482+0500] {dag.py:3089} INFO - Sync 3 DAGs
[2026-03-28T19:01:47.496+0500] {logging_mixin.py:188} INFO - [2026-03-28T19:01:47.496+0500] {dag.py:3947} INFO - Setting next_dagrun for example_subdag_operator to 2022-01-01 00:00:00+00:00, run_after=2022-01-01 00:00:00+00:00
[2026-03-28T19:01:47.498+0500] {logging_mixin.py:188} INFO - [2026-03-28T19:01:47.498+0500] {dag.py:3947} INFO - Setting next_dagrun for example_subdag_operator.section-1 to None, run_after=None
[2026-03-28T19:01:47.499+0500] {logging_mixin.py:188} INFO - [2026-03-28T19:01:47.499+0500] {dag.py:3947} INFO - Setting next_dagrun for example_subdag_operator.section-2 to None, run_after=None
[2026-03-28T19:01:47.504+0500] {logging_mixin.py:188} INFO - [2026-03-28T19:01:47.503+0500] {dag.py:3089} INFO - Sync 2 DAGs
[2026-03-28T19:01:47.506+0500] {logging_mixin.py:188} INFO - [2026-03-28T19:01:47.506+0500] {dag.py:3947} INFO - Setting next_dagrun for example_subdag_operator.section-1 to None, run_after=None
[2026-03-28T19:01:47.506+0500] {logging_mixin.py:188} INFO - [2026-03-28T19:01:47.506+0500] {dag.py:3947} INFO - Setting next_dagrun for example_subdag_operator.section-2 to None, run_after=None
[2026-03-28T19:01:47.528+0500] {processor.py:183} INFO - Processing /home/abayturar/airflow-project/venv/lib/python3.12/site-packages/airflow/example_dags/example_subdag_operator.py took 0.088 seconds
[2026-03-28T19:02:32.211+0500] {processor.py:161} INFO - Started process (PID=25173) to work on /home/abayturar/airflow-project/venv/lib/python3.12/site-packages/airflow/example_dags/example_subdag_operator.py
[2026-03-28T19:02:32.212+0500] {processor.py:830} INFO - Processing file /home/abayturar/airflow-project/venv/lib/python3.12/site-packages/airflow/example_dags/example_subdag_operator.py for tasks to queue
[2026-03-28T19:02:32.214+0500] {logging_mixin.py:188} INFO - [2026-03-28T19:02:32.213+0500] {dagbag.py:545} INFO - Filling up the DagBag from /home/abayturar/airflow-project/venv/lib/python3.12/site-packages/airflow/example_dags/example_subdag_operator.py
[2026-03-28T19:02:32.237+0500] {processor.py:840} INFO - DAG(s) 'example_subdag_operator.section-1', 'example_subdag_operator.section-2', 'example_subdag_operator' retrieved from /home/abayturar/airflow-project/venv/lib/python3.12/site-packages/airflow/example_dags/example_subdag_operator.py
[2026-03-28T19:02:32.251+0500] {logging_mixin.py:188} INFO - [2026-03-28T19:02:32.250+0500] {dag.py:3089} INFO - Sync 3 DAGs
[2026-03-28T19:02:32.266+0500] {logging_mixin.py:188} INFO - [2026-03-28T19:02:32.265+0500] {dag.py:3947} INFO - Setting next_dagrun for example_subdag_operator to 2022-01-01 00:00:00+00:00, run_after=2022-01-01 00:00:00+00:00
[2026-03-28T19:02:32.269+0500] {logging_mixin.py:188} INFO - [2026-03-28T19:02:32.268+0500] {dag.py:3947} INFO - Setting next_dagrun for example_subdag_operator.section-1 to None, run_after=None
[2026-03-28T19:02:32.269+0500] {logging_mixin.py:188} INFO - [2026-03-28T19:02:32.269+0500] {dag.py:3947} INFO - Setting next_dagrun for example_subdag_operator.section-2 to None, run_after=None
[2026-03-28T19:02:32.274+0500] {logging_mixin.py:188} INFO - [2026-03-28T19:02:32.274+0500] {dag.py:3089} INFO - Sync 2 DAGs
[2026-03-28T19:02:32.277+0500] {logging_mixin.py:188} INFO - [2026-03-28T19:02:32.277+0500] {dag.py:3947} INFO - Setting next_dagrun for example_subdag_operator.section-1 to None, run_after=None
[2026-03-28T19:02:32.277+0500] {logging_mixin.py:188} INFO - [2026-03-28T19:02:32.277+0500] {dag.py:3947} INFO - Setting next_dagrun for example_subdag_operator.section-2 to None, run_after=None
[2026-03-28T19:02:32.288+0500] {processor.py:183} INFO - Processing /home/abayturar/airflow-project/venv/lib/python3.12/site-packages/airflow/example_dags/example_subdag_operator.py took 0.084 seconds
[2026-03-28T19:03:13.914+0500] {processor.py:161} INFO - Started process (PID=25286) to work on /home/abayturar/airflow-project/venv/lib/python3.12/site-packages/airflow/example_dags/example_subdag_operator.py
[2026-03-28T19:03:13.915+0500] {processor.py:830} INFO - Processing file /home/abayturar/airflow-project/venv/lib/python3.12/site-packages/airflow/example_dags/example_subdag_operator.py for tasks to queue
[2026-03-28T19:03:13.916+0500] {logging_mixin.py:188} INFO - [2026-03-28T19:03:13.916+0500] {dagbag.py:545} INFO - Filling up the DagBag from /home/abayturar/airflow-project/venv/lib/python3.12/site-packages/airflow/example_dags/example_subdag_operator.py
[2026-03-28T19:03:13.939+0500] {processor.py:840} INFO - DAG(s) 'example_subdag_operator.section-1', 'example_subdag_operator.section-2', 'example_subdag_operator' retrieved from /home/abayturar/airflow-project/venv/lib/python3.12/site-packages/airflow/example_dags/example_subdag_operator.py
[2026-03-28T19:03:13.950+0500] {logging_mixin.py:188} INFO - [2026-03-28T19:03:13.950+0500] {dag.py:3089} INFO - Sync 3 DAGs
[2026-03-28T19:03:13.962+0500] {logging_mixin.py:188} INFO - [2026-03-28T19:03:13.962+0500] {dag.py:3947} INFO - Setting next_dagrun for example_subdag_operator to 2022-01-01 00:00:00+00:00, run_after=2022-01-01 00:00:00+00:00
[2026-03-28T19:03:13.965+0500] {logging_mixin.py:188} INFO - [2026-03-28T19:03:13.964+0500] {dag.py:3947} INFO - Setting next_dagrun for example_subdag_operator.section-1 to None, run_after=None
[2026-03-28T19:03:13.965+0500] {logging_mixin.py:188} INFO - [2026-03-28T19:03:13.965+0500] {dag.py:3947} INFO - Setting next_dagrun for example_subdag_operator.section-2 to None, run_after=None
[2026-03-28T19:03:13.969+0500] {logging_mixin.py:188} INFO - [2026-03-28T19:03:13.969+0500] {dag.py:3089} INFO - Sync 2 DAGs
[2026-03-28T19:03:13.972+0500] {logging_mixin.py:188} INFO - [2026-03-28T19:03:13.972+0500] {dag.py:3947} INFO - Setting next_dagrun for example_subdag_operator.section-1 to None, run_after=None
[2026-03-28T19:03:13.972+0500] {logging_mixin.py:188} INFO - [2026-03-28T19:03:13.972+0500] {dag.py:3947} INFO - Setting next_dagrun for example_subdag_operator.section-2 to None, run_after=None
[2026-03-28T19:03:13.993+0500] {processor.py:183} INFO - Processing /home/abayturar/airflow-project/venv/lib/python3.12/site-packages/airflow/example_dags/example_subdag_operator.py took 0.085 seconds
[2026-03-28T19:03:58.742+0500] {processor.py:161} INFO - Started process (PID=25408) to work on /home/abayturar/airflow-project/venv/lib/python3.12/site-packages/airflow/example_dags/example_subdag_operator.py
[2026-03-28T19:03:58.743+0500] {processor.py:830} INFO - Processing file /home/abayturar/airflow-project/venv/lib/python3.12/site-packages/airflow/example_dags/example_subdag_operator.py for tasks to queue
[2026-03-28T19:03:58.745+0500] {logging_mixin.py:188} INFO - [2026-03-28T19:03:58.745+0500] {dagbag.py:545} INFO - Filling up the DagBag from /home/abayturar/airflow-project/venv/lib/python3.12/site-packages/airflow/example_dags/example_subdag_operator.py
[2026-03-28T19:03:58.765+0500] {processor.py:840} INFO - DAG(s) 'example_subdag_operator.section-1', 'example_subdag_operator.section-2', 'example_subdag_operator' retrieved from /home/abayturar/airflow-project/venv/lib/python3.12/site-packages/airflow/example_dags/example_subdag_operator.py
[2026-03-28T19:03:58.775+0500] {logging_mixin.py:188} INFO - [2026-03-28T19:03:58.775+0500] {dag.py:3089} INFO - Sync 3 DAGs
[2026-03-28T19:03:58.787+0500] {logging_mixin.py:188} INFO - [2026-03-28T19:03:58.787+0500] {dag.py:3947} INFO - Setting next_dagrun for example_subdag_operator to 2022-01-01 00:00:00+00:00, run_after=2022-01-01 00:00:00+00:00
[2026-03-28T19:03:58.789+0500] {logging_mixin.py:188} INFO - [2026-03-28T19:03:58.789+0500] {dag.py:3947} INFO - Setting next_dagrun for example_subdag_operator.section-1 to None, run_after=None
[2026-03-28T19:03:58.790+0500] {logging_mixin.py:188} INFO - [2026-03-28T19:03:58.789+0500] {dag.py:3947} INFO - Setting next_dagrun for example_subdag_operator.section-2 to None, run_after=None
[2026-03-28T19:03:58.794+0500] {logging_mixin.py:188} INFO - [2026-03-28T19:03:58.794+0500] {dag.py:3089} INFO - Sync 2 DAGs
[2026-03-28T19:03:58.796+0500] {logging_mixin.py:188} INFO - [2026-03-28T19:03:58.796+0500] {dag.py:3947} INFO - Setting next_dagrun for example_subdag_operator.section-1 to None, run_after=None
[2026-03-28T19:03:58.796+0500] {logging_mixin.py:188} INFO - [2026-03-28T19:03:58.796+0500] {dag.py:3947} INFO - Setting next_dagrun for example_subdag_operator.section-2 to None, run_after=None
[2026-03-28T19:03:58.806+0500] {processor.py:183} INFO - Processing /home/abayturar/airflow-project/venv/lib/python3.12/site-packages/airflow/example_dags/example_subdag_operator.py took 0.069 seconds
[2026-03-28T19:04:46.789+0500] {processor.py:161} INFO - Started process (PID=25535) to work on /home/abayturar/airflow-project/venv/lib/python3.12/site-packages/airflow/example_dags/example_subdag_operator.py
[2026-03-28T19:04:46.790+0500] {processor.py:830} INFO - Processing file /home/abayturar/airflow-project/venv/lib/python3.12/site-packages/airflow/example_dags/example_subdag_operator.py for tasks to queue
[2026-03-28T19:04:46.791+0500] {logging_mixin.py:188} INFO - [2026-03-28T19:04:46.791+0500] {dagbag.py:545} INFO - Filling up the DagBag from /home/abayturar/airflow-project/venv/lib/python3.12/site-packages/airflow/example_dags/example_subdag_operator.py
[2026-03-28T19:04:46.811+0500] {processor.py:840} INFO - DAG(s) 'example_subdag_operator.section-1', 'example_subdag_operator.section-2', 'example_subdag_operator' retrieved from /home/abayturar/airflow-project/venv/lib/python3.12/site-packages/airflow/example_dags/example_subdag_operator.py
[2026-03-28T19:04:46.821+0500] {logging_mixin.py:188} INFO - [2026-03-28T19:04:46.821+0500] {dag.py:3089} INFO - Sync 3 DAGs
[2026-03-28T19:04:46.834+0500] {logging_mixin.py:188} INFO - [2026-03-28T19:04:46.834+0500] {dag.py:3947} INFO - Setting next_dagrun for example_subdag_operator to 2022-01-01 00:00:00+00:00, run_after=2022-01-01 00:00:00+00:00
[2026-03-28T19:04:46.836+0500] {logging_mixin.py:188} INFO - [2026-03-28T19:04:46.836+0500] {dag.py:3947} INFO - Setting next_dagrun for example_subdag_operator.section-1 to None, run_after=None
[2026-03-28T19:04:46.837+0500] {logging_mixin.py:188} INFO - [2026-03-28T19:04:46.837+0500] {dag.py:3947} INFO - Setting next_dagrun for example_subdag_operator.section-2 to None, run_after=None
[2026-03-28T19:04:46.842+0500] {logging_mixin.py:188} INFO - [2026-03-28T19:04:46.842+0500] {dag.py:3089} INFO - Sync 2 DAGs
[2026-03-28T19:04:46.844+0500] {logging_mixin.py:188} INFO - [2026-03-28T19:04:46.844+0500] {dag.py:3947} INFO - Setting next_dagrun for example_subdag_operator.section-1 to None, run_after=None
[2026-03-28T19:04:46.844+0500] {logging_mixin.py:188} INFO - [2026-03-28T19:04:46.844+0500] {dag.py:3947} INFO - Setting next_dagrun for example_subdag_operator.section-2 to None, run_after=None
[2026-03-28T19:04:46.866+0500] {processor.py:183} INFO - Processing /home/abayturar/airflow-project/venv/lib/python3.12/site-packages/airflow/example_dags/example_subdag_operator.py took 0.083 seconds
[2026-03-28T19:05:31.161+0500] {processor.py:161} INFO - Started process (PID=25657) to work on /home/abayturar/airflow-project/venv/lib/python3.12/site-packages/airflow/example_dags/example_subdag_operator.py
[2026-03-28T19:05:31.162+0500] {processor.py:830} INFO - Processing file /home/abayturar/airflow-project/venv/lib/python3.12/site-packages/airflow/example_dags/example_subdag_operator.py for tasks to queue
[2026-03-28T19:05:31.163+0500] {logging_mixin.py:188} INFO - [2026-03-28T19:05:31.163+0500] {dagbag.py:545} INFO - Filling up the DagBag from /home/abayturar/airflow-project/venv/lib/python3.12/site-packages/airflow/example_dags/example_subdag_operator.py
[2026-03-28T19:05:31.183+0500] {processor.py:840} INFO - DAG(s) 'example_subdag_operator.section-1', 'example_subdag_operator.section-2', 'example_subdag_operator' retrieved from /home/abayturar/airflow-project/venv/lib/python3.12/site-packages/airflow/example_dags/example_subdag_operator.py
[2026-03-28T19:05:31.193+0500] {logging_mixin.py:188} INFO - [2026-03-28T19:05:31.193+0500] {dag.py:3089} INFO - Sync 3 DAGs
[2026-03-28T19:05:31.206+0500] {logging_mixin.py:188} INFO - [2026-03-28T19:05:31.206+0500] {dag.py:3947} INFO - Setting next_dagrun for example_subdag_operator to 2022-01-01 00:00:00+00:00, run_after=2022-01-01 00:00:00+00:00
[2026-03-28T19:05:31.209+0500] {logging_mixin.py:188} INFO - [2026-03-28T19:05:31.209+0500] {dag.py:3947} INFO - Setting next_dagrun for example_subdag_operator.section-1 to None, run_after=None
[2026-03-28T19:05:31.210+0500] {logging_mixin.py:188} INFO - [2026-03-28T19:05:31.209+0500] {dag.py:3947} INFO - Setting next_dagrun for example_subdag_operator.section-2 to None, run_after=None
[2026-03-28T19:05:31.214+0500] {logging_mixin.py:188} INFO - [2026-03-28T19:05:31.214+0500] {dag.py:3089} INFO - Sync 2 DAGs
[2026-03-28T19:05:31.216+0500] {logging_mixin.py:188} INFO - [2026-03-28T19:05:31.216+0500] {dag.py:3947} INFO - Setting next_dagrun for example_subdag_operator.section-1 to None, run_after=None
[2026-03-28T19:05:31.216+0500] {logging_mixin.py:188} INFO - [2026-03-28T19:05:31.216+0500] {dag.py:3947} INFO - Setting next_dagrun for example_subdag_operator.section-2 to None, run_after=None
[2026-03-28T19:05:31.236+0500] {processor.py:183} INFO - Processing /home/abayturar/airflow-project/venv/lib/python3.12/site-packages/airflow/example_dags/example_subdag_operator.py took 0.082 seconds
[2026-03-28T19:06:14.321+0500] {processor.py:161} INFO - Started process (PID=25775) to work on /home/abayturar/airflow-project/venv/lib/python3.12/site-packages/airflow/example_dags/example_subdag_operator.py
[2026-03-28T19:06:14.322+0500] {processor.py:830} INFO - Processing file /home/abayturar/airflow-project/venv/lib/python3.12/site-packages/airflow/example_dags/example_subdag_operator.py for tasks to queue
[2026-03-28T19:06:14.324+0500] {logging_mixin.py:188} INFO - [2026-03-28T19:06:14.324+0500] {dagbag.py:545} INFO - Filling up the DagBag from /home/abayturar/airflow-project/venv/lib/python3.12/site-packages/airflow/example_dags/example_subdag_operator.py
[2026-03-28T19:06:14.346+0500] {processor.py:840} INFO - DAG(s) 'example_subdag_operator.section-1', 'example_subdag_operator.section-2', 'example_subdag_operator' retrieved from /home/abayturar/airflow-project/venv/lib/python3.12/site-packages/airflow/example_dags/example_subdag_operator.py
[2026-03-28T19:06:14.359+0500] {logging_mixin.py:188} INFO - [2026-03-28T19:06:14.359+0500] {dag.py:3089} INFO - Sync 3 DAGs
[2026-03-28T19:06:14.374+0500] {logging_mixin.py:188} INFO - [2026-03-28T19:06:14.374+0500] {dag.py:3947} INFO - Setting next_dagrun for example_subdag_operator to 2022-01-01 00:00:00+00:00, run_after=2022-01-01 00:00:00+00:00
[2026-03-28T19:06:14.376+0500] {logging_mixin.py:188} INFO - [2026-03-28T19:06:14.376+0500] {dag.py:3947} INFO - Setting next_dagrun for example_subdag_operator.section-1 to None, run_after=None
[2026-03-28T19:06:14.377+0500] {logging_mixin.py:188} INFO - [2026-03-28T19:06:14.377+0500] {dag.py:3947} INFO - Setting next_dagrun for example_subdag_operator.section-2 to None, run_after=None
[2026-03-28T19:06:14.382+0500] {logging_mixin.py:188} INFO - [2026-03-28T19:06:14.382+0500] {dag.py:3089} INFO - Sync 2 DAGs
[2026-03-28T19:06:14.385+0500] {logging_mixin.py:188} INFO - [2026-03-28T19:06:14.385+0500] {dag.py:3947} INFO - Setting next_dagrun for example_subdag_operator.section-1 to None, run_after=None
[2026-03-28T19:06:14.385+0500] {logging_mixin.py:188} INFO - [2026-03-28T19:06:14.385+0500] {dag.py:3947} INFO - Setting next_dagrun for example_subdag_operator.section-2 to None, run_after=None
[2026-03-28T19:06:14.407+0500] {processor.py:183} INFO - Processing /home/abayturar/airflow-project/venv/lib/python3.12/site-packages/airflow/example_dags/example_subdag_operator.py took 0.093 seconds
[2026-03-28T19:06:56.608+0500] {processor.py:161} INFO - Started process (PID=25890) to work on /home/abayturar/airflow-project/venv/lib/python3.12/site-packages/airflow/example_dags/example_subdag_operator.py
[2026-03-28T19:06:56.609+0500] {processor.py:830} INFO - Processing file /home/abayturar/airflow-project/venv/lib/python3.12/site-packages/airflow/example_dags/example_subdag_operator.py for tasks to queue
[2026-03-28T19:06:56.611+0500] {logging_mixin.py:188} INFO - [2026-03-28T19:06:56.610+0500] {dagbag.py:545} INFO - Filling up the DagBag from /home/abayturar/airflow-project/venv/lib/python3.12/site-packages/airflow/example_dags/example_subdag_operator.py
[2026-03-28T19:06:56.633+0500] {processor.py:840} INFO - DAG(s) 'example_subdag_operator.section-1', 'example_subdag_operator.section-2', 'example_subdag_operator' retrieved from /home/abayturar/airflow-project/venv/lib/python3.12/site-packages/airflow/example_dags/example_subdag_operator.py
[2026-03-28T19:06:56.645+0500] {logging_mixin.py:188} INFO - [2026-03-28T19:06:56.645+0500] {dag.py:3089} INFO - Sync 3 DAGs
[2026-03-28T19:06:56.660+0500] {logging_mixin.py:188} INFO - [2026-03-28T19:06:56.659+0500] {dag.py:3947} INFO - Setting next_dagrun for example_subdag_operator to 2022-01-01 00:00:00+00:00, run_after=2022-01-01 00:00:00+00:00
[2026-03-28T19:06:56.662+0500] {logging_mixin.py:188} INFO - [2026-03-28T19:06:56.662+0500] {dag.py:3947} INFO - Setting next_dagrun for example_subdag_operator.section-1 to None, run_after=None
[2026-03-28T19:06:56.663+0500] {logging_mixin.py:188} INFO - [2026-03-28T19:06:56.663+0500] {dag.py:3947} INFO - Setting next_dagrun for example_subdag_operator.section-2 to None, run_after=None
[2026-03-28T19:06:56.668+0500] {logging_mixin.py:188} INFO - [2026-03-28T19:06:56.667+0500] {dag.py:3089} INFO - Sync 2 DAGs
[2026-03-28T19:06:56.670+0500] {logging_mixin.py:188} INFO - [2026-03-28T19:06:56.670+0500] {dag.py:3947} INFO - Setting next_dagrun for example_subdag_operator.section-1 to None, run_after=None
[2026-03-28T19:06:56.670+0500] {logging_mixin.py:188} INFO - [2026-03-28T19:06:56.670+0500] {dag.py:3947} INFO - Setting next_dagrun for example_subdag_operator.section-2 to None, run_after=None
[2026-03-28T19:06:56.691+0500] {processor.py:183} INFO - Processing /home/abayturar/airflow-project/venv/lib/python3.12/site-packages/airflow/example_dags/example_subdag_operator.py took 0.090 seconds
[2026-03-28T19:07:43.075+0500] {processor.py:161} INFO - Started process (PID=26014) to work on /home/abayturar/airflow-project/venv/lib/python3.12/site-packages/airflow/example_dags/example_subdag_operator.py
[2026-03-28T19:07:43.076+0500] {processor.py:830} INFO - Processing file /home/abayturar/airflow-project/venv/lib/python3.12/site-packages/airflow/example_dags/example_subdag_operator.py for tasks to queue
[2026-03-28T19:07:43.078+0500] {logging_mixin.py:188} INFO - [2026-03-28T19:07:43.078+0500] {dagbag.py:545} INFO - Filling up the DagBag from /home/abayturar/airflow-project/venv/lib/python3.12/site-packages/airflow/example_dags/example_subdag_operator.py
[2026-03-28T19:07:43.120+0500] {processor.py:840} INFO - DAG(s) 'example_subdag_operator.section-1', 'example_subdag_operator.section-2', 'example_subdag_operator' retrieved from /home/abayturar/airflow-project/venv/lib/python3.12/site-packages/airflow/example_dags/example_subdag_operator.py
[2026-03-28T19:07:43.143+0500] {logging_mixin.py:188} INFO - [2026-03-28T19:07:43.143+0500] {dag.py:3089} INFO - Sync 3 DAGs
[2026-03-28T19:07:43.161+0500] {logging_mixin.py:188} INFO - [2026-03-28T19:07:43.161+0500] {dag.py:3947} INFO - Setting next_dagrun for example_subdag_operator to 2022-01-01 00:00:00+00:00, run_after=2022-01-01 00:00:00+00:00
[2026-03-28T19:07:43.163+0500] {logging_mixin.py:188} INFO - [2026-03-28T19:07:43.163+0500] {dag.py:3947} INFO - Setting next_dagrun for example_subdag_operator.section-1 to None, run_after=None
[2026-03-28T19:07:43.164+0500] {logging_mixin.py:188} INFO - [2026-03-28T19:07:43.164+0500] {dag.py:3947} INFO - Setting next_dagrun for example_subdag_operator.section-2 to None, run_after=None
[2026-03-28T19:07:43.170+0500] {logging_mixin.py:188} INFO - [2026-03-28T19:07:43.170+0500] {dag.py:3089} INFO - Sync 2 DAGs
[2026-03-28T19:07:43.174+0500] {logging_mixin.py:188} INFO - [2026-03-28T19:07:43.173+0500] {dag.py:3947} INFO - Setting next_dagrun for example_subdag_operator.section-1 to None, run_after=None
[2026-03-28T19:07:43.175+0500] {logging_mixin.py:188} INFO - [2026-03-28T19:07:43.174+0500] {dag.py:3947} INFO - Setting next_dagrun for example_subdag_operator.section-2 to None, run_after=None
[2026-03-28T19:07:43.197+0500] {processor.py:183} INFO - Processing /home/abayturar/airflow-project/venv/lib/python3.12/site-packages/airflow/example_dags/example_subdag_operator.py took 0.134 seconds
[2026-03-28T19:08:32.098+0500] {processor.py:161} INFO - Started process (PID=26144) to work on /home/abayturar/airflow-project/venv/lib/python3.12/site-packages/airflow/example_dags/example_subdag_operator.py
[2026-03-28T19:08:32.099+0500] {processor.py:830} INFO - Processing file /home/abayturar/airflow-project/venv/lib/python3.12/site-packages/airflow/example_dags/example_subdag_operator.py for tasks to queue
[2026-03-28T19:08:32.101+0500] {logging_mixin.py:188} INFO - [2026-03-28T19:08:32.101+0500] {dagbag.py:545} INFO - Filling up the DagBag from /home/abayturar/airflow-project/venv/lib/python3.12/site-packages/airflow/example_dags/example_subdag_operator.py
[2026-03-28T19:08:32.126+0500] {processor.py:840} INFO - DAG(s) 'example_subdag_operator.section-1', 'example_subdag_operator.section-2', 'example_subdag_operator' retrieved from /home/abayturar/airflow-project/venv/lib/python3.12/site-packages/airflow/example_dags/example_subdag_operator.py
[2026-03-28T19:08:32.140+0500] {logging_mixin.py:188} INFO - [2026-03-28T19:08:32.140+0500] {dag.py:3089} INFO - Sync 3 DAGs
[2026-03-28T19:08:32.156+0500] {logging_mixin.py:188} INFO - [2026-03-28T19:08:32.156+0500] {dag.py:3947} INFO - Setting next_dagrun for example_subdag_operator to 2022-01-01 00:00:00+00:00, run_after=2022-01-01 00:00:00+00:00
[2026-03-28T19:08:32.158+0500] {logging_mixin.py:188} INFO - [2026-03-28T19:08:32.158+0500] {dag.py:3947} INFO - Setting next_dagrun for example_subdag_operator.section-1 to None, run_after=None
[2026-03-28T19:08:32.159+0500] {logging_mixin.py:188} INFO - [2026-03-28T19:08:32.159+0500] {dag.py:3947} INFO - Setting next_dagrun for example_subdag_operator.section-2 to None, run_after=None
[2026-03-28T19:08:32.164+0500] {logging_mixin.py:188} INFO - [2026-03-28T19:08:32.164+0500] {dag.py:3089} INFO - Sync 2 DAGs
[2026-03-28T19:08:32.166+0500] {logging_mixin.py:188} INFO - [2026-03-28T19:08:32.166+0500] {dag.py:3947} INFO - Setting next_dagrun for example_subdag_operator.section-1 to None, run_after=None
[2026-03-28T19:08:32.167+0500] {logging_mixin.py:188} INFO - [2026-03-28T19:08:32.166+0500] {dag.py:3947} INFO - Setting next_dagrun for example_subdag_operator.section-2 to None, run_after=None
[2026-03-28T19:08:32.190+0500] {processor.py:183} INFO - Processing /home/abayturar/airflow-project/venv/lib/python3.12/site-packages/airflow/example_dags/example_subdag_operator.py took 0.099 seconds
[2026-03-28T19:09:19.686+0500] {processor.py:161} INFO - Started process (PID=26272) to work on /home/abayturar/airflow-project/venv/lib/python3.12/site-packages/airflow/example_dags/example_subdag_operator.py
[2026-03-28T19:09:19.687+0500] {processor.py:830} INFO - Processing file /home/abayturar/airflow-project/venv/lib/python3.12/site-packages/airflow/example_dags/example_subdag_operator.py for tasks to queue
[2026-03-28T19:09:19.689+0500] {logging_mixin.py:188} INFO - [2026-03-28T19:09:19.689+0500] {dagbag.py:545} INFO - Filling up the DagBag from /home/abayturar/airflow-project/venv/lib/python3.12/site-packages/airflow/example_dags/example_subdag_operator.py
[2026-03-28T19:09:19.710+0500] {processor.py:840} INFO - DAG(s) 'example_subdag_operator.section-1', 'example_subdag_operator.section-2', 'example_subdag_operator' retrieved from /home/abayturar/airflow-project/venv/lib/python3.12/site-packages/airflow/example_dags/example_subdag_operator.py
[2026-03-28T19:09:19.721+0500] {logging_mixin.py:188} INFO - [2026-03-28T19:09:19.721+0500] {dag.py:3089} INFO - Sync 3 DAGs
[2026-03-28T19:09:19.735+0500] {logging_mixin.py:188} INFO - [2026-03-28T19:09:19.735+0500] {dag.py:3947} INFO - Setting next_dagrun for example_subdag_operator to 2022-01-01 00:00:00+00:00, run_after=2022-01-01 00:00:00+00:00
[2026-03-28T19:09:19.737+0500] {logging_mixin.py:188} INFO - [2026-03-28T19:09:19.737+0500] {dag.py:3947} INFO - Setting next_dagrun for example_subdag_operator.section-1 to None, run_after=None
[2026-03-28T19:09:19.738+0500] {logging_mixin.py:188} INFO - [2026-03-28T19:09:19.737+0500] {dag.py:3947} INFO - Setting next_dagrun for example_subdag_operator.section-2 to None, run_after=None
[2026-03-28T19:09:19.742+0500] {logging_mixin.py:188} INFO - [2026-03-28T19:09:19.742+0500] {dag.py:3089} INFO - Sync 2 DAGs
[2026-03-28T19:09:19.745+0500] {logging_mixin.py:188} INFO - [2026-03-28T19:09:19.744+0500] {dag.py:3947} INFO - Setting next_dagrun for example_subdag_operator.section-1 to None, run_after=None
[2026-03-28T19:09:19.745+0500] {logging_mixin.py:188} INFO - [2026-03-28T19:09:19.745+0500] {dag.py:3947} INFO - Setting next_dagrun for example_subdag_operator.section-2 to None, run_after=None
[2026-03-28T19:09:19.767+0500] {processor.py:183} INFO - Processing /home/abayturar/airflow-project/venv/lib/python3.12/site-packages/airflow/example_dags/example_subdag_operator.py took 0.087 seconds
[2026-03-28T19:10:03.109+0500] {processor.py:161} INFO - Started process (PID=26391) to work on /home/abayturar/airflow-project/venv/lib/python3.12/site-packages/airflow/example_dags/example_subdag_operator.py
[2026-03-28T19:10:03.110+0500] {processor.py:830} INFO - Processing file /home/abayturar/airflow-project/venv/lib/python3.12/site-packages/airflow/example_dags/example_subdag_operator.py for tasks to queue
[2026-03-28T19:10:03.112+0500] {logging_mixin.py:188} INFO - [2026-03-28T19:10:03.112+0500] {dagbag.py:545} INFO - Filling up the DagBag from /home/abayturar/airflow-project/venv/lib/python3.12/site-packages/airflow/example_dags/example_subdag_operator.py
[2026-03-28T19:10:03.134+0500] {processor.py:840} INFO - DAG(s) 'example_subdag_operator.section-1', 'example_subdag_operator.section-2', 'example_subdag_operator' retrieved from /home/abayturar/airflow-project/venv/lib/python3.12/site-packages/airflow/example_dags/example_subdag_operator.py
[2026-03-28T19:10:03.147+0500] {logging_mixin.py:188} INFO - [2026-03-28T19:10:03.146+0500] {dag.py:3089} INFO - Sync 3 DAGs
[2026-03-28T19:10:03.163+0500] {logging_mixin.py:188} INFO - [2026-03-28T19:10:03.162+0500] {dag.py:3947} INFO - Setting next_dagrun for example_subdag_operator to 2022-01-01 00:00:00+00:00, run_after=2022-01-01 00:00:00+00:00
[2026-03-28T19:10:03.166+0500] {logging_mixin.py:188} INFO - [2026-03-28T19:10:03.165+0500] {dag.py:3947} INFO - Setting next_dagrun for example_subdag_operator.section-1 to None, run_after=None
[2026-03-28T19:10:03.166+0500] {logging_mixin.py:188} INFO - [2026-03-28T19:10:03.166+0500] {dag.py:3947} INFO - Setting next_dagrun for example_subdag_operator.section-2 to None, run_after=None
[2026-03-28T19:10:03.172+0500] {logging_mixin.py:188} INFO - [2026-03-28T19:10:03.171+0500] {dag.py:3089} INFO - Sync 2 DAGs
[2026-03-28T19:10:03.174+0500] {logging_mixin.py:188} INFO - [2026-03-28T19:10:03.174+0500] {dag.py:3947} INFO - Setting next_dagrun for example_subdag_operator.section-1 to None, run_after=None
[2026-03-28T19:10:03.174+0500] {logging_mixin.py:188} INFO - [2026-03-28T19:10:03.174+0500] {dag.py:3947} INFO - Setting next_dagrun for example_subdag_operator.section-2 to None, run_after=None
[2026-03-28T19:10:03.197+0500] {processor.py:183} INFO - Processing /home/abayturar/airflow-project/venv/lib/python3.12/site-packages/airflow/example_dags/example_subdag_operator.py took 0.094 seconds
[2026-03-28T19:10:51.788+0500] {processor.py:161} INFO - Started process (PID=26519) to work on /home/abayturar/airflow-project/venv/lib/python3.12/site-packages/airflow/example_dags/example_subdag_operator.py
[2026-03-28T19:10:51.789+0500] {processor.py:830} INFO - Processing file /home/abayturar/airflow-project/venv/lib/python3.12/site-packages/airflow/example_dags/example_subdag_operator.py for tasks to queue
[2026-03-28T19:10:51.791+0500] {logging_mixin.py:188} INFO - [2026-03-28T19:10:51.791+0500] {dagbag.py:545} INFO - Filling up the DagBag from /home/abayturar/airflow-project/venv/lib/python3.12/site-packages/airflow/example_dags/example_subdag_operator.py
[2026-03-28T19:10:51.813+0500] {processor.py:840} INFO - DAG(s) 'example_subdag_operator.section-1', 'example_subdag_operator.section-2', 'example_subdag_operator' retrieved from /home/abayturar/airflow-project/venv/lib/python3.12/site-packages/airflow/example_dags/example_subdag_operator.py
[2026-03-28T19:10:51.825+0500] {logging_mixin.py:188} INFO - [2026-03-28T19:10:51.825+0500] {dag.py:3089} INFO - Sync 3 DAGs
[2026-03-28T19:10:51.839+0500] {logging_mixin.py:188} INFO - [2026-03-28T19:10:51.839+0500] {dag.py:3947} INFO - Setting next_dagrun for example_subdag_operator to 2022-01-01 00:00:00+00:00, run_after=2022-01-01 00:00:00+00:00
[2026-03-28T19:10:51.841+0500] {logging_mixin.py:188} INFO - [2026-03-28T19:10:51.841+0500] {dag.py:3947} INFO - Setting next_dagrun for example_subdag_operator.section-1 to None, run_after=None
[2026-03-28T19:10:51.842+0500] {logging_mixin.py:188} INFO - [2026-03-28T19:10:51.842+0500] {dag.py:3947} INFO - Setting next_dagrun for example_subdag_operator.section-2 to None, run_after=None
[2026-03-28T19:10:51.847+0500] {logging_mixin.py:188} INFO - [2026-03-28T19:10:51.847+0500] {dag.py:3089} INFO - Sync 2 DAGs
[2026-03-28T19:10:51.849+0500] {logging_mixin.py:188} INFO - [2026-03-28T19:10:51.849+0500] {dag.py:3947} INFO - Setting next_dagrun for example_subdag_operator.section-1 to None, run_after=None
[2026-03-28T19:10:51.849+0500] {logging_mixin.py:188} INFO - [2026-03-28T19:10:51.849+0500] {dag.py:3947} INFO - Setting next_dagrun for example_subdag_operator.section-2 to None, run_after=None
[2026-03-28T19:10:51.859+0500] {processor.py:183} INFO - Processing /home/abayturar/airflow-project/venv/lib/python3.12/site-packages/airflow/example_dags/example_subdag_operator.py took 0.077 seconds
[2026-03-28T19:11:39.975+0500] {processor.py:161} INFO - Started process (PID=26647) to work on /home/abayturar/airflow-project/venv/lib/python3.12/site-packages/airflow/example_dags/example_subdag_operator.py
[2026-03-28T19:11:39.976+0500] {processor.py:830} INFO - Processing file /home/abayturar/airflow-project/venv/lib/python3.12/site-packages/airflow/example_dags/example_subdag_operator.py for tasks to queue
[2026-03-28T19:11:39.977+0500] {logging_mixin.py:188} INFO - [2026-03-28T19:11:39.977+0500] {dagbag.py:545} INFO - Filling up the DagBag from /home/abayturar/airflow-project/venv/lib/python3.12/site-packages/airflow/example_dags/example_subdag_operator.py
[2026-03-28T19:11:39.997+0500] {processor.py:840} INFO - DAG(s) 'example_subdag_operator.section-1', 'example_subdag_operator.section-2', 'example_subdag_operator' retrieved from /home/abayturar/airflow-project/venv/lib/python3.12/site-packages/airflow/example_dags/example_subdag_operator.py
[2026-03-28T19:11:40.007+0500] {logging_mixin.py:188} INFO - [2026-03-28T19:11:40.007+0500] {dag.py:3089} INFO - Sync 3 DAGs
[2026-03-28T19:11:40.020+0500] {logging_mixin.py:188} INFO - [2026-03-28T19:11:40.020+0500] {dag.py:3947} INFO - Setting next_dagrun for example_subdag_operator to 2022-01-01 00:00:00+00:00, run_after=2022-01-01 00:00:00+00:00
[2026-03-28T19:11:40.022+0500] {logging_mixin.py:188} INFO - [2026-03-28T19:11:40.022+0500] {dag.py:3947} INFO - Setting next_dagrun for example_subdag_operator.section-1 to None, run_after=None
[2026-03-28T19:11:40.023+0500] {logging_mixin.py:188} INFO - [2026-03-28T19:11:40.023+0500] {dag.py:3947} INFO - Setting next_dagrun for example_subdag_operator.section-2 to None, run_after=None
[2026-03-28T19:11:40.027+0500] {logging_mixin.py:188} INFO - [2026-03-28T19:11:40.027+0500] {dag.py:3089} INFO - Sync 2 DAGs
[2026-03-28T19:11:40.030+0500] {logging_mixin.py:188} INFO - [2026-03-28T19:11:40.030+0500] {dag.py:3947} INFO - Setting next_dagrun for example_subdag_operator.section-1 to None, run_after=None
[2026-03-28T19:11:40.030+0500] {logging_mixin.py:188} INFO - [2026-03-28T19:11:40.030+0500] {dag.py:3947} INFO - Setting next_dagrun for example_subdag_operator.section-2 to None, run_after=None
[2026-03-28T19:11:40.051+0500] {processor.py:183} INFO - Processing /home/abayturar/airflow-project/venv/lib/python3.12/site-packages/airflow/example_dags/example_subdag_operator.py took 0.082 seconds
[2026-03-28T19:12:26.310+0500] {processor.py:161} INFO - Started process (PID=26773) to work on /home/abayturar/airflow-project/venv/lib/python3.12/site-packages/airflow/example_dags/example_subdag_operator.py
[2026-03-28T19:12:26.310+0500] {processor.py:830} INFO - Processing file /home/abayturar/airflow-project/venv/lib/python3.12/site-packages/airflow/example_dags/example_subdag_operator.py for tasks to queue
[2026-03-28T19:12:26.312+0500] {logging_mixin.py:188} INFO - [2026-03-28T19:12:26.312+0500] {dagbag.py:545} INFO - Filling up the DagBag from /home/abayturar/airflow-project/venv/lib/python3.12/site-packages/airflow/example_dags/example_subdag_operator.py
[2026-03-28T19:12:26.332+0500] {processor.py:840} INFO - DAG(s) 'example_subdag_operator.section-1', 'example_subdag_operator.section-2', 'example_subdag_operator' retrieved from /home/abayturar/airflow-project/venv/lib/python3.12/site-packages/airflow/example_dags/example_subdag_operator.py
[2026-03-28T19:12:26.344+0500] {logging_mixin.py:188} INFO - [2026-03-28T19:12:26.344+0500] {dag.py:3089} INFO - Sync 3 DAGs
[2026-03-28T19:12:26.358+0500] {logging_mixin.py:188} INFO - [2026-03-28T19:12:26.357+0500] {dag.py:3947} INFO - Setting next_dagrun for example_subdag_operator to 2022-01-01 00:00:00+00:00, run_after=2022-01-01 00:00:00+00:00
[2026-03-28T19:12:26.360+0500] {logging_mixin.py:188} INFO - [2026-03-28T19:12:26.360+0500] {dag.py:3947} INFO - Setting next_dagrun for example_subdag_operator.section-1 to None, run_after=None
[2026-03-28T19:12:26.360+0500] {logging_mixin.py:188} INFO - [2026-03-28T19:12:26.360+0500] {dag.py:3947} INFO - Setting next_dagrun for example_subdag_operator.section-2 to None, run_after=None
[2026-03-28T19:12:26.365+0500] {logging_mixin.py:188} INFO - [2026-03-28T19:12:26.365+0500] {dag.py:3089} INFO - Sync 2 DAGs
[2026-03-28T19:12:26.367+0500] {logging_mixin.py:188} INFO - [2026-03-28T19:12:26.367+0500] {dag.py:3947} INFO - Setting next_dagrun for example_subdag_operator.section-1 to None, run_after=None
[2026-03-28T19:12:26.367+0500] {logging_mixin.py:188} INFO - [2026-03-28T19:12:26.367+0500] {dag.py:3947} INFO - Setting next_dagrun for example_subdag_operator.section-2 to None, run_after=None
[2026-03-28T19:12:26.388+0500] {processor.py:183} INFO - Processing /home/abayturar/airflow-project/venv/lib/python3.12/site-packages/airflow/example_dags/example_subdag_operator.py took 0.085 seconds
[2026-03-28T19:13:14.927+0500] {processor.py:161} INFO - Started process (PID=26900) to work on /home/abayturar/airflow-project/venv/lib/python3.12/site-packages/airflow/example_dags/example_subdag_operator.py
[2026-03-28T19:13:14.928+0500] {processor.py:830} INFO - Processing file /home/abayturar/airflow-project/venv/lib/python3.12/site-packages/airflow/example_dags/example_subdag_operator.py for tasks to queue
[2026-03-28T19:13:14.930+0500] {logging_mixin.py:188} INFO - [2026-03-28T19:13:14.929+0500] {dagbag.py:545} INFO - Filling up the DagBag from /home/abayturar/airflow-project/venv/lib/python3.12/site-packages/airflow/example_dags/example_subdag_operator.py
[2026-03-28T19:13:14.949+0500] {processor.py:840} INFO - DAG(s) 'example_subdag_operator.section-1', 'example_subdag_operator.section-2', 'example_subdag_operator' retrieved from /home/abayturar/airflow-project/venv/lib/python3.12/site-packages/airflow/example_dags/example_subdag_operator.py
[2026-03-28T19:13:14.959+0500] {logging_mixin.py:188} INFO - [2026-03-28T19:13:14.959+0500] {dag.py:3089} INFO - Sync 3 DAGs
[2026-03-28T19:13:14.972+0500] {logging_mixin.py:188} INFO - [2026-03-28T19:13:14.972+0500] {dag.py:3947} INFO - Setting next_dagrun for example_subdag_operator to 2022-01-01 00:00:00+00:00, run_after=2022-01-01 00:00:00+00:00
[2026-03-28T19:13:14.974+0500] {logging_mixin.py:188} INFO - [2026-03-28T19:13:14.974+0500] {dag.py:3947} INFO - Setting next_dagrun for example_subdag_operator.section-1 to None, run_after=None
[2026-03-28T19:13:14.975+0500] {logging_mixin.py:188} INFO - [2026-03-28T19:13:14.975+0500] {dag.py:3947} INFO - Setting next_dagrun for example_subdag_operator.section-2 to None, run_after=None
[2026-03-28T19:13:14.979+0500] {logging_mixin.py:188} INFO - [2026-03-28T19:13:14.979+0500] {dag.py:3089} INFO - Sync 2 DAGs
[2026-03-28T19:13:14.981+0500] {logging_mixin.py:188} INFO - [2026-03-28T19:13:14.981+0500] {dag.py:3947} INFO - Setting next_dagrun for example_subdag_operator.section-1 to None, run_after=None
[2026-03-28T19:13:14.982+0500] {logging_mixin.py:188} INFO - [2026-03-28T19:13:14.982+0500] {dag.py:3947} INFO - Setting next_dagrun for example_subdag_operator.section-2 to None, run_after=None
[2026-03-28T19:13:14.991+0500] {processor.py:183} INFO - Processing /home/abayturar/airflow-project/venv/lib/python3.12/site-packages/airflow/example_dags/example_subdag_operator.py took 0.070 seconds
[2026-03-28T19:14:00.848+0500] {processor.py:161} INFO - Started process (PID=27026) to work on /home/abayturar/airflow-project/venv/lib/python3.12/site-packages/airflow/example_dags/example_subdag_operator.py
[2026-03-28T19:14:00.849+0500] {processor.py:830} INFO - Processing file /home/abayturar/airflow-project/venv/lib/python3.12/site-packages/airflow/example_dags/example_subdag_operator.py for tasks to queue
[2026-03-28T19:14:00.852+0500] {logging_mixin.py:188} INFO - [2026-03-28T19:14:00.851+0500] {dagbag.py:545} INFO - Filling up the DagBag from /home/abayturar/airflow-project/venv/lib/python3.12/site-packages/airflow/example_dags/example_subdag_operator.py
[2026-03-28T19:14:00.877+0500] {processor.py:840} INFO - DAG(s) 'example_subdag_operator.section-1', 'example_subdag_operator.section-2', 'example_subdag_operator' retrieved from /home/abayturar/airflow-project/venv/lib/python3.12/site-packages/airflow/example_dags/example_subdag_operator.py
[2026-03-28T19:14:00.890+0500] {logging_mixin.py:188} INFO - [2026-03-28T19:14:00.890+0500] {dag.py:3089} INFO - Sync 3 DAGs
[2026-03-28T19:14:00.906+0500] {logging_mixin.py:188} INFO - [2026-03-28T19:14:00.905+0500] {dag.py:3947} INFO - Setting next_dagrun for example_subdag_operator to 2022-01-01 00:00:00+00:00, run_after=2022-01-01 00:00:00+00:00
[2026-03-28T19:14:00.908+0500] {logging_mixin.py:188} INFO - [2026-03-28T19:14:00.908+0500] {dag.py:3947} INFO - Setting next_dagrun for example_subdag_operator.section-1 to None, run_after=None
[2026-03-28T19:14:00.909+0500] {logging_mixin.py:188} INFO - [2026-03-28T19:14:00.909+0500] {dag.py:3947} INFO - Setting next_dagrun for example_subdag_operator.section-2 to None, run_after=None
[2026-03-28T19:14:00.914+0500] {logging_mixin.py:188} INFO - [2026-03-28T19:14:00.914+0500] {dag.py:3089} INFO - Sync 2 DAGs
[2026-03-28T19:14:00.916+0500] {logging_mixin.py:188} INFO - [2026-03-28T19:14:00.916+0500] {dag.py:3947} INFO - Setting next_dagrun for example_subdag_operator.section-1 to None, run_after=None
[2026-03-28T19:14:00.916+0500] {logging_mixin.py:188} INFO - [2026-03-28T19:14:00.916+0500] {dag.py:3947} INFO - Setting next_dagrun for example_subdag_operator.section-2 to None, run_after=None
[2026-03-28T19:14:00.926+0500] {processor.py:183} INFO - Processing /home/abayturar/airflow-project/venv/lib/python3.12/site-packages/airflow/example_dags/example_subdag_operator.py took 0.085 seconds
[2026-03-28T19:14:48.996+0500] {processor.py:161} INFO - Started process (PID=27155) to work on /home/abayturar/airflow-project/venv/lib/python3.12/site-packages/airflow/example_dags/example_subdag_operator.py
[2026-03-28T19:14:48.997+0500] {processor.py:830} INFO - Processing file /home/abayturar/airflow-project/venv/lib/python3.12/site-packages/airflow/example_dags/example_subdag_operator.py for tasks to queue
[2026-03-28T19:14:48.999+0500] {logging_mixin.py:188} INFO - [2026-03-28T19:14:48.999+0500] {dagbag.py:545} INFO - Filling up the DagBag from /home/abayturar/airflow-project/venv/lib/python3.12/site-packages/airflow/example_dags/example_subdag_operator.py
[2026-03-28T19:14:49.025+0500] {processor.py:840} INFO - DAG(s) 'example_subdag_operator.section-1', 'example_subdag_operator.section-2', 'example_subdag_operator' retrieved from /home/abayturar/airflow-project/venv/lib/python3.12/site-packages/airflow/example_dags/example_subdag_operator.py
[2026-03-28T19:14:49.039+0500] {logging_mixin.py:188} INFO - [2026-03-28T19:14:49.039+0500] {dag.py:3089} INFO - Sync 3 DAGs
[2026-03-28T19:14:49.057+0500] {logging_mixin.py:188} INFO - [2026-03-28T19:14:49.057+0500] {dag.py:3947} INFO - Setting next_dagrun for example_subdag_operator to 2022-01-01 00:00:00+00:00, run_after=2022-01-01 00:00:00+00:00
[2026-03-28T19:14:49.061+0500] {logging_mixin.py:188} INFO - [2026-03-28T19:14:49.060+0500] {dag.py:3947} INFO - Setting next_dagrun for example_subdag_operator.section-1 to None, run_after=None
[2026-03-28T19:14:49.062+0500] {logging_mixin.py:188} INFO - [2026-03-28T19:14:49.062+0500] {dag.py:3947} INFO - Setting next_dagrun for example_subdag_operator.section-2 to None, run_after=None
[2026-03-28T19:14:49.067+0500] {logging_mixin.py:188} INFO - [2026-03-28T19:14:49.067+0500] {dag.py:3089} INFO - Sync 2 DAGs
[2026-03-28T19:14:49.071+0500] {logging_mixin.py:188} INFO - [2026-03-28T19:14:49.071+0500] {dag.py:3947} INFO - Setting next_dagrun for example_subdag_operator.section-1 to None, run_after=None
[2026-03-28T19:14:49.071+0500] {logging_mixin.py:188} INFO - [2026-03-28T19:14:49.071+0500] {dag.py:3947} INFO - Setting next_dagrun for example_subdag_operator.section-2 to None, run_after=None
[2026-03-28T19:14:49.088+0500] {processor.py:183} INFO - Processing /home/abayturar/airflow-project/venv/lib/python3.12/site-packages/airflow/example_dags/example_subdag_operator.py took 0.100 seconds
[2026-03-28T19:15:34.550+0500] {processor.py:161} INFO - Started process (PID=27278) to work on /home/abayturar/airflow-project/venv/lib/python3.12/site-packages/airflow/example_dags/example_subdag_operator.py
[2026-03-28T19:15:34.551+0500] {processor.py:830} INFO - Processing file /home/abayturar/airflow-project/venv/lib/python3.12/site-packages/airflow/example_dags/example_subdag_operator.py for tasks to queue
[2026-03-28T19:15:34.553+0500] {logging_mixin.py:188} INFO - [2026-03-28T19:15:34.553+0500] {dagbag.py:545} INFO - Filling up the DagBag from /home/abayturar/airflow-project/venv/lib/python3.12/site-packages/airflow/example_dags/example_subdag_operator.py
[2026-03-28T19:15:34.574+0500] {processor.py:840} INFO - DAG(s) 'example_subdag_operator.section-1', 'example_subdag_operator.section-2', 'example_subdag_operator' retrieved from /home/abayturar/airflow-project/venv/lib/python3.12/site-packages/airflow/example_dags/example_subdag_operator.py
[2026-03-28T19:15:34.586+0500] {logging_mixin.py:188} INFO - [2026-03-28T19:15:34.586+0500] {dag.py:3089} INFO - Sync 3 DAGs
[2026-03-28T19:15:34.601+0500] {logging_mixin.py:188} INFO - [2026-03-28T19:15:34.601+0500] {dag.py:3947} INFO - Setting next_dagrun for example_subdag_operator to 2022-01-01 00:00:00+00:00, run_after=2022-01-01 00:00:00+00:00
[2026-03-28T19:15:34.603+0500] {logging_mixin.py:188} INFO - [2026-03-28T19:15:34.603+0500] {dag.py:3947} INFO - Setting next_dagrun for example_subdag_operator.section-1 to None, run_after=None
[2026-03-28T19:15:34.604+0500] {logging_mixin.py:188} INFO - [2026-03-28T19:15:34.604+0500] {dag.py:3947} INFO - Setting next_dagrun for example_subdag_operator.section-2 to None, run_after=None
[2026-03-28T19:15:34.610+0500] {logging_mixin.py:188} INFO - [2026-03-28T19:15:34.609+0500] {dag.py:3089} INFO - Sync 2 DAGs
[2026-03-28T19:15:34.612+0500] {logging_mixin.py:188} INFO - [2026-03-28T19:15:34.612+0500] {dag.py:3947} INFO - Setting next_dagrun for example_subdag_operator.section-1 to None, run_after=None
[2026-03-28T19:15:34.612+0500] {logging_mixin.py:188} INFO - [2026-03-28T19:15:34.612+0500] {dag.py:3947} INFO - Setting next_dagrun for example_subdag_operator.section-2 to None, run_after=None
[2026-03-28T19:15:34.635+0500] {processor.py:183} INFO - Processing /home/abayturar/airflow-project/venv/lib/python3.12/site-packages/airflow/example_dags/example_subdag_operator.py took 0.091 seconds
[2026-03-28T19:16:19.491+0500] {processor.py:161} INFO - Started process (PID=27399) to work on /home/abayturar/airflow-project/venv/lib/python3.12/site-packages/airflow/example_dags/example_subdag_operator.py
[2026-03-28T19:16:19.492+0500] {processor.py:830} INFO - Processing file /home/abayturar/airflow-project/venv/lib/python3.12/site-packages/airflow/example_dags/example_subdag_operator.py for tasks to queue
[2026-03-28T19:16:19.494+0500] {logging_mixin.py:188} INFO - [2026-03-28T19:16:19.493+0500] {dagbag.py:545} INFO - Filling up the DagBag from /home/abayturar/airflow-project/venv/lib/python3.12/site-packages/airflow/example_dags/example_subdag_operator.py
[2026-03-28T19:16:19.515+0500] {processor.py:840} INFO - DAG(s) 'example_subdag_operator.section-1', 'example_subdag_operator.section-2', 'example_subdag_operator' retrieved from /home/abayturar/airflow-project/venv/lib/python3.12/site-packages/airflow/example_dags/example_subdag_operator.py
[2026-03-28T19:16:19.525+0500] {logging_mixin.py:188} INFO - [2026-03-28T19:16:19.525+0500] {dag.py:3089} INFO - Sync 3 DAGs
[2026-03-28T19:16:19.537+0500] {logging_mixin.py:188} INFO - [2026-03-28T19:16:19.537+0500] {dag.py:3947} INFO - Setting next_dagrun for example_subdag_operator to 2022-01-01 00:00:00+00:00, run_after=2022-01-01 00:00:00+00:00
[2026-03-28T19:16:19.539+0500] {logging_mixin.py:188} INFO - [2026-03-28T19:16:19.539+0500] {dag.py:3947} INFO - Setting next_dagrun for example_subdag_operator.section-1 to None, run_after=None
[2026-03-28T19:16:19.540+0500] {logging_mixin.py:188} INFO - [2026-03-28T19:16:19.540+0500] {dag.py:3947} INFO - Setting next_dagrun for example_subdag_operator.section-2 to None, run_after=None
[2026-03-28T19:16:19.544+0500] {logging_mixin.py:188} INFO - [2026-03-28T19:16:19.544+0500] {dag.py:3089} INFO - Sync 2 DAGs
[2026-03-28T19:16:19.546+0500] {logging_mixin.py:188} INFO - [2026-03-28T19:16:19.546+0500] {dag.py:3947} INFO - Setting next_dagrun for example_subdag_operator.section-1 to None, run_after=None
[2026-03-28T19:16:19.546+0500] {logging_mixin.py:188} INFO - [2026-03-28T19:16:19.546+0500] {dag.py:3947} INFO - Setting next_dagrun for example_subdag_operator.section-2 to None, run_after=None
[2026-03-28T19:16:19.567+0500] {processor.py:183} INFO - Processing /home/abayturar/airflow-project/venv/lib/python3.12/site-packages/airflow/example_dags/example_subdag_operator.py took 0.082 seconds
[2026-03-28T19:17:06.245+0500] {processor.py:161} INFO - Started process (PID=27525) to work on /home/abayturar/airflow-project/venv/lib/python3.12/site-packages/airflow/example_dags/example_subdag_operator.py
[2026-03-28T19:17:06.246+0500] {processor.py:830} INFO - Processing file /home/abayturar/airflow-project/venv/lib/python3.12/site-packages/airflow/example_dags/example_subdag_operator.py for tasks to queue
[2026-03-28T19:17:06.247+0500] {logging_mixin.py:188} INFO - [2026-03-28T19:17:06.247+0500] {dagbag.py:545} INFO - Filling up the DagBag from /home/abayturar/airflow-project/venv/lib/python3.12/site-packages/airflow/example_dags/example_subdag_operator.py
[2026-03-28T19:17:06.268+0500] {processor.py:840} INFO - DAG(s) 'example_subdag_operator.section-1', 'example_subdag_operator.section-2', 'example_subdag_operator' retrieved from /home/abayturar/airflow-project/venv/lib/python3.12/site-packages/airflow/example_dags/example_subdag_operator.py
[2026-03-28T19:17:06.279+0500] {logging_mixin.py:188} INFO - [2026-03-28T19:17:06.279+0500] {dag.py:3089} INFO - Sync 3 DAGs
[2026-03-28T19:17:06.294+0500] {logging_mixin.py:188} INFO - [2026-03-28T19:17:06.293+0500] {dag.py:3947} INFO - Setting next_dagrun for example_subdag_operator to 2022-01-01 00:00:00+00:00, run_after=2022-01-01 00:00:00+00:00
[2026-03-28T19:17:06.296+0500] {logging_mixin.py:188} INFO - [2026-03-28T19:17:06.296+0500] {dag.py:3947} INFO - Setting next_dagrun for example_subdag_operator.section-1 to None, run_after=None
[2026-03-28T19:17:06.296+0500] {logging_mixin.py:188} INFO - [2026-03-28T19:17:06.296+0500] {dag.py:3947} INFO - Setting next_dagrun for example_subdag_operator.section-2 to None, run_after=None
[2026-03-28T19:17:06.301+0500] {logging_mixin.py:188} INFO - [2026-03-28T19:17:06.301+0500] {dag.py:3089} INFO - Sync 2 DAGs
[2026-03-28T19:17:06.303+0500] {logging_mixin.py:188} INFO - [2026-03-28T19:17:06.303+0500] {dag.py:3947} INFO - Setting next_dagrun for example_subdag_operator.section-1 to None, run_after=None
[2026-03-28T19:17:06.304+0500] {logging_mixin.py:188} INFO - [2026-03-28T19:17:06.304+0500] {dag.py:3947} INFO - Setting next_dagrun for example_subdag_operator.section-2 to None, run_after=None
[2026-03-28T19:17:06.324+0500] {processor.py:183} INFO - Processing /home/abayturar/airflow-project/venv/lib/python3.12/site-packages/airflow/example_dags/example_subdag_operator.py took 0.086 seconds
[2026-03-28T19:17:52.918+0500] {processor.py:161} INFO - Started process (PID=27649) to work on /home/abayturar/airflow-project/venv/lib/python3.12/site-packages/airflow/example_dags/example_subdag_operator.py
[2026-03-28T19:17:52.919+0500] {processor.py:830} INFO - Processing file /home/abayturar/airflow-project/venv/lib/python3.12/site-packages/airflow/example_dags/example_subdag_operator.py for tasks to queue
[2026-03-28T19:17:52.921+0500] {logging_mixin.py:188} INFO - [2026-03-28T19:17:52.920+0500] {dagbag.py:545} INFO - Filling up the DagBag from /home/abayturar/airflow-project/venv/lib/python3.12/site-packages/airflow/example_dags/example_subdag_operator.py
[2026-03-28T19:17:52.940+0500] {processor.py:840} INFO - DAG(s) 'example_subdag_operator.section-1', 'example_subdag_operator.section-2', 'example_subdag_operator' retrieved from /home/abayturar/airflow-project/venv/lib/python3.12/site-packages/airflow/example_dags/example_subdag_operator.py
[2026-03-28T19:17:52.952+0500] {logging_mixin.py:188} INFO - [2026-03-28T19:17:52.951+0500] {dag.py:3089} INFO - Sync 3 DAGs
[2026-03-28T19:17:52.966+0500] {logging_mixin.py:188} INFO - [2026-03-28T19:17:52.965+0500] {dag.py:3947} INFO - Setting next_dagrun for example_subdag_operator to 2022-01-01 00:00:00+00:00, run_after=2022-01-01 00:00:00+00:00
[2026-03-28T19:17:52.968+0500] {logging_mixin.py:188} INFO - [2026-03-28T19:17:52.968+0500] {dag.py:3947} INFO - Setting next_dagrun for example_subdag_operator.section-1 to None, run_after=None
[2026-03-28T19:17:52.969+0500] {logging_mixin.py:188} INFO - [2026-03-28T19:17:52.968+0500] {dag.py:3947} INFO - Setting next_dagrun for example_subdag_operator.section-2 to None, run_after=None
[2026-03-28T19:17:52.973+0500] {logging_mixin.py:188} INFO - [2026-03-28T19:17:52.973+0500] {dag.py:3089} INFO - Sync 2 DAGs
[2026-03-28T19:17:52.976+0500] {logging_mixin.py:188} INFO - [2026-03-28T19:17:52.976+0500] {dag.py:3947} INFO - Setting next_dagrun for example_subdag_operator.section-1 to None, run_after=None
[2026-03-28T19:17:52.976+0500] {logging_mixin.py:188} INFO - [2026-03-28T19:17:52.976+0500] {dag.py:3947} INFO - Setting next_dagrun for example_subdag_operator.section-2 to None, run_after=None
[2026-03-28T19:17:52.985+0500] {processor.py:183} INFO - Processing /home/abayturar/airflow-project/venv/lib/python3.12/site-packages/airflow/example_dags/example_subdag_operator.py took 0.073 seconds
[2026-03-28T19:18:36.416+0500] {processor.py:161} INFO - Started process (PID=27770) to work on /home/abayturar/airflow-project/venv/lib/python3.12/site-packages/airflow/example_dags/example_subdag_operator.py
[2026-03-28T19:18:36.416+0500] {processor.py:830} INFO - Processing file /home/abayturar/airflow-project/venv/lib/python3.12/site-packages/airflow/example_dags/example_subdag_operator.py for tasks to queue
[2026-03-28T19:18:36.418+0500] {logging_mixin.py:188} INFO - [2026-03-28T19:18:36.418+0500] {dagbag.py:545} INFO - Filling up the DagBag from /home/abayturar/airflow-project/venv/lib/python3.12/site-packages/airflow/example_dags/example_subdag_operator.py
[2026-03-28T19:18:36.439+0500] {processor.py:840} INFO - DAG(s) 'example_subdag_operator.section-1', 'example_subdag_operator.section-2', 'example_subdag_operator' retrieved from /home/abayturar/airflow-project/venv/lib/python3.12/site-packages/airflow/example_dags/example_subdag_operator.py
[2026-03-28T19:18:36.450+0500] {logging_mixin.py:188} INFO - [2026-03-28T19:18:36.450+0500] {dag.py:3089} INFO - Sync 3 DAGs
[2026-03-28T19:18:36.463+0500] {logging_mixin.py:188} INFO - [2026-03-28T19:18:36.463+0500] {dag.py:3947} INFO - Setting next_dagrun for example_subdag_operator to 2022-01-01 00:00:00+00:00, run_after=2022-01-01 00:00:00+00:00
[2026-03-28T19:18:36.466+0500] {logging_mixin.py:188} INFO - [2026-03-28T19:18:36.465+0500] {dag.py:3947} INFO - Setting next_dagrun for example_subdag_operator.section-1 to None, run_after=None
[2026-03-28T19:18:36.466+0500] {logging_mixin.py:188} INFO - [2026-03-28T19:18:36.466+0500] {dag.py:3947} INFO - Setting next_dagrun for example_subdag_operator.section-2 to None, run_after=None
[2026-03-28T19:18:36.471+0500] {logging_mixin.py:188} INFO - [2026-03-28T19:18:36.470+0500] {dag.py:3089} INFO - Sync 2 DAGs
[2026-03-28T19:18:36.473+0500] {logging_mixin.py:188} INFO - [2026-03-28T19:18:36.473+0500] {dag.py:3947} INFO - Setting next_dagrun for example_subdag_operator.section-1 to None, run_after=None
[2026-03-28T19:18:36.473+0500] {logging_mixin.py:188} INFO - [2026-03-28T19:18:36.473+0500] {dag.py:3947} INFO - Setting next_dagrun for example_subdag_operator.section-2 to None, run_after=None
[2026-03-28T19:18:36.494+0500] {processor.py:183} INFO - Processing /home/abayturar/airflow-project/venv/lib/python3.12/site-packages/airflow/example_dags/example_subdag_operator.py took 0.084 seconds
[2026-03-28T19:19:21.893+0500] {processor.py:161} INFO - Started process (PID=27891) to work on /home/abayturar/airflow-project/venv/lib/python3.12/site-packages/airflow/example_dags/example_subdag_operator.py
[2026-03-28T19:19:21.894+0500] {processor.py:830} INFO - Processing file /home/abayturar/airflow-project/venv/lib/python3.12/site-packages/airflow/example_dags/example_subdag_operator.py for tasks to queue
[2026-03-28T19:19:21.896+0500] {logging_mixin.py:188} INFO - [2026-03-28T19:19:21.896+0500] {dagbag.py:545} INFO - Filling up the DagBag from /home/abayturar/airflow-project/venv/lib/python3.12/site-packages/airflow/example_dags/example_subdag_operator.py
[2026-03-28T19:19:21.919+0500] {processor.py:840} INFO - DAG(s) 'example_subdag_operator.section-1', 'example_subdag_operator.section-2', 'example_subdag_operator' retrieved from /home/abayturar/airflow-project/venv/lib/python3.12/site-packages/airflow/example_dags/example_subdag_operator.py
[2026-03-28T19:19:21.931+0500] {logging_mixin.py:188} INFO - [2026-03-28T19:19:21.931+0500] {dag.py:3089} INFO - Sync 3 DAGs
[2026-03-28T19:19:21.944+0500] {logging_mixin.py:188} INFO - [2026-03-28T19:19:21.944+0500] {dag.py:3947} INFO - Setting next_dagrun for example_subdag_operator to 2022-01-01 00:00:00+00:00, run_after=2022-01-01 00:00:00+00:00
[2026-03-28T19:19:21.946+0500] {logging_mixin.py:188} INFO - [2026-03-28T19:19:21.946+0500] {dag.py:3947} INFO - Setting next_dagrun for example_subdag_operator.section-1 to None, run_after=None
[2026-03-28T19:19:21.947+0500] {logging_mixin.py:188} INFO - [2026-03-28T19:19:21.947+0500] {dag.py:3947} INFO - Setting next_dagrun for example_subdag_operator.section-2 to None, run_after=None
[2026-03-28T19:19:21.951+0500] {logging_mixin.py:188} INFO - [2026-03-28T19:19:21.951+0500] {dag.py:3089} INFO - Sync 2 DAGs
[2026-03-28T19:19:21.953+0500] {logging_mixin.py:188} INFO - [2026-03-28T19:19:21.953+0500] {dag.py:3947} INFO - Setting next_dagrun for example_subdag_operator.section-1 to None, run_after=None
[2026-03-28T19:19:21.954+0500] {logging_mixin.py:188} INFO - [2026-03-28T19:19:21.954+0500] {dag.py:3947} INFO - Setting next_dagrun for example_subdag_operator.section-2 to None, run_after=None
[2026-03-28T19:19:21.975+0500] {processor.py:183} INFO - Processing /home/abayturar/airflow-project/venv/lib/python3.12/site-packages/airflow/example_dags/example_subdag_operator.py took 0.089 seconds
[2026-03-28T19:20:10.422+0500] {processor.py:161} INFO - Started process (PID=28020) to work on /home/abayturar/airflow-project/venv/lib/python3.12/site-packages/airflow/example_dags/example_subdag_operator.py
[2026-03-28T19:20:10.423+0500] {processor.py:830} INFO - Processing file /home/abayturar/airflow-project/venv/lib/python3.12/site-packages/airflow/example_dags/example_subdag_operator.py for tasks to queue
[2026-03-28T19:20:10.425+0500] {logging_mixin.py:188} INFO - [2026-03-28T19:20:10.425+0500] {dagbag.py:545} INFO - Filling up the DagBag from /home/abayturar/airflow-project/venv/lib/python3.12/site-packages/airflow/example_dags/example_subdag_operator.py
[2026-03-28T19:20:10.446+0500] {processor.py:840} INFO - DAG(s) 'example_subdag_operator.section-1', 'example_subdag_operator.section-2', 'example_subdag_operator' retrieved from /home/abayturar/airflow-project/venv/lib/python3.12/site-packages/airflow/example_dags/example_subdag_operator.py
[2026-03-28T19:20:10.456+0500] {logging_mixin.py:188} INFO - [2026-03-28T19:20:10.456+0500] {dag.py:3089} INFO - Sync 3 DAGs
[2026-03-28T19:20:10.470+0500] {logging_mixin.py:188} INFO - [2026-03-28T19:20:10.470+0500] {dag.py:3947} INFO - Setting next_dagrun for example_subdag_operator to 2022-01-01 00:00:00+00:00, run_after=2022-01-01 00:00:00+00:00
[2026-03-28T19:20:10.472+0500] {logging_mixin.py:188} INFO - [2026-03-28T19:20:10.472+0500] {dag.py:3947} INFO - Setting next_dagrun for example_subdag_operator.section-1 to None, run_after=None
[2026-03-28T19:20:10.473+0500] {logging_mixin.py:188} INFO - [2026-03-28T19:20:10.473+0500] {dag.py:3947} INFO - Setting next_dagrun for example_subdag_operator.section-2 to None, run_after=None
[2026-03-28T19:20:10.477+0500] {logging_mixin.py:188} INFO - [2026-03-28T19:20:10.477+0500] {dag.py:3089} INFO - Sync 2 DAGs
[2026-03-28T19:20:10.479+0500] {logging_mixin.py:188} INFO - [2026-03-28T19:20:10.479+0500] {dag.py:3947} INFO - Setting next_dagrun for example_subdag_operator.section-1 to None, run_after=None
[2026-03-28T19:20:10.480+0500] {logging_mixin.py:188} INFO - [2026-03-28T19:20:10.480+0500] {dag.py:3947} INFO - Setting next_dagrun for example_subdag_operator.section-2 to None, run_after=None
[2026-03-28T19:20:10.501+0500] {processor.py:183} INFO - Processing /home/abayturar/airflow-project/venv/lib/python3.12/site-packages/airflow/example_dags/example_subdag_operator.py took 0.084 seconds
[2026-03-28T19:20:56.566+0500] {processor.py:161} INFO - Started process (PID=28147) to work on /home/abayturar/airflow-project/venv/lib/python3.12/site-packages/airflow/example_dags/example_subdag_operator.py
[2026-03-28T19:20:56.566+0500] {processor.py:830} INFO - Processing file /home/abayturar/airflow-project/venv/lib/python3.12/site-packages/airflow/example_dags/example_subdag_operator.py for tasks to queue
[2026-03-28T19:20:56.568+0500] {logging_mixin.py:188} INFO - [2026-03-28T19:20:56.568+0500] {dagbag.py:545} INFO - Filling up the DagBag from /home/abayturar/airflow-project/venv/lib/python3.12/site-packages/airflow/example_dags/example_subdag_operator.py
[2026-03-28T19:20:56.588+0500] {processor.py:840} INFO - DAG(s) 'example_subdag_operator.section-1', 'example_subdag_operator.section-2', 'example_subdag_operator' retrieved from /home/abayturar/airflow-project/venv/lib/python3.12/site-packages/airflow/example_dags/example_subdag_operator.py
[2026-03-28T19:20:56.598+0500] {logging_mixin.py:188} INFO - [2026-03-28T19:20:56.598+0500] {dag.py:3089} INFO - Sync 3 DAGs
[2026-03-28T19:20:56.611+0500] {logging_mixin.py:188} INFO - [2026-03-28T19:20:56.611+0500] {dag.py:3947} INFO - Setting next_dagrun for example_subdag_operator to 2022-01-01 00:00:00+00:00, run_after=2022-01-01 00:00:00+00:00
[2026-03-28T19:20:56.613+0500] {logging_mixin.py:188} INFO - [2026-03-28T19:20:56.613+0500] {dag.py:3947} INFO - Setting next_dagrun for example_subdag_operator.section-1 to None, run_after=None
[2026-03-28T19:20:56.614+0500] {logging_mixin.py:188} INFO - [2026-03-28T19:20:56.614+0500] {dag.py:3947} INFO - Setting next_dagrun for example_subdag_operator.section-2 to None, run_after=None
[2026-03-28T19:20:56.618+0500] {logging_mixin.py:188} INFO - [2026-03-28T19:20:56.618+0500] {dag.py:3089} INFO - Sync 2 DAGs
[2026-03-28T19:20:56.621+0500] {logging_mixin.py:188} INFO - [2026-03-28T19:20:56.621+0500] {dag.py:3947} INFO - Setting next_dagrun for example_subdag_operator.section-1 to None, run_after=None
[2026-03-28T19:20:56.621+0500] {logging_mixin.py:188} INFO - [2026-03-28T19:20:56.621+0500] {dag.py:3947} INFO - Setting next_dagrun for example_subdag_operator.section-2 to None, run_after=None
[2026-03-28T19:20:56.642+0500] {processor.py:183} INFO - Processing /home/abayturar/airflow-project/venv/lib/python3.12/site-packages/airflow/example_dags/example_subdag_operator.py took 0.082 seconds
[2026-03-28T19:21:41.738+0500] {processor.py:161} INFO - Started process (PID=28305) to work on /home/abayturar/airflow-project/venv/lib/python3.12/site-packages/airflow/example_dags/example_subdag_operator.py
[2026-03-28T19:21:41.739+0500] {processor.py:830} INFO - Processing file /home/abayturar/airflow-project/venv/lib/python3.12/site-packages/airflow/example_dags/example_subdag_operator.py for tasks to queue
[2026-03-28T19:21:41.741+0500] {logging_mixin.py:188} INFO - [2026-03-28T19:21:41.740+0500] {dagbag.py:545} INFO - Filling up the DagBag from /home/abayturar/airflow-project/venv/lib/python3.12/site-packages/airflow/example_dags/example_subdag_operator.py
[2026-03-28T19:21:41.765+0500] {processor.py:840} INFO - DAG(s) 'example_subdag_operator.section-1', 'example_subdag_operator.section-2', 'example_subdag_operator' retrieved from /home/abayturar/airflow-project/venv/lib/python3.12/site-packages/airflow/example_dags/example_subdag_operator.py
[2026-03-28T19:21:41.778+0500] {logging_mixin.py:188} INFO - [2026-03-28T19:21:41.778+0500] {dag.py:3089} INFO - Sync 3 DAGs
[2026-03-28T19:21:41.792+0500] {logging_mixin.py:188} INFO - [2026-03-28T19:21:41.792+0500] {dag.py:3947} INFO - Setting next_dagrun for example_subdag_operator to 2022-01-01 00:00:00+00:00, run_after=2022-01-01 00:00:00+00:00
[2026-03-28T19:21:41.795+0500] {logging_mixin.py:188} INFO - [2026-03-28T19:21:41.795+0500] {dag.py:3947} INFO - Setting next_dagrun for example_subdag_operator.section-1 to None, run_after=None
[2026-03-28T19:21:41.795+0500] {logging_mixin.py:188} INFO - [2026-03-28T19:21:41.795+0500] {dag.py:3947} INFO - Setting next_dagrun for example_subdag_operator.section-2 to None, run_after=None
[2026-03-28T19:21:41.800+0500] {logging_mixin.py:188} INFO - [2026-03-28T19:21:41.800+0500] {dag.py:3089} INFO - Sync 2 DAGs
[2026-03-28T19:21:41.803+0500] {logging_mixin.py:188} INFO - [2026-03-28T19:21:41.802+0500] {dag.py:3947} INFO - Setting next_dagrun for example_subdag_operator.section-1 to None, run_after=None
[2026-03-28T19:21:41.803+0500] {logging_mixin.py:188} INFO - [2026-03-28T19:21:41.803+0500] {dag.py:3947} INFO - Setting next_dagrun for example_subdag_operator.section-2 to None, run_after=None
[2026-03-28T19:21:41.825+0500] {processor.py:183} INFO - Processing /home/abayturar/airflow-project/venv/lib/python3.12/site-packages/airflow/example_dags/example_subdag_operator.py took 0.093 seconds
[2026-03-28T19:22:24.030+0500] {processor.py:161} INFO - Started process (PID=28421) to work on /home/abayturar/airflow-project/venv/lib/python3.12/site-packages/airflow/example_dags/example_subdag_operator.py
[2026-03-28T19:22:24.031+0500] {processor.py:830} INFO - Processing file /home/abayturar/airflow-project/venv/lib/python3.12/site-packages/airflow/example_dags/example_subdag_operator.py for tasks to queue
[2026-03-28T19:22:24.032+0500] {logging_mixin.py:188} INFO - [2026-03-28T19:22:24.032+0500] {dagbag.py:545} INFO - Filling up the DagBag from /home/abayturar/airflow-project/venv/lib/python3.12/site-packages/airflow/example_dags/example_subdag_operator.py
[2026-03-28T19:22:24.053+0500] {processor.py:840} INFO - DAG(s) 'example_subdag_operator.section-1', 'example_subdag_operator.section-2', 'example_subdag_operator' retrieved from /home/abayturar/airflow-project/venv/lib/python3.12/site-packages/airflow/example_dags/example_subdag_operator.py
[2026-03-28T19:22:24.064+0500] {logging_mixin.py:188} INFO - [2026-03-28T19:22:24.064+0500] {dag.py:3089} INFO - Sync 3 DAGs
[2026-03-28T19:22:24.077+0500] {logging_mixin.py:188} INFO - [2026-03-28T19:22:24.077+0500] {dag.py:3947} INFO - Setting next_dagrun for example_subdag_operator to 2022-01-01 00:00:00+00:00, run_after=2022-01-01 00:00:00+00:00
[2026-03-28T19:22:24.079+0500] {logging_mixin.py:188} INFO - [2026-03-28T19:22:24.079+0500] {dag.py:3947} INFO - Setting next_dagrun for example_subdag_operator.section-1 to None, run_after=None
[2026-03-28T19:22:24.080+0500] {logging_mixin.py:188} INFO - [2026-03-28T19:22:24.080+0500] {dag.py:3947} INFO - Setting next_dagrun for example_subdag_operator.section-2 to None, run_after=None
[2026-03-28T19:22:24.085+0500] {logging_mixin.py:188} INFO - [2026-03-28T19:22:24.084+0500] {dag.py:3089} INFO - Sync 2 DAGs
[2026-03-28T19:22:24.087+0500] {logging_mixin.py:188} INFO - [2026-03-28T19:22:24.087+0500] {dag.py:3947} INFO - Setting next_dagrun for example_subdag_operator.section-1 to None, run_after=None
[2026-03-28T19:22:24.087+0500] {logging_mixin.py:188} INFO - [2026-03-28T19:22:24.087+0500] {dag.py:3947} INFO - Setting next_dagrun for example_subdag_operator.section-2 to None, run_after=None
[2026-03-28T19:22:24.108+0500] {processor.py:183} INFO - Processing /home/abayturar/airflow-project/venv/lib/python3.12/site-packages/airflow/example_dags/example_subdag_operator.py took 0.085 seconds
[2026-03-28T19:23:07.181+0500] {processor.py:161} INFO - Started process (PID=28538) to work on /home/abayturar/airflow-project/venv/lib/python3.12/site-packages/airflow/example_dags/example_subdag_operator.py
[2026-03-28T19:23:07.182+0500] {processor.py:830} INFO - Processing file /home/abayturar/airflow-project/venv/lib/python3.12/site-packages/airflow/example_dags/example_subdag_operator.py for tasks to queue
[2026-03-28T19:23:07.184+0500] {logging_mixin.py:188} INFO - [2026-03-28T19:23:07.184+0500] {dagbag.py:545} INFO - Filling up the DagBag from /home/abayturar/airflow-project/venv/lib/python3.12/site-packages/airflow/example_dags/example_subdag_operator.py
[2026-03-28T19:23:07.204+0500] {processor.py:840} INFO - DAG(s) 'example_subdag_operator.section-1', 'example_subdag_operator.section-2', 'example_subdag_operator' retrieved from /home/abayturar/airflow-project/venv/lib/python3.12/site-packages/airflow/example_dags/example_subdag_operator.py
[2026-03-28T19:23:07.215+0500] {logging_mixin.py:188} INFO - [2026-03-28T19:23:07.215+0500] {dag.py:3089} INFO - Sync 3 DAGs
[2026-03-28T19:23:07.228+0500] {logging_mixin.py:188} INFO - [2026-03-28T19:23:07.228+0500] {dag.py:3947} INFO - Setting next_dagrun for example_subdag_operator to 2022-01-01 00:00:00+00:00, run_after=2022-01-01 00:00:00+00:00
[2026-03-28T19:23:07.230+0500] {logging_mixin.py:188} INFO - [2026-03-28T19:23:07.230+0500] {dag.py:3947} INFO - Setting next_dagrun for example_subdag_operator.section-1 to None, run_after=None
[2026-03-28T19:23:07.231+0500] {logging_mixin.py:188} INFO - [2026-03-28T19:23:07.231+0500] {dag.py:3947} INFO - Setting next_dagrun for example_subdag_operator.section-2 to None, run_after=None
[2026-03-28T19:23:07.235+0500] {logging_mixin.py:188} INFO - [2026-03-28T19:23:07.235+0500] {dag.py:3089} INFO - Sync 2 DAGs
[2026-03-28T19:23:07.237+0500] {logging_mixin.py:188} INFO - [2026-03-28T19:23:07.237+0500] {dag.py:3947} INFO - Setting next_dagrun for example_subdag_operator.section-1 to None, run_after=None
[2026-03-28T19:23:07.238+0500] {logging_mixin.py:188} INFO - [2026-03-28T19:23:07.238+0500] {dag.py:3947} INFO - Setting next_dagrun for example_subdag_operator.section-2 to None, run_after=None
[2026-03-28T19:23:07.259+0500] {processor.py:183} INFO - Processing /home/abayturar/airflow-project/venv/lib/python3.12/site-packages/airflow/example_dags/example_subdag_operator.py took 0.084 seconds
[2026-03-28T19:23:53.589+0500] {processor.py:161} INFO - Started process (PID=28665) to work on /home/abayturar/airflow-project/venv/lib/python3.12/site-packages/airflow/example_dags/example_subdag_operator.py
[2026-03-28T19:23:53.590+0500] {processor.py:830} INFO - Processing file /home/abayturar/airflow-project/venv/lib/python3.12/site-packages/airflow/example_dags/example_subdag_operator.py for tasks to queue
[2026-03-28T19:23:53.593+0500] {logging_mixin.py:188} INFO - [2026-03-28T19:23:53.593+0500] {dagbag.py:545} INFO - Filling up the DagBag from /home/abayturar/airflow-project/venv/lib/python3.12/site-packages/airflow/example_dags/example_subdag_operator.py
[2026-03-28T19:23:53.620+0500] {processor.py:840} INFO - DAG(s) 'example_subdag_operator.section-1', 'example_subdag_operator.section-2', 'example_subdag_operator' retrieved from /home/abayturar/airflow-project/venv/lib/python3.12/site-packages/airflow/example_dags/example_subdag_operator.py
[2026-03-28T19:23:53.635+0500] {logging_mixin.py:188} INFO - [2026-03-28T19:23:53.635+0500] {dag.py:3089} INFO - Sync 3 DAGs
[2026-03-28T19:23:53.663+0500] {logging_mixin.py:188} INFO - [2026-03-28T19:23:53.663+0500] {dag.py:3947} INFO - Setting next_dagrun for example_subdag_operator to 2022-01-01 00:00:00+00:00, run_after=2022-01-01 00:00:00+00:00
[2026-03-28T19:23:53.666+0500] {logging_mixin.py:188} INFO - [2026-03-28T19:23:53.665+0500] {dag.py:3947} INFO - Setting next_dagrun for example_subdag_operator.section-1 to None, run_after=None
[2026-03-28T19:23:53.667+0500] {logging_mixin.py:188} INFO - [2026-03-28T19:23:53.667+0500] {dag.py:3947} INFO - Setting next_dagrun for example_subdag_operator.section-2 to None, run_after=None
[2026-03-28T19:23:53.674+0500] {logging_mixin.py:188} INFO - [2026-03-28T19:23:53.674+0500] {dag.py:3089} INFO - Sync 2 DAGs
[2026-03-28T19:23:53.678+0500] {logging_mixin.py:188} INFO - [2026-03-28T19:23:53.678+0500] {dag.py:3947} INFO - Setting next_dagrun for example_subdag_operator.section-1 to None, run_after=None
[2026-03-28T19:23:53.678+0500] {logging_mixin.py:188} INFO - [2026-03-28T19:23:53.678+0500] {dag.py:3947} INFO - Setting next_dagrun for example_subdag_operator.section-2 to None, run_after=None
[2026-03-28T19:23:53.702+0500] {processor.py:183} INFO - Processing /home/abayturar/airflow-project/venv/lib/python3.12/site-packages/airflow/example_dags/example_subdag_operator.py took 0.123 seconds
[2026-03-28T19:24:40.472+0500] {processor.py:161} INFO - Started process (PID=28792) to work on /home/abayturar/airflow-project/venv/lib/python3.12/site-packages/airflow/example_dags/example_subdag_operator.py
[2026-03-28T19:24:40.473+0500] {processor.py:830} INFO - Processing file /home/abayturar/airflow-project/venv/lib/python3.12/site-packages/airflow/example_dags/example_subdag_operator.py for tasks to queue
[2026-03-28T19:24:40.475+0500] {logging_mixin.py:188} INFO - [2026-03-28T19:24:40.475+0500] {dagbag.py:545} INFO - Filling up the DagBag from /home/abayturar/airflow-project/venv/lib/python3.12/site-packages/airflow/example_dags/example_subdag_operator.py
[2026-03-28T19:24:40.495+0500] {processor.py:840} INFO - DAG(s) 'example_subdag_operator.section-1', 'example_subdag_operator.section-2', 'example_subdag_operator' retrieved from /home/abayturar/airflow-project/venv/lib/python3.12/site-packages/airflow/example_dags/example_subdag_operator.py
[2026-03-28T19:24:40.506+0500] {logging_mixin.py:188} INFO - [2026-03-28T19:24:40.506+0500] {dag.py:3089} INFO - Sync 3 DAGs
[2026-03-28T19:24:40.519+0500] {logging_mixin.py:188} INFO - [2026-03-28T19:24:40.519+0500] {dag.py:3947} INFO - Setting next_dagrun for example_subdag_operator to 2022-01-01 00:00:00+00:00, run_after=2022-01-01 00:00:00+00:00
[2026-03-28T19:24:40.521+0500] {logging_mixin.py:188} INFO - [2026-03-28T19:24:40.521+0500] {dag.py:3947} INFO - Setting next_dagrun for example_subdag_operator.section-1 to None, run_after=None
[2026-03-28T19:24:40.522+0500] {logging_mixin.py:188} INFO - [2026-03-28T19:24:40.522+0500] {dag.py:3947} INFO - Setting next_dagrun for example_subdag_operator.section-2 to None, run_after=None
[2026-03-28T19:24:40.526+0500] {logging_mixin.py:188} INFO - [2026-03-28T19:24:40.526+0500] {dag.py:3089} INFO - Sync 2 DAGs
[2026-03-28T19:24:40.528+0500] {logging_mixin.py:188} INFO - [2026-03-28T19:24:40.528+0500] {dag.py:3947} INFO - Setting next_dagrun for example_subdag_operator.section-1 to None, run_after=None
[2026-03-28T19:24:40.528+0500] {logging_mixin.py:188} INFO - [2026-03-28T19:24:40.528+0500] {dag.py:3947} INFO - Setting next_dagrun for example_subdag_operator.section-2 to None, run_after=None
[2026-03-28T19:24:40.549+0500] {processor.py:183} INFO - Processing /home/abayturar/airflow-project/venv/lib/python3.12/site-packages/airflow/example_dags/example_subdag_operator.py took 0.082 seconds
[2026-03-28T19:25:27.193+0500] {processor.py:161} INFO - Started process (PID=28914) to work on /home/abayturar/airflow-project/venv/lib/python3.12/site-packages/airflow/example_dags/example_subdag_operator.py
[2026-03-28T19:25:27.194+0500] {processor.py:830} INFO - Processing file /home/abayturar/airflow-project/venv/lib/python3.12/site-packages/airflow/example_dags/example_subdag_operator.py for tasks to queue
[2026-03-28T19:25:27.196+0500] {logging_mixin.py:188} INFO - [2026-03-28T19:25:27.196+0500] {dagbag.py:545} INFO - Filling up the DagBag from /home/abayturar/airflow-project/venv/lib/python3.12/site-packages/airflow/example_dags/example_subdag_operator.py
[2026-03-28T19:25:27.216+0500] {processor.py:840} INFO - DAG(s) 'example_subdag_operator.section-1', 'example_subdag_operator.section-2', 'example_subdag_operator' retrieved from /home/abayturar/airflow-project/venv/lib/python3.12/site-packages/airflow/example_dags/example_subdag_operator.py
[2026-03-28T19:25:27.227+0500] {logging_mixin.py:188} INFO - [2026-03-28T19:25:27.227+0500] {dag.py:3089} INFO - Sync 3 DAGs
[2026-03-28T19:25:27.241+0500] {logging_mixin.py:188} INFO - [2026-03-28T19:25:27.240+0500] {dag.py:3947} INFO - Setting next_dagrun for example_subdag_operator to 2022-01-01 00:00:00+00:00, run_after=2022-01-01 00:00:00+00:00
[2026-03-28T19:25:27.243+0500] {logging_mixin.py:188} INFO - [2026-03-28T19:25:27.243+0500] {dag.py:3947} INFO - Setting next_dagrun for example_subdag_operator.section-1 to None, run_after=None
[2026-03-28T19:25:27.243+0500] {logging_mixin.py:188} INFO - [2026-03-28T19:25:27.243+0500] {dag.py:3947} INFO - Setting next_dagrun for example_subdag_operator.section-2 to None, run_after=None
[2026-03-28T19:25:27.248+0500] {logging_mixin.py:188} INFO - [2026-03-28T19:25:27.248+0500] {dag.py:3089} INFO - Sync 2 DAGs
[2026-03-28T19:25:27.251+0500] {logging_mixin.py:188} INFO - [2026-03-28T19:25:27.250+0500] {dag.py:3947} INFO - Setting next_dagrun for example_subdag_operator.section-1 to None, run_after=None
[2026-03-28T19:25:27.251+0500] {logging_mixin.py:188} INFO - [2026-03-28T19:25:27.251+0500] {dag.py:3947} INFO - Setting next_dagrun for example_subdag_operator.section-2 to None, run_after=None
[2026-03-28T19:25:27.260+0500] {processor.py:183} INFO - Processing /home/abayturar/airflow-project/venv/lib/python3.12/site-packages/airflow/example_dags/example_subdag_operator.py took 0.073 seconds
[2026-03-28T19:26:13.527+0500] {processor.py:161} INFO - Started process (PID=29041) to work on /home/abayturar/airflow-project/venv/lib/python3.12/site-packages/airflow/example_dags/example_subdag_operator.py
[2026-03-28T19:26:13.528+0500] {processor.py:830} INFO - Processing file /home/abayturar/airflow-project/venv/lib/python3.12/site-packages/airflow/example_dags/example_subdag_operator.py for tasks to queue
[2026-03-28T19:26:13.530+0500] {logging_mixin.py:188} INFO - [2026-03-28T19:26:13.529+0500] {dagbag.py:545} INFO - Filling up the DagBag from /home/abayturar/airflow-project/venv/lib/python3.12/site-packages/airflow/example_dags/example_subdag_operator.py
[2026-03-28T19:26:13.552+0500] {processor.py:840} INFO - DAG(s) 'example_subdag_operator.section-1', 'example_subdag_operator.section-2', 'example_subdag_operator' retrieved from /home/abayturar/airflow-project/venv/lib/python3.12/site-packages/airflow/example_dags/example_subdag_operator.py
[2026-03-28T19:26:13.564+0500] {logging_mixin.py:188} INFO - [2026-03-28T19:26:13.564+0500] {dag.py:3089} INFO - Sync 3 DAGs
[2026-03-28T19:26:13.578+0500] {logging_mixin.py:188} INFO - [2026-03-28T19:26:13.578+0500] {dag.py:3947} INFO - Setting next_dagrun for example_subdag_operator to 2022-01-01 00:00:00+00:00, run_after=2022-01-01 00:00:00+00:00
[2026-03-28T19:26:13.581+0500] {logging_mixin.py:188} INFO - [2026-03-28T19:26:13.581+0500] {dag.py:3947} INFO - Setting next_dagrun for example_subdag_operator.section-1 to None, run_after=None
[2026-03-28T19:26:13.581+0500] {logging_mixin.py:188} INFO - [2026-03-28T19:26:13.581+0500] {dag.py:3947} INFO - Setting next_dagrun for example_subdag_operator.section-2 to None, run_after=None
[2026-03-28T19:26:13.586+0500] {logging_mixin.py:188} INFO - [2026-03-28T19:26:13.586+0500] {dag.py:3089} INFO - Sync 2 DAGs
[2026-03-28T19:26:13.589+0500] {logging_mixin.py:188} INFO - [2026-03-28T19:26:13.589+0500] {dag.py:3947} INFO - Setting next_dagrun for example_subdag_operator.section-1 to None, run_after=None
[2026-03-28T19:26:13.589+0500] {logging_mixin.py:188} INFO - [2026-03-28T19:26:13.589+0500] {dag.py:3947} INFO - Setting next_dagrun for example_subdag_operator.section-2 to None, run_after=None
[2026-03-28T19:26:13.600+0500] {processor.py:183} INFO - Processing /home/abayturar/airflow-project/venv/lib/python3.12/site-packages/airflow/example_dags/example_subdag_operator.py took 0.079 seconds
[2026-03-28T19:26:58.865+0500] {processor.py:161} INFO - Started process (PID=29164) to work on /home/abayturar/airflow-project/venv/lib/python3.12/site-packages/airflow/example_dags/example_subdag_operator.py
[2026-03-28T19:26:58.866+0500] {processor.py:830} INFO - Processing file /home/abayturar/airflow-project/venv/lib/python3.12/site-packages/airflow/example_dags/example_subdag_operator.py for tasks to queue
[2026-03-28T19:26:58.868+0500] {logging_mixin.py:188} INFO - [2026-03-28T19:26:58.868+0500] {dagbag.py:545} INFO - Filling up the DagBag from /home/abayturar/airflow-project/venv/lib/python3.12/site-packages/airflow/example_dags/example_subdag_operator.py
[2026-03-28T19:26:58.890+0500] {processor.py:840} INFO - DAG(s) 'example_subdag_operator.section-1', 'example_subdag_operator.section-2', 'example_subdag_operator' retrieved from /home/abayturar/airflow-project/venv/lib/python3.12/site-packages/airflow/example_dags/example_subdag_operator.py
[2026-03-28T19:26:58.901+0500] {logging_mixin.py:188} INFO - [2026-03-28T19:26:58.901+0500] {dag.py:3089} INFO - Sync 3 DAGs
[2026-03-28T19:26:58.916+0500] {logging_mixin.py:188} INFO - [2026-03-28T19:26:58.916+0500] {dag.py:3947} INFO - Setting next_dagrun for example_subdag_operator to 2022-01-01 00:00:00+00:00, run_after=2022-01-01 00:00:00+00:00
[2026-03-28T19:26:58.918+0500] {logging_mixin.py:188} INFO - [2026-03-28T19:26:58.918+0500] {dag.py:3947} INFO - Setting next_dagrun for example_subdag_operator.section-1 to None, run_after=None
[2026-03-28T19:26:58.919+0500] {logging_mixin.py:188} INFO - [2026-03-28T19:26:58.919+0500] {dag.py:3947} INFO - Setting next_dagrun for example_subdag_operator.section-2 to None, run_after=None
[2026-03-28T19:26:58.924+0500] {logging_mixin.py:188} INFO - [2026-03-28T19:26:58.923+0500] {dag.py:3089} INFO - Sync 2 DAGs
[2026-03-28T19:26:58.926+0500] {logging_mixin.py:188} INFO - [2026-03-28T19:26:58.926+0500] {dag.py:3947} INFO - Setting next_dagrun for example_subdag_operator.section-1 to None, run_after=None
[2026-03-28T19:26:58.926+0500] {logging_mixin.py:188} INFO - [2026-03-28T19:26:58.926+0500] {dag.py:3947} INFO - Setting next_dagrun for example_subdag_operator.section-2 to None, run_after=None
[2026-03-28T19:26:58.947+0500] {processor.py:183} INFO - Processing /home/abayturar/airflow-project/venv/lib/python3.12/site-packages/airflow/example_dags/example_subdag_operator.py took 0.091 seconds
[2026-03-28T19:27:47.726+0500] {processor.py:161} INFO - Started process (PID=29292) to work on /home/abayturar/airflow-project/venv/lib/python3.12/site-packages/airflow/example_dags/example_subdag_operator.py
[2026-03-28T19:27:47.728+0500] {processor.py:830} INFO - Processing file /home/abayturar/airflow-project/venv/lib/python3.12/site-packages/airflow/example_dags/example_subdag_operator.py for tasks to queue
[2026-03-28T19:27:47.730+0500] {logging_mixin.py:188} INFO - [2026-03-28T19:27:47.729+0500] {dagbag.py:545} INFO - Filling up the DagBag from /home/abayturar/airflow-project/venv/lib/python3.12/site-packages/airflow/example_dags/example_subdag_operator.py
[2026-03-28T19:27:47.754+0500] {processor.py:840} INFO - DAG(s) 'example_subdag_operator.section-1', 'example_subdag_operator.section-2', 'example_subdag_operator' retrieved from /home/abayturar/airflow-project/venv/lib/python3.12/site-packages/airflow/example_dags/example_subdag_operator.py
[2026-03-28T19:27:47.767+0500] {logging_mixin.py:188} INFO - [2026-03-28T19:27:47.766+0500] {dag.py:3089} INFO - Sync 3 DAGs
[2026-03-28T19:27:47.780+0500] {logging_mixin.py:188} INFO - [2026-03-28T19:27:47.780+0500] {dag.py:3947} INFO - Setting next_dagrun for example_subdag_operator to 2022-01-01 00:00:00+00:00, run_after=2022-01-01 00:00:00+00:00
[2026-03-28T19:27:47.782+0500] {logging_mixin.py:188} INFO - [2026-03-28T19:27:47.782+0500] {dag.py:3947} INFO - Setting next_dagrun for example_subdag_operator.section-1 to None, run_after=None
[2026-03-28T19:27:47.783+0500] {logging_mixin.py:188} INFO - [2026-03-28T19:27:47.783+0500] {dag.py:3947} INFO - Setting next_dagrun for example_subdag_operator.section-2 to None, run_after=None
[2026-03-28T19:27:47.787+0500] {logging_mixin.py:188} INFO - [2026-03-28T19:27:47.787+0500] {dag.py:3089} INFO - Sync 2 DAGs
[2026-03-28T19:27:47.790+0500] {logging_mixin.py:188} INFO - [2026-03-28T19:27:47.789+0500] {dag.py:3947} INFO - Setting next_dagrun for example_subdag_operator.section-1 to None, run_after=None
[2026-03-28T19:27:47.790+0500] {logging_mixin.py:188} INFO - [2026-03-28T19:27:47.790+0500] {dag.py:3947} INFO - Setting next_dagrun for example_subdag_operator.section-2 to None, run_after=None
[2026-03-28T19:27:47.811+0500] {processor.py:183} INFO - Processing /home/abayturar/airflow-project/venv/lib/python3.12/site-packages/airflow/example_dags/example_subdag_operator.py took 0.092 seconds
[2026-03-28T19:28:36.197+0500] {processor.py:161} INFO - Started process (PID=29422) to work on /home/abayturar/airflow-project/venv/lib/python3.12/site-packages/airflow/example_dags/example_subdag_operator.py
[2026-03-28T19:28:36.198+0500] {processor.py:830} INFO - Processing file /home/abayturar/airflow-project/venv/lib/python3.12/site-packages/airflow/example_dags/example_subdag_operator.py for tasks to queue
[2026-03-28T19:28:36.200+0500] {logging_mixin.py:188} INFO - [2026-03-28T19:28:36.199+0500] {dagbag.py:545} INFO - Filling up the DagBag from /home/abayturar/airflow-project/venv/lib/python3.12/site-packages/airflow/example_dags/example_subdag_operator.py
[2026-03-28T19:28:36.220+0500] {processor.py:840} INFO - DAG(s) 'example_subdag_operator.section-1', 'example_subdag_operator.section-2', 'example_subdag_operator' retrieved from /home/abayturar/airflow-project/venv/lib/python3.12/site-packages/airflow/example_dags/example_subdag_operator.py
[2026-03-28T19:28:36.230+0500] {logging_mixin.py:188} INFO - [2026-03-28T19:28:36.230+0500] {dag.py:3089} INFO - Sync 3 DAGs
[2026-03-28T19:28:36.243+0500] {logging_mixin.py:188} INFO - [2026-03-28T19:28:36.243+0500] {dag.py:3947} INFO - Setting next_dagrun for example_subdag_operator to 2022-01-01 00:00:00+00:00, run_after=2022-01-01 00:00:00+00:00
[2026-03-28T19:28:36.245+0500] {logging_mixin.py:188} INFO - [2026-03-28T19:28:36.245+0500] {dag.py:3947} INFO - Setting next_dagrun for example_subdag_operator.section-1 to None, run_after=None
[2026-03-28T19:28:36.245+0500] {logging_mixin.py:188} INFO - [2026-03-28T19:28:36.245+0500] {dag.py:3947} INFO - Setting next_dagrun for example_subdag_operator.section-2 to None, run_after=None
[2026-03-28T19:28:36.250+0500] {logging_mixin.py:188} INFO - [2026-03-28T19:28:36.250+0500] {dag.py:3089} INFO - Sync 2 DAGs
[2026-03-28T19:28:36.252+0500] {logging_mixin.py:188} INFO - [2026-03-28T19:28:36.252+0500] {dag.py:3947} INFO - Setting next_dagrun for example_subdag_operator.section-1 to None, run_after=None
[2026-03-28T19:28:36.252+0500] {logging_mixin.py:188} INFO - [2026-03-28T19:28:36.252+0500] {dag.py:3947} INFO - Setting next_dagrun for example_subdag_operator.section-2 to None, run_after=None
[2026-03-28T19:28:36.273+0500] {processor.py:183} INFO - Processing /home/abayturar/airflow-project/venv/lib/python3.12/site-packages/airflow/example_dags/example_subdag_operator.py took 0.083 seconds
[2026-03-28T19:29:24.197+0500] {processor.py:161} INFO - Started process (PID=29619) to work on /home/abayturar/airflow-project/venv/lib/python3.12/site-packages/airflow/example_dags/example_subdag_operator.py
[2026-03-28T19:29:24.198+0500] {processor.py:830} INFO - Processing file /home/abayturar/airflow-project/venv/lib/python3.12/site-packages/airflow/example_dags/example_subdag_operator.py for tasks to queue
[2026-03-28T19:29:24.199+0500] {logging_mixin.py:188} INFO - [2026-03-28T19:29:24.199+0500] {dagbag.py:545} INFO - Filling up the DagBag from /home/abayturar/airflow-project/venv/lib/python3.12/site-packages/airflow/example_dags/example_subdag_operator.py
[2026-03-28T19:29:24.220+0500] {processor.py:840} INFO - DAG(s) 'example_subdag_operator.section-1', 'example_subdag_operator.section-2', 'example_subdag_operator' retrieved from /home/abayturar/airflow-project/venv/lib/python3.12/site-packages/airflow/example_dags/example_subdag_operator.py
[2026-03-28T19:29:24.230+0500] {logging_mixin.py:188} INFO - [2026-03-28T19:29:24.230+0500] {dag.py:3089} INFO - Sync 3 DAGs
[2026-03-28T19:29:24.244+0500] {logging_mixin.py:188} INFO - [2026-03-28T19:29:24.244+0500] {dag.py:3947} INFO - Setting next_dagrun for example_subdag_operator to 2022-01-01 00:00:00+00:00, run_after=2022-01-01 00:00:00+00:00
[2026-03-28T19:29:24.246+0500] {logging_mixin.py:188} INFO - [2026-03-28T19:29:24.246+0500] {dag.py:3947} INFO - Setting next_dagrun for example_subdag_operator.section-1 to None, run_after=None
[2026-03-28T19:29:24.247+0500] {logging_mixin.py:188} INFO - [2026-03-28T19:29:24.247+0500] {dag.py:3947} INFO - Setting next_dagrun for example_subdag_operator.section-2 to None, run_after=None
[2026-03-28T19:29:24.251+0500] {logging_mixin.py:188} INFO - [2026-03-28T19:29:24.251+0500] {dag.py:3089} INFO - Sync 2 DAGs
[2026-03-28T19:29:24.253+0500] {logging_mixin.py:188} INFO - [2026-03-28T19:29:24.253+0500] {dag.py:3947} INFO - Setting next_dagrun for example_subdag_operator.section-1 to None, run_after=None
[2026-03-28T19:29:24.254+0500] {logging_mixin.py:188} INFO - [2026-03-28T19:29:24.254+0500] {dag.py:3947} INFO - Setting next_dagrun for example_subdag_operator.section-2 to None, run_after=None
[2026-03-28T19:29:24.264+0500] {processor.py:183} INFO - Processing /home/abayturar/airflow-project/venv/lib/python3.12/site-packages/airflow/example_dags/example_subdag_operator.py took 0.073 seconds
[2026-03-28T19:30:09.131+0500] {processor.py:161} INFO - Started process (PID=29742) to work on /home/abayturar/airflow-project/venv/lib/python3.12/site-packages/airflow/example_dags/example_subdag_operator.py
[2026-03-28T19:30:09.132+0500] {processor.py:830} INFO - Processing file /home/abayturar/airflow-project/venv/lib/python3.12/site-packages/airflow/example_dags/example_subdag_operator.py for tasks to queue
[2026-03-28T19:30:09.134+0500] {logging_mixin.py:188} INFO - [2026-03-28T19:30:09.133+0500] {dagbag.py:545} INFO - Filling up the DagBag from /home/abayturar/airflow-project/venv/lib/python3.12/site-packages/airflow/example_dags/example_subdag_operator.py
[2026-03-28T19:30:09.154+0500] {processor.py:840} INFO - DAG(s) 'example_subdag_operator.section-1', 'example_subdag_operator.section-2', 'example_subdag_operator' retrieved from /home/abayturar/airflow-project/venv/lib/python3.12/site-packages/airflow/example_dags/example_subdag_operator.py
[2026-03-28T19:30:09.165+0500] {logging_mixin.py:188} INFO - [2026-03-28T19:30:09.165+0500] {dag.py:3089} INFO - Sync 3 DAGs
[2026-03-28T19:30:09.178+0500] {logging_mixin.py:188} INFO - [2026-03-28T19:30:09.178+0500] {dag.py:3947} INFO - Setting next_dagrun for example_subdag_operator to 2022-01-01 00:00:00+00:00, run_after=2022-01-01 00:00:00+00:00
[2026-03-28T19:30:09.180+0500] {logging_mixin.py:188} INFO - [2026-03-28T19:30:09.180+0500] {dag.py:3947} INFO - Setting next_dagrun for example_subdag_operator.section-1 to None, run_after=None
[2026-03-28T19:30:09.181+0500] {logging_mixin.py:188} INFO - [2026-03-28T19:30:09.181+0500] {dag.py:3947} INFO - Setting next_dagrun for example_subdag_operator.section-2 to None, run_after=None
[2026-03-28T19:30:09.185+0500] {logging_mixin.py:188} INFO - [2026-03-28T19:30:09.185+0500] {dag.py:3089} INFO - Sync 2 DAGs
[2026-03-28T19:30:09.188+0500] {logging_mixin.py:188} INFO - [2026-03-28T19:30:09.187+0500] {dag.py:3947} INFO - Setting next_dagrun for example_subdag_operator.section-1 to None, run_after=None
[2026-03-28T19:30:09.188+0500] {logging_mixin.py:188} INFO - [2026-03-28T19:30:09.188+0500] {dag.py:3947} INFO - Setting next_dagrun for example_subdag_operator.section-2 to None, run_after=None
[2026-03-28T19:30:09.197+0500] {processor.py:183} INFO - Processing /home/abayturar/airflow-project/venv/lib/python3.12/site-packages/airflow/example_dags/example_subdag_operator.py took 0.073 seconds
[2026-03-28T19:31:09.730+0500] {processor.py:161} INFO - Started process (PID=29934) to work on /home/abayturar/airflow-project/venv/lib/python3.12/site-packages/airflow/example_dags/example_subdag_operator.py
[2026-03-28T19:31:09.731+0500] {processor.py:830} INFO - Processing file /home/abayturar/airflow-project/venv/lib/python3.12/site-packages/airflow/example_dags/example_subdag_operator.py for tasks to queue
[2026-03-28T19:31:09.734+0500] {logging_mixin.py:188} INFO - [2026-03-28T19:31:09.733+0500] {dagbag.py:545} INFO - Filling up the DagBag from /home/abayturar/airflow-project/venv/lib/python3.12/site-packages/airflow/example_dags/example_subdag_operator.py
[2026-03-28T19:31:09.757+0500] {processor.py:840} INFO - DAG(s) 'example_subdag_operator.section-1', 'example_subdag_operator.section-2', 'example_subdag_operator' retrieved from /home/abayturar/airflow-project/venv/lib/python3.12/site-packages/airflow/example_dags/example_subdag_operator.py
[2026-03-28T19:31:09.769+0500] {logging_mixin.py:188} INFO - [2026-03-28T19:31:09.769+0500] {dag.py:3089} INFO - Sync 3 DAGs
[2026-03-28T19:31:09.783+0500] {logging_mixin.py:188} INFO - [2026-03-28T19:31:09.782+0500] {dag.py:3947} INFO - Setting next_dagrun for example_subdag_operator to 2022-01-01 00:00:00+00:00, run_after=2022-01-01 00:00:00+00:00
[2026-03-28T19:31:09.786+0500] {logging_mixin.py:188} INFO - [2026-03-28T19:31:09.785+0500] {dag.py:3947} INFO - Setting next_dagrun for example_subdag_operator.section-1 to None, run_after=None
[2026-03-28T19:31:09.786+0500] {logging_mixin.py:188} INFO - [2026-03-28T19:31:09.786+0500] {dag.py:3947} INFO - Setting next_dagrun for example_subdag_operator.section-2 to None, run_after=None
[2026-03-28T19:31:09.791+0500] {logging_mixin.py:188} INFO - [2026-03-28T19:31:09.791+0500] {dag.py:3089} INFO - Sync 2 DAGs
[2026-03-28T19:31:09.793+0500] {logging_mixin.py:188} INFO - [2026-03-28T19:31:09.793+0500] {dag.py:3947} INFO - Setting next_dagrun for example_subdag_operator.section-1 to None, run_after=None
[2026-03-28T19:31:09.794+0500] {logging_mixin.py:188} INFO - [2026-03-28T19:31:09.794+0500] {dag.py:3947} INFO - Setting next_dagrun for example_subdag_operator.section-2 to None, run_after=None
[2026-03-28T19:31:09.803+0500] {processor.py:183} INFO - Processing /home/abayturar/airflow-project/venv/lib/python3.12/site-packages/airflow/example_dags/example_subdag_operator.py took 0.080 seconds
[2026-03-28T19:31:45.042+0500] {processor.py:161} INFO - Started process (PID=30035) to work on /home/abayturar/airflow-project/venv/lib/python3.12/site-packages/airflow/example_dags/example_subdag_operator.py
[2026-03-28T19:31:45.043+0500] {processor.py:830} INFO - Processing file /home/abayturar/airflow-project/venv/lib/python3.12/site-packages/airflow/example_dags/example_subdag_operator.py for tasks to queue
[2026-03-28T19:31:45.044+0500] {logging_mixin.py:188} INFO - [2026-03-28T19:31:45.044+0500] {dagbag.py:545} INFO - Filling up the DagBag from /home/abayturar/airflow-project/venv/lib/python3.12/site-packages/airflow/example_dags/example_subdag_operator.py
[2026-03-28T19:31:45.066+0500] {processor.py:840} INFO - DAG(s) 'example_subdag_operator.section-1', 'example_subdag_operator.section-2', 'example_subdag_operator' retrieved from /home/abayturar/airflow-project/venv/lib/python3.12/site-packages/airflow/example_dags/example_subdag_operator.py
[2026-03-28T19:31:45.077+0500] {logging_mixin.py:188} INFO - [2026-03-28T19:31:45.077+0500] {dag.py:3089} INFO - Sync 3 DAGs
[2026-03-28T19:31:45.090+0500] {logging_mixin.py:188} INFO - [2026-03-28T19:31:45.090+0500] {dag.py:3947} INFO - Setting next_dagrun for example_subdag_operator to 2022-01-01 00:00:00+00:00, run_after=2022-01-01 00:00:00+00:00
[2026-03-28T19:31:45.092+0500] {logging_mixin.py:188} INFO - [2026-03-28T19:31:45.092+0500] {dag.py:3947} INFO - Setting next_dagrun for example_subdag_operator.section-1 to None, run_after=None
[2026-03-28T19:31:45.093+0500] {logging_mixin.py:188} INFO - [2026-03-28T19:31:45.093+0500] {dag.py:3947} INFO - Setting next_dagrun for example_subdag_operator.section-2 to None, run_after=None
[2026-03-28T19:31:45.097+0500] {logging_mixin.py:188} INFO - [2026-03-28T19:31:45.097+0500] {dag.py:3089} INFO - Sync 2 DAGs
[2026-03-28T19:31:45.100+0500] {logging_mixin.py:188} INFO - [2026-03-28T19:31:45.100+0500] {dag.py:3947} INFO - Setting next_dagrun for example_subdag_operator.section-1 to None, run_after=None
[2026-03-28T19:31:45.100+0500] {logging_mixin.py:188} INFO - [2026-03-28T19:31:45.100+0500] {dag.py:3947} INFO - Setting next_dagrun for example_subdag_operator.section-2 to None, run_after=None
[2026-03-28T19:31:45.110+0500] {processor.py:183} INFO - Processing /home/abayturar/airflow-project/venv/lib/python3.12/site-packages/airflow/example_dags/example_subdag_operator.py took 0.076 seconds
[2026-03-28T19:32:26.774+0500] {processor.py:161} INFO - Started process (PID=30152) to work on /home/abayturar/airflow-project/venv/lib/python3.12/site-packages/airflow/example_dags/example_subdag_operator.py
[2026-03-28T19:32:26.775+0500] {processor.py:830} INFO - Processing file /home/abayturar/airflow-project/venv/lib/python3.12/site-packages/airflow/example_dags/example_subdag_operator.py for tasks to queue
[2026-03-28T19:32:26.776+0500] {logging_mixin.py:188} INFO - [2026-03-28T19:32:26.776+0500] {dagbag.py:545} INFO - Filling up the DagBag from /home/abayturar/airflow-project/venv/lib/python3.12/site-packages/airflow/example_dags/example_subdag_operator.py
[2026-03-28T19:32:26.797+0500] {processor.py:840} INFO - DAG(s) 'example_subdag_operator.section-1', 'example_subdag_operator.section-2', 'example_subdag_operator' retrieved from /home/abayturar/airflow-project/venv/lib/python3.12/site-packages/airflow/example_dags/example_subdag_operator.py
[2026-03-28T19:32:26.807+0500] {logging_mixin.py:188} INFO - [2026-03-28T19:32:26.807+0500] {dag.py:3089} INFO - Sync 3 DAGs
[2026-03-28T19:32:26.820+0500] {logging_mixin.py:188} INFO - [2026-03-28T19:32:26.820+0500] {dag.py:3947} INFO - Setting next_dagrun for example_subdag_operator to 2022-01-01 00:00:00+00:00, run_after=2022-01-01 00:00:00+00:00
[2026-03-28T19:32:26.823+0500] {logging_mixin.py:188} INFO - [2026-03-28T19:32:26.822+0500] {dag.py:3947} INFO - Setting next_dagrun for example_subdag_operator.section-1 to None, run_after=None
[2026-03-28T19:32:26.823+0500] {logging_mixin.py:188} INFO - [2026-03-28T19:32:26.823+0500] {dag.py:3947} INFO - Setting next_dagrun for example_subdag_operator.section-2 to None, run_after=None
[2026-03-28T19:32:26.828+0500] {logging_mixin.py:188} INFO - [2026-03-28T19:32:26.828+0500] {dag.py:3089} INFO - Sync 2 DAGs
[2026-03-28T19:32:26.830+0500] {logging_mixin.py:188} INFO - [2026-03-28T19:32:26.830+0500] {dag.py:3947} INFO - Setting next_dagrun for example_subdag_operator.section-1 to None, run_after=None
[2026-03-28T19:32:26.830+0500] {logging_mixin.py:188} INFO - [2026-03-28T19:32:26.830+0500] {dag.py:3947} INFO - Setting next_dagrun for example_subdag_operator.section-2 to None, run_after=None
[2026-03-28T19:32:26.840+0500] {processor.py:183} INFO - Processing /home/abayturar/airflow-project/venv/lib/python3.12/site-packages/airflow/example_dags/example_subdag_operator.py took 0.074 seconds
[2026-03-28T19:33:18.187+0500] {processor.py:161} INFO - Started process (PID=30302) to work on /home/abayturar/airflow-project/venv/lib/python3.12/site-packages/airflow/example_dags/example_subdag_operator.py
[2026-03-28T19:33:18.188+0500] {processor.py:830} INFO - Processing file /home/abayturar/airflow-project/venv/lib/python3.12/site-packages/airflow/example_dags/example_subdag_operator.py for tasks to queue
[2026-03-28T19:33:18.190+0500] {logging_mixin.py:188} INFO - [2026-03-28T19:33:18.189+0500] {dagbag.py:545} INFO - Filling up the DagBag from /home/abayturar/airflow-project/venv/lib/python3.12/site-packages/airflow/example_dags/example_subdag_operator.py
[2026-03-28T19:33:18.212+0500] {processor.py:840} INFO - DAG(s) 'example_subdag_operator.section-1', 'example_subdag_operator.section-2', 'example_subdag_operator' retrieved from /home/abayturar/airflow-project/venv/lib/python3.12/site-packages/airflow/example_dags/example_subdag_operator.py
[2026-03-28T19:33:18.224+0500] {logging_mixin.py:188} INFO - [2026-03-28T19:33:18.224+0500] {dag.py:3089} INFO - Sync 3 DAGs
[2026-03-28T19:33:18.239+0500] {logging_mixin.py:188} INFO - [2026-03-28T19:33:18.239+0500] {dag.py:3947} INFO - Setting next_dagrun for example_subdag_operator to 2022-01-01 00:00:00+00:00, run_after=2022-01-01 00:00:00+00:00
[2026-03-28T19:33:18.242+0500] {logging_mixin.py:188} INFO - [2026-03-28T19:33:18.241+0500] {dag.py:3947} INFO - Setting next_dagrun for example_subdag_operator.section-1 to None, run_after=None
[2026-03-28T19:33:18.242+0500] {logging_mixin.py:188} INFO - [2026-03-28T19:33:18.242+0500] {dag.py:3947} INFO - Setting next_dagrun for example_subdag_operator.section-2 to None, run_after=None
[2026-03-28T19:33:18.248+0500] {logging_mixin.py:188} INFO - [2026-03-28T19:33:18.248+0500] {dag.py:3089} INFO - Sync 2 DAGs
[2026-03-28T19:33:18.251+0500] {logging_mixin.py:188} INFO - [2026-03-28T19:33:18.250+0500] {dag.py:3947} INFO - Setting next_dagrun for example_subdag_operator.section-1 to None, run_after=None
[2026-03-28T19:33:18.251+0500] {logging_mixin.py:188} INFO - [2026-03-28T19:33:18.251+0500] {dag.py:3947} INFO - Setting next_dagrun for example_subdag_operator.section-2 to None, run_after=None
[2026-03-28T19:33:18.261+0500] {processor.py:183} INFO - Processing /home/abayturar/airflow-project/venv/lib/python3.12/site-packages/airflow/example_dags/example_subdag_operator.py took 0.082 seconds
[2026-03-28T19:35:20.902+0500] {processor.py:161} INFO - Started process (PID=30588) to work on /home/abayturar/airflow-project/venv/lib/python3.12/site-packages/airflow/example_dags/example_subdag_operator.py
[2026-03-28T19:35:20.903+0500] {processor.py:830} INFO - Processing file /home/abayturar/airflow-project/venv/lib/python3.12/site-packages/airflow/example_dags/example_subdag_operator.py for tasks to queue
[2026-03-28T19:35:20.906+0500] {logging_mixin.py:188} INFO - [2026-03-28T19:35:20.906+0500] {dagbag.py:545} INFO - Filling up the DagBag from /home/abayturar/airflow-project/venv/lib/python3.12/site-packages/airflow/example_dags/example_subdag_operator.py
[2026-03-28T19:35:20.927+0500] {processor.py:840} INFO - DAG(s) 'example_subdag_operator.section-1', 'example_subdag_operator.section-2', 'example_subdag_operator' retrieved from /home/abayturar/airflow-project/venv/lib/python3.12/site-packages/airflow/example_dags/example_subdag_operator.py
[2026-03-28T19:35:20.941+0500] {logging_mixin.py:188} INFO - [2026-03-28T19:35:20.941+0500] {dag.py:3089} INFO - Sync 3 DAGs
[2026-03-28T19:35:20.956+0500] {logging_mixin.py:188} INFO - [2026-03-28T19:35:20.956+0500] {dag.py:3947} INFO - Setting next_dagrun for example_subdag_operator to 2022-01-01 00:00:00+00:00, run_after=2022-01-01 00:00:00+00:00
[2026-03-28T19:35:20.958+0500] {logging_mixin.py:188} INFO - [2026-03-28T19:35:20.958+0500] {dag.py:3947} INFO - Setting next_dagrun for example_subdag_operator.section-1 to None, run_after=None
[2026-03-28T19:35:20.958+0500] {logging_mixin.py:188} INFO - [2026-03-28T19:35:20.958+0500] {dag.py:3947} INFO - Setting next_dagrun for example_subdag_operator.section-2 to None, run_after=None
[2026-03-28T19:35:20.963+0500] {logging_mixin.py:188} INFO - [2026-03-28T19:35:20.963+0500] {dag.py:3089} INFO - Sync 2 DAGs
[2026-03-28T19:35:20.966+0500] {logging_mixin.py:188} INFO - [2026-03-28T19:35:20.966+0500] {dag.py:3947} INFO - Setting next_dagrun for example_subdag_operator.section-1 to None, run_after=None
[2026-03-28T19:35:20.966+0500] {logging_mixin.py:188} INFO - [2026-03-28T19:35:20.966+0500] {dag.py:3947} INFO - Setting next_dagrun for example_subdag_operator.section-2 to None, run_after=None
[2026-03-28T19:35:20.990+0500] {processor.py:183} INFO - Processing /home/abayturar/airflow-project/venv/lib/python3.12/site-packages/airflow/example_dags/example_subdag_operator.py took 0.094 seconds
[2026-03-28T19:36:24.087+0500] {processor.py:161} INFO - Started process (PID=30802) to work on /home/abayturar/airflow-project/venv/lib/python3.12/site-packages/airflow/example_dags/example_subdag_operator.py
[2026-03-28T19:36:24.088+0500] {processor.py:830} INFO - Processing file /home/abayturar/airflow-project/venv/lib/python3.12/site-packages/airflow/example_dags/example_subdag_operator.py for tasks to queue
[2026-03-28T19:36:24.090+0500] {logging_mixin.py:188} INFO - [2026-03-28T19:36:24.090+0500] {dagbag.py:545} INFO - Filling up the DagBag from /home/abayturar/airflow-project/venv/lib/python3.12/site-packages/airflow/example_dags/example_subdag_operator.py
[2026-03-28T19:36:24.112+0500] {processor.py:840} INFO - DAG(s) 'example_subdag_operator.section-1', 'example_subdag_operator.section-2', 'example_subdag_operator' retrieved from /home/abayturar/airflow-project/venv/lib/python3.12/site-packages/airflow/example_dags/example_subdag_operator.py
[2026-03-28T19:36:24.123+0500] {logging_mixin.py:188} INFO - [2026-03-28T19:36:24.123+0500] {dag.py:3089} INFO - Sync 3 DAGs
[2026-03-28T19:36:24.137+0500] {logging_mixin.py:188} INFO - [2026-03-28T19:36:24.137+0500] {dag.py:3947} INFO - Setting next_dagrun for example_subdag_operator to 2022-01-01 00:00:00+00:00, run_after=2022-01-01 00:00:00+00:00
[2026-03-28T19:36:24.139+0500] {logging_mixin.py:188} INFO - [2026-03-28T19:36:24.139+0500] {dag.py:3947} INFO - Setting next_dagrun for example_subdag_operator.section-1 to None, run_after=None
[2026-03-28T19:36:24.140+0500] {logging_mixin.py:188} INFO - [2026-03-28T19:36:24.140+0500] {dag.py:3947} INFO - Setting next_dagrun for example_subdag_operator.section-2 to None, run_after=None
[2026-03-28T19:36:24.145+0500] {logging_mixin.py:188} INFO - [2026-03-28T19:36:24.145+0500] {dag.py:3089} INFO - Sync 2 DAGs
[2026-03-28T19:36:24.147+0500] {logging_mixin.py:188} INFO - [2026-03-28T19:36:24.147+0500] {dag.py:3947} INFO - Setting next_dagrun for example_subdag_operator.section-1 to None, run_after=None
[2026-03-28T19:36:24.147+0500] {logging_mixin.py:188} INFO - [2026-03-28T19:36:24.147+0500] {dag.py:3947} INFO - Setting next_dagrun for example_subdag_operator.section-2 to None, run_after=None
[2026-03-28T19:36:24.158+0500] {processor.py:183} INFO - Processing /home/abayturar/airflow-project/venv/lib/python3.12/site-packages/airflow/example_dags/example_subdag_operator.py took 0.077 seconds
[2026-03-28T19:37:16.065+0500] {processor.py:161} INFO - Started process (PID=30945) to work on /home/abayturar/airflow-project/venv/lib/python3.12/site-packages/airflow/example_dags/example_subdag_operator.py
[2026-03-28T19:37:16.066+0500] {processor.py:830} INFO - Processing file /home/abayturar/airflow-project/venv/lib/python3.12/site-packages/airflow/example_dags/example_subdag_operator.py for tasks to queue
[2026-03-28T19:37:16.069+0500] {logging_mixin.py:188} INFO - [2026-03-28T19:37:16.068+0500] {dagbag.py:545} INFO - Filling up the DagBag from /home/abayturar/airflow-project/venv/lib/python3.12/site-packages/airflow/example_dags/example_subdag_operator.py
[2026-03-28T19:37:16.091+0500] {processor.py:840} INFO - DAG(s) 'example_subdag_operator.section-1', 'example_subdag_operator.section-2', 'example_subdag_operator' retrieved from /home/abayturar/airflow-project/venv/lib/python3.12/site-packages/airflow/example_dags/example_subdag_operator.py
[2026-03-28T19:37:16.106+0500] {logging_mixin.py:188} INFO - [2026-03-28T19:37:16.105+0500] {dag.py:3089} INFO - Sync 3 DAGs
[2026-03-28T19:37:16.122+0500] {logging_mixin.py:188} INFO - [2026-03-28T19:37:16.121+0500] {dag.py:3947} INFO - Setting next_dagrun for example_subdag_operator to 2022-01-01 00:00:00+00:00, run_after=2022-01-01 00:00:00+00:00
[2026-03-28T19:37:16.124+0500] {logging_mixin.py:188} INFO - [2026-03-28T19:37:16.124+0500] {dag.py:3947} INFO - Setting next_dagrun for example_subdag_operator.section-1 to None, run_after=None
[2026-03-28T19:37:16.125+0500] {logging_mixin.py:188} INFO - [2026-03-28T19:37:16.125+0500] {dag.py:3947} INFO - Setting next_dagrun for example_subdag_operator.section-2 to None, run_after=None
[2026-03-28T19:37:16.131+0500] {logging_mixin.py:188} INFO - [2026-03-28T19:37:16.130+0500] {dag.py:3089} INFO - Sync 2 DAGs
[2026-03-28T19:37:16.134+0500] {logging_mixin.py:188} INFO - [2026-03-28T19:37:16.134+0500] {dag.py:3947} INFO - Setting next_dagrun for example_subdag_operator.section-1 to None, run_after=None
[2026-03-28T19:37:16.135+0500] {logging_mixin.py:188} INFO - [2026-03-28T19:37:16.135+0500] {dag.py:3947} INFO - Setting next_dagrun for example_subdag_operator.section-2 to None, run_after=None
[2026-03-28T19:37:16.158+0500] {processor.py:183} INFO - Processing /home/abayturar/airflow-project/venv/lib/python3.12/site-packages/airflow/example_dags/example_subdag_operator.py took 0.101 seconds
[2026-03-28T19:38:09.031+0500] {processor.py:161} INFO - Started process (PID=31085) to work on /home/abayturar/airflow-project/venv/lib/python3.12/site-packages/airflow/example_dags/example_subdag_operator.py
[2026-03-28T19:38:09.032+0500] {processor.py:830} INFO - Processing file /home/abayturar/airflow-project/venv/lib/python3.12/site-packages/airflow/example_dags/example_subdag_operator.py for tasks to queue
[2026-03-28T19:38:09.033+0500] {logging_mixin.py:188} INFO - [2026-03-28T19:38:09.033+0500] {dagbag.py:545} INFO - Filling up the DagBag from /home/abayturar/airflow-project/venv/lib/python3.12/site-packages/airflow/example_dags/example_subdag_operator.py
[2026-03-28T19:38:09.052+0500] {processor.py:840} INFO - DAG(s) 'example_subdag_operator.section-1', 'example_subdag_operator.section-2', 'example_subdag_operator' retrieved from /home/abayturar/airflow-project/venv/lib/python3.12/site-packages/airflow/example_dags/example_subdag_operator.py
[2026-03-28T19:38:09.062+0500] {logging_mixin.py:188} INFO - [2026-03-28T19:38:09.062+0500] {dag.py:3089} INFO - Sync 3 DAGs
[2026-03-28T19:38:09.075+0500] {logging_mixin.py:188} INFO - [2026-03-28T19:38:09.075+0500] {dag.py:3947} INFO - Setting next_dagrun for example_subdag_operator to 2022-01-01 00:00:00+00:00, run_after=2022-01-01 00:00:00+00:00
[2026-03-28T19:38:09.077+0500] {logging_mixin.py:188} INFO - [2026-03-28T19:38:09.076+0500] {dag.py:3947} INFO - Setting next_dagrun for example_subdag_operator.section-1 to None, run_after=None
[2026-03-28T19:38:09.077+0500] {logging_mixin.py:188} INFO - [2026-03-28T19:38:09.077+0500] {dag.py:3947} INFO - Setting next_dagrun for example_subdag_operator.section-2 to None, run_after=None
[2026-03-28T19:38:09.082+0500] {logging_mixin.py:188} INFO - [2026-03-28T19:38:09.082+0500] {dag.py:3089} INFO - Sync 2 DAGs
[2026-03-28T19:38:09.084+0500] {logging_mixin.py:188} INFO - [2026-03-28T19:38:09.084+0500] {dag.py:3947} INFO - Setting next_dagrun for example_subdag_operator.section-1 to None, run_after=None
[2026-03-28T19:38:09.084+0500] {logging_mixin.py:188} INFO - [2026-03-28T19:38:09.084+0500] {dag.py:3947} INFO - Setting next_dagrun for example_subdag_operator.section-2 to None, run_after=None
[2026-03-28T19:38:09.094+0500] {processor.py:183} INFO - Processing /home/abayturar/airflow-project/venv/lib/python3.12/site-packages/airflow/example_dags/example_subdag_operator.py took 0.068 seconds
[2026-03-28T19:38:55.805+0500] {processor.py:161} INFO - Started process (PID=31214) to work on /home/abayturar/airflow-project/venv/lib/python3.12/site-packages/airflow/example_dags/example_subdag_operator.py
[2026-03-28T19:38:55.805+0500] {processor.py:830} INFO - Processing file /home/abayturar/airflow-project/venv/lib/python3.12/site-packages/airflow/example_dags/example_subdag_operator.py for tasks to queue
[2026-03-28T19:38:55.808+0500] {logging_mixin.py:188} INFO - [2026-03-28T19:38:55.808+0500] {dagbag.py:545} INFO - Filling up the DagBag from /home/abayturar/airflow-project/venv/lib/python3.12/site-packages/airflow/example_dags/example_subdag_operator.py
[2026-03-28T19:38:55.829+0500] {processor.py:840} INFO - DAG(s) 'example_subdag_operator.section-1', 'example_subdag_operator.section-2', 'example_subdag_operator' retrieved from /home/abayturar/airflow-project/venv/lib/python3.12/site-packages/airflow/example_dags/example_subdag_operator.py
[2026-03-28T19:38:55.841+0500] {logging_mixin.py:188} INFO - [2026-03-28T19:38:55.841+0500] {dag.py:3089} INFO - Sync 3 DAGs
[2026-03-28T19:38:55.856+0500] {logging_mixin.py:188} INFO - [2026-03-28T19:38:55.856+0500] {dag.py:3947} INFO - Setting next_dagrun for example_subdag_operator to 2022-01-01 00:00:00+00:00, run_after=2022-01-01 00:00:00+00:00
[2026-03-28T19:38:55.858+0500] {logging_mixin.py:188} INFO - [2026-03-28T19:38:55.858+0500] {dag.py:3947} INFO - Setting next_dagrun for example_subdag_operator.section-1 to None, run_after=None
[2026-03-28T19:38:55.859+0500] {logging_mixin.py:188} INFO - [2026-03-28T19:38:55.859+0500] {dag.py:3947} INFO - Setting next_dagrun for example_subdag_operator.section-2 to None, run_after=None
[2026-03-28T19:38:55.863+0500] {logging_mixin.py:188} INFO - [2026-03-28T19:38:55.863+0500] {dag.py:3089} INFO - Sync 2 DAGs
[2026-03-28T19:38:55.866+0500] {logging_mixin.py:188} INFO - [2026-03-28T19:38:55.866+0500] {dag.py:3947} INFO - Setting next_dagrun for example_subdag_operator.section-1 to None, run_after=None
[2026-03-28T19:38:55.866+0500] {logging_mixin.py:188} INFO - [2026-03-28T19:38:55.866+0500] {dag.py:3947} INFO - Setting next_dagrun for example_subdag_operator.section-2 to None, run_after=None
[2026-03-28T19:38:55.889+0500] {processor.py:183} INFO - Processing /home/abayturar/airflow-project/venv/lib/python3.12/site-packages/airflow/example_dags/example_subdag_operator.py took 0.091 seconds
[2026-03-28T19:39:39.966+0500] {processor.py:161} INFO - Started process (PID=31339) to work on /home/abayturar/airflow-project/venv/lib/python3.12/site-packages/airflow/example_dags/example_subdag_operator.py
[2026-03-28T19:39:39.967+0500] {processor.py:830} INFO - Processing file /home/abayturar/airflow-project/venv/lib/python3.12/site-packages/airflow/example_dags/example_subdag_operator.py for tasks to queue
[2026-03-28T19:39:39.969+0500] {logging_mixin.py:188} INFO - [2026-03-28T19:39:39.968+0500] {dagbag.py:545} INFO - Filling up the DagBag from /home/abayturar/airflow-project/venv/lib/python3.12/site-packages/airflow/example_dags/example_subdag_operator.py
[2026-03-28T19:39:39.989+0500] {processor.py:840} INFO - DAG(s) 'example_subdag_operator.section-1', 'example_subdag_operator.section-2', 'example_subdag_operator' retrieved from /home/abayturar/airflow-project/venv/lib/python3.12/site-packages/airflow/example_dags/example_subdag_operator.py
[2026-03-28T19:39:40.001+0500] {logging_mixin.py:188} INFO - [2026-03-28T19:39:40.000+0500] {dag.py:3089} INFO - Sync 3 DAGs
[2026-03-28T19:39:40.014+0500] {logging_mixin.py:188} INFO - [2026-03-28T19:39:40.014+0500] {dag.py:3947} INFO - Setting next_dagrun for example_subdag_operator to 2022-01-01 00:00:00+00:00, run_after=2022-01-01 00:00:00+00:00
[2026-03-28T19:39:40.016+0500] {logging_mixin.py:188} INFO - [2026-03-28T19:39:40.016+0500] {dag.py:3947} INFO - Setting next_dagrun for example_subdag_operator.section-1 to None, run_after=None
[2026-03-28T19:39:40.017+0500] {logging_mixin.py:188} INFO - [2026-03-28T19:39:40.017+0500] {dag.py:3947} INFO - Setting next_dagrun for example_subdag_operator.section-2 to None, run_after=None
[2026-03-28T19:39:40.021+0500] {logging_mixin.py:188} INFO - [2026-03-28T19:39:40.021+0500] {dag.py:3089} INFO - Sync 2 DAGs
[2026-03-28T19:39:40.023+0500] {logging_mixin.py:188} INFO - [2026-03-28T19:39:40.023+0500] {dag.py:3947} INFO - Setting next_dagrun for example_subdag_operator.section-1 to None, run_after=None
[2026-03-28T19:39:40.024+0500] {logging_mixin.py:188} INFO - [2026-03-28T19:39:40.024+0500] {dag.py:3947} INFO - Setting next_dagrun for example_subdag_operator.section-2 to None, run_after=None
[2026-03-28T19:39:40.033+0500] {processor.py:183} INFO - Processing /home/abayturar/airflow-project/venv/lib/python3.12/site-packages/airflow/example_dags/example_subdag_operator.py took 0.072 seconds
[2026-03-28T19:40:27.271+0500] {processor.py:161} INFO - Started process (PID=31464) to work on /home/abayturar/airflow-project/venv/lib/python3.12/site-packages/airflow/example_dags/example_subdag_operator.py
[2026-03-28T19:40:27.272+0500] {processor.py:830} INFO - Processing file /home/abayturar/airflow-project/venv/lib/python3.12/site-packages/airflow/example_dags/example_subdag_operator.py for tasks to queue
[2026-03-28T19:40:27.274+0500] {logging_mixin.py:188} INFO - [2026-03-28T19:40:27.274+0500] {dagbag.py:545} INFO - Filling up the DagBag from /home/abayturar/airflow-project/venv/lib/python3.12/site-packages/airflow/example_dags/example_subdag_operator.py
[2026-03-28T19:40:27.293+0500] {processor.py:840} INFO - DAG(s) 'example_subdag_operator.section-1', 'example_subdag_operator.section-2', 'example_subdag_operator' retrieved from /home/abayturar/airflow-project/venv/lib/python3.12/site-packages/airflow/example_dags/example_subdag_operator.py
[2026-03-28T19:40:27.304+0500] {logging_mixin.py:188} INFO - [2026-03-28T19:40:27.304+0500] {dag.py:3089} INFO - Sync 3 DAGs
[2026-03-28T19:40:27.317+0500] {logging_mixin.py:188} INFO - [2026-03-28T19:40:27.317+0500] {dag.py:3947} INFO - Setting next_dagrun for example_subdag_operator to 2022-01-01 00:00:00+00:00, run_after=2022-01-01 00:00:00+00:00
[2026-03-28T19:40:27.319+0500] {logging_mixin.py:188} INFO - [2026-03-28T19:40:27.319+0500] {dag.py:3947} INFO - Setting next_dagrun for example_subdag_operator.section-1 to None, run_after=None
[2026-03-28T19:40:27.320+0500] {logging_mixin.py:188} INFO - [2026-03-28T19:40:27.320+0500] {dag.py:3947} INFO - Setting next_dagrun for example_subdag_operator.section-2 to None, run_after=None
[2026-03-28T19:40:27.325+0500] {logging_mixin.py:188} INFO - [2026-03-28T19:40:27.324+0500] {dag.py:3089} INFO - Sync 2 DAGs
[2026-03-28T19:40:27.327+0500] {logging_mixin.py:188} INFO - [2026-03-28T19:40:27.327+0500] {dag.py:3947} INFO - Setting next_dagrun for example_subdag_operator.section-1 to None, run_after=None
[2026-03-28T19:40:27.327+0500] {logging_mixin.py:188} INFO - [2026-03-28T19:40:27.327+0500] {dag.py:3947} INFO - Setting next_dagrun for example_subdag_operator.section-2 to None, run_after=None
[2026-03-28T19:40:27.336+0500] {processor.py:183} INFO - Processing /home/abayturar/airflow-project/venv/lib/python3.12/site-packages/airflow/example_dags/example_subdag_operator.py took 0.071 seconds
[2026-03-28T19:41:10.152+0500] {processor.py:161} INFO - Started process (PID=31580) to work on /home/abayturar/airflow-project/venv/lib/python3.12/site-packages/airflow/example_dags/example_subdag_operator.py
[2026-03-28T19:41:10.153+0500] {processor.py:830} INFO - Processing file /home/abayturar/airflow-project/venv/lib/python3.12/site-packages/airflow/example_dags/example_subdag_operator.py for tasks to queue
[2026-03-28T19:41:10.155+0500] {logging_mixin.py:188} INFO - [2026-03-28T19:41:10.154+0500] {dagbag.py:545} INFO - Filling up the DagBag from /home/abayturar/airflow-project/venv/lib/python3.12/site-packages/airflow/example_dags/example_subdag_operator.py
[2026-03-28T19:41:10.176+0500] {processor.py:840} INFO - DAG(s) 'example_subdag_operator.section-1', 'example_subdag_operator.section-2', 'example_subdag_operator' retrieved from /home/abayturar/airflow-project/venv/lib/python3.12/site-packages/airflow/example_dags/example_subdag_operator.py
[2026-03-28T19:41:10.186+0500] {logging_mixin.py:188} INFO - [2026-03-28T19:41:10.186+0500] {dag.py:3089} INFO - Sync 3 DAGs
[2026-03-28T19:41:10.199+0500] {logging_mixin.py:188} INFO - [2026-03-28T19:41:10.199+0500] {dag.py:3947} INFO - Setting next_dagrun for example_subdag_operator to 2022-01-01 00:00:00+00:00, run_after=2022-01-01 00:00:00+00:00
[2026-03-28T19:41:10.201+0500] {logging_mixin.py:188} INFO - [2026-03-28T19:41:10.201+0500] {dag.py:3947} INFO - Setting next_dagrun for example_subdag_operator.section-1 to None, run_after=None
[2026-03-28T19:41:10.202+0500] {logging_mixin.py:188} INFO - [2026-03-28T19:41:10.202+0500] {dag.py:3947} INFO - Setting next_dagrun for example_subdag_operator.section-2 to None, run_after=None
[2026-03-28T19:41:10.206+0500] {logging_mixin.py:188} INFO - [2026-03-28T19:41:10.206+0500] {dag.py:3089} INFO - Sync 2 DAGs
[2026-03-28T19:41:10.208+0500] {logging_mixin.py:188} INFO - [2026-03-28T19:41:10.208+0500] {dag.py:3947} INFO - Setting next_dagrun for example_subdag_operator.section-1 to None, run_after=None
[2026-03-28T19:41:10.209+0500] {logging_mixin.py:188} INFO - [2026-03-28T19:41:10.209+0500] {dag.py:3947} INFO - Setting next_dagrun for example_subdag_operator.section-2 to None, run_after=None
[2026-03-28T19:41:10.229+0500] {processor.py:183} INFO - Processing /home/abayturar/airflow-project/venv/lib/python3.12/site-packages/airflow/example_dags/example_subdag_operator.py took 0.083 seconds
[2026-03-28T19:41:56.427+0500] {processor.py:161} INFO - Started process (PID=31704) to work on /home/abayturar/airflow-project/venv/lib/python3.12/site-packages/airflow/example_dags/example_subdag_operator.py
[2026-03-28T19:41:56.428+0500] {processor.py:830} INFO - Processing file /home/abayturar/airflow-project/venv/lib/python3.12/site-packages/airflow/example_dags/example_subdag_operator.py for tasks to queue
[2026-03-28T19:41:56.429+0500] {logging_mixin.py:188} INFO - [2026-03-28T19:41:56.429+0500] {dagbag.py:545} INFO - Filling up the DagBag from /home/abayturar/airflow-project/venv/lib/python3.12/site-packages/airflow/example_dags/example_subdag_operator.py
[2026-03-28T19:41:56.449+0500] {processor.py:840} INFO - DAG(s) 'example_subdag_operator.section-1', 'example_subdag_operator.section-2', 'example_subdag_operator' retrieved from /home/abayturar/airflow-project/venv/lib/python3.12/site-packages/airflow/example_dags/example_subdag_operator.py
[2026-03-28T19:41:56.461+0500] {logging_mixin.py:188} INFO - [2026-03-28T19:41:56.461+0500] {dag.py:3089} INFO - Sync 3 DAGs
[2026-03-28T19:41:56.474+0500] {logging_mixin.py:188} INFO - [2026-03-28T19:41:56.474+0500] {dag.py:3947} INFO - Setting next_dagrun for example_subdag_operator to 2022-01-01 00:00:00+00:00, run_after=2022-01-01 00:00:00+00:00
[2026-03-28T19:41:56.477+0500] {logging_mixin.py:188} INFO - [2026-03-28T19:41:56.476+0500] {dag.py:3947} INFO - Setting next_dagrun for example_subdag_operator.section-1 to None, run_after=None
[2026-03-28T19:41:56.477+0500] {logging_mixin.py:188} INFO - [2026-03-28T19:41:56.477+0500] {dag.py:3947} INFO - Setting next_dagrun for example_subdag_operator.section-2 to None, run_after=None
[2026-03-28T19:41:56.482+0500] {logging_mixin.py:188} INFO - [2026-03-28T19:41:56.481+0500] {dag.py:3089} INFO - Sync 2 DAGs
[2026-03-28T19:41:56.484+0500] {logging_mixin.py:188} INFO - [2026-03-28T19:41:56.484+0500] {dag.py:3947} INFO - Setting next_dagrun for example_subdag_operator.section-1 to None, run_after=None
[2026-03-28T19:41:56.484+0500] {logging_mixin.py:188} INFO - [2026-03-28T19:41:56.484+0500] {dag.py:3947} INFO - Setting next_dagrun for example_subdag_operator.section-2 to None, run_after=None
[2026-03-28T19:41:56.505+0500] {processor.py:183} INFO - Processing /home/abayturar/airflow-project/venv/lib/python3.12/site-packages/airflow/example_dags/example_subdag_operator.py took 0.084 seconds
[2026-03-28T19:42:46.204+0500] {processor.py:161} INFO - Started process (PID=31837) to work on /home/abayturar/airflow-project/venv/lib/python3.12/site-packages/airflow/example_dags/example_subdag_operator.py
[2026-03-28T19:42:46.204+0500] {processor.py:830} INFO - Processing file /home/abayturar/airflow-project/venv/lib/python3.12/site-packages/airflow/example_dags/example_subdag_operator.py for tasks to queue
[2026-03-28T19:42:46.206+0500] {logging_mixin.py:188} INFO - [2026-03-28T19:42:46.206+0500] {dagbag.py:545} INFO - Filling up the DagBag from /home/abayturar/airflow-project/venv/lib/python3.12/site-packages/airflow/example_dags/example_subdag_operator.py
[2026-03-28T19:42:46.230+0500] {processor.py:840} INFO - DAG(s) 'example_subdag_operator.section-1', 'example_subdag_operator.section-2', 'example_subdag_operator' retrieved from /home/abayturar/airflow-project/venv/lib/python3.12/site-packages/airflow/example_dags/example_subdag_operator.py
[2026-03-28T19:42:46.242+0500] {logging_mixin.py:188} INFO - [2026-03-28T19:42:46.242+0500] {dag.py:3089} INFO - Sync 3 DAGs
[2026-03-28T19:42:46.258+0500] {logging_mixin.py:188} INFO - [2026-03-28T19:42:46.258+0500] {dag.py:3947} INFO - Setting next_dagrun for example_subdag_operator to 2022-01-01 00:00:00+00:00, run_after=2022-01-01 00:00:00+00:00
[2026-03-28T19:42:46.262+0500] {logging_mixin.py:188} INFO - [2026-03-28T19:42:46.262+0500] {dag.py:3947} INFO - Setting next_dagrun for example_subdag_operator.section-1 to None, run_after=None
[2026-03-28T19:42:46.263+0500] {logging_mixin.py:188} INFO - [2026-03-28T19:42:46.263+0500] {dag.py:3947} INFO - Setting next_dagrun for example_subdag_operator.section-2 to None, run_after=None
[2026-03-28T19:42:46.269+0500] {logging_mixin.py:188} INFO - [2026-03-28T19:42:46.269+0500] {dag.py:3089} INFO - Sync 2 DAGs
[2026-03-28T19:42:46.271+0500] {logging_mixin.py:188} INFO - [2026-03-28T19:42:46.271+0500] {dag.py:3947} INFO - Setting next_dagrun for example_subdag_operator.section-1 to None, run_after=None
[2026-03-28T19:42:46.272+0500] {logging_mixin.py:188} INFO - [2026-03-28T19:42:46.272+0500] {dag.py:3947} INFO - Setting next_dagrun for example_subdag_operator.section-2 to None, run_after=None
[2026-03-28T19:42:46.294+0500] {processor.py:183} INFO - Processing /home/abayturar/airflow-project/venv/lib/python3.12/site-packages/airflow/example_dags/example_subdag_operator.py took 0.096 seconds
[2026-03-28T19:43:37.210+0500] {processor.py:161} INFO - Started process (PID=31972) to work on /home/abayturar/airflow-project/venv/lib/python3.12/site-packages/airflow/example_dags/example_subdag_operator.py
[2026-03-28T19:43:37.212+0500] {processor.py:830} INFO - Processing file /home/abayturar/airflow-project/venv/lib/python3.12/site-packages/airflow/example_dags/example_subdag_operator.py for tasks to queue
[2026-03-28T19:43:37.214+0500] {logging_mixin.py:188} INFO - [2026-03-28T19:43:37.213+0500] {dagbag.py:545} INFO - Filling up the DagBag from /home/abayturar/airflow-project/venv/lib/python3.12/site-packages/airflow/example_dags/example_subdag_operator.py
[2026-03-28T19:43:37.238+0500] {processor.py:840} INFO - DAG(s) 'example_subdag_operator.section-1', 'example_subdag_operator.section-2', 'example_subdag_operator' retrieved from /home/abayturar/airflow-project/venv/lib/python3.12/site-packages/airflow/example_dags/example_subdag_operator.py
[2026-03-28T19:43:37.254+0500] {logging_mixin.py:188} INFO - [2026-03-28T19:43:37.253+0500] {dag.py:3089} INFO - Sync 3 DAGs
[2026-03-28T19:43:37.269+0500] {logging_mixin.py:188} INFO - [2026-03-28T19:43:37.269+0500] {dag.py:3947} INFO - Setting next_dagrun for example_subdag_operator to 2022-01-01 00:00:00+00:00, run_after=2022-01-01 00:00:00+00:00
[2026-03-28T19:43:37.271+0500] {logging_mixin.py:188} INFO - [2026-03-28T19:43:37.271+0500] {dag.py:3947} INFO - Setting next_dagrun for example_subdag_operator.section-1 to None, run_after=None
[2026-03-28T19:43:37.271+0500] {logging_mixin.py:188} INFO - [2026-03-28T19:43:37.271+0500] {dag.py:3947} INFO - Setting next_dagrun for example_subdag_operator.section-2 to None, run_after=None
[2026-03-28T19:43:37.276+0500] {logging_mixin.py:188} INFO - [2026-03-28T19:43:37.276+0500] {dag.py:3089} INFO - Sync 2 DAGs
[2026-03-28T19:43:37.279+0500] {logging_mixin.py:188} INFO - [2026-03-28T19:43:37.278+0500] {dag.py:3947} INFO - Setting next_dagrun for example_subdag_operator.section-1 to None, run_after=None
[2026-03-28T19:43:37.279+0500] {logging_mixin.py:188} INFO - [2026-03-28T19:43:37.279+0500] {dag.py:3947} INFO - Setting next_dagrun for example_subdag_operator.section-2 to None, run_after=None
[2026-03-28T19:43:37.301+0500] {processor.py:183} INFO - Processing /home/abayturar/airflow-project/venv/lib/python3.12/site-packages/airflow/example_dags/example_subdag_operator.py took 0.098 seconds
[2026-03-28T19:44:22.474+0500] {processor.py:161} INFO - Started process (PID=32095) to work on /home/abayturar/airflow-project/venv/lib/python3.12/site-packages/airflow/example_dags/example_subdag_operator.py
[2026-03-28T19:44:22.475+0500] {processor.py:830} INFO - Processing file /home/abayturar/airflow-project/venv/lib/python3.12/site-packages/airflow/example_dags/example_subdag_operator.py for tasks to queue
[2026-03-28T19:44:22.477+0500] {logging_mixin.py:188} INFO - [2026-03-28T19:44:22.477+0500] {dagbag.py:545} INFO - Filling up the DagBag from /home/abayturar/airflow-project/venv/lib/python3.12/site-packages/airflow/example_dags/example_subdag_operator.py
[2026-03-28T19:44:22.497+0500] {processor.py:840} INFO - DAG(s) 'example_subdag_operator.section-1', 'example_subdag_operator.section-2', 'example_subdag_operator' retrieved from /home/abayturar/airflow-project/venv/lib/python3.12/site-packages/airflow/example_dags/example_subdag_operator.py
[2026-03-28T19:44:22.508+0500] {logging_mixin.py:188} INFO - [2026-03-28T19:44:22.508+0500] {dag.py:3089} INFO - Sync 3 DAGs
[2026-03-28T19:44:22.521+0500] {logging_mixin.py:188} INFO - [2026-03-28T19:44:22.521+0500] {dag.py:3947} INFO - Setting next_dagrun for example_subdag_operator to 2022-01-01 00:00:00+00:00, run_after=2022-01-01 00:00:00+00:00
[2026-03-28T19:44:22.523+0500] {logging_mixin.py:188} INFO - [2026-03-28T19:44:22.523+0500] {dag.py:3947} INFO - Setting next_dagrun for example_subdag_operator.section-1 to None, run_after=None
[2026-03-28T19:44:22.524+0500] {logging_mixin.py:188} INFO - [2026-03-28T19:44:22.523+0500] {dag.py:3947} INFO - Setting next_dagrun for example_subdag_operator.section-2 to None, run_after=None
[2026-03-28T19:44:22.528+0500] {logging_mixin.py:188} INFO - [2026-03-28T19:44:22.528+0500] {dag.py:3089} INFO - Sync 2 DAGs
[2026-03-28T19:44:22.530+0500] {logging_mixin.py:188} INFO - [2026-03-28T19:44:22.530+0500] {dag.py:3947} INFO - Setting next_dagrun for example_subdag_operator.section-1 to None, run_after=None
[2026-03-28T19:44:22.530+0500] {logging_mixin.py:188} INFO - [2026-03-28T19:44:22.530+0500] {dag.py:3947} INFO - Setting next_dagrun for example_subdag_operator.section-2 to None, run_after=None
[2026-03-28T19:44:22.539+0500] {processor.py:183} INFO - Processing /home/abayturar/airflow-project/venv/lib/python3.12/site-packages/airflow/example_dags/example_subdag_operator.py took 0.071 seconds
