[2026-03-28T15:21:23.910+0500] {processor.py:161} INFO - Started process (PID=11857) to work on /home/abayturar/airflow-project/venv/lib/python3.12/site-packages/airflow/example_dags/example_python_operator.py
[2026-03-28T15:21:23.911+0500] {processor.py:830} INFO - Processing file /home/abayturar/airflow-project/venv/lib/python3.12/site-packages/airflow/example_dags/example_python_operator.py for tasks to queue
[2026-03-28T15:21:23.924+0500] {logging_mixin.py:188} INFO - [2026-03-28T15:21:23.923+0500] {dagbag.py:545} INFO - Filling up the DagBag from /home/abayturar/airflow-project/venv/lib/python3.12/site-packages/airflow/example_dags/example_python_operator.py
[2026-03-28T15:21:23.933+0500] {logging_mixin.py:188} INFO - [2026-03-28T15:21:23.933+0500] {example_python_operator.py:93} WARNING - The virtalenv_python example task requires virtualenv, please install it.
[2026-03-28T15:21:23.934+0500] {processor.py:840} INFO - DAG(s) 'example_python_operator' retrieved from /home/abayturar/airflow-project/venv/lib/python3.12/site-packages/airflow/example_dags/example_python_operator.py
[2026-03-28T15:21:24.035+0500] {logging_mixin.py:188} INFO - [2026-03-28T15:21:24.034+0500] {override.py:1858} INFO - Created Permission View: can edit on DAG:example_python_operator
[2026-03-28T15:21:24.042+0500] {logging_mixin.py:188} INFO - [2026-03-28T15:21:24.042+0500] {override.py:1858} INFO - Created Permission View: can read on DAG:example_python_operator
[2026-03-28T15:21:24.047+0500] {logging_mixin.py:188} INFO - [2026-03-28T15:21:24.047+0500] {override.py:1858} INFO - Created Permission View: can delete on DAG:example_python_operator
[2026-03-28T15:21:24.047+0500] {logging_mixin.py:188} INFO - [2026-03-28T15:21:24.047+0500] {dag.py:3089} INFO - Sync 1 DAGs
[2026-03-28T15:21:24.055+0500] {logging_mixin.py:188} INFO - [2026-03-28T15:21:24.055+0500] {dag.py:3111} INFO - Creating ORM DAG for example_python_operator
[2026-03-28T15:21:24.055+0500] {logging_mixin.py:188} INFO - [2026-03-28T15:21:24.055+0500] {dag.py:3947} INFO - Setting next_dagrun for example_python_operator to None, run_after=None
[2026-03-28T15:21:24.069+0500] {processor.py:183} INFO - Processing /home/abayturar/airflow-project/venv/lib/python3.12/site-packages/airflow/example_dags/example_python_operator.py took 0.168 seconds
[2026-03-28T15:22:17.570+0500] {processor.py:161} INFO - Started process (PID=12006) to work on /home/abayturar/airflow-project/venv/lib/python3.12/site-packages/airflow/example_dags/example_python_operator.py
[2026-03-28T15:22:17.571+0500] {processor.py:830} INFO - Processing file /home/abayturar/airflow-project/venv/lib/python3.12/site-packages/airflow/example_dags/example_python_operator.py for tasks to queue
[2026-03-28T15:22:17.573+0500] {logging_mixin.py:188} INFO - [2026-03-28T15:22:17.573+0500] {dagbag.py:545} INFO - Filling up the DagBag from /home/abayturar/airflow-project/venv/lib/python3.12/site-packages/airflow/example_dags/example_python_operator.py
[2026-03-28T15:22:17.580+0500] {logging_mixin.py:188} INFO - [2026-03-28T15:22:17.580+0500] {example_python_operator.py:93} WARNING - The virtalenv_python example task requires virtualenv, please install it.
[2026-03-28T15:22:17.580+0500] {processor.py:840} INFO - DAG(s) 'example_python_operator' retrieved from /home/abayturar/airflow-project/venv/lib/python3.12/site-packages/airflow/example_dags/example_python_operator.py
[2026-03-28T15:22:17.600+0500] {logging_mixin.py:188} INFO - [2026-03-28T15:22:17.600+0500] {dag.py:3089} INFO - Sync 1 DAGs
[2026-03-28T15:22:17.611+0500] {logging_mixin.py:188} INFO - [2026-03-28T15:22:17.611+0500] {dag.py:3947} INFO - Setting next_dagrun for example_python_operator to None, run_after=None
[2026-03-28T15:22:17.631+0500] {processor.py:183} INFO - Processing /home/abayturar/airflow-project/venv/lib/python3.12/site-packages/airflow/example_dags/example_python_operator.py took 0.066 seconds
[2026-03-28T15:23:09.057+0500] {processor.py:161} INFO - Started process (PID=12158) to work on /home/abayturar/airflow-project/venv/lib/python3.12/site-packages/airflow/example_dags/example_python_operator.py
[2026-03-28T15:23:09.058+0500] {processor.py:830} INFO - Processing file /home/abayturar/airflow-project/venv/lib/python3.12/site-packages/airflow/example_dags/example_python_operator.py for tasks to queue
[2026-03-28T15:23:09.060+0500] {logging_mixin.py:188} INFO - [2026-03-28T15:23:09.060+0500] {dagbag.py:545} INFO - Filling up the DagBag from /home/abayturar/airflow-project/venv/lib/python3.12/site-packages/airflow/example_dags/example_python_operator.py
[2026-03-28T15:23:09.071+0500] {logging_mixin.py:188} INFO - [2026-03-28T15:23:09.071+0500] {example_python_operator.py:93} WARNING - The virtalenv_python example task requires virtualenv, please install it.
[2026-03-28T15:23:09.071+0500] {processor.py:840} INFO - DAG(s) 'example_python_operator' retrieved from /home/abayturar/airflow-project/venv/lib/python3.12/site-packages/airflow/example_dags/example_python_operator.py
[2026-03-28T15:23:09.093+0500] {logging_mixin.py:188} INFO - [2026-03-28T15:23:09.092+0500] {dag.py:3089} INFO - Sync 1 DAGs
[2026-03-28T15:23:09.103+0500] {logging_mixin.py:188} INFO - [2026-03-28T15:23:09.103+0500] {dag.py:3947} INFO - Setting next_dagrun for example_python_operator to None, run_after=None
[2026-03-28T15:23:09.133+0500] {processor.py:183} INFO - Processing /home/abayturar/airflow-project/venv/lib/python3.12/site-packages/airflow/example_dags/example_python_operator.py took 0.083 seconds
[2026-03-28T15:23:58.390+0500] {processor.py:161} INFO - Started process (PID=12305) to work on /home/abayturar/airflow-project/venv/lib/python3.12/site-packages/airflow/example_dags/example_python_operator.py
[2026-03-28T15:23:58.391+0500] {processor.py:830} INFO - Processing file /home/abayturar/airflow-project/venv/lib/python3.12/site-packages/airflow/example_dags/example_python_operator.py for tasks to queue
[2026-03-28T15:23:58.393+0500] {logging_mixin.py:188} INFO - [2026-03-28T15:23:58.392+0500] {dagbag.py:545} INFO - Filling up the DagBag from /home/abayturar/airflow-project/venv/lib/python3.12/site-packages/airflow/example_dags/example_python_operator.py
[2026-03-28T15:23:58.400+0500] {logging_mixin.py:188} INFO - [2026-03-28T15:23:58.400+0500] {example_python_operator.py:93} WARNING - The virtalenv_python example task requires virtualenv, please install it.
[2026-03-28T15:23:58.400+0500] {processor.py:840} INFO - DAG(s) 'example_python_operator' retrieved from /home/abayturar/airflow-project/venv/lib/python3.12/site-packages/airflow/example_dags/example_python_operator.py
[2026-03-28T15:23:58.417+0500] {logging_mixin.py:188} INFO - [2026-03-28T15:23:58.417+0500] {dag.py:3089} INFO - Sync 1 DAGs
[2026-03-28T15:23:58.426+0500] {logging_mixin.py:188} INFO - [2026-03-28T15:23:58.426+0500] {dag.py:3947} INFO - Setting next_dagrun for example_python_operator to None, run_after=None
[2026-03-28T15:23:58.442+0500] {processor.py:183} INFO - Processing /home/abayturar/airflow-project/venv/lib/python3.12/site-packages/airflow/example_dags/example_python_operator.py took 0.058 seconds
[2026-03-28T15:24:48.748+0500] {processor.py:161} INFO - Started process (PID=12449) to work on /home/abayturar/airflow-project/venv/lib/python3.12/site-packages/airflow/example_dags/example_python_operator.py
[2026-03-28T15:24:48.749+0500] {processor.py:830} INFO - Processing file /home/abayturar/airflow-project/venv/lib/python3.12/site-packages/airflow/example_dags/example_python_operator.py for tasks to queue
[2026-03-28T15:24:48.752+0500] {logging_mixin.py:188} INFO - [2026-03-28T15:24:48.751+0500] {dagbag.py:545} INFO - Filling up the DagBag from /home/abayturar/airflow-project/venv/lib/python3.12/site-packages/airflow/example_dags/example_python_operator.py
[2026-03-28T15:24:48.762+0500] {logging_mixin.py:188} INFO - [2026-03-28T15:24:48.761+0500] {example_python_operator.py:93} WARNING - The virtalenv_python example task requires virtualenv, please install it.
[2026-03-28T15:24:48.762+0500] {processor.py:840} INFO - DAG(s) 'example_python_operator' retrieved from /home/abayturar/airflow-project/venv/lib/python3.12/site-packages/airflow/example_dags/example_python_operator.py
[2026-03-28T15:24:48.780+0500] {logging_mixin.py:188} INFO - [2026-03-28T15:24:48.780+0500] {dag.py:3089} INFO - Sync 1 DAGs
[2026-03-28T15:24:48.790+0500] {logging_mixin.py:188} INFO - [2026-03-28T15:24:48.790+0500] {dag.py:3947} INFO - Setting next_dagrun for example_python_operator to None, run_after=None
[2026-03-28T15:24:48.807+0500] {processor.py:183} INFO - Processing /home/abayturar/airflow-project/venv/lib/python3.12/site-packages/airflow/example_dags/example_python_operator.py took 0.068 seconds
[2026-03-28T15:26:03.526+0500] {processor.py:161} INFO - Started process (PID=12624) to work on /home/abayturar/airflow-project/venv/lib/python3.12/site-packages/airflow/example_dags/example_python_operator.py
[2026-03-28T15:26:03.527+0500] {processor.py:830} INFO - Processing file /home/abayturar/airflow-project/venv/lib/python3.12/site-packages/airflow/example_dags/example_python_operator.py for tasks to queue
[2026-03-28T15:26:03.530+0500] {logging_mixin.py:188} INFO - [2026-03-28T15:26:03.530+0500] {dagbag.py:545} INFO - Filling up the DagBag from /home/abayturar/airflow-project/venv/lib/python3.12/site-packages/airflow/example_dags/example_python_operator.py
[2026-03-28T15:26:03.538+0500] {logging_mixin.py:188} INFO - [2026-03-28T15:26:03.538+0500] {example_python_operator.py:93} WARNING - The virtalenv_python example task requires virtualenv, please install it.
[2026-03-28T15:26:03.539+0500] {processor.py:840} INFO - DAG(s) 'example_python_operator' retrieved from /home/abayturar/airflow-project/venv/lib/python3.12/site-packages/airflow/example_dags/example_python_operator.py
[2026-03-28T15:26:03.559+0500] {logging_mixin.py:188} INFO - [2026-03-28T15:26:03.559+0500] {dag.py:3089} INFO - Sync 1 DAGs
[2026-03-28T15:26:03.569+0500] {logging_mixin.py:188} INFO - [2026-03-28T15:26:03.569+0500] {dag.py:3947} INFO - Setting next_dagrun for example_python_operator to None, run_after=None
[2026-03-28T15:26:03.601+0500] {processor.py:183} INFO - Processing /home/abayturar/airflow-project/venv/lib/python3.12/site-packages/airflow/example_dags/example_python_operator.py took 0.084 seconds
[2026-03-28T15:27:08.569+0500] {processor.py:161} INFO - Started process (PID=12804) to work on /home/abayturar/airflow-project/venv/lib/python3.12/site-packages/airflow/example_dags/example_python_operator.py
[2026-03-28T15:27:08.570+0500] {processor.py:830} INFO - Processing file /home/abayturar/airflow-project/venv/lib/python3.12/site-packages/airflow/example_dags/example_python_operator.py for tasks to queue
[2026-03-28T15:27:08.572+0500] {logging_mixin.py:188} INFO - [2026-03-28T15:27:08.571+0500] {dagbag.py:545} INFO - Filling up the DagBag from /home/abayturar/airflow-project/venv/lib/python3.12/site-packages/airflow/example_dags/example_python_operator.py
[2026-03-28T15:27:08.579+0500] {logging_mixin.py:188} INFO - [2026-03-28T15:27:08.578+0500] {example_python_operator.py:93} WARNING - The virtalenv_python example task requires virtualenv, please install it.
[2026-03-28T15:27:08.579+0500] {processor.py:840} INFO - DAG(s) 'example_python_operator' retrieved from /home/abayturar/airflow-project/venv/lib/python3.12/site-packages/airflow/example_dags/example_python_operator.py
[2026-03-28T15:27:08.588+0500] {logging_mixin.py:188} INFO - [2026-03-28T15:27:08.588+0500] {dag.py:3089} INFO - Sync 1 DAGs
[2026-03-28T15:27:08.598+0500] {logging_mixin.py:188} INFO - [2026-03-28T15:27:08.598+0500] {dag.py:3947} INFO - Setting next_dagrun for example_python_operator to None, run_after=None
[2026-03-28T15:27:08.625+0500] {processor.py:183} INFO - Processing /home/abayturar/airflow-project/venv/lib/python3.12/site-packages/airflow/example_dags/example_python_operator.py took 0.061 seconds
[2026-03-28T18:17:44.934+0500] {processor.py:161} INFO - Started process (PID=17934) to work on /home/abayturar/airflow-project/venv/lib/python3.12/site-packages/airflow/example_dags/example_python_operator.py
[2026-03-28T18:17:44.935+0500] {processor.py:830} INFO - Processing file /home/abayturar/airflow-project/venv/lib/python3.12/site-packages/airflow/example_dags/example_python_operator.py for tasks to queue
[2026-03-28T18:17:44.937+0500] {logging_mixin.py:188} INFO - [2026-03-28T18:17:44.936+0500] {dagbag.py:545} INFO - Filling up the DagBag from /home/abayturar/airflow-project/venv/lib/python3.12/site-packages/airflow/example_dags/example_python_operator.py
[2026-03-28T18:17:44.944+0500] {logging_mixin.py:188} INFO - [2026-03-28T18:17:44.944+0500] {example_python_operator.py:93} WARNING - The virtalenv_python example task requires virtualenv, please install it.
[2026-03-28T18:17:44.945+0500] {processor.py:840} INFO - DAG(s) 'example_python_operator' retrieved from /home/abayturar/airflow-project/venv/lib/python3.12/site-packages/airflow/example_dags/example_python_operator.py
[2026-03-28T18:17:45.053+0500] {logging_mixin.py:188} INFO - [2026-03-28T18:17:45.052+0500] {override.py:1858} INFO - Created Permission View: can edit on DAG:example_python_operator
[2026-03-28T18:17:45.060+0500] {logging_mixin.py:188} INFO - [2026-03-28T18:17:45.060+0500] {override.py:1858} INFO - Created Permission View: can delete on DAG:example_python_operator
[2026-03-28T18:17:45.065+0500] {logging_mixin.py:188} INFO - [2026-03-28T18:17:45.065+0500] {override.py:1858} INFO - Created Permission View: can read on DAG:example_python_operator
[2026-03-28T18:17:45.066+0500] {logging_mixin.py:188} INFO - [2026-03-28T18:17:45.066+0500] {dag.py:3089} INFO - Sync 1 DAGs
[2026-03-28T18:17:45.073+0500] {logging_mixin.py:188} INFO - [2026-03-28T18:17:45.073+0500] {dag.py:3111} INFO - Creating ORM DAG for example_python_operator
[2026-03-28T18:17:45.073+0500] {logging_mixin.py:188} INFO - [2026-03-28T18:17:45.073+0500] {dag.py:3947} INFO - Setting next_dagrun for example_python_operator to None, run_after=None
[2026-03-28T18:17:45.089+0500] {processor.py:183} INFO - Processing /home/abayturar/airflow-project/venv/lib/python3.12/site-packages/airflow/example_dags/example_python_operator.py took 0.161 seconds
[2026-03-28T18:18:37.856+0500] {processor.py:161} INFO - Started process (PID=18076) to work on /home/abayturar/airflow-project/venv/lib/python3.12/site-packages/airflow/example_dags/example_python_operator.py
[2026-03-28T18:18:37.857+0500] {processor.py:830} INFO - Processing file /home/abayturar/airflow-project/venv/lib/python3.12/site-packages/airflow/example_dags/example_python_operator.py for tasks to queue
[2026-03-28T18:18:37.858+0500] {logging_mixin.py:188} INFO - [2026-03-28T18:18:37.858+0500] {dagbag.py:545} INFO - Filling up the DagBag from /home/abayturar/airflow-project/venv/lib/python3.12/site-packages/airflow/example_dags/example_python_operator.py
[2026-03-28T18:18:37.865+0500] {logging_mixin.py:188} INFO - [2026-03-28T18:18:37.865+0500] {example_python_operator.py:93} WARNING - The virtalenv_python example task requires virtualenv, please install it.
[2026-03-28T18:18:37.865+0500] {processor.py:840} INFO - DAG(s) 'example_python_operator' retrieved from /home/abayturar/airflow-project/venv/lib/python3.12/site-packages/airflow/example_dags/example_python_operator.py
[2026-03-28T18:18:37.881+0500] {logging_mixin.py:188} INFO - [2026-03-28T18:18:37.880+0500] {dag.py:3089} INFO - Sync 1 DAGs
[2026-03-28T18:18:37.889+0500] {logging_mixin.py:188} INFO - [2026-03-28T18:18:37.889+0500] {dag.py:3947} INFO - Setting next_dagrun for example_python_operator to None, run_after=None
[2026-03-28T18:18:37.915+0500] {processor.py:183} INFO - Processing /home/abayturar/airflow-project/venv/lib/python3.12/site-packages/airflow/example_dags/example_python_operator.py took 0.065 seconds
[2026-03-28T18:22:29.394+0500] {processor.py:161} INFO - Started process (PID=18608) to work on /home/abayturar/airflow-project/venv/lib/python3.12/site-packages/airflow/example_dags/example_python_operator.py
[2026-03-28T18:22:29.395+0500] {processor.py:830} INFO - Processing file /home/abayturar/airflow-project/venv/lib/python3.12/site-packages/airflow/example_dags/example_python_operator.py for tasks to queue
[2026-03-28T18:22:29.398+0500] {logging_mixin.py:188} INFO - [2026-03-28T18:22:29.397+0500] {dagbag.py:545} INFO - Filling up the DagBag from /home/abayturar/airflow-project/venv/lib/python3.12/site-packages/airflow/example_dags/example_python_operator.py
[2026-03-28T18:22:29.406+0500] {logging_mixin.py:188} INFO - [2026-03-28T18:22:29.406+0500] {example_python_operator.py:93} WARNING - The virtalenv_python example task requires virtualenv, please install it.
[2026-03-28T18:22:29.407+0500] {processor.py:840} INFO - DAG(s) 'example_python_operator' retrieved from /home/abayturar/airflow-project/venv/lib/python3.12/site-packages/airflow/example_dags/example_python_operator.py
[2026-03-28T18:22:29.427+0500] {logging_mixin.py:188} INFO - [2026-03-28T18:22:29.426+0500] {dag.py:3089} INFO - Sync 1 DAGs
[2026-03-28T18:22:29.440+0500] {logging_mixin.py:188} INFO - [2026-03-28T18:22:29.439+0500] {dag.py:3947} INFO - Setting next_dagrun for example_python_operator to None, run_after=None
[2026-03-28T18:22:29.462+0500] {processor.py:183} INFO - Processing /home/abayturar/airflow-project/venv/lib/python3.12/site-packages/airflow/example_dags/example_python_operator.py took 0.074 seconds
[2026-03-28T18:23:22.478+0500] {processor.py:161} INFO - Started process (PID=18759) to work on /home/abayturar/airflow-project/venv/lib/python3.12/site-packages/airflow/example_dags/example_python_operator.py
[2026-03-28T18:23:22.479+0500] {processor.py:830} INFO - Processing file /home/abayturar/airflow-project/venv/lib/python3.12/site-packages/airflow/example_dags/example_python_operator.py for tasks to queue
[2026-03-28T18:23:22.481+0500] {logging_mixin.py:188} INFO - [2026-03-28T18:23:22.481+0500] {dagbag.py:545} INFO - Filling up the DagBag from /home/abayturar/airflow-project/venv/lib/python3.12/site-packages/airflow/example_dags/example_python_operator.py
[2026-03-28T18:23:22.489+0500] {logging_mixin.py:188} INFO - [2026-03-28T18:23:22.489+0500] {example_python_operator.py:93} WARNING - The virtalenv_python example task requires virtualenv, please install it.
[2026-03-28T18:23:22.490+0500] {processor.py:840} INFO - DAG(s) 'example_python_operator' retrieved from /home/abayturar/airflow-project/venv/lib/python3.12/site-packages/airflow/example_dags/example_python_operator.py
[2026-03-28T18:23:22.507+0500] {logging_mixin.py:188} INFO - [2026-03-28T18:23:22.507+0500] {dag.py:3089} INFO - Sync 1 DAGs
[2026-03-28T18:23:22.516+0500] {logging_mixin.py:188} INFO - [2026-03-28T18:23:22.516+0500] {dag.py:3947} INFO - Setting next_dagrun for example_python_operator to None, run_after=None
[2026-03-28T18:23:22.545+0500] {processor.py:183} INFO - Processing /home/abayturar/airflow-project/venv/lib/python3.12/site-packages/airflow/example_dags/example_python_operator.py took 0.073 seconds
[2026-03-28T18:24:15.867+0500] {processor.py:161} INFO - Started process (PID=18900) to work on /home/abayturar/airflow-project/venv/lib/python3.12/site-packages/airflow/example_dags/example_python_operator.py
[2026-03-28T18:24:15.868+0500] {processor.py:830} INFO - Processing file /home/abayturar/airflow-project/venv/lib/python3.12/site-packages/airflow/example_dags/example_python_operator.py for tasks to queue
[2026-03-28T18:24:15.870+0500] {logging_mixin.py:188} INFO - [2026-03-28T18:24:15.869+0500] {dagbag.py:545} INFO - Filling up the DagBag from /home/abayturar/airflow-project/venv/lib/python3.12/site-packages/airflow/example_dags/example_python_operator.py
[2026-03-28T18:24:15.878+0500] {logging_mixin.py:188} INFO - [2026-03-28T18:24:15.877+0500] {example_python_operator.py:93} WARNING - The virtalenv_python example task requires virtualenv, please install it.
[2026-03-28T18:24:15.878+0500] {processor.py:840} INFO - DAG(s) 'example_python_operator' retrieved from /home/abayturar/airflow-project/venv/lib/python3.12/site-packages/airflow/example_dags/example_python_operator.py
[2026-03-28T18:24:15.893+0500] {logging_mixin.py:188} INFO - [2026-03-28T18:24:15.893+0500] {dag.py:3089} INFO - Sync 1 DAGs
[2026-03-28T18:24:15.902+0500] {logging_mixin.py:188} INFO - [2026-03-28T18:24:15.902+0500] {dag.py:3947} INFO - Setting next_dagrun for example_python_operator to None, run_after=None
[2026-03-28T18:24:15.917+0500] {processor.py:183} INFO - Processing /home/abayturar/airflow-project/venv/lib/python3.12/site-packages/airflow/example_dags/example_python_operator.py took 0.056 seconds
[2026-03-28T18:25:02.619+0500] {processor.py:161} INFO - Started process (PID=19027) to work on /home/abayturar/airflow-project/venv/lib/python3.12/site-packages/airflow/example_dags/example_python_operator.py
[2026-03-28T18:25:02.620+0500] {processor.py:830} INFO - Processing file /home/abayturar/airflow-project/venv/lib/python3.12/site-packages/airflow/example_dags/example_python_operator.py for tasks to queue
[2026-03-28T18:25:02.621+0500] {logging_mixin.py:188} INFO - [2026-03-28T18:25:02.621+0500] {dagbag.py:545} INFO - Filling up the DagBag from /home/abayturar/airflow-project/venv/lib/python3.12/site-packages/airflow/example_dags/example_python_operator.py
[2026-03-28T18:25:02.628+0500] {logging_mixin.py:188} INFO - [2026-03-28T18:25:02.628+0500] {example_python_operator.py:93} WARNING - The virtalenv_python example task requires virtualenv, please install it.
[2026-03-28T18:25:02.629+0500] {processor.py:840} INFO - DAG(s) 'example_python_operator' retrieved from /home/abayturar/airflow-project/venv/lib/python3.12/site-packages/airflow/example_dags/example_python_operator.py
[2026-03-28T18:25:02.644+0500] {logging_mixin.py:188} INFO - [2026-03-28T18:25:02.644+0500] {dag.py:3089} INFO - Sync 1 DAGs
[2026-03-28T18:25:02.653+0500] {logging_mixin.py:188} INFO - [2026-03-28T18:25:02.653+0500] {dag.py:3947} INFO - Setting next_dagrun for example_python_operator to None, run_after=None
[2026-03-28T18:25:02.669+0500] {processor.py:183} INFO - Processing /home/abayturar/airflow-project/venv/lib/python3.12/site-packages/airflow/example_dags/example_python_operator.py took 0.056 seconds
[2026-03-28T18:25:50.312+0500] {processor.py:161} INFO - Started process (PID=19153) to work on /home/abayturar/airflow-project/venv/lib/python3.12/site-packages/airflow/example_dags/example_python_operator.py
[2026-03-28T18:25:50.313+0500] {processor.py:830} INFO - Processing file /home/abayturar/airflow-project/venv/lib/python3.12/site-packages/airflow/example_dags/example_python_operator.py for tasks to queue
[2026-03-28T18:25:50.315+0500] {logging_mixin.py:188} INFO - [2026-03-28T18:25:50.315+0500] {dagbag.py:545} INFO - Filling up the DagBag from /home/abayturar/airflow-project/venv/lib/python3.12/site-packages/airflow/example_dags/example_python_operator.py
[2026-03-28T18:25:50.325+0500] {logging_mixin.py:188} INFO - [2026-03-28T18:25:50.325+0500] {example_python_operator.py:93} WARNING - The virtalenv_python example task requires virtualenv, please install it.
[2026-03-28T18:25:50.326+0500] {processor.py:840} INFO - DAG(s) 'example_python_operator' retrieved from /home/abayturar/airflow-project/venv/lib/python3.12/site-packages/airflow/example_dags/example_python_operator.py
[2026-03-28T18:25:50.345+0500] {logging_mixin.py:188} INFO - [2026-03-28T18:25:50.344+0500] {dag.py:3089} INFO - Sync 1 DAGs
[2026-03-28T18:25:50.355+0500] {logging_mixin.py:188} INFO - [2026-03-28T18:25:50.355+0500] {dag.py:3947} INFO - Setting next_dagrun for example_python_operator to None, run_after=None
[2026-03-28T18:25:50.386+0500] {processor.py:183} INFO - Processing /home/abayturar/airflow-project/venv/lib/python3.12/site-packages/airflow/example_dags/example_python_operator.py took 0.081 seconds
[2026-03-28T18:26:38.882+0500] {processor.py:161} INFO - Started process (PID=19284) to work on /home/abayturar/airflow-project/venv/lib/python3.12/site-packages/airflow/example_dags/example_python_operator.py
[2026-03-28T18:26:38.882+0500] {processor.py:830} INFO - Processing file /home/abayturar/airflow-project/venv/lib/python3.12/site-packages/airflow/example_dags/example_python_operator.py for tasks to queue
[2026-03-28T18:26:38.884+0500] {logging_mixin.py:188} INFO - [2026-03-28T18:26:38.884+0500] {dagbag.py:545} INFO - Filling up the DagBag from /home/abayturar/airflow-project/venv/lib/python3.12/site-packages/airflow/example_dags/example_python_operator.py
[2026-03-28T18:26:38.892+0500] {logging_mixin.py:188} INFO - [2026-03-28T18:26:38.892+0500] {example_python_operator.py:93} WARNING - The virtalenv_python example task requires virtualenv, please install it.
[2026-03-28T18:26:38.893+0500] {processor.py:840} INFO - DAG(s) 'example_python_operator' retrieved from /home/abayturar/airflow-project/venv/lib/python3.12/site-packages/airflow/example_dags/example_python_operator.py
[2026-03-28T18:26:38.910+0500] {logging_mixin.py:188} INFO - [2026-03-28T18:26:38.910+0500] {dag.py:3089} INFO - Sync 1 DAGs
[2026-03-28T18:26:38.921+0500] {logging_mixin.py:188} INFO - [2026-03-28T18:26:38.921+0500] {dag.py:3947} INFO - Setting next_dagrun for example_python_operator to None, run_after=None
[2026-03-28T18:26:38.940+0500] {processor.py:183} INFO - Processing /home/abayturar/airflow-project/venv/lib/python3.12/site-packages/airflow/example_dags/example_python_operator.py took 0.065 seconds
[2026-03-28T18:27:27.800+0500] {processor.py:161} INFO - Started process (PID=19411) to work on /home/abayturar/airflow-project/venv/lib/python3.12/site-packages/airflow/example_dags/example_python_operator.py
[2026-03-28T18:27:27.801+0500] {processor.py:830} INFO - Processing file /home/abayturar/airflow-project/venv/lib/python3.12/site-packages/airflow/example_dags/example_python_operator.py for tasks to queue
[2026-03-28T18:27:27.803+0500] {logging_mixin.py:188} INFO - [2026-03-28T18:27:27.802+0500] {dagbag.py:545} INFO - Filling up the DagBag from /home/abayturar/airflow-project/venv/lib/python3.12/site-packages/airflow/example_dags/example_python_operator.py
[2026-03-28T18:27:27.810+0500] {logging_mixin.py:188} INFO - [2026-03-28T18:27:27.810+0500] {example_python_operator.py:93} WARNING - The virtalenv_python example task requires virtualenv, please install it.
[2026-03-28T18:27:27.810+0500] {processor.py:840} INFO - DAG(s) 'example_python_operator' retrieved from /home/abayturar/airflow-project/venv/lib/python3.12/site-packages/airflow/example_dags/example_python_operator.py
[2026-03-28T18:27:27.826+0500] {logging_mixin.py:188} INFO - [2026-03-28T18:27:27.825+0500] {dag.py:3089} INFO - Sync 1 DAGs
[2026-03-28T18:27:27.834+0500] {logging_mixin.py:188} INFO - [2026-03-28T18:27:27.834+0500] {dag.py:3947} INFO - Setting next_dagrun for example_python_operator to None, run_after=None
[2026-03-28T18:27:27.860+0500] {processor.py:183} INFO - Processing /home/abayturar/airflow-project/venv/lib/python3.12/site-packages/airflow/example_dags/example_python_operator.py took 0.066 seconds
[2026-03-28T18:28:21.790+0500] {processor.py:161} INFO - Started process (PID=19571) to work on /home/abayturar/airflow-project/venv/lib/python3.12/site-packages/airflow/example_dags/example_python_operator.py
[2026-03-28T18:28:21.791+0500] {processor.py:830} INFO - Processing file /home/abayturar/airflow-project/venv/lib/python3.12/site-packages/airflow/example_dags/example_python_operator.py for tasks to queue
[2026-03-28T18:28:21.795+0500] {logging_mixin.py:188} INFO - [2026-03-28T18:28:21.794+0500] {dagbag.py:545} INFO - Filling up the DagBag from /home/abayturar/airflow-project/venv/lib/python3.12/site-packages/airflow/example_dags/example_python_operator.py
[2026-03-28T18:28:21.804+0500] {logging_mixin.py:188} INFO - [2026-03-28T18:28:21.804+0500] {example_python_operator.py:93} WARNING - The virtalenv_python example task requires virtualenv, please install it.
[2026-03-28T18:28:21.804+0500] {processor.py:840} INFO - DAG(s) 'example_python_operator' retrieved from /home/abayturar/airflow-project/venv/lib/python3.12/site-packages/airflow/example_dags/example_python_operator.py
[2026-03-28T18:28:21.824+0500] {logging_mixin.py:188} INFO - [2026-03-28T18:28:21.823+0500] {dag.py:3089} INFO - Sync 1 DAGs
[2026-03-28T18:28:21.835+0500] {logging_mixin.py:188} INFO - [2026-03-28T18:28:21.834+0500] {dag.py:3947} INFO - Setting next_dagrun for example_python_operator to None, run_after=None
[2026-03-28T18:28:21.863+0500] {processor.py:183} INFO - Processing /home/abayturar/airflow-project/venv/lib/python3.12/site-packages/airflow/example_dags/example_python_operator.py took 0.081 seconds
[2026-03-28T18:29:14.490+0500] {processor.py:161} INFO - Started process (PID=19705) to work on /home/abayturar/airflow-project/venv/lib/python3.12/site-packages/airflow/example_dags/example_python_operator.py
[2026-03-28T18:29:14.491+0500] {processor.py:830} INFO - Processing file /home/abayturar/airflow-project/venv/lib/python3.12/site-packages/airflow/example_dags/example_python_operator.py for tasks to queue
[2026-03-28T18:29:14.493+0500] {logging_mixin.py:188} INFO - [2026-03-28T18:29:14.493+0500] {dagbag.py:545} INFO - Filling up the DagBag from /home/abayturar/airflow-project/venv/lib/python3.12/site-packages/airflow/example_dags/example_python_operator.py
[2026-03-28T18:29:14.502+0500] {logging_mixin.py:188} INFO - [2026-03-28T18:29:14.502+0500] {example_python_operator.py:93} WARNING - The virtalenv_python example task requires virtualenv, please install it.
[2026-03-28T18:29:14.503+0500] {processor.py:840} INFO - DAG(s) 'example_python_operator' retrieved from /home/abayturar/airflow-project/venv/lib/python3.12/site-packages/airflow/example_dags/example_python_operator.py
[2026-03-28T18:29:14.523+0500] {logging_mixin.py:188} INFO - [2026-03-28T18:29:14.523+0500] {dag.py:3089} INFO - Sync 1 DAGs
[2026-03-28T18:29:14.533+0500] {logging_mixin.py:188} INFO - [2026-03-28T18:29:14.533+0500] {dag.py:3947} INFO - Setting next_dagrun for example_python_operator to None, run_after=None
[2026-03-28T18:29:14.555+0500] {processor.py:183} INFO - Processing /home/abayturar/airflow-project/venv/lib/python3.12/site-packages/airflow/example_dags/example_python_operator.py took 0.072 seconds
[2026-03-28T18:30:04.030+0500] {processor.py:161} INFO - Started process (PID=19838) to work on /home/abayturar/airflow-project/venv/lib/python3.12/site-packages/airflow/example_dags/example_python_operator.py
[2026-03-28T18:30:04.031+0500] {processor.py:830} INFO - Processing file /home/abayturar/airflow-project/venv/lib/python3.12/site-packages/airflow/example_dags/example_python_operator.py for tasks to queue
[2026-03-28T18:30:04.033+0500] {logging_mixin.py:188} INFO - [2026-03-28T18:30:04.033+0500] {dagbag.py:545} INFO - Filling up the DagBag from /home/abayturar/airflow-project/venv/lib/python3.12/site-packages/airflow/example_dags/example_python_operator.py
[2026-03-28T18:30:04.040+0500] {logging_mixin.py:188} INFO - [2026-03-28T18:30:04.040+0500] {example_python_operator.py:93} WARNING - The virtalenv_python example task requires virtualenv, please install it.
[2026-03-28T18:30:04.041+0500] {processor.py:840} INFO - DAG(s) 'example_python_operator' retrieved from /home/abayturar/airflow-project/venv/lib/python3.12/site-packages/airflow/example_dags/example_python_operator.py
[2026-03-28T18:30:04.055+0500] {logging_mixin.py:188} INFO - [2026-03-28T18:30:04.055+0500] {dag.py:3089} INFO - Sync 1 DAGs
[2026-03-28T18:30:04.064+0500] {logging_mixin.py:188} INFO - [2026-03-28T18:30:04.064+0500] {dag.py:3947} INFO - Setting next_dagrun for example_python_operator to None, run_after=None
[2026-03-28T18:30:04.090+0500] {processor.py:183} INFO - Processing /home/abayturar/airflow-project/venv/lib/python3.12/site-packages/airflow/example_dags/example_python_operator.py took 0.066 seconds
[2026-03-28T18:30:50.012+0500] {processor.py:161} INFO - Started process (PID=19963) to work on /home/abayturar/airflow-project/venv/lib/python3.12/site-packages/airflow/example_dags/example_python_operator.py
[2026-03-28T18:30:50.013+0500] {processor.py:830} INFO - Processing file /home/abayturar/airflow-project/venv/lib/python3.12/site-packages/airflow/example_dags/example_python_operator.py for tasks to queue
[2026-03-28T18:30:50.014+0500] {logging_mixin.py:188} INFO - [2026-03-28T18:30:50.014+0500] {dagbag.py:545} INFO - Filling up the DagBag from /home/abayturar/airflow-project/venv/lib/python3.12/site-packages/airflow/example_dags/example_python_operator.py
[2026-03-28T18:30:50.021+0500] {logging_mixin.py:188} INFO - [2026-03-28T18:30:50.021+0500] {example_python_operator.py:93} WARNING - The virtalenv_python example task requires virtualenv, please install it.
[2026-03-28T18:30:50.022+0500] {processor.py:840} INFO - DAG(s) 'example_python_operator' retrieved from /home/abayturar/airflow-project/venv/lib/python3.12/site-packages/airflow/example_dags/example_python_operator.py
[2026-03-28T18:30:50.037+0500] {logging_mixin.py:188} INFO - [2026-03-28T18:30:50.037+0500] {dag.py:3089} INFO - Sync 1 DAGs
[2026-03-28T18:30:50.047+0500] {logging_mixin.py:188} INFO - [2026-03-28T18:30:50.047+0500] {dag.py:3947} INFO - Setting next_dagrun for example_python_operator to None, run_after=None
[2026-03-28T18:30:50.076+0500] {processor.py:183} INFO - Processing /home/abayturar/airflow-project/venv/lib/python3.12/site-packages/airflow/example_dags/example_python_operator.py took 0.070 seconds
[2026-03-28T18:31:36.971+0500] {processor.py:161} INFO - Started process (PID=20095) to work on /home/abayturar/airflow-project/venv/lib/python3.12/site-packages/airflow/example_dags/example_python_operator.py
[2026-03-28T18:31:36.972+0500] {processor.py:830} INFO - Processing file /home/abayturar/airflow-project/venv/lib/python3.12/site-packages/airflow/example_dags/example_python_operator.py for tasks to queue
[2026-03-28T18:31:36.974+0500] {logging_mixin.py:188} INFO - [2026-03-28T18:31:36.974+0500] {dagbag.py:545} INFO - Filling up the DagBag from /home/abayturar/airflow-project/venv/lib/python3.12/site-packages/airflow/example_dags/example_python_operator.py
[2026-03-28T18:31:36.981+0500] {logging_mixin.py:188} INFO - [2026-03-28T18:31:36.981+0500] {example_python_operator.py:93} WARNING - The virtalenv_python example task requires virtualenv, please install it.
[2026-03-28T18:31:36.982+0500] {processor.py:840} INFO - DAG(s) 'example_python_operator' retrieved from /home/abayturar/airflow-project/venv/lib/python3.12/site-packages/airflow/example_dags/example_python_operator.py
[2026-03-28T18:31:36.998+0500] {logging_mixin.py:188} INFO - [2026-03-28T18:31:36.998+0500] {dag.py:3089} INFO - Sync 1 DAGs
[2026-03-28T18:31:37.008+0500] {logging_mixin.py:188} INFO - [2026-03-28T18:31:37.008+0500] {dag.py:3947} INFO - Setting next_dagrun for example_python_operator to None, run_after=None
[2026-03-28T18:31:37.036+0500] {processor.py:183} INFO - Processing /home/abayturar/airflow-project/venv/lib/python3.12/site-packages/airflow/example_dags/example_python_operator.py took 0.071 seconds
[2026-03-28T18:32:20.960+0500] {processor.py:161} INFO - Started process (PID=20217) to work on /home/abayturar/airflow-project/venv/lib/python3.12/site-packages/airflow/example_dags/example_python_operator.py
[2026-03-28T18:32:20.961+0500] {processor.py:830} INFO - Processing file /home/abayturar/airflow-project/venv/lib/python3.12/site-packages/airflow/example_dags/example_python_operator.py for tasks to queue
[2026-03-28T18:32:20.963+0500] {logging_mixin.py:188} INFO - [2026-03-28T18:32:20.962+0500] {dagbag.py:545} INFO - Filling up the DagBag from /home/abayturar/airflow-project/venv/lib/python3.12/site-packages/airflow/example_dags/example_python_operator.py
[2026-03-28T18:32:20.970+0500] {logging_mixin.py:188} INFO - [2026-03-28T18:32:20.970+0500] {example_python_operator.py:93} WARNING - The virtalenv_python example task requires virtualenv, please install it.
[2026-03-28T18:32:20.970+0500] {processor.py:840} INFO - DAG(s) 'example_python_operator' retrieved from /home/abayturar/airflow-project/venv/lib/python3.12/site-packages/airflow/example_dags/example_python_operator.py
[2026-03-28T18:32:20.993+0500] {logging_mixin.py:188} INFO - [2026-03-28T18:32:20.993+0500] {dag.py:3089} INFO - Sync 1 DAGs
[2026-03-28T18:32:21.004+0500] {logging_mixin.py:188} INFO - [2026-03-28T18:32:21.004+0500] {dag.py:3947} INFO - Setting next_dagrun for example_python_operator to None, run_after=None
[2026-03-28T18:32:21.028+0500] {processor.py:183} INFO - Processing /home/abayturar/airflow-project/venv/lib/python3.12/site-packages/airflow/example_dags/example_python_operator.py took 0.075 seconds
[2026-03-28T18:33:09.724+0500] {processor.py:161} INFO - Started process (PID=20342) to work on /home/abayturar/airflow-project/venv/lib/python3.12/site-packages/airflow/example_dags/example_python_operator.py
[2026-03-28T18:33:09.725+0500] {processor.py:830} INFO - Processing file /home/abayturar/airflow-project/venv/lib/python3.12/site-packages/airflow/example_dags/example_python_operator.py for tasks to queue
[2026-03-28T18:33:09.728+0500] {logging_mixin.py:188} INFO - [2026-03-28T18:33:09.727+0500] {dagbag.py:545} INFO - Filling up the DagBag from /home/abayturar/airflow-project/venv/lib/python3.12/site-packages/airflow/example_dags/example_python_operator.py
[2026-03-28T18:33:09.736+0500] {logging_mixin.py:188} INFO - [2026-03-28T18:33:09.735+0500] {example_python_operator.py:93} WARNING - The virtalenv_python example task requires virtualenv, please install it.
[2026-03-28T18:33:09.736+0500] {processor.py:840} INFO - DAG(s) 'example_python_operator' retrieved from /home/abayturar/airflow-project/venv/lib/python3.12/site-packages/airflow/example_dags/example_python_operator.py
[2026-03-28T18:33:09.753+0500] {logging_mixin.py:188} INFO - [2026-03-28T18:33:09.752+0500] {dag.py:3089} INFO - Sync 1 DAGs
[2026-03-28T18:33:09.763+0500] {logging_mixin.py:188} INFO - [2026-03-28T18:33:09.763+0500] {dag.py:3947} INFO - Setting next_dagrun for example_python_operator to None, run_after=None
[2026-03-28T18:33:09.794+0500] {processor.py:183} INFO - Processing /home/abayturar/airflow-project/venv/lib/python3.12/site-packages/airflow/example_dags/example_python_operator.py took 0.076 seconds
[2026-03-28T18:34:02.707+0500] {processor.py:161} INFO - Started process (PID=20482) to work on /home/abayturar/airflow-project/venv/lib/python3.12/site-packages/airflow/example_dags/example_python_operator.py
[2026-03-28T18:34:02.708+0500] {processor.py:830} INFO - Processing file /home/abayturar/airflow-project/venv/lib/python3.12/site-packages/airflow/example_dags/example_python_operator.py for tasks to queue
[2026-03-28T18:34:02.710+0500] {logging_mixin.py:188} INFO - [2026-03-28T18:34:02.710+0500] {dagbag.py:545} INFO - Filling up the DagBag from /home/abayturar/airflow-project/venv/lib/python3.12/site-packages/airflow/example_dags/example_python_operator.py
[2026-03-28T18:34:02.718+0500] {logging_mixin.py:188} INFO - [2026-03-28T18:34:02.718+0500] {example_python_operator.py:93} WARNING - The virtalenv_python example task requires virtualenv, please install it.
[2026-03-28T18:34:02.718+0500] {processor.py:840} INFO - DAG(s) 'example_python_operator' retrieved from /home/abayturar/airflow-project/venv/lib/python3.12/site-packages/airflow/example_dags/example_python_operator.py
[2026-03-28T18:34:02.735+0500] {logging_mixin.py:188} INFO - [2026-03-28T18:34:02.735+0500] {dag.py:3089} INFO - Sync 1 DAGs
[2026-03-28T18:34:02.745+0500] {logging_mixin.py:188} INFO - [2026-03-28T18:34:02.745+0500] {dag.py:3947} INFO - Setting next_dagrun for example_python_operator to None, run_after=None
[2026-03-28T18:34:02.773+0500] {processor.py:183} INFO - Processing /home/abayturar/airflow-project/venv/lib/python3.12/site-packages/airflow/example_dags/example_python_operator.py took 0.073 seconds
[2026-03-28T18:34:54.215+0500] {processor.py:161} INFO - Started process (PID=20635) to work on /home/abayturar/airflow-project/venv/lib/python3.12/site-packages/airflow/example_dags/example_python_operator.py
[2026-03-28T18:34:54.216+0500] {processor.py:830} INFO - Processing file /home/abayturar/airflow-project/venv/lib/python3.12/site-packages/airflow/example_dags/example_python_operator.py for tasks to queue
[2026-03-28T18:34:54.217+0500] {logging_mixin.py:188} INFO - [2026-03-28T18:34:54.217+0500] {dagbag.py:545} INFO - Filling up the DagBag from /home/abayturar/airflow-project/venv/lib/python3.12/site-packages/airflow/example_dags/example_python_operator.py
[2026-03-28T18:34:54.224+0500] {logging_mixin.py:188} INFO - [2026-03-28T18:34:54.224+0500] {example_python_operator.py:93} WARNING - The virtalenv_python example task requires virtualenv, please install it.
[2026-03-28T18:34:54.224+0500] {processor.py:840} INFO - DAG(s) 'example_python_operator' retrieved from /home/abayturar/airflow-project/venv/lib/python3.12/site-packages/airflow/example_dags/example_python_operator.py
[2026-03-28T18:34:54.240+0500] {logging_mixin.py:188} INFO - [2026-03-28T18:34:54.240+0500] {dag.py:3089} INFO - Sync 1 DAGs
[2026-03-28T18:34:54.248+0500] {logging_mixin.py:188} INFO - [2026-03-28T18:34:54.248+0500] {dag.py:3947} INFO - Setting next_dagrun for example_python_operator to None, run_after=None
[2026-03-28T18:34:54.273+0500] {processor.py:183} INFO - Processing /home/abayturar/airflow-project/venv/lib/python3.12/site-packages/airflow/example_dags/example_python_operator.py took 0.064 seconds
[2026-03-28T18:35:44.383+0500] {processor.py:161} INFO - Started process (PID=20774) to work on /home/abayturar/airflow-project/venv/lib/python3.12/site-packages/airflow/example_dags/example_python_operator.py
[2026-03-28T18:35:44.384+0500] {processor.py:830} INFO - Processing file /home/abayturar/airflow-project/venv/lib/python3.12/site-packages/airflow/example_dags/example_python_operator.py for tasks to queue
[2026-03-28T18:35:44.386+0500] {logging_mixin.py:188} INFO - [2026-03-28T18:35:44.386+0500] {dagbag.py:545} INFO - Filling up the DagBag from /home/abayturar/airflow-project/venv/lib/python3.12/site-packages/airflow/example_dags/example_python_operator.py
[2026-03-28T18:35:44.393+0500] {logging_mixin.py:188} INFO - [2026-03-28T18:35:44.393+0500] {example_python_operator.py:93} WARNING - The virtalenv_python example task requires virtualenv, please install it.
[2026-03-28T18:35:44.394+0500] {processor.py:840} INFO - DAG(s) 'example_python_operator' retrieved from /home/abayturar/airflow-project/venv/lib/python3.12/site-packages/airflow/example_dags/example_python_operator.py
[2026-03-28T18:35:44.410+0500] {logging_mixin.py:188} INFO - [2026-03-28T18:35:44.410+0500] {dag.py:3089} INFO - Sync 1 DAGs
[2026-03-28T18:35:44.419+0500] {logging_mixin.py:188} INFO - [2026-03-28T18:35:44.419+0500] {dag.py:3947} INFO - Setting next_dagrun for example_python_operator to None, run_after=None
[2026-03-28T18:35:44.435+0500] {processor.py:183} INFO - Processing /home/abayturar/airflow-project/venv/lib/python3.12/site-packages/airflow/example_dags/example_python_operator.py took 0.057 seconds
[2026-03-28T18:36:37.196+0500] {processor.py:161} INFO - Started process (PID=20927) to work on /home/abayturar/airflow-project/venv/lib/python3.12/site-packages/airflow/example_dags/example_python_operator.py
[2026-03-28T18:36:37.197+0500] {processor.py:830} INFO - Processing file /home/abayturar/airflow-project/venv/lib/python3.12/site-packages/airflow/example_dags/example_python_operator.py for tasks to queue
[2026-03-28T18:36:37.199+0500] {logging_mixin.py:188} INFO - [2026-03-28T18:36:37.198+0500] {dagbag.py:545} INFO - Filling up the DagBag from /home/abayturar/airflow-project/venv/lib/python3.12/site-packages/airflow/example_dags/example_python_operator.py
[2026-03-28T18:36:37.207+0500] {logging_mixin.py:188} INFO - [2026-03-28T18:36:37.206+0500] {example_python_operator.py:93} WARNING - The virtalenv_python example task requires virtualenv, please install it.
[2026-03-28T18:36:37.207+0500] {processor.py:840} INFO - DAG(s) 'example_python_operator' retrieved from /home/abayturar/airflow-project/venv/lib/python3.12/site-packages/airflow/example_dags/example_python_operator.py
[2026-03-28T18:36:37.224+0500] {logging_mixin.py:188} INFO - [2026-03-28T18:36:37.224+0500] {dag.py:3089} INFO - Sync 1 DAGs
[2026-03-28T18:36:37.235+0500] {logging_mixin.py:188} INFO - [2026-03-28T18:36:37.234+0500] {dag.py:3947} INFO - Setting next_dagrun for example_python_operator to None, run_after=None
[2026-03-28T18:36:37.264+0500] {processor.py:183} INFO - Processing /home/abayturar/airflow-project/venv/lib/python3.12/site-packages/airflow/example_dags/example_python_operator.py took 0.075 seconds
[2026-03-28T18:37:32.513+0500] {processor.py:161} INFO - Started process (PID=21079) to work on /home/abayturar/airflow-project/venv/lib/python3.12/site-packages/airflow/example_dags/example_python_operator.py
[2026-03-28T18:37:32.514+0500] {processor.py:830} INFO - Processing file /home/abayturar/airflow-project/venv/lib/python3.12/site-packages/airflow/example_dags/example_python_operator.py for tasks to queue
[2026-03-28T18:37:32.516+0500] {logging_mixin.py:188} INFO - [2026-03-28T18:37:32.515+0500] {dagbag.py:545} INFO - Filling up the DagBag from /home/abayturar/airflow-project/venv/lib/python3.12/site-packages/airflow/example_dags/example_python_operator.py
[2026-03-28T18:37:32.524+0500] {logging_mixin.py:188} INFO - [2026-03-28T18:37:32.523+0500] {example_python_operator.py:93} WARNING - The virtalenv_python example task requires virtualenv, please install it.
[2026-03-28T18:37:32.524+0500] {processor.py:840} INFO - DAG(s) 'example_python_operator' retrieved from /home/abayturar/airflow-project/venv/lib/python3.12/site-packages/airflow/example_dags/example_python_operator.py
[2026-03-28T18:37:32.541+0500] {logging_mixin.py:188} INFO - [2026-03-28T18:37:32.541+0500] {dag.py:3089} INFO - Sync 1 DAGs
[2026-03-28T18:37:32.551+0500] {logging_mixin.py:188} INFO - [2026-03-28T18:37:32.550+0500] {dag.py:3947} INFO - Setting next_dagrun for example_python_operator to None, run_after=None
[2026-03-28T18:37:32.581+0500] {processor.py:183} INFO - Processing /home/abayturar/airflow-project/venv/lib/python3.12/site-packages/airflow/example_dags/example_python_operator.py took 0.074 seconds
[2026-03-28T18:38:22.100+0500] {processor.py:161} INFO - Started process (PID=21211) to work on /home/abayturar/airflow-project/venv/lib/python3.12/site-packages/airflow/example_dags/example_python_operator.py
[2026-03-28T18:38:22.101+0500] {processor.py:830} INFO - Processing file /home/abayturar/airflow-project/venv/lib/python3.12/site-packages/airflow/example_dags/example_python_operator.py for tasks to queue
[2026-03-28T18:38:22.103+0500] {logging_mixin.py:188} INFO - [2026-03-28T18:38:22.103+0500] {dagbag.py:545} INFO - Filling up the DagBag from /home/abayturar/airflow-project/venv/lib/python3.12/site-packages/airflow/example_dags/example_python_operator.py
[2026-03-28T18:38:22.112+0500] {logging_mixin.py:188} INFO - [2026-03-28T18:38:22.111+0500] {example_python_operator.py:93} WARNING - The virtalenv_python example task requires virtualenv, please install it.
[2026-03-28T18:38:22.112+0500] {processor.py:840} INFO - DAG(s) 'example_python_operator' retrieved from /home/abayturar/airflow-project/venv/lib/python3.12/site-packages/airflow/example_dags/example_python_operator.py
[2026-03-28T18:38:22.130+0500] {logging_mixin.py:188} INFO - [2026-03-28T18:38:22.130+0500] {dag.py:3089} INFO - Sync 1 DAGs
[2026-03-28T18:38:22.141+0500] {logging_mixin.py:188} INFO - [2026-03-28T18:38:22.141+0500] {dag.py:3947} INFO - Setting next_dagrun for example_python_operator to None, run_after=None
[2026-03-28T18:38:22.158+0500] {processor.py:183} INFO - Processing /home/abayturar/airflow-project/venv/lib/python3.12/site-packages/airflow/example_dags/example_python_operator.py took 0.064 seconds
[2026-03-28T18:39:13.599+0500] {processor.py:161} INFO - Started process (PID=21348) to work on /home/abayturar/airflow-project/venv/lib/python3.12/site-packages/airflow/example_dags/example_python_operator.py
[2026-03-28T18:39:13.600+0500] {processor.py:830} INFO - Processing file /home/abayturar/airflow-project/venv/lib/python3.12/site-packages/airflow/example_dags/example_python_operator.py for tasks to queue
[2026-03-28T18:39:13.602+0500] {logging_mixin.py:188} INFO - [2026-03-28T18:39:13.601+0500] {dagbag.py:545} INFO - Filling up the DagBag from /home/abayturar/airflow-project/venv/lib/python3.12/site-packages/airflow/example_dags/example_python_operator.py
[2026-03-28T18:39:13.609+0500] {logging_mixin.py:188} INFO - [2026-03-28T18:39:13.609+0500] {example_python_operator.py:93} WARNING - The virtalenv_python example task requires virtualenv, please install it.
[2026-03-28T18:39:13.610+0500] {processor.py:840} INFO - DAG(s) 'example_python_operator' retrieved from /home/abayturar/airflow-project/venv/lib/python3.12/site-packages/airflow/example_dags/example_python_operator.py
[2026-03-28T18:39:13.625+0500] {logging_mixin.py:188} INFO - [2026-03-28T18:39:13.625+0500] {dag.py:3089} INFO - Sync 1 DAGs
[2026-03-28T18:39:13.634+0500] {logging_mixin.py:188} INFO - [2026-03-28T18:39:13.634+0500] {dag.py:3947} INFO - Setting next_dagrun for example_python_operator to None, run_after=None
[2026-03-28T18:39:13.663+0500] {processor.py:183} INFO - Processing /home/abayturar/airflow-project/venv/lib/python3.12/site-packages/airflow/example_dags/example_python_operator.py took 0.070 seconds
[2026-03-28T18:40:03.864+0500] {processor.py:161} INFO - Started process (PID=21484) to work on /home/abayturar/airflow-project/venv/lib/python3.12/site-packages/airflow/example_dags/example_python_operator.py
[2026-03-28T18:40:03.865+0500] {processor.py:830} INFO - Processing file /home/abayturar/airflow-project/venv/lib/python3.12/site-packages/airflow/example_dags/example_python_operator.py for tasks to queue
[2026-03-28T18:40:03.867+0500] {logging_mixin.py:188} INFO - [2026-03-28T18:40:03.867+0500] {dagbag.py:545} INFO - Filling up the DagBag from /home/abayturar/airflow-project/venv/lib/python3.12/site-packages/airflow/example_dags/example_python_operator.py
[2026-03-28T18:40:03.877+0500] {logging_mixin.py:188} INFO - [2026-03-28T18:40:03.876+0500] {example_python_operator.py:93} WARNING - The virtalenv_python example task requires virtualenv, please install it.
[2026-03-28T18:40:03.877+0500] {processor.py:840} INFO - DAG(s) 'example_python_operator' retrieved from /home/abayturar/airflow-project/venv/lib/python3.12/site-packages/airflow/example_dags/example_python_operator.py
[2026-03-28T18:40:03.897+0500] {logging_mixin.py:188} INFO - [2026-03-28T18:40:03.897+0500] {dag.py:3089} INFO - Sync 1 DAGs
[2026-03-28T18:40:03.910+0500] {logging_mixin.py:188} INFO - [2026-03-28T18:40:03.910+0500] {dag.py:3947} INFO - Setting next_dagrun for example_python_operator to None, run_after=None
[2026-03-28T18:40:03.946+0500] {processor.py:183} INFO - Processing /home/abayturar/airflow-project/venv/lib/python3.12/site-packages/airflow/example_dags/example_python_operator.py took 0.089 seconds
[2026-03-28T18:40:55.946+0500] {processor.py:161} INFO - Started process (PID=21619) to work on /home/abayturar/airflow-project/venv/lib/python3.12/site-packages/airflow/example_dags/example_python_operator.py
[2026-03-28T18:40:55.946+0500] {processor.py:830} INFO - Processing file /home/abayturar/airflow-project/venv/lib/python3.12/site-packages/airflow/example_dags/example_python_operator.py for tasks to queue
[2026-03-28T18:40:55.948+0500] {logging_mixin.py:188} INFO - [2026-03-28T18:40:55.948+0500] {dagbag.py:545} INFO - Filling up the DagBag from /home/abayturar/airflow-project/venv/lib/python3.12/site-packages/airflow/example_dags/example_python_operator.py
[2026-03-28T18:40:55.956+0500] {logging_mixin.py:188} INFO - [2026-03-28T18:40:55.956+0500] {example_python_operator.py:93} WARNING - The virtalenv_python example task requires virtualenv, please install it.
[2026-03-28T18:40:55.956+0500] {processor.py:840} INFO - DAG(s) 'example_python_operator' retrieved from /home/abayturar/airflow-project/venv/lib/python3.12/site-packages/airflow/example_dags/example_python_operator.py
[2026-03-28T18:40:55.975+0500] {logging_mixin.py:188} INFO - [2026-03-28T18:40:55.974+0500] {dag.py:3089} INFO - Sync 1 DAGs
[2026-03-28T18:40:55.985+0500] {logging_mixin.py:188} INFO - [2026-03-28T18:40:55.985+0500] {dag.py:3947} INFO - Setting next_dagrun for example_python_operator to None, run_after=None
[2026-03-28T18:40:56.014+0500] {processor.py:183} INFO - Processing /home/abayturar/airflow-project/venv/lib/python3.12/site-packages/airflow/example_dags/example_python_operator.py took 0.075 seconds
[2026-03-28T18:42:07.055+0500] {processor.py:161} INFO - Started process (PID=21858) to work on /home/abayturar/airflow-project/venv/lib/python3.12/site-packages/airflow/example_dags/example_python_operator.py
[2026-03-28T18:42:07.056+0500] {processor.py:830} INFO - Processing file /home/abayturar/airflow-project/venv/lib/python3.12/site-packages/airflow/example_dags/example_python_operator.py for tasks to queue
[2026-03-28T18:42:07.058+0500] {logging_mixin.py:188} INFO - [2026-03-28T18:42:07.058+0500] {dagbag.py:545} INFO - Filling up the DagBag from /home/abayturar/airflow-project/venv/lib/python3.12/site-packages/airflow/example_dags/example_python_operator.py
[2026-03-28T18:42:07.065+0500] {logging_mixin.py:188} INFO - [2026-03-28T18:42:07.065+0500] {example_python_operator.py:93} WARNING - The virtalenv_python example task requires virtualenv, please install it.
[2026-03-28T18:42:07.066+0500] {processor.py:840} INFO - DAG(s) 'example_python_operator' retrieved from /home/abayturar/airflow-project/venv/lib/python3.12/site-packages/airflow/example_dags/example_python_operator.py
[2026-03-28T18:42:07.086+0500] {logging_mixin.py:188} INFO - [2026-03-28T18:42:07.086+0500] {dag.py:3089} INFO - Sync 1 DAGs
[2026-03-28T18:42:07.095+0500] {logging_mixin.py:188} INFO - [2026-03-28T18:42:07.094+0500] {dag.py:3947} INFO - Setting next_dagrun for example_python_operator to None, run_after=None
[2026-03-28T18:42:07.122+0500] {processor.py:183} INFO - Processing /home/abayturar/airflow-project/venv/lib/python3.12/site-packages/airflow/example_dags/example_python_operator.py took 0.072 seconds
[2026-03-28T18:43:00.395+0500] {processor.py:161} INFO - Started process (PID=22024) to work on /home/abayturar/airflow-project/venv/lib/python3.12/site-packages/airflow/example_dags/example_python_operator.py
[2026-03-28T18:43:00.396+0500] {processor.py:830} INFO - Processing file /home/abayturar/airflow-project/venv/lib/python3.12/site-packages/airflow/example_dags/example_python_operator.py for tasks to queue
[2026-03-28T18:43:00.397+0500] {logging_mixin.py:188} INFO - [2026-03-28T18:43:00.397+0500] {dagbag.py:545} INFO - Filling up the DagBag from /home/abayturar/airflow-project/venv/lib/python3.12/site-packages/airflow/example_dags/example_python_operator.py
[2026-03-28T18:43:00.404+0500] {logging_mixin.py:188} INFO - [2026-03-28T18:43:00.404+0500] {example_python_operator.py:93} WARNING - The virtalenv_python example task requires virtualenv, please install it.
[2026-03-28T18:43:00.405+0500] {processor.py:840} INFO - DAG(s) 'example_python_operator' retrieved from /home/abayturar/airflow-project/venv/lib/python3.12/site-packages/airflow/example_dags/example_python_operator.py
[2026-03-28T18:43:00.420+0500] {logging_mixin.py:188} INFO - [2026-03-28T18:43:00.420+0500] {dag.py:3089} INFO - Sync 1 DAGs
[2026-03-28T18:43:00.429+0500] {logging_mixin.py:188} INFO - [2026-03-28T18:43:00.429+0500] {dag.py:3947} INFO - Setting next_dagrun for example_python_operator to None, run_after=None
[2026-03-28T18:43:00.448+0500] {processor.py:183} INFO - Processing /home/abayturar/airflow-project/venv/lib/python3.12/site-packages/airflow/example_dags/example_python_operator.py took 0.060 seconds
[2026-03-28T18:43:51.223+0500] {processor.py:161} INFO - Started process (PID=22173) to work on /home/abayturar/airflow-project/venv/lib/python3.12/site-packages/airflow/example_dags/example_python_operator.py
[2026-03-28T18:43:51.223+0500] {processor.py:830} INFO - Processing file /home/abayturar/airflow-project/venv/lib/python3.12/site-packages/airflow/example_dags/example_python_operator.py for tasks to queue
[2026-03-28T18:43:51.225+0500] {logging_mixin.py:188} INFO - [2026-03-28T18:43:51.225+0500] {dagbag.py:545} INFO - Filling up the DagBag from /home/abayturar/airflow-project/venv/lib/python3.12/site-packages/airflow/example_dags/example_python_operator.py
[2026-03-28T18:43:51.232+0500] {logging_mixin.py:188} INFO - [2026-03-28T18:43:51.232+0500] {example_python_operator.py:93} WARNING - The virtalenv_python example task requires virtualenv, please install it.
[2026-03-28T18:43:51.232+0500] {processor.py:840} INFO - DAG(s) 'example_python_operator' retrieved from /home/abayturar/airflow-project/venv/lib/python3.12/site-packages/airflow/example_dags/example_python_operator.py
[2026-03-28T18:43:51.248+0500] {logging_mixin.py:188} INFO - [2026-03-28T18:43:51.248+0500] {dag.py:3089} INFO - Sync 1 DAGs
[2026-03-28T18:43:51.353+0500] {logging_mixin.py:188} INFO - [2026-03-28T18:43:51.353+0500] {dag.py:3947} INFO - Setting next_dagrun for example_python_operator to None, run_after=None
[2026-03-28T18:43:51.377+0500] {processor.py:183} INFO - Processing /home/abayturar/airflow-project/venv/lib/python3.12/site-packages/airflow/example_dags/example_python_operator.py took 0.160 seconds
[2026-03-28T18:44:40.490+0500] {processor.py:161} INFO - Started process (PID=22305) to work on /home/abayturar/airflow-project/venv/lib/python3.12/site-packages/airflow/example_dags/example_python_operator.py
[2026-03-28T18:44:40.491+0500] {processor.py:830} INFO - Processing file /home/abayturar/airflow-project/venv/lib/python3.12/site-packages/airflow/example_dags/example_python_operator.py for tasks to queue
[2026-03-28T18:44:40.493+0500] {logging_mixin.py:188} INFO - [2026-03-28T18:44:40.493+0500] {dagbag.py:545} INFO - Filling up the DagBag from /home/abayturar/airflow-project/venv/lib/python3.12/site-packages/airflow/example_dags/example_python_operator.py
[2026-03-28T18:44:40.500+0500] {logging_mixin.py:188} INFO - [2026-03-28T18:44:40.500+0500] {example_python_operator.py:93} WARNING - The virtalenv_python example task requires virtualenv, please install it.
[2026-03-28T18:44:40.501+0500] {processor.py:840} INFO - DAG(s) 'example_python_operator' retrieved from /home/abayturar/airflow-project/venv/lib/python3.12/site-packages/airflow/example_dags/example_python_operator.py
[2026-03-28T18:44:40.516+0500] {logging_mixin.py:188} INFO - [2026-03-28T18:44:40.516+0500] {dag.py:3089} INFO - Sync 1 DAGs
[2026-03-28T18:44:40.524+0500] {logging_mixin.py:188} INFO - [2026-03-28T18:44:40.524+0500] {dag.py:3947} INFO - Setting next_dagrun for example_python_operator to None, run_after=None
[2026-03-28T18:44:40.551+0500] {processor.py:183} INFO - Processing /home/abayturar/airflow-project/venv/lib/python3.12/site-packages/airflow/example_dags/example_python_operator.py took 0.067 seconds
[2026-03-28T18:45:29.943+0500] {processor.py:161} INFO - Started process (PID=22436) to work on /home/abayturar/airflow-project/venv/lib/python3.12/site-packages/airflow/example_dags/example_python_operator.py
[2026-03-28T18:45:29.943+0500] {processor.py:830} INFO - Processing file /home/abayturar/airflow-project/venv/lib/python3.12/site-packages/airflow/example_dags/example_python_operator.py for tasks to queue
[2026-03-28T18:45:29.945+0500] {logging_mixin.py:188} INFO - [2026-03-28T18:45:29.945+0500] {dagbag.py:545} INFO - Filling up the DagBag from /home/abayturar/airflow-project/venv/lib/python3.12/site-packages/airflow/example_dags/example_python_operator.py
[2026-03-28T18:45:29.952+0500] {logging_mixin.py:188} INFO - [2026-03-28T18:45:29.952+0500] {example_python_operator.py:93} WARNING - The virtalenv_python example task requires virtualenv, please install it.
[2026-03-28T18:45:29.953+0500] {processor.py:840} INFO - DAG(s) 'example_python_operator' retrieved from /home/abayturar/airflow-project/venv/lib/python3.12/site-packages/airflow/example_dags/example_python_operator.py
[2026-03-28T18:45:29.969+0500] {logging_mixin.py:188} INFO - [2026-03-28T18:45:29.969+0500] {dag.py:3089} INFO - Sync 1 DAGs
[2026-03-28T18:45:29.978+0500] {logging_mixin.py:188} INFO - [2026-03-28T18:45:29.978+0500] {dag.py:3947} INFO - Setting next_dagrun for example_python_operator to None, run_after=None
[2026-03-28T18:45:30.005+0500] {processor.py:183} INFO - Processing /home/abayturar/airflow-project/venv/lib/python3.12/site-packages/airflow/example_dags/example_python_operator.py took 0.069 seconds
[2026-03-28T18:46:18.520+0500] {processor.py:161} INFO - Started process (PID=22567) to work on /home/abayturar/airflow-project/venv/lib/python3.12/site-packages/airflow/example_dags/example_python_operator.py
[2026-03-28T18:46:18.521+0500] {processor.py:830} INFO - Processing file /home/abayturar/airflow-project/venv/lib/python3.12/site-packages/airflow/example_dags/example_python_operator.py for tasks to queue
[2026-03-28T18:46:18.523+0500] {logging_mixin.py:188} INFO - [2026-03-28T18:46:18.523+0500] {dagbag.py:545} INFO - Filling up the DagBag from /home/abayturar/airflow-project/venv/lib/python3.12/site-packages/airflow/example_dags/example_python_operator.py
[2026-03-28T18:46:18.531+0500] {logging_mixin.py:188} INFO - [2026-03-28T18:46:18.530+0500] {example_python_operator.py:93} WARNING - The virtalenv_python example task requires virtualenv, please install it.
[2026-03-28T18:46:18.531+0500] {processor.py:840} INFO - DAG(s) 'example_python_operator' retrieved from /home/abayturar/airflow-project/venv/lib/python3.12/site-packages/airflow/example_dags/example_python_operator.py
[2026-03-28T18:46:18.549+0500] {logging_mixin.py:188} INFO - [2026-03-28T18:46:18.548+0500] {dag.py:3089} INFO - Sync 1 DAGs
[2026-03-28T18:46:18.559+0500] {logging_mixin.py:188} INFO - [2026-03-28T18:46:18.559+0500] {dag.py:3947} INFO - Setting next_dagrun for example_python_operator to None, run_after=None
[2026-03-28T18:46:18.587+0500] {processor.py:183} INFO - Processing /home/abayturar/airflow-project/venv/lib/python3.12/site-packages/airflow/example_dags/example_python_operator.py took 0.073 seconds
[2026-03-28T18:47:04.789+0500] {processor.py:161} INFO - Started process (PID=22689) to work on /home/abayturar/airflow-project/venv/lib/python3.12/site-packages/airflow/example_dags/example_python_operator.py
[2026-03-28T18:47:04.790+0500] {processor.py:830} INFO - Processing file /home/abayturar/airflow-project/venv/lib/python3.12/site-packages/airflow/example_dags/example_python_operator.py for tasks to queue
[2026-03-28T18:47:04.791+0500] {logging_mixin.py:188} INFO - [2026-03-28T18:47:04.791+0500] {dagbag.py:545} INFO - Filling up the DagBag from /home/abayturar/airflow-project/venv/lib/python3.12/site-packages/airflow/example_dags/example_python_operator.py
[2026-03-28T18:47:04.798+0500] {logging_mixin.py:188} INFO - [2026-03-28T18:47:04.798+0500] {example_python_operator.py:93} WARNING - The virtalenv_python example task requires virtualenv, please install it.
[2026-03-28T18:47:04.799+0500] {processor.py:840} INFO - DAG(s) 'example_python_operator' retrieved from /home/abayturar/airflow-project/venv/lib/python3.12/site-packages/airflow/example_dags/example_python_operator.py
[2026-03-28T18:47:04.814+0500] {logging_mixin.py:188} INFO - [2026-03-28T18:47:04.813+0500] {dag.py:3089} INFO - Sync 1 DAGs
[2026-03-28T18:47:04.822+0500] {logging_mixin.py:188} INFO - [2026-03-28T18:47:04.822+0500] {dag.py:3947} INFO - Setting next_dagrun for example_python_operator to None, run_after=None
[2026-03-28T18:47:04.849+0500] {processor.py:183} INFO - Processing /home/abayturar/airflow-project/venv/lib/python3.12/site-packages/airflow/example_dags/example_python_operator.py took 0.066 seconds
[2026-03-28T18:47:52.466+0500] {processor.py:161} INFO - Started process (PID=22815) to work on /home/abayturar/airflow-project/venv/lib/python3.12/site-packages/airflow/example_dags/example_python_operator.py
[2026-03-28T18:47:52.467+0500] {processor.py:830} INFO - Processing file /home/abayturar/airflow-project/venv/lib/python3.12/site-packages/airflow/example_dags/example_python_operator.py for tasks to queue
[2026-03-28T18:47:52.469+0500] {logging_mixin.py:188} INFO - [2026-03-28T18:47:52.468+0500] {dagbag.py:545} INFO - Filling up the DagBag from /home/abayturar/airflow-project/venv/lib/python3.12/site-packages/airflow/example_dags/example_python_operator.py
[2026-03-28T18:47:52.476+0500] {logging_mixin.py:188} INFO - [2026-03-28T18:47:52.476+0500] {example_python_operator.py:93} WARNING - The virtalenv_python example task requires virtualenv, please install it.
[2026-03-28T18:47:52.477+0500] {processor.py:840} INFO - DAG(s) 'example_python_operator' retrieved from /home/abayturar/airflow-project/venv/lib/python3.12/site-packages/airflow/example_dags/example_python_operator.py
[2026-03-28T18:47:52.493+0500] {logging_mixin.py:188} INFO - [2026-03-28T18:47:52.493+0500] {dag.py:3089} INFO - Sync 1 DAGs
[2026-03-28T18:47:52.502+0500] {logging_mixin.py:188} INFO - [2026-03-28T18:47:52.502+0500] {dag.py:3947} INFO - Setting next_dagrun for example_python_operator to None, run_after=None
[2026-03-28T18:47:52.531+0500] {processor.py:183} INFO - Processing /home/abayturar/airflow-project/venv/lib/python3.12/site-packages/airflow/example_dags/example_python_operator.py took 0.071 seconds
[2026-03-28T18:48:53.214+0500] {processor.py:161} INFO - Started process (PID=22987) to work on /home/abayturar/airflow-project/venv/lib/python3.12/site-packages/airflow/example_dags/example_python_operator.py
[2026-03-28T18:48:53.216+0500] {processor.py:830} INFO - Processing file /home/abayturar/airflow-project/venv/lib/python3.12/site-packages/airflow/example_dags/example_python_operator.py for tasks to queue
[2026-03-28T18:48:53.218+0500] {logging_mixin.py:188} INFO - [2026-03-28T18:48:53.217+0500] {dagbag.py:545} INFO - Filling up the DagBag from /home/abayturar/airflow-project/venv/lib/python3.12/site-packages/airflow/example_dags/example_python_operator.py
[2026-03-28T18:48:53.225+0500] {logging_mixin.py:188} INFO - [2026-03-28T18:48:53.225+0500] {example_python_operator.py:93} WARNING - The virtalenv_python example task requires virtualenv, please install it.
[2026-03-28T18:48:53.225+0500] {processor.py:840} INFO - DAG(s) 'example_python_operator' retrieved from /home/abayturar/airflow-project/venv/lib/python3.12/site-packages/airflow/example_dags/example_python_operator.py
[2026-03-28T18:48:53.242+0500] {logging_mixin.py:188} INFO - [2026-03-28T18:48:53.242+0500] {dag.py:3089} INFO - Sync 1 DAGs
[2026-03-28T18:48:53.251+0500] {logging_mixin.py:188} INFO - [2026-03-28T18:48:53.251+0500] {dag.py:3947} INFO - Setting next_dagrun for example_python_operator to None, run_after=None
[2026-03-28T18:48:53.279+0500] {processor.py:183} INFO - Processing /home/abayturar/airflow-project/venv/lib/python3.12/site-packages/airflow/example_dags/example_python_operator.py took 0.072 seconds
[2026-03-28T18:49:40.614+0500] {processor.py:161} INFO - Started process (PID=23114) to work on /home/abayturar/airflow-project/venv/lib/python3.12/site-packages/airflow/example_dags/example_python_operator.py
[2026-03-28T18:49:40.615+0500] {processor.py:830} INFO - Processing file /home/abayturar/airflow-project/venv/lib/python3.12/site-packages/airflow/example_dags/example_python_operator.py for tasks to queue
[2026-03-28T18:49:40.617+0500] {logging_mixin.py:188} INFO - [2026-03-28T18:49:40.616+0500] {dagbag.py:545} INFO - Filling up the DagBag from /home/abayturar/airflow-project/venv/lib/python3.12/site-packages/airflow/example_dags/example_python_operator.py
[2026-03-28T18:49:40.624+0500] {logging_mixin.py:188} INFO - [2026-03-28T18:49:40.624+0500] {example_python_operator.py:93} WARNING - The virtalenv_python example task requires virtualenv, please install it.
[2026-03-28T18:49:40.625+0500] {processor.py:840} INFO - DAG(s) 'example_python_operator' retrieved from /home/abayturar/airflow-project/venv/lib/python3.12/site-packages/airflow/example_dags/example_python_operator.py
[2026-03-28T18:49:40.645+0500] {logging_mixin.py:188} INFO - [2026-03-28T18:49:40.645+0500] {dag.py:3089} INFO - Sync 1 DAGs
[2026-03-28T18:49:40.655+0500] {logging_mixin.py:188} INFO - [2026-03-28T18:49:40.654+0500] {dag.py:3947} INFO - Setting next_dagrun for example_python_operator to None, run_after=None
[2026-03-28T18:49:40.685+0500] {processor.py:183} INFO - Processing /home/abayturar/airflow-project/venv/lib/python3.12/site-packages/airflow/example_dags/example_python_operator.py took 0.078 seconds
[2026-03-28T18:50:27.149+0500] {processor.py:161} INFO - Started process (PID=23236) to work on /home/abayturar/airflow-project/venv/lib/python3.12/site-packages/airflow/example_dags/example_python_operator.py
[2026-03-28T18:50:27.150+0500] {processor.py:830} INFO - Processing file /home/abayturar/airflow-project/venv/lib/python3.12/site-packages/airflow/example_dags/example_python_operator.py for tasks to queue
[2026-03-28T18:50:27.152+0500] {logging_mixin.py:188} INFO - [2026-03-28T18:50:27.152+0500] {dagbag.py:545} INFO - Filling up the DagBag from /home/abayturar/airflow-project/venv/lib/python3.12/site-packages/airflow/example_dags/example_python_operator.py
[2026-03-28T18:50:27.160+0500] {logging_mixin.py:188} INFO - [2026-03-28T18:50:27.159+0500] {example_python_operator.py:93} WARNING - The virtalenv_python example task requires virtualenv, please install it.
[2026-03-28T18:50:27.160+0500] {processor.py:840} INFO - DAG(s) 'example_python_operator' retrieved from /home/abayturar/airflow-project/venv/lib/python3.12/site-packages/airflow/example_dags/example_python_operator.py
[2026-03-28T18:50:27.176+0500] {logging_mixin.py:188} INFO - [2026-03-28T18:50:27.176+0500] {dag.py:3089} INFO - Sync 1 DAGs
[2026-03-28T18:50:27.186+0500] {logging_mixin.py:188} INFO - [2026-03-28T18:50:27.186+0500] {dag.py:3947} INFO - Setting next_dagrun for example_python_operator to None, run_after=None
[2026-03-28T18:50:27.217+0500] {processor.py:183} INFO - Processing /home/abayturar/airflow-project/venv/lib/python3.12/site-packages/airflow/example_dags/example_python_operator.py took 0.075 seconds
[2026-03-28T18:51:14.591+0500] {processor.py:161} INFO - Started process (PID=23362) to work on /home/abayturar/airflow-project/venv/lib/python3.12/site-packages/airflow/example_dags/example_python_operator.py
[2026-03-28T18:51:14.592+0500] {processor.py:830} INFO - Processing file /home/abayturar/airflow-project/venv/lib/python3.12/site-packages/airflow/example_dags/example_python_operator.py for tasks to queue
[2026-03-28T18:51:14.594+0500] {logging_mixin.py:188} INFO - [2026-03-28T18:51:14.593+0500] {dagbag.py:545} INFO - Filling up the DagBag from /home/abayturar/airflow-project/venv/lib/python3.12/site-packages/airflow/example_dags/example_python_operator.py
[2026-03-28T18:51:14.601+0500] {logging_mixin.py:188} INFO - [2026-03-28T18:51:14.601+0500] {example_python_operator.py:93} WARNING - The virtalenv_python example task requires virtualenv, please install it.
[2026-03-28T18:51:14.601+0500] {processor.py:840} INFO - DAG(s) 'example_python_operator' retrieved from /home/abayturar/airflow-project/venv/lib/python3.12/site-packages/airflow/example_dags/example_python_operator.py
[2026-03-28T18:51:14.618+0500] {logging_mixin.py:188} INFO - [2026-03-28T18:51:14.618+0500] {dag.py:3089} INFO - Sync 1 DAGs
[2026-03-28T18:51:14.627+0500] {logging_mixin.py:188} INFO - [2026-03-28T18:51:14.627+0500] {dag.py:3947} INFO - Setting next_dagrun for example_python_operator to None, run_after=None
[2026-03-28T18:51:14.655+0500] {processor.py:183} INFO - Processing /home/abayturar/airflow-project/venv/lib/python3.12/site-packages/airflow/example_dags/example_python_operator.py took 0.069 seconds
[2026-03-28T18:52:00.634+0500] {processor.py:161} INFO - Started process (PID=23490) to work on /home/abayturar/airflow-project/venv/lib/python3.12/site-packages/airflow/example_dags/example_python_operator.py
[2026-03-28T18:52:00.636+0500] {processor.py:830} INFO - Processing file /home/abayturar/airflow-project/venv/lib/python3.12/site-packages/airflow/example_dags/example_python_operator.py for tasks to queue
[2026-03-28T18:52:00.637+0500] {logging_mixin.py:188} INFO - [2026-03-28T18:52:00.637+0500] {dagbag.py:545} INFO - Filling up the DagBag from /home/abayturar/airflow-project/venv/lib/python3.12/site-packages/airflow/example_dags/example_python_operator.py
[2026-03-28T18:52:00.644+0500] {logging_mixin.py:188} INFO - [2026-03-28T18:52:00.644+0500] {example_python_operator.py:93} WARNING - The virtalenv_python example task requires virtualenv, please install it.
[2026-03-28T18:52:00.645+0500] {processor.py:840} INFO - DAG(s) 'example_python_operator' retrieved from /home/abayturar/airflow-project/venv/lib/python3.12/site-packages/airflow/example_dags/example_python_operator.py
[2026-03-28T18:52:00.661+0500] {logging_mixin.py:188} INFO - [2026-03-28T18:52:00.661+0500] {dag.py:3089} INFO - Sync 1 DAGs
[2026-03-28T18:52:00.670+0500] {logging_mixin.py:188} INFO - [2026-03-28T18:52:00.670+0500] {dag.py:3947} INFO - Setting next_dagrun for example_python_operator to None, run_after=None
[2026-03-28T18:52:00.696+0500] {processor.py:183} INFO - Processing /home/abayturar/airflow-project/venv/lib/python3.12/site-packages/airflow/example_dags/example_python_operator.py took 0.069 seconds
[2026-03-28T18:52:46.921+0500] {processor.py:161} INFO - Started process (PID=23611) to work on /home/abayturar/airflow-project/venv/lib/python3.12/site-packages/airflow/example_dags/example_python_operator.py
[2026-03-28T18:52:46.922+0500] {processor.py:830} INFO - Processing file /home/abayturar/airflow-project/venv/lib/python3.12/site-packages/airflow/example_dags/example_python_operator.py for tasks to queue
[2026-03-28T18:52:46.924+0500] {logging_mixin.py:188} INFO - [2026-03-28T18:52:46.924+0500] {dagbag.py:545} INFO - Filling up the DagBag from /home/abayturar/airflow-project/venv/lib/python3.12/site-packages/airflow/example_dags/example_python_operator.py
[2026-03-28T18:52:46.932+0500] {logging_mixin.py:188} INFO - [2026-03-28T18:52:46.932+0500] {example_python_operator.py:93} WARNING - The virtalenv_python example task requires virtualenv, please install it.
[2026-03-28T18:52:46.932+0500] {processor.py:840} INFO - DAG(s) 'example_python_operator' retrieved from /home/abayturar/airflow-project/venv/lib/python3.12/site-packages/airflow/example_dags/example_python_operator.py
[2026-03-28T18:52:46.949+0500] {logging_mixin.py:188} INFO - [2026-03-28T18:52:46.949+0500] {dag.py:3089} INFO - Sync 1 DAGs
[2026-03-28T18:52:46.958+0500] {logging_mixin.py:188} INFO - [2026-03-28T18:52:46.958+0500] {dag.py:3947} INFO - Setting next_dagrun for example_python_operator to None, run_after=None
[2026-03-28T18:52:46.987+0500] {processor.py:183} INFO - Processing /home/abayturar/airflow-project/venv/lib/python3.12/site-packages/airflow/example_dags/example_python_operator.py took 0.072 seconds
[2026-03-28T18:53:32.030+0500] {processor.py:161} INFO - Started process (PID=23734) to work on /home/abayturar/airflow-project/venv/lib/python3.12/site-packages/airflow/example_dags/example_python_operator.py
[2026-03-28T18:53:32.031+0500] {processor.py:830} INFO - Processing file /home/abayturar/airflow-project/venv/lib/python3.12/site-packages/airflow/example_dags/example_python_operator.py for tasks to queue
[2026-03-28T18:53:32.032+0500] {logging_mixin.py:188} INFO - [2026-03-28T18:53:32.032+0500] {dagbag.py:545} INFO - Filling up the DagBag from /home/abayturar/airflow-project/venv/lib/python3.12/site-packages/airflow/example_dags/example_python_operator.py
[2026-03-28T18:53:32.040+0500] {logging_mixin.py:188} INFO - [2026-03-28T18:53:32.040+0500] {example_python_operator.py:93} WARNING - The virtalenv_python example task requires virtualenv, please install it.
[2026-03-28T18:53:32.040+0500] {processor.py:840} INFO - DAG(s) 'example_python_operator' retrieved from /home/abayturar/airflow-project/venv/lib/python3.12/site-packages/airflow/example_dags/example_python_operator.py
[2026-03-28T18:53:32.059+0500] {logging_mixin.py:188} INFO - [2026-03-28T18:53:32.059+0500] {dag.py:3089} INFO - Sync 1 DAGs
[2026-03-28T18:53:32.069+0500] {logging_mixin.py:188} INFO - [2026-03-28T18:53:32.069+0500] {dag.py:3947} INFO - Setting next_dagrun for example_python_operator to None, run_after=None
[2026-03-28T18:53:32.086+0500] {processor.py:183} INFO - Processing /home/abayturar/airflow-project/venv/lib/python3.12/site-packages/airflow/example_dags/example_python_operator.py took 0.064 seconds
[2026-03-28T18:54:17.749+0500] {processor.py:161} INFO - Started process (PID=23857) to work on /home/abayturar/airflow-project/venv/lib/python3.12/site-packages/airflow/example_dags/example_python_operator.py
[2026-03-28T18:54:17.750+0500] {processor.py:830} INFO - Processing file /home/abayturar/airflow-project/venv/lib/python3.12/site-packages/airflow/example_dags/example_python_operator.py for tasks to queue
[2026-03-28T18:54:17.752+0500] {logging_mixin.py:188} INFO - [2026-03-28T18:54:17.751+0500] {dagbag.py:545} INFO - Filling up the DagBag from /home/abayturar/airflow-project/venv/lib/python3.12/site-packages/airflow/example_dags/example_python_operator.py
[2026-03-28T18:54:17.759+0500] {logging_mixin.py:188} INFO - [2026-03-28T18:54:17.758+0500] {example_python_operator.py:93} WARNING - The virtalenv_python example task requires virtualenv, please install it.
[2026-03-28T18:54:17.759+0500] {processor.py:840} INFO - DAG(s) 'example_python_operator' retrieved from /home/abayturar/airflow-project/venv/lib/python3.12/site-packages/airflow/example_dags/example_python_operator.py
[2026-03-28T18:54:17.775+0500] {logging_mixin.py:188} INFO - [2026-03-28T18:54:17.775+0500] {dag.py:3089} INFO - Sync 1 DAGs
[2026-03-28T18:54:17.785+0500] {logging_mixin.py:188} INFO - [2026-03-28T18:54:17.785+0500] {dag.py:3947} INFO - Setting next_dagrun for example_python_operator to None, run_after=None
[2026-03-28T18:54:17.812+0500] {processor.py:183} INFO - Processing /home/abayturar/airflow-project/venv/lib/python3.12/site-packages/airflow/example_dags/example_python_operator.py took 0.069 seconds
[2026-03-28T18:55:24.780+0500] {processor.py:161} INFO - Started process (PID=24033) to work on /home/abayturar/airflow-project/venv/lib/python3.12/site-packages/airflow/example_dags/example_python_operator.py
[2026-03-28T18:55:24.781+0500] {processor.py:830} INFO - Processing file /home/abayturar/airflow-project/venv/lib/python3.12/site-packages/airflow/example_dags/example_python_operator.py for tasks to queue
[2026-03-28T18:55:24.783+0500] {logging_mixin.py:188} INFO - [2026-03-28T18:55:24.782+0500] {dagbag.py:545} INFO - Filling up the DagBag from /home/abayturar/airflow-project/venv/lib/python3.12/site-packages/airflow/example_dags/example_python_operator.py
[2026-03-28T18:55:24.791+0500] {logging_mixin.py:188} INFO - [2026-03-28T18:55:24.791+0500] {example_python_operator.py:93} WARNING - The virtalenv_python example task requires virtualenv, please install it.
[2026-03-28T18:55:24.792+0500] {processor.py:840} INFO - DAG(s) 'example_python_operator' retrieved from /home/abayturar/airflow-project/venv/lib/python3.12/site-packages/airflow/example_dags/example_python_operator.py
[2026-03-28T18:55:24.811+0500] {logging_mixin.py:188} INFO - [2026-03-28T18:55:24.810+0500] {dag.py:3089} INFO - Sync 1 DAGs
[2026-03-28T18:55:24.821+0500] {logging_mixin.py:188} INFO - [2026-03-28T18:55:24.821+0500] {dag.py:3947} INFO - Setting next_dagrun for example_python_operator to None, run_after=None
[2026-03-28T18:55:24.839+0500] {processor.py:183} INFO - Processing /home/abayturar/airflow-project/venv/lib/python3.12/site-packages/airflow/example_dags/example_python_operator.py took 0.066 seconds
[2026-03-28T18:56:18.026+0500] {processor.py:161} INFO - Started process (PID=24170) to work on /home/abayturar/airflow-project/venv/lib/python3.12/site-packages/airflow/example_dags/example_python_operator.py
[2026-03-28T18:56:18.027+0500] {processor.py:830} INFO - Processing file /home/abayturar/airflow-project/venv/lib/python3.12/site-packages/airflow/example_dags/example_python_operator.py for tasks to queue
[2026-03-28T18:56:18.029+0500] {logging_mixin.py:188} INFO - [2026-03-28T18:56:18.029+0500] {dagbag.py:545} INFO - Filling up the DagBag from /home/abayturar/airflow-project/venv/lib/python3.12/site-packages/airflow/example_dags/example_python_operator.py
[2026-03-28T18:56:18.038+0500] {logging_mixin.py:188} INFO - [2026-03-28T18:56:18.037+0500] {example_python_operator.py:93} WARNING - The virtalenv_python example task requires virtualenv, please install it.
[2026-03-28T18:56:18.039+0500] {processor.py:840} INFO - DAG(s) 'example_python_operator' retrieved from /home/abayturar/airflow-project/venv/lib/python3.12/site-packages/airflow/example_dags/example_python_operator.py
[2026-03-28T18:56:18.058+0500] {logging_mixin.py:188} INFO - [2026-03-28T18:56:18.058+0500] {dag.py:3089} INFO - Sync 1 DAGs
[2026-03-28T18:56:18.068+0500] {logging_mixin.py:188} INFO - [2026-03-28T18:56:18.068+0500] {dag.py:3947} INFO - Setting next_dagrun for example_python_operator to None, run_after=None
[2026-03-28T18:56:18.097+0500] {processor.py:183} INFO - Processing /home/abayturar/airflow-project/venv/lib/python3.12/site-packages/airflow/example_dags/example_python_operator.py took 0.078 seconds
[2026-03-28T18:57:08.413+0500] {processor.py:161} INFO - Started process (PID=24305) to work on /home/abayturar/airflow-project/venv/lib/python3.12/site-packages/airflow/example_dags/example_python_operator.py
[2026-03-28T18:57:08.413+0500] {processor.py:830} INFO - Processing file /home/abayturar/airflow-project/venv/lib/python3.12/site-packages/airflow/example_dags/example_python_operator.py for tasks to queue
[2026-03-28T18:57:08.415+0500] {logging_mixin.py:188} INFO - [2026-03-28T18:57:08.415+0500] {dagbag.py:545} INFO - Filling up the DagBag from /home/abayturar/airflow-project/venv/lib/python3.12/site-packages/airflow/example_dags/example_python_operator.py
[2026-03-28T18:57:08.422+0500] {logging_mixin.py:188} INFO - [2026-03-28T18:57:08.422+0500] {example_python_operator.py:93} WARNING - The virtalenv_python example task requires virtualenv, please install it.
[2026-03-28T18:57:08.422+0500] {processor.py:840} INFO - DAG(s) 'example_python_operator' retrieved from /home/abayturar/airflow-project/venv/lib/python3.12/site-packages/airflow/example_dags/example_python_operator.py
[2026-03-28T18:57:08.437+0500] {logging_mixin.py:188} INFO - [2026-03-28T18:57:08.437+0500] {dag.py:3089} INFO - Sync 1 DAGs
[2026-03-28T18:57:08.446+0500] {logging_mixin.py:188} INFO - [2026-03-28T18:57:08.446+0500] {dag.py:3947} INFO - Setting next_dagrun for example_python_operator to None, run_after=None
[2026-03-28T18:57:08.460+0500] {processor.py:183} INFO - Processing /home/abayturar/airflow-project/venv/lib/python3.12/site-packages/airflow/example_dags/example_python_operator.py took 0.054 seconds
[2026-03-28T18:57:56.277+0500] {processor.py:161} INFO - Started process (PID=24431) to work on /home/abayturar/airflow-project/venv/lib/python3.12/site-packages/airflow/example_dags/example_python_operator.py
[2026-03-28T18:57:56.278+0500] {processor.py:830} INFO - Processing file /home/abayturar/airflow-project/venv/lib/python3.12/site-packages/airflow/example_dags/example_python_operator.py for tasks to queue
[2026-03-28T18:57:56.281+0500] {logging_mixin.py:188} INFO - [2026-03-28T18:57:56.280+0500] {dagbag.py:545} INFO - Filling up the DagBag from /home/abayturar/airflow-project/venv/lib/python3.12/site-packages/airflow/example_dags/example_python_operator.py
[2026-03-28T18:57:56.290+0500] {logging_mixin.py:188} INFO - [2026-03-28T18:57:56.290+0500] {example_python_operator.py:93} WARNING - The virtalenv_python example task requires virtualenv, please install it.
[2026-03-28T18:57:56.291+0500] {processor.py:840} INFO - DAG(s) 'example_python_operator' retrieved from /home/abayturar/airflow-project/venv/lib/python3.12/site-packages/airflow/example_dags/example_python_operator.py
[2026-03-28T18:57:56.312+0500] {logging_mixin.py:188} INFO - [2026-03-28T18:57:56.312+0500] {dag.py:3089} INFO - Sync 1 DAGs
[2026-03-28T18:57:56.325+0500] {logging_mixin.py:188} INFO - [2026-03-28T18:57:56.325+0500] {dag.py:3947} INFO - Setting next_dagrun for example_python_operator to None, run_after=None
[2026-03-28T18:57:56.358+0500] {processor.py:183} INFO - Processing /home/abayturar/airflow-project/venv/lib/python3.12/site-packages/airflow/example_dags/example_python_operator.py took 0.089 seconds
[2026-03-28T18:58:43.864+0500] {processor.py:161} INFO - Started process (PID=24558) to work on /home/abayturar/airflow-project/venv/lib/python3.12/site-packages/airflow/example_dags/example_python_operator.py
[2026-03-28T18:58:43.865+0500] {processor.py:830} INFO - Processing file /home/abayturar/airflow-project/venv/lib/python3.12/site-packages/airflow/example_dags/example_python_operator.py for tasks to queue
[2026-03-28T18:58:43.866+0500] {logging_mixin.py:188} INFO - [2026-03-28T18:58:43.866+0500] {dagbag.py:545} INFO - Filling up the DagBag from /home/abayturar/airflow-project/venv/lib/python3.12/site-packages/airflow/example_dags/example_python_operator.py
[2026-03-28T18:58:43.874+0500] {logging_mixin.py:188} INFO - [2026-03-28T18:58:43.874+0500] {example_python_operator.py:93} WARNING - The virtalenv_python example task requires virtualenv, please install it.
[2026-03-28T18:58:43.874+0500] {processor.py:840} INFO - DAG(s) 'example_python_operator' retrieved from /home/abayturar/airflow-project/venv/lib/python3.12/site-packages/airflow/example_dags/example_python_operator.py
[2026-03-28T18:58:43.891+0500] {logging_mixin.py:188} INFO - [2026-03-28T18:58:43.891+0500] {dag.py:3089} INFO - Sync 1 DAGs
[2026-03-28T18:58:43.900+0500] {logging_mixin.py:188} INFO - [2026-03-28T18:58:43.900+0500] {dag.py:3947} INFO - Setting next_dagrun for example_python_operator to None, run_after=None
[2026-03-28T18:58:43.916+0500] {processor.py:183} INFO - Processing /home/abayturar/airflow-project/venv/lib/python3.12/site-packages/airflow/example_dags/example_python_operator.py took 0.059 seconds
[2026-03-28T18:59:29.364+0500] {processor.py:161} INFO - Started process (PID=24680) to work on /home/abayturar/airflow-project/venv/lib/python3.12/site-packages/airflow/example_dags/example_python_operator.py
[2026-03-28T18:59:29.366+0500] {processor.py:830} INFO - Processing file /home/abayturar/airflow-project/venv/lib/python3.12/site-packages/airflow/example_dags/example_python_operator.py for tasks to queue
[2026-03-28T18:59:29.368+0500] {logging_mixin.py:188} INFO - [2026-03-28T18:59:29.367+0500] {dagbag.py:545} INFO - Filling up the DagBag from /home/abayturar/airflow-project/venv/lib/python3.12/site-packages/airflow/example_dags/example_python_operator.py
[2026-03-28T18:59:29.376+0500] {logging_mixin.py:188} INFO - [2026-03-28T18:59:29.375+0500] {example_python_operator.py:93} WARNING - The virtalenv_python example task requires virtualenv, please install it.
[2026-03-28T18:59:29.376+0500] {processor.py:840} INFO - DAG(s) 'example_python_operator' retrieved from /home/abayturar/airflow-project/venv/lib/python3.12/site-packages/airflow/example_dags/example_python_operator.py
[2026-03-28T18:59:29.395+0500] {logging_mixin.py:188} INFO - [2026-03-28T18:59:29.395+0500] {dag.py:3089} INFO - Sync 1 DAGs
[2026-03-28T18:59:29.405+0500] {logging_mixin.py:188} INFO - [2026-03-28T18:59:29.405+0500] {dag.py:3947} INFO - Setting next_dagrun for example_python_operator to None, run_after=None
[2026-03-28T18:59:29.431+0500] {processor.py:183} INFO - Processing /home/abayturar/airflow-project/venv/lib/python3.12/site-packages/airflow/example_dags/example_python_operator.py took 0.074 seconds
[2026-03-28T19:00:17.043+0500] {processor.py:161} INFO - Started process (PID=24808) to work on /home/abayturar/airflow-project/venv/lib/python3.12/site-packages/airflow/example_dags/example_python_operator.py
[2026-03-28T19:00:17.044+0500] {processor.py:830} INFO - Processing file /home/abayturar/airflow-project/venv/lib/python3.12/site-packages/airflow/example_dags/example_python_operator.py for tasks to queue
[2026-03-28T19:00:17.046+0500] {logging_mixin.py:188} INFO - [2026-03-28T19:00:17.045+0500] {dagbag.py:545} INFO - Filling up the DagBag from /home/abayturar/airflow-project/venv/lib/python3.12/site-packages/airflow/example_dags/example_python_operator.py
[2026-03-28T19:00:17.053+0500] {logging_mixin.py:188} INFO - [2026-03-28T19:00:17.052+0500] {example_python_operator.py:93} WARNING - The virtalenv_python example task requires virtualenv, please install it.
[2026-03-28T19:00:17.053+0500] {processor.py:840} INFO - DAG(s) 'example_python_operator' retrieved from /home/abayturar/airflow-project/venv/lib/python3.12/site-packages/airflow/example_dags/example_python_operator.py
[2026-03-28T19:00:17.068+0500] {logging_mixin.py:188} INFO - [2026-03-28T19:00:17.068+0500] {dag.py:3089} INFO - Sync 1 DAGs
[2026-03-28T19:00:17.078+0500] {logging_mixin.py:188} INFO - [2026-03-28T19:00:17.077+0500] {dag.py:3947} INFO - Setting next_dagrun for example_python_operator to None, run_after=None
[2026-03-28T19:00:17.105+0500] {processor.py:183} INFO - Processing /home/abayturar/airflow-project/venv/lib/python3.12/site-packages/airflow/example_dags/example_python_operator.py took 0.067 seconds
[2026-03-28T19:01:03.001+0500] {processor.py:161} INFO - Started process (PID=24934) to work on /home/abayturar/airflow-project/venv/lib/python3.12/site-packages/airflow/example_dags/example_python_operator.py
[2026-03-28T19:01:03.003+0500] {processor.py:830} INFO - Processing file /home/abayturar/airflow-project/venv/lib/python3.12/site-packages/airflow/example_dags/example_python_operator.py for tasks to queue
[2026-03-28T19:01:03.005+0500] {logging_mixin.py:188} INFO - [2026-03-28T19:01:03.005+0500] {dagbag.py:545} INFO - Filling up the DagBag from /home/abayturar/airflow-project/venv/lib/python3.12/site-packages/airflow/example_dags/example_python_operator.py
[2026-03-28T19:01:03.013+0500] {logging_mixin.py:188} INFO - [2026-03-28T19:01:03.013+0500] {example_python_operator.py:93} WARNING - The virtalenv_python example task requires virtualenv, please install it.
[2026-03-28T19:01:03.014+0500] {processor.py:840} INFO - DAG(s) 'example_python_operator' retrieved from /home/abayturar/airflow-project/venv/lib/python3.12/site-packages/airflow/example_dags/example_python_operator.py
[2026-03-28T19:01:03.032+0500] {logging_mixin.py:188} INFO - [2026-03-28T19:01:03.032+0500] {dag.py:3089} INFO - Sync 1 DAGs
[2026-03-28T19:01:03.044+0500] {logging_mixin.py:188} INFO - [2026-03-28T19:01:03.044+0500] {dag.py:3947} INFO - Setting next_dagrun for example_python_operator to None, run_after=None
[2026-03-28T19:01:03.075+0500] {processor.py:183} INFO - Processing /home/abayturar/airflow-project/venv/lib/python3.12/site-packages/airflow/example_dags/example_python_operator.py took 0.081 seconds
[2026-03-28T19:01:52.597+0500] {processor.py:161} INFO - Started process (PID=25065) to work on /home/abayturar/airflow-project/venv/lib/python3.12/site-packages/airflow/example_dags/example_python_operator.py
[2026-03-28T19:01:52.598+0500] {processor.py:830} INFO - Processing file /home/abayturar/airflow-project/venv/lib/python3.12/site-packages/airflow/example_dags/example_python_operator.py for tasks to queue
[2026-03-28T19:01:52.600+0500] {logging_mixin.py:188} INFO - [2026-03-28T19:01:52.599+0500] {dagbag.py:545} INFO - Filling up the DagBag from /home/abayturar/airflow-project/venv/lib/python3.12/site-packages/airflow/example_dags/example_python_operator.py
[2026-03-28T19:01:52.608+0500] {logging_mixin.py:188} INFO - [2026-03-28T19:01:52.608+0500] {example_python_operator.py:93} WARNING - The virtalenv_python example task requires virtualenv, please install it.
[2026-03-28T19:01:52.609+0500] {processor.py:840} INFO - DAG(s) 'example_python_operator' retrieved from /home/abayturar/airflow-project/venv/lib/python3.12/site-packages/airflow/example_dags/example_python_operator.py
[2026-03-28T19:01:52.626+0500] {logging_mixin.py:188} INFO - [2026-03-28T19:01:52.626+0500] {dag.py:3089} INFO - Sync 1 DAGs
[2026-03-28T19:01:52.637+0500] {logging_mixin.py:188} INFO - [2026-03-28T19:01:52.636+0500] {dag.py:3947} INFO - Setting next_dagrun for example_python_operator to None, run_after=None
[2026-03-28T19:01:52.667+0500] {processor.py:183} INFO - Processing /home/abayturar/airflow-project/venv/lib/python3.12/site-packages/airflow/example_dags/example_python_operator.py took 0.077 seconds
[2026-03-28T19:02:37.083+0500] {processor.py:161} INFO - Started process (PID=25184) to work on /home/abayturar/airflow-project/venv/lib/python3.12/site-packages/airflow/example_dags/example_python_operator.py
[2026-03-28T19:02:37.084+0500] {processor.py:830} INFO - Processing file /home/abayturar/airflow-project/venv/lib/python3.12/site-packages/airflow/example_dags/example_python_operator.py for tasks to queue
[2026-03-28T19:02:37.086+0500] {logging_mixin.py:188} INFO - [2026-03-28T19:02:37.086+0500] {dagbag.py:545} INFO - Filling up the DagBag from /home/abayturar/airflow-project/venv/lib/python3.12/site-packages/airflow/example_dags/example_python_operator.py
[2026-03-28T19:02:37.094+0500] {logging_mixin.py:188} INFO - [2026-03-28T19:02:37.094+0500] {example_python_operator.py:93} WARNING - The virtalenv_python example task requires virtualenv, please install it.
[2026-03-28T19:02:37.094+0500] {processor.py:840} INFO - DAG(s) 'example_python_operator' retrieved from /home/abayturar/airflow-project/venv/lib/python3.12/site-packages/airflow/example_dags/example_python_operator.py
[2026-03-28T19:02:37.113+0500] {logging_mixin.py:188} INFO - [2026-03-28T19:02:37.112+0500] {dag.py:3089} INFO - Sync 1 DAGs
[2026-03-28T19:02:37.123+0500] {logging_mixin.py:188} INFO - [2026-03-28T19:02:37.122+0500] {dag.py:3947} INFO - Setting next_dagrun for example_python_operator to None, run_after=None
[2026-03-28T19:02:37.140+0500] {processor.py:183} INFO - Processing /home/abayturar/airflow-project/venv/lib/python3.12/site-packages/airflow/example_dags/example_python_operator.py took 0.064 seconds
[2026-03-28T19:03:40.905+0500] {processor.py:161} INFO - Started process (PID=25362) to work on /home/abayturar/airflow-project/venv/lib/python3.12/site-packages/airflow/example_dags/example_python_operator.py
[2026-03-28T19:03:40.906+0500] {processor.py:830} INFO - Processing file /home/abayturar/airflow-project/venv/lib/python3.12/site-packages/airflow/example_dags/example_python_operator.py for tasks to queue
[2026-03-28T19:03:40.908+0500] {logging_mixin.py:188} INFO - [2026-03-28T19:03:40.907+0500] {dagbag.py:545} INFO - Filling up the DagBag from /home/abayturar/airflow-project/venv/lib/python3.12/site-packages/airflow/example_dags/example_python_operator.py
[2026-03-28T19:03:40.917+0500] {logging_mixin.py:188} INFO - [2026-03-28T19:03:40.917+0500] {example_python_operator.py:93} WARNING - The virtalenv_python example task requires virtualenv, please install it.
[2026-03-28T19:03:40.917+0500] {processor.py:840} INFO - DAG(s) 'example_python_operator' retrieved from /home/abayturar/airflow-project/venv/lib/python3.12/site-packages/airflow/example_dags/example_python_operator.py
[2026-03-28T19:03:40.938+0500] {logging_mixin.py:188} INFO - [2026-03-28T19:03:40.937+0500] {dag.py:3089} INFO - Sync 1 DAGs
[2026-03-28T19:03:40.948+0500] {logging_mixin.py:188} INFO - [2026-03-28T19:03:40.947+0500] {dag.py:3947} INFO - Setting next_dagrun for example_python_operator to None, run_after=None
[2026-03-28T19:03:40.966+0500] {processor.py:183} INFO - Processing /home/abayturar/airflow-project/venv/lib/python3.12/site-packages/airflow/example_dags/example_python_operator.py took 0.068 seconds
[2026-03-28T19:04:28.602+0500] {processor.py:161} INFO - Started process (PID=25491) to work on /home/abayturar/airflow-project/venv/lib/python3.12/site-packages/airflow/example_dags/example_python_operator.py
[2026-03-28T19:04:28.603+0500] {processor.py:830} INFO - Processing file /home/abayturar/airflow-project/venv/lib/python3.12/site-packages/airflow/example_dags/example_python_operator.py for tasks to queue
[2026-03-28T19:04:28.604+0500] {logging_mixin.py:188} INFO - [2026-03-28T19:04:28.604+0500] {dagbag.py:545} INFO - Filling up the DagBag from /home/abayturar/airflow-project/venv/lib/python3.12/site-packages/airflow/example_dags/example_python_operator.py
[2026-03-28T19:04:28.613+0500] {logging_mixin.py:188} INFO - [2026-03-28T19:04:28.612+0500] {example_python_operator.py:93} WARNING - The virtalenv_python example task requires virtualenv, please install it.
[2026-03-28T19:04:28.613+0500] {processor.py:840} INFO - DAG(s) 'example_python_operator' retrieved from /home/abayturar/airflow-project/venv/lib/python3.12/site-packages/airflow/example_dags/example_python_operator.py
[2026-03-28T19:04:28.631+0500] {logging_mixin.py:188} INFO - [2026-03-28T19:04:28.631+0500] {dag.py:3089} INFO - Sync 1 DAGs
[2026-03-28T19:04:28.642+0500] {logging_mixin.py:188} INFO - [2026-03-28T19:04:28.642+0500] {dag.py:3947} INFO - Setting next_dagrun for example_python_operator to None, run_after=None
[2026-03-28T19:04:28.658+0500] {processor.py:183} INFO - Processing /home/abayturar/airflow-project/venv/lib/python3.12/site-packages/airflow/example_dags/example_python_operator.py took 0.062 seconds
[2026-03-28T19:05:12.455+0500] {processor.py:161} INFO - Started process (PID=25611) to work on /home/abayturar/airflow-project/venv/lib/python3.12/site-packages/airflow/example_dags/example_python_operator.py
[2026-03-28T19:05:12.456+0500] {processor.py:830} INFO - Processing file /home/abayturar/airflow-project/venv/lib/python3.12/site-packages/airflow/example_dags/example_python_operator.py for tasks to queue
[2026-03-28T19:05:12.458+0500] {logging_mixin.py:188} INFO - [2026-03-28T19:05:12.458+0500] {dagbag.py:545} INFO - Filling up the DagBag from /home/abayturar/airflow-project/venv/lib/python3.12/site-packages/airflow/example_dags/example_python_operator.py
[2026-03-28T19:05:12.465+0500] {logging_mixin.py:188} INFO - [2026-03-28T19:05:12.464+0500] {example_python_operator.py:93} WARNING - The virtalenv_python example task requires virtualenv, please install it.
[2026-03-28T19:05:12.465+0500] {processor.py:840} INFO - DAG(s) 'example_python_operator' retrieved from /home/abayturar/airflow-project/venv/lib/python3.12/site-packages/airflow/example_dags/example_python_operator.py
[2026-03-28T19:05:12.480+0500] {logging_mixin.py:188} INFO - [2026-03-28T19:05:12.480+0500] {dag.py:3089} INFO - Sync 1 DAGs
[2026-03-28T19:05:12.488+0500] {logging_mixin.py:188} INFO - [2026-03-28T19:05:12.488+0500] {dag.py:3947} INFO - Setting next_dagrun for example_python_operator to None, run_after=None
[2026-03-28T19:05:12.514+0500] {processor.py:183} INFO - Processing /home/abayturar/airflow-project/venv/lib/python3.12/site-packages/airflow/example_dags/example_python_operator.py took 0.065 seconds
[2026-03-28T19:05:57.161+0500] {processor.py:161} INFO - Started process (PID=25730) to work on /home/abayturar/airflow-project/venv/lib/python3.12/site-packages/airflow/example_dags/example_python_operator.py
[2026-03-28T19:05:57.162+0500] {processor.py:830} INFO - Processing file /home/abayturar/airflow-project/venv/lib/python3.12/site-packages/airflow/example_dags/example_python_operator.py for tasks to queue
[2026-03-28T19:05:57.164+0500] {logging_mixin.py:188} INFO - [2026-03-28T19:05:57.164+0500] {dagbag.py:545} INFO - Filling up the DagBag from /home/abayturar/airflow-project/venv/lib/python3.12/site-packages/airflow/example_dags/example_python_operator.py
[2026-03-28T19:05:57.172+0500] {logging_mixin.py:188} INFO - [2026-03-28T19:05:57.172+0500] {example_python_operator.py:93} WARNING - The virtalenv_python example task requires virtualenv, please install it.
[2026-03-28T19:05:57.173+0500] {processor.py:840} INFO - DAG(s) 'example_python_operator' retrieved from /home/abayturar/airflow-project/venv/lib/python3.12/site-packages/airflow/example_dags/example_python_operator.py
[2026-03-28T19:05:57.190+0500] {logging_mixin.py:188} INFO - [2026-03-28T19:05:57.190+0500] {dag.py:3089} INFO - Sync 1 DAGs
[2026-03-28T19:05:57.199+0500] {logging_mixin.py:188} INFO - [2026-03-28T19:05:57.199+0500] {dag.py:3947} INFO - Setting next_dagrun for example_python_operator to None, run_after=None
[2026-03-28T19:05:57.215+0500] {processor.py:183} INFO - Processing /home/abayturar/airflow-project/venv/lib/python3.12/site-packages/airflow/example_dags/example_python_operator.py took 0.063 seconds
[2026-03-28T19:06:40.309+0500] {processor.py:161} INFO - Started process (PID=25850) to work on /home/abayturar/airflow-project/venv/lib/python3.12/site-packages/airflow/example_dags/example_python_operator.py
[2026-03-28T19:06:40.309+0500] {processor.py:830} INFO - Processing file /home/abayturar/airflow-project/venv/lib/python3.12/site-packages/airflow/example_dags/example_python_operator.py for tasks to queue
[2026-03-28T19:06:40.311+0500] {logging_mixin.py:188} INFO - [2026-03-28T19:06:40.311+0500] {dagbag.py:545} INFO - Filling up the DagBag from /home/abayturar/airflow-project/venv/lib/python3.12/site-packages/airflow/example_dags/example_python_operator.py
[2026-03-28T19:06:40.318+0500] {logging_mixin.py:188} INFO - [2026-03-28T19:06:40.318+0500] {example_python_operator.py:93} WARNING - The virtalenv_python example task requires virtualenv, please install it.
[2026-03-28T19:06:40.319+0500] {processor.py:840} INFO - DAG(s) 'example_python_operator' retrieved from /home/abayturar/airflow-project/venv/lib/python3.12/site-packages/airflow/example_dags/example_python_operator.py
[2026-03-28T19:06:40.336+0500] {logging_mixin.py:188} INFO - [2026-03-28T19:06:40.336+0500] {dag.py:3089} INFO - Sync 1 DAGs
[2026-03-28T19:06:40.346+0500] {logging_mixin.py:188} INFO - [2026-03-28T19:06:40.346+0500] {dag.py:3947} INFO - Setting next_dagrun for example_python_operator to None, run_after=None
[2026-03-28T19:06:40.364+0500] {processor.py:183} INFO - Processing /home/abayturar/airflow-project/venv/lib/python3.12/site-packages/airflow/example_dags/example_python_operator.py took 0.062 seconds
[2026-03-28T19:07:25.634+0500] {processor.py:161} INFO - Started process (PID=25971) to work on /home/abayturar/airflow-project/venv/lib/python3.12/site-packages/airflow/example_dags/example_python_operator.py
[2026-03-28T19:07:25.635+0500] {processor.py:830} INFO - Processing file /home/abayturar/airflow-project/venv/lib/python3.12/site-packages/airflow/example_dags/example_python_operator.py for tasks to queue
[2026-03-28T19:07:25.637+0500] {logging_mixin.py:188} INFO - [2026-03-28T19:07:25.637+0500] {dagbag.py:545} INFO - Filling up the DagBag from /home/abayturar/airflow-project/venv/lib/python3.12/site-packages/airflow/example_dags/example_python_operator.py
[2026-03-28T19:07:25.646+0500] {logging_mixin.py:188} INFO - [2026-03-28T19:07:25.646+0500] {example_python_operator.py:93} WARNING - The virtalenv_python example task requires virtualenv, please install it.
[2026-03-28T19:07:25.647+0500] {processor.py:840} INFO - DAG(s) 'example_python_operator' retrieved from /home/abayturar/airflow-project/venv/lib/python3.12/site-packages/airflow/example_dags/example_python_operator.py
[2026-03-28T19:07:25.666+0500] {logging_mixin.py:188} INFO - [2026-03-28T19:07:25.666+0500] {dag.py:3089} INFO - Sync 1 DAGs
[2026-03-28T19:07:25.676+0500] {logging_mixin.py:188} INFO - [2026-03-28T19:07:25.676+0500] {dag.py:3947} INFO - Setting next_dagrun for example_python_operator to None, run_after=None
[2026-03-28T19:07:25.706+0500] {processor.py:183} INFO - Processing /home/abayturar/airflow-project/venv/lib/python3.12/site-packages/airflow/example_dags/example_python_operator.py took 0.080 seconds
[2026-03-28T19:08:15.263+0500] {processor.py:161} INFO - Started process (PID=26102) to work on /home/abayturar/airflow-project/venv/lib/python3.12/site-packages/airflow/example_dags/example_python_operator.py
[2026-03-28T19:08:15.264+0500] {processor.py:830} INFO - Processing file /home/abayturar/airflow-project/venv/lib/python3.12/site-packages/airflow/example_dags/example_python_operator.py for tasks to queue
[2026-03-28T19:08:15.266+0500] {logging_mixin.py:188} INFO - [2026-03-28T19:08:15.265+0500] {dagbag.py:545} INFO - Filling up the DagBag from /home/abayturar/airflow-project/venv/lib/python3.12/site-packages/airflow/example_dags/example_python_operator.py
[2026-03-28T19:08:15.273+0500] {logging_mixin.py:188} INFO - [2026-03-28T19:08:15.273+0500] {example_python_operator.py:93} WARNING - The virtalenv_python example task requires virtualenv, please install it.
[2026-03-28T19:08:15.273+0500] {processor.py:840} INFO - DAG(s) 'example_python_operator' retrieved from /home/abayturar/airflow-project/venv/lib/python3.12/site-packages/airflow/example_dags/example_python_operator.py
[2026-03-28T19:08:15.288+0500] {logging_mixin.py:188} INFO - [2026-03-28T19:08:15.288+0500] {dag.py:3089} INFO - Sync 1 DAGs
[2026-03-28T19:08:15.297+0500] {logging_mixin.py:188} INFO - [2026-03-28T19:08:15.297+0500] {dag.py:3947} INFO - Setting next_dagrun for example_python_operator to None, run_after=None
[2026-03-28T19:08:15.323+0500] {processor.py:183} INFO - Processing /home/abayturar/airflow-project/venv/lib/python3.12/site-packages/airflow/example_dags/example_python_operator.py took 0.066 seconds
[2026-03-28T19:09:02.961+0500] {processor.py:161} INFO - Started process (PID=26230) to work on /home/abayturar/airflow-project/venv/lib/python3.12/site-packages/airflow/example_dags/example_python_operator.py
[2026-03-28T19:09:02.962+0500] {processor.py:830} INFO - Processing file /home/abayturar/airflow-project/venv/lib/python3.12/site-packages/airflow/example_dags/example_python_operator.py for tasks to queue
[2026-03-28T19:09:02.963+0500] {logging_mixin.py:188} INFO - [2026-03-28T19:09:02.963+0500] {dagbag.py:545} INFO - Filling up the DagBag from /home/abayturar/airflow-project/venv/lib/python3.12/site-packages/airflow/example_dags/example_python_operator.py
[2026-03-28T19:09:02.971+0500] {logging_mixin.py:188} INFO - [2026-03-28T19:09:02.971+0500] {example_python_operator.py:93} WARNING - The virtalenv_python example task requires virtualenv, please install it.
[2026-03-28T19:09:02.971+0500] {processor.py:840} INFO - DAG(s) 'example_python_operator' retrieved from /home/abayturar/airflow-project/venv/lib/python3.12/site-packages/airflow/example_dags/example_python_operator.py
[2026-03-28T19:09:02.988+0500] {logging_mixin.py:188} INFO - [2026-03-28T19:09:02.987+0500] {dag.py:3089} INFO - Sync 1 DAGs
[2026-03-28T19:09:02.997+0500] {logging_mixin.py:188} INFO - [2026-03-28T19:09:02.997+0500] {dag.py:3947} INFO - Setting next_dagrun for example_python_operator to None, run_after=None
[2026-03-28T19:09:03.018+0500] {processor.py:183} INFO - Processing /home/abayturar/airflow-project/venv/lib/python3.12/site-packages/airflow/example_dags/example_python_operator.py took 0.063 seconds
[2026-03-28T19:09:48.328+0500] {processor.py:161} INFO - Started process (PID=26353) to work on /home/abayturar/airflow-project/venv/lib/python3.12/site-packages/airflow/example_dags/example_python_operator.py
[2026-03-28T19:09:48.329+0500] {processor.py:830} INFO - Processing file /home/abayturar/airflow-project/venv/lib/python3.12/site-packages/airflow/example_dags/example_python_operator.py for tasks to queue
[2026-03-28T19:09:48.331+0500] {logging_mixin.py:188} INFO - [2026-03-28T19:09:48.331+0500] {dagbag.py:545} INFO - Filling up the DagBag from /home/abayturar/airflow-project/venv/lib/python3.12/site-packages/airflow/example_dags/example_python_operator.py
[2026-03-28T19:09:48.338+0500] {logging_mixin.py:188} INFO - [2026-03-28T19:09:48.338+0500] {example_python_operator.py:93} WARNING - The virtalenv_python example task requires virtualenv, please install it.
[2026-03-28T19:09:48.339+0500] {processor.py:840} INFO - DAG(s) 'example_python_operator' retrieved from /home/abayturar/airflow-project/venv/lib/python3.12/site-packages/airflow/example_dags/example_python_operator.py
[2026-03-28T19:09:48.354+0500] {logging_mixin.py:188} INFO - [2026-03-28T19:09:48.354+0500] {dag.py:3089} INFO - Sync 1 DAGs
[2026-03-28T19:09:48.363+0500] {logging_mixin.py:188} INFO - [2026-03-28T19:09:48.363+0500] {dag.py:3947} INFO - Setting next_dagrun for example_python_operator to None, run_after=None
[2026-03-28T19:09:48.389+0500] {processor.py:183} INFO - Processing /home/abayturar/airflow-project/venv/lib/python3.12/site-packages/airflow/example_dags/example_python_operator.py took 0.067 seconds
[2026-03-28T19:10:35.231+0500] {processor.py:161} INFO - Started process (PID=26478) to work on /home/abayturar/airflow-project/venv/lib/python3.12/site-packages/airflow/example_dags/example_python_operator.py
[2026-03-28T19:10:35.232+0500] {processor.py:830} INFO - Processing file /home/abayturar/airflow-project/venv/lib/python3.12/site-packages/airflow/example_dags/example_python_operator.py for tasks to queue
[2026-03-28T19:10:35.234+0500] {logging_mixin.py:188} INFO - [2026-03-28T19:10:35.233+0500] {dagbag.py:545} INFO - Filling up the DagBag from /home/abayturar/airflow-project/venv/lib/python3.12/site-packages/airflow/example_dags/example_python_operator.py
[2026-03-28T19:10:35.242+0500] {logging_mixin.py:188} INFO - [2026-03-28T19:10:35.242+0500] {example_python_operator.py:93} WARNING - The virtalenv_python example task requires virtualenv, please install it.
[2026-03-28T19:10:35.243+0500] {processor.py:840} INFO - DAG(s) 'example_python_operator' retrieved from /home/abayturar/airflow-project/venv/lib/python3.12/site-packages/airflow/example_dags/example_python_operator.py
[2026-03-28T19:10:35.260+0500] {logging_mixin.py:188} INFO - [2026-03-28T19:10:35.260+0500] {dag.py:3089} INFO - Sync 1 DAGs
[2026-03-28T19:10:35.270+0500] {logging_mixin.py:188} INFO - [2026-03-28T19:10:35.270+0500] {dag.py:3947} INFO - Setting next_dagrun for example_python_operator to None, run_after=None
[2026-03-28T19:10:35.300+0500] {processor.py:183} INFO - Processing /home/abayturar/airflow-project/venv/lib/python3.12/site-packages/airflow/example_dags/example_python_operator.py took 0.076 seconds
[2026-03-28T19:11:22.820+0500] {processor.py:161} INFO - Started process (PID=26605) to work on /home/abayturar/airflow-project/venv/lib/python3.12/site-packages/airflow/example_dags/example_python_operator.py
[2026-03-28T19:11:22.821+0500] {processor.py:830} INFO - Processing file /home/abayturar/airflow-project/venv/lib/python3.12/site-packages/airflow/example_dags/example_python_operator.py for tasks to queue
[2026-03-28T19:11:22.823+0500] {logging_mixin.py:188} INFO - [2026-03-28T19:11:22.822+0500] {dagbag.py:545} INFO - Filling up the DagBag from /home/abayturar/airflow-project/venv/lib/python3.12/site-packages/airflow/example_dags/example_python_operator.py
[2026-03-28T19:11:22.830+0500] {logging_mixin.py:188} INFO - [2026-03-28T19:11:22.830+0500] {example_python_operator.py:93} WARNING - The virtalenv_python example task requires virtualenv, please install it.
[2026-03-28T19:11:22.831+0500] {processor.py:840} INFO - DAG(s) 'example_python_operator' retrieved from /home/abayturar/airflow-project/venv/lib/python3.12/site-packages/airflow/example_dags/example_python_operator.py
[2026-03-28T19:11:22.847+0500] {logging_mixin.py:188} INFO - [2026-03-28T19:11:22.847+0500] {dag.py:3089} INFO - Sync 1 DAGs
[2026-03-28T19:11:22.860+0500] {logging_mixin.py:188} INFO - [2026-03-28T19:11:22.859+0500] {dag.py:3947} INFO - Setting next_dagrun for example_python_operator to None, run_after=None
[2026-03-28T19:11:22.889+0500] {processor.py:183} INFO - Processing /home/abayturar/airflow-project/venv/lib/python3.12/site-packages/airflow/example_dags/example_python_operator.py took 0.075 seconds
[2026-03-28T19:12:09.403+0500] {processor.py:161} INFO - Started process (PID=26728) to work on /home/abayturar/airflow-project/venv/lib/python3.12/site-packages/airflow/example_dags/example_python_operator.py
[2026-03-28T19:12:09.404+0500] {processor.py:830} INFO - Processing file /home/abayturar/airflow-project/venv/lib/python3.12/site-packages/airflow/example_dags/example_python_operator.py for tasks to queue
[2026-03-28T19:12:09.406+0500] {logging_mixin.py:188} INFO - [2026-03-28T19:12:09.405+0500] {dagbag.py:545} INFO - Filling up the DagBag from /home/abayturar/airflow-project/venv/lib/python3.12/site-packages/airflow/example_dags/example_python_operator.py
[2026-03-28T19:12:09.414+0500] {logging_mixin.py:188} INFO - [2026-03-28T19:12:09.414+0500] {example_python_operator.py:93} WARNING - The virtalenv_python example task requires virtualenv, please install it.
[2026-03-28T19:12:09.415+0500] {processor.py:840} INFO - DAG(s) 'example_python_operator' retrieved from /home/abayturar/airflow-project/venv/lib/python3.12/site-packages/airflow/example_dags/example_python_operator.py
[2026-03-28T19:12:09.434+0500] {logging_mixin.py:188} INFO - [2026-03-28T19:12:09.434+0500] {dag.py:3089} INFO - Sync 1 DAGs
[2026-03-28T19:12:09.445+0500] {logging_mixin.py:188} INFO - [2026-03-28T19:12:09.445+0500] {dag.py:3947} INFO - Setting next_dagrun for example_python_operator to None, run_after=None
[2026-03-28T19:12:09.461+0500] {processor.py:183} INFO - Processing /home/abayturar/airflow-project/venv/lib/python3.12/site-packages/airflow/example_dags/example_python_operator.py took 0.064 seconds
[2026-03-28T19:12:57.728+0500] {processor.py:161} INFO - Started process (PID=26857) to work on /home/abayturar/airflow-project/venv/lib/python3.12/site-packages/airflow/example_dags/example_python_operator.py
[2026-03-28T19:12:57.729+0500] {processor.py:830} INFO - Processing file /home/abayturar/airflow-project/venv/lib/python3.12/site-packages/airflow/example_dags/example_python_operator.py for tasks to queue
[2026-03-28T19:12:57.730+0500] {logging_mixin.py:188} INFO - [2026-03-28T19:12:57.730+0500] {dagbag.py:545} INFO - Filling up the DagBag from /home/abayturar/airflow-project/venv/lib/python3.12/site-packages/airflow/example_dags/example_python_operator.py
[2026-03-28T19:12:57.738+0500] {logging_mixin.py:188} INFO - [2026-03-28T19:12:57.738+0500] {example_python_operator.py:93} WARNING - The virtalenv_python example task requires virtualenv, please install it.
[2026-03-28T19:12:57.738+0500] {processor.py:840} INFO - DAG(s) 'example_python_operator' retrieved from /home/abayturar/airflow-project/venv/lib/python3.12/site-packages/airflow/example_dags/example_python_operator.py
[2026-03-28T19:12:57.754+0500] {logging_mixin.py:188} INFO - [2026-03-28T19:12:57.754+0500] {dag.py:3089} INFO - Sync 1 DAGs
[2026-03-28T19:12:57.763+0500] {logging_mixin.py:188} INFO - [2026-03-28T19:12:57.763+0500] {dag.py:3947} INFO - Setting next_dagrun for example_python_operator to None, run_after=None
[2026-03-28T19:12:57.790+0500] {processor.py:183} INFO - Processing /home/abayturar/airflow-project/venv/lib/python3.12/site-packages/airflow/example_dags/example_python_operator.py took 0.068 seconds
[2026-03-28T19:13:45.218+0500] {processor.py:161} INFO - Started process (PID=26985) to work on /home/abayturar/airflow-project/venv/lib/python3.12/site-packages/airflow/example_dags/example_python_operator.py
[2026-03-28T19:13:45.218+0500] {processor.py:830} INFO - Processing file /home/abayturar/airflow-project/venv/lib/python3.12/site-packages/airflow/example_dags/example_python_operator.py for tasks to queue
[2026-03-28T19:13:45.221+0500] {logging_mixin.py:188} INFO - [2026-03-28T19:13:45.221+0500] {dagbag.py:545} INFO - Filling up the DagBag from /home/abayturar/airflow-project/venv/lib/python3.12/site-packages/airflow/example_dags/example_python_operator.py
[2026-03-28T19:13:45.230+0500] {logging_mixin.py:188} INFO - [2026-03-28T19:13:45.229+0500] {example_python_operator.py:93} WARNING - The virtalenv_python example task requires virtualenv, please install it.
[2026-03-28T19:13:45.230+0500] {processor.py:840} INFO - DAG(s) 'example_python_operator' retrieved from /home/abayturar/airflow-project/venv/lib/python3.12/site-packages/airflow/example_dags/example_python_operator.py
[2026-03-28T19:13:45.247+0500] {logging_mixin.py:188} INFO - [2026-03-28T19:13:45.247+0500] {dag.py:3089} INFO - Sync 1 DAGs
[2026-03-28T19:13:45.259+0500] {logging_mixin.py:188} INFO - [2026-03-28T19:13:45.258+0500] {dag.py:3947} INFO - Setting next_dagrun for example_python_operator to None, run_after=None
[2026-03-28T19:13:45.288+0500] {processor.py:183} INFO - Processing /home/abayturar/airflow-project/venv/lib/python3.12/site-packages/airflow/example_dags/example_python_operator.py took 0.078 seconds
[2026-03-28T19:14:32.719+0500] {processor.py:161} INFO - Started process (PID=27112) to work on /home/abayturar/airflow-project/venv/lib/python3.12/site-packages/airflow/example_dags/example_python_operator.py
[2026-03-28T19:14:32.720+0500] {processor.py:830} INFO - Processing file /home/abayturar/airflow-project/venv/lib/python3.12/site-packages/airflow/example_dags/example_python_operator.py for tasks to queue
[2026-03-28T19:14:32.723+0500] {logging_mixin.py:188} INFO - [2026-03-28T19:14:32.722+0500] {dagbag.py:545} INFO - Filling up the DagBag from /home/abayturar/airflow-project/venv/lib/python3.12/site-packages/airflow/example_dags/example_python_operator.py
[2026-03-28T19:14:32.734+0500] {logging_mixin.py:188} INFO - [2026-03-28T19:14:32.733+0500] {example_python_operator.py:93} WARNING - The virtalenv_python example task requires virtualenv, please install it.
[2026-03-28T19:14:32.734+0500] {processor.py:840} INFO - DAG(s) 'example_python_operator' retrieved from /home/abayturar/airflow-project/venv/lib/python3.12/site-packages/airflow/example_dags/example_python_operator.py
[2026-03-28T19:14:32.757+0500] {logging_mixin.py:188} INFO - [2026-03-28T19:14:32.757+0500] {dag.py:3089} INFO - Sync 1 DAGs
[2026-03-28T19:14:32.766+0500] {logging_mixin.py:188} INFO - [2026-03-28T19:14:32.766+0500] {dag.py:3947} INFO - Setting next_dagrun for example_python_operator to None, run_after=None
[2026-03-28T19:14:32.798+0500] {processor.py:183} INFO - Processing /home/abayturar/airflow-project/venv/lib/python3.12/site-packages/airflow/example_dags/example_python_operator.py took 0.087 seconds
[2026-03-28T19:15:19.530+0500] {processor.py:161} INFO - Started process (PID=27241) to work on /home/abayturar/airflow-project/venv/lib/python3.12/site-packages/airflow/example_dags/example_python_operator.py
[2026-03-28T19:15:19.531+0500] {processor.py:830} INFO - Processing file /home/abayturar/airflow-project/venv/lib/python3.12/site-packages/airflow/example_dags/example_python_operator.py for tasks to queue
[2026-03-28T19:15:19.533+0500] {logging_mixin.py:188} INFO - [2026-03-28T19:15:19.533+0500] {dagbag.py:545} INFO - Filling up the DagBag from /home/abayturar/airflow-project/venv/lib/python3.12/site-packages/airflow/example_dags/example_python_operator.py
[2026-03-28T19:15:19.541+0500] {logging_mixin.py:188} INFO - [2026-03-28T19:15:19.541+0500] {example_python_operator.py:93} WARNING - The virtalenv_python example task requires virtualenv, please install it.
[2026-03-28T19:15:19.542+0500] {processor.py:840} INFO - DAG(s) 'example_python_operator' retrieved from /home/abayturar/airflow-project/venv/lib/python3.12/site-packages/airflow/example_dags/example_python_operator.py
[2026-03-28T19:15:19.559+0500] {logging_mixin.py:188} INFO - [2026-03-28T19:15:19.558+0500] {dag.py:3089} INFO - Sync 1 DAGs
[2026-03-28T19:15:19.567+0500] {logging_mixin.py:188} INFO - [2026-03-28T19:15:19.567+0500] {dag.py:3947} INFO - Setting next_dagrun for example_python_operator to None, run_after=None
[2026-03-28T19:15:19.595+0500] {processor.py:183} INFO - Processing /home/abayturar/airflow-project/venv/lib/python3.12/site-packages/airflow/example_dags/example_python_operator.py took 0.071 seconds
[2026-03-28T19:16:24.645+0500] {processor.py:161} INFO - Started process (PID=27413) to work on /home/abayturar/airflow-project/venv/lib/python3.12/site-packages/airflow/example_dags/example_python_operator.py
[2026-03-28T19:16:24.646+0500] {processor.py:830} INFO - Processing file /home/abayturar/airflow-project/venv/lib/python3.12/site-packages/airflow/example_dags/example_python_operator.py for tasks to queue
[2026-03-28T19:16:24.649+0500] {logging_mixin.py:188} INFO - [2026-03-28T19:16:24.648+0500] {dagbag.py:545} INFO - Filling up the DagBag from /home/abayturar/airflow-project/venv/lib/python3.12/site-packages/airflow/example_dags/example_python_operator.py
[2026-03-28T19:16:24.659+0500] {logging_mixin.py:188} INFO - [2026-03-28T19:16:24.659+0500] {example_python_operator.py:93} WARNING - The virtalenv_python example task requires virtualenv, please install it.
[2026-03-28T19:16:24.660+0500] {processor.py:840} INFO - DAG(s) 'example_python_operator' retrieved from /home/abayturar/airflow-project/venv/lib/python3.12/site-packages/airflow/example_dags/example_python_operator.py
[2026-03-28T19:16:24.687+0500] {logging_mixin.py:188} INFO - [2026-03-28T19:16:24.686+0500] {dag.py:3089} INFO - Sync 1 DAGs
[2026-03-28T19:16:24.703+0500] {logging_mixin.py:188} INFO - [2026-03-28T19:16:24.703+0500] {dag.py:3947} INFO - Setting next_dagrun for example_python_operator to None, run_after=None
[2026-03-28T19:16:24.748+0500] {processor.py:183} INFO - Processing /home/abayturar/airflow-project/venv/lib/python3.12/site-packages/airflow/example_dags/example_python_operator.py took 0.111 seconds
[2026-03-28T19:17:10.866+0500] {processor.py:161} INFO - Started process (PID=27537) to work on /home/abayturar/airflow-project/venv/lib/python3.12/site-packages/airflow/example_dags/example_python_operator.py
[2026-03-28T19:17:10.867+0500] {processor.py:830} INFO - Processing file /home/abayturar/airflow-project/venv/lib/python3.12/site-packages/airflow/example_dags/example_python_operator.py for tasks to queue
[2026-03-28T19:17:10.869+0500] {logging_mixin.py:188} INFO - [2026-03-28T19:17:10.868+0500] {dagbag.py:545} INFO - Filling up the DagBag from /home/abayturar/airflow-project/venv/lib/python3.12/site-packages/airflow/example_dags/example_python_operator.py
[2026-03-28T19:17:10.877+0500] {logging_mixin.py:188} INFO - [2026-03-28T19:17:10.877+0500] {example_python_operator.py:93} WARNING - The virtalenv_python example task requires virtualenv, please install it.
[2026-03-28T19:17:10.878+0500] {processor.py:840} INFO - DAG(s) 'example_python_operator' retrieved from /home/abayturar/airflow-project/venv/lib/python3.12/site-packages/airflow/example_dags/example_python_operator.py
[2026-03-28T19:17:10.895+0500] {logging_mixin.py:188} INFO - [2026-03-28T19:17:10.895+0500] {dag.py:3089} INFO - Sync 1 DAGs
[2026-03-28T19:17:10.905+0500] {logging_mixin.py:188} INFO - [2026-03-28T19:17:10.905+0500] {dag.py:3947} INFO - Setting next_dagrun for example_python_operator to None, run_after=None
[2026-03-28T19:17:10.933+0500] {processor.py:183} INFO - Processing /home/abayturar/airflow-project/venv/lib/python3.12/site-packages/airflow/example_dags/example_python_operator.py took 0.075 seconds
[2026-03-28T19:17:58.063+0500] {processor.py:161} INFO - Started process (PID=27663) to work on /home/abayturar/airflow-project/venv/lib/python3.12/site-packages/airflow/example_dags/example_python_operator.py
[2026-03-28T19:17:58.064+0500] {processor.py:830} INFO - Processing file /home/abayturar/airflow-project/venv/lib/python3.12/site-packages/airflow/example_dags/example_python_operator.py for tasks to queue
[2026-03-28T19:17:58.066+0500] {logging_mixin.py:188} INFO - [2026-03-28T19:17:58.065+0500] {dagbag.py:545} INFO - Filling up the DagBag from /home/abayturar/airflow-project/venv/lib/python3.12/site-packages/airflow/example_dags/example_python_operator.py
[2026-03-28T19:17:58.073+0500] {logging_mixin.py:188} INFO - [2026-03-28T19:17:58.072+0500] {example_python_operator.py:93} WARNING - The virtalenv_python example task requires virtualenv, please install it.
[2026-03-28T19:17:58.073+0500] {processor.py:840} INFO - DAG(s) 'example_python_operator' retrieved from /home/abayturar/airflow-project/venv/lib/python3.12/site-packages/airflow/example_dags/example_python_operator.py
[2026-03-28T19:17:58.088+0500] {logging_mixin.py:188} INFO - [2026-03-28T19:17:58.088+0500] {dag.py:3089} INFO - Sync 1 DAGs
[2026-03-28T19:17:58.097+0500] {logging_mixin.py:188} INFO - [2026-03-28T19:17:58.097+0500] {dag.py:3947} INFO - Setting next_dagrun for example_python_operator to None, run_after=None
[2026-03-28T19:17:58.124+0500] {processor.py:183} INFO - Processing /home/abayturar/airflow-project/venv/lib/python3.12/site-packages/airflow/example_dags/example_python_operator.py took 0.067 seconds
[2026-03-28T19:18:41.575+0500] {processor.py:161} INFO - Started process (PID=27782) to work on /home/abayturar/airflow-project/venv/lib/python3.12/site-packages/airflow/example_dags/example_python_operator.py
[2026-03-28T19:18:41.576+0500] {processor.py:830} INFO - Processing file /home/abayturar/airflow-project/venv/lib/python3.12/site-packages/airflow/example_dags/example_python_operator.py for tasks to queue
[2026-03-28T19:18:41.579+0500] {logging_mixin.py:188} INFO - [2026-03-28T19:18:41.578+0500] {dagbag.py:545} INFO - Filling up the DagBag from /home/abayturar/airflow-project/venv/lib/python3.12/site-packages/airflow/example_dags/example_python_operator.py
[2026-03-28T19:18:41.590+0500] {logging_mixin.py:188} INFO - [2026-03-28T19:18:41.590+0500] {example_python_operator.py:93} WARNING - The virtalenv_python example task requires virtualenv, please install it.
[2026-03-28T19:18:41.591+0500] {processor.py:840} INFO - DAG(s) 'example_python_operator' retrieved from /home/abayturar/airflow-project/venv/lib/python3.12/site-packages/airflow/example_dags/example_python_operator.py
[2026-03-28T19:18:41.616+0500] {logging_mixin.py:188} INFO - [2026-03-28T19:18:41.615+0500] {dag.py:3089} INFO - Sync 1 DAGs
[2026-03-28T19:18:41.629+0500] {logging_mixin.py:188} INFO - [2026-03-28T19:18:41.628+0500] {dag.py:3947} INFO - Setting next_dagrun for example_python_operator to None, run_after=None
[2026-03-28T19:18:41.666+0500] {processor.py:183} INFO - Processing /home/abayturar/airflow-project/venv/lib/python3.12/site-packages/airflow/example_dags/example_python_operator.py took 0.100 seconds
[2026-03-28T19:19:29.275+0500] {processor.py:161} INFO - Started process (PID=27907) to work on /home/abayturar/airflow-project/venv/lib/python3.12/site-packages/airflow/example_dags/example_python_operator.py
[2026-03-28T19:19:29.276+0500] {processor.py:830} INFO - Processing file /home/abayturar/airflow-project/venv/lib/python3.12/site-packages/airflow/example_dags/example_python_operator.py for tasks to queue
[2026-03-28T19:19:29.278+0500] {logging_mixin.py:188} INFO - [2026-03-28T19:19:29.277+0500] {dagbag.py:545} INFO - Filling up the DagBag from /home/abayturar/airflow-project/venv/lib/python3.12/site-packages/airflow/example_dags/example_python_operator.py
[2026-03-28T19:19:29.286+0500] {logging_mixin.py:188} INFO - [2026-03-28T19:19:29.286+0500] {example_python_operator.py:93} WARNING - The virtalenv_python example task requires virtualenv, please install it.
[2026-03-28T19:19:29.287+0500] {processor.py:840} INFO - DAG(s) 'example_python_operator' retrieved from /home/abayturar/airflow-project/venv/lib/python3.12/site-packages/airflow/example_dags/example_python_operator.py
[2026-03-28T19:19:29.305+0500] {logging_mixin.py:188} INFO - [2026-03-28T19:19:29.305+0500] {dag.py:3089} INFO - Sync 1 DAGs
[2026-03-28T19:19:29.315+0500] {logging_mixin.py:188} INFO - [2026-03-28T19:19:29.315+0500] {dag.py:3947} INFO - Setting next_dagrun for example_python_operator to None, run_after=None
[2026-03-28T19:19:29.343+0500] {processor.py:183} INFO - Processing /home/abayturar/airflow-project/venv/lib/python3.12/site-packages/airflow/example_dags/example_python_operator.py took 0.074 seconds
[2026-03-28T19:20:17.168+0500] {processor.py:161} INFO - Started process (PID=28040) to work on /home/abayturar/airflow-project/venv/lib/python3.12/site-packages/airflow/example_dags/example_python_operator.py
[2026-03-28T19:20:17.169+0500] {processor.py:830} INFO - Processing file /home/abayturar/airflow-project/venv/lib/python3.12/site-packages/airflow/example_dags/example_python_operator.py for tasks to queue
[2026-03-28T19:20:17.171+0500] {logging_mixin.py:188} INFO - [2026-03-28T19:20:17.170+0500] {dagbag.py:545} INFO - Filling up the DagBag from /home/abayturar/airflow-project/venv/lib/python3.12/site-packages/airflow/example_dags/example_python_operator.py
[2026-03-28T19:20:17.179+0500] {logging_mixin.py:188} INFO - [2026-03-28T19:20:17.179+0500] {example_python_operator.py:93} WARNING - The virtalenv_python example task requires virtualenv, please install it.
[2026-03-28T19:20:17.179+0500] {processor.py:840} INFO - DAG(s) 'example_python_operator' retrieved from /home/abayturar/airflow-project/venv/lib/python3.12/site-packages/airflow/example_dags/example_python_operator.py
[2026-03-28T19:20:17.197+0500] {logging_mixin.py:188} INFO - [2026-03-28T19:20:17.197+0500] {dag.py:3089} INFO - Sync 1 DAGs
[2026-03-28T19:20:17.209+0500] {logging_mixin.py:188} INFO - [2026-03-28T19:20:17.209+0500] {dag.py:3947} INFO - Setting next_dagrun for example_python_operator to None, run_after=None
[2026-03-28T19:20:17.230+0500] {processor.py:183} INFO - Processing /home/abayturar/airflow-project/venv/lib/python3.12/site-packages/airflow/example_dags/example_python_operator.py took 0.069 seconds
[2026-03-28T19:21:03.440+0500] {processor.py:161} INFO - Started process (PID=28164) to work on /home/abayturar/airflow-project/venv/lib/python3.12/site-packages/airflow/example_dags/example_python_operator.py
[2026-03-28T19:21:03.440+0500] {processor.py:830} INFO - Processing file /home/abayturar/airflow-project/venv/lib/python3.12/site-packages/airflow/example_dags/example_python_operator.py for tasks to queue
[2026-03-28T19:21:03.442+0500] {logging_mixin.py:188} INFO - [2026-03-28T19:21:03.442+0500] {dagbag.py:545} INFO - Filling up the DagBag from /home/abayturar/airflow-project/venv/lib/python3.12/site-packages/airflow/example_dags/example_python_operator.py
[2026-03-28T19:21:03.449+0500] {logging_mixin.py:188} INFO - [2026-03-28T19:21:03.449+0500] {example_python_operator.py:93} WARNING - The virtalenv_python example task requires virtualenv, please install it.
[2026-03-28T19:21:03.449+0500] {processor.py:840} INFO - DAG(s) 'example_python_operator' retrieved from /home/abayturar/airflow-project/venv/lib/python3.12/site-packages/airflow/example_dags/example_python_operator.py
[2026-03-28T19:21:03.465+0500] {logging_mixin.py:188} INFO - [2026-03-28T19:21:03.465+0500] {dag.py:3089} INFO - Sync 1 DAGs
[2026-03-28T19:21:03.474+0500] {logging_mixin.py:188} INFO - [2026-03-28T19:21:03.473+0500] {dag.py:3947} INFO - Setting next_dagrun for example_python_operator to None, run_after=None
[2026-03-28T19:21:03.499+0500] {processor.py:183} INFO - Processing /home/abayturar/airflow-project/venv/lib/python3.12/site-packages/airflow/example_dags/example_python_operator.py took 0.066 seconds
[2026-03-28T19:22:05.296+0500] {processor.py:161} INFO - Started process (PID=28374) to work on /home/abayturar/airflow-project/venv/lib/python3.12/site-packages/airflow/example_dags/example_python_operator.py
[2026-03-28T19:22:05.297+0500] {processor.py:830} INFO - Processing file /home/abayturar/airflow-project/venv/lib/python3.12/site-packages/airflow/example_dags/example_python_operator.py for tasks to queue
[2026-03-28T19:22:05.298+0500] {logging_mixin.py:188} INFO - [2026-03-28T19:22:05.298+0500] {dagbag.py:545} INFO - Filling up the DagBag from /home/abayturar/airflow-project/venv/lib/python3.12/site-packages/airflow/example_dags/example_python_operator.py
[2026-03-28T19:22:05.305+0500] {logging_mixin.py:188} INFO - [2026-03-28T19:22:05.305+0500] {example_python_operator.py:93} WARNING - The virtalenv_python example task requires virtualenv, please install it.
[2026-03-28T19:22:05.306+0500] {processor.py:840} INFO - DAG(s) 'example_python_operator' retrieved from /home/abayturar/airflow-project/venv/lib/python3.12/site-packages/airflow/example_dags/example_python_operator.py
[2026-03-28T19:22:05.322+0500] {logging_mixin.py:188} INFO - [2026-03-28T19:22:05.322+0500] {dag.py:3089} INFO - Sync 1 DAGs
[2026-03-28T19:22:05.331+0500] {logging_mixin.py:188} INFO - [2026-03-28T19:22:05.331+0500] {dag.py:3947} INFO - Setting next_dagrun for example_python_operator to None, run_after=None
[2026-03-28T19:22:05.347+0500] {processor.py:183} INFO - Processing /home/abayturar/airflow-project/venv/lib/python3.12/site-packages/airflow/example_dags/example_python_operator.py took 0.057 seconds
[2026-03-28T19:22:49.458+0500] {processor.py:161} INFO - Started process (PID=28494) to work on /home/abayturar/airflow-project/venv/lib/python3.12/site-packages/airflow/example_dags/example_python_operator.py
[2026-03-28T19:22:49.459+0500] {processor.py:830} INFO - Processing file /home/abayturar/airflow-project/venv/lib/python3.12/site-packages/airflow/example_dags/example_python_operator.py for tasks to queue
[2026-03-28T19:22:49.461+0500] {logging_mixin.py:188} INFO - [2026-03-28T19:22:49.460+0500] {dagbag.py:545} INFO - Filling up the DagBag from /home/abayturar/airflow-project/venv/lib/python3.12/site-packages/airflow/example_dags/example_python_operator.py
[2026-03-28T19:22:49.468+0500] {logging_mixin.py:188} INFO - [2026-03-28T19:22:49.467+0500] {example_python_operator.py:93} WARNING - The virtalenv_python example task requires virtualenv, please install it.
[2026-03-28T19:22:49.468+0500] {processor.py:840} INFO - DAG(s) 'example_python_operator' retrieved from /home/abayturar/airflow-project/venv/lib/python3.12/site-packages/airflow/example_dags/example_python_operator.py
[2026-03-28T19:22:49.485+0500] {logging_mixin.py:188} INFO - [2026-03-28T19:22:49.485+0500] {dag.py:3089} INFO - Sync 1 DAGs
[2026-03-28T19:22:49.494+0500] {logging_mixin.py:188} INFO - [2026-03-28T19:22:49.494+0500] {dag.py:3947} INFO - Setting next_dagrun for example_python_operator to None, run_after=None
[2026-03-28T19:22:49.509+0500] {processor.py:183} INFO - Processing /home/abayturar/airflow-project/venv/lib/python3.12/site-packages/airflow/example_dags/example_python_operator.py took 0.059 seconds
[2026-03-28T19:23:36.805+0500] {processor.py:161} INFO - Started process (PID=28622) to work on /home/abayturar/airflow-project/venv/lib/python3.12/site-packages/airflow/example_dags/example_python_operator.py
[2026-03-28T19:23:36.815+0500] {processor.py:830} INFO - Processing file /home/abayturar/airflow-project/venv/lib/python3.12/site-packages/airflow/example_dags/example_python_operator.py for tasks to queue
[2026-03-28T19:23:36.817+0500] {logging_mixin.py:188} INFO - [2026-03-28T19:23:36.816+0500] {dagbag.py:545} INFO - Filling up the DagBag from /home/abayturar/airflow-project/venv/lib/python3.12/site-packages/airflow/example_dags/example_python_operator.py
[2026-03-28T19:23:36.823+0500] {logging_mixin.py:188} INFO - [2026-03-28T19:23:36.823+0500] {example_python_operator.py:93} WARNING - The virtalenv_python example task requires virtualenv, please install it.
[2026-03-28T19:23:36.824+0500] {processor.py:840} INFO - DAG(s) 'example_python_operator' retrieved from /home/abayturar/airflow-project/venv/lib/python3.12/site-packages/airflow/example_dags/example_python_operator.py
[2026-03-28T19:23:36.839+0500] {logging_mixin.py:188} INFO - [2026-03-28T19:23:36.839+0500] {dag.py:3089} INFO - Sync 1 DAGs
[2026-03-28T19:23:36.848+0500] {logging_mixin.py:188} INFO - [2026-03-28T19:23:36.848+0500] {dag.py:3947} INFO - Setting next_dagrun for example_python_operator to None, run_after=None
[2026-03-28T19:23:36.863+0500] {processor.py:183} INFO - Processing /home/abayturar/airflow-project/venv/lib/python3.12/site-packages/airflow/example_dags/example_python_operator.py took 0.064 seconds
[2026-03-28T19:24:23.676+0500] {processor.py:161} INFO - Started process (PID=28746) to work on /home/abayturar/airflow-project/venv/lib/python3.12/site-packages/airflow/example_dags/example_python_operator.py
[2026-03-28T19:24:23.677+0500] {processor.py:830} INFO - Processing file /home/abayturar/airflow-project/venv/lib/python3.12/site-packages/airflow/example_dags/example_python_operator.py for tasks to queue
[2026-03-28T19:24:23.680+0500] {logging_mixin.py:188} INFO - [2026-03-28T19:24:23.679+0500] {dagbag.py:545} INFO - Filling up the DagBag from /home/abayturar/airflow-project/venv/lib/python3.12/site-packages/airflow/example_dags/example_python_operator.py
[2026-03-28T19:24:23.691+0500] {logging_mixin.py:188} INFO - [2026-03-28T19:24:23.691+0500] {example_python_operator.py:93} WARNING - The virtalenv_python example task requires virtualenv, please install it.
[2026-03-28T19:24:23.693+0500] {processor.py:840} INFO - DAG(s) 'example_python_operator' retrieved from /home/abayturar/airflow-project/venv/lib/python3.12/site-packages/airflow/example_dags/example_python_operator.py
[2026-03-28T19:24:23.718+0500] {logging_mixin.py:188} INFO - [2026-03-28T19:24:23.718+0500] {dag.py:3089} INFO - Sync 1 DAGs
[2026-03-28T19:24:23.734+0500] {logging_mixin.py:188} INFO - [2026-03-28T19:24:23.733+0500] {dag.py:3947} INFO - Setting next_dagrun for example_python_operator to None, run_after=None
[2026-03-28T19:24:23.770+0500] {processor.py:183} INFO - Processing /home/abayturar/airflow-project/venv/lib/python3.12/site-packages/airflow/example_dags/example_python_operator.py took 0.102 seconds
[2026-03-28T19:25:10.390+0500] {processor.py:161} INFO - Started process (PID=28871) to work on /home/abayturar/airflow-project/venv/lib/python3.12/site-packages/airflow/example_dags/example_python_operator.py
[2026-03-28T19:25:10.391+0500] {processor.py:830} INFO - Processing file /home/abayturar/airflow-project/venv/lib/python3.12/site-packages/airflow/example_dags/example_python_operator.py for tasks to queue
[2026-03-28T19:25:10.393+0500] {logging_mixin.py:188} INFO - [2026-03-28T19:25:10.393+0500] {dagbag.py:545} INFO - Filling up the DagBag from /home/abayturar/airflow-project/venv/lib/python3.12/site-packages/airflow/example_dags/example_python_operator.py
[2026-03-28T19:25:10.401+0500] {logging_mixin.py:188} INFO - [2026-03-28T19:25:10.400+0500] {example_python_operator.py:93} WARNING - The virtalenv_python example task requires virtualenv, please install it.
[2026-03-28T19:25:10.401+0500] {processor.py:840} INFO - DAG(s) 'example_python_operator' retrieved from /home/abayturar/airflow-project/venv/lib/python3.12/site-packages/airflow/example_dags/example_python_operator.py
[2026-03-28T19:25:10.419+0500] {logging_mixin.py:188} INFO - [2026-03-28T19:25:10.419+0500] {dag.py:3089} INFO - Sync 1 DAGs
[2026-03-28T19:25:10.429+0500] {logging_mixin.py:188} INFO - [2026-03-28T19:25:10.429+0500] {dag.py:3947} INFO - Setting next_dagrun for example_python_operator to None, run_after=None
[2026-03-28T19:25:10.458+0500] {processor.py:183} INFO - Processing /home/abayturar/airflow-project/venv/lib/python3.12/site-packages/airflow/example_dags/example_python_operator.py took 0.074 seconds
[2026-03-28T19:25:56.354+0500] {processor.py:161} INFO - Started process (PID=28994) to work on /home/abayturar/airflow-project/venv/lib/python3.12/site-packages/airflow/example_dags/example_python_operator.py
[2026-03-28T19:25:56.355+0500] {processor.py:830} INFO - Processing file /home/abayturar/airflow-project/venv/lib/python3.12/site-packages/airflow/example_dags/example_python_operator.py for tasks to queue
[2026-03-28T19:25:56.357+0500] {logging_mixin.py:188} INFO - [2026-03-28T19:25:56.357+0500] {dagbag.py:545} INFO - Filling up the DagBag from /home/abayturar/airflow-project/venv/lib/python3.12/site-packages/airflow/example_dags/example_python_operator.py
[2026-03-28T19:25:56.365+0500] {logging_mixin.py:188} INFO - [2026-03-28T19:25:56.365+0500] {example_python_operator.py:93} WARNING - The virtalenv_python example task requires virtualenv, please install it.
[2026-03-28T19:25:56.365+0500] {processor.py:840} INFO - DAG(s) 'example_python_operator' retrieved from /home/abayturar/airflow-project/venv/lib/python3.12/site-packages/airflow/example_dags/example_python_operator.py
[2026-03-28T19:25:56.383+0500] {logging_mixin.py:188} INFO - [2026-03-28T19:25:56.383+0500] {dag.py:3089} INFO - Sync 1 DAGs
[2026-03-28T19:25:56.393+0500] {logging_mixin.py:188} INFO - [2026-03-28T19:25:56.393+0500] {dag.py:3947} INFO - Setting next_dagrun for example_python_operator to None, run_after=None
[2026-03-28T19:25:56.410+0500] {processor.py:183} INFO - Processing /home/abayturar/airflow-project/venv/lib/python3.12/site-packages/airflow/example_dags/example_python_operator.py took 0.064 seconds
[2026-03-28T19:26:41.685+0500] {processor.py:161} INFO - Started process (PID=29118) to work on /home/abayturar/airflow-project/venv/lib/python3.12/site-packages/airflow/example_dags/example_python_operator.py
[2026-03-28T19:26:41.686+0500] {processor.py:830} INFO - Processing file /home/abayturar/airflow-project/venv/lib/python3.12/site-packages/airflow/example_dags/example_python_operator.py for tasks to queue
[2026-03-28T19:26:41.688+0500] {logging_mixin.py:188} INFO - [2026-03-28T19:26:41.688+0500] {dagbag.py:545} INFO - Filling up the DagBag from /home/abayturar/airflow-project/venv/lib/python3.12/site-packages/airflow/example_dags/example_python_operator.py
[2026-03-28T19:26:41.696+0500] {logging_mixin.py:188} INFO - [2026-03-28T19:26:41.696+0500] {example_python_operator.py:93} WARNING - The virtalenv_python example task requires virtualenv, please install it.
[2026-03-28T19:26:41.697+0500] {processor.py:840} INFO - DAG(s) 'example_python_operator' retrieved from /home/abayturar/airflow-project/venv/lib/python3.12/site-packages/airflow/example_dags/example_python_operator.py
[2026-03-28T19:26:41.715+0500] {logging_mixin.py:188} INFO - [2026-03-28T19:26:41.715+0500] {dag.py:3089} INFO - Sync 1 DAGs
[2026-03-28T19:26:41.725+0500] {logging_mixin.py:188} INFO - [2026-03-28T19:26:41.725+0500] {dag.py:3947} INFO - Setting next_dagrun for example_python_operator to None, run_after=None
[2026-03-28T19:26:41.756+0500] {processor.py:183} INFO - Processing /home/abayturar/airflow-project/venv/lib/python3.12/site-packages/airflow/example_dags/example_python_operator.py took 0.079 seconds
[2026-03-28T19:27:29.406+0500] {processor.py:161} INFO - Started process (PID=29248) to work on /home/abayturar/airflow-project/venv/lib/python3.12/site-packages/airflow/example_dags/example_python_operator.py
[2026-03-28T19:27:29.407+0500] {processor.py:830} INFO - Processing file /home/abayturar/airflow-project/venv/lib/python3.12/site-packages/airflow/example_dags/example_python_operator.py for tasks to queue
[2026-03-28T19:27:29.409+0500] {logging_mixin.py:188} INFO - [2026-03-28T19:27:29.409+0500] {dagbag.py:545} INFO - Filling up the DagBag from /home/abayturar/airflow-project/venv/lib/python3.12/site-packages/airflow/example_dags/example_python_operator.py
[2026-03-28T19:27:29.417+0500] {logging_mixin.py:188} INFO - [2026-03-28T19:27:29.417+0500] {example_python_operator.py:93} WARNING - The virtalenv_python example task requires virtualenv, please install it.
[2026-03-28T19:27:29.418+0500] {processor.py:840} INFO - DAG(s) 'example_python_operator' retrieved from /home/abayturar/airflow-project/venv/lib/python3.12/site-packages/airflow/example_dags/example_python_operator.py
[2026-03-28T19:27:29.435+0500] {logging_mixin.py:188} INFO - [2026-03-28T19:27:29.435+0500] {dag.py:3089} INFO - Sync 1 DAGs
[2026-03-28T19:27:29.444+0500] {logging_mixin.py:188} INFO - [2026-03-28T19:27:29.444+0500] {dag.py:3947} INFO - Setting next_dagrun for example_python_operator to None, run_after=None
[2026-03-28T19:27:29.461+0500] {processor.py:183} INFO - Processing /home/abayturar/airflow-project/venv/lib/python3.12/site-packages/airflow/example_dags/example_python_operator.py took 0.061 seconds
[2026-03-28T19:28:17.234+0500] {processor.py:161} INFO - Started process (PID=29376) to work on /home/abayturar/airflow-project/venv/lib/python3.12/site-packages/airflow/example_dags/example_python_operator.py
[2026-03-28T19:28:17.234+0500] {processor.py:830} INFO - Processing file /home/abayturar/airflow-project/venv/lib/python3.12/site-packages/airflow/example_dags/example_python_operator.py for tasks to queue
[2026-03-28T19:28:17.236+0500] {logging_mixin.py:188} INFO - [2026-03-28T19:28:17.236+0500] {dagbag.py:545} INFO - Filling up the DagBag from /home/abayturar/airflow-project/venv/lib/python3.12/site-packages/airflow/example_dags/example_python_operator.py
[2026-03-28T19:28:17.243+0500] {logging_mixin.py:188} INFO - [2026-03-28T19:28:17.243+0500] {example_python_operator.py:93} WARNING - The virtalenv_python example task requires virtualenv, please install it.
[2026-03-28T19:28:17.243+0500] {processor.py:840} INFO - DAG(s) 'example_python_operator' retrieved from /home/abayturar/airflow-project/venv/lib/python3.12/site-packages/airflow/example_dags/example_python_operator.py
[2026-03-28T19:28:17.259+0500] {logging_mixin.py:188} INFO - [2026-03-28T19:28:17.258+0500] {dag.py:3089} INFO - Sync 1 DAGs
[2026-03-28T19:28:17.268+0500] {logging_mixin.py:188} INFO - [2026-03-28T19:28:17.268+0500] {dag.py:3947} INFO - Setting next_dagrun for example_python_operator to None, run_after=None
[2026-03-28T19:28:17.295+0500] {processor.py:183} INFO - Processing /home/abayturar/airflow-project/venv/lib/python3.12/site-packages/airflow/example_dags/example_python_operator.py took 0.068 seconds
[2026-03-28T19:29:05.946+0500] {processor.py:161} INFO - Started process (PID=29540) to work on /home/abayturar/airflow-project/venv/lib/python3.12/site-packages/airflow/example_dags/example_python_operator.py
[2026-03-28T19:29:05.947+0500] {processor.py:830} INFO - Processing file /home/abayturar/airflow-project/venv/lib/python3.12/site-packages/airflow/example_dags/example_python_operator.py for tasks to queue
[2026-03-28T19:29:05.948+0500] {logging_mixin.py:188} INFO - [2026-03-28T19:29:05.948+0500] {dagbag.py:545} INFO - Filling up the DagBag from /home/abayturar/airflow-project/venv/lib/python3.12/site-packages/airflow/example_dags/example_python_operator.py
[2026-03-28T19:29:05.957+0500] {logging_mixin.py:188} INFO - [2026-03-28T19:29:05.956+0500] {example_python_operator.py:93} WARNING - The virtalenv_python example task requires virtualenv, please install it.
[2026-03-28T19:29:05.958+0500] {processor.py:840} INFO - DAG(s) 'example_python_operator' retrieved from /home/abayturar/airflow-project/venv/lib/python3.12/site-packages/airflow/example_dags/example_python_operator.py
[2026-03-28T19:29:05.975+0500] {logging_mixin.py:188} INFO - [2026-03-28T19:29:05.975+0500] {dag.py:3089} INFO - Sync 1 DAGs
[2026-03-28T19:29:05.985+0500] {logging_mixin.py:188} INFO - [2026-03-28T19:29:05.985+0500] {dag.py:3947} INFO - Setting next_dagrun for example_python_operator to None, run_after=None
[2026-03-28T19:29:06.001+0500] {processor.py:183} INFO - Processing /home/abayturar/airflow-project/venv/lib/python3.12/site-packages/airflow/example_dags/example_python_operator.py took 0.063 seconds
[2026-03-28T19:29:52.305+0500] {processor.py:161} INFO - Started process (PID=29699) to work on /home/abayturar/airflow-project/venv/lib/python3.12/site-packages/airflow/example_dags/example_python_operator.py
[2026-03-28T19:29:52.305+0500] {processor.py:830} INFO - Processing file /home/abayturar/airflow-project/venv/lib/python3.12/site-packages/airflow/example_dags/example_python_operator.py for tasks to queue
[2026-03-28T19:29:52.307+0500] {logging_mixin.py:188} INFO - [2026-03-28T19:29:52.307+0500] {dagbag.py:545} INFO - Filling up the DagBag from /home/abayturar/airflow-project/venv/lib/python3.12/site-packages/airflow/example_dags/example_python_operator.py
[2026-03-28T19:29:52.315+0500] {logging_mixin.py:188} INFO - [2026-03-28T19:29:52.315+0500] {example_python_operator.py:93} WARNING - The virtalenv_python example task requires virtualenv, please install it.
[2026-03-28T19:29:52.316+0500] {processor.py:840} INFO - DAG(s) 'example_python_operator' retrieved from /home/abayturar/airflow-project/venv/lib/python3.12/site-packages/airflow/example_dags/example_python_operator.py
[2026-03-28T19:29:52.332+0500] {logging_mixin.py:188} INFO - [2026-03-28T19:29:52.332+0500] {dag.py:3089} INFO - Sync 1 DAGs
[2026-03-28T19:29:52.343+0500] {logging_mixin.py:188} INFO - [2026-03-28T19:29:52.342+0500] {dag.py:3947} INFO - Setting next_dagrun for example_python_operator to None, run_after=None
[2026-03-28T19:29:52.373+0500] {processor.py:183} INFO - Processing /home/abayturar/airflow-project/venv/lib/python3.12/site-packages/airflow/example_dags/example_python_operator.py took 0.075 seconds
[2026-03-28T19:30:50.591+0500] {processor.py:161} INFO - Started process (PID=29880) to work on /home/abayturar/airflow-project/venv/lib/python3.12/site-packages/airflow/example_dags/example_python_operator.py
[2026-03-28T19:30:50.592+0500] {processor.py:830} INFO - Processing file /home/abayturar/airflow-project/venv/lib/python3.12/site-packages/airflow/example_dags/example_python_operator.py for tasks to queue
[2026-03-28T19:30:50.594+0500] {logging_mixin.py:188} INFO - [2026-03-28T19:30:50.594+0500] {dagbag.py:545} INFO - Filling up the DagBag from /home/abayturar/airflow-project/venv/lib/python3.12/site-packages/airflow/example_dags/example_python_operator.py
[2026-03-28T19:30:50.602+0500] {logging_mixin.py:188} INFO - [2026-03-28T19:30:50.602+0500] {example_python_operator.py:93} WARNING - The virtalenv_python example task requires virtualenv, please install it.
[2026-03-28T19:30:50.603+0500] {processor.py:840} INFO - DAG(s) 'example_python_operator' retrieved from /home/abayturar/airflow-project/venv/lib/python3.12/site-packages/airflow/example_dags/example_python_operator.py
[2026-03-28T19:30:50.620+0500] {logging_mixin.py:188} INFO - [2026-03-28T19:30:50.620+0500] {dag.py:3089} INFO - Sync 1 DAGs
[2026-03-28T19:30:50.630+0500] {logging_mixin.py:188} INFO - [2026-03-28T19:30:50.630+0500] {dag.py:3947} INFO - Setting next_dagrun for example_python_operator to None, run_after=None
[2026-03-28T19:30:50.647+0500] {processor.py:183} INFO - Processing /home/abayturar/airflow-project/venv/lib/python3.12/site-packages/airflow/example_dags/example_python_operator.py took 0.062 seconds
[2026-03-28T19:31:36.570+0500] {processor.py:161} INFO - Started process (PID=30012) to work on /home/abayturar/airflow-project/venv/lib/python3.12/site-packages/airflow/example_dags/example_python_operator.py
[2026-03-28T19:31:36.571+0500] {processor.py:830} INFO - Processing file /home/abayturar/airflow-project/venv/lib/python3.12/site-packages/airflow/example_dags/example_python_operator.py for tasks to queue
[2026-03-28T19:31:36.573+0500] {logging_mixin.py:188} INFO - [2026-03-28T19:31:36.572+0500] {dagbag.py:545} INFO - Filling up the DagBag from /home/abayturar/airflow-project/venv/lib/python3.12/site-packages/airflow/example_dags/example_python_operator.py
[2026-03-28T19:31:36.580+0500] {logging_mixin.py:188} INFO - [2026-03-28T19:31:36.580+0500] {example_python_operator.py:93} WARNING - The virtalenv_python example task requires virtualenv, please install it.
[2026-03-28T19:31:36.581+0500] {processor.py:840} INFO - DAG(s) 'example_python_operator' retrieved from /home/abayturar/airflow-project/venv/lib/python3.12/site-packages/airflow/example_dags/example_python_operator.py
[2026-03-28T19:31:36.597+0500] {logging_mixin.py:188} INFO - [2026-03-28T19:31:36.596+0500] {dag.py:3089} INFO - Sync 1 DAGs
[2026-03-28T19:31:36.609+0500] {logging_mixin.py:188} INFO - [2026-03-28T19:31:36.609+0500] {dag.py:3947} INFO - Setting next_dagrun for example_python_operator to None, run_after=None
[2026-03-28T19:31:36.624+0500] {processor.py:183} INFO - Processing /home/abayturar/airflow-project/venv/lib/python3.12/site-packages/airflow/example_dags/example_python_operator.py took 0.061 seconds
[2026-03-28T19:32:29.884+0500] {processor.py:161} INFO - Started process (PID=30161) to work on /home/abayturar/airflow-project/venv/lib/python3.12/site-packages/airflow/example_dags/example_python_operator.py
[2026-03-28T19:32:29.885+0500] {processor.py:830} INFO - Processing file /home/abayturar/airflow-project/venv/lib/python3.12/site-packages/airflow/example_dags/example_python_operator.py for tasks to queue
[2026-03-28T19:32:29.887+0500] {logging_mixin.py:188} INFO - [2026-03-28T19:32:29.886+0500] {dagbag.py:545} INFO - Filling up the DagBag from /home/abayturar/airflow-project/venv/lib/python3.12/site-packages/airflow/example_dags/example_python_operator.py
[2026-03-28T19:32:29.894+0500] {logging_mixin.py:188} INFO - [2026-03-28T19:32:29.894+0500] {example_python_operator.py:93} WARNING - The virtalenv_python example task requires virtualenv, please install it.
[2026-03-28T19:32:29.894+0500] {processor.py:840} INFO - DAG(s) 'example_python_operator' retrieved from /home/abayturar/airflow-project/venv/lib/python3.12/site-packages/airflow/example_dags/example_python_operator.py
[2026-03-28T19:32:29.910+0500] {logging_mixin.py:188} INFO - [2026-03-28T19:32:29.910+0500] {dag.py:3089} INFO - Sync 1 DAGs
[2026-03-28T19:32:29.919+0500] {logging_mixin.py:188} INFO - [2026-03-28T19:32:29.918+0500] {dag.py:3947} INFO - Setting next_dagrun for example_python_operator to None, run_after=None
[2026-03-28T19:32:29.934+0500] {processor.py:183} INFO - Processing /home/abayturar/airflow-project/venv/lib/python3.12/site-packages/airflow/example_dags/example_python_operator.py took 0.057 seconds
[2026-03-28T19:33:20.949+0500] {processor.py:161} INFO - Started process (PID=30309) to work on /home/abayturar/airflow-project/venv/lib/python3.12/site-packages/airflow/example_dags/example_python_operator.py
[2026-03-28T19:33:20.950+0500] {processor.py:830} INFO - Processing file /home/abayturar/airflow-project/venv/lib/python3.12/site-packages/airflow/example_dags/example_python_operator.py for tasks to queue
[2026-03-28T19:33:20.952+0500] {logging_mixin.py:188} INFO - [2026-03-28T19:33:20.951+0500] {dagbag.py:545} INFO - Filling up the DagBag from /home/abayturar/airflow-project/venv/lib/python3.12/site-packages/airflow/example_dags/example_python_operator.py
[2026-03-28T19:33:20.959+0500] {logging_mixin.py:188} INFO - [2026-03-28T19:33:20.959+0500] {example_python_operator.py:93} WARNING - The virtalenv_python example task requires virtualenv, please install it.
[2026-03-28T19:33:20.959+0500] {processor.py:840} INFO - DAG(s) 'example_python_operator' retrieved from /home/abayturar/airflow-project/venv/lib/python3.12/site-packages/airflow/example_dags/example_python_operator.py
[2026-03-28T19:33:20.975+0500] {logging_mixin.py:188} INFO - [2026-03-28T19:33:20.975+0500] {dag.py:3089} INFO - Sync 1 DAGs
[2026-03-28T19:33:20.984+0500] {logging_mixin.py:188} INFO - [2026-03-28T19:33:20.984+0500] {dag.py:3947} INFO - Setting next_dagrun for example_python_operator to None, run_after=None
[2026-03-28T19:33:20.999+0500] {processor.py:183} INFO - Processing /home/abayturar/airflow-project/venv/lib/python3.12/site-packages/airflow/example_dags/example_python_operator.py took 0.057 seconds
[2026-03-28T19:35:30.208+0500] {processor.py:161} INFO - Started process (PID=30618) to work on /home/abayturar/airflow-project/venv/lib/python3.12/site-packages/airflow/example_dags/example_python_operator.py
[2026-03-28T19:35:30.209+0500] {processor.py:830} INFO - Processing file /home/abayturar/airflow-project/venv/lib/python3.12/site-packages/airflow/example_dags/example_python_operator.py for tasks to queue
[2026-03-28T19:35:30.212+0500] {logging_mixin.py:188} INFO - [2026-03-28T19:35:30.211+0500] {dagbag.py:545} INFO - Filling up the DagBag from /home/abayturar/airflow-project/venv/lib/python3.12/site-packages/airflow/example_dags/example_python_operator.py
[2026-03-28T19:35:30.222+0500] {logging_mixin.py:188} INFO - [2026-03-28T19:35:30.222+0500] {example_python_operator.py:93} WARNING - The virtalenv_python example task requires virtualenv, please install it.
[2026-03-28T19:35:30.223+0500] {processor.py:840} INFO - DAG(s) 'example_python_operator' retrieved from /home/abayturar/airflow-project/venv/lib/python3.12/site-packages/airflow/example_dags/example_python_operator.py
[2026-03-28T19:35:30.247+0500] {logging_mixin.py:188} INFO - [2026-03-28T19:35:30.247+0500] {dag.py:3089} INFO - Sync 1 DAGs
[2026-03-28T19:35:30.260+0500] {logging_mixin.py:188} INFO - [2026-03-28T19:35:30.259+0500] {dag.py:3947} INFO - Setting next_dagrun for example_python_operator to None, run_after=None
[2026-03-28T19:35:30.279+0500] {processor.py:183} INFO - Processing /home/abayturar/airflow-project/venv/lib/python3.12/site-packages/airflow/example_dags/example_python_operator.py took 0.079 seconds
[2026-03-28T19:36:32.087+0500] {processor.py:161} INFO - Started process (PID=30823) to work on /home/abayturar/airflow-project/venv/lib/python3.12/site-packages/airflow/example_dags/example_python_operator.py
[2026-03-28T19:36:32.087+0500] {processor.py:830} INFO - Processing file /home/abayturar/airflow-project/venv/lib/python3.12/site-packages/airflow/example_dags/example_python_operator.py for tasks to queue
[2026-03-28T19:36:32.089+0500] {logging_mixin.py:188} INFO - [2026-03-28T19:36:32.089+0500] {dagbag.py:545} INFO - Filling up the DagBag from /home/abayturar/airflow-project/venv/lib/python3.12/site-packages/airflow/example_dags/example_python_operator.py
[2026-03-28T19:36:32.096+0500] {logging_mixin.py:188} INFO - [2026-03-28T19:36:32.096+0500] {example_python_operator.py:93} WARNING - The virtalenv_python example task requires virtualenv, please install it.
[2026-03-28T19:36:32.096+0500] {processor.py:840} INFO - DAG(s) 'example_python_operator' retrieved from /home/abayturar/airflow-project/venv/lib/python3.12/site-packages/airflow/example_dags/example_python_operator.py
[2026-03-28T19:36:32.112+0500] {logging_mixin.py:188} INFO - [2026-03-28T19:36:32.112+0500] {dag.py:3089} INFO - Sync 1 DAGs
[2026-03-28T19:36:32.121+0500] {logging_mixin.py:188} INFO - [2026-03-28T19:36:32.120+0500] {dag.py:3947} INFO - Setting next_dagrun for example_python_operator to None, run_after=None
[2026-03-28T19:36:32.136+0500] {processor.py:183} INFO - Processing /home/abayturar/airflow-project/venv/lib/python3.12/site-packages/airflow/example_dags/example_python_operator.py took 0.055 seconds
[2026-03-28T19:37:24.753+0500] {processor.py:161} INFO - Started process (PID=30967) to work on /home/abayturar/airflow-project/venv/lib/python3.12/site-packages/airflow/example_dags/example_python_operator.py
[2026-03-28T19:37:24.753+0500] {processor.py:830} INFO - Processing file /home/abayturar/airflow-project/venv/lib/python3.12/site-packages/airflow/example_dags/example_python_operator.py for tasks to queue
[2026-03-28T19:37:24.756+0500] {logging_mixin.py:188} INFO - [2026-03-28T19:37:24.755+0500] {dagbag.py:545} INFO - Filling up the DagBag from /home/abayturar/airflow-project/venv/lib/python3.12/site-packages/airflow/example_dags/example_python_operator.py
[2026-03-28T19:37:24.764+0500] {logging_mixin.py:188} INFO - [2026-03-28T19:37:24.763+0500] {example_python_operator.py:93} WARNING - The virtalenv_python example task requires virtualenv, please install it.
[2026-03-28T19:37:24.764+0500] {processor.py:840} INFO - DAG(s) 'example_python_operator' retrieved from /home/abayturar/airflow-project/venv/lib/python3.12/site-packages/airflow/example_dags/example_python_operator.py
[2026-03-28T19:37:24.783+0500] {logging_mixin.py:188} INFO - [2026-03-28T19:37:24.783+0500] {dag.py:3089} INFO - Sync 1 DAGs
[2026-03-28T19:37:24.793+0500] {logging_mixin.py:188} INFO - [2026-03-28T19:37:24.793+0500] {dag.py:3947} INFO - Setting next_dagrun for example_python_operator to None, run_after=None
[2026-03-28T19:37:24.822+0500] {processor.py:183} INFO - Processing /home/abayturar/airflow-project/venv/lib/python3.12/site-packages/airflow/example_dags/example_python_operator.py took 0.077 seconds
[2026-03-28T19:38:16.894+0500] {processor.py:161} INFO - Started process (PID=31106) to work on /home/abayturar/airflow-project/venv/lib/python3.12/site-packages/airflow/example_dags/example_python_operator.py
[2026-03-28T19:38:16.895+0500] {processor.py:830} INFO - Processing file /home/abayturar/airflow-project/venv/lib/python3.12/site-packages/airflow/example_dags/example_python_operator.py for tasks to queue
[2026-03-28T19:38:16.896+0500] {logging_mixin.py:188} INFO - [2026-03-28T19:38:16.896+0500] {dagbag.py:545} INFO - Filling up the DagBag from /home/abayturar/airflow-project/venv/lib/python3.12/site-packages/airflow/example_dags/example_python_operator.py
[2026-03-28T19:38:16.903+0500] {logging_mixin.py:188} INFO - [2026-03-28T19:38:16.903+0500] {example_python_operator.py:93} WARNING - The virtalenv_python example task requires virtualenv, please install it.
[2026-03-28T19:38:16.903+0500] {processor.py:840} INFO - DAG(s) 'example_python_operator' retrieved from /home/abayturar/airflow-project/venv/lib/python3.12/site-packages/airflow/example_dags/example_python_operator.py
[2026-03-28T19:38:16.919+0500] {logging_mixin.py:188} INFO - [2026-03-28T19:38:16.919+0500] {dag.py:3089} INFO - Sync 1 DAGs
[2026-03-28T19:38:16.927+0500] {logging_mixin.py:188} INFO - [2026-03-28T19:38:16.927+0500] {dag.py:3947} INFO - Setting next_dagrun for example_python_operator to None, run_after=None
[2026-03-28T19:38:16.942+0500] {processor.py:183} INFO - Processing /home/abayturar/airflow-project/venv/lib/python3.12/site-packages/airflow/example_dags/example_python_operator.py took 0.053 seconds
[2026-03-28T19:39:02.682+0500] {processor.py:161} INFO - Started process (PID=31232) to work on /home/abayturar/airflow-project/venv/lib/python3.12/site-packages/airflow/example_dags/example_python_operator.py
[2026-03-28T19:39:02.682+0500] {processor.py:830} INFO - Processing file /home/abayturar/airflow-project/venv/lib/python3.12/site-packages/airflow/example_dags/example_python_operator.py for tasks to queue
[2026-03-28T19:39:02.684+0500] {logging_mixin.py:188} INFO - [2026-03-28T19:39:02.684+0500] {dagbag.py:545} INFO - Filling up the DagBag from /home/abayturar/airflow-project/venv/lib/python3.12/site-packages/airflow/example_dags/example_python_operator.py
[2026-03-28T19:39:02.691+0500] {logging_mixin.py:188} INFO - [2026-03-28T19:39:02.691+0500] {example_python_operator.py:93} WARNING - The virtalenv_python example task requires virtualenv, please install it.
[2026-03-28T19:39:02.692+0500] {processor.py:840} INFO - DAG(s) 'example_python_operator' retrieved from /home/abayturar/airflow-project/venv/lib/python3.12/site-packages/airflow/example_dags/example_python_operator.py
[2026-03-28T19:39:02.708+0500] {logging_mixin.py:188} INFO - [2026-03-28T19:39:02.707+0500] {dag.py:3089} INFO - Sync 1 DAGs
[2026-03-28T19:39:02.717+0500] {logging_mixin.py:188} INFO - [2026-03-28T19:39:02.717+0500] {dag.py:3947} INFO - Setting next_dagrun for example_python_operator to None, run_after=None
[2026-03-28T19:39:02.745+0500] {processor.py:183} INFO - Processing /home/abayturar/airflow-project/venv/lib/python3.12/site-packages/airflow/example_dags/example_python_operator.py took 0.069 seconds
[2026-03-28T19:39:47.866+0500] {processor.py:161} INFO - Started process (PID=31356) to work on /home/abayturar/airflow-project/venv/lib/python3.12/site-packages/airflow/example_dags/example_python_operator.py
[2026-03-28T19:39:47.867+0500] {processor.py:830} INFO - Processing file /home/abayturar/airflow-project/venv/lib/python3.12/site-packages/airflow/example_dags/example_python_operator.py for tasks to queue
[2026-03-28T19:39:47.868+0500] {logging_mixin.py:188} INFO - [2026-03-28T19:39:47.868+0500] {dagbag.py:545} INFO - Filling up the DagBag from /home/abayturar/airflow-project/venv/lib/python3.12/site-packages/airflow/example_dags/example_python_operator.py
[2026-03-28T19:39:47.875+0500] {logging_mixin.py:188} INFO - [2026-03-28T19:39:47.875+0500] {example_python_operator.py:93} WARNING - The virtalenv_python example task requires virtualenv, please install it.
[2026-03-28T19:39:47.876+0500] {processor.py:840} INFO - DAG(s) 'example_python_operator' retrieved from /home/abayturar/airflow-project/venv/lib/python3.12/site-packages/airflow/example_dags/example_python_operator.py
[2026-03-28T19:39:47.892+0500] {logging_mixin.py:188} INFO - [2026-03-28T19:39:47.892+0500] {dag.py:3089} INFO - Sync 1 DAGs
[2026-03-28T19:39:47.901+0500] {logging_mixin.py:188} INFO - [2026-03-28T19:39:47.900+0500] {dag.py:3947} INFO - Setting next_dagrun for example_python_operator to None, run_after=None
[2026-03-28T19:39:47.916+0500] {processor.py:183} INFO - Processing /home/abayturar/airflow-project/venv/lib/python3.12/site-packages/airflow/example_dags/example_python_operator.py took 0.056 seconds
[2026-03-28T19:40:35.273+0500] {processor.py:161} INFO - Started process (PID=31481) to work on /home/abayturar/airflow-project/venv/lib/python3.12/site-packages/airflow/example_dags/example_python_operator.py
[2026-03-28T19:40:35.274+0500] {processor.py:830} INFO - Processing file /home/abayturar/airflow-project/venv/lib/python3.12/site-packages/airflow/example_dags/example_python_operator.py for tasks to queue
[2026-03-28T19:40:35.276+0500] {logging_mixin.py:188} INFO - [2026-03-28T19:40:35.276+0500] {dagbag.py:545} INFO - Filling up the DagBag from /home/abayturar/airflow-project/venv/lib/python3.12/site-packages/airflow/example_dags/example_python_operator.py
[2026-03-28T19:40:35.283+0500] {logging_mixin.py:188} INFO - [2026-03-28T19:40:35.283+0500] {example_python_operator.py:93} WARNING - The virtalenv_python example task requires virtualenv, please install it.
[2026-03-28T19:40:35.283+0500] {processor.py:840} INFO - DAG(s) 'example_python_operator' retrieved from /home/abayturar/airflow-project/venv/lib/python3.12/site-packages/airflow/example_dags/example_python_operator.py
[2026-03-28T19:40:35.299+0500] {logging_mixin.py:188} INFO - [2026-03-28T19:40:35.298+0500] {dag.py:3089} INFO - Sync 1 DAGs
[2026-03-28T19:40:35.307+0500] {logging_mixin.py:188} INFO - [2026-03-28T19:40:35.307+0500] {dag.py:3947} INFO - Setting next_dagrun for example_python_operator to None, run_after=None
[2026-03-28T19:40:35.323+0500] {processor.py:183} INFO - Processing /home/abayturar/airflow-project/venv/lib/python3.12/site-packages/airflow/example_dags/example_python_operator.py took 0.055 seconds
[2026-03-28T19:41:18.769+0500] {processor.py:161} INFO - Started process (PID=31603) to work on /home/abayturar/airflow-project/venv/lib/python3.12/site-packages/airflow/example_dags/example_python_operator.py
[2026-03-28T19:41:18.770+0500] {processor.py:830} INFO - Processing file /home/abayturar/airflow-project/venv/lib/python3.12/site-packages/airflow/example_dags/example_python_operator.py for tasks to queue
[2026-03-28T19:41:18.772+0500] {logging_mixin.py:188} INFO - [2026-03-28T19:41:18.772+0500] {dagbag.py:545} INFO - Filling up the DagBag from /home/abayturar/airflow-project/venv/lib/python3.12/site-packages/airflow/example_dags/example_python_operator.py
[2026-03-28T19:41:18.780+0500] {logging_mixin.py:188} INFO - [2026-03-28T19:41:18.780+0500] {example_python_operator.py:93} WARNING - The virtalenv_python example task requires virtualenv, please install it.
[2026-03-28T19:41:18.781+0500] {processor.py:840} INFO - DAG(s) 'example_python_operator' retrieved from /home/abayturar/airflow-project/venv/lib/python3.12/site-packages/airflow/example_dags/example_python_operator.py
[2026-03-28T19:41:18.801+0500] {logging_mixin.py:188} INFO - [2026-03-28T19:41:18.801+0500] {dag.py:3089} INFO - Sync 1 DAGs
[2026-03-28T19:41:18.815+0500] {logging_mixin.py:188} INFO - [2026-03-28T19:41:18.815+0500] {dag.py:3947} INFO - Setting next_dagrun for example_python_operator to None, run_after=None
[2026-03-28T19:41:18.846+0500] {processor.py:183} INFO - Processing /home/abayturar/airflow-project/venv/lib/python3.12/site-packages/airflow/example_dags/example_python_operator.py took 0.086 seconds
[2026-03-28T19:42:04.290+0500] {processor.py:161} INFO - Started process (PID=31725) to work on /home/abayturar/airflow-project/venv/lib/python3.12/site-packages/airflow/example_dags/example_python_operator.py
[2026-03-28T19:42:04.290+0500] {processor.py:830} INFO - Processing file /home/abayturar/airflow-project/venv/lib/python3.12/site-packages/airflow/example_dags/example_python_operator.py for tasks to queue
[2026-03-28T19:42:04.292+0500] {logging_mixin.py:188} INFO - [2026-03-28T19:42:04.292+0500] {dagbag.py:545} INFO - Filling up the DagBag from /home/abayturar/airflow-project/venv/lib/python3.12/site-packages/airflow/example_dags/example_python_operator.py
[2026-03-28T19:42:04.300+0500] {logging_mixin.py:188} INFO - [2026-03-28T19:42:04.300+0500] {example_python_operator.py:93} WARNING - The virtalenv_python example task requires virtualenv, please install it.
[2026-03-28T19:42:04.301+0500] {processor.py:840} INFO - DAG(s) 'example_python_operator' retrieved from /home/abayturar/airflow-project/venv/lib/python3.12/site-packages/airflow/example_dags/example_python_operator.py
[2026-03-28T19:42:04.318+0500] {logging_mixin.py:188} INFO - [2026-03-28T19:42:04.318+0500] {dag.py:3089} INFO - Sync 1 DAGs
[2026-03-28T19:42:04.328+0500] {logging_mixin.py:188} INFO - [2026-03-28T19:42:04.328+0500] {dag.py:3947} INFO - Setting next_dagrun for example_python_operator to None, run_after=None
[2026-03-28T19:42:04.355+0500] {processor.py:183} INFO - Processing /home/abayturar/airflow-project/venv/lib/python3.12/site-packages/airflow/example_dags/example_python_operator.py took 0.072 seconds
[2026-03-28T19:42:54.220+0500] {processor.py:161} INFO - Started process (PID=31857) to work on /home/abayturar/airflow-project/venv/lib/python3.12/site-packages/airflow/example_dags/example_python_operator.py
[2026-03-28T19:42:54.221+0500] {processor.py:830} INFO - Processing file /home/abayturar/airflow-project/venv/lib/python3.12/site-packages/airflow/example_dags/example_python_operator.py for tasks to queue
[2026-03-28T19:42:54.223+0500] {logging_mixin.py:188} INFO - [2026-03-28T19:42:54.223+0500] {dagbag.py:545} INFO - Filling up the DagBag from /home/abayturar/airflow-project/venv/lib/python3.12/site-packages/airflow/example_dags/example_python_operator.py
[2026-03-28T19:42:54.231+0500] {logging_mixin.py:188} INFO - [2026-03-28T19:42:54.231+0500] {example_python_operator.py:93} WARNING - The virtalenv_python example task requires virtualenv, please install it.
[2026-03-28T19:42:54.232+0500] {processor.py:840} INFO - DAG(s) 'example_python_operator' retrieved from /home/abayturar/airflow-project/venv/lib/python3.12/site-packages/airflow/example_dags/example_python_operator.py
[2026-03-28T19:42:54.252+0500] {logging_mixin.py:188} INFO - [2026-03-28T19:42:54.252+0500] {dag.py:3089} INFO - Sync 1 DAGs
[2026-03-28T19:42:54.262+0500] {logging_mixin.py:188} INFO - [2026-03-28T19:42:54.262+0500] {dag.py:3947} INFO - Setting next_dagrun for example_python_operator to None, run_after=None
[2026-03-28T19:42:54.291+0500] {processor.py:183} INFO - Processing /home/abayturar/airflow-project/venv/lib/python3.12/site-packages/airflow/example_dags/example_python_operator.py took 0.080 seconds
[2026-03-28T19:43:44.445+0500] {processor.py:161} INFO - Started process (PID=31990) to work on /home/abayturar/airflow-project/venv/lib/python3.12/site-packages/airflow/example_dags/example_python_operator.py
[2026-03-28T19:43:44.446+0500] {processor.py:830} INFO - Processing file /home/abayturar/airflow-project/venv/lib/python3.12/site-packages/airflow/example_dags/example_python_operator.py for tasks to queue
[2026-03-28T19:43:44.448+0500] {logging_mixin.py:188} INFO - [2026-03-28T19:43:44.448+0500] {dagbag.py:545} INFO - Filling up the DagBag from /home/abayturar/airflow-project/venv/lib/python3.12/site-packages/airflow/example_dags/example_python_operator.py
[2026-03-28T19:43:44.456+0500] {logging_mixin.py:188} INFO - [2026-03-28T19:43:44.456+0500] {example_python_operator.py:93} WARNING - The virtalenv_python example task requires virtualenv, please install it.
[2026-03-28T19:43:44.457+0500] {processor.py:840} INFO - DAG(s) 'example_python_operator' retrieved from /home/abayturar/airflow-project/venv/lib/python3.12/site-packages/airflow/example_dags/example_python_operator.py
[2026-03-28T19:43:44.475+0500] {logging_mixin.py:188} INFO - [2026-03-28T19:43:44.475+0500] {dag.py:3089} INFO - Sync 1 DAGs
[2026-03-28T19:43:44.486+0500] {logging_mixin.py:188} INFO - [2026-03-28T19:43:44.486+0500] {dag.py:3947} INFO - Setting next_dagrun for example_python_operator to None, run_after=None
[2026-03-28T19:43:44.503+0500] {processor.py:183} INFO - Processing /home/abayturar/airflow-project/venv/lib/python3.12/site-packages/airflow/example_dags/example_python_operator.py took 0.065 seconds
[2026-03-28T19:44:30.395+0500] {processor.py:161} INFO - Started process (PID=32115) to work on /home/abayturar/airflow-project/venv/lib/python3.12/site-packages/airflow/example_dags/example_python_operator.py
[2026-03-28T19:44:30.396+0500] {processor.py:830} INFO - Processing file /home/abayturar/airflow-project/venv/lib/python3.12/site-packages/airflow/example_dags/example_python_operator.py for tasks to queue
[2026-03-28T19:44:30.397+0500] {logging_mixin.py:188} INFO - [2026-03-28T19:44:30.397+0500] {dagbag.py:545} INFO - Filling up the DagBag from /home/abayturar/airflow-project/venv/lib/python3.12/site-packages/airflow/example_dags/example_python_operator.py
[2026-03-28T19:44:30.405+0500] {logging_mixin.py:188} INFO - [2026-03-28T19:44:30.405+0500] {example_python_operator.py:93} WARNING - The virtalenv_python example task requires virtualenv, please install it.
[2026-03-28T19:44:30.406+0500] {processor.py:840} INFO - DAG(s) 'example_python_operator' retrieved from /home/abayturar/airflow-project/venv/lib/python3.12/site-packages/airflow/example_dags/example_python_operator.py
[2026-03-28T19:44:30.422+0500] {logging_mixin.py:188} INFO - [2026-03-28T19:44:30.422+0500] {dag.py:3089} INFO - Sync 1 DAGs
[2026-03-28T19:44:30.430+0500] {logging_mixin.py:188} INFO - [2026-03-28T19:44:30.430+0500] {dag.py:3947} INFO - Setting next_dagrun for example_python_operator to None, run_after=None
[2026-03-28T19:44:30.457+0500] {processor.py:183} INFO - Processing /home/abayturar/airflow-project/venv/lib/python3.12/site-packages/airflow/example_dags/example_python_operator.py took 0.068 seconds
