[2026-03-28T15:21:46.846+0500] {processor.py:161} INFO - Started process (PID=11918) to work on /home/abayturar/airflow-project/venv/lib/python3.12/site-packages/airflow/example_dags/example_branch_day_of_week_operator.py
[2026-03-28T15:21:46.847+0500] {processor.py:830} INFO - Processing file /home/abayturar/airflow-project/venv/lib/python3.12/site-packages/airflow/example_dags/example_branch_day_of_week_operator.py for tasks to queue
[2026-03-28T15:21:46.849+0500] {logging_mixin.py:188} INFO - [2026-03-28T15:21:46.849+0500] {dagbag.py:545} INFO - Filling up the DagBag from /home/abayturar/airflow-project/venv/lib/python3.12/site-packages/airflow/example_dags/example_branch_day_of_week_operator.py
[2026-03-28T15:21:46.857+0500] {processor.py:840} INFO - DAG(s) 'example_weekday_branch_operator' retrieved from /home/abayturar/airflow-project/venv/lib/python3.12/site-packages/airflow/example_dags/example_branch_day_of_week_operator.py
[2026-03-28T15:21:46.953+0500] {logging_mixin.py:188} INFO - [2026-03-28T15:21:46.953+0500] {override.py:1858} INFO - Created Permission View: can edit on DAG:example_weekday_branch_operator
[2026-03-28T15:21:46.961+0500] {logging_mixin.py:188} INFO - [2026-03-28T15:21:46.961+0500] {override.py:1858} INFO - Created Permission View: can read on DAG:example_weekday_branch_operator
[2026-03-28T15:21:46.968+0500] {logging_mixin.py:188} INFO - [2026-03-28T15:21:46.968+0500] {override.py:1858} INFO - Created Permission View: can delete on DAG:example_weekday_branch_operator
[2026-03-28T15:21:46.968+0500] {logging_mixin.py:188} INFO - [2026-03-28T15:21:46.968+0500] {dag.py:3089} INFO - Sync 1 DAGs
[2026-03-28T15:21:46.976+0500] {logging_mixin.py:188} INFO - [2026-03-28T15:21:46.976+0500] {dag.py:3111} INFO - Creating ORM DAG for example_weekday_branch_operator
[2026-03-28T15:21:46.982+0500] {logging_mixin.py:188} INFO - [2026-03-28T15:21:46.981+0500] {dag.py:3947} INFO - Setting next_dagrun for example_weekday_branch_operator to 2026-03-27 00:00:00+00:00, run_after=2026-03-28 00:00:00+00:00
[2026-03-28T15:21:46.996+0500] {processor.py:183} INFO - Processing /home/abayturar/airflow-project/venv/lib/python3.12/site-packages/airflow/example_dags/example_branch_day_of_week_operator.py took 0.157 seconds
[2026-03-28T15:23:02.054+0500] {processor.py:161} INFO - Started process (PID=12141) to work on /home/abayturar/airflow-project/venv/lib/python3.12/site-packages/airflow/example_dags/example_branch_day_of_week_operator.py
[2026-03-28T15:23:02.055+0500] {processor.py:830} INFO - Processing file /home/abayturar/airflow-project/venv/lib/python3.12/site-packages/airflow/example_dags/example_branch_day_of_week_operator.py for tasks to queue
[2026-03-28T15:23:02.056+0500] {logging_mixin.py:188} INFO - [2026-03-28T15:23:02.056+0500] {dagbag.py:545} INFO - Filling up the DagBag from /home/abayturar/airflow-project/venv/lib/python3.12/site-packages/airflow/example_dags/example_branch_day_of_week_operator.py
[2026-03-28T15:23:02.064+0500] {processor.py:840} INFO - DAG(s) 'example_weekday_branch_operator' retrieved from /home/abayturar/airflow-project/venv/lib/python3.12/site-packages/airflow/example_dags/example_branch_day_of_week_operator.py
[2026-03-28T15:23:02.080+0500] {logging_mixin.py:188} INFO - [2026-03-28T15:23:02.080+0500] {dag.py:3089} INFO - Sync 1 DAGs
[2026-03-28T15:23:02.095+0500] {logging_mixin.py:188} INFO - [2026-03-28T15:23:02.095+0500] {dag.py:3947} INFO - Setting next_dagrun for example_weekday_branch_operator to 2026-03-27 00:00:00+00:00, run_after=2026-03-28 00:00:00+00:00
[2026-03-28T15:23:02.123+0500] {processor.py:183} INFO - Processing /home/abayturar/airflow-project/venv/lib/python3.12/site-packages/airflow/example_dags/example_branch_day_of_week_operator.py took 0.075 seconds
[2026-03-28T15:23:52.418+0500] {processor.py:161} INFO - Started process (PID=12281) to work on /home/abayturar/airflow-project/venv/lib/python3.12/site-packages/airflow/example_dags/example_branch_day_of_week_operator.py
[2026-03-28T15:23:52.419+0500] {processor.py:830} INFO - Processing file /home/abayturar/airflow-project/venv/lib/python3.12/site-packages/airflow/example_dags/example_branch_day_of_week_operator.py for tasks to queue
[2026-03-28T15:23:52.420+0500] {logging_mixin.py:188} INFO - [2026-03-28T15:23:52.420+0500] {dagbag.py:545} INFO - Filling up the DagBag from /home/abayturar/airflow-project/venv/lib/python3.12/site-packages/airflow/example_dags/example_branch_day_of_week_operator.py
[2026-03-28T15:23:52.428+0500] {processor.py:840} INFO - DAG(s) 'example_weekday_branch_operator' retrieved from /home/abayturar/airflow-project/venv/lib/python3.12/site-packages/airflow/example_dags/example_branch_day_of_week_operator.py
[2026-03-28T15:23:52.444+0500] {logging_mixin.py:188} INFO - [2026-03-28T15:23:52.444+0500] {dag.py:3089} INFO - Sync 1 DAGs
[2026-03-28T15:23:52.463+0500] {logging_mixin.py:188} INFO - [2026-03-28T15:23:52.463+0500] {dag.py:3947} INFO - Setting next_dagrun for example_weekday_branch_operator to 2026-03-27 00:00:00+00:00, run_after=2026-03-28 00:00:00+00:00
[2026-03-28T15:23:52.484+0500] {processor.py:183} INFO - Processing /home/abayturar/airflow-project/venv/lib/python3.12/site-packages/airflow/example_dags/example_branch_day_of_week_operator.py took 0.072 seconds
[2026-03-28T15:24:40.838+0500] {processor.py:161} INFO - Started process (PID=12421) to work on /home/abayturar/airflow-project/venv/lib/python3.12/site-packages/airflow/example_dags/example_branch_day_of_week_operator.py
[2026-03-28T15:24:40.839+0500] {processor.py:830} INFO - Processing file /home/abayturar/airflow-project/venv/lib/python3.12/site-packages/airflow/example_dags/example_branch_day_of_week_operator.py for tasks to queue
[2026-03-28T15:24:40.841+0500] {logging_mixin.py:188} INFO - [2026-03-28T15:24:40.841+0500] {dagbag.py:545} INFO - Filling up the DagBag from /home/abayturar/airflow-project/venv/lib/python3.12/site-packages/airflow/example_dags/example_branch_day_of_week_operator.py
[2026-03-28T15:24:40.850+0500] {processor.py:840} INFO - DAG(s) 'example_weekday_branch_operator' retrieved from /home/abayturar/airflow-project/venv/lib/python3.12/site-packages/airflow/example_dags/example_branch_day_of_week_operator.py
[2026-03-28T15:24:40.866+0500] {logging_mixin.py:188} INFO - [2026-03-28T15:24:40.866+0500] {dag.py:3089} INFO - Sync 1 DAGs
[2026-03-28T15:24:40.880+0500] {logging_mixin.py:188} INFO - [2026-03-28T15:24:40.880+0500] {dag.py:3947} INFO - Setting next_dagrun for example_weekday_branch_operator to 2026-03-27 00:00:00+00:00, run_after=2026-03-28 00:00:00+00:00
[2026-03-28T15:24:40.895+0500] {processor.py:183} INFO - Processing /home/abayturar/airflow-project/venv/lib/python3.12/site-packages/airflow/example_dags/example_branch_day_of_week_operator.py took 0.063 seconds
[2026-03-28T15:27:31.837+0500] {processor.py:161} INFO - Started process (PID=12861) to work on /home/abayturar/airflow-project/venv/lib/python3.12/site-packages/airflow/example_dags/example_branch_day_of_week_operator.py
[2026-03-28T15:27:31.838+0500] {processor.py:830} INFO - Processing file /home/abayturar/airflow-project/venv/lib/python3.12/site-packages/airflow/example_dags/example_branch_day_of_week_operator.py for tasks to queue
[2026-03-28T15:27:31.839+0500] {logging_mixin.py:188} INFO - [2026-03-28T15:27:31.839+0500] {dagbag.py:545} INFO - Filling up the DagBag from /home/abayturar/airflow-project/venv/lib/python3.12/site-packages/airflow/example_dags/example_branch_day_of_week_operator.py
[2026-03-28T15:27:31.847+0500] {processor.py:840} INFO - DAG(s) 'example_weekday_branch_operator' retrieved from /home/abayturar/airflow-project/venv/lib/python3.12/site-packages/airflow/example_dags/example_branch_day_of_week_operator.py
[2026-03-28T15:27:31.930+0500] {logging_mixin.py:188} INFO - [2026-03-28T15:27:31.929+0500] {dag.py:3089} INFO - Sync 1 DAGs
[2026-03-28T15:27:31.941+0500] {logging_mixin.py:188} INFO - [2026-03-28T15:27:31.941+0500] {dag.py:3947} INFO - Setting next_dagrun for example_weekday_branch_operator to 2026-03-27 00:00:00+00:00, run_after=2026-03-28 00:00:00+00:00
[2026-03-28T15:27:31.968+0500] {processor.py:183} INFO - Processing /home/abayturar/airflow-project/venv/lib/python3.12/site-packages/airflow/example_dags/example_branch_day_of_week_operator.py took 0.137 seconds
[2026-03-28T18:18:07.915+0500] {processor.py:161} INFO - Started process (PID=17990) to work on /home/abayturar/airflow-project/venv/lib/python3.12/site-packages/airflow/example_dags/example_branch_day_of_week_operator.py
[2026-03-28T18:18:07.928+0500] {processor.py:830} INFO - Processing file /home/abayturar/airflow-project/venv/lib/python3.12/site-packages/airflow/example_dags/example_branch_day_of_week_operator.py for tasks to queue
[2026-03-28T18:18:07.930+0500] {logging_mixin.py:188} INFO - [2026-03-28T18:18:07.929+0500] {dagbag.py:545} INFO - Filling up the DagBag from /home/abayturar/airflow-project/venv/lib/python3.12/site-packages/airflow/example_dags/example_branch_day_of_week_operator.py
[2026-03-28T18:18:07.939+0500] {processor.py:840} INFO - DAG(s) 'example_weekday_branch_operator' retrieved from /home/abayturar/airflow-project/venv/lib/python3.12/site-packages/airflow/example_dags/example_branch_day_of_week_operator.py
[2026-03-28T18:18:08.040+0500] {logging_mixin.py:188} INFO - [2026-03-28T18:18:08.040+0500] {override.py:1858} INFO - Created Permission View: can edit on DAG:example_weekday_branch_operator
[2026-03-28T18:18:08.049+0500] {logging_mixin.py:188} INFO - [2026-03-28T18:18:08.048+0500] {override.py:1858} INFO - Created Permission View: can delete on DAG:example_weekday_branch_operator
[2026-03-28T18:18:08.056+0500] {logging_mixin.py:188} INFO - [2026-03-28T18:18:08.055+0500] {override.py:1858} INFO - Created Permission View: can read on DAG:example_weekday_branch_operator
[2026-03-28T18:18:08.056+0500] {logging_mixin.py:188} INFO - [2026-03-28T18:18:08.056+0500] {dag.py:3089} INFO - Sync 1 DAGs
[2026-03-28T18:18:08.064+0500] {logging_mixin.py:188} INFO - [2026-03-28T18:18:08.064+0500] {dag.py:3111} INFO - Creating ORM DAG for example_weekday_branch_operator
[2026-03-28T18:18:08.071+0500] {logging_mixin.py:188} INFO - [2026-03-28T18:18:08.071+0500] {dag.py:3947} INFO - Setting next_dagrun for example_weekday_branch_operator to 2026-03-27 00:00:00+00:00, run_after=2026-03-28 00:00:00+00:00
[2026-03-28T18:18:08.085+0500] {processor.py:183} INFO - Processing /home/abayturar/airflow-project/venv/lib/python3.12/site-packages/airflow/example_dags/example_branch_day_of_week_operator.py took 0.178 seconds
[2026-03-28T18:22:52.334+0500] {processor.py:161} INFO - Started process (PID=18673) to work on /home/abayturar/airflow-project/venv/lib/python3.12/site-packages/airflow/example_dags/example_branch_day_of_week_operator.py
[2026-03-28T18:22:52.335+0500] {processor.py:830} INFO - Processing file /home/abayturar/airflow-project/venv/lib/python3.12/site-packages/airflow/example_dags/example_branch_day_of_week_operator.py for tasks to queue
[2026-03-28T18:22:52.336+0500] {logging_mixin.py:188} INFO - [2026-03-28T18:22:52.336+0500] {dagbag.py:545} INFO - Filling up the DagBag from /home/abayturar/airflow-project/venv/lib/python3.12/site-packages/airflow/example_dags/example_branch_day_of_week_operator.py
[2026-03-28T18:22:52.344+0500] {processor.py:840} INFO - DAG(s) 'example_weekday_branch_operator' retrieved from /home/abayturar/airflow-project/venv/lib/python3.12/site-packages/airflow/example_dags/example_branch_day_of_week_operator.py
[2026-03-28T18:22:52.361+0500] {logging_mixin.py:188} INFO - [2026-03-28T18:22:52.361+0500] {dag.py:3089} INFO - Sync 1 DAGs
[2026-03-28T18:22:52.376+0500] {logging_mixin.py:188} INFO - [2026-03-28T18:22:52.376+0500] {dag.py:3947} INFO - Setting next_dagrun for example_weekday_branch_operator to 2026-03-27 00:00:00+00:00, run_after=2026-03-28 00:00:00+00:00
[2026-03-28T18:22:52.406+0500] {processor.py:183} INFO - Processing /home/abayturar/airflow-project/venv/lib/python3.12/site-packages/airflow/example_dags/example_branch_day_of_week_operator.py took 0.078 seconds
[2026-03-28T18:24:02.094+0500] {processor.py:161} INFO - Started process (PID=18865) to work on /home/abayturar/airflow-project/venv/lib/python3.12/site-packages/airflow/example_dags/example_branch_day_of_week_operator.py
[2026-03-28T18:24:02.095+0500] {processor.py:830} INFO - Processing file /home/abayturar/airflow-project/venv/lib/python3.12/site-packages/airflow/example_dags/example_branch_day_of_week_operator.py for tasks to queue
[2026-03-28T18:24:02.096+0500] {logging_mixin.py:188} INFO - [2026-03-28T18:24:02.096+0500] {dagbag.py:545} INFO - Filling up the DagBag from /home/abayturar/airflow-project/venv/lib/python3.12/site-packages/airflow/example_dags/example_branch_day_of_week_operator.py
[2026-03-28T18:24:02.103+0500] {processor.py:840} INFO - DAG(s) 'example_weekday_branch_operator' retrieved from /home/abayturar/airflow-project/venv/lib/python3.12/site-packages/airflow/example_dags/example_branch_day_of_week_operator.py
[2026-03-28T18:24:02.119+0500] {logging_mixin.py:188} INFO - [2026-03-28T18:24:02.118+0500] {dag.py:3089} INFO - Sync 1 DAGs
[2026-03-28T18:24:02.132+0500] {logging_mixin.py:188} INFO - [2026-03-28T18:24:02.132+0500] {dag.py:3947} INFO - Setting next_dagrun for example_weekday_branch_operator to 2026-03-27 00:00:00+00:00, run_after=2026-03-28 00:00:00+00:00
[2026-03-28T18:24:02.147+0500] {processor.py:183} INFO - Processing /home/abayturar/airflow-project/venv/lib/python3.12/site-packages/airflow/example_dags/example_branch_day_of_week_operator.py took 0.058 seconds
[2026-03-28T18:25:12.637+0500] {processor.py:161} INFO - Started process (PID=19053) to work on /home/abayturar/airflow-project/venv/lib/python3.12/site-packages/airflow/example_dags/example_branch_day_of_week_operator.py
[2026-03-28T18:25:12.638+0500] {processor.py:830} INFO - Processing file /home/abayturar/airflow-project/venv/lib/python3.12/site-packages/airflow/example_dags/example_branch_day_of_week_operator.py for tasks to queue
[2026-03-28T18:25:12.641+0500] {logging_mixin.py:188} INFO - [2026-03-28T18:25:12.640+0500] {dagbag.py:545} INFO - Filling up the DagBag from /home/abayturar/airflow-project/venv/lib/python3.12/site-packages/airflow/example_dags/example_branch_day_of_week_operator.py
[2026-03-28T18:25:12.651+0500] {processor.py:840} INFO - DAG(s) 'example_weekday_branch_operator' retrieved from /home/abayturar/airflow-project/venv/lib/python3.12/site-packages/airflow/example_dags/example_branch_day_of_week_operator.py
[2026-03-28T18:25:12.671+0500] {logging_mixin.py:188} INFO - [2026-03-28T18:25:12.671+0500] {dag.py:3089} INFO - Sync 1 DAGs
[2026-03-28T18:25:12.724+0500] {logging_mixin.py:188} INFO - [2026-03-28T18:25:12.724+0500] {dag.py:3947} INFO - Setting next_dagrun for example_weekday_branch_operator to 2026-03-27 00:00:00+00:00, run_after=2026-03-28 00:00:00+00:00
[2026-03-28T18:25:12.758+0500] {processor.py:183} INFO - Processing /home/abayturar/airflow-project/venv/lib/python3.12/site-packages/airflow/example_dags/example_branch_day_of_week_operator.py took 0.130 seconds
[2026-03-28T18:26:21.862+0500] {processor.py:161} INFO - Started process (PID=19240) to work on /home/abayturar/airflow-project/venv/lib/python3.12/site-packages/airflow/example_dags/example_branch_day_of_week_operator.py
[2026-03-28T18:26:21.863+0500] {processor.py:830} INFO - Processing file /home/abayturar/airflow-project/venv/lib/python3.12/site-packages/airflow/example_dags/example_branch_day_of_week_operator.py for tasks to queue
[2026-03-28T18:26:21.865+0500] {logging_mixin.py:188} INFO - [2026-03-28T18:26:21.864+0500] {dagbag.py:545} INFO - Filling up the DagBag from /home/abayturar/airflow-project/venv/lib/python3.12/site-packages/airflow/example_dags/example_branch_day_of_week_operator.py
[2026-03-28T18:26:21.873+0500] {processor.py:840} INFO - DAG(s) 'example_weekday_branch_operator' retrieved from /home/abayturar/airflow-project/venv/lib/python3.12/site-packages/airflow/example_dags/example_branch_day_of_week_operator.py
[2026-03-28T18:26:21.890+0500] {logging_mixin.py:188} INFO - [2026-03-28T18:26:21.890+0500] {dag.py:3089} INFO - Sync 1 DAGs
[2026-03-28T18:26:21.905+0500] {logging_mixin.py:188} INFO - [2026-03-28T18:26:21.904+0500] {dag.py:3947} INFO - Setting next_dagrun for example_weekday_branch_operator to 2026-03-27 00:00:00+00:00, run_after=2026-03-28 00:00:00+00:00
[2026-03-28T18:26:21.932+0500] {processor.py:183} INFO - Processing /home/abayturar/airflow-project/venv/lib/python3.12/site-packages/airflow/example_dags/example_branch_day_of_week_operator.py took 0.075 seconds
[2026-03-28T18:27:35.847+0500] {processor.py:161} INFO - Started process (PID=19431) to work on /home/abayturar/airflow-project/venv/lib/python3.12/site-packages/airflow/example_dags/example_branch_day_of_week_operator.py
[2026-03-28T18:27:35.848+0500] {processor.py:830} INFO - Processing file /home/abayturar/airflow-project/venv/lib/python3.12/site-packages/airflow/example_dags/example_branch_day_of_week_operator.py for tasks to queue
[2026-03-28T18:27:35.851+0500] {logging_mixin.py:188} INFO - [2026-03-28T18:27:35.850+0500] {dagbag.py:545} INFO - Filling up the DagBag from /home/abayturar/airflow-project/venv/lib/python3.12/site-packages/airflow/example_dags/example_branch_day_of_week_operator.py
[2026-03-28T18:27:35.860+0500] {processor.py:840} INFO - DAG(s) 'example_weekday_branch_operator' retrieved from /home/abayturar/airflow-project/venv/lib/python3.12/site-packages/airflow/example_dags/example_branch_day_of_week_operator.py
[2026-03-28T18:27:35.884+0500] {logging_mixin.py:188} INFO - [2026-03-28T18:27:35.884+0500] {dag.py:3089} INFO - Sync 1 DAGs
[2026-03-28T18:27:35.909+0500] {logging_mixin.py:188} INFO - [2026-03-28T18:27:35.909+0500] {dag.py:3947} INFO - Setting next_dagrun for example_weekday_branch_operator to 2026-03-27 00:00:00+00:00, run_after=2026-03-28 00:00:00+00:00
[2026-03-28T18:27:35.943+0500] {processor.py:183} INFO - Processing /home/abayturar/airflow-project/venv/lib/python3.12/site-packages/airflow/example_dags/example_branch_day_of_week_operator.py took 0.103 seconds
[2026-03-28T18:28:33.172+0500] {processor.py:161} INFO - Started process (PID=19597) to work on /home/abayturar/airflow-project/venv/lib/python3.12/site-packages/airflow/example_dags/example_branch_day_of_week_operator.py
[2026-03-28T18:28:33.173+0500] {processor.py:830} INFO - Processing file /home/abayturar/airflow-project/venv/lib/python3.12/site-packages/airflow/example_dags/example_branch_day_of_week_operator.py for tasks to queue
[2026-03-28T18:28:33.175+0500] {logging_mixin.py:188} INFO - [2026-03-28T18:28:33.174+0500] {dagbag.py:545} INFO - Filling up the DagBag from /home/abayturar/airflow-project/venv/lib/python3.12/site-packages/airflow/example_dags/example_branch_day_of_week_operator.py
[2026-03-28T18:28:33.183+0500] {processor.py:840} INFO - DAG(s) 'example_weekday_branch_operator' retrieved from /home/abayturar/airflow-project/venv/lib/python3.12/site-packages/airflow/example_dags/example_branch_day_of_week_operator.py
[2026-03-28T18:28:33.199+0500] {logging_mixin.py:188} INFO - [2026-03-28T18:28:33.199+0500] {dag.py:3089} INFO - Sync 1 DAGs
[2026-03-28T18:28:33.214+0500] {logging_mixin.py:188} INFO - [2026-03-28T18:28:33.214+0500] {dag.py:3947} INFO - Setting next_dagrun for example_weekday_branch_operator to 2026-03-27 00:00:00+00:00, run_after=2026-03-28 00:00:00+00:00
[2026-03-28T18:28:33.243+0500] {processor.py:183} INFO - Processing /home/abayturar/airflow-project/venv/lib/python3.12/site-packages/airflow/example_dags/example_branch_day_of_week_operator.py took 0.077 seconds
[2026-03-28T18:29:50.696+0500] {processor.py:161} INFO - Started process (PID=19805) to work on /home/abayturar/airflow-project/venv/lib/python3.12/site-packages/airflow/example_dags/example_branch_day_of_week_operator.py
[2026-03-28T18:29:50.697+0500] {processor.py:830} INFO - Processing file /home/abayturar/airflow-project/venv/lib/python3.12/site-packages/airflow/example_dags/example_branch_day_of_week_operator.py for tasks to queue
[2026-03-28T18:29:50.699+0500] {logging_mixin.py:188} INFO - [2026-03-28T18:29:50.699+0500] {dagbag.py:545} INFO - Filling up the DagBag from /home/abayturar/airflow-project/venv/lib/python3.12/site-packages/airflow/example_dags/example_branch_day_of_week_operator.py
[2026-03-28T18:29:50.707+0500] {processor.py:840} INFO - DAG(s) 'example_weekday_branch_operator' retrieved from /home/abayturar/airflow-project/venv/lib/python3.12/site-packages/airflow/example_dags/example_branch_day_of_week_operator.py
[2026-03-28T18:29:50.724+0500] {logging_mixin.py:188} INFO - [2026-03-28T18:29:50.724+0500] {dag.py:3089} INFO - Sync 1 DAGs
[2026-03-28T18:29:50.739+0500] {logging_mixin.py:188} INFO - [2026-03-28T18:29:50.739+0500] {dag.py:3947} INFO - Setting next_dagrun for example_weekday_branch_operator to 2026-03-27 00:00:00+00:00, run_after=2026-03-28 00:00:00+00:00
[2026-03-28T18:29:50.766+0500] {processor.py:183} INFO - Processing /home/abayturar/airflow-project/venv/lib/python3.12/site-packages/airflow/example_dags/example_branch_day_of_week_operator.py took 0.077 seconds
[2026-03-28T18:30:58.305+0500] {processor.py:161} INFO - Started process (PID=19986) to work on /home/abayturar/airflow-project/venv/lib/python3.12/site-packages/airflow/example_dags/example_branch_day_of_week_operator.py
[2026-03-28T18:30:58.306+0500] {processor.py:830} INFO - Processing file /home/abayturar/airflow-project/venv/lib/python3.12/site-packages/airflow/example_dags/example_branch_day_of_week_operator.py for tasks to queue
[2026-03-28T18:30:58.307+0500] {logging_mixin.py:188} INFO - [2026-03-28T18:30:58.307+0500] {dagbag.py:545} INFO - Filling up the DagBag from /home/abayturar/airflow-project/venv/lib/python3.12/site-packages/airflow/example_dags/example_branch_day_of_week_operator.py
[2026-03-28T18:30:58.316+0500] {processor.py:840} INFO - DAG(s) 'example_weekday_branch_operator' retrieved from /home/abayturar/airflow-project/venv/lib/python3.12/site-packages/airflow/example_dags/example_branch_day_of_week_operator.py
[2026-03-28T18:30:58.337+0500] {logging_mixin.py:188} INFO - [2026-03-28T18:30:58.337+0500] {dag.py:3089} INFO - Sync 1 DAGs
[2026-03-28T18:30:58.353+0500] {logging_mixin.py:188} INFO - [2026-03-28T18:30:58.353+0500] {dag.py:3947} INFO - Setting next_dagrun for example_weekday_branch_operator to 2026-03-27 00:00:00+00:00, run_after=2026-03-28 00:00:00+00:00
[2026-03-28T18:30:58.382+0500] {processor.py:183} INFO - Processing /home/abayturar/airflow-project/venv/lib/python3.12/site-packages/airflow/example_dags/example_branch_day_of_week_operator.py took 0.085 seconds
[2026-03-28T18:32:05.605+0500] {processor.py:161} INFO - Started process (PID=20177) to work on /home/abayturar/airflow-project/venv/lib/python3.12/site-packages/airflow/example_dags/example_branch_day_of_week_operator.py
[2026-03-28T18:32:05.606+0500] {processor.py:830} INFO - Processing file /home/abayturar/airflow-project/venv/lib/python3.12/site-packages/airflow/example_dags/example_branch_day_of_week_operator.py for tasks to queue
[2026-03-28T18:32:05.608+0500] {logging_mixin.py:188} INFO - [2026-03-28T18:32:05.607+0500] {dagbag.py:545} INFO - Filling up the DagBag from /home/abayturar/airflow-project/venv/lib/python3.12/site-packages/airflow/example_dags/example_branch_day_of_week_operator.py
[2026-03-28T18:32:05.617+0500] {processor.py:840} INFO - DAG(s) 'example_weekday_branch_operator' retrieved from /home/abayturar/airflow-project/venv/lib/python3.12/site-packages/airflow/example_dags/example_branch_day_of_week_operator.py
[2026-03-28T18:32:05.637+0500] {logging_mixin.py:188} INFO - [2026-03-28T18:32:05.637+0500] {dag.py:3089} INFO - Sync 1 DAGs
[2026-03-28T18:32:05.654+0500] {logging_mixin.py:188} INFO - [2026-03-28T18:32:05.654+0500] {dag.py:3947} INFO - Setting next_dagrun for example_weekday_branch_operator to 2026-03-27 00:00:00+00:00, run_after=2026-03-28 00:00:00+00:00
[2026-03-28T18:32:05.691+0500] {processor.py:183} INFO - Processing /home/abayturar/airflow-project/venv/lib/python3.12/site-packages/airflow/example_dags/example_branch_day_of_week_operator.py took 0.093 seconds
[2026-03-28T18:33:19.869+0500] {processor.py:161} INFO - Started process (PID=20368) to work on /home/abayturar/airflow-project/venv/lib/python3.12/site-packages/airflow/example_dags/example_branch_day_of_week_operator.py
[2026-03-28T18:33:19.870+0500] {processor.py:830} INFO - Processing file /home/abayturar/airflow-project/venv/lib/python3.12/site-packages/airflow/example_dags/example_branch_day_of_week_operator.py for tasks to queue
[2026-03-28T18:33:19.872+0500] {logging_mixin.py:188} INFO - [2026-03-28T18:33:19.871+0500] {dagbag.py:545} INFO - Filling up the DagBag from /home/abayturar/airflow-project/venv/lib/python3.12/site-packages/airflow/example_dags/example_branch_day_of_week_operator.py
[2026-03-28T18:33:19.879+0500] {processor.py:840} INFO - DAG(s) 'example_weekday_branch_operator' retrieved from /home/abayturar/airflow-project/venv/lib/python3.12/site-packages/airflow/example_dags/example_branch_day_of_week_operator.py
[2026-03-28T18:33:19.895+0500] {logging_mixin.py:188} INFO - [2026-03-28T18:33:19.895+0500] {dag.py:3089} INFO - Sync 1 DAGs
[2026-03-28T18:33:19.910+0500] {logging_mixin.py:188} INFO - [2026-03-28T18:33:19.909+0500] {dag.py:3947} INFO - Setting next_dagrun for example_weekday_branch_operator to 2026-03-27 00:00:00+00:00, run_after=2026-03-28 00:00:00+00:00
[2026-03-28T18:33:19.936+0500] {processor.py:183} INFO - Processing /home/abayturar/airflow-project/venv/lib/python3.12/site-packages/airflow/example_dags/example_branch_day_of_week_operator.py took 0.073 seconds
[2026-03-28T18:34:38.397+0500] {processor.py:161} INFO - Started process (PID=20597) to work on /home/abayturar/airflow-project/venv/lib/python3.12/site-packages/airflow/example_dags/example_branch_day_of_week_operator.py
[2026-03-28T18:34:38.397+0500] {processor.py:830} INFO - Processing file /home/abayturar/airflow-project/venv/lib/python3.12/site-packages/airflow/example_dags/example_branch_day_of_week_operator.py for tasks to queue
[2026-03-28T18:34:38.399+0500] {logging_mixin.py:188} INFO - [2026-03-28T18:34:38.399+0500] {dagbag.py:545} INFO - Filling up the DagBag from /home/abayturar/airflow-project/venv/lib/python3.12/site-packages/airflow/example_dags/example_branch_day_of_week_operator.py
[2026-03-28T18:34:38.406+0500] {processor.py:840} INFO - DAG(s) 'example_weekday_branch_operator' retrieved from /home/abayturar/airflow-project/venv/lib/python3.12/site-packages/airflow/example_dags/example_branch_day_of_week_operator.py
[2026-03-28T18:34:38.422+0500] {logging_mixin.py:188} INFO - [2026-03-28T18:34:38.422+0500] {dag.py:3089} INFO - Sync 1 DAGs
[2026-03-28T18:34:38.435+0500] {logging_mixin.py:188} INFO - [2026-03-28T18:34:38.435+0500] {dag.py:3947} INFO - Setting next_dagrun for example_weekday_branch_operator to 2026-03-27 00:00:00+00:00, run_after=2026-03-28 00:00:00+00:00
[2026-03-28T18:34:38.452+0500] {processor.py:183} INFO - Processing /home/abayturar/airflow-project/venv/lib/python3.12/site-packages/airflow/example_dags/example_branch_day_of_week_operator.py took 0.061 seconds
[2026-03-28T18:35:52.235+0500] {processor.py:161} INFO - Started process (PID=20791) to work on /home/abayturar/airflow-project/venv/lib/python3.12/site-packages/airflow/example_dags/example_branch_day_of_week_operator.py
[2026-03-28T18:35:52.236+0500] {processor.py:830} INFO - Processing file /home/abayturar/airflow-project/venv/lib/python3.12/site-packages/airflow/example_dags/example_branch_day_of_week_operator.py for tasks to queue
[2026-03-28T18:35:52.238+0500] {logging_mixin.py:188} INFO - [2026-03-28T18:35:52.238+0500] {dagbag.py:545} INFO - Filling up the DagBag from /home/abayturar/airflow-project/venv/lib/python3.12/site-packages/airflow/example_dags/example_branch_day_of_week_operator.py
[2026-03-28T18:35:52.250+0500] {processor.py:840} INFO - DAG(s) 'example_weekday_branch_operator' retrieved from /home/abayturar/airflow-project/venv/lib/python3.12/site-packages/airflow/example_dags/example_branch_day_of_week_operator.py
[2026-03-28T18:35:52.275+0500] {logging_mixin.py:188} INFO - [2026-03-28T18:35:52.275+0500] {dag.py:3089} INFO - Sync 1 DAGs
[2026-03-28T18:35:52.298+0500] {logging_mixin.py:188} INFO - [2026-03-28T18:35:52.298+0500] {dag.py:3947} INFO - Setting next_dagrun for example_weekday_branch_operator to 2026-03-27 00:00:00+00:00, run_after=2026-03-28 00:00:00+00:00
[2026-03-28T18:35:52.325+0500] {processor.py:183} INFO - Processing /home/abayturar/airflow-project/venv/lib/python3.12/site-packages/airflow/example_dags/example_branch_day_of_week_operator.py took 0.099 seconds
[2026-03-28T18:36:49.557+0500] {processor.py:161} INFO - Started process (PID=20957) to work on /home/abayturar/airflow-project/venv/lib/python3.12/site-packages/airflow/example_dags/example_branch_day_of_week_operator.py
[2026-03-28T18:36:49.558+0500] {processor.py:830} INFO - Processing file /home/abayturar/airflow-project/venv/lib/python3.12/site-packages/airflow/example_dags/example_branch_day_of_week_operator.py for tasks to queue
[2026-03-28T18:36:49.560+0500] {logging_mixin.py:188} INFO - [2026-03-28T18:36:49.559+0500] {dagbag.py:545} INFO - Filling up the DagBag from /home/abayturar/airflow-project/venv/lib/python3.12/site-packages/airflow/example_dags/example_branch_day_of_week_operator.py
[2026-03-28T18:36:49.568+0500] {processor.py:840} INFO - DAG(s) 'example_weekday_branch_operator' retrieved from /home/abayturar/airflow-project/venv/lib/python3.12/site-packages/airflow/example_dags/example_branch_day_of_week_operator.py
[2026-03-28T18:36:49.588+0500] {logging_mixin.py:188} INFO - [2026-03-28T18:36:49.588+0500] {dag.py:3089} INFO - Sync 1 DAGs
[2026-03-28T18:36:49.604+0500] {logging_mixin.py:188} INFO - [2026-03-28T18:36:49.604+0500] {dag.py:3947} INFO - Setting next_dagrun for example_weekday_branch_operator to 2026-03-27 00:00:00+00:00, run_after=2026-03-28 00:00:00+00:00
[2026-03-28T18:36:49.622+0500] {processor.py:183} INFO - Processing /home/abayturar/airflow-project/venv/lib/python3.12/site-packages/airflow/example_dags/example_branch_day_of_week_operator.py took 0.072 seconds
[2026-03-28T18:37:43.380+0500] {processor.py:161} INFO - Started process (PID=21107) to work on /home/abayturar/airflow-project/venv/lib/python3.12/site-packages/airflow/example_dags/example_branch_day_of_week_operator.py
[2026-03-28T18:37:43.381+0500] {processor.py:830} INFO - Processing file /home/abayturar/airflow-project/venv/lib/python3.12/site-packages/airflow/example_dags/example_branch_day_of_week_operator.py for tasks to queue
[2026-03-28T18:37:43.383+0500] {logging_mixin.py:188} INFO - [2026-03-28T18:37:43.383+0500] {dagbag.py:545} INFO - Filling up the DagBag from /home/abayturar/airflow-project/venv/lib/python3.12/site-packages/airflow/example_dags/example_branch_day_of_week_operator.py
[2026-03-28T18:37:43.391+0500] {processor.py:840} INFO - DAG(s) 'example_weekday_branch_operator' retrieved from /home/abayturar/airflow-project/venv/lib/python3.12/site-packages/airflow/example_dags/example_branch_day_of_week_operator.py
[2026-03-28T18:37:43.409+0500] {logging_mixin.py:188} INFO - [2026-03-28T18:37:43.409+0500] {dag.py:3089} INFO - Sync 1 DAGs
[2026-03-28T18:37:43.425+0500] {logging_mixin.py:188} INFO - [2026-03-28T18:37:43.425+0500] {dag.py:3947} INFO - Setting next_dagrun for example_weekday_branch_operator to 2026-03-27 00:00:00+00:00, run_after=2026-03-28 00:00:00+00:00
[2026-03-28T18:37:43.453+0500] {processor.py:183} INFO - Processing /home/abayturar/airflow-project/venv/lib/python3.12/site-packages/airflow/example_dags/example_branch_day_of_week_operator.py took 0.079 seconds
[2026-03-28T18:38:58.686+0500] {processor.py:161} INFO - Started process (PID=21312) to work on /home/abayturar/airflow-project/venv/lib/python3.12/site-packages/airflow/example_dags/example_branch_day_of_week_operator.py
[2026-03-28T18:38:58.686+0500] {processor.py:830} INFO - Processing file /home/abayturar/airflow-project/venv/lib/python3.12/site-packages/airflow/example_dags/example_branch_day_of_week_operator.py for tasks to queue
[2026-03-28T18:38:58.688+0500] {logging_mixin.py:188} INFO - [2026-03-28T18:38:58.688+0500] {dagbag.py:545} INFO - Filling up the DagBag from /home/abayturar/airflow-project/venv/lib/python3.12/site-packages/airflow/example_dags/example_branch_day_of_week_operator.py
[2026-03-28T18:38:58.695+0500] {processor.py:840} INFO - DAG(s) 'example_weekday_branch_operator' retrieved from /home/abayturar/airflow-project/venv/lib/python3.12/site-packages/airflow/example_dags/example_branch_day_of_week_operator.py
[2026-03-28T18:38:58.711+0500] {logging_mixin.py:188} INFO - [2026-03-28T18:38:58.711+0500] {dag.py:3089} INFO - Sync 1 DAGs
[2026-03-28T18:38:58.725+0500] {logging_mixin.py:188} INFO - [2026-03-28T18:38:58.725+0500] {dag.py:3947} INFO - Setting next_dagrun for example_weekday_branch_operator to 2026-03-27 00:00:00+00:00, run_after=2026-03-28 00:00:00+00:00
[2026-03-28T18:38:58.751+0500] {processor.py:183} INFO - Processing /home/abayturar/airflow-project/venv/lib/python3.12/site-packages/airflow/example_dags/example_branch_day_of_week_operator.py took 0.072 seconds
[2026-03-28T18:40:15.183+0500] {processor.py:161} INFO - Started process (PID=21510) to work on /home/abayturar/airflow-project/venv/lib/python3.12/site-packages/airflow/example_dags/example_branch_day_of_week_operator.py
[2026-03-28T18:40:15.184+0500] {processor.py:830} INFO - Processing file /home/abayturar/airflow-project/venv/lib/python3.12/site-packages/airflow/example_dags/example_branch_day_of_week_operator.py for tasks to queue
[2026-03-28T18:40:15.187+0500] {logging_mixin.py:188} INFO - [2026-03-28T18:40:15.186+0500] {dagbag.py:545} INFO - Filling up the DagBag from /home/abayturar/airflow-project/venv/lib/python3.12/site-packages/airflow/example_dags/example_branch_day_of_week_operator.py
[2026-03-28T18:40:15.194+0500] {processor.py:840} INFO - DAG(s) 'example_weekday_branch_operator' retrieved from /home/abayturar/airflow-project/venv/lib/python3.12/site-packages/airflow/example_dags/example_branch_day_of_week_operator.py
[2026-03-28T18:40:15.213+0500] {logging_mixin.py:188} INFO - [2026-03-28T18:40:15.212+0500] {dag.py:3089} INFO - Sync 1 DAGs
[2026-03-28T18:40:15.227+0500] {logging_mixin.py:188} INFO - [2026-03-28T18:40:15.227+0500] {dag.py:3947} INFO - Setting next_dagrun for example_weekday_branch_operator to 2026-03-27 00:00:00+00:00, run_after=2026-03-28 00:00:00+00:00
[2026-03-28T18:40:15.257+0500] {processor.py:183} INFO - Processing /home/abayturar/airflow-project/venv/lib/python3.12/site-packages/airflow/example_dags/example_branch_day_of_week_operator.py took 0.081 seconds
[2026-03-28T18:41:45.434+0500] {processor.py:161} INFO - Started process (PID=21798) to work on /home/abayturar/airflow-project/venv/lib/python3.12/site-packages/airflow/example_dags/example_branch_day_of_week_operator.py
[2026-03-28T18:41:45.435+0500] {processor.py:830} INFO - Processing file /home/abayturar/airflow-project/venv/lib/python3.12/site-packages/airflow/example_dags/example_branch_day_of_week_operator.py for tasks to queue
[2026-03-28T18:41:45.437+0500] {logging_mixin.py:188} INFO - [2026-03-28T18:41:45.437+0500] {dagbag.py:545} INFO - Filling up the DagBag from /home/abayturar/airflow-project/venv/lib/python3.12/site-packages/airflow/example_dags/example_branch_day_of_week_operator.py
[2026-03-28T18:41:45.446+0500] {processor.py:840} INFO - DAG(s) 'example_weekday_branch_operator' retrieved from /home/abayturar/airflow-project/venv/lib/python3.12/site-packages/airflow/example_dags/example_branch_day_of_week_operator.py
[2026-03-28T18:41:45.466+0500] {logging_mixin.py:188} INFO - [2026-03-28T18:41:45.466+0500] {dag.py:3089} INFO - Sync 1 DAGs
[2026-03-28T18:41:45.481+0500] {logging_mixin.py:188} INFO - [2026-03-28T18:41:45.481+0500] {dag.py:3947} INFO - Setting next_dagrun for example_weekday_branch_operator to 2026-03-27 00:00:00+00:00, run_after=2026-03-28 00:00:00+00:00
[2026-03-28T18:41:45.496+0500] {processor.py:183} INFO - Processing /home/abayturar/airflow-project/venv/lib/python3.12/site-packages/airflow/example_dags/example_branch_day_of_week_operator.py took 0.069 seconds
[2026-03-28T18:42:44.065+0500] {processor.py:161} INFO - Started process (PID=21958) to work on /home/abayturar/airflow-project/venv/lib/python3.12/site-packages/airflow/example_dags/example_branch_day_of_week_operator.py
[2026-03-28T18:42:44.066+0500] {processor.py:830} INFO - Processing file /home/abayturar/airflow-project/venv/lib/python3.12/site-packages/airflow/example_dags/example_branch_day_of_week_operator.py for tasks to queue
[2026-03-28T18:42:44.067+0500] {logging_mixin.py:188} INFO - [2026-03-28T18:42:44.067+0500] {dagbag.py:545} INFO - Filling up the DagBag from /home/abayturar/airflow-project/venv/lib/python3.12/site-packages/airflow/example_dags/example_branch_day_of_week_operator.py
[2026-03-28T18:42:44.075+0500] {processor.py:840} INFO - DAG(s) 'example_weekday_branch_operator' retrieved from /home/abayturar/airflow-project/venv/lib/python3.12/site-packages/airflow/example_dags/example_branch_day_of_week_operator.py
[2026-03-28T18:42:44.091+0500] {logging_mixin.py:188} INFO - [2026-03-28T18:42:44.091+0500] {dag.py:3089} INFO - Sync 1 DAGs
[2026-03-28T18:42:44.105+0500] {logging_mixin.py:188} INFO - [2026-03-28T18:42:44.105+0500] {dag.py:3947} INFO - Setting next_dagrun for example_weekday_branch_operator to 2026-03-27 00:00:00+00:00, run_after=2026-03-28 00:00:00+00:00
[2026-03-28T18:42:44.120+0500] {processor.py:183} INFO - Processing /home/abayturar/airflow-project/venv/lib/python3.12/site-packages/airflow/example_dags/example_branch_day_of_week_operator.py took 0.061 seconds
[2026-03-28T18:43:56.744+0500] {processor.py:161} INFO - Started process (PID=22189) to work on /home/abayturar/airflow-project/venv/lib/python3.12/site-packages/airflow/example_dags/example_branch_day_of_week_operator.py
[2026-03-28T18:43:56.745+0500] {processor.py:830} INFO - Processing file /home/abayturar/airflow-project/venv/lib/python3.12/site-packages/airflow/example_dags/example_branch_day_of_week_operator.py for tasks to queue
[2026-03-28T18:43:56.747+0500] {logging_mixin.py:188} INFO - [2026-03-28T18:43:56.746+0500] {dagbag.py:545} INFO - Filling up the DagBag from /home/abayturar/airflow-project/venv/lib/python3.12/site-packages/airflow/example_dags/example_branch_day_of_week_operator.py
[2026-03-28T18:43:56.754+0500] {processor.py:840} INFO - DAG(s) 'example_weekday_branch_operator' retrieved from /home/abayturar/airflow-project/venv/lib/python3.12/site-packages/airflow/example_dags/example_branch_day_of_week_operator.py
[2026-03-28T18:43:56.772+0500] {logging_mixin.py:188} INFO - [2026-03-28T18:43:56.772+0500] {dag.py:3089} INFO - Sync 1 DAGs
[2026-03-28T18:43:56.881+0500] {logging_mixin.py:188} INFO - [2026-03-28T18:43:56.881+0500] {dag.py:3947} INFO - Setting next_dagrun for example_weekday_branch_operator to 2026-03-27 00:00:00+00:00, run_after=2026-03-28 00:00:00+00:00
[2026-03-28T18:43:56.908+0500] {processor.py:183} INFO - Processing /home/abayturar/airflow-project/venv/lib/python3.12/site-packages/airflow/example_dags/example_branch_day_of_week_operator.py took 0.170 seconds
[2026-03-28T18:45:11.383+0500] {processor.py:161} INFO - Started process (PID=22390) to work on /home/abayturar/airflow-project/venv/lib/python3.12/site-packages/airflow/example_dags/example_branch_day_of_week_operator.py
[2026-03-28T18:45:11.384+0500] {processor.py:830} INFO - Processing file /home/abayturar/airflow-project/venv/lib/python3.12/site-packages/airflow/example_dags/example_branch_day_of_week_operator.py for tasks to queue
[2026-03-28T18:45:11.386+0500] {logging_mixin.py:188} INFO - [2026-03-28T18:45:11.385+0500] {dagbag.py:545} INFO - Filling up the DagBag from /home/abayturar/airflow-project/venv/lib/python3.12/site-packages/airflow/example_dags/example_branch_day_of_week_operator.py
[2026-03-28T18:45:11.394+0500] {processor.py:840} INFO - DAG(s) 'example_weekday_branch_operator' retrieved from /home/abayturar/airflow-project/venv/lib/python3.12/site-packages/airflow/example_dags/example_branch_day_of_week_operator.py
[2026-03-28T18:45:11.414+0500] {logging_mixin.py:188} INFO - [2026-03-28T18:45:11.414+0500] {dag.py:3089} INFO - Sync 1 DAGs
[2026-03-28T18:45:11.428+0500] {logging_mixin.py:188} INFO - [2026-03-28T18:45:11.428+0500] {dag.py:3947} INFO - Setting next_dagrun for example_weekday_branch_operator to 2026-03-27 00:00:00+00:00, run_after=2026-03-28 00:00:00+00:00
[2026-03-28T18:45:11.455+0500] {processor.py:183} INFO - Processing /home/abayturar/airflow-project/venv/lib/python3.12/site-packages/airflow/example_dags/example_branch_day_of_week_operator.py took 0.078 seconds
[2026-03-28T18:46:23.667+0500] {processor.py:161} INFO - Started process (PID=22578) to work on /home/abayturar/airflow-project/venv/lib/python3.12/site-packages/airflow/example_dags/example_branch_day_of_week_operator.py
[2026-03-28T18:46:23.668+0500] {processor.py:830} INFO - Processing file /home/abayturar/airflow-project/venv/lib/python3.12/site-packages/airflow/example_dags/example_branch_day_of_week_operator.py for tasks to queue
[2026-03-28T18:46:23.669+0500] {logging_mixin.py:188} INFO - [2026-03-28T18:46:23.669+0500] {dagbag.py:545} INFO - Filling up the DagBag from /home/abayturar/airflow-project/venv/lib/python3.12/site-packages/airflow/example_dags/example_branch_day_of_week_operator.py
[2026-03-28T18:46:23.677+0500] {processor.py:840} INFO - DAG(s) 'example_weekday_branch_operator' retrieved from /home/abayturar/airflow-project/venv/lib/python3.12/site-packages/airflow/example_dags/example_branch_day_of_week_operator.py
[2026-03-28T18:46:23.694+0500] {logging_mixin.py:188} INFO - [2026-03-28T18:46:23.694+0500] {dag.py:3089} INFO - Sync 1 DAGs
[2026-03-28T18:46:23.709+0500] {logging_mixin.py:188} INFO - [2026-03-28T18:46:23.709+0500] {dag.py:3947} INFO - Setting next_dagrun for example_weekday_branch_operator to 2026-03-27 00:00:00+00:00, run_after=2026-03-28 00:00:00+00:00
[2026-03-28T18:46:23.726+0500] {processor.py:183} INFO - Processing /home/abayturar/airflow-project/venv/lib/python3.12/site-packages/airflow/example_dags/example_branch_day_of_week_operator.py took 0.067 seconds
[2026-03-28T18:47:33.927+0500] {processor.py:161} INFO - Started process (PID=22769) to work on /home/abayturar/airflow-project/venv/lib/python3.12/site-packages/airflow/example_dags/example_branch_day_of_week_operator.py
[2026-03-28T18:47:33.928+0500] {processor.py:830} INFO - Processing file /home/abayturar/airflow-project/venv/lib/python3.12/site-packages/airflow/example_dags/example_branch_day_of_week_operator.py for tasks to queue
[2026-03-28T18:47:33.929+0500] {logging_mixin.py:188} INFO - [2026-03-28T18:47:33.929+0500] {dagbag.py:545} INFO - Filling up the DagBag from /home/abayturar/airflow-project/venv/lib/python3.12/site-packages/airflow/example_dags/example_branch_day_of_week_operator.py
[2026-03-28T18:47:33.936+0500] {processor.py:840} INFO - DAG(s) 'example_weekday_branch_operator' retrieved from /home/abayturar/airflow-project/venv/lib/python3.12/site-packages/airflow/example_dags/example_branch_day_of_week_operator.py
[2026-03-28T18:47:33.953+0500] {logging_mixin.py:188} INFO - [2026-03-28T18:47:33.953+0500] {dag.py:3089} INFO - Sync 1 DAGs
[2026-03-28T18:47:33.967+0500] {logging_mixin.py:188} INFO - [2026-03-28T18:47:33.967+0500] {dag.py:3947} INFO - Setting next_dagrun for example_weekday_branch_operator to 2026-03-27 00:00:00+00:00, run_after=2026-03-28 00:00:00+00:00
[2026-03-28T18:47:33.993+0500] {processor.py:183} INFO - Processing /home/abayturar/airflow-project/venv/lib/python3.12/site-packages/airflow/example_dags/example_branch_day_of_week_operator.py took 0.072 seconds
[2026-03-28T18:48:40.050+0500] {processor.py:161} INFO - Started process (PID=22945) to work on /home/abayturar/airflow-project/venv/lib/python3.12/site-packages/airflow/example_dags/example_branch_day_of_week_operator.py
[2026-03-28T18:48:40.051+0500] {processor.py:830} INFO - Processing file /home/abayturar/airflow-project/venv/lib/python3.12/site-packages/airflow/example_dags/example_branch_day_of_week_operator.py for tasks to queue
[2026-03-28T18:48:40.053+0500] {logging_mixin.py:188} INFO - [2026-03-28T18:48:40.053+0500] {dagbag.py:545} INFO - Filling up the DagBag from /home/abayturar/airflow-project/venv/lib/python3.12/site-packages/airflow/example_dags/example_branch_day_of_week_operator.py
[2026-03-28T18:48:40.060+0500] {processor.py:840} INFO - DAG(s) 'example_weekday_branch_operator' retrieved from /home/abayturar/airflow-project/venv/lib/python3.12/site-packages/airflow/example_dags/example_branch_day_of_week_operator.py
[2026-03-28T18:48:40.077+0500] {logging_mixin.py:188} INFO - [2026-03-28T18:48:40.077+0500] {dag.py:3089} INFO - Sync 1 DAGs
[2026-03-28T18:48:40.092+0500] {logging_mixin.py:188} INFO - [2026-03-28T18:48:40.092+0500] {dag.py:3947} INFO - Setting next_dagrun for example_weekday_branch_operator to 2026-03-27 00:00:00+00:00, run_after=2026-03-28 00:00:00+00:00
[2026-03-28T18:48:40.119+0500] {processor.py:183} INFO - Processing /home/abayturar/airflow-project/venv/lib/python3.12/site-packages/airflow/example_dags/example_branch_day_of_week_operator.py took 0.075 seconds
[2026-03-28T18:49:48.287+0500] {processor.py:161} INFO - Started process (PID=23134) to work on /home/abayturar/airflow-project/venv/lib/python3.12/site-packages/airflow/example_dags/example_branch_day_of_week_operator.py
[2026-03-28T18:49:48.287+0500] {processor.py:830} INFO - Processing file /home/abayturar/airflow-project/venv/lib/python3.12/site-packages/airflow/example_dags/example_branch_day_of_week_operator.py for tasks to queue
[2026-03-28T18:49:48.289+0500] {logging_mixin.py:188} INFO - [2026-03-28T18:49:48.289+0500] {dagbag.py:545} INFO - Filling up the DagBag from /home/abayturar/airflow-project/venv/lib/python3.12/site-packages/airflow/example_dags/example_branch_day_of_week_operator.py
[2026-03-28T18:49:48.297+0500] {processor.py:840} INFO - DAG(s) 'example_weekday_branch_operator' retrieved from /home/abayturar/airflow-project/venv/lib/python3.12/site-packages/airflow/example_dags/example_branch_day_of_week_operator.py
[2026-03-28T18:49:48.314+0500] {logging_mixin.py:188} INFO - [2026-03-28T18:49:48.314+0500] {dag.py:3089} INFO - Sync 1 DAGs
[2026-03-28T18:49:48.329+0500] {logging_mixin.py:188} INFO - [2026-03-28T18:49:48.329+0500] {dag.py:3947} INFO - Setting next_dagrun for example_weekday_branch_operator to 2026-03-27 00:00:00+00:00, run_after=2026-03-28 00:00:00+00:00
[2026-03-28T18:49:48.355+0500] {processor.py:183} INFO - Processing /home/abayturar/airflow-project/venv/lib/python3.12/site-packages/airflow/example_dags/example_branch_day_of_week_operator.py took 0.075 seconds
[2026-03-28T18:50:58.111+0500] {processor.py:161} INFO - Started process (PID=23315) to work on /home/abayturar/airflow-project/venv/lib/python3.12/site-packages/airflow/example_dags/example_branch_day_of_week_operator.py
[2026-03-28T18:50:58.112+0500] {processor.py:830} INFO - Processing file /home/abayturar/airflow-project/venv/lib/python3.12/site-packages/airflow/example_dags/example_branch_day_of_week_operator.py for tasks to queue
[2026-03-28T18:50:58.115+0500] {logging_mixin.py:188} INFO - [2026-03-28T18:50:58.114+0500] {dagbag.py:545} INFO - Filling up the DagBag from /home/abayturar/airflow-project/venv/lib/python3.12/site-packages/airflow/example_dags/example_branch_day_of_week_operator.py
[2026-03-28T18:50:58.127+0500] {processor.py:840} INFO - DAG(s) 'example_weekday_branch_operator' retrieved from /home/abayturar/airflow-project/venv/lib/python3.12/site-packages/airflow/example_dags/example_branch_day_of_week_operator.py
[2026-03-28T18:50:58.155+0500] {logging_mixin.py:188} INFO - [2026-03-28T18:50:58.154+0500] {dag.py:3089} INFO - Sync 1 DAGs
[2026-03-28T18:50:58.180+0500] {logging_mixin.py:188} INFO - [2026-03-28T18:50:58.179+0500] {dag.py:3947} INFO - Setting next_dagrun for example_weekday_branch_operator to 2026-03-27 00:00:00+00:00, run_after=2026-03-28 00:00:00+00:00
[2026-03-28T18:50:58.203+0500] {processor.py:183} INFO - Processing /home/abayturar/airflow-project/venv/lib/python3.12/site-packages/airflow/example_dags/example_branch_day_of_week_operator.py took 0.101 seconds
[2026-03-28T18:52:07.797+0500] {processor.py:161} INFO - Started process (PID=23507) to work on /home/abayturar/airflow-project/venv/lib/python3.12/site-packages/airflow/example_dags/example_branch_day_of_week_operator.py
[2026-03-28T18:52:07.798+0500] {processor.py:830} INFO - Processing file /home/abayturar/airflow-project/venv/lib/python3.12/site-packages/airflow/example_dags/example_branch_day_of_week_operator.py for tasks to queue
[2026-03-28T18:52:07.801+0500] {logging_mixin.py:188} INFO - [2026-03-28T18:52:07.800+0500] {dagbag.py:545} INFO - Filling up the DagBag from /home/abayturar/airflow-project/venv/lib/python3.12/site-packages/airflow/example_dags/example_branch_day_of_week_operator.py
[2026-03-28T18:52:07.810+0500] {processor.py:840} INFO - DAG(s) 'example_weekday_branch_operator' retrieved from /home/abayturar/airflow-project/venv/lib/python3.12/site-packages/airflow/example_dags/example_branch_day_of_week_operator.py
[2026-03-28T18:52:07.831+0500] {logging_mixin.py:188} INFO - [2026-03-28T18:52:07.831+0500] {dag.py:3089} INFO - Sync 1 DAGs
[2026-03-28T18:52:07.852+0500] {logging_mixin.py:188} INFO - [2026-03-28T18:52:07.852+0500] {dag.py:3947} INFO - Setting next_dagrun for example_weekday_branch_operator to 2026-03-27 00:00:00+00:00, run_after=2026-03-28 00:00:00+00:00
[2026-03-28T18:52:07.884+0500] {processor.py:183} INFO - Processing /home/abayturar/airflow-project/venv/lib/python3.12/site-packages/airflow/example_dags/example_branch_day_of_week_operator.py took 0.094 seconds
[2026-03-28T18:53:15.531+0500] {processor.py:161} INFO - Started process (PID=23686) to work on /home/abayturar/airflow-project/venv/lib/python3.12/site-packages/airflow/example_dags/example_branch_day_of_week_operator.py
[2026-03-28T18:53:15.531+0500] {processor.py:830} INFO - Processing file /home/abayturar/airflow-project/venv/lib/python3.12/site-packages/airflow/example_dags/example_branch_day_of_week_operator.py for tasks to queue
[2026-03-28T18:53:15.533+0500] {logging_mixin.py:188} INFO - [2026-03-28T18:53:15.533+0500] {dagbag.py:545} INFO - Filling up the DagBag from /home/abayturar/airflow-project/venv/lib/python3.12/site-packages/airflow/example_dags/example_branch_day_of_week_operator.py
[2026-03-28T18:53:15.540+0500] {processor.py:840} INFO - DAG(s) 'example_weekday_branch_operator' retrieved from /home/abayturar/airflow-project/venv/lib/python3.12/site-packages/airflow/example_dags/example_branch_day_of_week_operator.py
[2026-03-28T18:53:15.557+0500] {logging_mixin.py:188} INFO - [2026-03-28T18:53:15.556+0500] {dag.py:3089} INFO - Sync 1 DAGs
[2026-03-28T18:53:15.570+0500] {logging_mixin.py:188} INFO - [2026-03-28T18:53:15.570+0500] {dag.py:3947} INFO - Setting next_dagrun for example_weekday_branch_operator to 2026-03-27 00:00:00+00:00, run_after=2026-03-28 00:00:00+00:00
[2026-03-28T18:53:15.596+0500] {processor.py:183} INFO - Processing /home/abayturar/airflow-project/venv/lib/python3.12/site-packages/airflow/example_dags/example_branch_day_of_week_operator.py took 0.071 seconds
[2026-03-28T18:54:24.026+0500] {processor.py:161} INFO - Started process (PID=23873) to work on /home/abayturar/airflow-project/venv/lib/python3.12/site-packages/airflow/example_dags/example_branch_day_of_week_operator.py
[2026-03-28T18:54:24.027+0500] {processor.py:830} INFO - Processing file /home/abayturar/airflow-project/venv/lib/python3.12/site-packages/airflow/example_dags/example_branch_day_of_week_operator.py for tasks to queue
[2026-03-28T18:54:24.028+0500] {logging_mixin.py:188} INFO - [2026-03-28T18:54:24.028+0500] {dagbag.py:545} INFO - Filling up the DagBag from /home/abayturar/airflow-project/venv/lib/python3.12/site-packages/airflow/example_dags/example_branch_day_of_week_operator.py
[2026-03-28T18:54:24.036+0500] {processor.py:840} INFO - DAG(s) 'example_weekday_branch_operator' retrieved from /home/abayturar/airflow-project/venv/lib/python3.12/site-packages/airflow/example_dags/example_branch_day_of_week_operator.py
[2026-03-28T18:54:24.055+0500] {logging_mixin.py:188} INFO - [2026-03-28T18:54:24.054+0500] {dag.py:3089} INFO - Sync 1 DAGs
[2026-03-28T18:54:24.071+0500] {logging_mixin.py:188} INFO - [2026-03-28T18:54:24.070+0500] {dag.py:3947} INFO - Setting next_dagrun for example_weekday_branch_operator to 2026-03-27 00:00:00+00:00, run_after=2026-03-28 00:00:00+00:00
[2026-03-28T18:54:24.097+0500] {processor.py:183} INFO - Processing /home/abayturar/airflow-project/venv/lib/python3.12/site-packages/airflow/example_dags/example_branch_day_of_week_operator.py took 0.077 seconds
[2026-03-28T18:55:35.305+0500] {processor.py:161} INFO - Started process (PID=24059) to work on /home/abayturar/airflow-project/venv/lib/python3.12/site-packages/airflow/example_dags/example_branch_day_of_week_operator.py
[2026-03-28T18:55:35.307+0500] {processor.py:830} INFO - Processing file /home/abayturar/airflow-project/venv/lib/python3.12/site-packages/airflow/example_dags/example_branch_day_of_week_operator.py for tasks to queue
[2026-03-28T18:55:35.309+0500] {logging_mixin.py:188} INFO - [2026-03-28T18:55:35.308+0500] {dagbag.py:545} INFO - Filling up the DagBag from /home/abayturar/airflow-project/venv/lib/python3.12/site-packages/airflow/example_dags/example_branch_day_of_week_operator.py
[2026-03-28T18:55:35.317+0500] {processor.py:840} INFO - DAG(s) 'example_weekday_branch_operator' retrieved from /home/abayturar/airflow-project/venv/lib/python3.12/site-packages/airflow/example_dags/example_branch_day_of_week_operator.py
[2026-03-28T18:55:35.336+0500] {logging_mixin.py:188} INFO - [2026-03-28T18:55:35.335+0500] {dag.py:3089} INFO - Sync 1 DAGs
[2026-03-28T18:55:35.353+0500] {logging_mixin.py:188} INFO - [2026-03-28T18:55:35.352+0500] {dag.py:3947} INFO - Setting next_dagrun for example_weekday_branch_operator to 2026-03-27 00:00:00+00:00, run_after=2026-03-28 00:00:00+00:00
[2026-03-28T18:55:35.383+0500] {processor.py:183} INFO - Processing /home/abayturar/airflow-project/venv/lib/python3.12/site-packages/airflow/example_dags/example_branch_day_of_week_operator.py took 0.085 seconds
[2026-03-28T18:56:54.109+0500] {processor.py:161} INFO - Started process (PID=24268) to work on /home/abayturar/airflow-project/venv/lib/python3.12/site-packages/airflow/example_dags/example_branch_day_of_week_operator.py
[2026-03-28T18:56:54.110+0500] {processor.py:830} INFO - Processing file /home/abayturar/airflow-project/venv/lib/python3.12/site-packages/airflow/example_dags/example_branch_day_of_week_operator.py for tasks to queue
[2026-03-28T18:56:54.111+0500] {logging_mixin.py:188} INFO - [2026-03-28T18:56:54.111+0500] {dagbag.py:545} INFO - Filling up the DagBag from /home/abayturar/airflow-project/venv/lib/python3.12/site-packages/airflow/example_dags/example_branch_day_of_week_operator.py
[2026-03-28T18:56:54.120+0500] {processor.py:840} INFO - DAG(s) 'example_weekday_branch_operator' retrieved from /home/abayturar/airflow-project/venv/lib/python3.12/site-packages/airflow/example_dags/example_branch_day_of_week_operator.py
[2026-03-28T18:56:54.139+0500] {logging_mixin.py:188} INFO - [2026-03-28T18:56:54.138+0500] {dag.py:3089} INFO - Sync 1 DAGs
[2026-03-28T18:56:54.155+0500] {logging_mixin.py:188} INFO - [2026-03-28T18:56:54.155+0500] {dag.py:3947} INFO - Setting next_dagrun for example_weekday_branch_operator to 2026-03-27 00:00:00+00:00, run_after=2026-03-28 00:00:00+00:00
[2026-03-28T18:56:54.184+0500] {processor.py:183} INFO - Processing /home/abayturar/airflow-project/venv/lib/python3.12/site-packages/airflow/example_dags/example_branch_day_of_week_operator.py took 0.082 seconds
[2026-03-28T18:58:05.271+0500] {processor.py:161} INFO - Started process (PID=24453) to work on /home/abayturar/airflow-project/venv/lib/python3.12/site-packages/airflow/example_dags/example_branch_day_of_week_operator.py
[2026-03-28T18:58:05.272+0500] {processor.py:830} INFO - Processing file /home/abayturar/airflow-project/venv/lib/python3.12/site-packages/airflow/example_dags/example_branch_day_of_week_operator.py for tasks to queue
[2026-03-28T18:58:05.274+0500] {logging_mixin.py:188} INFO - [2026-03-28T18:58:05.273+0500] {dagbag.py:545} INFO - Filling up the DagBag from /home/abayturar/airflow-project/venv/lib/python3.12/site-packages/airflow/example_dags/example_branch_day_of_week_operator.py
[2026-03-28T18:58:05.281+0500] {processor.py:840} INFO - DAG(s) 'example_weekday_branch_operator' retrieved from /home/abayturar/airflow-project/venv/lib/python3.12/site-packages/airflow/example_dags/example_branch_day_of_week_operator.py
[2026-03-28T18:58:05.299+0500] {logging_mixin.py:188} INFO - [2026-03-28T18:58:05.299+0500] {dag.py:3089} INFO - Sync 1 DAGs
[2026-03-28T18:58:05.317+0500] {logging_mixin.py:188} INFO - [2026-03-28T18:58:05.317+0500] {dag.py:3947} INFO - Setting next_dagrun for example_weekday_branch_operator to 2026-03-27 00:00:00+00:00, run_after=2026-03-28 00:00:00+00:00
[2026-03-28T18:58:05.346+0500] {processor.py:183} INFO - Processing /home/abayturar/airflow-project/venv/lib/python3.12/site-packages/airflow/example_dags/example_branch_day_of_week_operator.py took 0.081 seconds
[2026-03-28T18:59:13.901+0500] {processor.py:161} INFO - Started process (PID=24643) to work on /home/abayturar/airflow-project/venv/lib/python3.12/site-packages/airflow/example_dags/example_branch_day_of_week_operator.py
[2026-03-28T18:59:13.902+0500] {processor.py:830} INFO - Processing file /home/abayturar/airflow-project/venv/lib/python3.12/site-packages/airflow/example_dags/example_branch_day_of_week_operator.py for tasks to queue
[2026-03-28T18:59:13.904+0500] {logging_mixin.py:188} INFO - [2026-03-28T18:59:13.903+0500] {dagbag.py:545} INFO - Filling up the DagBag from /home/abayturar/airflow-project/venv/lib/python3.12/site-packages/airflow/example_dags/example_branch_day_of_week_operator.py
[2026-03-28T18:59:13.911+0500] {processor.py:840} INFO - DAG(s) 'example_weekday_branch_operator' retrieved from /home/abayturar/airflow-project/venv/lib/python3.12/site-packages/airflow/example_dags/example_branch_day_of_week_operator.py
[2026-03-28T18:59:13.927+0500] {logging_mixin.py:188} INFO - [2026-03-28T18:59:13.927+0500] {dag.py:3089} INFO - Sync 1 DAGs
[2026-03-28T18:59:13.942+0500] {logging_mixin.py:188} INFO - [2026-03-28T18:59:13.942+0500] {dag.py:3947} INFO - Setting next_dagrun for example_weekday_branch_operator to 2026-03-27 00:00:00+00:00, run_after=2026-03-28 00:00:00+00:00
[2026-03-28T18:59:13.969+0500] {processor.py:183} INFO - Processing /home/abayturar/airflow-project/venv/lib/python3.12/site-packages/airflow/example_dags/example_branch_day_of_week_operator.py took 0.074 seconds
[2026-03-28T19:00:25.991+0500] {processor.py:161} INFO - Started process (PID=24833) to work on /home/abayturar/airflow-project/venv/lib/python3.12/site-packages/airflow/example_dags/example_branch_day_of_week_operator.py
[2026-03-28T19:00:25.992+0500] {processor.py:830} INFO - Processing file /home/abayturar/airflow-project/venv/lib/python3.12/site-packages/airflow/example_dags/example_branch_day_of_week_operator.py for tasks to queue
[2026-03-28T19:00:25.994+0500] {logging_mixin.py:188} INFO - [2026-03-28T19:00:25.994+0500] {dagbag.py:545} INFO - Filling up the DagBag from /home/abayturar/airflow-project/venv/lib/python3.12/site-packages/airflow/example_dags/example_branch_day_of_week_operator.py
[2026-03-28T19:00:26.003+0500] {processor.py:840} INFO - DAG(s) 'example_weekday_branch_operator' retrieved from /home/abayturar/airflow-project/venv/lib/python3.12/site-packages/airflow/example_dags/example_branch_day_of_week_operator.py
[2026-03-28T19:00:26.023+0500] {logging_mixin.py:188} INFO - [2026-03-28T19:00:26.023+0500] {dag.py:3089} INFO - Sync 1 DAGs
[2026-03-28T19:00:26.040+0500] {logging_mixin.py:188} INFO - [2026-03-28T19:00:26.040+0500] {dag.py:3947} INFO - Setting next_dagrun for example_weekday_branch_operator to 2026-03-27 00:00:00+00:00, run_after=2026-03-28 00:00:00+00:00
[2026-03-28T19:00:26.057+0500] {processor.py:183} INFO - Processing /home/abayturar/airflow-project/venv/lib/python3.12/site-packages/airflow/example_dags/example_branch_day_of_week_operator.py took 0.074 seconds
[2026-03-28T19:01:37.486+0500] {processor.py:161} INFO - Started process (PID=25028) to work on /home/abayturar/airflow-project/venv/lib/python3.12/site-packages/airflow/example_dags/example_branch_day_of_week_operator.py
[2026-03-28T19:01:37.487+0500] {processor.py:830} INFO - Processing file /home/abayturar/airflow-project/venv/lib/python3.12/site-packages/airflow/example_dags/example_branch_day_of_week_operator.py for tasks to queue
[2026-03-28T19:01:37.489+0500] {logging_mixin.py:188} INFO - [2026-03-28T19:01:37.488+0500] {dagbag.py:545} INFO - Filling up the DagBag from /home/abayturar/airflow-project/venv/lib/python3.12/site-packages/airflow/example_dags/example_branch_day_of_week_operator.py
[2026-03-28T19:01:37.497+0500] {processor.py:840} INFO - DAG(s) 'example_weekday_branch_operator' retrieved from /home/abayturar/airflow-project/venv/lib/python3.12/site-packages/airflow/example_dags/example_branch_day_of_week_operator.py
[2026-03-28T19:01:37.515+0500] {logging_mixin.py:188} INFO - [2026-03-28T19:01:37.514+0500] {dag.py:3089} INFO - Sync 1 DAGs
[2026-03-28T19:01:37.530+0500] {logging_mixin.py:188} INFO - [2026-03-28T19:01:37.530+0500] {dag.py:3947} INFO - Setting next_dagrun for example_weekday_branch_operator to 2026-03-27 00:00:00+00:00, run_after=2026-03-28 00:00:00+00:00
[2026-03-28T19:01:37.558+0500] {processor.py:183} INFO - Processing /home/abayturar/airflow-project/venv/lib/python3.12/site-packages/airflow/example_dags/example_branch_day_of_week_operator.py took 0.080 seconds
[2026-03-28T19:02:42.904+0500] {processor.py:161} INFO - Started process (PID=25201) to work on /home/abayturar/airflow-project/venv/lib/python3.12/site-packages/airflow/example_dags/example_branch_day_of_week_operator.py
[2026-03-28T19:02:42.905+0500] {processor.py:830} INFO - Processing file /home/abayturar/airflow-project/venv/lib/python3.12/site-packages/airflow/example_dags/example_branch_day_of_week_operator.py for tasks to queue
[2026-03-28T19:02:42.906+0500] {logging_mixin.py:188} INFO - [2026-03-28T19:02:42.906+0500] {dagbag.py:545} INFO - Filling up the DagBag from /home/abayturar/airflow-project/venv/lib/python3.12/site-packages/airflow/example_dags/example_branch_day_of_week_operator.py
[2026-03-28T19:02:42.916+0500] {processor.py:840} INFO - DAG(s) 'example_weekday_branch_operator' retrieved from /home/abayturar/airflow-project/venv/lib/python3.12/site-packages/airflow/example_dags/example_branch_day_of_week_operator.py
[2026-03-28T19:02:42.938+0500] {logging_mixin.py:188} INFO - [2026-03-28T19:02:42.938+0500] {dag.py:3089} INFO - Sync 1 DAGs
[2026-03-28T19:02:42.960+0500] {logging_mixin.py:188} INFO - [2026-03-28T19:02:42.960+0500] {dag.py:3947} INFO - Setting next_dagrun for example_weekday_branch_operator to 2026-03-27 00:00:00+00:00, run_after=2026-03-28 00:00:00+00:00
[2026-03-28T19:02:42.987+0500] {processor.py:183} INFO - Processing /home/abayturar/airflow-project/venv/lib/python3.12/site-packages/airflow/example_dags/example_branch_day_of_week_operator.py took 0.089 seconds
[2026-03-28T19:03:49.686+0500] {processor.py:161} INFO - Started process (PID=25385) to work on /home/abayturar/airflow-project/venv/lib/python3.12/site-packages/airflow/example_dags/example_branch_day_of_week_operator.py
[2026-03-28T19:03:49.687+0500] {processor.py:830} INFO - Processing file /home/abayturar/airflow-project/venv/lib/python3.12/site-packages/airflow/example_dags/example_branch_day_of_week_operator.py for tasks to queue
[2026-03-28T19:03:49.689+0500] {logging_mixin.py:188} INFO - [2026-03-28T19:03:49.689+0500] {dagbag.py:545} INFO - Filling up the DagBag from /home/abayturar/airflow-project/venv/lib/python3.12/site-packages/airflow/example_dags/example_branch_day_of_week_operator.py
[2026-03-28T19:03:49.700+0500] {processor.py:840} INFO - DAG(s) 'example_weekday_branch_operator' retrieved from /home/abayturar/airflow-project/venv/lib/python3.12/site-packages/airflow/example_dags/example_branch_day_of_week_operator.py
[2026-03-28T19:03:49.725+0500] {logging_mixin.py:188} INFO - [2026-03-28T19:03:49.724+0500] {dag.py:3089} INFO - Sync 1 DAGs
[2026-03-28T19:03:49.744+0500] {logging_mixin.py:188} INFO - [2026-03-28T19:03:49.744+0500] {dag.py:3947} INFO - Setting next_dagrun for example_weekday_branch_operator to 2026-03-27 00:00:00+00:00, run_after=2026-03-28 00:00:00+00:00
[2026-03-28T19:03:49.777+0500] {processor.py:183} INFO - Processing /home/abayturar/airflow-project/venv/lib/python3.12/site-packages/airflow/example_dags/example_branch_day_of_week_operator.py took 0.101 seconds
[2026-03-28T19:05:00.598+0500] {processor.py:161} INFO - Started process (PID=25572) to work on /home/abayturar/airflow-project/venv/lib/python3.12/site-packages/airflow/example_dags/example_branch_day_of_week_operator.py
[2026-03-28T19:05:00.599+0500] {processor.py:830} INFO - Processing file /home/abayturar/airflow-project/venv/lib/python3.12/site-packages/airflow/example_dags/example_branch_day_of_week_operator.py for tasks to queue
[2026-03-28T19:05:00.600+0500] {logging_mixin.py:188} INFO - [2026-03-28T19:05:00.600+0500] {dagbag.py:545} INFO - Filling up the DagBag from /home/abayturar/airflow-project/venv/lib/python3.12/site-packages/airflow/example_dags/example_branch_day_of_week_operator.py
[2026-03-28T19:05:00.607+0500] {processor.py:840} INFO - DAG(s) 'example_weekday_branch_operator' retrieved from /home/abayturar/airflow-project/venv/lib/python3.12/site-packages/airflow/example_dags/example_branch_day_of_week_operator.py
[2026-03-28T19:05:00.623+0500] {logging_mixin.py:188} INFO - [2026-03-28T19:05:00.623+0500] {dag.py:3089} INFO - Sync 1 DAGs
[2026-03-28T19:05:00.636+0500] {logging_mixin.py:188} INFO - [2026-03-28T19:05:00.636+0500] {dag.py:3947} INFO - Setting next_dagrun for example_weekday_branch_operator to 2026-03-27 00:00:00+00:00, run_after=2026-03-28 00:00:00+00:00
[2026-03-28T19:05:00.662+0500] {processor.py:183} INFO - Processing /home/abayturar/airflow-project/venv/lib/python3.12/site-packages/airflow/example_dags/example_branch_day_of_week_operator.py took 0.070 seconds
[2026-03-28T19:06:05.165+0500] {processor.py:161} INFO - Started process (PID=25753) to work on /home/abayturar/airflow-project/venv/lib/python3.12/site-packages/airflow/example_dags/example_branch_day_of_week_operator.py
[2026-03-28T19:06:05.166+0500] {processor.py:830} INFO - Processing file /home/abayturar/airflow-project/venv/lib/python3.12/site-packages/airflow/example_dags/example_branch_day_of_week_operator.py for tasks to queue
[2026-03-28T19:06:05.168+0500] {logging_mixin.py:188} INFO - [2026-03-28T19:06:05.168+0500] {dagbag.py:545} INFO - Filling up the DagBag from /home/abayturar/airflow-project/venv/lib/python3.12/site-packages/airflow/example_dags/example_branch_day_of_week_operator.py
[2026-03-28T19:06:05.177+0500] {processor.py:840} INFO - DAG(s) 'example_weekday_branch_operator' retrieved from /home/abayturar/airflow-project/venv/lib/python3.12/site-packages/airflow/example_dags/example_branch_day_of_week_operator.py
[2026-03-28T19:06:05.194+0500] {logging_mixin.py:188} INFO - [2026-03-28T19:06:05.194+0500] {dag.py:3089} INFO - Sync 1 DAGs
[2026-03-28T19:06:05.209+0500] {logging_mixin.py:188} INFO - [2026-03-28T19:06:05.209+0500] {dag.py:3947} INFO - Setting next_dagrun for example_weekday_branch_operator to 2026-03-27 00:00:00+00:00, run_after=2026-03-28 00:00:00+00:00
[2026-03-28T19:06:05.236+0500] {processor.py:183} INFO - Processing /home/abayturar/airflow-project/venv/lib/python3.12/site-packages/airflow/example_dags/example_branch_day_of_week_operator.py took 0.078 seconds
[2026-03-28T19:07:08.240+0500] {processor.py:161} INFO - Started process (PID=25919) to work on /home/abayturar/airflow-project/venv/lib/python3.12/site-packages/airflow/example_dags/example_branch_day_of_week_operator.py
[2026-03-28T19:07:08.242+0500] {processor.py:830} INFO - Processing file /home/abayturar/airflow-project/venv/lib/python3.12/site-packages/airflow/example_dags/example_branch_day_of_week_operator.py for tasks to queue
[2026-03-28T19:07:08.244+0500] {logging_mixin.py:188} INFO - [2026-03-28T19:07:08.243+0500] {dagbag.py:545} INFO - Filling up the DagBag from /home/abayturar/airflow-project/venv/lib/python3.12/site-packages/airflow/example_dags/example_branch_day_of_week_operator.py
[2026-03-28T19:07:08.252+0500] {processor.py:840} INFO - DAG(s) 'example_weekday_branch_operator' retrieved from /home/abayturar/airflow-project/venv/lib/python3.12/site-packages/airflow/example_dags/example_branch_day_of_week_operator.py
[2026-03-28T19:07:08.271+0500] {logging_mixin.py:188} INFO - [2026-03-28T19:07:08.270+0500] {dag.py:3089} INFO - Sync 1 DAGs
[2026-03-28T19:07:08.285+0500] {logging_mixin.py:188} INFO - [2026-03-28T19:07:08.285+0500] {dag.py:3947} INFO - Setting next_dagrun for example_weekday_branch_operator to 2026-03-27 00:00:00+00:00, run_after=2026-03-28 00:00:00+00:00
[2026-03-28T19:07:08.300+0500] {processor.py:183} INFO - Processing /home/abayturar/airflow-project/venv/lib/python3.12/site-packages/airflow/example_dags/example_branch_day_of_week_operator.py took 0.067 seconds
[2026-03-28T19:08:23.140+0500] {processor.py:161} INFO - Started process (PID=26122) to work on /home/abayturar/airflow-project/venv/lib/python3.12/site-packages/airflow/example_dags/example_branch_day_of_week_operator.py
[2026-03-28T19:08:23.141+0500] {processor.py:830} INFO - Processing file /home/abayturar/airflow-project/venv/lib/python3.12/site-packages/airflow/example_dags/example_branch_day_of_week_operator.py for tasks to queue
[2026-03-28T19:08:23.143+0500] {logging_mixin.py:188} INFO - [2026-03-28T19:08:23.143+0500] {dagbag.py:545} INFO - Filling up the DagBag from /home/abayturar/airflow-project/venv/lib/python3.12/site-packages/airflow/example_dags/example_branch_day_of_week_operator.py
[2026-03-28T19:08:23.152+0500] {processor.py:840} INFO - DAG(s) 'example_weekday_branch_operator' retrieved from /home/abayturar/airflow-project/venv/lib/python3.12/site-packages/airflow/example_dags/example_branch_day_of_week_operator.py
[2026-03-28T19:08:23.171+0500] {logging_mixin.py:188} INFO - [2026-03-28T19:08:23.171+0500] {dag.py:3089} INFO - Sync 1 DAGs
[2026-03-28T19:08:23.185+0500] {logging_mixin.py:188} INFO - [2026-03-28T19:08:23.185+0500] {dag.py:3947} INFO - Setting next_dagrun for example_weekday_branch_operator to 2026-03-27 00:00:00+00:00, run_after=2026-03-28 00:00:00+00:00
[2026-03-28T19:08:23.200+0500] {processor.py:183} INFO - Processing /home/abayturar/airflow-project/venv/lib/python3.12/site-packages/airflow/example_dags/example_branch_day_of_week_operator.py took 0.067 seconds
[2026-03-28T19:09:31.735+0500] {processor.py:161} INFO - Started process (PID=26303) to work on /home/abayturar/airflow-project/venv/lib/python3.12/site-packages/airflow/example_dags/example_branch_day_of_week_operator.py
[2026-03-28T19:09:31.736+0500] {processor.py:830} INFO - Processing file /home/abayturar/airflow-project/venv/lib/python3.12/site-packages/airflow/example_dags/example_branch_day_of_week_operator.py for tasks to queue
[2026-03-28T19:09:31.738+0500] {logging_mixin.py:188} INFO - [2026-03-28T19:09:31.738+0500] {dagbag.py:545} INFO - Filling up the DagBag from /home/abayturar/airflow-project/venv/lib/python3.12/site-packages/airflow/example_dags/example_branch_day_of_week_operator.py
[2026-03-28T19:09:31.747+0500] {processor.py:840} INFO - DAG(s) 'example_weekday_branch_operator' retrieved from /home/abayturar/airflow-project/venv/lib/python3.12/site-packages/airflow/example_dags/example_branch_day_of_week_operator.py
[2026-03-28T19:09:31.770+0500] {logging_mixin.py:188} INFO - [2026-03-28T19:09:31.770+0500] {dag.py:3089} INFO - Sync 1 DAGs
[2026-03-28T19:09:31.788+0500] {logging_mixin.py:188} INFO - [2026-03-28T19:09:31.788+0500] {dag.py:3947} INFO - Setting next_dagrun for example_weekday_branch_operator to 2026-03-27 00:00:00+00:00, run_after=2026-03-28 00:00:00+00:00
[2026-03-28T19:09:31.821+0500] {processor.py:183} INFO - Processing /home/abayturar/airflow-project/venv/lib/python3.12/site-packages/airflow/example_dags/example_branch_day_of_week_operator.py took 0.094 seconds
[2026-03-28T19:10:41.710+0500] {processor.py:161} INFO - Started process (PID=26494) to work on /home/abayturar/airflow-project/venv/lib/python3.12/site-packages/airflow/example_dags/example_branch_day_of_week_operator.py
[2026-03-28T19:10:41.711+0500] {processor.py:830} INFO - Processing file /home/abayturar/airflow-project/venv/lib/python3.12/site-packages/airflow/example_dags/example_branch_day_of_week_operator.py for tasks to queue
[2026-03-28T19:10:41.713+0500] {logging_mixin.py:188} INFO - [2026-03-28T19:10:41.712+0500] {dagbag.py:545} INFO - Filling up the DagBag from /home/abayturar/airflow-project/venv/lib/python3.12/site-packages/airflow/example_dags/example_branch_day_of_week_operator.py
[2026-03-28T19:10:41.722+0500] {processor.py:840} INFO - DAG(s) 'example_weekday_branch_operator' retrieved from /home/abayturar/airflow-project/venv/lib/python3.12/site-packages/airflow/example_dags/example_branch_day_of_week_operator.py
[2026-03-28T19:10:41.740+0500] {logging_mixin.py:188} INFO - [2026-03-28T19:10:41.740+0500] {dag.py:3089} INFO - Sync 1 DAGs
[2026-03-28T19:10:41.755+0500] {logging_mixin.py:188} INFO - [2026-03-28T19:10:41.754+0500] {dag.py:3947} INFO - Setting next_dagrun for example_weekday_branch_operator to 2026-03-27 00:00:00+00:00, run_after=2026-03-28 00:00:00+00:00
[2026-03-28T19:10:41.782+0500] {processor.py:183} INFO - Processing /home/abayturar/airflow-project/venv/lib/python3.12/site-packages/airflow/example_dags/example_branch_day_of_week_operator.py took 0.078 seconds
[2026-03-28T19:11:53.883+0500] {processor.py:161} INFO - Started process (PID=26682) to work on /home/abayturar/airflow-project/venv/lib/python3.12/site-packages/airflow/example_dags/example_branch_day_of_week_operator.py
[2026-03-28T19:11:53.884+0500] {processor.py:830} INFO - Processing file /home/abayturar/airflow-project/venv/lib/python3.12/site-packages/airflow/example_dags/example_branch_day_of_week_operator.py for tasks to queue
[2026-03-28T19:11:53.886+0500] {logging_mixin.py:188} INFO - [2026-03-28T19:11:53.885+0500] {dagbag.py:545} INFO - Filling up the DagBag from /home/abayturar/airflow-project/venv/lib/python3.12/site-packages/airflow/example_dags/example_branch_day_of_week_operator.py
[2026-03-28T19:11:53.893+0500] {processor.py:840} INFO - DAG(s) 'example_weekday_branch_operator' retrieved from /home/abayturar/airflow-project/venv/lib/python3.12/site-packages/airflow/example_dags/example_branch_day_of_week_operator.py
[2026-03-28T19:11:53.909+0500] {logging_mixin.py:188} INFO - [2026-03-28T19:11:53.909+0500] {dag.py:3089} INFO - Sync 1 DAGs
[2026-03-28T19:11:53.923+0500] {logging_mixin.py:188} INFO - [2026-03-28T19:11:53.922+0500] {dag.py:3947} INFO - Setting next_dagrun for example_weekday_branch_operator to 2026-03-27 00:00:00+00:00, run_after=2026-03-28 00:00:00+00:00
[2026-03-28T19:11:53.937+0500] {processor.py:183} INFO - Processing /home/abayturar/airflow-project/venv/lib/python3.12/site-packages/airflow/example_dags/example_branch_day_of_week_operator.py took 0.060 seconds
[2026-03-28T19:13:05.965+0500] {processor.py:161} INFO - Started process (PID=26878) to work on /home/abayturar/airflow-project/venv/lib/python3.12/site-packages/airflow/example_dags/example_branch_day_of_week_operator.py
[2026-03-28T19:13:05.966+0500] {processor.py:830} INFO - Processing file /home/abayturar/airflow-project/venv/lib/python3.12/site-packages/airflow/example_dags/example_branch_day_of_week_operator.py for tasks to queue
[2026-03-28T19:13:05.968+0500] {logging_mixin.py:188} INFO - [2026-03-28T19:13:05.967+0500] {dagbag.py:545} INFO - Filling up the DagBag from /home/abayturar/airflow-project/venv/lib/python3.12/site-packages/airflow/example_dags/example_branch_day_of_week_operator.py
[2026-03-28T19:13:05.975+0500] {processor.py:840} INFO - DAG(s) 'example_weekday_branch_operator' retrieved from /home/abayturar/airflow-project/venv/lib/python3.12/site-packages/airflow/example_dags/example_branch_day_of_week_operator.py
[2026-03-28T19:13:05.990+0500] {logging_mixin.py:188} INFO - [2026-03-28T19:13:05.990+0500] {dag.py:3089} INFO - Sync 1 DAGs
[2026-03-28T19:13:06.004+0500] {logging_mixin.py:188} INFO - [2026-03-28T19:13:06.003+0500] {dag.py:3947} INFO - Setting next_dagrun for example_weekday_branch_operator to 2026-03-27 00:00:00+00:00, run_after=2026-03-28 00:00:00+00:00
[2026-03-28T19:13:06.031+0500] {processor.py:183} INFO - Processing /home/abayturar/airflow-project/venv/lib/python3.12/site-packages/airflow/example_dags/example_branch_day_of_week_operator.py took 0.071 seconds
[2026-03-28T19:14:14.663+0500] {processor.py:161} INFO - Started process (PID=27060) to work on /home/abayturar/airflow-project/venv/lib/python3.12/site-packages/airflow/example_dags/example_branch_day_of_week_operator.py
[2026-03-28T19:14:14.664+0500] {processor.py:830} INFO - Processing file /home/abayturar/airflow-project/venv/lib/python3.12/site-packages/airflow/example_dags/example_branch_day_of_week_operator.py for tasks to queue
[2026-03-28T19:14:14.666+0500] {logging_mixin.py:188} INFO - [2026-03-28T19:14:14.665+0500] {dagbag.py:545} INFO - Filling up the DagBag from /home/abayturar/airflow-project/venv/lib/python3.12/site-packages/airflow/example_dags/example_branch_day_of_week_operator.py
[2026-03-28T19:14:14.674+0500] {processor.py:840} INFO - DAG(s) 'example_weekday_branch_operator' retrieved from /home/abayturar/airflow-project/venv/lib/python3.12/site-packages/airflow/example_dags/example_branch_day_of_week_operator.py
[2026-03-28T19:14:14.691+0500] {logging_mixin.py:188} INFO - [2026-03-28T19:14:14.691+0500] {dag.py:3089} INFO - Sync 1 DAGs
[2026-03-28T19:14:14.706+0500] {logging_mixin.py:188} INFO - [2026-03-28T19:14:14.705+0500] {dag.py:3947} INFO - Setting next_dagrun for example_weekday_branch_operator to 2026-03-27 00:00:00+00:00, run_after=2026-03-28 00:00:00+00:00
[2026-03-28T19:14:14.733+0500] {processor.py:183} INFO - Processing /home/abayturar/airflow-project/venv/lib/python3.12/site-packages/airflow/example_dags/example_branch_day_of_week_operator.py took 0.076 seconds
[2026-03-28T19:15:25.602+0500] {processor.py:161} INFO - Started process (PID=27256) to work on /home/abayturar/airflow-project/venv/lib/python3.12/site-packages/airflow/example_dags/example_branch_day_of_week_operator.py
[2026-03-28T19:15:25.603+0500] {processor.py:830} INFO - Processing file /home/abayturar/airflow-project/venv/lib/python3.12/site-packages/airflow/example_dags/example_branch_day_of_week_operator.py for tasks to queue
[2026-03-28T19:15:25.604+0500] {logging_mixin.py:188} INFO - [2026-03-28T19:15:25.604+0500] {dagbag.py:545} INFO - Filling up the DagBag from /home/abayturar/airflow-project/venv/lib/python3.12/site-packages/airflow/example_dags/example_branch_day_of_week_operator.py
[2026-03-28T19:15:25.611+0500] {processor.py:840} INFO - DAG(s) 'example_weekday_branch_operator' retrieved from /home/abayturar/airflow-project/venv/lib/python3.12/site-packages/airflow/example_dags/example_branch_day_of_week_operator.py
[2026-03-28T19:15:25.627+0500] {logging_mixin.py:188} INFO - [2026-03-28T19:15:25.627+0500] {dag.py:3089} INFO - Sync 1 DAGs
[2026-03-28T19:15:25.641+0500] {logging_mixin.py:188} INFO - [2026-03-28T19:15:25.641+0500] {dag.py:3947} INFO - Setting next_dagrun for example_weekday_branch_operator to 2026-03-27 00:00:00+00:00, run_after=2026-03-28 00:00:00+00:00
[2026-03-28T19:15:25.668+0500] {processor.py:183} INFO - Processing /home/abayturar/airflow-project/venv/lib/python3.12/site-packages/airflow/example_dags/example_branch_day_of_week_operator.py took 0.072 seconds
[2026-03-28T19:16:33.790+0500] {processor.py:161} INFO - Started process (PID=27435) to work on /home/abayturar/airflow-project/venv/lib/python3.12/site-packages/airflow/example_dags/example_branch_day_of_week_operator.py
[2026-03-28T19:16:33.791+0500] {processor.py:830} INFO - Processing file /home/abayturar/airflow-project/venv/lib/python3.12/site-packages/airflow/example_dags/example_branch_day_of_week_operator.py for tasks to queue
[2026-03-28T19:16:33.792+0500] {logging_mixin.py:188} INFO - [2026-03-28T19:16:33.792+0500] {dagbag.py:545} INFO - Filling up the DagBag from /home/abayturar/airflow-project/venv/lib/python3.12/site-packages/airflow/example_dags/example_branch_day_of_week_operator.py
[2026-03-28T19:16:33.800+0500] {processor.py:840} INFO - DAG(s) 'example_weekday_branch_operator' retrieved from /home/abayturar/airflow-project/venv/lib/python3.12/site-packages/airflow/example_dags/example_branch_day_of_week_operator.py
[2026-03-28T19:16:33.817+0500] {logging_mixin.py:188} INFO - [2026-03-28T19:16:33.817+0500] {dag.py:3089} INFO - Sync 1 DAGs
[2026-03-28T19:16:33.831+0500] {logging_mixin.py:188} INFO - [2026-03-28T19:16:33.831+0500] {dag.py:3947} INFO - Setting next_dagrun for example_weekday_branch_operator to 2026-03-27 00:00:00+00:00, run_after=2026-03-28 00:00:00+00:00
[2026-03-28T19:16:33.859+0500] {processor.py:183} INFO - Processing /home/abayturar/airflow-project/venv/lib/python3.12/site-packages/airflow/example_dags/example_branch_day_of_week_operator.py took 0.076 seconds
[2026-03-28T19:17:43.793+0500] {processor.py:161} INFO - Started process (PID=27627) to work on /home/abayturar/airflow-project/venv/lib/python3.12/site-packages/airflow/example_dags/example_branch_day_of_week_operator.py
[2026-03-28T19:17:43.794+0500] {processor.py:830} INFO - Processing file /home/abayturar/airflow-project/venv/lib/python3.12/site-packages/airflow/example_dags/example_branch_day_of_week_operator.py for tasks to queue
[2026-03-28T19:17:43.795+0500] {logging_mixin.py:188} INFO - [2026-03-28T19:17:43.795+0500] {dagbag.py:545} INFO - Filling up the DagBag from /home/abayturar/airflow-project/venv/lib/python3.12/site-packages/airflow/example_dags/example_branch_day_of_week_operator.py
[2026-03-28T19:17:43.803+0500] {processor.py:840} INFO - DAG(s) 'example_weekday_branch_operator' retrieved from /home/abayturar/airflow-project/venv/lib/python3.12/site-packages/airflow/example_dags/example_branch_day_of_week_operator.py
[2026-03-28T19:17:43.821+0500] {logging_mixin.py:188} INFO - [2026-03-28T19:17:43.821+0500] {dag.py:3089} INFO - Sync 1 DAGs
[2026-03-28T19:17:43.842+0500] {logging_mixin.py:188} INFO - [2026-03-28T19:17:43.841+0500] {dag.py:3947} INFO - Setting next_dagrun for example_weekday_branch_operator to 2026-03-27 00:00:00+00:00, run_after=2026-03-28 00:00:00+00:00
[2026-03-28T19:17:43.878+0500] {processor.py:183} INFO - Processing /home/abayturar/airflow-project/venv/lib/python3.12/site-packages/airflow/example_dags/example_branch_day_of_week_operator.py took 0.092 seconds
[2026-03-28T19:18:48.363+0500] {processor.py:161} INFO - Started process (PID=27798) to work on /home/abayturar/airflow-project/venv/lib/python3.12/site-packages/airflow/example_dags/example_branch_day_of_week_operator.py
[2026-03-28T19:18:48.364+0500] {processor.py:830} INFO - Processing file /home/abayturar/airflow-project/venv/lib/python3.12/site-packages/airflow/example_dags/example_branch_day_of_week_operator.py for tasks to queue
[2026-03-28T19:18:48.366+0500] {logging_mixin.py:188} INFO - [2026-03-28T19:18:48.365+0500] {dagbag.py:545} INFO - Filling up the DagBag from /home/abayturar/airflow-project/venv/lib/python3.12/site-packages/airflow/example_dags/example_branch_day_of_week_operator.py
[2026-03-28T19:18:48.373+0500] {processor.py:840} INFO - DAG(s) 'example_weekday_branch_operator' retrieved from /home/abayturar/airflow-project/venv/lib/python3.12/site-packages/airflow/example_dags/example_branch_day_of_week_operator.py
[2026-03-28T19:18:48.388+0500] {logging_mixin.py:188} INFO - [2026-03-28T19:18:48.388+0500] {dag.py:3089} INFO - Sync 1 DAGs
[2026-03-28T19:18:48.402+0500] {logging_mixin.py:188} INFO - [2026-03-28T19:18:48.402+0500] {dag.py:3947} INFO - Setting next_dagrun for example_weekday_branch_operator to 2026-03-27 00:00:00+00:00, run_after=2026-03-28 00:00:00+00:00
[2026-03-28T19:18:48.428+0500] {processor.py:183} INFO - Processing /home/abayturar/airflow-project/venv/lib/python3.12/site-packages/airflow/example_dags/example_branch_day_of_week_operator.py took 0.071 seconds
[2026-03-28T19:20:00.126+0500] {processor.py:161} INFO - Started process (PID=27995) to work on /home/abayturar/airflow-project/venv/lib/python3.12/site-packages/airflow/example_dags/example_branch_day_of_week_operator.py
[2026-03-28T19:20:00.127+0500] {processor.py:830} INFO - Processing file /home/abayturar/airflow-project/venv/lib/python3.12/site-packages/airflow/example_dags/example_branch_day_of_week_operator.py for tasks to queue
[2026-03-28T19:20:00.128+0500] {logging_mixin.py:188} INFO - [2026-03-28T19:20:00.128+0500] {dagbag.py:545} INFO - Filling up the DagBag from /home/abayturar/airflow-project/venv/lib/python3.12/site-packages/airflow/example_dags/example_branch_day_of_week_operator.py
[2026-03-28T19:20:00.135+0500] {processor.py:840} INFO - DAG(s) 'example_weekday_branch_operator' retrieved from /home/abayturar/airflow-project/venv/lib/python3.12/site-packages/airflow/example_dags/example_branch_day_of_week_operator.py
[2026-03-28T19:20:00.152+0500] {logging_mixin.py:188} INFO - [2026-03-28T19:20:00.152+0500] {dag.py:3089} INFO - Sync 1 DAGs
[2026-03-28T19:20:00.167+0500] {logging_mixin.py:188} INFO - [2026-03-28T19:20:00.167+0500] {dag.py:3947} INFO - Setting next_dagrun for example_weekday_branch_operator to 2026-03-27 00:00:00+00:00, run_after=2026-03-28 00:00:00+00:00
[2026-03-28T19:20:00.194+0500] {processor.py:183} INFO - Processing /home/abayturar/airflow-project/venv/lib/python3.12/site-packages/airflow/example_dags/example_branch_day_of_week_operator.py took 0.074 seconds
[2026-03-28T19:21:08.584+0500] {processor.py:161} INFO - Started process (PID=28179) to work on /home/abayturar/airflow-project/venv/lib/python3.12/site-packages/airflow/example_dags/example_branch_day_of_week_operator.py
[2026-03-28T19:21:08.585+0500] {processor.py:830} INFO - Processing file /home/abayturar/airflow-project/venv/lib/python3.12/site-packages/airflow/example_dags/example_branch_day_of_week_operator.py for tasks to queue
[2026-03-28T19:21:08.586+0500] {logging_mixin.py:188} INFO - [2026-03-28T19:21:08.586+0500] {dagbag.py:545} INFO - Filling up the DagBag from /home/abayturar/airflow-project/venv/lib/python3.12/site-packages/airflow/example_dags/example_branch_day_of_week_operator.py
[2026-03-28T19:21:08.593+0500] {processor.py:840} INFO - DAG(s) 'example_weekday_branch_operator' retrieved from /home/abayturar/airflow-project/venv/lib/python3.12/site-packages/airflow/example_dags/example_branch_day_of_week_operator.py
[2026-03-28T19:21:08.609+0500] {logging_mixin.py:188} INFO - [2026-03-28T19:21:08.609+0500] {dag.py:3089} INFO - Sync 1 DAGs
[2026-03-28T19:21:08.623+0500] {logging_mixin.py:188} INFO - [2026-03-28T19:21:08.623+0500] {dag.py:3947} INFO - Setting next_dagrun for example_weekday_branch_operator to 2026-03-27 00:00:00+00:00, run_after=2026-03-28 00:00:00+00:00
[2026-03-28T19:21:08.649+0500] {processor.py:183} INFO - Processing /home/abayturar/airflow-project/venv/lib/python3.12/site-packages/airflow/example_dags/example_branch_day_of_week_operator.py took 0.071 seconds
[2026-03-28T19:22:14.325+0500] {processor.py:161} INFO - Started process (PID=28396) to work on /home/abayturar/airflow-project/venv/lib/python3.12/site-packages/airflow/example_dags/example_branch_day_of_week_operator.py
[2026-03-28T19:22:14.327+0500] {processor.py:830} INFO - Processing file /home/abayturar/airflow-project/venv/lib/python3.12/site-packages/airflow/example_dags/example_branch_day_of_week_operator.py for tasks to queue
[2026-03-28T19:22:14.328+0500] {logging_mixin.py:188} INFO - [2026-03-28T19:22:14.328+0500] {dagbag.py:545} INFO - Filling up the DagBag from /home/abayturar/airflow-project/venv/lib/python3.12/site-packages/airflow/example_dags/example_branch_day_of_week_operator.py
[2026-03-28T19:22:14.337+0500] {processor.py:840} INFO - DAG(s) 'example_weekday_branch_operator' retrieved from /home/abayturar/airflow-project/venv/lib/python3.12/site-packages/airflow/example_dags/example_branch_day_of_week_operator.py
[2026-03-28T19:22:14.354+0500] {logging_mixin.py:188} INFO - [2026-03-28T19:22:14.353+0500] {dag.py:3089} INFO - Sync 1 DAGs
[2026-03-28T19:22:14.367+0500] {logging_mixin.py:188} INFO - [2026-03-28T19:22:14.367+0500] {dag.py:3947} INFO - Setting next_dagrun for example_weekday_branch_operator to 2026-03-27 00:00:00+00:00, run_after=2026-03-28 00:00:00+00:00
[2026-03-28T19:22:14.382+0500] {processor.py:183} INFO - Processing /home/abayturar/airflow-project/venv/lib/python3.12/site-packages/airflow/example_dags/example_branch_day_of_week_operator.py took 0.063 seconds
[2026-03-28T19:23:21.350+0500] {processor.py:161} INFO - Started process (PID=28574) to work on /home/abayturar/airflow-project/venv/lib/python3.12/site-packages/airflow/example_dags/example_branch_day_of_week_operator.py
[2026-03-28T19:23:21.351+0500] {processor.py:830} INFO - Processing file /home/abayturar/airflow-project/venv/lib/python3.12/site-packages/airflow/example_dags/example_branch_day_of_week_operator.py for tasks to queue
[2026-03-28T19:23:21.353+0500] {logging_mixin.py:188} INFO - [2026-03-28T19:23:21.352+0500] {dagbag.py:545} INFO - Filling up the DagBag from /home/abayturar/airflow-project/venv/lib/python3.12/site-packages/airflow/example_dags/example_branch_day_of_week_operator.py
[2026-03-28T19:23:21.360+0500] {processor.py:840} INFO - DAG(s) 'example_weekday_branch_operator' retrieved from /home/abayturar/airflow-project/venv/lib/python3.12/site-packages/airflow/example_dags/example_branch_day_of_week_operator.py
[2026-03-28T19:23:21.377+0500] {logging_mixin.py:188} INFO - [2026-03-28T19:23:21.377+0500] {dag.py:3089} INFO - Sync 1 DAGs
[2026-03-28T19:23:21.391+0500] {logging_mixin.py:188} INFO - [2026-03-28T19:23:21.391+0500] {dag.py:3947} INFO - Setting next_dagrun for example_weekday_branch_operator to 2026-03-27 00:00:00+00:00, run_after=2026-03-28 00:00:00+00:00
[2026-03-28T19:23:21.419+0500] {processor.py:183} INFO - Processing /home/abayturar/airflow-project/venv/lib/python3.12/site-packages/airflow/example_dags/example_branch_day_of_week_operator.py took 0.075 seconds
[2026-03-28T19:24:31.320+0500] {processor.py:161} INFO - Started process (PID=28766) to work on /home/abayturar/airflow-project/venv/lib/python3.12/site-packages/airflow/example_dags/example_branch_day_of_week_operator.py
[2026-03-28T19:24:31.321+0500] {processor.py:830} INFO - Processing file /home/abayturar/airflow-project/venv/lib/python3.12/site-packages/airflow/example_dags/example_branch_day_of_week_operator.py for tasks to queue
[2026-03-28T19:24:31.323+0500] {logging_mixin.py:188} INFO - [2026-03-28T19:24:31.322+0500] {dagbag.py:545} INFO - Filling up the DagBag from /home/abayturar/airflow-project/venv/lib/python3.12/site-packages/airflow/example_dags/example_branch_day_of_week_operator.py
[2026-03-28T19:24:31.333+0500] {processor.py:840} INFO - DAG(s) 'example_weekday_branch_operator' retrieved from /home/abayturar/airflow-project/venv/lib/python3.12/site-packages/airflow/example_dags/example_branch_day_of_week_operator.py
[2026-03-28T19:24:31.350+0500] {logging_mixin.py:188} INFO - [2026-03-28T19:24:31.350+0500] {dag.py:3089} INFO - Sync 1 DAGs
[2026-03-28T19:24:31.365+0500] {logging_mixin.py:188} INFO - [2026-03-28T19:24:31.364+0500] {dag.py:3947} INFO - Setting next_dagrun for example_weekday_branch_operator to 2026-03-27 00:00:00+00:00, run_after=2026-03-28 00:00:00+00:00
[2026-03-28T19:24:31.393+0500] {processor.py:183} INFO - Processing /home/abayturar/airflow-project/venv/lib/python3.12/site-packages/airflow/example_dags/example_branch_day_of_week_operator.py took 0.081 seconds
[2026-03-28T19:25:40.954+0500] {processor.py:161} INFO - Started process (PID=28950) to work on /home/abayturar/airflow-project/venv/lib/python3.12/site-packages/airflow/example_dags/example_branch_day_of_week_operator.py
[2026-03-28T19:25:40.955+0500] {processor.py:830} INFO - Processing file /home/abayturar/airflow-project/venv/lib/python3.12/site-packages/airflow/example_dags/example_branch_day_of_week_operator.py for tasks to queue
[2026-03-28T19:25:40.957+0500] {logging_mixin.py:188} INFO - [2026-03-28T19:25:40.957+0500] {dagbag.py:545} INFO - Filling up the DagBag from /home/abayturar/airflow-project/venv/lib/python3.12/site-packages/airflow/example_dags/example_branch_day_of_week_operator.py
[2026-03-28T19:25:40.966+0500] {processor.py:840} INFO - DAG(s) 'example_weekday_branch_operator' retrieved from /home/abayturar/airflow-project/venv/lib/python3.12/site-packages/airflow/example_dags/example_branch_day_of_week_operator.py
[2026-03-28T19:25:40.982+0500] {logging_mixin.py:188} INFO - [2026-03-28T19:25:40.982+0500] {dag.py:3089} INFO - Sync 1 DAGs
[2026-03-28T19:25:40.996+0500] {logging_mixin.py:188} INFO - [2026-03-28T19:25:40.996+0500] {dag.py:3947} INFO - Setting next_dagrun for example_weekday_branch_operator to 2026-03-27 00:00:00+00:00, run_after=2026-03-28 00:00:00+00:00
[2026-03-28T19:25:41.023+0500] {processor.py:183} INFO - Processing /home/abayturar/airflow-project/venv/lib/python3.12/site-packages/airflow/example_dags/example_branch_day_of_week_operator.py took 0.075 seconds
[2026-03-28T19:26:49.539+0500] {processor.py:161} INFO - Started process (PID=29138) to work on /home/abayturar/airflow-project/venv/lib/python3.12/site-packages/airflow/example_dags/example_branch_day_of_week_operator.py
[2026-03-28T19:26:49.540+0500] {processor.py:830} INFO - Processing file /home/abayturar/airflow-project/venv/lib/python3.12/site-packages/airflow/example_dags/example_branch_day_of_week_operator.py for tasks to queue
[2026-03-28T19:26:49.542+0500] {logging_mixin.py:188} INFO - [2026-03-28T19:26:49.541+0500] {dagbag.py:545} INFO - Filling up the DagBag from /home/abayturar/airflow-project/venv/lib/python3.12/site-packages/airflow/example_dags/example_branch_day_of_week_operator.py
[2026-03-28T19:26:49.549+0500] {processor.py:840} INFO - DAG(s) 'example_weekday_branch_operator' retrieved from /home/abayturar/airflow-project/venv/lib/python3.12/site-packages/airflow/example_dags/example_branch_day_of_week_operator.py
[2026-03-28T19:26:49.565+0500] {logging_mixin.py:188} INFO - [2026-03-28T19:26:49.565+0500] {dag.py:3089} INFO - Sync 1 DAGs
[2026-03-28T19:26:49.579+0500] {logging_mixin.py:188} INFO - [2026-03-28T19:26:49.578+0500] {dag.py:3947} INFO - Setting next_dagrun for example_weekday_branch_operator to 2026-03-27 00:00:00+00:00, run_after=2026-03-28 00:00:00+00:00
[2026-03-28T19:26:49.605+0500] {processor.py:183} INFO - Processing /home/abayturar/airflow-project/venv/lib/python3.12/site-packages/airflow/example_dags/example_branch_day_of_week_operator.py took 0.072 seconds
[2026-03-28T19:28:01.924+0500] {processor.py:161} INFO - Started process (PID=29329) to work on /home/abayturar/airflow-project/venv/lib/python3.12/site-packages/airflow/example_dags/example_branch_day_of_week_operator.py
[2026-03-28T19:28:01.925+0500] {processor.py:830} INFO - Processing file /home/abayturar/airflow-project/venv/lib/python3.12/site-packages/airflow/example_dags/example_branch_day_of_week_operator.py for tasks to queue
[2026-03-28T19:28:01.927+0500] {logging_mixin.py:188} INFO - [2026-03-28T19:28:01.927+0500] {dagbag.py:545} INFO - Filling up the DagBag from /home/abayturar/airflow-project/venv/lib/python3.12/site-packages/airflow/example_dags/example_branch_day_of_week_operator.py
[2026-03-28T19:28:01.936+0500] {processor.py:840} INFO - DAG(s) 'example_weekday_branch_operator' retrieved from /home/abayturar/airflow-project/venv/lib/python3.12/site-packages/airflow/example_dags/example_branch_day_of_week_operator.py
[2026-03-28T19:28:01.955+0500] {logging_mixin.py:188} INFO - [2026-03-28T19:28:01.955+0500] {dag.py:3089} INFO - Sync 1 DAGs
[2026-03-28T19:28:01.972+0500] {logging_mixin.py:188} INFO - [2026-03-28T19:28:01.972+0500] {dag.py:3947} INFO - Setting next_dagrun for example_weekday_branch_operator to 2026-03-27 00:00:00+00:00, run_after=2026-03-28 00:00:00+00:00
[2026-03-28T19:28:02.000+0500] {processor.py:183} INFO - Processing /home/abayturar/airflow-project/venv/lib/python3.12/site-packages/airflow/example_dags/example_branch_day_of_week_operator.py took 0.083 seconds
[2026-03-28T19:29:16.215+0500] {processor.py:161} INFO - Started process (PID=29599) to work on /home/abayturar/airflow-project/venv/lib/python3.12/site-packages/airflow/example_dags/example_branch_day_of_week_operator.py
[2026-03-28T19:29:16.216+0500] {processor.py:830} INFO - Processing file /home/abayturar/airflow-project/venv/lib/python3.12/site-packages/airflow/example_dags/example_branch_day_of_week_operator.py for tasks to queue
[2026-03-28T19:29:16.219+0500] {logging_mixin.py:188} INFO - [2026-03-28T19:29:16.218+0500] {dagbag.py:545} INFO - Filling up the DagBag from /home/abayturar/airflow-project/venv/lib/python3.12/site-packages/airflow/example_dags/example_branch_day_of_week_operator.py
[2026-03-28T19:29:16.228+0500] {processor.py:840} INFO - DAG(s) 'example_weekday_branch_operator' retrieved from /home/abayturar/airflow-project/venv/lib/python3.12/site-packages/airflow/example_dags/example_branch_day_of_week_operator.py
[2026-03-28T19:29:16.250+0500] {logging_mixin.py:188} INFO - [2026-03-28T19:29:16.250+0500] {dag.py:3089} INFO - Sync 1 DAGs
[2026-03-28T19:29:16.269+0500] {logging_mixin.py:188} INFO - [2026-03-28T19:29:16.269+0500] {dag.py:3947} INFO - Setting next_dagrun for example_weekday_branch_operator to 2026-03-27 00:00:00+00:00, run_after=2026-03-28 00:00:00+00:00
[2026-03-28T19:29:16.299+0500] {processor.py:183} INFO - Processing /home/abayturar/airflow-project/venv/lib/python3.12/site-packages/airflow/example_dags/example_branch_day_of_week_operator.py took 0.092 seconds
[2026-03-28T19:30:32.180+0500] {processor.py:161} INFO - Started process (PID=29818) to work on /home/abayturar/airflow-project/venv/lib/python3.12/site-packages/airflow/example_dags/example_branch_day_of_week_operator.py
[2026-03-28T19:30:32.180+0500] {processor.py:830} INFO - Processing file /home/abayturar/airflow-project/venv/lib/python3.12/site-packages/airflow/example_dags/example_branch_day_of_week_operator.py for tasks to queue
[2026-03-28T19:30:32.182+0500] {logging_mixin.py:188} INFO - [2026-03-28T19:30:32.182+0500] {dagbag.py:545} INFO - Filling up the DagBag from /home/abayturar/airflow-project/venv/lib/python3.12/site-packages/airflow/example_dags/example_branch_day_of_week_operator.py
[2026-03-28T19:30:32.189+0500] {processor.py:840} INFO - DAG(s) 'example_weekday_branch_operator' retrieved from /home/abayturar/airflow-project/venv/lib/python3.12/site-packages/airflow/example_dags/example_branch_day_of_week_operator.py
[2026-03-28T19:30:32.205+0500] {logging_mixin.py:188} INFO - [2026-03-28T19:30:32.205+0500] {dag.py:3089} INFO - Sync 1 DAGs
[2026-03-28T19:30:32.220+0500] {logging_mixin.py:188} INFO - [2026-03-28T19:30:32.219+0500] {dag.py:3947} INFO - Setting next_dagrun for example_weekday_branch_operator to 2026-03-27 00:00:00+00:00, run_after=2026-03-28 00:00:00+00:00
[2026-03-28T19:30:32.234+0500] {processor.py:183} INFO - Processing /home/abayturar/airflow-project/venv/lib/python3.12/site-packages/airflow/example_dags/example_branch_day_of_week_operator.py took 0.061 seconds
[2026-03-28T19:31:21.898+0500] {processor.py:161} INFO - Started process (PID=29967) to work on /home/abayturar/airflow-project/venv/lib/python3.12/site-packages/airflow/example_dags/example_branch_day_of_week_operator.py
[2026-03-28T19:31:21.898+0500] {processor.py:830} INFO - Processing file /home/abayturar/airflow-project/venv/lib/python3.12/site-packages/airflow/example_dags/example_branch_day_of_week_operator.py for tasks to queue
[2026-03-28T19:31:21.900+0500] {logging_mixin.py:188} INFO - [2026-03-28T19:31:21.900+0500] {dagbag.py:545} INFO - Filling up the DagBag from /home/abayturar/airflow-project/venv/lib/python3.12/site-packages/airflow/example_dags/example_branch_day_of_week_operator.py
[2026-03-28T19:31:21.908+0500] {processor.py:840} INFO - DAG(s) 'example_weekday_branch_operator' retrieved from /home/abayturar/airflow-project/venv/lib/python3.12/site-packages/airflow/example_dags/example_branch_day_of_week_operator.py
[2026-03-28T19:31:21.926+0500] {logging_mixin.py:188} INFO - [2026-03-28T19:31:21.926+0500] {dag.py:3089} INFO - Sync 1 DAGs
[2026-03-28T19:31:21.942+0500] {logging_mixin.py:188} INFO - [2026-03-28T19:31:21.942+0500] {dag.py:3947} INFO - Setting next_dagrun for example_weekday_branch_operator to 2026-03-27 00:00:00+00:00, run_after=2026-03-28 00:00:00+00:00
[2026-03-28T19:31:21.959+0500] {processor.py:183} INFO - Processing /home/abayturar/airflow-project/venv/lib/python3.12/site-packages/airflow/example_dags/example_branch_day_of_week_operator.py took 0.068 seconds
[2026-03-28T19:32:13.415+0500] {processor.py:161} INFO - Started process (PID=30117) to work on /home/abayturar/airflow-project/venv/lib/python3.12/site-packages/airflow/example_dags/example_branch_day_of_week_operator.py
[2026-03-28T19:32:13.416+0500] {processor.py:830} INFO - Processing file /home/abayturar/airflow-project/venv/lib/python3.12/site-packages/airflow/example_dags/example_branch_day_of_week_operator.py for tasks to queue
[2026-03-28T19:32:13.418+0500] {logging_mixin.py:188} INFO - [2026-03-28T19:32:13.418+0500] {dagbag.py:545} INFO - Filling up the DagBag from /home/abayturar/airflow-project/venv/lib/python3.12/site-packages/airflow/example_dags/example_branch_day_of_week_operator.py
[2026-03-28T19:32:13.426+0500] {processor.py:840} INFO - DAG(s) 'example_weekday_branch_operator' retrieved from /home/abayturar/airflow-project/venv/lib/python3.12/site-packages/airflow/example_dags/example_branch_day_of_week_operator.py
[2026-03-28T19:32:13.445+0500] {logging_mixin.py:188} INFO - [2026-03-28T19:32:13.444+0500] {dag.py:3089} INFO - Sync 1 DAGs
[2026-03-28T19:32:13.460+0500] {logging_mixin.py:188} INFO - [2026-03-28T19:32:13.460+0500] {dag.py:3947} INFO - Setting next_dagrun for example_weekday_branch_operator to 2026-03-27 00:00:00+00:00, run_after=2026-03-28 00:00:00+00:00
[2026-03-28T19:32:13.478+0500] {processor.py:183} INFO - Processing /home/abayturar/airflow-project/venv/lib/python3.12/site-packages/airflow/example_dags/example_branch_day_of_week_operator.py took 0.070 seconds
[2026-03-28T19:33:06.085+0500] {processor.py:161} INFO - Started process (PID=30263) to work on /home/abayturar/airflow-project/venv/lib/python3.12/site-packages/airflow/example_dags/example_branch_day_of_week_operator.py
[2026-03-28T19:33:06.086+0500] {processor.py:830} INFO - Processing file /home/abayturar/airflow-project/venv/lib/python3.12/site-packages/airflow/example_dags/example_branch_day_of_week_operator.py for tasks to queue
[2026-03-28T19:33:06.088+0500] {logging_mixin.py:188} INFO - [2026-03-28T19:33:06.087+0500] {dagbag.py:545} INFO - Filling up the DagBag from /home/abayturar/airflow-project/venv/lib/python3.12/site-packages/airflow/example_dags/example_branch_day_of_week_operator.py
[2026-03-28T19:33:06.095+0500] {processor.py:840} INFO - DAG(s) 'example_weekday_branch_operator' retrieved from /home/abayturar/airflow-project/venv/lib/python3.12/site-packages/airflow/example_dags/example_branch_day_of_week_operator.py
[2026-03-28T19:33:06.112+0500] {logging_mixin.py:188} INFO - [2026-03-28T19:33:06.112+0500] {dag.py:3089} INFO - Sync 1 DAGs
[2026-03-28T19:33:06.127+0500] {logging_mixin.py:188} INFO - [2026-03-28T19:33:06.126+0500] {dag.py:3947} INFO - Setting next_dagrun for example_weekday_branch_operator to 2026-03-27 00:00:00+00:00, run_after=2026-03-28 00:00:00+00:00
[2026-03-28T19:33:06.142+0500] {processor.py:183} INFO - Processing /home/abayturar/airflow-project/venv/lib/python3.12/site-packages/airflow/example_dags/example_branch_day_of_week_operator.py took 0.063 seconds
[2026-03-28T19:33:56.369+0500] {processor.py:161} INFO - Started process (PID=30415) to work on /home/abayturar/airflow-project/venv/lib/python3.12/site-packages/airflow/example_dags/example_branch_day_of_week_operator.py
[2026-03-28T19:33:56.370+0500] {processor.py:830} INFO - Processing file /home/abayturar/airflow-project/venv/lib/python3.12/site-packages/airflow/example_dags/example_branch_day_of_week_operator.py for tasks to queue
[2026-03-28T19:33:56.372+0500] {logging_mixin.py:188} INFO - [2026-03-28T19:33:56.372+0500] {dagbag.py:545} INFO - Filling up the DagBag from /home/abayturar/airflow-project/venv/lib/python3.12/site-packages/airflow/example_dags/example_branch_day_of_week_operator.py
[2026-03-28T19:33:56.380+0500] {processor.py:840} INFO - DAG(s) 'example_weekday_branch_operator' retrieved from /home/abayturar/airflow-project/venv/lib/python3.12/site-packages/airflow/example_dags/example_branch_day_of_week_operator.py
[2026-03-28T19:33:56.397+0500] {logging_mixin.py:188} INFO - [2026-03-28T19:33:56.396+0500] {dag.py:3089} INFO - Sync 1 DAGs
[2026-03-28T19:33:56.411+0500] {logging_mixin.py:188} INFO - [2026-03-28T19:33:56.411+0500] {dag.py:3947} INFO - Setting next_dagrun for example_weekday_branch_operator to 2026-03-27 00:00:00+00:00, run_after=2026-03-28 00:00:00+00:00
[2026-03-28T19:33:56.429+0500] {processor.py:183} INFO - Processing /home/abayturar/airflow-project/venv/lib/python3.12/site-packages/airflow/example_dags/example_branch_day_of_week_operator.py took 0.066 seconds
[2026-03-28T19:36:00.649+0500] {processor.py:161} INFO - Started process (PID=30737) to work on /home/abayturar/airflow-project/venv/lib/python3.12/site-packages/airflow/example_dags/example_branch_day_of_week_operator.py
[2026-03-28T19:36:00.649+0500] {processor.py:830} INFO - Processing file /home/abayturar/airflow-project/venv/lib/python3.12/site-packages/airflow/example_dags/example_branch_day_of_week_operator.py for tasks to queue
[2026-03-28T19:36:00.651+0500] {logging_mixin.py:188} INFO - [2026-03-28T19:36:00.651+0500] {dagbag.py:545} INFO - Filling up the DagBag from /home/abayturar/airflow-project/venv/lib/python3.12/site-packages/airflow/example_dags/example_branch_day_of_week_operator.py
[2026-03-28T19:36:00.658+0500] {processor.py:840} INFO - DAG(s) 'example_weekday_branch_operator' retrieved from /home/abayturar/airflow-project/venv/lib/python3.12/site-packages/airflow/example_dags/example_branch_day_of_week_operator.py
[2026-03-28T19:36:00.679+0500] {logging_mixin.py:188} INFO - [2026-03-28T19:36:00.679+0500] {dag.py:3089} INFO - Sync 1 DAGs
[2026-03-28T19:36:00.693+0500] {logging_mixin.py:188} INFO - [2026-03-28T19:36:00.693+0500] {dag.py:3947} INFO - Setting next_dagrun for example_weekday_branch_operator to 2026-03-27 00:00:00+00:00, run_after=2026-03-28 00:00:00+00:00
[2026-03-28T19:36:00.719+0500] {processor.py:183} INFO - Processing /home/abayturar/airflow-project/venv/lib/python3.12/site-packages/airflow/example_dags/example_branch_day_of_week_operator.py took 0.076 seconds
[2026-03-28T19:36:53.841+0500] {processor.py:161} INFO - Started process (PID=30880) to work on /home/abayturar/airflow-project/venv/lib/python3.12/site-packages/airflow/example_dags/example_branch_day_of_week_operator.py
[2026-03-28T19:36:53.842+0500] {processor.py:830} INFO - Processing file /home/abayturar/airflow-project/venv/lib/python3.12/site-packages/airflow/example_dags/example_branch_day_of_week_operator.py for tasks to queue
[2026-03-28T19:36:53.845+0500] {logging_mixin.py:188} INFO - [2026-03-28T19:36:53.844+0500] {dagbag.py:545} INFO - Filling up the DagBag from /home/abayturar/airflow-project/venv/lib/python3.12/site-packages/airflow/example_dags/example_branch_day_of_week_operator.py
[2026-03-28T19:36:53.853+0500] {processor.py:840} INFO - DAG(s) 'example_weekday_branch_operator' retrieved from /home/abayturar/airflow-project/venv/lib/python3.12/site-packages/airflow/example_dags/example_branch_day_of_week_operator.py
[2026-03-28T19:36:53.872+0500] {logging_mixin.py:188} INFO - [2026-03-28T19:36:53.871+0500] {dag.py:3089} INFO - Sync 1 DAGs
[2026-03-28T19:36:53.887+0500] {logging_mixin.py:188} INFO - [2026-03-28T19:36:53.887+0500] {dag.py:3947} INFO - Setting next_dagrun for example_weekday_branch_operator to 2026-03-27 00:00:00+00:00, run_after=2026-03-28 00:00:00+00:00
[2026-03-28T19:36:53.916+0500] {processor.py:183} INFO - Processing /home/abayturar/airflow-project/venv/lib/python3.12/site-packages/airflow/example_dags/example_branch_day_of_week_operator.py took 0.081 seconds
[2026-03-28T19:38:03.681+0500] {processor.py:161} INFO - Started process (PID=31073) to work on /home/abayturar/airflow-project/venv/lib/python3.12/site-packages/airflow/example_dags/example_branch_day_of_week_operator.py
[2026-03-28T19:38:03.682+0500] {processor.py:830} INFO - Processing file /home/abayturar/airflow-project/venv/lib/python3.12/site-packages/airflow/example_dags/example_branch_day_of_week_operator.py for tasks to queue
[2026-03-28T19:38:03.684+0500] {logging_mixin.py:188} INFO - [2026-03-28T19:38:03.684+0500] {dagbag.py:545} INFO - Filling up the DagBag from /home/abayturar/airflow-project/venv/lib/python3.12/site-packages/airflow/example_dags/example_branch_day_of_week_operator.py
[2026-03-28T19:38:03.691+0500] {processor.py:840} INFO - DAG(s) 'example_weekday_branch_operator' retrieved from /home/abayturar/airflow-project/venv/lib/python3.12/site-packages/airflow/example_dags/example_branch_day_of_week_operator.py
[2026-03-28T19:38:03.707+0500] {logging_mixin.py:188} INFO - [2026-03-28T19:38:03.707+0500] {dag.py:3089} INFO - Sync 1 DAGs
[2026-03-28T19:38:03.721+0500] {logging_mixin.py:188} INFO - [2026-03-28T19:38:03.721+0500] {dag.py:3947} INFO - Setting next_dagrun for example_weekday_branch_operator to 2026-03-27 00:00:00+00:00, run_after=2026-03-28 00:00:00+00:00
[2026-03-28T19:38:03.738+0500] {processor.py:183} INFO - Processing /home/abayturar/airflow-project/venv/lib/python3.12/site-packages/airflow/example_dags/example_branch_day_of_week_operator.py took 0.063 seconds
[2026-03-28T19:39:09.965+0500] {processor.py:161} INFO - Started process (PID=31252) to work on /home/abayturar/airflow-project/venv/lib/python3.12/site-packages/airflow/example_dags/example_branch_day_of_week_operator.py
[2026-03-28T19:39:09.966+0500] {processor.py:830} INFO - Processing file /home/abayturar/airflow-project/venv/lib/python3.12/site-packages/airflow/example_dags/example_branch_day_of_week_operator.py for tasks to queue
[2026-03-28T19:39:09.968+0500] {logging_mixin.py:188} INFO - [2026-03-28T19:39:09.968+0500] {dagbag.py:545} INFO - Filling up the DagBag from /home/abayturar/airflow-project/venv/lib/python3.12/site-packages/airflow/example_dags/example_branch_day_of_week_operator.py
[2026-03-28T19:39:09.975+0500] {processor.py:840} INFO - DAG(s) 'example_weekday_branch_operator' retrieved from /home/abayturar/airflow-project/venv/lib/python3.12/site-packages/airflow/example_dags/example_branch_day_of_week_operator.py
[2026-03-28T19:39:09.991+0500] {logging_mixin.py:188} INFO - [2026-03-28T19:39:09.990+0500] {dag.py:3089} INFO - Sync 1 DAGs
[2026-03-28T19:39:10.004+0500] {logging_mixin.py:188} INFO - [2026-03-28T19:39:10.004+0500] {dag.py:3947} INFO - Setting next_dagrun for example_weekday_branch_operator to 2026-03-27 00:00:00+00:00, run_after=2026-03-28 00:00:00+00:00
[2026-03-28T19:39:10.019+0500] {processor.py:183} INFO - Processing /home/abayturar/airflow-project/venv/lib/python3.12/site-packages/airflow/example_dags/example_branch_day_of_week_operator.py took 0.059 seconds
[2026-03-28T19:40:18.779+0500] {processor.py:161} INFO - Started process (PID=31440) to work on /home/abayturar/airflow-project/venv/lib/python3.12/site-packages/airflow/example_dags/example_branch_day_of_week_operator.py
[2026-03-28T19:40:18.780+0500] {processor.py:830} INFO - Processing file /home/abayturar/airflow-project/venv/lib/python3.12/site-packages/airflow/example_dags/example_branch_day_of_week_operator.py for tasks to queue
[2026-03-28T19:40:18.782+0500] {logging_mixin.py:188} INFO - [2026-03-28T19:40:18.781+0500] {dagbag.py:545} INFO - Filling up the DagBag from /home/abayturar/airflow-project/venv/lib/python3.12/site-packages/airflow/example_dags/example_branch_day_of_week_operator.py
[2026-03-28T19:40:18.789+0500] {processor.py:840} INFO - DAG(s) 'example_weekday_branch_operator' retrieved from /home/abayturar/airflow-project/venv/lib/python3.12/site-packages/airflow/example_dags/example_branch_day_of_week_operator.py
[2026-03-28T19:40:18.806+0500] {logging_mixin.py:188} INFO - [2026-03-28T19:40:18.806+0500] {dag.py:3089} INFO - Sync 1 DAGs
[2026-03-28T19:40:18.820+0500] {logging_mixin.py:188} INFO - [2026-03-28T19:40:18.820+0500] {dag.py:3947} INFO - Setting next_dagrun for example_weekday_branch_operator to 2026-03-27 00:00:00+00:00, run_after=2026-03-28 00:00:00+00:00
[2026-03-28T19:40:18.846+0500] {processor.py:183} INFO - Processing /home/abayturar/airflow-project/venv/lib/python3.12/site-packages/airflow/example_dags/example_branch_day_of_week_operator.py took 0.073 seconds
[2026-03-28T19:41:24.408+0500] {processor.py:161} INFO - Started process (PID=31616) to work on /home/abayturar/airflow-project/venv/lib/python3.12/site-packages/airflow/example_dags/example_branch_day_of_week_operator.py
[2026-03-28T19:41:24.409+0500] {processor.py:830} INFO - Processing file /home/abayturar/airflow-project/venv/lib/python3.12/site-packages/airflow/example_dags/example_branch_day_of_week_operator.py for tasks to queue
[2026-03-28T19:41:24.411+0500] {logging_mixin.py:188} INFO - [2026-03-28T19:41:24.411+0500] {dagbag.py:545} INFO - Filling up the DagBag from /home/abayturar/airflow-project/venv/lib/python3.12/site-packages/airflow/example_dags/example_branch_day_of_week_operator.py
[2026-03-28T19:41:24.422+0500] {processor.py:840} INFO - DAG(s) 'example_weekday_branch_operator' retrieved from /home/abayturar/airflow-project/venv/lib/python3.12/site-packages/airflow/example_dags/example_branch_day_of_week_operator.py
[2026-03-28T19:41:24.440+0500] {logging_mixin.py:188} INFO - [2026-03-28T19:41:24.439+0500] {dag.py:3089} INFO - Sync 1 DAGs
[2026-03-28T19:41:24.455+0500] {logging_mixin.py:188} INFO - [2026-03-28T19:41:24.454+0500] {dag.py:3947} INFO - Setting next_dagrun for example_weekday_branch_operator to 2026-03-27 00:00:00+00:00, run_after=2026-03-28 00:00:00+00:00
[2026-03-28T19:41:24.483+0500] {processor.py:183} INFO - Processing /home/abayturar/airflow-project/venv/lib/python3.12/site-packages/airflow/example_dags/example_branch_day_of_week_operator.py took 0.082 seconds
[2026-03-28T19:42:36.713+0500] {processor.py:161} INFO - Started process (PID=31812) to work on /home/abayturar/airflow-project/venv/lib/python3.12/site-packages/airflow/example_dags/example_branch_day_of_week_operator.py
[2026-03-28T19:42:36.713+0500] {processor.py:830} INFO - Processing file /home/abayturar/airflow-project/venv/lib/python3.12/site-packages/airflow/example_dags/example_branch_day_of_week_operator.py for tasks to queue
[2026-03-28T19:42:36.715+0500] {logging_mixin.py:188} INFO - [2026-03-28T19:42:36.715+0500] {dagbag.py:545} INFO - Filling up the DagBag from /home/abayturar/airflow-project/venv/lib/python3.12/site-packages/airflow/example_dags/example_branch_day_of_week_operator.py
[2026-03-28T19:42:36.723+0500] {processor.py:840} INFO - DAG(s) 'example_weekday_branch_operator' retrieved from /home/abayturar/airflow-project/venv/lib/python3.12/site-packages/airflow/example_dags/example_branch_day_of_week_operator.py
[2026-03-28T19:42:36.740+0500] {logging_mixin.py:188} INFO - [2026-03-28T19:42:36.740+0500] {dag.py:3089} INFO - Sync 1 DAGs
[2026-03-28T19:42:36.755+0500] {logging_mixin.py:188} INFO - [2026-03-28T19:42:36.755+0500] {dag.py:3947} INFO - Setting next_dagrun for example_weekday_branch_operator to 2026-03-27 00:00:00+00:00, run_after=2026-03-28 00:00:00+00:00
[2026-03-28T19:42:36.782+0500] {processor.py:183} INFO - Processing /home/abayturar/airflow-project/venv/lib/python3.12/site-packages/airflow/example_dags/example_branch_day_of_week_operator.py took 0.075 seconds
[2026-03-28T19:43:30.716+0500] {processor.py:161} INFO - Started process (PID=31957) to work on /home/abayturar/airflow-project/venv/lib/python3.12/site-packages/airflow/example_dags/example_branch_day_of_week_operator.py
[2026-03-28T19:43:30.717+0500] {processor.py:830} INFO - Processing file /home/abayturar/airflow-project/venv/lib/python3.12/site-packages/airflow/example_dags/example_branch_day_of_week_operator.py for tasks to queue
[2026-03-28T19:43:30.719+0500] {logging_mixin.py:188} INFO - [2026-03-28T19:43:30.719+0500] {dagbag.py:545} INFO - Filling up the DagBag from /home/abayturar/airflow-project/venv/lib/python3.12/site-packages/airflow/example_dags/example_branch_day_of_week_operator.py
[2026-03-28T19:43:30.727+0500] {processor.py:840} INFO - DAG(s) 'example_weekday_branch_operator' retrieved from /home/abayturar/airflow-project/venv/lib/python3.12/site-packages/airflow/example_dags/example_branch_day_of_week_operator.py
[2026-03-28T19:43:30.746+0500] {logging_mixin.py:188} INFO - [2026-03-28T19:43:30.746+0500] {dag.py:3089} INFO - Sync 1 DAGs
[2026-03-28T19:43:30.763+0500] {logging_mixin.py:188} INFO - [2026-03-28T19:43:30.763+0500] {dag.py:3947} INFO - Setting next_dagrun for example_weekday_branch_operator to 2026-03-27 00:00:00+00:00, run_after=2026-03-28 00:00:00+00:00
[2026-03-28T19:43:30.781+0500] {processor.py:183} INFO - Processing /home/abayturar/airflow-project/venv/lib/python3.12/site-packages/airflow/example_dags/example_branch_day_of_week_operator.py took 0.072 seconds
[2026-03-28T19:44:39.017+0500] {processor.py:161} INFO - Started process (PID=32136) to work on /home/abayturar/airflow-project/venv/lib/python3.12/site-packages/airflow/example_dags/example_branch_day_of_week_operator.py
[2026-03-28T19:44:39.018+0500] {processor.py:830} INFO - Processing file /home/abayturar/airflow-project/venv/lib/python3.12/site-packages/airflow/example_dags/example_branch_day_of_week_operator.py for tasks to queue
[2026-03-28T19:44:39.020+0500] {logging_mixin.py:188} INFO - [2026-03-28T19:44:39.019+0500] {dagbag.py:545} INFO - Filling up the DagBag from /home/abayturar/airflow-project/venv/lib/python3.12/site-packages/airflow/example_dags/example_branch_day_of_week_operator.py
[2026-03-28T19:44:39.027+0500] {processor.py:840} INFO - DAG(s) 'example_weekday_branch_operator' retrieved from /home/abayturar/airflow-project/venv/lib/python3.12/site-packages/airflow/example_dags/example_branch_day_of_week_operator.py
[2026-03-28T19:44:39.042+0500] {logging_mixin.py:188} INFO - [2026-03-28T19:44:39.042+0500] {dag.py:3089} INFO - Sync 1 DAGs
[2026-03-28T19:44:39.056+0500] {logging_mixin.py:188} INFO - [2026-03-28T19:44:39.056+0500] {dag.py:3947} INFO - Setting next_dagrun for example_weekday_branch_operator to 2026-03-27 00:00:00+00:00, run_after=2026-03-28 00:00:00+00:00
[2026-03-28T19:44:39.083+0500] {processor.py:183} INFO - Processing /home/abayturar/airflow-project/venv/lib/python3.12/site-packages/airflow/example_dags/example_branch_day_of_week_operator.py took 0.072 seconds
