[2026-03-28T15:21:25.753+0500] {processor.py:161} INFO - Started process (PID=11863) to work on /home/abayturar/airflow-project/venv/lib/python3.12/site-packages/airflow/example_dags/example_params_ui_tutorial.py
[2026-03-28T15:21:25.754+0500] {processor.py:830} INFO - Processing file /home/abayturar/airflow-project/venv/lib/python3.12/site-packages/airflow/example_dags/example_params_ui_tutorial.py for tasks to queue
[2026-03-28T15:21:25.756+0500] {logging_mixin.py:188} INFO - [2026-03-28T15:21:25.755+0500] {dagbag.py:545} INFO - Filling up the DagBag from /home/abayturar/airflow-project/venv/lib/python3.12/site-packages/airflow/example_dags/example_params_ui_tutorial.py
[2026-03-28T15:21:25.763+0500] {processor.py:840} INFO - DAG(s) 'example_params_ui_tutorial' retrieved from /home/abayturar/airflow-project/venv/lib/python3.12/site-packages/airflow/example_dags/example_params_ui_tutorial.py
[2026-03-28T15:21:25.867+0500] {logging_mixin.py:188} INFO - [2026-03-28T15:21:25.866+0500] {override.py:1858} INFO - Created Permission View: can edit on DAG:example_params_ui_tutorial
[2026-03-28T15:21:25.874+0500] {logging_mixin.py:188} INFO - [2026-03-28T15:21:25.874+0500] {override.py:1858} INFO - Created Permission View: can read on DAG:example_params_ui_tutorial
[2026-03-28T15:21:25.879+0500] {logging_mixin.py:188} INFO - [2026-03-28T15:21:25.879+0500] {override.py:1858} INFO - Created Permission View: can delete on DAG:example_params_ui_tutorial
[2026-03-28T15:21:25.880+0500] {logging_mixin.py:188} INFO - [2026-03-28T15:21:25.879+0500] {dag.py:3089} INFO - Sync 1 DAGs
[2026-03-28T15:21:25.887+0500] {logging_mixin.py:188} INFO - [2026-03-28T15:21:25.887+0500] {dag.py:3111} INFO - Creating ORM DAG for example_params_ui_tutorial
[2026-03-28T15:21:25.888+0500] {logging_mixin.py:188} INFO - [2026-03-28T15:21:25.887+0500] {dag.py:3947} INFO - Setting next_dagrun for example_params_ui_tutorial to None, run_after=None
[2026-03-28T15:21:25.902+0500] {processor.py:183} INFO - Processing /home/abayturar/airflow-project/venv/lib/python3.12/site-packages/airflow/example_dags/example_params_ui_tutorial.py took 0.154 seconds
[2026-03-28T15:22:21.004+0500] {processor.py:161} INFO - Started process (PID=12012) to work on /home/abayturar/airflow-project/venv/lib/python3.12/site-packages/airflow/example_dags/example_params_ui_tutorial.py
[2026-03-28T15:22:21.005+0500] {processor.py:830} INFO - Processing file /home/abayturar/airflow-project/venv/lib/python3.12/site-packages/airflow/example_dags/example_params_ui_tutorial.py for tasks to queue
[2026-03-28T15:22:21.007+0500] {logging_mixin.py:188} INFO - [2026-03-28T15:22:21.007+0500] {dagbag.py:545} INFO - Filling up the DagBag from /home/abayturar/airflow-project/venv/lib/python3.12/site-packages/airflow/example_dags/example_params_ui_tutorial.py
[2026-03-28T15:22:21.015+0500] {processor.py:840} INFO - DAG(s) 'example_params_ui_tutorial' retrieved from /home/abayturar/airflow-project/venv/lib/python3.12/site-packages/airflow/example_dags/example_params_ui_tutorial.py
[2026-03-28T15:22:21.044+0500] {logging_mixin.py:188} INFO - [2026-03-28T15:22:21.044+0500] {dag.py:3089} INFO - Sync 1 DAGs
[2026-03-28T15:22:21.054+0500] {logging_mixin.py:188} INFO - [2026-03-28T15:22:21.054+0500] {dag.py:3947} INFO - Setting next_dagrun for example_params_ui_tutorial to None, run_after=None
[2026-03-28T15:22:21.072+0500] {processor.py:183} INFO - Processing /home/abayturar/airflow-project/venv/lib/python3.12/site-packages/airflow/example_dags/example_params_ui_tutorial.py took 0.073 seconds
[2026-03-28T15:23:11.224+0500] {processor.py:161} INFO - Started process (PID=12168) to work on /home/abayturar/airflow-project/venv/lib/python3.12/site-packages/airflow/example_dags/example_params_ui_tutorial.py
[2026-03-28T15:23:11.225+0500] {processor.py:830} INFO - Processing file /home/abayturar/airflow-project/venv/lib/python3.12/site-packages/airflow/example_dags/example_params_ui_tutorial.py for tasks to queue
[2026-03-28T15:23:11.227+0500] {logging_mixin.py:188} INFO - [2026-03-28T15:23:11.227+0500] {dagbag.py:545} INFO - Filling up the DagBag from /home/abayturar/airflow-project/venv/lib/python3.12/site-packages/airflow/example_dags/example_params_ui_tutorial.py
[2026-03-28T15:23:11.235+0500] {processor.py:840} INFO - DAG(s) 'example_params_ui_tutorial' retrieved from /home/abayturar/airflow-project/venv/lib/python3.12/site-packages/airflow/example_dags/example_params_ui_tutorial.py
[2026-03-28T15:23:11.269+0500] {logging_mixin.py:188} INFO - [2026-03-28T15:23:11.269+0500] {dag.py:3089} INFO - Sync 1 DAGs
[2026-03-28T15:23:11.279+0500] {logging_mixin.py:188} INFO - [2026-03-28T15:23:11.279+0500] {dag.py:3947} INFO - Setting next_dagrun for example_params_ui_tutorial to None, run_after=None
[2026-03-28T15:23:11.309+0500] {processor.py:183} INFO - Processing /home/abayturar/airflow-project/venv/lib/python3.12/site-packages/airflow/example_dags/example_params_ui_tutorial.py took 0.093 seconds
[2026-03-28T15:24:01.459+0500] {processor.py:161} INFO - Started process (PID=12314) to work on /home/abayturar/airflow-project/venv/lib/python3.12/site-packages/airflow/example_dags/example_params_ui_tutorial.py
[2026-03-28T15:24:01.460+0500] {processor.py:830} INFO - Processing file /home/abayturar/airflow-project/venv/lib/python3.12/site-packages/airflow/example_dags/example_params_ui_tutorial.py for tasks to queue
[2026-03-28T15:24:01.461+0500] {logging_mixin.py:188} INFO - [2026-03-28T15:24:01.461+0500] {dagbag.py:545} INFO - Filling up the DagBag from /home/abayturar/airflow-project/venv/lib/python3.12/site-packages/airflow/example_dags/example_params_ui_tutorial.py
[2026-03-28T15:24:01.468+0500] {processor.py:840} INFO - DAG(s) 'example_params_ui_tutorial' retrieved from /home/abayturar/airflow-project/venv/lib/python3.12/site-packages/airflow/example_dags/example_params_ui_tutorial.py
[2026-03-28T15:24:01.500+0500] {logging_mixin.py:188} INFO - [2026-03-28T15:24:01.500+0500] {dag.py:3089} INFO - Sync 1 DAGs
[2026-03-28T15:24:01.509+0500] {logging_mixin.py:188} INFO - [2026-03-28T15:24:01.509+0500] {dag.py:3947} INFO - Setting next_dagrun for example_params_ui_tutorial to None, run_after=None
[2026-03-28T15:24:01.536+0500] {processor.py:183} INFO - Processing /home/abayturar/airflow-project/venv/lib/python3.12/site-packages/airflow/example_dags/example_params_ui_tutorial.py took 0.083 seconds
[2026-03-28T15:24:51.820+0500] {processor.py:161} INFO - Started process (PID=12457) to work on /home/abayturar/airflow-project/venv/lib/python3.12/site-packages/airflow/example_dags/example_params_ui_tutorial.py
[2026-03-28T15:24:51.821+0500] {processor.py:830} INFO - Processing file /home/abayturar/airflow-project/venv/lib/python3.12/site-packages/airflow/example_dags/example_params_ui_tutorial.py for tasks to queue
[2026-03-28T15:24:51.823+0500] {logging_mixin.py:188} INFO - [2026-03-28T15:24:51.822+0500] {dagbag.py:545} INFO - Filling up the DagBag from /home/abayturar/airflow-project/venv/lib/python3.12/site-packages/airflow/example_dags/example_params_ui_tutorial.py
[2026-03-28T15:24:51.830+0500] {processor.py:840} INFO - DAG(s) 'example_params_ui_tutorial' retrieved from /home/abayturar/airflow-project/venv/lib/python3.12/site-packages/airflow/example_dags/example_params_ui_tutorial.py
[2026-03-28T15:24:51.861+0500] {logging_mixin.py:188} INFO - [2026-03-28T15:24:51.860+0500] {dag.py:3089} INFO - Sync 1 DAGs
[2026-03-28T15:24:51.869+0500] {logging_mixin.py:188} INFO - [2026-03-28T15:24:51.869+0500] {dag.py:3947} INFO - Setting next_dagrun for example_params_ui_tutorial to None, run_after=None
[2026-03-28T15:24:51.896+0500] {processor.py:183} INFO - Processing /home/abayturar/airflow-project/venv/lib/python3.12/site-packages/airflow/example_dags/example_params_ui_tutorial.py took 0.081 seconds
[2026-03-28T15:26:05.228+0500] {processor.py:161} INFO - Started process (PID=12630) to work on /home/abayturar/airflow-project/venv/lib/python3.12/site-packages/airflow/example_dags/example_params_ui_tutorial.py
[2026-03-28T15:26:05.228+0500] {processor.py:830} INFO - Processing file /home/abayturar/airflow-project/venv/lib/python3.12/site-packages/airflow/example_dags/example_params_ui_tutorial.py for tasks to queue
[2026-03-28T15:26:05.230+0500] {logging_mixin.py:188} INFO - [2026-03-28T15:26:05.230+0500] {dagbag.py:545} INFO - Filling up the DagBag from /home/abayturar/airflow-project/venv/lib/python3.12/site-packages/airflow/example_dags/example_params_ui_tutorial.py
[2026-03-28T15:26:05.237+0500] {processor.py:840} INFO - DAG(s) 'example_params_ui_tutorial' retrieved from /home/abayturar/airflow-project/venv/lib/python3.12/site-packages/airflow/example_dags/example_params_ui_tutorial.py
[2026-03-28T15:26:05.273+0500] {logging_mixin.py:188} INFO - [2026-03-28T15:26:05.272+0500] {dag.py:3089} INFO - Sync 1 DAGs
[2026-03-28T15:26:05.284+0500] {logging_mixin.py:188} INFO - [2026-03-28T15:26:05.284+0500] {dag.py:3947} INFO - Setting next_dagrun for example_params_ui_tutorial to None, run_after=None
[2026-03-28T15:26:05.300+0500] {processor.py:183} INFO - Processing /home/abayturar/airflow-project/venv/lib/python3.12/site-packages/airflow/example_dags/example_params_ui_tutorial.py took 0.078 seconds
[2026-03-28T15:27:12.083+0500] {processor.py:161} INFO - Started process (PID=12811) to work on /home/abayturar/airflow-project/venv/lib/python3.12/site-packages/airflow/example_dags/example_params_ui_tutorial.py
[2026-03-28T15:27:12.084+0500] {processor.py:830} INFO - Processing file /home/abayturar/airflow-project/venv/lib/python3.12/site-packages/airflow/example_dags/example_params_ui_tutorial.py for tasks to queue
[2026-03-28T15:27:12.086+0500] {logging_mixin.py:188} INFO - [2026-03-28T15:27:12.085+0500] {dagbag.py:545} INFO - Filling up the DagBag from /home/abayturar/airflow-project/venv/lib/python3.12/site-packages/airflow/example_dags/example_params_ui_tutorial.py
[2026-03-28T15:27:12.094+0500] {processor.py:840} INFO - DAG(s) 'example_params_ui_tutorial' retrieved from /home/abayturar/airflow-project/venv/lib/python3.12/site-packages/airflow/example_dags/example_params_ui_tutorial.py
[2026-03-28T15:27:12.201+0500] {logging_mixin.py:188} INFO - [2026-03-28T15:27:12.200+0500] {dag.py:3089} INFO - Sync 1 DAGs
[2026-03-28T15:27:12.207+0500] {logging_mixin.py:188} INFO - [2026-03-28T15:27:12.207+0500] {dag.py:3947} INFO - Setting next_dagrun for example_params_ui_tutorial to None, run_after=None
[2026-03-28T15:27:12.223+0500] {processor.py:183} INFO - Processing /home/abayturar/airflow-project/venv/lib/python3.12/site-packages/airflow/example_dags/example_params_ui_tutorial.py took 0.146 seconds
[2026-03-28T18:17:46.808+0500] {processor.py:161} INFO - Started process (PID=17940) to work on /home/abayturar/airflow-project/venv/lib/python3.12/site-packages/airflow/example_dags/example_params_ui_tutorial.py
[2026-03-28T18:17:46.809+0500] {processor.py:830} INFO - Processing file /home/abayturar/airflow-project/venv/lib/python3.12/site-packages/airflow/example_dags/example_params_ui_tutorial.py for tasks to queue
[2026-03-28T18:17:46.810+0500] {logging_mixin.py:188} INFO - [2026-03-28T18:17:46.810+0500] {dagbag.py:545} INFO - Filling up the DagBag from /home/abayturar/airflow-project/venv/lib/python3.12/site-packages/airflow/example_dags/example_params_ui_tutorial.py
[2026-03-28T18:17:46.817+0500] {processor.py:840} INFO - DAG(s) 'example_params_ui_tutorial' retrieved from /home/abayturar/airflow-project/venv/lib/python3.12/site-packages/airflow/example_dags/example_params_ui_tutorial.py
[2026-03-28T18:17:46.920+0500] {logging_mixin.py:188} INFO - [2026-03-28T18:17:46.920+0500] {override.py:1858} INFO - Created Permission View: can edit on DAG:example_params_ui_tutorial
[2026-03-28T18:17:46.929+0500] {logging_mixin.py:188} INFO - [2026-03-28T18:17:46.928+0500] {override.py:1858} INFO - Created Permission View: can delete on DAG:example_params_ui_tutorial
[2026-03-28T18:17:46.934+0500] {logging_mixin.py:188} INFO - [2026-03-28T18:17:46.934+0500] {override.py:1858} INFO - Created Permission View: can read on DAG:example_params_ui_tutorial
[2026-03-28T18:17:46.934+0500] {logging_mixin.py:188} INFO - [2026-03-28T18:17:46.934+0500] {dag.py:3089} INFO - Sync 1 DAGs
[2026-03-28T18:17:46.941+0500] {logging_mixin.py:188} INFO - [2026-03-28T18:17:46.941+0500] {dag.py:3111} INFO - Creating ORM DAG for example_params_ui_tutorial
[2026-03-28T18:17:46.942+0500] {logging_mixin.py:188} INFO - [2026-03-28T18:17:46.942+0500] {dag.py:3947} INFO - Setting next_dagrun for example_params_ui_tutorial to None, run_after=None
[2026-03-28T18:17:46.955+0500] {processor.py:183} INFO - Processing /home/abayturar/airflow-project/venv/lib/python3.12/site-packages/airflow/example_dags/example_params_ui_tutorial.py took 0.152 seconds
[2026-03-28T18:18:41.298+0500] {processor.py:161} INFO - Started process (PID=18082) to work on /home/abayturar/airflow-project/venv/lib/python3.12/site-packages/airflow/example_dags/example_params_ui_tutorial.py
[2026-03-28T18:18:41.299+0500] {processor.py:830} INFO - Processing file /home/abayturar/airflow-project/venv/lib/python3.12/site-packages/airflow/example_dags/example_params_ui_tutorial.py for tasks to queue
[2026-03-28T18:18:41.301+0500] {logging_mixin.py:188} INFO - [2026-03-28T18:18:41.300+0500] {dagbag.py:545} INFO - Filling up the DagBag from /home/abayturar/airflow-project/venv/lib/python3.12/site-packages/airflow/example_dags/example_params_ui_tutorial.py
[2026-03-28T18:18:41.308+0500] {processor.py:840} INFO - DAG(s) 'example_params_ui_tutorial' retrieved from /home/abayturar/airflow-project/venv/lib/python3.12/site-packages/airflow/example_dags/example_params_ui_tutorial.py
[2026-03-28T18:18:41.343+0500] {logging_mixin.py:188} INFO - [2026-03-28T18:18:41.343+0500] {dag.py:3089} INFO - Sync 1 DAGs
[2026-03-28T18:18:41.353+0500] {logging_mixin.py:188} INFO - [2026-03-28T18:18:41.352+0500] {dag.py:3947} INFO - Setting next_dagrun for example_params_ui_tutorial to None, run_after=None
[2026-03-28T18:18:41.370+0500] {processor.py:183} INFO - Processing /home/abayturar/airflow-project/venv/lib/python3.12/site-packages/airflow/example_dags/example_params_ui_tutorial.py took 0.079 seconds
[2026-03-28T18:22:32.827+0500] {processor.py:161} INFO - Started process (PID=18617) to work on /home/abayturar/airflow-project/venv/lib/python3.12/site-packages/airflow/example_dags/example_params_ui_tutorial.py
[2026-03-28T18:22:32.828+0500] {processor.py:830} INFO - Processing file /home/abayturar/airflow-project/venv/lib/python3.12/site-packages/airflow/example_dags/example_params_ui_tutorial.py for tasks to queue
[2026-03-28T18:22:32.830+0500] {logging_mixin.py:188} INFO - [2026-03-28T18:22:32.830+0500] {dagbag.py:545} INFO - Filling up the DagBag from /home/abayturar/airflow-project/venv/lib/python3.12/site-packages/airflow/example_dags/example_params_ui_tutorial.py
[2026-03-28T18:22:32.837+0500] {processor.py:840} INFO - DAG(s) 'example_params_ui_tutorial' retrieved from /home/abayturar/airflow-project/venv/lib/python3.12/site-packages/airflow/example_dags/example_params_ui_tutorial.py
[2026-03-28T18:22:32.873+0500] {logging_mixin.py:188} INFO - [2026-03-28T18:22:32.873+0500] {dag.py:3089} INFO - Sync 1 DAGs
[2026-03-28T18:22:32.884+0500] {logging_mixin.py:188} INFO - [2026-03-28T18:22:32.884+0500] {dag.py:3947} INFO - Setting next_dagrun for example_params_ui_tutorial to None, run_after=None
[2026-03-28T18:22:32.914+0500] {processor.py:183} INFO - Processing /home/abayturar/airflow-project/venv/lib/python3.12/site-packages/airflow/example_dags/example_params_ui_tutorial.py took 0.093 seconds
[2026-03-28T18:23:25.329+0500] {processor.py:161} INFO - Started process (PID=18765) to work on /home/abayturar/airflow-project/venv/lib/python3.12/site-packages/airflow/example_dags/example_params_ui_tutorial.py
[2026-03-28T18:23:25.330+0500] {processor.py:830} INFO - Processing file /home/abayturar/airflow-project/venv/lib/python3.12/site-packages/airflow/example_dags/example_params_ui_tutorial.py for tasks to queue
[2026-03-28T18:23:25.331+0500] {logging_mixin.py:188} INFO - [2026-03-28T18:23:25.331+0500] {dagbag.py:545} INFO - Filling up the DagBag from /home/abayturar/airflow-project/venv/lib/python3.12/site-packages/airflow/example_dags/example_params_ui_tutorial.py
[2026-03-28T18:23:25.338+0500] {processor.py:840} INFO - DAG(s) 'example_params_ui_tutorial' retrieved from /home/abayturar/airflow-project/venv/lib/python3.12/site-packages/airflow/example_dags/example_params_ui_tutorial.py
[2026-03-28T18:23:25.368+0500] {logging_mixin.py:188} INFO - [2026-03-28T18:23:25.367+0500] {dag.py:3089} INFO - Sync 1 DAGs
[2026-03-28T18:23:25.376+0500] {logging_mixin.py:188} INFO - [2026-03-28T18:23:25.376+0500] {dag.py:3947} INFO - Setting next_dagrun for example_params_ui_tutorial to None, run_after=None
[2026-03-28T18:23:25.392+0500] {processor.py:183} INFO - Processing /home/abayturar/airflow-project/venv/lib/python3.12/site-packages/airflow/example_dags/example_params_ui_tutorial.py took 0.070 seconds
[2026-03-28T18:24:18.716+0500] {processor.py:161} INFO - Started process (PID=18907) to work on /home/abayturar/airflow-project/venv/lib/python3.12/site-packages/airflow/example_dags/example_params_ui_tutorial.py
[2026-03-28T18:24:18.717+0500] {processor.py:830} INFO - Processing file /home/abayturar/airflow-project/venv/lib/python3.12/site-packages/airflow/example_dags/example_params_ui_tutorial.py for tasks to queue
[2026-03-28T18:24:18.719+0500] {logging_mixin.py:188} INFO - [2026-03-28T18:24:18.718+0500] {dagbag.py:545} INFO - Filling up the DagBag from /home/abayturar/airflow-project/venv/lib/python3.12/site-packages/airflow/example_dags/example_params_ui_tutorial.py
[2026-03-28T18:24:18.730+0500] {processor.py:840} INFO - DAG(s) 'example_params_ui_tutorial' retrieved from /home/abayturar/airflow-project/venv/lib/python3.12/site-packages/airflow/example_dags/example_params_ui_tutorial.py
[2026-03-28T18:24:18.763+0500] {logging_mixin.py:188} INFO - [2026-03-28T18:24:18.763+0500] {dag.py:3089} INFO - Sync 1 DAGs
[2026-03-28T18:24:18.773+0500] {logging_mixin.py:188} INFO - [2026-03-28T18:24:18.773+0500] {dag.py:3947} INFO - Setting next_dagrun for example_params_ui_tutorial to None, run_after=None
[2026-03-28T18:24:18.803+0500] {processor.py:183} INFO - Processing /home/abayturar/airflow-project/venv/lib/python3.12/site-packages/airflow/example_dags/example_params_ui_tutorial.py took 0.093 seconds
[2026-03-28T18:25:05.112+0500] {processor.py:161} INFO - Started process (PID=19033) to work on /home/abayturar/airflow-project/venv/lib/python3.12/site-packages/airflow/example_dags/example_params_ui_tutorial.py
[2026-03-28T18:25:05.113+0500] {processor.py:830} INFO - Processing file /home/abayturar/airflow-project/venv/lib/python3.12/site-packages/airflow/example_dags/example_params_ui_tutorial.py for tasks to queue
[2026-03-28T18:25:05.115+0500] {logging_mixin.py:188} INFO - [2026-03-28T18:25:05.114+0500] {dagbag.py:545} INFO - Filling up the DagBag from /home/abayturar/airflow-project/venv/lib/python3.12/site-packages/airflow/example_dags/example_params_ui_tutorial.py
[2026-03-28T18:25:05.122+0500] {processor.py:840} INFO - DAG(s) 'example_params_ui_tutorial' retrieved from /home/abayturar/airflow-project/venv/lib/python3.12/site-packages/airflow/example_dags/example_params_ui_tutorial.py
[2026-03-28T18:25:05.153+0500] {logging_mixin.py:188} INFO - [2026-03-28T18:25:05.153+0500] {dag.py:3089} INFO - Sync 1 DAGs
[2026-03-28T18:25:05.161+0500] {logging_mixin.py:188} INFO - [2026-03-28T18:25:05.161+0500] {dag.py:3947} INFO - Setting next_dagrun for example_params_ui_tutorial to None, run_after=None
[2026-03-28T18:25:05.188+0500] {processor.py:183} INFO - Processing /home/abayturar/airflow-project/venv/lib/python3.12/site-packages/airflow/example_dags/example_params_ui_tutorial.py took 0.081 seconds
[2026-03-28T18:25:53.705+0500] {processor.py:161} INFO - Started process (PID=19162) to work on /home/abayturar/airflow-project/venv/lib/python3.12/site-packages/airflow/example_dags/example_params_ui_tutorial.py
[2026-03-28T18:25:53.705+0500] {processor.py:830} INFO - Processing file /home/abayturar/airflow-project/venv/lib/python3.12/site-packages/airflow/example_dags/example_params_ui_tutorial.py for tasks to queue
[2026-03-28T18:25:53.707+0500] {logging_mixin.py:188} INFO - [2026-03-28T18:25:53.707+0500] {dagbag.py:545} INFO - Filling up the DagBag from /home/abayturar/airflow-project/venv/lib/python3.12/site-packages/airflow/example_dags/example_params_ui_tutorial.py
[2026-03-28T18:25:53.714+0500] {processor.py:840} INFO - DAG(s) 'example_params_ui_tutorial' retrieved from /home/abayturar/airflow-project/venv/lib/python3.12/site-packages/airflow/example_dags/example_params_ui_tutorial.py
[2026-03-28T18:25:53.749+0500] {logging_mixin.py:188} INFO - [2026-03-28T18:25:53.749+0500] {dag.py:3089} INFO - Sync 1 DAGs
[2026-03-28T18:25:53.760+0500] {logging_mixin.py:188} INFO - [2026-03-28T18:25:53.760+0500] {dag.py:3947} INFO - Setting next_dagrun for example_params_ui_tutorial to None, run_after=None
[2026-03-28T18:25:53.791+0500] {processor.py:183} INFO - Processing /home/abayturar/airflow-project/venv/lib/python3.12/site-packages/airflow/example_dags/example_params_ui_tutorial.py took 0.093 seconds
[2026-03-28T18:26:41.735+0500] {processor.py:161} INFO - Started process (PID=19290) to work on /home/abayturar/airflow-project/venv/lib/python3.12/site-packages/airflow/example_dags/example_params_ui_tutorial.py
[2026-03-28T18:26:41.736+0500] {processor.py:830} INFO - Processing file /home/abayturar/airflow-project/venv/lib/python3.12/site-packages/airflow/example_dags/example_params_ui_tutorial.py for tasks to queue
[2026-03-28T18:26:41.738+0500] {logging_mixin.py:188} INFO - [2026-03-28T18:26:41.738+0500] {dagbag.py:545} INFO - Filling up the DagBag from /home/abayturar/airflow-project/venv/lib/python3.12/site-packages/airflow/example_dags/example_params_ui_tutorial.py
[2026-03-28T18:26:41.745+0500] {processor.py:840} INFO - DAG(s) 'example_params_ui_tutorial' retrieved from /home/abayturar/airflow-project/venv/lib/python3.12/site-packages/airflow/example_dags/example_params_ui_tutorial.py
[2026-03-28T18:26:41.778+0500] {logging_mixin.py:188} INFO - [2026-03-28T18:26:41.778+0500] {dag.py:3089} INFO - Sync 1 DAGs
[2026-03-28T18:26:41.787+0500] {logging_mixin.py:188} INFO - [2026-03-28T18:26:41.787+0500] {dag.py:3947} INFO - Setting next_dagrun for example_params_ui_tutorial to None, run_after=None
[2026-03-28T18:26:41.806+0500] {processor.py:183} INFO - Processing /home/abayturar/airflow-project/venv/lib/python3.12/site-packages/airflow/example_dags/example_params_ui_tutorial.py took 0.077 seconds
[2026-03-28T18:27:30.261+0500] {processor.py:161} INFO - Started process (PID=19417) to work on /home/abayturar/airflow-project/venv/lib/python3.12/site-packages/airflow/example_dags/example_params_ui_tutorial.py
[2026-03-28T18:27:30.262+0500] {processor.py:830} INFO - Processing file /home/abayturar/airflow-project/venv/lib/python3.12/site-packages/airflow/example_dags/example_params_ui_tutorial.py for tasks to queue
[2026-03-28T18:27:30.264+0500] {logging_mixin.py:188} INFO - [2026-03-28T18:27:30.264+0500] {dagbag.py:545} INFO - Filling up the DagBag from /home/abayturar/airflow-project/venv/lib/python3.12/site-packages/airflow/example_dags/example_params_ui_tutorial.py
[2026-03-28T18:27:30.272+0500] {processor.py:840} INFO - DAG(s) 'example_params_ui_tutorial' retrieved from /home/abayturar/airflow-project/venv/lib/python3.12/site-packages/airflow/example_dags/example_params_ui_tutorial.py
[2026-03-28T18:27:30.312+0500] {logging_mixin.py:188} INFO - [2026-03-28T18:27:30.312+0500] {dag.py:3089} INFO - Sync 1 DAGs
[2026-03-28T18:27:30.321+0500] {logging_mixin.py:188} INFO - [2026-03-28T18:27:30.321+0500] {dag.py:3947} INFO - Setting next_dagrun for example_params_ui_tutorial to None, run_after=None
[2026-03-28T18:27:30.348+0500] {processor.py:183} INFO - Processing /home/abayturar/airflow-project/venv/lib/python3.12/site-packages/airflow/example_dags/example_params_ui_tutorial.py took 0.097 seconds
[2026-03-28T18:28:24.708+0500] {processor.py:161} INFO - Started process (PID=19577) to work on /home/abayturar/airflow-project/venv/lib/python3.12/site-packages/airflow/example_dags/example_params_ui_tutorial.py
[2026-03-28T18:28:24.709+0500] {processor.py:830} INFO - Processing file /home/abayturar/airflow-project/venv/lib/python3.12/site-packages/airflow/example_dags/example_params_ui_tutorial.py for tasks to queue
[2026-03-28T18:28:24.711+0500] {logging_mixin.py:188} INFO - [2026-03-28T18:28:24.710+0500] {dagbag.py:545} INFO - Filling up the DagBag from /home/abayturar/airflow-project/venv/lib/python3.12/site-packages/airflow/example_dags/example_params_ui_tutorial.py
[2026-03-28T18:28:24.718+0500] {processor.py:840} INFO - DAG(s) 'example_params_ui_tutorial' retrieved from /home/abayturar/airflow-project/venv/lib/python3.12/site-packages/airflow/example_dags/example_params_ui_tutorial.py
[2026-03-28T18:28:24.747+0500] {logging_mixin.py:188} INFO - [2026-03-28T18:28:24.747+0500] {dag.py:3089} INFO - Sync 1 DAGs
[2026-03-28T18:28:24.756+0500] {logging_mixin.py:188} INFO - [2026-03-28T18:28:24.756+0500] {dag.py:3947} INFO - Setting next_dagrun for example_params_ui_tutorial to None, run_after=None
[2026-03-28T18:28:24.784+0500] {processor.py:183} INFO - Processing /home/abayturar/airflow-project/venv/lib/python3.12/site-packages/airflow/example_dags/example_params_ui_tutorial.py took 0.081 seconds
[2026-03-28T18:29:17.480+0500] {processor.py:161} INFO - Started process (PID=19715) to work on /home/abayturar/airflow-project/venv/lib/python3.12/site-packages/airflow/example_dags/example_params_ui_tutorial.py
[2026-03-28T18:29:17.482+0500] {processor.py:830} INFO - Processing file /home/abayturar/airflow-project/venv/lib/python3.12/site-packages/airflow/example_dags/example_params_ui_tutorial.py for tasks to queue
[2026-03-28T18:29:17.484+0500] {logging_mixin.py:188} INFO - [2026-03-28T18:29:17.483+0500] {dagbag.py:545} INFO - Filling up the DagBag from /home/abayturar/airflow-project/venv/lib/python3.12/site-packages/airflow/example_dags/example_params_ui_tutorial.py
[2026-03-28T18:29:17.492+0500] {processor.py:840} INFO - DAG(s) 'example_params_ui_tutorial' retrieved from /home/abayturar/airflow-project/venv/lib/python3.12/site-packages/airflow/example_dags/example_params_ui_tutorial.py
[2026-03-28T18:29:17.524+0500] {logging_mixin.py:188} INFO - [2026-03-28T18:29:17.524+0500] {dag.py:3089} INFO - Sync 1 DAGs
[2026-03-28T18:29:17.533+0500] {logging_mixin.py:188} INFO - [2026-03-28T18:29:17.533+0500] {dag.py:3947} INFO - Setting next_dagrun for example_params_ui_tutorial to None, run_after=None
[2026-03-28T18:29:17.562+0500] {processor.py:183} INFO - Processing /home/abayturar/airflow-project/venv/lib/python3.12/site-packages/airflow/example_dags/example_params_ui_tutorial.py took 0.088 seconds
[2026-03-28T18:30:07.116+0500] {processor.py:161} INFO - Started process (PID=19847) to work on /home/abayturar/airflow-project/venv/lib/python3.12/site-packages/airflow/example_dags/example_params_ui_tutorial.py
[2026-03-28T18:30:07.117+0500] {processor.py:830} INFO - Processing file /home/abayturar/airflow-project/venv/lib/python3.12/site-packages/airflow/example_dags/example_params_ui_tutorial.py for tasks to queue
[2026-03-28T18:30:07.119+0500] {logging_mixin.py:188} INFO - [2026-03-28T18:30:07.119+0500] {dagbag.py:545} INFO - Filling up the DagBag from /home/abayturar/airflow-project/venv/lib/python3.12/site-packages/airflow/example_dags/example_params_ui_tutorial.py
[2026-03-28T18:30:07.126+0500] {processor.py:840} INFO - DAG(s) 'example_params_ui_tutorial' retrieved from /home/abayturar/airflow-project/venv/lib/python3.12/site-packages/airflow/example_dags/example_params_ui_tutorial.py
[2026-03-28T18:30:07.159+0500] {logging_mixin.py:188} INFO - [2026-03-28T18:30:07.159+0500] {dag.py:3089} INFO - Sync 1 DAGs
[2026-03-28T18:30:07.170+0500] {logging_mixin.py:188} INFO - [2026-03-28T18:30:07.170+0500] {dag.py:3947} INFO - Setting next_dagrun for example_params_ui_tutorial to None, run_after=None
[2026-03-28T18:30:07.189+0500] {processor.py:183} INFO - Processing /home/abayturar/airflow-project/venv/lib/python3.12/site-packages/airflow/example_dags/example_params_ui_tutorial.py took 0.079 seconds
[2026-03-28T18:30:52.501+0500] {processor.py:161} INFO - Started process (PID=19969) to work on /home/abayturar/airflow-project/venv/lib/python3.12/site-packages/airflow/example_dags/example_params_ui_tutorial.py
[2026-03-28T18:30:52.501+0500] {processor.py:830} INFO - Processing file /home/abayturar/airflow-project/venv/lib/python3.12/site-packages/airflow/example_dags/example_params_ui_tutorial.py for tasks to queue
[2026-03-28T18:30:52.503+0500] {logging_mixin.py:188} INFO - [2026-03-28T18:30:52.503+0500] {dagbag.py:545} INFO - Filling up the DagBag from /home/abayturar/airflow-project/venv/lib/python3.12/site-packages/airflow/example_dags/example_params_ui_tutorial.py
[2026-03-28T18:30:52.510+0500] {processor.py:840} INFO - DAG(s) 'example_params_ui_tutorial' retrieved from /home/abayturar/airflow-project/venv/lib/python3.12/site-packages/airflow/example_dags/example_params_ui_tutorial.py
[2026-03-28T18:30:52.542+0500] {logging_mixin.py:188} INFO - [2026-03-28T18:30:52.542+0500] {dag.py:3089} INFO - Sync 1 DAGs
[2026-03-28T18:30:52.551+0500] {logging_mixin.py:188} INFO - [2026-03-28T18:30:52.551+0500] {dag.py:3947} INFO - Setting next_dagrun for example_params_ui_tutorial to None, run_after=None
[2026-03-28T18:30:52.566+0500] {processor.py:183} INFO - Processing /home/abayturar/airflow-project/venv/lib/python3.12/site-packages/airflow/example_dags/example_params_ui_tutorial.py took 0.072 seconds
[2026-03-28T18:31:38.660+0500] {processor.py:161} INFO - Started process (PID=20101) to work on /home/abayturar/airflow-project/venv/lib/python3.12/site-packages/airflow/example_dags/example_params_ui_tutorial.py
[2026-03-28T18:31:38.661+0500] {processor.py:830} INFO - Processing file /home/abayturar/airflow-project/venv/lib/python3.12/site-packages/airflow/example_dags/example_params_ui_tutorial.py for tasks to queue
[2026-03-28T18:31:38.662+0500] {logging_mixin.py:188} INFO - [2026-03-28T18:31:38.662+0500] {dagbag.py:545} INFO - Filling up the DagBag from /home/abayturar/airflow-project/venv/lib/python3.12/site-packages/airflow/example_dags/example_params_ui_tutorial.py
[2026-03-28T18:31:38.671+0500] {processor.py:840} INFO - DAG(s) 'example_params_ui_tutorial' retrieved from /home/abayturar/airflow-project/venv/lib/python3.12/site-packages/airflow/example_dags/example_params_ui_tutorial.py
[2026-03-28T18:31:38.703+0500] {logging_mixin.py:188} INFO - [2026-03-28T18:31:38.702+0500] {dag.py:3089} INFO - Sync 1 DAGs
[2026-03-28T18:31:38.712+0500] {logging_mixin.py:188} INFO - [2026-03-28T18:31:38.711+0500] {dag.py:3947} INFO - Setting next_dagrun for example_params_ui_tutorial to None, run_after=None
[2026-03-28T18:31:38.741+0500] {processor.py:183} INFO - Processing /home/abayturar/airflow-project/venv/lib/python3.12/site-packages/airflow/example_dags/example_params_ui_tutorial.py took 0.087 seconds
[2026-03-28T18:32:45.995+0500] {processor.py:161} INFO - Started process (PID=20285) to work on /home/abayturar/airflow-project/venv/lib/python3.12/site-packages/airflow/example_dags/example_params_ui_tutorial.py
[2026-03-28T18:32:45.996+0500] {processor.py:830} INFO - Processing file /home/abayturar/airflow-project/venv/lib/python3.12/site-packages/airflow/example_dags/example_params_ui_tutorial.py for tasks to queue
[2026-03-28T18:32:45.998+0500] {logging_mixin.py:188} INFO - [2026-03-28T18:32:45.997+0500] {dagbag.py:545} INFO - Filling up the DagBag from /home/abayturar/airflow-project/venv/lib/python3.12/site-packages/airflow/example_dags/example_params_ui_tutorial.py
[2026-03-28T18:32:46.004+0500] {processor.py:840} INFO - DAG(s) 'example_params_ui_tutorial' retrieved from /home/abayturar/airflow-project/venv/lib/python3.12/site-packages/airflow/example_dags/example_params_ui_tutorial.py
[2026-03-28T18:32:46.032+0500] {logging_mixin.py:188} INFO - [2026-03-28T18:32:46.032+0500] {dag.py:3089} INFO - Sync 1 DAGs
[2026-03-28T18:32:46.040+0500] {logging_mixin.py:188} INFO - [2026-03-28T18:32:46.040+0500] {dag.py:3947} INFO - Setting next_dagrun for example_params_ui_tutorial to None, run_after=None
[2026-03-28T18:32:46.066+0500] {processor.py:183} INFO - Processing /home/abayturar/airflow-project/venv/lib/python3.12/site-packages/airflow/example_dags/example_params_ui_tutorial.py took 0.076 seconds
[2026-03-28T18:33:38.074+0500] {processor.py:161} INFO - Started process (PID=20421) to work on /home/abayturar/airflow-project/venv/lib/python3.12/site-packages/airflow/example_dags/example_params_ui_tutorial.py
[2026-03-28T18:33:38.075+0500] {processor.py:830} INFO - Processing file /home/abayturar/airflow-project/venv/lib/python3.12/site-packages/airflow/example_dags/example_params_ui_tutorial.py for tasks to queue
[2026-03-28T18:33:38.076+0500] {logging_mixin.py:188} INFO - [2026-03-28T18:33:38.076+0500] {dagbag.py:545} INFO - Filling up the DagBag from /home/abayturar/airflow-project/venv/lib/python3.12/site-packages/airflow/example_dags/example_params_ui_tutorial.py
[2026-03-28T18:33:38.083+0500] {processor.py:840} INFO - DAG(s) 'example_params_ui_tutorial' retrieved from /home/abayturar/airflow-project/venv/lib/python3.12/site-packages/airflow/example_dags/example_params_ui_tutorial.py
[2026-03-28T18:33:38.123+0500] {logging_mixin.py:188} INFO - [2026-03-28T18:33:38.123+0500] {dag.py:3089} INFO - Sync 1 DAGs
[2026-03-28T18:33:38.133+0500] {logging_mixin.py:188} INFO - [2026-03-28T18:33:38.133+0500] {dag.py:3947} INFO - Setting next_dagrun for example_params_ui_tutorial to None, run_after=None
[2026-03-28T18:33:38.167+0500] {processor.py:183} INFO - Processing /home/abayturar/airflow-project/venv/lib/python3.12/site-packages/airflow/example_dags/example_params_ui_tutorial.py took 0.099 seconds
[2026-03-28T18:34:29.756+0500] {processor.py:161} INFO - Started process (PID=20570) to work on /home/abayturar/airflow-project/venv/lib/python3.12/site-packages/airflow/example_dags/example_params_ui_tutorial.py
[2026-03-28T18:34:29.757+0500] {processor.py:830} INFO - Processing file /home/abayturar/airflow-project/venv/lib/python3.12/site-packages/airflow/example_dags/example_params_ui_tutorial.py for tasks to queue
[2026-03-28T18:34:29.758+0500] {logging_mixin.py:188} INFO - [2026-03-28T18:34:29.758+0500] {dagbag.py:545} INFO - Filling up the DagBag from /home/abayturar/airflow-project/venv/lib/python3.12/site-packages/airflow/example_dags/example_params_ui_tutorial.py
[2026-03-28T18:34:29.766+0500] {processor.py:840} INFO - DAG(s) 'example_params_ui_tutorial' retrieved from /home/abayturar/airflow-project/venv/lib/python3.12/site-packages/airflow/example_dags/example_params_ui_tutorial.py
[2026-03-28T18:34:29.796+0500] {logging_mixin.py:188} INFO - [2026-03-28T18:34:29.796+0500] {dag.py:3089} INFO - Sync 1 DAGs
[2026-03-28T18:34:29.804+0500] {logging_mixin.py:188} INFO - [2026-03-28T18:34:29.804+0500] {dag.py:3947} INFO - Setting next_dagrun for example_params_ui_tutorial to None, run_after=None
[2026-03-28T18:34:29.820+0500] {processor.py:183} INFO - Processing /home/abayturar/airflow-project/venv/lib/python3.12/site-packages/airflow/example_dags/example_params_ui_tutorial.py took 0.070 seconds
[2026-03-28T18:35:20.270+0500] {processor.py:161} INFO - Started process (PID=20710) to work on /home/abayturar/airflow-project/venv/lib/python3.12/site-packages/airflow/example_dags/example_params_ui_tutorial.py
[2026-03-28T18:35:20.271+0500] {processor.py:830} INFO - Processing file /home/abayturar/airflow-project/venv/lib/python3.12/site-packages/airflow/example_dags/example_params_ui_tutorial.py for tasks to queue
[2026-03-28T18:35:20.272+0500] {logging_mixin.py:188} INFO - [2026-03-28T18:35:20.272+0500] {dagbag.py:545} INFO - Filling up the DagBag from /home/abayturar/airflow-project/venv/lib/python3.12/site-packages/airflow/example_dags/example_params_ui_tutorial.py
[2026-03-28T18:35:20.279+0500] {processor.py:840} INFO - DAG(s) 'example_params_ui_tutorial' retrieved from /home/abayturar/airflow-project/venv/lib/python3.12/site-packages/airflow/example_dags/example_params_ui_tutorial.py
[2026-03-28T18:35:20.307+0500] {logging_mixin.py:188} INFO - [2026-03-28T18:35:20.307+0500] {dag.py:3089} INFO - Sync 1 DAGs
[2026-03-28T18:35:20.316+0500] {logging_mixin.py:188} INFO - [2026-03-28T18:35:20.315+0500] {dag.py:3947} INFO - Setting next_dagrun for example_params_ui_tutorial to None, run_after=None
[2026-03-28T18:35:20.343+0500] {processor.py:183} INFO - Processing /home/abayturar/airflow-project/venv/lib/python3.12/site-packages/airflow/example_dags/example_params_ui_tutorial.py took 0.079 seconds
[2026-03-28T18:36:07.711+0500] {processor.py:161} INFO - Started process (PID=20840) to work on /home/abayturar/airflow-project/venv/lib/python3.12/site-packages/airflow/example_dags/example_params_ui_tutorial.py
[2026-03-28T18:36:07.712+0500] {processor.py:830} INFO - Processing file /home/abayturar/airflow-project/venv/lib/python3.12/site-packages/airflow/example_dags/example_params_ui_tutorial.py for tasks to queue
[2026-03-28T18:36:07.713+0500] {logging_mixin.py:188} INFO - [2026-03-28T18:36:07.713+0500] {dagbag.py:545} INFO - Filling up the DagBag from /home/abayturar/airflow-project/venv/lib/python3.12/site-packages/airflow/example_dags/example_params_ui_tutorial.py
[2026-03-28T18:36:07.720+0500] {processor.py:840} INFO - DAG(s) 'example_params_ui_tutorial' retrieved from /home/abayturar/airflow-project/venv/lib/python3.12/site-packages/airflow/example_dags/example_params_ui_tutorial.py
[2026-03-28T18:36:07.750+0500] {logging_mixin.py:188} INFO - [2026-03-28T18:36:07.750+0500] {dag.py:3089} INFO - Sync 1 DAGs
[2026-03-28T18:36:07.759+0500] {logging_mixin.py:188} INFO - [2026-03-28T18:36:07.759+0500] {dag.py:3947} INFO - Setting next_dagrun for example_params_ui_tutorial to None, run_after=None
[2026-03-28T18:36:07.774+0500] {processor.py:183} INFO - Processing /home/abayturar/airflow-project/venv/lib/python3.12/site-packages/airflow/example_dags/example_params_ui_tutorial.py took 0.070 seconds
[2026-03-28T18:37:04.706+0500] {processor.py:161} INFO - Started process (PID=21004) to work on /home/abayturar/airflow-project/venv/lib/python3.12/site-packages/airflow/example_dags/example_params_ui_tutorial.py
[2026-03-28T18:37:04.707+0500] {processor.py:830} INFO - Processing file /home/abayturar/airflow-project/venv/lib/python3.12/site-packages/airflow/example_dags/example_params_ui_tutorial.py for tasks to queue
[2026-03-28T18:37:04.708+0500] {logging_mixin.py:188} INFO - [2026-03-28T18:37:04.708+0500] {dagbag.py:545} INFO - Filling up the DagBag from /home/abayturar/airflow-project/venv/lib/python3.12/site-packages/airflow/example_dags/example_params_ui_tutorial.py
[2026-03-28T18:37:04.716+0500] {processor.py:840} INFO - DAG(s) 'example_params_ui_tutorial' retrieved from /home/abayturar/airflow-project/venv/lib/python3.12/site-packages/airflow/example_dags/example_params_ui_tutorial.py
[2026-03-28T18:37:04.751+0500] {logging_mixin.py:188} INFO - [2026-03-28T18:37:04.750+0500] {dag.py:3089} INFO - Sync 1 DAGs
[2026-03-28T18:37:04.761+0500] {logging_mixin.py:188} INFO - [2026-03-28T18:37:04.761+0500] {dag.py:3947} INFO - Setting next_dagrun for example_params_ui_tutorial to None, run_after=None
[2026-03-28T18:37:04.778+0500] {processor.py:183} INFO - Processing /home/abayturar/airflow-project/venv/lib/python3.12/site-packages/airflow/example_dags/example_params_ui_tutorial.py took 0.079 seconds
[2026-03-28T18:37:59.177+0500] {processor.py:161} INFO - Started process (PID=21155) to work on /home/abayturar/airflow-project/venv/lib/python3.12/site-packages/airflow/example_dags/example_params_ui_tutorial.py
[2026-03-28T18:37:59.177+0500] {processor.py:830} INFO - Processing file /home/abayturar/airflow-project/venv/lib/python3.12/site-packages/airflow/example_dags/example_params_ui_tutorial.py for tasks to queue
[2026-03-28T18:37:59.179+0500] {logging_mixin.py:188} INFO - [2026-03-28T18:37:59.179+0500] {dagbag.py:545} INFO - Filling up the DagBag from /home/abayturar/airflow-project/venv/lib/python3.12/site-packages/airflow/example_dags/example_params_ui_tutorial.py
[2026-03-28T18:37:59.187+0500] {processor.py:840} INFO - DAG(s) 'example_params_ui_tutorial' retrieved from /home/abayturar/airflow-project/venv/lib/python3.12/site-packages/airflow/example_dags/example_params_ui_tutorial.py
[2026-03-28T18:37:59.217+0500] {logging_mixin.py:188} INFO - [2026-03-28T18:37:59.217+0500] {dag.py:3089} INFO - Sync 1 DAGs
[2026-03-28T18:37:59.226+0500] {logging_mixin.py:188} INFO - [2026-03-28T18:37:59.226+0500] {dag.py:3947} INFO - Setting next_dagrun for example_params_ui_tutorial to None, run_after=None
[2026-03-28T18:37:59.243+0500] {processor.py:183} INFO - Processing /home/abayturar/airflow-project/venv/lib/python3.12/site-packages/airflow/example_dags/example_params_ui_tutorial.py took 0.072 seconds
[2026-03-28T18:38:48.533+0500] {processor.py:161} INFO - Started process (PID=21284) to work on /home/abayturar/airflow-project/venv/lib/python3.12/site-packages/airflow/example_dags/example_params_ui_tutorial.py
[2026-03-28T18:38:48.534+0500] {processor.py:830} INFO - Processing file /home/abayturar/airflow-project/venv/lib/python3.12/site-packages/airflow/example_dags/example_params_ui_tutorial.py for tasks to queue
[2026-03-28T18:38:48.536+0500] {logging_mixin.py:188} INFO - [2026-03-28T18:38:48.536+0500] {dagbag.py:545} INFO - Filling up the DagBag from /home/abayturar/airflow-project/venv/lib/python3.12/site-packages/airflow/example_dags/example_params_ui_tutorial.py
[2026-03-28T18:38:48.544+0500] {processor.py:840} INFO - DAG(s) 'example_params_ui_tutorial' retrieved from /home/abayturar/airflow-project/venv/lib/python3.12/site-packages/airflow/example_dags/example_params_ui_tutorial.py
[2026-03-28T18:38:48.577+0500] {logging_mixin.py:188} INFO - [2026-03-28T18:38:48.577+0500] {dag.py:3089} INFO - Sync 1 DAGs
[2026-03-28T18:38:48.586+0500] {logging_mixin.py:188} INFO - [2026-03-28T18:38:48.586+0500] {dag.py:3947} INFO - Setting next_dagrun for example_params_ui_tutorial to None, run_after=None
[2026-03-28T18:38:48.615+0500] {processor.py:183} INFO - Processing /home/abayturar/airflow-project/venv/lib/python3.12/site-packages/airflow/example_dags/example_params_ui_tutorial.py took 0.089 seconds
[2026-03-28T18:39:40.183+0500] {processor.py:161} INFO - Started process (PID=21422) to work on /home/abayturar/airflow-project/venv/lib/python3.12/site-packages/airflow/example_dags/example_params_ui_tutorial.py
[2026-03-28T18:39:40.184+0500] {processor.py:830} INFO - Processing file /home/abayturar/airflow-project/venv/lib/python3.12/site-packages/airflow/example_dags/example_params_ui_tutorial.py for tasks to queue
[2026-03-28T18:39:40.186+0500] {logging_mixin.py:188} INFO - [2026-03-28T18:39:40.185+0500] {dagbag.py:545} INFO - Filling up the DagBag from /home/abayturar/airflow-project/venv/lib/python3.12/site-packages/airflow/example_dags/example_params_ui_tutorial.py
[2026-03-28T18:39:40.193+0500] {processor.py:840} INFO - DAG(s) 'example_params_ui_tutorial' retrieved from /home/abayturar/airflow-project/venv/lib/python3.12/site-packages/airflow/example_dags/example_params_ui_tutorial.py
[2026-03-28T18:39:40.226+0500] {logging_mixin.py:188} INFO - [2026-03-28T18:39:40.226+0500] {dag.py:3089} INFO - Sync 1 DAGs
[2026-03-28T18:39:40.235+0500] {logging_mixin.py:188} INFO - [2026-03-28T18:39:40.235+0500] {dag.py:3947} INFO - Setting next_dagrun for example_params_ui_tutorial to None, run_after=None
[2026-03-28T18:39:40.263+0500] {processor.py:183} INFO - Processing /home/abayturar/airflow-project/venv/lib/python3.12/site-packages/airflow/example_dags/example_params_ui_tutorial.py took 0.086 seconds
[2026-03-28T18:40:31.683+0500] {processor.py:161} INFO - Started process (PID=21558) to work on /home/abayturar/airflow-project/venv/lib/python3.12/site-packages/airflow/example_dags/example_params_ui_tutorial.py
[2026-03-28T18:40:31.684+0500] {processor.py:830} INFO - Processing file /home/abayturar/airflow-project/venv/lib/python3.12/site-packages/airflow/example_dags/example_params_ui_tutorial.py for tasks to queue
[2026-03-28T18:40:31.686+0500] {logging_mixin.py:188} INFO - [2026-03-28T18:40:31.686+0500] {dagbag.py:545} INFO - Filling up the DagBag from /home/abayturar/airflow-project/venv/lib/python3.12/site-packages/airflow/example_dags/example_params_ui_tutorial.py
[2026-03-28T18:40:31.696+0500] {processor.py:840} INFO - DAG(s) 'example_params_ui_tutorial' retrieved from /home/abayturar/airflow-project/venv/lib/python3.12/site-packages/airflow/example_dags/example_params_ui_tutorial.py
[2026-03-28T18:40:31.733+0500] {logging_mixin.py:188} INFO - [2026-03-28T18:40:31.733+0500] {dag.py:3089} INFO - Sync 1 DAGs
[2026-03-28T18:40:31.745+0500] {logging_mixin.py:188} INFO - [2026-03-28T18:40:31.744+0500] {dag.py:3947} INFO - Setting next_dagrun for example_params_ui_tutorial to None, run_after=None
[2026-03-28T18:40:31.767+0500] {processor.py:183} INFO - Processing /home/abayturar/airflow-project/venv/lib/python3.12/site-packages/airflow/example_dags/example_params_ui_tutorial.py took 0.093 seconds
[2026-03-28T18:41:33.000+0500] {processor.py:161} INFO - Started process (PID=21759) to work on /home/abayturar/airflow-project/venv/lib/python3.12/site-packages/airflow/example_dags/example_params_ui_tutorial.py
[2026-03-28T18:41:33.001+0500] {processor.py:830} INFO - Processing file /home/abayturar/airflow-project/venv/lib/python3.12/site-packages/airflow/example_dags/example_params_ui_tutorial.py for tasks to queue
[2026-03-28T18:41:33.003+0500] {logging_mixin.py:188} INFO - [2026-03-28T18:41:33.003+0500] {dagbag.py:545} INFO - Filling up the DagBag from /home/abayturar/airflow-project/venv/lib/python3.12/site-packages/airflow/example_dags/example_params_ui_tutorial.py
[2026-03-28T18:41:33.010+0500] {processor.py:840} INFO - DAG(s) 'example_params_ui_tutorial' retrieved from /home/abayturar/airflow-project/venv/lib/python3.12/site-packages/airflow/example_dags/example_params_ui_tutorial.py
[2026-03-28T18:41:33.040+0500] {logging_mixin.py:188} INFO - [2026-03-28T18:41:33.040+0500] {dag.py:3089} INFO - Sync 1 DAGs
[2026-03-28T18:41:33.049+0500] {logging_mixin.py:188} INFO - [2026-03-28T18:41:33.049+0500] {dag.py:3947} INFO - Setting next_dagrun for example_params_ui_tutorial to None, run_after=None
[2026-03-28T18:41:33.066+0500] {processor.py:183} INFO - Processing /home/abayturar/airflow-project/venv/lib/python3.12/site-packages/airflow/example_dags/example_params_ui_tutorial.py took 0.072 seconds
[2026-03-28T18:42:32.713+0500] {processor.py:161} INFO - Started process (PID=21931) to work on /home/abayturar/airflow-project/venv/lib/python3.12/site-packages/airflow/example_dags/example_params_ui_tutorial.py
[2026-03-28T18:42:32.714+0500] {processor.py:830} INFO - Processing file /home/abayturar/airflow-project/venv/lib/python3.12/site-packages/airflow/example_dags/example_params_ui_tutorial.py for tasks to queue
[2026-03-28T18:42:32.717+0500] {logging_mixin.py:188} INFO - [2026-03-28T18:42:32.716+0500] {dagbag.py:545} INFO - Filling up the DagBag from /home/abayturar/airflow-project/venv/lib/python3.12/site-packages/airflow/example_dags/example_params_ui_tutorial.py
[2026-03-28T18:42:32.729+0500] {processor.py:840} INFO - DAG(s) 'example_params_ui_tutorial' retrieved from /home/abayturar/airflow-project/venv/lib/python3.12/site-packages/airflow/example_dags/example_params_ui_tutorial.py
[2026-03-28T18:42:32.783+0500] {logging_mixin.py:188} INFO - [2026-03-28T18:42:32.783+0500] {dag.py:3089} INFO - Sync 1 DAGs
[2026-03-28T18:42:32.883+0500] {logging_mixin.py:188} INFO - [2026-03-28T18:42:32.882+0500] {dag.py:3947} INFO - Setting next_dagrun for example_params_ui_tutorial to None, run_after=None
[2026-03-28T18:42:32.907+0500] {processor.py:183} INFO - Processing /home/abayturar/airflow-project/venv/lib/python3.12/site-packages/airflow/example_dags/example_params_ui_tutorial.py took 0.235 seconds
[2026-03-28T18:43:21.409+0500] {processor.py:161} INFO - Started process (PID=22086) to work on /home/abayturar/airflow-project/venv/lib/python3.12/site-packages/airflow/example_dags/example_params_ui_tutorial.py
[2026-03-28T18:43:21.410+0500] {processor.py:830} INFO - Processing file /home/abayturar/airflow-project/venv/lib/python3.12/site-packages/airflow/example_dags/example_params_ui_tutorial.py for tasks to queue
[2026-03-28T18:43:21.412+0500] {logging_mixin.py:188} INFO - [2026-03-28T18:43:21.411+0500] {dagbag.py:545} INFO - Filling up the DagBag from /home/abayturar/airflow-project/venv/lib/python3.12/site-packages/airflow/example_dags/example_params_ui_tutorial.py
[2026-03-28T18:43:21.420+0500] {processor.py:840} INFO - DAG(s) 'example_params_ui_tutorial' retrieved from /home/abayturar/airflow-project/venv/lib/python3.12/site-packages/airflow/example_dags/example_params_ui_tutorial.py
[2026-03-28T18:43:21.457+0500] {logging_mixin.py:188} INFO - [2026-03-28T18:43:21.457+0500] {dag.py:3089} INFO - Sync 1 DAGs
[2026-03-28T18:43:21.468+0500] {logging_mixin.py:188} INFO - [2026-03-28T18:43:21.468+0500] {dag.py:3947} INFO - Setting next_dagrun for example_params_ui_tutorial to None, run_after=None
[2026-03-28T18:43:21.497+0500] {processor.py:183} INFO - Processing /home/abayturar/airflow-project/venv/lib/python3.12/site-packages/airflow/example_dags/example_params_ui_tutorial.py took 0.095 seconds
[2026-03-28T18:44:09.564+0500] {processor.py:161} INFO - Started process (PID=22228) to work on /home/abayturar/airflow-project/venv/lib/python3.12/site-packages/airflow/example_dags/example_params_ui_tutorial.py
[2026-03-28T18:44:09.565+0500] {processor.py:830} INFO - Processing file /home/abayturar/airflow-project/venv/lib/python3.12/site-packages/airflow/example_dags/example_params_ui_tutorial.py for tasks to queue
[2026-03-28T18:44:09.567+0500] {logging_mixin.py:188} INFO - [2026-03-28T18:44:09.567+0500] {dagbag.py:545} INFO - Filling up the DagBag from /home/abayturar/airflow-project/venv/lib/python3.12/site-packages/airflow/example_dags/example_params_ui_tutorial.py
[2026-03-28T18:44:09.685+0500] {processor.py:840} INFO - DAG(s) 'example_params_ui_tutorial' retrieved from /home/abayturar/airflow-project/venv/lib/python3.12/site-packages/airflow/example_dags/example_params_ui_tutorial.py
[2026-03-28T18:44:09.711+0500] {logging_mixin.py:188} INFO - [2026-03-28T18:44:09.711+0500] {dag.py:3089} INFO - Sync 1 DAGs
[2026-03-28T18:44:09.718+0500] {logging_mixin.py:188} INFO - [2026-03-28T18:44:09.718+0500] {dag.py:3947} INFO - Setting next_dagrun for example_params_ui_tutorial to None, run_after=None
[2026-03-28T18:44:09.745+0500] {processor.py:183} INFO - Processing /home/abayturar/airflow-project/venv/lib/python3.12/site-packages/airflow/example_dags/example_params_ui_tutorial.py took 0.187 seconds
[2026-03-28T18:44:59.536+0500] {processor.py:161} INFO - Started process (PID=22359) to work on /home/abayturar/airflow-project/venv/lib/python3.12/site-packages/airflow/example_dags/example_params_ui_tutorial.py
[2026-03-28T18:44:59.537+0500] {processor.py:830} INFO - Processing file /home/abayturar/airflow-project/venv/lib/python3.12/site-packages/airflow/example_dags/example_params_ui_tutorial.py for tasks to queue
[2026-03-28T18:44:59.538+0500] {logging_mixin.py:188} INFO - [2026-03-28T18:44:59.538+0500] {dagbag.py:545} INFO - Filling up the DagBag from /home/abayturar/airflow-project/venv/lib/python3.12/site-packages/airflow/example_dags/example_params_ui_tutorial.py
[2026-03-28T18:44:59.546+0500] {processor.py:840} INFO - DAG(s) 'example_params_ui_tutorial' retrieved from /home/abayturar/airflow-project/venv/lib/python3.12/site-packages/airflow/example_dags/example_params_ui_tutorial.py
[2026-03-28T18:44:59.575+0500] {logging_mixin.py:188} INFO - [2026-03-28T18:44:59.574+0500] {dag.py:3089} INFO - Sync 1 DAGs
[2026-03-28T18:44:59.584+0500] {logging_mixin.py:188} INFO - [2026-03-28T18:44:59.584+0500] {dag.py:3947} INFO - Setting next_dagrun for example_params_ui_tutorial to None, run_after=None
[2026-03-28T18:44:59.600+0500] {processor.py:183} INFO - Processing /home/abayturar/airflow-project/venv/lib/python3.12/site-packages/airflow/example_dags/example_params_ui_tutorial.py took 0.070 seconds
[2026-03-28T18:45:48.774+0500] {processor.py:161} INFO - Started process (PID=22490) to work on /home/abayturar/airflow-project/venv/lib/python3.12/site-packages/airflow/example_dags/example_params_ui_tutorial.py
[2026-03-28T18:45:48.775+0500] {processor.py:830} INFO - Processing file /home/abayturar/airflow-project/venv/lib/python3.12/site-packages/airflow/example_dags/example_params_ui_tutorial.py for tasks to queue
[2026-03-28T18:45:48.777+0500] {logging_mixin.py:188} INFO - [2026-03-28T18:45:48.777+0500] {dagbag.py:545} INFO - Filling up the DagBag from /home/abayturar/airflow-project/venv/lib/python3.12/site-packages/airflow/example_dags/example_params_ui_tutorial.py
[2026-03-28T18:45:48.787+0500] {processor.py:840} INFO - DAG(s) 'example_params_ui_tutorial' retrieved from /home/abayturar/airflow-project/venv/lib/python3.12/site-packages/airflow/example_dags/example_params_ui_tutorial.py
[2026-03-28T18:45:48.820+0500] {logging_mixin.py:188} INFO - [2026-03-28T18:45:48.820+0500] {dag.py:3089} INFO - Sync 1 DAGs
[2026-03-28T18:45:48.829+0500] {logging_mixin.py:188} INFO - [2026-03-28T18:45:48.829+0500] {dag.py:3947} INFO - Setting next_dagrun for example_params_ui_tutorial to None, run_after=None
[2026-03-28T18:45:48.856+0500] {processor.py:183} INFO - Processing /home/abayturar/airflow-project/venv/lib/python3.12/site-packages/airflow/example_dags/example_params_ui_tutorial.py took 0.089 seconds
[2026-03-28T18:46:37.921+0500] {processor.py:161} INFO - Started process (PID=22621) to work on /home/abayturar/airflow-project/venv/lib/python3.12/site-packages/airflow/example_dags/example_params_ui_tutorial.py
[2026-03-28T18:46:37.922+0500] {processor.py:830} INFO - Processing file /home/abayturar/airflow-project/venv/lib/python3.12/site-packages/airflow/example_dags/example_params_ui_tutorial.py for tasks to queue
[2026-03-28T18:46:37.924+0500] {logging_mixin.py:188} INFO - [2026-03-28T18:46:37.923+0500] {dagbag.py:545} INFO - Filling up the DagBag from /home/abayturar/airflow-project/venv/lib/python3.12/site-packages/airflow/example_dags/example_params_ui_tutorial.py
[2026-03-28T18:46:37.931+0500] {processor.py:840} INFO - DAG(s) 'example_params_ui_tutorial' retrieved from /home/abayturar/airflow-project/venv/lib/python3.12/site-packages/airflow/example_dags/example_params_ui_tutorial.py
[2026-03-28T18:46:37.959+0500] {logging_mixin.py:188} INFO - [2026-03-28T18:46:37.958+0500] {dag.py:3089} INFO - Sync 1 DAGs
[2026-03-28T18:46:37.967+0500] {logging_mixin.py:188} INFO - [2026-03-28T18:46:37.966+0500] {dag.py:3947} INFO - Setting next_dagrun for example_params_ui_tutorial to None, run_after=None
[2026-03-28T18:46:37.995+0500] {processor.py:183} INFO - Processing /home/abayturar/airflow-project/venv/lib/python3.12/site-packages/airflow/example_dags/example_params_ui_tutorial.py took 0.079 seconds
[2026-03-28T18:47:25.219+0500] {processor.py:161} INFO - Started process (PID=22748) to work on /home/abayturar/airflow-project/venv/lib/python3.12/site-packages/airflow/example_dags/example_params_ui_tutorial.py
[2026-03-28T18:47:25.220+0500] {processor.py:830} INFO - Processing file /home/abayturar/airflow-project/venv/lib/python3.12/site-packages/airflow/example_dags/example_params_ui_tutorial.py for tasks to queue
[2026-03-28T18:47:25.221+0500] {logging_mixin.py:188} INFO - [2026-03-28T18:47:25.221+0500] {dagbag.py:545} INFO - Filling up the DagBag from /home/abayturar/airflow-project/venv/lib/python3.12/site-packages/airflow/example_dags/example_params_ui_tutorial.py
[2026-03-28T18:47:25.228+0500] {processor.py:840} INFO - DAG(s) 'example_params_ui_tutorial' retrieved from /home/abayturar/airflow-project/venv/lib/python3.12/site-packages/airflow/example_dags/example_params_ui_tutorial.py
[2026-03-28T18:47:25.256+0500] {logging_mixin.py:188} INFO - [2026-03-28T18:47:25.256+0500] {dag.py:3089} INFO - Sync 1 DAGs
[2026-03-28T18:47:25.264+0500] {logging_mixin.py:188} INFO - [2026-03-28T18:47:25.264+0500] {dag.py:3947} INFO - Setting next_dagrun for example_params_ui_tutorial to None, run_after=None
[2026-03-28T18:47:25.291+0500] {processor.py:183} INFO - Processing /home/abayturar/airflow-project/venv/lib/python3.12/site-packages/airflow/example_dags/example_params_ui_tutorial.py took 0.078 seconds
[2026-03-28T18:48:10.878+0500] {processor.py:161} INFO - Started process (PID=22870) to work on /home/abayturar/airflow-project/venv/lib/python3.12/site-packages/airflow/example_dags/example_params_ui_tutorial.py
[2026-03-28T18:48:10.879+0500] {processor.py:830} INFO - Processing file /home/abayturar/airflow-project/venv/lib/python3.12/site-packages/airflow/example_dags/example_params_ui_tutorial.py for tasks to queue
[2026-03-28T18:48:10.880+0500] {logging_mixin.py:188} INFO - [2026-03-28T18:48:10.880+0500] {dagbag.py:545} INFO - Filling up the DagBag from /home/abayturar/airflow-project/venv/lib/python3.12/site-packages/airflow/example_dags/example_params_ui_tutorial.py
[2026-03-28T18:48:10.887+0500] {processor.py:840} INFO - DAG(s) 'example_params_ui_tutorial' retrieved from /home/abayturar/airflow-project/venv/lib/python3.12/site-packages/airflow/example_dags/example_params_ui_tutorial.py
[2026-03-28T18:48:10.914+0500] {logging_mixin.py:188} INFO - [2026-03-28T18:48:10.914+0500] {dag.py:3089} INFO - Sync 1 DAGs
[2026-03-28T18:48:10.923+0500] {logging_mixin.py:188} INFO - [2026-03-28T18:48:10.923+0500] {dag.py:3947} INFO - Setting next_dagrun for example_params_ui_tutorial to None, run_after=None
[2026-03-28T18:48:10.950+0500] {processor.py:183} INFO - Processing /home/abayturar/airflow-project/venv/lib/python3.12/site-packages/airflow/example_dags/example_params_ui_tutorial.py took 0.078 seconds
[2026-03-28T18:48:56.435+0500] {processor.py:161} INFO - Started process (PID=22993) to work on /home/abayturar/airflow-project/venv/lib/python3.12/site-packages/airflow/example_dags/example_params_ui_tutorial.py
[2026-03-28T18:48:56.436+0500] {processor.py:830} INFO - Processing file /home/abayturar/airflow-project/venv/lib/python3.12/site-packages/airflow/example_dags/example_params_ui_tutorial.py for tasks to queue
[2026-03-28T18:48:56.437+0500] {logging_mixin.py:188} INFO - [2026-03-28T18:48:56.437+0500] {dagbag.py:545} INFO - Filling up the DagBag from /home/abayturar/airflow-project/venv/lib/python3.12/site-packages/airflow/example_dags/example_params_ui_tutorial.py
[2026-03-28T18:48:56.444+0500] {processor.py:840} INFO - DAG(s) 'example_params_ui_tutorial' retrieved from /home/abayturar/airflow-project/venv/lib/python3.12/site-packages/airflow/example_dags/example_params_ui_tutorial.py
[2026-03-28T18:48:56.474+0500] {logging_mixin.py:188} INFO - [2026-03-28T18:48:56.474+0500] {dag.py:3089} INFO - Sync 1 DAGs
[2026-03-28T18:48:56.483+0500] {logging_mixin.py:188} INFO - [2026-03-28T18:48:56.483+0500] {dag.py:3947} INFO - Setting next_dagrun for example_params_ui_tutorial to None, run_after=None
[2026-03-28T18:48:56.511+0500] {processor.py:183} INFO - Processing /home/abayturar/airflow-project/venv/lib/python3.12/site-packages/airflow/example_dags/example_params_ui_tutorial.py took 0.082 seconds
[2026-03-28T18:49:43.456+0500] {processor.py:161} INFO - Started process (PID=23120) to work on /home/abayturar/airflow-project/venv/lib/python3.12/site-packages/airflow/example_dags/example_params_ui_tutorial.py
[2026-03-28T18:49:43.457+0500] {processor.py:830} INFO - Processing file /home/abayturar/airflow-project/venv/lib/python3.12/site-packages/airflow/example_dags/example_params_ui_tutorial.py for tasks to queue
[2026-03-28T18:49:43.459+0500] {logging_mixin.py:188} INFO - [2026-03-28T18:49:43.458+0500] {dagbag.py:545} INFO - Filling up the DagBag from /home/abayturar/airflow-project/venv/lib/python3.12/site-packages/airflow/example_dags/example_params_ui_tutorial.py
[2026-03-28T18:49:43.467+0500] {processor.py:840} INFO - DAG(s) 'example_params_ui_tutorial' retrieved from /home/abayturar/airflow-project/venv/lib/python3.12/site-packages/airflow/example_dags/example_params_ui_tutorial.py
[2026-03-28T18:49:43.504+0500] {logging_mixin.py:188} INFO - [2026-03-28T18:49:43.504+0500] {dag.py:3089} INFO - Sync 1 DAGs
[2026-03-28T18:49:43.513+0500] {logging_mixin.py:188} INFO - [2026-03-28T18:49:43.513+0500] {dag.py:3947} INFO - Setting next_dagrun for example_params_ui_tutorial to None, run_after=None
[2026-03-28T18:49:43.529+0500] {processor.py:183} INFO - Processing /home/abayturar/airflow-project/venv/lib/python3.12/site-packages/airflow/example_dags/example_params_ui_tutorial.py took 0.080 seconds
[2026-03-28T18:50:49.135+0500] {processor.py:161} INFO - Started process (PID=23293) to work on /home/abayturar/airflow-project/venv/lib/python3.12/site-packages/airflow/example_dags/example_params_ui_tutorial.py
[2026-03-28T18:50:49.136+0500] {processor.py:830} INFO - Processing file /home/abayturar/airflow-project/venv/lib/python3.12/site-packages/airflow/example_dags/example_params_ui_tutorial.py for tasks to queue
[2026-03-28T18:50:49.138+0500] {logging_mixin.py:188} INFO - [2026-03-28T18:50:49.138+0500] {dagbag.py:545} INFO - Filling up the DagBag from /home/abayturar/airflow-project/venv/lib/python3.12/site-packages/airflow/example_dags/example_params_ui_tutorial.py
[2026-03-28T18:50:49.146+0500] {processor.py:840} INFO - DAG(s) 'example_params_ui_tutorial' retrieved from /home/abayturar/airflow-project/venv/lib/python3.12/site-packages/airflow/example_dags/example_params_ui_tutorial.py
[2026-03-28T18:50:49.178+0500] {logging_mixin.py:188} INFO - [2026-03-28T18:50:49.177+0500] {dag.py:3089} INFO - Sync 1 DAGs
[2026-03-28T18:50:49.187+0500] {logging_mixin.py:188} INFO - [2026-03-28T18:50:49.186+0500] {dag.py:3947} INFO - Setting next_dagrun for example_params_ui_tutorial to None, run_after=None
[2026-03-28T18:50:49.214+0500] {processor.py:183} INFO - Processing /home/abayturar/airflow-project/venv/lib/python3.12/site-packages/airflow/example_dags/example_params_ui_tutorial.py took 0.086 seconds
[2026-03-28T18:51:37.941+0500] {processor.py:161} INFO - Started process (PID=23425) to work on /home/abayturar/airflow-project/venv/lib/python3.12/site-packages/airflow/example_dags/example_params_ui_tutorial.py
[2026-03-28T18:51:37.942+0500] {processor.py:830} INFO - Processing file /home/abayturar/airflow-project/venv/lib/python3.12/site-packages/airflow/example_dags/example_params_ui_tutorial.py for tasks to queue
[2026-03-28T18:51:37.944+0500] {logging_mixin.py:188} INFO - [2026-03-28T18:51:37.943+0500] {dagbag.py:545} INFO - Filling up the DagBag from /home/abayturar/airflow-project/venv/lib/python3.12/site-packages/airflow/example_dags/example_params_ui_tutorial.py
[2026-03-28T18:51:37.951+0500] {processor.py:840} INFO - DAG(s) 'example_params_ui_tutorial' retrieved from /home/abayturar/airflow-project/venv/lib/python3.12/site-packages/airflow/example_dags/example_params_ui_tutorial.py
[2026-03-28T18:51:37.982+0500] {logging_mixin.py:188} INFO - [2026-03-28T18:51:37.981+0500] {dag.py:3089} INFO - Sync 1 DAGs
[2026-03-28T18:51:37.991+0500] {logging_mixin.py:188} INFO - [2026-03-28T18:51:37.991+0500] {dag.py:3947} INFO - Setting next_dagrun for example_params_ui_tutorial to None, run_after=None
[2026-03-28T18:51:38.020+0500] {processor.py:183} INFO - Processing /home/abayturar/airflow-project/venv/lib/python3.12/site-packages/airflow/example_dags/example_params_ui_tutorial.py took 0.085 seconds
[2026-03-28T18:52:24.138+0500] {processor.py:161} INFO - Started process (PID=23548) to work on /home/abayturar/airflow-project/venv/lib/python3.12/site-packages/airflow/example_dags/example_params_ui_tutorial.py
[2026-03-28T18:52:24.139+0500] {processor.py:830} INFO - Processing file /home/abayturar/airflow-project/venv/lib/python3.12/site-packages/airflow/example_dags/example_params_ui_tutorial.py for tasks to queue
[2026-03-28T18:52:24.141+0500] {logging_mixin.py:188} INFO - [2026-03-28T18:52:24.141+0500] {dagbag.py:545} INFO - Filling up the DagBag from /home/abayturar/airflow-project/venv/lib/python3.12/site-packages/airflow/example_dags/example_params_ui_tutorial.py
[2026-03-28T18:52:24.150+0500] {processor.py:840} INFO - DAG(s) 'example_params_ui_tutorial' retrieved from /home/abayturar/airflow-project/venv/lib/python3.12/site-packages/airflow/example_dags/example_params_ui_tutorial.py
[2026-03-28T18:52:24.187+0500] {logging_mixin.py:188} INFO - [2026-03-28T18:52:24.187+0500] {dag.py:3089} INFO - Sync 1 DAGs
[2026-03-28T18:52:24.197+0500] {logging_mixin.py:188} INFO - [2026-03-28T18:52:24.197+0500] {dag.py:3947} INFO - Setting next_dagrun for example_params_ui_tutorial to None, run_after=None
[2026-03-28T18:52:24.229+0500] {processor.py:183} INFO - Processing /home/abayturar/airflow-project/venv/lib/python3.12/site-packages/airflow/example_dags/example_params_ui_tutorial.py took 0.100 seconds
[2026-03-28T18:53:08.787+0500] {processor.py:161} INFO - Started process (PID=23670) to work on /home/abayturar/airflow-project/venv/lib/python3.12/site-packages/airflow/example_dags/example_params_ui_tutorial.py
[2026-03-28T18:53:08.788+0500] {processor.py:830} INFO - Processing file /home/abayturar/airflow-project/venv/lib/python3.12/site-packages/airflow/example_dags/example_params_ui_tutorial.py for tasks to queue
[2026-03-28T18:53:08.789+0500] {logging_mixin.py:188} INFO - [2026-03-28T18:53:08.789+0500] {dagbag.py:545} INFO - Filling up the DagBag from /home/abayturar/airflow-project/venv/lib/python3.12/site-packages/airflow/example_dags/example_params_ui_tutorial.py
[2026-03-28T18:53:08.799+0500] {processor.py:840} INFO - DAG(s) 'example_params_ui_tutorial' retrieved from /home/abayturar/airflow-project/venv/lib/python3.12/site-packages/airflow/example_dags/example_params_ui_tutorial.py
[2026-03-28T18:53:08.834+0500] {logging_mixin.py:188} INFO - [2026-03-28T18:53:08.834+0500] {dag.py:3089} INFO - Sync 1 DAGs
[2026-03-28T18:53:08.845+0500] {logging_mixin.py:188} INFO - [2026-03-28T18:53:08.845+0500] {dag.py:3947} INFO - Setting next_dagrun for example_params_ui_tutorial to None, run_after=None
[2026-03-28T18:53:08.876+0500] {processor.py:183} INFO - Processing /home/abayturar/airflow-project/venv/lib/python3.12/site-packages/airflow/example_dags/example_params_ui_tutorial.py took 0.097 seconds
[2026-03-28T18:53:53.450+0500] {processor.py:161} INFO - Started process (PID=23790) to work on /home/abayturar/airflow-project/venv/lib/python3.12/site-packages/airflow/example_dags/example_params_ui_tutorial.py
[2026-03-28T18:53:53.451+0500] {processor.py:830} INFO - Processing file /home/abayturar/airflow-project/venv/lib/python3.12/site-packages/airflow/example_dags/example_params_ui_tutorial.py for tasks to queue
[2026-03-28T18:53:53.453+0500] {logging_mixin.py:188} INFO - [2026-03-28T18:53:53.452+0500] {dagbag.py:545} INFO - Filling up the DagBag from /home/abayturar/airflow-project/venv/lib/python3.12/site-packages/airflow/example_dags/example_params_ui_tutorial.py
[2026-03-28T18:53:53.461+0500] {processor.py:840} INFO - DAG(s) 'example_params_ui_tutorial' retrieved from /home/abayturar/airflow-project/venv/lib/python3.12/site-packages/airflow/example_dags/example_params_ui_tutorial.py
[2026-03-28T18:53:53.498+0500] {logging_mixin.py:188} INFO - [2026-03-28T18:53:53.497+0500] {dag.py:3089} INFO - Sync 1 DAGs
[2026-03-28T18:53:53.508+0500] {logging_mixin.py:188} INFO - [2026-03-28T18:53:53.508+0500] {dag.py:3947} INFO - Setting next_dagrun for example_params_ui_tutorial to None, run_after=None
[2026-03-28T18:53:53.530+0500] {processor.py:183} INFO - Processing /home/abayturar/airflow-project/venv/lib/python3.12/site-packages/airflow/example_dags/example_params_ui_tutorial.py took 0.086 seconds
[2026-03-28T18:54:38.345+0500] {processor.py:161} INFO - Started process (PID=23911) to work on /home/abayturar/airflow-project/venv/lib/python3.12/site-packages/airflow/example_dags/example_params_ui_tutorial.py
[2026-03-28T18:54:38.346+0500] {processor.py:830} INFO - Processing file /home/abayturar/airflow-project/venv/lib/python3.12/site-packages/airflow/example_dags/example_params_ui_tutorial.py for tasks to queue
[2026-03-28T18:54:38.348+0500] {logging_mixin.py:188} INFO - [2026-03-28T18:54:38.347+0500] {dagbag.py:545} INFO - Filling up the DagBag from /home/abayturar/airflow-project/venv/lib/python3.12/site-packages/airflow/example_dags/example_params_ui_tutorial.py
[2026-03-28T18:54:38.356+0500] {processor.py:840} INFO - DAG(s) 'example_params_ui_tutorial' retrieved from /home/abayturar/airflow-project/venv/lib/python3.12/site-packages/airflow/example_dags/example_params_ui_tutorial.py
[2026-03-28T18:54:38.389+0500] {logging_mixin.py:188} INFO - [2026-03-28T18:54:38.389+0500] {dag.py:3089} INFO - Sync 1 DAGs
[2026-03-28T18:54:38.399+0500] {logging_mixin.py:188} INFO - [2026-03-28T18:54:38.398+0500] {dag.py:3947} INFO - Setting next_dagrun for example_params_ui_tutorial to None, run_after=None
[2026-03-28T18:54:38.416+0500] {processor.py:183} INFO - Processing /home/abayturar/airflow-project/venv/lib/python3.12/site-packages/airflow/example_dags/example_params_ui_tutorial.py took 0.078 seconds
[2026-03-28T18:55:28.326+0500] {processor.py:161} INFO - Started process (PID=24039) to work on /home/abayturar/airflow-project/venv/lib/python3.12/site-packages/airflow/example_dags/example_params_ui_tutorial.py
[2026-03-28T18:55:28.327+0500] {processor.py:830} INFO - Processing file /home/abayturar/airflow-project/venv/lib/python3.12/site-packages/airflow/example_dags/example_params_ui_tutorial.py for tasks to queue
[2026-03-28T18:55:28.332+0500] {logging_mixin.py:188} INFO - [2026-03-28T18:55:28.331+0500] {dagbag.py:545} INFO - Filling up the DagBag from /home/abayturar/airflow-project/venv/lib/python3.12/site-packages/airflow/example_dags/example_params_ui_tutorial.py
[2026-03-28T18:55:28.350+0500] {processor.py:840} INFO - DAG(s) 'example_params_ui_tutorial' retrieved from /home/abayturar/airflow-project/venv/lib/python3.12/site-packages/airflow/example_dags/example_params_ui_tutorial.py
[2026-03-28T18:55:28.407+0500] {logging_mixin.py:188} INFO - [2026-03-28T18:55:28.406+0500] {dag.py:3089} INFO - Sync 1 DAGs
[2026-03-28T18:55:28.424+0500] {logging_mixin.py:188} INFO - [2026-03-28T18:55:28.423+0500] {dag.py:3947} INFO - Setting next_dagrun for example_params_ui_tutorial to None, run_after=None
[2026-03-28T18:55:28.460+0500] {processor.py:183} INFO - Processing /home/abayturar/airflow-project/venv/lib/python3.12/site-packages/airflow/example_dags/example_params_ui_tutorial.py took 0.141 seconds
[2026-03-28T18:56:20.740+0500] {processor.py:161} INFO - Started process (PID=24179) to work on /home/abayturar/airflow-project/venv/lib/python3.12/site-packages/airflow/example_dags/example_params_ui_tutorial.py
[2026-03-28T18:56:20.741+0500] {processor.py:830} INFO - Processing file /home/abayturar/airflow-project/venv/lib/python3.12/site-packages/airflow/example_dags/example_params_ui_tutorial.py for tasks to queue
[2026-03-28T18:56:20.743+0500] {logging_mixin.py:188} INFO - [2026-03-28T18:56:20.743+0500] {dagbag.py:545} INFO - Filling up the DagBag from /home/abayturar/airflow-project/venv/lib/python3.12/site-packages/airflow/example_dags/example_params_ui_tutorial.py
[2026-03-28T18:56:20.750+0500] {processor.py:840} INFO - DAG(s) 'example_params_ui_tutorial' retrieved from /home/abayturar/airflow-project/venv/lib/python3.12/site-packages/airflow/example_dags/example_params_ui_tutorial.py
[2026-03-28T18:56:20.783+0500] {logging_mixin.py:188} INFO - [2026-03-28T18:56:20.783+0500] {dag.py:3089} INFO - Sync 1 DAGs
[2026-03-28T18:56:20.793+0500] {logging_mixin.py:188} INFO - [2026-03-28T18:56:20.792+0500] {dag.py:3947} INFO - Setting next_dagrun for example_params_ui_tutorial to None, run_after=None
[2026-03-28T18:56:20.821+0500] {processor.py:183} INFO - Processing /home/abayturar/airflow-project/venv/lib/python3.12/site-packages/airflow/example_dags/example_params_ui_tutorial.py took 0.086 seconds
[2026-03-28T18:57:11.831+0500] {processor.py:161} INFO - Started process (PID=24314) to work on /home/abayturar/airflow-project/venv/lib/python3.12/site-packages/airflow/example_dags/example_params_ui_tutorial.py
[2026-03-28T18:57:11.832+0500] {processor.py:830} INFO - Processing file /home/abayturar/airflow-project/venv/lib/python3.12/site-packages/airflow/example_dags/example_params_ui_tutorial.py for tasks to queue
[2026-03-28T18:57:11.834+0500] {logging_mixin.py:188} INFO - [2026-03-28T18:57:11.833+0500] {dagbag.py:545} INFO - Filling up the DagBag from /home/abayturar/airflow-project/venv/lib/python3.12/site-packages/airflow/example_dags/example_params_ui_tutorial.py
[2026-03-28T18:57:11.842+0500] {processor.py:840} INFO - DAG(s) 'example_params_ui_tutorial' retrieved from /home/abayturar/airflow-project/venv/lib/python3.12/site-packages/airflow/example_dags/example_params_ui_tutorial.py
[2026-03-28T18:57:11.872+0500] {logging_mixin.py:188} INFO - [2026-03-28T18:57:11.872+0500] {dag.py:3089} INFO - Sync 1 DAGs
[2026-03-28T18:57:11.881+0500] {logging_mixin.py:188} INFO - [2026-03-28T18:57:11.881+0500] {dag.py:3947} INFO - Setting next_dagrun for example_params_ui_tutorial to None, run_after=None
[2026-03-28T18:57:11.897+0500] {processor.py:183} INFO - Processing /home/abayturar/airflow-project/venv/lib/python3.12/site-packages/airflow/example_dags/example_params_ui_tutorial.py took 0.073 seconds
[2026-03-28T18:57:59.145+0500] {processor.py:161} INFO - Started process (PID=24438) to work on /home/abayturar/airflow-project/venv/lib/python3.12/site-packages/airflow/example_dags/example_params_ui_tutorial.py
[2026-03-28T18:57:59.146+0500] {processor.py:830} INFO - Processing file /home/abayturar/airflow-project/venv/lib/python3.12/site-packages/airflow/example_dags/example_params_ui_tutorial.py for tasks to queue
[2026-03-28T18:57:59.148+0500] {logging_mixin.py:188} INFO - [2026-03-28T18:57:59.148+0500] {dagbag.py:545} INFO - Filling up the DagBag from /home/abayturar/airflow-project/venv/lib/python3.12/site-packages/airflow/example_dags/example_params_ui_tutorial.py
[2026-03-28T18:57:59.159+0500] {processor.py:840} INFO - DAG(s) 'example_params_ui_tutorial' retrieved from /home/abayturar/airflow-project/venv/lib/python3.12/site-packages/airflow/example_dags/example_params_ui_tutorial.py
[2026-03-28T18:57:59.200+0500] {logging_mixin.py:188} INFO - [2026-03-28T18:57:59.200+0500] {dag.py:3089} INFO - Sync 1 DAGs
[2026-03-28T18:57:59.210+0500] {logging_mixin.py:188} INFO - [2026-03-28T18:57:59.210+0500] {dag.py:3947} INFO - Setting next_dagrun for example_params_ui_tutorial to None, run_after=None
[2026-03-28T18:57:59.229+0500] {processor.py:183} INFO - Processing /home/abayturar/airflow-project/venv/lib/python3.12/site-packages/airflow/example_dags/example_params_ui_tutorial.py took 0.095 seconds
[2026-03-28T18:58:45.838+0500] {processor.py:161} INFO - Started process (PID=24564) to work on /home/abayturar/airflow-project/venv/lib/python3.12/site-packages/airflow/example_dags/example_params_ui_tutorial.py
[2026-03-28T18:58:45.838+0500] {processor.py:830} INFO - Processing file /home/abayturar/airflow-project/venv/lib/python3.12/site-packages/airflow/example_dags/example_params_ui_tutorial.py for tasks to queue
[2026-03-28T18:58:45.840+0500] {logging_mixin.py:188} INFO - [2026-03-28T18:58:45.840+0500] {dagbag.py:545} INFO - Filling up the DagBag from /home/abayturar/airflow-project/venv/lib/python3.12/site-packages/airflow/example_dags/example_params_ui_tutorial.py
[2026-03-28T18:58:45.848+0500] {processor.py:840} INFO - DAG(s) 'example_params_ui_tutorial' retrieved from /home/abayturar/airflow-project/venv/lib/python3.12/site-packages/airflow/example_dags/example_params_ui_tutorial.py
[2026-03-28T18:58:45.878+0500] {logging_mixin.py:188} INFO - [2026-03-28T18:58:45.877+0500] {dag.py:3089} INFO - Sync 1 DAGs
[2026-03-28T18:58:45.887+0500] {logging_mixin.py:188} INFO - [2026-03-28T18:58:45.886+0500] {dag.py:3947} INFO - Setting next_dagrun for example_params_ui_tutorial to None, run_after=None
[2026-03-28T18:58:45.902+0500] {processor.py:183} INFO - Processing /home/abayturar/airflow-project/venv/lib/python3.12/site-packages/airflow/example_dags/example_params_ui_tutorial.py took 0.071 seconds
[2026-03-28T18:59:32.221+0500] {processor.py:161} INFO - Started process (PID=24689) to work on /home/abayturar/airflow-project/venv/lib/python3.12/site-packages/airflow/example_dags/example_params_ui_tutorial.py
[2026-03-28T18:59:32.222+0500] {processor.py:830} INFO - Processing file /home/abayturar/airflow-project/venv/lib/python3.12/site-packages/airflow/example_dags/example_params_ui_tutorial.py for tasks to queue
[2026-03-28T18:59:32.223+0500] {logging_mixin.py:188} INFO - [2026-03-28T18:59:32.223+0500] {dagbag.py:545} INFO - Filling up the DagBag from /home/abayturar/airflow-project/venv/lib/python3.12/site-packages/airflow/example_dags/example_params_ui_tutorial.py
[2026-03-28T18:59:32.230+0500] {processor.py:840} INFO - DAG(s) 'example_params_ui_tutorial' retrieved from /home/abayturar/airflow-project/venv/lib/python3.12/site-packages/airflow/example_dags/example_params_ui_tutorial.py
[2026-03-28T18:59:32.262+0500] {logging_mixin.py:188} INFO - [2026-03-28T18:59:32.262+0500] {dag.py:3089} INFO - Sync 1 DAGs
[2026-03-28T18:59:32.271+0500] {logging_mixin.py:188} INFO - [2026-03-28T18:59:32.271+0500] {dag.py:3947} INFO - Setting next_dagrun for example_params_ui_tutorial to None, run_after=None
[2026-03-28T18:59:32.298+0500] {processor.py:183} INFO - Processing /home/abayturar/airflow-project/venv/lib/python3.12/site-packages/airflow/example_dags/example_params_ui_tutorial.py took 0.084 seconds
[2026-03-28T19:00:19.498+0500] {processor.py:161} INFO - Started process (PID=24818) to work on /home/abayturar/airflow-project/venv/lib/python3.12/site-packages/airflow/example_dags/example_params_ui_tutorial.py
[2026-03-28T19:00:19.499+0500] {processor.py:830} INFO - Processing file /home/abayturar/airflow-project/venv/lib/python3.12/site-packages/airflow/example_dags/example_params_ui_tutorial.py for tasks to queue
[2026-03-28T19:00:19.501+0500] {logging_mixin.py:188} INFO - [2026-03-28T19:00:19.501+0500] {dagbag.py:545} INFO - Filling up the DagBag from /home/abayturar/airflow-project/venv/lib/python3.12/site-packages/airflow/example_dags/example_params_ui_tutorial.py
[2026-03-28T19:00:19.508+0500] {processor.py:840} INFO - DAG(s) 'example_params_ui_tutorial' retrieved from /home/abayturar/airflow-project/venv/lib/python3.12/site-packages/airflow/example_dags/example_params_ui_tutorial.py
[2026-03-28T19:00:19.539+0500] {logging_mixin.py:188} INFO - [2026-03-28T19:00:19.539+0500] {dag.py:3089} INFO - Sync 1 DAGs
[2026-03-28T19:00:19.548+0500] {logging_mixin.py:188} INFO - [2026-03-28T19:00:19.548+0500] {dag.py:3947} INFO - Setting next_dagrun for example_params_ui_tutorial to None, run_after=None
[2026-03-28T19:00:19.576+0500] {processor.py:183} INFO - Processing /home/abayturar/airflow-project/venv/lib/python3.12/site-packages/airflow/example_dags/example_params_ui_tutorial.py took 0.084 seconds
[2026-03-28T19:01:06.043+0500] {processor.py:161} INFO - Started process (PID=24940) to work on /home/abayturar/airflow-project/venv/lib/python3.12/site-packages/airflow/example_dags/example_params_ui_tutorial.py
[2026-03-28T19:01:06.044+0500] {processor.py:830} INFO - Processing file /home/abayturar/airflow-project/venv/lib/python3.12/site-packages/airflow/example_dags/example_params_ui_tutorial.py for tasks to queue
[2026-03-28T19:01:06.046+0500] {logging_mixin.py:188} INFO - [2026-03-28T19:01:06.046+0500] {dagbag.py:545} INFO - Filling up the DagBag from /home/abayturar/airflow-project/venv/lib/python3.12/site-packages/airflow/example_dags/example_params_ui_tutorial.py
[2026-03-28T19:01:06.054+0500] {processor.py:840} INFO - DAG(s) 'example_params_ui_tutorial' retrieved from /home/abayturar/airflow-project/venv/lib/python3.12/site-packages/airflow/example_dags/example_params_ui_tutorial.py
[2026-03-28T19:01:06.088+0500] {logging_mixin.py:188} INFO - [2026-03-28T19:01:06.088+0500] {dag.py:3089} INFO - Sync 1 DAGs
[2026-03-28T19:01:06.098+0500] {logging_mixin.py:188} INFO - [2026-03-28T19:01:06.098+0500] {dag.py:3947} INFO - Setting next_dagrun for example_params_ui_tutorial to None, run_after=None
[2026-03-28T19:01:06.114+0500] {processor.py:183} INFO - Processing /home/abayturar/airflow-project/venv/lib/python3.12/site-packages/airflow/example_dags/example_params_ui_tutorial.py took 0.078 seconds
[2026-03-28T19:01:56.029+0500] {processor.py:161} INFO - Started process (PID=25074) to work on /home/abayturar/airflow-project/venv/lib/python3.12/site-packages/airflow/example_dags/example_params_ui_tutorial.py
[2026-03-28T19:01:56.030+0500] {processor.py:830} INFO - Processing file /home/abayturar/airflow-project/venv/lib/python3.12/site-packages/airflow/example_dags/example_params_ui_tutorial.py for tasks to queue
[2026-03-28T19:01:56.032+0500] {logging_mixin.py:188} INFO - [2026-03-28T19:01:56.032+0500] {dagbag.py:545} INFO - Filling up the DagBag from /home/abayturar/airflow-project/venv/lib/python3.12/site-packages/airflow/example_dags/example_params_ui_tutorial.py
[2026-03-28T19:01:56.040+0500] {processor.py:840} INFO - DAG(s) 'example_params_ui_tutorial' retrieved from /home/abayturar/airflow-project/venv/lib/python3.12/site-packages/airflow/example_dags/example_params_ui_tutorial.py
[2026-03-28T19:01:56.074+0500] {logging_mixin.py:188} INFO - [2026-03-28T19:01:56.074+0500] {dag.py:3089} INFO - Sync 1 DAGs
[2026-03-28T19:01:56.084+0500] {logging_mixin.py:188} INFO - [2026-03-28T19:01:56.084+0500] {dag.py:3947} INFO - Setting next_dagrun for example_params_ui_tutorial to None, run_after=None
[2026-03-28T19:01:56.102+0500] {processor.py:183} INFO - Processing /home/abayturar/airflow-project/venv/lib/python3.12/site-packages/airflow/example_dags/example_params_ui_tutorial.py took 0.080 seconds
[2026-03-28T19:02:58.096+0500] {processor.py:161} INFO - Started process (PID=25248) to work on /home/abayturar/airflow-project/venv/lib/python3.12/site-packages/airflow/example_dags/example_params_ui_tutorial.py
[2026-03-28T19:02:58.096+0500] {processor.py:830} INFO - Processing file /home/abayturar/airflow-project/venv/lib/python3.12/site-packages/airflow/example_dags/example_params_ui_tutorial.py for tasks to queue
[2026-03-28T19:02:58.098+0500] {logging_mixin.py:188} INFO - [2026-03-28T19:02:58.098+0500] {dagbag.py:545} INFO - Filling up the DagBag from /home/abayturar/airflow-project/venv/lib/python3.12/site-packages/airflow/example_dags/example_params_ui_tutorial.py
[2026-03-28T19:02:58.106+0500] {processor.py:840} INFO - DAG(s) 'example_params_ui_tutorial' retrieved from /home/abayturar/airflow-project/venv/lib/python3.12/site-packages/airflow/example_dags/example_params_ui_tutorial.py
[2026-03-28T19:02:58.139+0500] {logging_mixin.py:188} INFO - [2026-03-28T19:02:58.138+0500] {dag.py:3089} INFO - Sync 1 DAGs
[2026-03-28T19:02:58.147+0500] {logging_mixin.py:188} INFO - [2026-03-28T19:02:58.147+0500] {dag.py:3947} INFO - Setting next_dagrun for example_params_ui_tutorial to None, run_after=None
[2026-03-28T19:02:58.177+0500] {processor.py:183} INFO - Processing /home/abayturar/airflow-project/venv/lib/python3.12/site-packages/airflow/example_dags/example_params_ui_tutorial.py took 0.088 seconds
[2026-03-28T19:04:04.597+0500] {processor.py:161} INFO - Started process (PID=25424) to work on /home/abayturar/airflow-project/venv/lib/python3.12/site-packages/airflow/example_dags/example_params_ui_tutorial.py
[2026-03-28T19:04:04.599+0500] {processor.py:830} INFO - Processing file /home/abayturar/airflow-project/venv/lib/python3.12/site-packages/airflow/example_dags/example_params_ui_tutorial.py for tasks to queue
[2026-03-28T19:04:04.601+0500] {logging_mixin.py:188} INFO - [2026-03-28T19:04:04.601+0500] {dagbag.py:545} INFO - Filling up the DagBag from /home/abayturar/airflow-project/venv/lib/python3.12/site-packages/airflow/example_dags/example_params_ui_tutorial.py
[2026-03-28T19:04:04.612+0500] {processor.py:840} INFO - DAG(s) 'example_params_ui_tutorial' retrieved from /home/abayturar/airflow-project/venv/lib/python3.12/site-packages/airflow/example_dags/example_params_ui_tutorial.py
[2026-03-28T19:04:04.674+0500] {logging_mixin.py:188} INFO - [2026-03-28T19:04:04.674+0500] {dag.py:3089} INFO - Sync 1 DAGs
[2026-03-28T19:04:04.687+0500] {logging_mixin.py:188} INFO - [2026-03-28T19:04:04.687+0500] {dag.py:3947} INFO - Setting next_dagrun for example_params_ui_tutorial to None, run_after=None
[2026-03-28T19:04:04.748+0500] {processor.py:183} INFO - Processing /home/abayturar/airflow-project/venv/lib/python3.12/site-packages/airflow/example_dags/example_params_ui_tutorial.py took 0.159 seconds
[2026-03-28T19:04:53.079+0500] {processor.py:161} INFO - Started process (PID=25554) to work on /home/abayturar/airflow-project/venv/lib/python3.12/site-packages/airflow/example_dags/example_params_ui_tutorial.py
[2026-03-28T19:04:53.079+0500] {processor.py:830} INFO - Processing file /home/abayturar/airflow-project/venv/lib/python3.12/site-packages/airflow/example_dags/example_params_ui_tutorial.py for tasks to queue
[2026-03-28T19:04:53.081+0500] {logging_mixin.py:188} INFO - [2026-03-28T19:04:53.081+0500] {dagbag.py:545} INFO - Filling up the DagBag from /home/abayturar/airflow-project/venv/lib/python3.12/site-packages/airflow/example_dags/example_params_ui_tutorial.py
[2026-03-28T19:04:53.088+0500] {processor.py:840} INFO - DAG(s) 'example_params_ui_tutorial' retrieved from /home/abayturar/airflow-project/venv/lib/python3.12/site-packages/airflow/example_dags/example_params_ui_tutorial.py
[2026-03-28T19:04:53.118+0500] {logging_mixin.py:188} INFO - [2026-03-28T19:04:53.118+0500] {dag.py:3089} INFO - Sync 1 DAGs
[2026-03-28T19:04:53.127+0500] {logging_mixin.py:188} INFO - [2026-03-28T19:04:53.127+0500] {dag.py:3947} INFO - Setting next_dagrun for example_params_ui_tutorial to None, run_after=None
[2026-03-28T19:04:53.141+0500] {processor.py:183} INFO - Processing /home/abayturar/airflow-project/venv/lib/python3.12/site-packages/airflow/example_dags/example_params_ui_tutorial.py took 0.069 seconds
[2026-03-28T19:05:58.876+0500] {processor.py:161} INFO - Started process (PID=25736) to work on /home/abayturar/airflow-project/venv/lib/python3.12/site-packages/airflow/example_dags/example_params_ui_tutorial.py
[2026-03-28T19:05:58.877+0500] {processor.py:830} INFO - Processing file /home/abayturar/airflow-project/venv/lib/python3.12/site-packages/airflow/example_dags/example_params_ui_tutorial.py for tasks to queue
[2026-03-28T19:05:58.878+0500] {logging_mixin.py:188} INFO - [2026-03-28T19:05:58.878+0500] {dagbag.py:545} INFO - Filling up the DagBag from /home/abayturar/airflow-project/venv/lib/python3.12/site-packages/airflow/example_dags/example_params_ui_tutorial.py
[2026-03-28T19:05:58.886+0500] {processor.py:840} INFO - DAG(s) 'example_params_ui_tutorial' retrieved from /home/abayturar/airflow-project/venv/lib/python3.12/site-packages/airflow/example_dags/example_params_ui_tutorial.py
[2026-03-28T19:05:58.918+0500] {logging_mixin.py:188} INFO - [2026-03-28T19:05:58.917+0500] {dag.py:3089} INFO - Sync 1 DAGs
[2026-03-28T19:05:58.927+0500] {logging_mixin.py:188} INFO - [2026-03-28T19:05:58.926+0500] {dag.py:3947} INFO - Setting next_dagrun for example_params_ui_tutorial to None, run_after=None
[2026-03-28T19:05:58.942+0500] {processor.py:183} INFO - Processing /home/abayturar/airflow-project/venv/lib/python3.12/site-packages/airflow/example_dags/example_params_ui_tutorial.py took 0.073 seconds
[2026-03-28T19:07:00.604+0500] {processor.py:161} INFO - Started process (PID=25902) to work on /home/abayturar/airflow-project/venv/lib/python3.12/site-packages/airflow/example_dags/example_params_ui_tutorial.py
[2026-03-28T19:07:00.605+0500] {processor.py:830} INFO - Processing file /home/abayturar/airflow-project/venv/lib/python3.12/site-packages/airflow/example_dags/example_params_ui_tutorial.py for tasks to queue
[2026-03-28T19:07:00.607+0500] {logging_mixin.py:188} INFO - [2026-03-28T19:07:00.607+0500] {dagbag.py:545} INFO - Filling up the DagBag from /home/abayturar/airflow-project/venv/lib/python3.12/site-packages/airflow/example_dags/example_params_ui_tutorial.py
[2026-03-28T19:07:00.614+0500] {processor.py:840} INFO - DAG(s) 'example_params_ui_tutorial' retrieved from /home/abayturar/airflow-project/venv/lib/python3.12/site-packages/airflow/example_dags/example_params_ui_tutorial.py
[2026-03-28T19:07:00.645+0500] {logging_mixin.py:188} INFO - [2026-03-28T19:07:00.645+0500] {dag.py:3089} INFO - Sync 1 DAGs
[2026-03-28T19:07:00.654+0500] {logging_mixin.py:188} INFO - [2026-03-28T19:07:00.654+0500] {dag.py:3947} INFO - Setting next_dagrun for example_params_ui_tutorial to None, run_after=None
[2026-03-28T19:07:00.670+0500] {processor.py:183} INFO - Processing /home/abayturar/airflow-project/venv/lib/python3.12/site-packages/airflow/example_dags/example_params_ui_tutorial.py took 0.072 seconds
[2026-03-28T19:07:48.212+0500] {processor.py:161} INFO - Started process (PID=26028) to work on /home/abayturar/airflow-project/venv/lib/python3.12/site-packages/airflow/example_dags/example_params_ui_tutorial.py
[2026-03-28T19:07:48.213+0500] {processor.py:830} INFO - Processing file /home/abayturar/airflow-project/venv/lib/python3.12/site-packages/airflow/example_dags/example_params_ui_tutorial.py for tasks to queue
[2026-03-28T19:07:48.214+0500] {logging_mixin.py:188} INFO - [2026-03-28T19:07:48.214+0500] {dagbag.py:545} INFO - Filling up the DagBag from /home/abayturar/airflow-project/venv/lib/python3.12/site-packages/airflow/example_dags/example_params_ui_tutorial.py
[2026-03-28T19:07:48.221+0500] {processor.py:840} INFO - DAG(s) 'example_params_ui_tutorial' retrieved from /home/abayturar/airflow-project/venv/lib/python3.12/site-packages/airflow/example_dags/example_params_ui_tutorial.py
[2026-03-28T19:07:48.252+0500] {logging_mixin.py:188} INFO - [2026-03-28T19:07:48.252+0500] {dag.py:3089} INFO - Sync 1 DAGs
[2026-03-28T19:07:48.261+0500] {logging_mixin.py:188} INFO - [2026-03-28T19:07:48.261+0500] {dag.py:3947} INFO - Setting next_dagrun for example_params_ui_tutorial to None, run_after=None
[2026-03-28T19:07:48.276+0500] {processor.py:183} INFO - Processing /home/abayturar/airflow-project/venv/lib/python3.12/site-packages/airflow/example_dags/example_params_ui_tutorial.py took 0.070 seconds
[2026-03-28T19:08:36.689+0500] {processor.py:161} INFO - Started process (PID=26155) to work on /home/abayturar/airflow-project/venv/lib/python3.12/site-packages/airflow/example_dags/example_params_ui_tutorial.py
[2026-03-28T19:08:36.690+0500] {processor.py:830} INFO - Processing file /home/abayturar/airflow-project/venv/lib/python3.12/site-packages/airflow/example_dags/example_params_ui_tutorial.py for tasks to queue
[2026-03-28T19:08:36.692+0500] {logging_mixin.py:188} INFO - [2026-03-28T19:08:36.692+0500] {dagbag.py:545} INFO - Filling up the DagBag from /home/abayturar/airflow-project/venv/lib/python3.12/site-packages/airflow/example_dags/example_params_ui_tutorial.py
[2026-03-28T19:08:36.700+0500] {processor.py:840} INFO - DAG(s) 'example_params_ui_tutorial' retrieved from /home/abayturar/airflow-project/venv/lib/python3.12/site-packages/airflow/example_dags/example_params_ui_tutorial.py
[2026-03-28T19:08:36.732+0500] {logging_mixin.py:188} INFO - [2026-03-28T19:08:36.732+0500] {dag.py:3089} INFO - Sync 1 DAGs
[2026-03-28T19:08:36.741+0500] {logging_mixin.py:188} INFO - [2026-03-28T19:08:36.741+0500] {dag.py:3947} INFO - Setting next_dagrun for example_params_ui_tutorial to None, run_after=None
[2026-03-28T19:08:36.758+0500] {processor.py:183} INFO - Processing /home/abayturar/airflow-project/venv/lib/python3.12/site-packages/airflow/example_dags/example_params_ui_tutorial.py took 0.075 seconds
[2026-03-28T19:09:24.836+0500] {processor.py:161} INFO - Started process (PID=26286) to work on /home/abayturar/airflow-project/venv/lib/python3.12/site-packages/airflow/example_dags/example_params_ui_tutorial.py
[2026-03-28T19:09:24.837+0500] {processor.py:830} INFO - Processing file /home/abayturar/airflow-project/venv/lib/python3.12/site-packages/airflow/example_dags/example_params_ui_tutorial.py for tasks to queue
[2026-03-28T19:09:24.839+0500] {logging_mixin.py:188} INFO - [2026-03-28T19:09:24.839+0500] {dagbag.py:545} INFO - Filling up the DagBag from /home/abayturar/airflow-project/venv/lib/python3.12/site-packages/airflow/example_dags/example_params_ui_tutorial.py
[2026-03-28T19:09:24.848+0500] {processor.py:840} INFO - DAG(s) 'example_params_ui_tutorial' retrieved from /home/abayturar/airflow-project/venv/lib/python3.12/site-packages/airflow/example_dags/example_params_ui_tutorial.py
[2026-03-28T19:09:24.883+0500] {logging_mixin.py:188} INFO - [2026-03-28T19:09:24.883+0500] {dag.py:3089} INFO - Sync 1 DAGs
[2026-03-28T19:09:24.894+0500] {logging_mixin.py:188} INFO - [2026-03-28T19:09:24.894+0500] {dag.py:3947} INFO - Setting next_dagrun for example_params_ui_tutorial to None, run_after=None
[2026-03-28T19:09:24.924+0500] {processor.py:183} INFO - Processing /home/abayturar/airflow-project/venv/lib/python3.12/site-packages/airflow/example_dags/example_params_ui_tutorial.py took 0.095 seconds
[2026-03-28T19:10:10.181+0500] {processor.py:161} INFO - Started process (PID=26409) to work on /home/abayturar/airflow-project/venv/lib/python3.12/site-packages/airflow/example_dags/example_params_ui_tutorial.py
[2026-03-28T19:10:10.182+0500] {processor.py:830} INFO - Processing file /home/abayturar/airflow-project/venv/lib/python3.12/site-packages/airflow/example_dags/example_params_ui_tutorial.py for tasks to queue
[2026-03-28T19:10:10.183+0500] {logging_mixin.py:188} INFO - [2026-03-28T19:10:10.183+0500] {dagbag.py:545} INFO - Filling up the DagBag from /home/abayturar/airflow-project/venv/lib/python3.12/site-packages/airflow/example_dags/example_params_ui_tutorial.py
[2026-03-28T19:10:10.191+0500] {processor.py:840} INFO - DAG(s) 'example_params_ui_tutorial' retrieved from /home/abayturar/airflow-project/venv/lib/python3.12/site-packages/airflow/example_dags/example_params_ui_tutorial.py
[2026-03-28T19:10:10.222+0500] {logging_mixin.py:188} INFO - [2026-03-28T19:10:10.222+0500] {dag.py:3089} INFO - Sync 1 DAGs
[2026-03-28T19:10:10.231+0500] {logging_mixin.py:188} INFO - [2026-03-28T19:10:10.231+0500] {dag.py:3947} INFO - Setting next_dagrun for example_params_ui_tutorial to None, run_after=None
[2026-03-28T19:10:10.260+0500] {processor.py:183} INFO - Processing /home/abayturar/airflow-project/venv/lib/python3.12/site-packages/airflow/example_dags/example_params_ui_tutorial.py took 0.085 seconds
[2026-03-28T19:10:57.219+0500] {processor.py:161} INFO - Started process (PID=26531) to work on /home/abayturar/airflow-project/venv/lib/python3.12/site-packages/airflow/example_dags/example_params_ui_tutorial.py
[2026-03-28T19:10:57.220+0500] {processor.py:830} INFO - Processing file /home/abayturar/airflow-project/venv/lib/python3.12/site-packages/airflow/example_dags/example_params_ui_tutorial.py for tasks to queue
[2026-03-28T19:10:57.222+0500] {logging_mixin.py:188} INFO - [2026-03-28T19:10:57.221+0500] {dagbag.py:545} INFO - Filling up the DagBag from /home/abayturar/airflow-project/venv/lib/python3.12/site-packages/airflow/example_dags/example_params_ui_tutorial.py
[2026-03-28T19:10:57.228+0500] {processor.py:840} INFO - DAG(s) 'example_params_ui_tutorial' retrieved from /home/abayturar/airflow-project/venv/lib/python3.12/site-packages/airflow/example_dags/example_params_ui_tutorial.py
[2026-03-28T19:10:57.258+0500] {logging_mixin.py:188} INFO - [2026-03-28T19:10:57.257+0500] {dag.py:3089} INFO - Sync 1 DAGs
[2026-03-28T19:10:57.266+0500] {logging_mixin.py:188} INFO - [2026-03-28T19:10:57.266+0500] {dag.py:3947} INFO - Setting next_dagrun for example_params_ui_tutorial to None, run_after=None
[2026-03-28T19:10:57.281+0500] {processor.py:183} INFO - Processing /home/abayturar/airflow-project/venv/lib/python3.12/site-packages/airflow/example_dags/example_params_ui_tutorial.py took 0.068 seconds
[2026-03-28T19:11:45.125+0500] {processor.py:161} INFO - Started process (PID=26662) to work on /home/abayturar/airflow-project/venv/lib/python3.12/site-packages/airflow/example_dags/example_params_ui_tutorial.py
[2026-03-28T19:11:45.127+0500] {processor.py:830} INFO - Processing file /home/abayturar/airflow-project/venv/lib/python3.12/site-packages/airflow/example_dags/example_params_ui_tutorial.py for tasks to queue
[2026-03-28T19:11:45.129+0500] {logging_mixin.py:188} INFO - [2026-03-28T19:11:45.129+0500] {dagbag.py:545} INFO - Filling up the DagBag from /home/abayturar/airflow-project/venv/lib/python3.12/site-packages/airflow/example_dags/example_params_ui_tutorial.py
[2026-03-28T19:11:45.140+0500] {processor.py:840} INFO - DAG(s) 'example_params_ui_tutorial' retrieved from /home/abayturar/airflow-project/venv/lib/python3.12/site-packages/airflow/example_dags/example_params_ui_tutorial.py
[2026-03-28T19:11:45.179+0500] {logging_mixin.py:188} INFO - [2026-03-28T19:11:45.179+0500] {dag.py:3089} INFO - Sync 1 DAGs
[2026-03-28T19:11:45.189+0500] {logging_mixin.py:188} INFO - [2026-03-28T19:11:45.188+0500] {dag.py:3947} INFO - Setting next_dagrun for example_params_ui_tutorial to None, run_after=None
[2026-03-28T19:11:45.205+0500] {processor.py:183} INFO - Processing /home/abayturar/airflow-project/venv/lib/python3.12/site-packages/airflow/example_dags/example_params_ui_tutorial.py took 0.090 seconds
[2026-03-28T19:12:32.608+0500] {processor.py:161} INFO - Started process (PID=26788) to work on /home/abayturar/airflow-project/venv/lib/python3.12/site-packages/airflow/example_dags/example_params_ui_tutorial.py
[2026-03-28T19:12:32.608+0500] {processor.py:830} INFO - Processing file /home/abayturar/airflow-project/venv/lib/python3.12/site-packages/airflow/example_dags/example_params_ui_tutorial.py for tasks to queue
[2026-03-28T19:12:32.610+0500] {logging_mixin.py:188} INFO - [2026-03-28T19:12:32.610+0500] {dagbag.py:545} INFO - Filling up the DagBag from /home/abayturar/airflow-project/venv/lib/python3.12/site-packages/airflow/example_dags/example_params_ui_tutorial.py
[2026-03-28T19:12:32.617+0500] {processor.py:840} INFO - DAG(s) 'example_params_ui_tutorial' retrieved from /home/abayturar/airflow-project/venv/lib/python3.12/site-packages/airflow/example_dags/example_params_ui_tutorial.py
[2026-03-28T19:12:32.646+0500] {logging_mixin.py:188} INFO - [2026-03-28T19:12:32.646+0500] {dag.py:3089} INFO - Sync 1 DAGs
[2026-03-28T19:12:32.656+0500] {logging_mixin.py:188} INFO - [2026-03-28T19:12:32.655+0500] {dag.py:3947} INFO - Setting next_dagrun for example_params_ui_tutorial to None, run_after=None
[2026-03-28T19:12:32.671+0500] {processor.py:183} INFO - Processing /home/abayturar/airflow-project/venv/lib/python3.12/site-packages/airflow/example_dags/example_params_ui_tutorial.py took 0.070 seconds
[2026-03-28T19:13:20.282+0500] {processor.py:161} INFO - Started process (PID=26916) to work on /home/abayturar/airflow-project/venv/lib/python3.12/site-packages/airflow/example_dags/example_params_ui_tutorial.py
[2026-03-28T19:13:20.283+0500] {processor.py:830} INFO - Processing file /home/abayturar/airflow-project/venv/lib/python3.12/site-packages/airflow/example_dags/example_params_ui_tutorial.py for tasks to queue
[2026-03-28T19:13:20.285+0500] {logging_mixin.py:188} INFO - [2026-03-28T19:13:20.284+0500] {dagbag.py:545} INFO - Filling up the DagBag from /home/abayturar/airflow-project/venv/lib/python3.12/site-packages/airflow/example_dags/example_params_ui_tutorial.py
[2026-03-28T19:13:20.292+0500] {processor.py:840} INFO - DAG(s) 'example_params_ui_tutorial' retrieved from /home/abayturar/airflow-project/venv/lib/python3.12/site-packages/airflow/example_dags/example_params_ui_tutorial.py
[2026-03-28T19:13:20.323+0500] {logging_mixin.py:188} INFO - [2026-03-28T19:13:20.323+0500] {dag.py:3089} INFO - Sync 1 DAGs
[2026-03-28T19:13:20.331+0500] {logging_mixin.py:188} INFO - [2026-03-28T19:13:20.331+0500] {dag.py:3947} INFO - Setting next_dagrun for example_params_ui_tutorial to None, run_after=None
[2026-03-28T19:13:20.347+0500] {processor.py:183} INFO - Processing /home/abayturar/airflow-project/venv/lib/python3.12/site-packages/airflow/example_dags/example_params_ui_tutorial.py took 0.070 seconds
[2026-03-28T19:14:06.665+0500] {processor.py:161} INFO - Started process (PID=27041) to work on /home/abayturar/airflow-project/venv/lib/python3.12/site-packages/airflow/example_dags/example_params_ui_tutorial.py
[2026-03-28T19:14:06.666+0500] {processor.py:830} INFO - Processing file /home/abayturar/airflow-project/venv/lib/python3.12/site-packages/airflow/example_dags/example_params_ui_tutorial.py for tasks to queue
[2026-03-28T19:14:06.667+0500] {logging_mixin.py:188} INFO - [2026-03-28T19:14:06.667+0500] {dagbag.py:545} INFO - Filling up the DagBag from /home/abayturar/airflow-project/venv/lib/python3.12/site-packages/airflow/example_dags/example_params_ui_tutorial.py
[2026-03-28T19:14:06.676+0500] {processor.py:840} INFO - DAG(s) 'example_params_ui_tutorial' retrieved from /home/abayturar/airflow-project/venv/lib/python3.12/site-packages/airflow/example_dags/example_params_ui_tutorial.py
[2026-03-28T19:14:06.710+0500] {logging_mixin.py:188} INFO - [2026-03-28T19:14:06.710+0500] {dag.py:3089} INFO - Sync 1 DAGs
[2026-03-28T19:14:06.720+0500] {logging_mixin.py:188} INFO - [2026-03-28T19:14:06.720+0500] {dag.py:3947} INFO - Setting next_dagrun for example_params_ui_tutorial to None, run_after=None
[2026-03-28T19:14:06.737+0500] {processor.py:183} INFO - Processing /home/abayturar/airflow-project/venv/lib/python3.12/site-packages/airflow/example_dags/example_params_ui_tutorial.py took 0.082 seconds
[2026-03-28T19:14:55.567+0500] {processor.py:161} INFO - Started process (PID=27170) to work on /home/abayturar/airflow-project/venv/lib/python3.12/site-packages/airflow/example_dags/example_params_ui_tutorial.py
[2026-03-28T19:14:55.568+0500] {processor.py:830} INFO - Processing file /home/abayturar/airflow-project/venv/lib/python3.12/site-packages/airflow/example_dags/example_params_ui_tutorial.py for tasks to queue
[2026-03-28T19:14:55.570+0500] {logging_mixin.py:188} INFO - [2026-03-28T19:14:55.569+0500] {dagbag.py:545} INFO - Filling up the DagBag from /home/abayturar/airflow-project/venv/lib/python3.12/site-packages/airflow/example_dags/example_params_ui_tutorial.py
[2026-03-28T19:14:55.580+0500] {processor.py:840} INFO - DAG(s) 'example_params_ui_tutorial' retrieved from /home/abayturar/airflow-project/venv/lib/python3.12/site-packages/airflow/example_dags/example_params_ui_tutorial.py
[2026-03-28T19:14:55.619+0500] {logging_mixin.py:188} INFO - [2026-03-28T19:14:55.619+0500] {dag.py:3089} INFO - Sync 1 DAGs
[2026-03-28T19:14:55.633+0500] {logging_mixin.py:188} INFO - [2026-03-28T19:14:55.633+0500] {dag.py:3947} INFO - Setting next_dagrun for example_params_ui_tutorial to None, run_after=None
[2026-03-28T19:14:55.666+0500] {processor.py:183} INFO - Processing /home/abayturar/airflow-project/venv/lib/python3.12/site-packages/airflow/example_dags/example_params_ui_tutorial.py took 0.109 seconds
[2026-03-28T19:15:40.832+0500] {processor.py:161} INFO - Started process (PID=27294) to work on /home/abayturar/airflow-project/venv/lib/python3.12/site-packages/airflow/example_dags/example_params_ui_tutorial.py
[2026-03-28T19:15:40.833+0500] {processor.py:830} INFO - Processing file /home/abayturar/airflow-project/venv/lib/python3.12/site-packages/airflow/example_dags/example_params_ui_tutorial.py for tasks to queue
[2026-03-28T19:15:40.835+0500] {logging_mixin.py:188} INFO - [2026-03-28T19:15:40.835+0500] {dagbag.py:545} INFO - Filling up the DagBag from /home/abayturar/airflow-project/venv/lib/python3.12/site-packages/airflow/example_dags/example_params_ui_tutorial.py
[2026-03-28T19:15:40.843+0500] {processor.py:840} INFO - DAG(s) 'example_params_ui_tutorial' retrieved from /home/abayturar/airflow-project/venv/lib/python3.12/site-packages/airflow/example_dags/example_params_ui_tutorial.py
[2026-03-28T19:15:40.875+0500] {logging_mixin.py:188} INFO - [2026-03-28T19:15:40.874+0500] {dag.py:3089} INFO - Sync 1 DAGs
[2026-03-28T19:15:40.885+0500] {logging_mixin.py:188} INFO - [2026-03-28T19:15:40.884+0500] {dag.py:3947} INFO - Setting next_dagrun for example_params_ui_tutorial to None, run_after=None
[2026-03-28T19:15:40.902+0500] {processor.py:183} INFO - Processing /home/abayturar/airflow-project/venv/lib/python3.12/site-packages/airflow/example_dags/example_params_ui_tutorial.py took 0.076 seconds
[2026-03-28T19:16:28.182+0500] {processor.py:161} INFO - Started process (PID=27419) to work on /home/abayturar/airflow-project/venv/lib/python3.12/site-packages/airflow/example_dags/example_params_ui_tutorial.py
[2026-03-28T19:16:28.183+0500] {processor.py:830} INFO - Processing file /home/abayturar/airflow-project/venv/lib/python3.12/site-packages/airflow/example_dags/example_params_ui_tutorial.py for tasks to queue
[2026-03-28T19:16:28.184+0500] {logging_mixin.py:188} INFO - [2026-03-28T19:16:28.184+0500] {dagbag.py:545} INFO - Filling up the DagBag from /home/abayturar/airflow-project/venv/lib/python3.12/site-packages/airflow/example_dags/example_params_ui_tutorial.py
[2026-03-28T19:16:28.191+0500] {processor.py:840} INFO - DAG(s) 'example_params_ui_tutorial' retrieved from /home/abayturar/airflow-project/venv/lib/python3.12/site-packages/airflow/example_dags/example_params_ui_tutorial.py
[2026-03-28T19:16:28.223+0500] {logging_mixin.py:188} INFO - [2026-03-28T19:16:28.223+0500] {dag.py:3089} INFO - Sync 1 DAGs
[2026-03-28T19:16:28.232+0500] {logging_mixin.py:188} INFO - [2026-03-28T19:16:28.231+0500] {dag.py:3947} INFO - Setting next_dagrun for example_params_ui_tutorial to None, run_after=None
[2026-03-28T19:16:28.259+0500] {processor.py:183} INFO - Processing /home/abayturar/airflow-project/venv/lib/python3.12/site-packages/airflow/example_dags/example_params_ui_tutorial.py took 0.083 seconds
[2026-03-28T19:17:14.310+0500] {processor.py:161} INFO - Started process (PID=27546) to work on /home/abayturar/airflow-project/venv/lib/python3.12/site-packages/airflow/example_dags/example_params_ui_tutorial.py
[2026-03-28T19:17:14.311+0500] {processor.py:830} INFO - Processing file /home/abayturar/airflow-project/venv/lib/python3.12/site-packages/airflow/example_dags/example_params_ui_tutorial.py for tasks to queue
[2026-03-28T19:17:14.313+0500] {logging_mixin.py:188} INFO - [2026-03-28T19:17:14.313+0500] {dagbag.py:545} INFO - Filling up the DagBag from /home/abayturar/airflow-project/venv/lib/python3.12/site-packages/airflow/example_dags/example_params_ui_tutorial.py
[2026-03-28T19:17:14.322+0500] {processor.py:840} INFO - DAG(s) 'example_params_ui_tutorial' retrieved from /home/abayturar/airflow-project/venv/lib/python3.12/site-packages/airflow/example_dags/example_params_ui_tutorial.py
[2026-03-28T19:17:14.364+0500] {logging_mixin.py:188} INFO - [2026-03-28T19:17:14.364+0500] {dag.py:3089} INFO - Sync 1 DAGs
[2026-03-28T19:17:14.376+0500] {logging_mixin.py:188} INFO - [2026-03-28T19:17:14.376+0500] {dag.py:3947} INFO - Setting next_dagrun for example_params_ui_tutorial to None, run_after=None
[2026-03-28T19:17:14.415+0500] {processor.py:183} INFO - Processing /home/abayturar/airflow-project/venv/lib/python3.12/site-packages/airflow/example_dags/example_params_ui_tutorial.py took 0.112 seconds
[2026-03-28T19:18:01.131+0500] {processor.py:161} INFO - Started process (PID=27670) to work on /home/abayturar/airflow-project/venv/lib/python3.12/site-packages/airflow/example_dags/example_params_ui_tutorial.py
[2026-03-28T19:18:01.132+0500] {processor.py:830} INFO - Processing file /home/abayturar/airflow-project/venv/lib/python3.12/site-packages/airflow/example_dags/example_params_ui_tutorial.py for tasks to queue
[2026-03-28T19:18:01.134+0500] {logging_mixin.py:188} INFO - [2026-03-28T19:18:01.134+0500] {dagbag.py:545} INFO - Filling up the DagBag from /home/abayturar/airflow-project/venv/lib/python3.12/site-packages/airflow/example_dags/example_params_ui_tutorial.py
[2026-03-28T19:18:01.145+0500] {processor.py:840} INFO - DAG(s) 'example_params_ui_tutorial' retrieved from /home/abayturar/airflow-project/venv/lib/python3.12/site-packages/airflow/example_dags/example_params_ui_tutorial.py
[2026-03-28T19:18:01.177+0500] {logging_mixin.py:188} INFO - [2026-03-28T19:18:01.177+0500] {dag.py:3089} INFO - Sync 1 DAGs
[2026-03-28T19:18:01.186+0500] {logging_mixin.py:188} INFO - [2026-03-28T19:18:01.186+0500] {dag.py:3947} INFO - Setting next_dagrun for example_params_ui_tutorial to None, run_after=None
[2026-03-28T19:18:01.202+0500] {processor.py:183} INFO - Processing /home/abayturar/airflow-project/venv/lib/python3.12/site-packages/airflow/example_dags/example_params_ui_tutorial.py took 0.080 seconds
[2026-03-28T19:19:04.590+0500] {processor.py:161} INFO - Started process (PID=27846) to work on /home/abayturar/airflow-project/venv/lib/python3.12/site-packages/airflow/example_dags/example_params_ui_tutorial.py
[2026-03-28T19:19:04.591+0500] {processor.py:830} INFO - Processing file /home/abayturar/airflow-project/venv/lib/python3.12/site-packages/airflow/example_dags/example_params_ui_tutorial.py for tasks to queue
[2026-03-28T19:19:04.592+0500] {logging_mixin.py:188} INFO - [2026-03-28T19:19:04.592+0500] {dagbag.py:545} INFO - Filling up the DagBag from /home/abayturar/airflow-project/venv/lib/python3.12/site-packages/airflow/example_dags/example_params_ui_tutorial.py
[2026-03-28T19:19:04.599+0500] {processor.py:840} INFO - DAG(s) 'example_params_ui_tutorial' retrieved from /home/abayturar/airflow-project/venv/lib/python3.12/site-packages/airflow/example_dags/example_params_ui_tutorial.py
[2026-03-28T19:19:04.627+0500] {logging_mixin.py:188} INFO - [2026-03-28T19:19:04.627+0500] {dag.py:3089} INFO - Sync 1 DAGs
[2026-03-28T19:19:04.636+0500] {logging_mixin.py:188} INFO - [2026-03-28T19:19:04.636+0500] {dag.py:3947} INFO - Setting next_dagrun for example_params_ui_tutorial to None, run_after=None
[2026-03-28T19:19:04.662+0500] {processor.py:183} INFO - Processing /home/abayturar/airflow-project/venv/lib/python3.12/site-packages/airflow/example_dags/example_params_ui_tutorial.py took 0.079 seconds
[2026-03-28T19:19:51.574+0500] {processor.py:161} INFO - Started process (PID=27974) to work on /home/abayturar/airflow-project/venv/lib/python3.12/site-packages/airflow/example_dags/example_params_ui_tutorial.py
[2026-03-28T19:19:51.575+0500] {processor.py:830} INFO - Processing file /home/abayturar/airflow-project/venv/lib/python3.12/site-packages/airflow/example_dags/example_params_ui_tutorial.py for tasks to queue
[2026-03-28T19:19:51.577+0500] {logging_mixin.py:188} INFO - [2026-03-28T19:19:51.577+0500] {dagbag.py:545} INFO - Filling up the DagBag from /home/abayturar/airflow-project/venv/lib/python3.12/site-packages/airflow/example_dags/example_params_ui_tutorial.py
[2026-03-28T19:19:51.584+0500] {processor.py:840} INFO - DAG(s) 'example_params_ui_tutorial' retrieved from /home/abayturar/airflow-project/venv/lib/python3.12/site-packages/airflow/example_dags/example_params_ui_tutorial.py
[2026-03-28T19:19:51.613+0500] {logging_mixin.py:188} INFO - [2026-03-28T19:19:51.613+0500] {dag.py:3089} INFO - Sync 1 DAGs
[2026-03-28T19:19:51.622+0500] {logging_mixin.py:188} INFO - [2026-03-28T19:19:51.622+0500] {dag.py:3947} INFO - Setting next_dagrun for example_params_ui_tutorial to None, run_after=None
[2026-03-28T19:19:51.637+0500] {processor.py:183} INFO - Processing /home/abayturar/airflow-project/venv/lib/python3.12/site-packages/airflow/example_dags/example_params_ui_tutorial.py took 0.070 seconds
[2026-03-28T19:20:38.865+0500] {processor.py:161} INFO - Started process (PID=28101) to work on /home/abayturar/airflow-project/venv/lib/python3.12/site-packages/airflow/example_dags/example_params_ui_tutorial.py
[2026-03-28T19:20:38.866+0500] {processor.py:830} INFO - Processing file /home/abayturar/airflow-project/venv/lib/python3.12/site-packages/airflow/example_dags/example_params_ui_tutorial.py for tasks to queue
[2026-03-28T19:20:38.868+0500] {logging_mixin.py:188} INFO - [2026-03-28T19:20:38.868+0500] {dagbag.py:545} INFO - Filling up the DagBag from /home/abayturar/airflow-project/venv/lib/python3.12/site-packages/airflow/example_dags/example_params_ui_tutorial.py
[2026-03-28T19:20:38.876+0500] {processor.py:840} INFO - DAG(s) 'example_params_ui_tutorial' retrieved from /home/abayturar/airflow-project/venv/lib/python3.12/site-packages/airflow/example_dags/example_params_ui_tutorial.py
[2026-03-28T19:20:38.911+0500] {logging_mixin.py:188} INFO - [2026-03-28T19:20:38.911+0500] {dag.py:3089} INFO - Sync 1 DAGs
[2026-03-28T19:20:38.921+0500] {logging_mixin.py:188} INFO - [2026-03-28T19:20:38.921+0500] {dag.py:3947} INFO - Setting next_dagrun for example_params_ui_tutorial to None, run_after=None
[2026-03-28T19:20:38.949+0500] {processor.py:183} INFO - Processing /home/abayturar/airflow-project/venv/lib/python3.12/site-packages/airflow/example_dags/example_params_ui_tutorial.py took 0.092 seconds
[2026-03-28T19:21:24.728+0500] {processor.py:161} INFO - Started process (PID=28226) to work on /home/abayturar/airflow-project/venv/lib/python3.12/site-packages/airflow/example_dags/example_params_ui_tutorial.py
[2026-03-28T19:21:24.729+0500] {processor.py:830} INFO - Processing file /home/abayturar/airflow-project/venv/lib/python3.12/site-packages/airflow/example_dags/example_params_ui_tutorial.py for tasks to queue
[2026-03-28T19:21:24.731+0500] {logging_mixin.py:188} INFO - [2026-03-28T19:21:24.730+0500] {dagbag.py:545} INFO - Filling up the DagBag from /home/abayturar/airflow-project/venv/lib/python3.12/site-packages/airflow/example_dags/example_params_ui_tutorial.py
[2026-03-28T19:21:24.738+0500] {processor.py:840} INFO - DAG(s) 'example_params_ui_tutorial' retrieved from /home/abayturar/airflow-project/venv/lib/python3.12/site-packages/airflow/example_dags/example_params_ui_tutorial.py
[2026-03-28T19:21:24.769+0500] {logging_mixin.py:188} INFO - [2026-03-28T19:21:24.768+0500] {dag.py:3089} INFO - Sync 1 DAGs
[2026-03-28T19:21:24.778+0500] {logging_mixin.py:188} INFO - [2026-03-28T19:21:24.778+0500] {dag.py:3947} INFO - Setting next_dagrun for example_params_ui_tutorial to None, run_after=None
[2026-03-28T19:21:24.793+0500] {processor.py:183} INFO - Processing /home/abayturar/airflow-project/venv/lib/python3.12/site-packages/airflow/example_dags/example_params_ui_tutorial.py took 0.071 seconds
[2026-03-28T19:22:08.714+0500] {processor.py:161} INFO - Started process (PID=28383) to work on /home/abayturar/airflow-project/venv/lib/python3.12/site-packages/airflow/example_dags/example_params_ui_tutorial.py
[2026-03-28T19:22:08.715+0500] {processor.py:830} INFO - Processing file /home/abayturar/airflow-project/venv/lib/python3.12/site-packages/airflow/example_dags/example_params_ui_tutorial.py for tasks to queue
[2026-03-28T19:22:08.717+0500] {logging_mixin.py:188} INFO - [2026-03-28T19:22:08.716+0500] {dagbag.py:545} INFO - Filling up the DagBag from /home/abayturar/airflow-project/venv/lib/python3.12/site-packages/airflow/example_dags/example_params_ui_tutorial.py
[2026-03-28T19:22:08.724+0500] {processor.py:840} INFO - DAG(s) 'example_params_ui_tutorial' retrieved from /home/abayturar/airflow-project/venv/lib/python3.12/site-packages/airflow/example_dags/example_params_ui_tutorial.py
[2026-03-28T19:22:08.754+0500] {logging_mixin.py:188} INFO - [2026-03-28T19:22:08.754+0500] {dag.py:3089} INFO - Sync 1 DAGs
[2026-03-28T19:22:08.763+0500] {logging_mixin.py:188} INFO - [2026-03-28T19:22:08.763+0500] {dag.py:3947} INFO - Setting next_dagrun for example_params_ui_tutorial to None, run_after=None
[2026-03-28T19:22:08.789+0500] {processor.py:183} INFO - Processing /home/abayturar/airflow-project/venv/lib/python3.12/site-packages/airflow/example_dags/example_params_ui_tutorial.py took 0.081 seconds
[2026-03-28T19:23:14.642+0500] {processor.py:161} INFO - Started process (PID=28557) to work on /home/abayturar/airflow-project/venv/lib/python3.12/site-packages/airflow/example_dags/example_params_ui_tutorial.py
[2026-03-28T19:23:14.643+0500] {processor.py:830} INFO - Processing file /home/abayturar/airflow-project/venv/lib/python3.12/site-packages/airflow/example_dags/example_params_ui_tutorial.py for tasks to queue
[2026-03-28T19:23:14.645+0500] {logging_mixin.py:188} INFO - [2026-03-28T19:23:14.644+0500] {dagbag.py:545} INFO - Filling up the DagBag from /home/abayturar/airflow-project/venv/lib/python3.12/site-packages/airflow/example_dags/example_params_ui_tutorial.py
[2026-03-28T19:23:14.652+0500] {processor.py:840} INFO - DAG(s) 'example_params_ui_tutorial' retrieved from /home/abayturar/airflow-project/venv/lib/python3.12/site-packages/airflow/example_dags/example_params_ui_tutorial.py
[2026-03-28T19:23:14.682+0500] {logging_mixin.py:188} INFO - [2026-03-28T19:23:14.682+0500] {dag.py:3089} INFO - Sync 1 DAGs
[2026-03-28T19:23:14.691+0500] {logging_mixin.py:188} INFO - [2026-03-28T19:23:14.691+0500] {dag.py:3947} INFO - Setting next_dagrun for example_params_ui_tutorial to None, run_after=None
[2026-03-28T19:23:14.709+0500] {processor.py:183} INFO - Processing /home/abayturar/airflow-project/venv/lib/python3.12/site-packages/airflow/example_dags/example_params_ui_tutorial.py took 0.073 seconds
[2026-03-28T19:24:00.409+0500] {processor.py:161} INFO - Started process (PID=28682) to work on /home/abayturar/airflow-project/venv/lib/python3.12/site-packages/airflow/example_dags/example_params_ui_tutorial.py
[2026-03-28T19:24:00.410+0500] {processor.py:830} INFO - Processing file /home/abayturar/airflow-project/venv/lib/python3.12/site-packages/airflow/example_dags/example_params_ui_tutorial.py for tasks to queue
[2026-03-28T19:24:00.412+0500] {logging_mixin.py:188} INFO - [2026-03-28T19:24:00.412+0500] {dagbag.py:545} INFO - Filling up the DagBag from /home/abayturar/airflow-project/venv/lib/python3.12/site-packages/airflow/example_dags/example_params_ui_tutorial.py
[2026-03-28T19:24:00.420+0500] {processor.py:840} INFO - DAG(s) 'example_params_ui_tutorial' retrieved from /home/abayturar/airflow-project/venv/lib/python3.12/site-packages/airflow/example_dags/example_params_ui_tutorial.py
[2026-03-28T19:24:00.454+0500] {logging_mixin.py:188} INFO - [2026-03-28T19:24:00.454+0500] {dag.py:3089} INFO - Sync 1 DAGs
[2026-03-28T19:24:00.463+0500] {logging_mixin.py:188} INFO - [2026-03-28T19:24:00.463+0500] {dag.py:3947} INFO - Setting next_dagrun for example_params_ui_tutorial to None, run_after=None
[2026-03-28T19:24:00.492+0500] {processor.py:183} INFO - Processing /home/abayturar/airflow-project/venv/lib/python3.12/site-packages/airflow/example_dags/example_params_ui_tutorial.py took 0.089 seconds
[2026-03-28T19:24:47.814+0500] {processor.py:161} INFO - Started process (PID=28808) to work on /home/abayturar/airflow-project/venv/lib/python3.12/site-packages/airflow/example_dags/example_params_ui_tutorial.py
[2026-03-28T19:24:47.815+0500] {processor.py:830} INFO - Processing file /home/abayturar/airflow-project/venv/lib/python3.12/site-packages/airflow/example_dags/example_params_ui_tutorial.py for tasks to queue
[2026-03-28T19:24:47.817+0500] {logging_mixin.py:188} INFO - [2026-03-28T19:24:47.816+0500] {dagbag.py:545} INFO - Filling up the DagBag from /home/abayturar/airflow-project/venv/lib/python3.12/site-packages/airflow/example_dags/example_params_ui_tutorial.py
[2026-03-28T19:24:47.824+0500] {processor.py:840} INFO - DAG(s) 'example_params_ui_tutorial' retrieved from /home/abayturar/airflow-project/venv/lib/python3.12/site-packages/airflow/example_dags/example_params_ui_tutorial.py
[2026-03-28T19:24:47.856+0500] {logging_mixin.py:188} INFO - [2026-03-28T19:24:47.856+0500] {dag.py:3089} INFO - Sync 1 DAGs
[2026-03-28T19:24:47.866+0500] {logging_mixin.py:188} INFO - [2026-03-28T19:24:47.866+0500] {dag.py:3947} INFO - Setting next_dagrun for example_params_ui_tutorial to None, run_after=None
[2026-03-28T19:24:47.894+0500] {processor.py:183} INFO - Processing /home/abayturar/airflow-project/venv/lib/python3.12/site-packages/airflow/example_dags/example_params_ui_tutorial.py took 0.087 seconds
[2026-03-28T19:25:34.619+0500] {processor.py:161} INFO - Started process (PID=28933) to work on /home/abayturar/airflow-project/venv/lib/python3.12/site-packages/airflow/example_dags/example_params_ui_tutorial.py
[2026-03-28T19:25:34.620+0500] {processor.py:830} INFO - Processing file /home/abayturar/airflow-project/venv/lib/python3.12/site-packages/airflow/example_dags/example_params_ui_tutorial.py for tasks to queue
[2026-03-28T19:25:34.622+0500] {logging_mixin.py:188} INFO - [2026-03-28T19:25:34.621+0500] {dagbag.py:545} INFO - Filling up the DagBag from /home/abayturar/airflow-project/venv/lib/python3.12/site-packages/airflow/example_dags/example_params_ui_tutorial.py
[2026-03-28T19:25:34.629+0500] {processor.py:840} INFO - DAG(s) 'example_params_ui_tutorial' retrieved from /home/abayturar/airflow-project/venv/lib/python3.12/site-packages/airflow/example_dags/example_params_ui_tutorial.py
[2026-03-28T19:25:34.660+0500] {logging_mixin.py:188} INFO - [2026-03-28T19:25:34.659+0500] {dag.py:3089} INFO - Sync 1 DAGs
[2026-03-28T19:25:34.668+0500] {logging_mixin.py:188} INFO - [2026-03-28T19:25:34.668+0500] {dag.py:3947} INFO - Setting next_dagrun for example_params_ui_tutorial to None, run_after=None
[2026-03-28T19:25:34.695+0500] {processor.py:183} INFO - Processing /home/abayturar/airflow-project/venv/lib/python3.12/site-packages/airflow/example_dags/example_params_ui_tutorial.py took 0.082 seconds
[2026-03-28T19:26:20.376+0500] {processor.py:161} INFO - Started process (PID=29058) to work on /home/abayturar/airflow-project/venv/lib/python3.12/site-packages/airflow/example_dags/example_params_ui_tutorial.py
[2026-03-28T19:26:20.377+0500] {processor.py:830} INFO - Processing file /home/abayturar/airflow-project/venv/lib/python3.12/site-packages/airflow/example_dags/example_params_ui_tutorial.py for tasks to queue
[2026-03-28T19:26:20.379+0500] {logging_mixin.py:188} INFO - [2026-03-28T19:26:20.378+0500] {dagbag.py:545} INFO - Filling up the DagBag from /home/abayturar/airflow-project/venv/lib/python3.12/site-packages/airflow/example_dags/example_params_ui_tutorial.py
[2026-03-28T19:26:20.386+0500] {processor.py:840} INFO - DAG(s) 'example_params_ui_tutorial' retrieved from /home/abayturar/airflow-project/venv/lib/python3.12/site-packages/airflow/example_dags/example_params_ui_tutorial.py
[2026-03-28T19:26:20.415+0500] {logging_mixin.py:188} INFO - [2026-03-28T19:26:20.415+0500] {dag.py:3089} INFO - Sync 1 DAGs
[2026-03-28T19:26:20.425+0500] {logging_mixin.py:188} INFO - [2026-03-28T19:26:20.424+0500] {dag.py:3947} INFO - Setting next_dagrun for example_params_ui_tutorial to None, run_after=None
[2026-03-28T19:26:20.451+0500] {processor.py:183} INFO - Processing /home/abayturar/airflow-project/venv/lib/python3.12/site-packages/airflow/example_dags/example_params_ui_tutorial.py took 0.081 seconds
[2026-03-28T19:27:05.640+0500] {processor.py:161} INFO - Started process (PID=29181) to work on /home/abayturar/airflow-project/venv/lib/python3.12/site-packages/airflow/example_dags/example_params_ui_tutorial.py
[2026-03-28T19:27:05.641+0500] {processor.py:830} INFO - Processing file /home/abayturar/airflow-project/venv/lib/python3.12/site-packages/airflow/example_dags/example_params_ui_tutorial.py for tasks to queue
[2026-03-28T19:27:05.642+0500] {logging_mixin.py:188} INFO - [2026-03-28T19:27:05.642+0500] {dagbag.py:545} INFO - Filling up the DagBag from /home/abayturar/airflow-project/venv/lib/python3.12/site-packages/airflow/example_dags/example_params_ui_tutorial.py
[2026-03-28T19:27:05.649+0500] {processor.py:840} INFO - DAG(s) 'example_params_ui_tutorial' retrieved from /home/abayturar/airflow-project/venv/lib/python3.12/site-packages/airflow/example_dags/example_params_ui_tutorial.py
[2026-03-28T19:27:05.680+0500] {logging_mixin.py:188} INFO - [2026-03-28T19:27:05.680+0500] {dag.py:3089} INFO - Sync 1 DAGs
[2026-03-28T19:27:05.688+0500] {logging_mixin.py:188} INFO - [2026-03-28T19:27:05.688+0500] {dag.py:3947} INFO - Setting next_dagrun for example_params_ui_tutorial to None, run_after=None
[2026-03-28T19:27:05.715+0500] {processor.py:183} INFO - Processing /home/abayturar/airflow-project/venv/lib/python3.12/site-packages/airflow/example_dags/example_params_ui_tutorial.py took 0.082 seconds
[2026-03-28T19:27:53.352+0500] {processor.py:161} INFO - Started process (PID=29308) to work on /home/abayturar/airflow-project/venv/lib/python3.12/site-packages/airflow/example_dags/example_params_ui_tutorial.py
[2026-03-28T19:27:53.352+0500] {processor.py:830} INFO - Processing file /home/abayturar/airflow-project/venv/lib/python3.12/site-packages/airflow/example_dags/example_params_ui_tutorial.py for tasks to queue
[2026-03-28T19:27:53.354+0500] {logging_mixin.py:188} INFO - [2026-03-28T19:27:53.354+0500] {dagbag.py:545} INFO - Filling up the DagBag from /home/abayturar/airflow-project/venv/lib/python3.12/site-packages/airflow/example_dags/example_params_ui_tutorial.py
[2026-03-28T19:27:53.363+0500] {processor.py:840} INFO - DAG(s) 'example_params_ui_tutorial' retrieved from /home/abayturar/airflow-project/venv/lib/python3.12/site-packages/airflow/example_dags/example_params_ui_tutorial.py
[2026-03-28T19:27:53.401+0500] {logging_mixin.py:188} INFO - [2026-03-28T19:27:53.401+0500] {dag.py:3089} INFO - Sync 1 DAGs
[2026-03-28T19:27:53.410+0500] {logging_mixin.py:188} INFO - [2026-03-28T19:27:53.410+0500] {dag.py:3947} INFO - Setting next_dagrun for example_params_ui_tutorial to None, run_after=None
[2026-03-28T19:27:53.440+0500] {processor.py:183} INFO - Processing /home/abayturar/airflow-project/venv/lib/python3.12/site-packages/airflow/example_dags/example_params_ui_tutorial.py took 0.096 seconds
[2026-03-28T19:28:42.969+0500] {processor.py:161} INFO - Started process (PID=29439) to work on /home/abayturar/airflow-project/venv/lib/python3.12/site-packages/airflow/example_dags/example_params_ui_tutorial.py
[2026-03-28T19:28:42.971+0500] {processor.py:830} INFO - Processing file /home/abayturar/airflow-project/venv/lib/python3.12/site-packages/airflow/example_dags/example_params_ui_tutorial.py for tasks to queue
[2026-03-28T19:28:42.973+0500] {logging_mixin.py:188} INFO - [2026-03-28T19:28:42.973+0500] {dagbag.py:545} INFO - Filling up the DagBag from /home/abayturar/airflow-project/venv/lib/python3.12/site-packages/airflow/example_dags/example_params_ui_tutorial.py
[2026-03-28T19:28:42.981+0500] {processor.py:840} INFO - DAG(s) 'example_params_ui_tutorial' retrieved from /home/abayturar/airflow-project/venv/lib/python3.12/site-packages/airflow/example_dags/example_params_ui_tutorial.py
[2026-03-28T19:28:43.013+0500] {logging_mixin.py:188} INFO - [2026-03-28T19:28:43.013+0500] {dag.py:3089} INFO - Sync 1 DAGs
[2026-03-28T19:28:43.022+0500] {logging_mixin.py:188} INFO - [2026-03-28T19:28:43.022+0500] {dag.py:3947} INFO - Setting next_dagrun for example_params_ui_tutorial to None, run_after=None
[2026-03-28T19:28:43.050+0500] {processor.py:183} INFO - Processing /home/abayturar/airflow-project/venv/lib/python3.12/site-packages/airflow/example_dags/example_params_ui_tutorial.py took 0.088 seconds
[2026-03-28T19:29:31.464+0500] {processor.py:161} INFO - Started process (PID=29639) to work on /home/abayturar/airflow-project/venv/lib/python3.12/site-packages/airflow/example_dags/example_params_ui_tutorial.py
[2026-03-28T19:29:31.464+0500] {processor.py:830} INFO - Processing file /home/abayturar/airflow-project/venv/lib/python3.12/site-packages/airflow/example_dags/example_params_ui_tutorial.py for tasks to queue
[2026-03-28T19:29:31.466+0500] {logging_mixin.py:188} INFO - [2026-03-28T19:29:31.466+0500] {dagbag.py:545} INFO - Filling up the DagBag from /home/abayturar/airflow-project/venv/lib/python3.12/site-packages/airflow/example_dags/example_params_ui_tutorial.py
[2026-03-28T19:29:31.474+0500] {processor.py:840} INFO - DAG(s) 'example_params_ui_tutorial' retrieved from /home/abayturar/airflow-project/venv/lib/python3.12/site-packages/airflow/example_dags/example_params_ui_tutorial.py
[2026-03-28T19:29:31.503+0500] {logging_mixin.py:188} INFO - [2026-03-28T19:29:31.503+0500] {dag.py:3089} INFO - Sync 1 DAGs
[2026-03-28T19:29:31.512+0500] {logging_mixin.py:188} INFO - [2026-03-28T19:29:31.512+0500] {dag.py:3947} INFO - Setting next_dagrun for example_params_ui_tutorial to None, run_after=None
[2026-03-28T19:29:31.540+0500] {processor.py:183} INFO - Processing /home/abayturar/airflow-project/venv/lib/python3.12/site-packages/airflow/example_dags/example_params_ui_tutorial.py took 0.083 seconds
[2026-03-28T19:30:16.582+0500] {processor.py:161} INFO - Started process (PID=29761) to work on /home/abayturar/airflow-project/venv/lib/python3.12/site-packages/airflow/example_dags/example_params_ui_tutorial.py
[2026-03-28T19:30:16.583+0500] {processor.py:830} INFO - Processing file /home/abayturar/airflow-project/venv/lib/python3.12/site-packages/airflow/example_dags/example_params_ui_tutorial.py for tasks to queue
[2026-03-28T19:30:16.584+0500] {logging_mixin.py:188} INFO - [2026-03-28T19:30:16.584+0500] {dagbag.py:545} INFO - Filling up the DagBag from /home/abayturar/airflow-project/venv/lib/python3.12/site-packages/airflow/example_dags/example_params_ui_tutorial.py
[2026-03-28T19:30:16.592+0500] {processor.py:840} INFO - DAG(s) 'example_params_ui_tutorial' retrieved from /home/abayturar/airflow-project/venv/lib/python3.12/site-packages/airflow/example_dags/example_params_ui_tutorial.py
[2026-03-28T19:30:16.623+0500] {logging_mixin.py:188} INFO - [2026-03-28T19:30:16.623+0500] {dag.py:3089} INFO - Sync 1 DAGs
[2026-03-28T19:30:16.632+0500] {logging_mixin.py:188} INFO - [2026-03-28T19:30:16.632+0500] {dag.py:3947} INFO - Setting next_dagrun for example_params_ui_tutorial to None, run_after=None
[2026-03-28T19:30:16.660+0500] {processor.py:183} INFO - Processing /home/abayturar/airflow-project/venv/lib/python3.12/site-packages/airflow/example_dags/example_params_ui_tutorial.py took 0.085 seconds
[2026-03-28T19:31:15.211+0500] {processor.py:161} INFO - Started process (PID=29947) to work on /home/abayturar/airflow-project/venv/lib/python3.12/site-packages/airflow/example_dags/example_params_ui_tutorial.py
[2026-03-28T19:31:15.212+0500] {processor.py:830} INFO - Processing file /home/abayturar/airflow-project/venv/lib/python3.12/site-packages/airflow/example_dags/example_params_ui_tutorial.py for tasks to queue
[2026-03-28T19:31:15.214+0500] {logging_mixin.py:188} INFO - [2026-03-28T19:31:15.213+0500] {dagbag.py:545} INFO - Filling up the DagBag from /home/abayturar/airflow-project/venv/lib/python3.12/site-packages/airflow/example_dags/example_params_ui_tutorial.py
[2026-03-28T19:31:15.222+0500] {processor.py:840} INFO - DAG(s) 'example_params_ui_tutorial' retrieved from /home/abayturar/airflow-project/venv/lib/python3.12/site-packages/airflow/example_dags/example_params_ui_tutorial.py
[2026-03-28T19:31:15.260+0500] {logging_mixin.py:188} INFO - [2026-03-28T19:31:15.259+0500] {dag.py:3089} INFO - Sync 1 DAGs
[2026-03-28T19:31:15.270+0500] {logging_mixin.py:188} INFO - [2026-03-28T19:31:15.270+0500] {dag.py:3947} INFO - Setting next_dagrun for example_params_ui_tutorial to None, run_after=None
[2026-03-28T19:31:15.288+0500] {processor.py:183} INFO - Processing /home/abayturar/airflow-project/venv/lib/python3.12/site-packages/airflow/example_dags/example_params_ui_tutorial.py took 0.085 seconds
[2026-03-28T19:32:07.400+0500] {processor.py:161} INFO - Started process (PID=30101) to work on /home/abayturar/airflow-project/venv/lib/python3.12/site-packages/airflow/example_dags/example_params_ui_tutorial.py
[2026-03-28T19:32:07.401+0500] {processor.py:830} INFO - Processing file /home/abayturar/airflow-project/venv/lib/python3.12/site-packages/airflow/example_dags/example_params_ui_tutorial.py for tasks to queue
[2026-03-28T19:32:07.403+0500] {logging_mixin.py:188} INFO - [2026-03-28T19:32:07.403+0500] {dagbag.py:545} INFO - Filling up the DagBag from /home/abayturar/airflow-project/venv/lib/python3.12/site-packages/airflow/example_dags/example_params_ui_tutorial.py
[2026-03-28T19:32:07.411+0500] {processor.py:840} INFO - DAG(s) 'example_params_ui_tutorial' retrieved from /home/abayturar/airflow-project/venv/lib/python3.12/site-packages/airflow/example_dags/example_params_ui_tutorial.py
[2026-03-28T19:32:07.446+0500] {logging_mixin.py:188} INFO - [2026-03-28T19:32:07.445+0500] {dag.py:3089} INFO - Sync 1 DAGs
[2026-03-28T19:32:07.456+0500] {logging_mixin.py:188} INFO - [2026-03-28T19:32:07.456+0500] {dag.py:3947} INFO - Setting next_dagrun for example_params_ui_tutorial to None, run_after=None
[2026-03-28T19:32:07.476+0500] {processor.py:183} INFO - Processing /home/abayturar/airflow-project/venv/lib/python3.12/site-packages/airflow/example_dags/example_params_ui_tutorial.py took 0.082 seconds
[2026-03-28T19:33:00.214+0500] {processor.py:161} INFO - Started process (PID=30247) to work on /home/abayturar/airflow-project/venv/lib/python3.12/site-packages/airflow/example_dags/example_params_ui_tutorial.py
[2026-03-28T19:33:00.215+0500] {processor.py:830} INFO - Processing file /home/abayturar/airflow-project/venv/lib/python3.12/site-packages/airflow/example_dags/example_params_ui_tutorial.py for tasks to queue
[2026-03-28T19:33:00.217+0500] {logging_mixin.py:188} INFO - [2026-03-28T19:33:00.217+0500] {dagbag.py:545} INFO - Filling up the DagBag from /home/abayturar/airflow-project/venv/lib/python3.12/site-packages/airflow/example_dags/example_params_ui_tutorial.py
[2026-03-28T19:33:00.225+0500] {processor.py:840} INFO - DAG(s) 'example_params_ui_tutorial' retrieved from /home/abayturar/airflow-project/venv/lib/python3.12/site-packages/airflow/example_dags/example_params_ui_tutorial.py
[2026-03-28T19:33:00.257+0500] {logging_mixin.py:188} INFO - [2026-03-28T19:33:00.257+0500] {dag.py:3089} INFO - Sync 1 DAGs
[2026-03-28T19:33:00.266+0500] {logging_mixin.py:188} INFO - [2026-03-28T19:33:00.266+0500] {dag.py:3947} INFO - Setting next_dagrun for example_params_ui_tutorial to None, run_after=None
[2026-03-28T19:33:00.285+0500] {processor.py:183} INFO - Processing /home/abayturar/airflow-project/venv/lib/python3.12/site-packages/airflow/example_dags/example_params_ui_tutorial.py took 0.078 seconds
[2026-03-28T19:33:51.200+0500] {processor.py:161} INFO - Started process (PID=30398) to work on /home/abayturar/airflow-project/venv/lib/python3.12/site-packages/airflow/example_dags/example_params_ui_tutorial.py
[2026-03-28T19:33:51.201+0500] {processor.py:830} INFO - Processing file /home/abayturar/airflow-project/venv/lib/python3.12/site-packages/airflow/example_dags/example_params_ui_tutorial.py for tasks to queue
[2026-03-28T19:33:51.202+0500] {logging_mixin.py:188} INFO - [2026-03-28T19:33:51.202+0500] {dagbag.py:545} INFO - Filling up the DagBag from /home/abayturar/airflow-project/venv/lib/python3.12/site-packages/airflow/example_dags/example_params_ui_tutorial.py
[2026-03-28T19:33:51.210+0500] {processor.py:840} INFO - DAG(s) 'example_params_ui_tutorial' retrieved from /home/abayturar/airflow-project/venv/lib/python3.12/site-packages/airflow/example_dags/example_params_ui_tutorial.py
[2026-03-28T19:33:51.242+0500] {logging_mixin.py:188} INFO - [2026-03-28T19:33:51.242+0500] {dag.py:3089} INFO - Sync 1 DAGs
[2026-03-28T19:33:51.251+0500] {logging_mixin.py:188} INFO - [2026-03-28T19:33:51.251+0500] {dag.py:3947} INFO - Setting next_dagrun for example_params_ui_tutorial to None, run_after=None
[2026-03-28T19:33:51.268+0500] {processor.py:183} INFO - Processing /home/abayturar/airflow-project/venv/lib/python3.12/site-packages/airflow/example_dags/example_params_ui_tutorial.py took 0.075 seconds
[2026-03-28T19:35:38.208+0500] {processor.py:161} INFO - Started process (PID=30663) to work on /home/abayturar/airflow-project/venv/lib/python3.12/site-packages/airflow/example_dags/example_params_ui_tutorial.py
[2026-03-28T19:35:38.209+0500] {processor.py:830} INFO - Processing file /home/abayturar/airflow-project/venv/lib/python3.12/site-packages/airflow/example_dags/example_params_ui_tutorial.py for tasks to queue
[2026-03-28T19:35:38.210+0500] {logging_mixin.py:188} INFO - [2026-03-28T19:35:38.210+0500] {dagbag.py:545} INFO - Filling up the DagBag from /home/abayturar/airflow-project/venv/lib/python3.12/site-packages/airflow/example_dags/example_params_ui_tutorial.py
[2026-03-28T19:35:38.218+0500] {processor.py:840} INFO - DAG(s) 'example_params_ui_tutorial' retrieved from /home/abayturar/airflow-project/venv/lib/python3.12/site-packages/airflow/example_dags/example_params_ui_tutorial.py
[2026-03-28T19:35:38.253+0500] {logging_mixin.py:188} INFO - [2026-03-28T19:35:38.253+0500] {dag.py:3089} INFO - Sync 1 DAGs
[2026-03-28T19:35:38.264+0500] {logging_mixin.py:188} INFO - [2026-03-28T19:35:38.264+0500] {dag.py:3947} INFO - Setting next_dagrun for example_params_ui_tutorial to None, run_after=None
[2026-03-28T19:35:38.281+0500] {processor.py:183} INFO - Processing /home/abayturar/airflow-project/venv/lib/python3.12/site-packages/airflow/example_dags/example_params_ui_tutorial.py took 0.079 seconds
[2026-03-28T19:36:34.243+0500] {processor.py:161} INFO - Started process (PID=30829) to work on /home/abayturar/airflow-project/venv/lib/python3.12/site-packages/airflow/example_dags/example_params_ui_tutorial.py
[2026-03-28T19:36:34.244+0500] {processor.py:830} INFO - Processing file /home/abayturar/airflow-project/venv/lib/python3.12/site-packages/airflow/example_dags/example_params_ui_tutorial.py for tasks to queue
[2026-03-28T19:36:34.246+0500] {logging_mixin.py:188} INFO - [2026-03-28T19:36:34.245+0500] {dagbag.py:545} INFO - Filling up the DagBag from /home/abayturar/airflow-project/venv/lib/python3.12/site-packages/airflow/example_dags/example_params_ui_tutorial.py
[2026-03-28T19:36:34.253+0500] {processor.py:840} INFO - DAG(s) 'example_params_ui_tutorial' retrieved from /home/abayturar/airflow-project/venv/lib/python3.12/site-packages/airflow/example_dags/example_params_ui_tutorial.py
[2026-03-28T19:36:34.287+0500] {logging_mixin.py:188} INFO - [2026-03-28T19:36:34.287+0500] {dag.py:3089} INFO - Sync 1 DAGs
[2026-03-28T19:36:34.298+0500] {logging_mixin.py:188} INFO - [2026-03-28T19:36:34.298+0500] {dag.py:3947} INFO - Setting next_dagrun for example_params_ui_tutorial to None, run_after=None
[2026-03-28T19:36:34.318+0500] {processor.py:183} INFO - Processing /home/abayturar/airflow-project/venv/lib/python3.12/site-packages/airflow/example_dags/example_params_ui_tutorial.py took 0.081 seconds
[2026-03-28T19:37:27.353+0500] {processor.py:161} INFO - Started process (PID=30973) to work on /home/abayturar/airflow-project/venv/lib/python3.12/site-packages/airflow/example_dags/example_params_ui_tutorial.py
[2026-03-28T19:37:27.354+0500] {processor.py:830} INFO - Processing file /home/abayturar/airflow-project/venv/lib/python3.12/site-packages/airflow/example_dags/example_params_ui_tutorial.py for tasks to queue
[2026-03-28T19:37:27.356+0500] {logging_mixin.py:188} INFO - [2026-03-28T19:37:27.355+0500] {dagbag.py:545} INFO - Filling up the DagBag from /home/abayturar/airflow-project/venv/lib/python3.12/site-packages/airflow/example_dags/example_params_ui_tutorial.py
[2026-03-28T19:37:27.363+0500] {processor.py:840} INFO - DAG(s) 'example_params_ui_tutorial' retrieved from /home/abayturar/airflow-project/venv/lib/python3.12/site-packages/airflow/example_dags/example_params_ui_tutorial.py
[2026-03-28T19:37:27.392+0500] {logging_mixin.py:188} INFO - [2026-03-28T19:37:27.392+0500] {dag.py:3089} INFO - Sync 1 DAGs
[2026-03-28T19:37:27.400+0500] {logging_mixin.py:188} INFO - [2026-03-28T19:37:27.400+0500] {dag.py:3947} INFO - Setting next_dagrun for example_params_ui_tutorial to None, run_after=None
[2026-03-28T19:37:27.428+0500] {processor.py:183} INFO - Processing /home/abayturar/airflow-project/venv/lib/python3.12/site-packages/airflow/example_dags/example_params_ui_tutorial.py took 0.081 seconds
[2026-03-28T19:38:19.357+0500] {processor.py:161} INFO - Started process (PID=31113) to work on /home/abayturar/airflow-project/venv/lib/python3.12/site-packages/airflow/example_dags/example_params_ui_tutorial.py
[2026-03-28T19:38:19.358+0500] {processor.py:830} INFO - Processing file /home/abayturar/airflow-project/venv/lib/python3.12/site-packages/airflow/example_dags/example_params_ui_tutorial.py for tasks to queue
[2026-03-28T19:38:19.360+0500] {logging_mixin.py:188} INFO - [2026-03-28T19:38:19.360+0500] {dagbag.py:545} INFO - Filling up the DagBag from /home/abayturar/airflow-project/venv/lib/python3.12/site-packages/airflow/example_dags/example_params_ui_tutorial.py
[2026-03-28T19:38:19.367+0500] {processor.py:840} INFO - DAG(s) 'example_params_ui_tutorial' retrieved from /home/abayturar/airflow-project/venv/lib/python3.12/site-packages/airflow/example_dags/example_params_ui_tutorial.py
[2026-03-28T19:38:19.395+0500] {logging_mixin.py:188} INFO - [2026-03-28T19:38:19.395+0500] {dag.py:3089} INFO - Sync 1 DAGs
[2026-03-28T19:38:19.403+0500] {logging_mixin.py:188} INFO - [2026-03-28T19:38:19.403+0500] {dag.py:3947} INFO - Setting next_dagrun for example_params_ui_tutorial to None, run_after=None
[2026-03-28T19:38:19.419+0500] {processor.py:183} INFO - Processing /home/abayturar/airflow-project/venv/lib/python3.12/site-packages/airflow/example_dags/example_params_ui_tutorial.py took 0.068 seconds
[2026-03-28T19:39:05.843+0500] {processor.py:161} INFO - Started process (PID=31241) to work on /home/abayturar/airflow-project/venv/lib/python3.12/site-packages/airflow/example_dags/example_params_ui_tutorial.py
[2026-03-28T19:39:05.844+0500] {processor.py:830} INFO - Processing file /home/abayturar/airflow-project/venv/lib/python3.12/site-packages/airflow/example_dags/example_params_ui_tutorial.py for tasks to queue
[2026-03-28T19:39:05.846+0500] {logging_mixin.py:188} INFO - [2026-03-28T19:39:05.846+0500] {dagbag.py:545} INFO - Filling up the DagBag from /home/abayturar/airflow-project/venv/lib/python3.12/site-packages/airflow/example_dags/example_params_ui_tutorial.py
[2026-03-28T19:39:05.855+0500] {processor.py:840} INFO - DAG(s) 'example_params_ui_tutorial' retrieved from /home/abayturar/airflow-project/venv/lib/python3.12/site-packages/airflow/example_dags/example_params_ui_tutorial.py
[2026-03-28T19:39:05.889+0500] {logging_mixin.py:188} INFO - [2026-03-28T19:39:05.889+0500] {dag.py:3089} INFO - Sync 1 DAGs
[2026-03-28T19:39:05.899+0500] {logging_mixin.py:188} INFO - [2026-03-28T19:39:05.899+0500] {dag.py:3947} INFO - Setting next_dagrun for example_params_ui_tutorial to None, run_after=None
[2026-03-28T19:39:05.925+0500] {processor.py:183} INFO - Processing /home/abayturar/airflow-project/venv/lib/python3.12/site-packages/airflow/example_dags/example_params_ui_tutorial.py took 0.089 seconds
[2026-03-28T19:39:51.273+0500] {processor.py:161} INFO - Started process (PID=31365) to work on /home/abayturar/airflow-project/venv/lib/python3.12/site-packages/airflow/example_dags/example_params_ui_tutorial.py
[2026-03-28T19:39:51.274+0500] {processor.py:830} INFO - Processing file /home/abayturar/airflow-project/venv/lib/python3.12/site-packages/airflow/example_dags/example_params_ui_tutorial.py for tasks to queue
[2026-03-28T19:39:51.276+0500] {logging_mixin.py:188} INFO - [2026-03-28T19:39:51.275+0500] {dagbag.py:545} INFO - Filling up the DagBag from /home/abayturar/airflow-project/venv/lib/python3.12/site-packages/airflow/example_dags/example_params_ui_tutorial.py
[2026-03-28T19:39:51.283+0500] {processor.py:840} INFO - DAG(s) 'example_params_ui_tutorial' retrieved from /home/abayturar/airflow-project/venv/lib/python3.12/site-packages/airflow/example_dags/example_params_ui_tutorial.py
[2026-03-28T19:39:51.313+0500] {logging_mixin.py:188} INFO - [2026-03-28T19:39:51.313+0500] {dag.py:3089} INFO - Sync 1 DAGs
[2026-03-28T19:39:51.322+0500] {logging_mixin.py:188} INFO - [2026-03-28T19:39:51.322+0500] {dag.py:3947} INFO - Setting next_dagrun for example_params_ui_tutorial to None, run_after=None
[2026-03-28T19:39:51.341+0500] {processor.py:183} INFO - Processing /home/abayturar/airflow-project/venv/lib/python3.12/site-packages/airflow/example_dags/example_params_ui_tutorial.py took 0.073 seconds
[2026-03-28T19:40:37.842+0500] {processor.py:161} INFO - Started process (PID=31490) to work on /home/abayturar/airflow-project/venv/lib/python3.12/site-packages/airflow/example_dags/example_params_ui_tutorial.py
[2026-03-28T19:40:37.843+0500] {processor.py:830} INFO - Processing file /home/abayturar/airflow-project/venv/lib/python3.12/site-packages/airflow/example_dags/example_params_ui_tutorial.py for tasks to queue
[2026-03-28T19:40:37.844+0500] {logging_mixin.py:188} INFO - [2026-03-28T19:40:37.844+0500] {dagbag.py:545} INFO - Filling up the DagBag from /home/abayturar/airflow-project/venv/lib/python3.12/site-packages/airflow/example_dags/example_params_ui_tutorial.py
[2026-03-28T19:40:37.851+0500] {processor.py:840} INFO - DAG(s) 'example_params_ui_tutorial' retrieved from /home/abayturar/airflow-project/venv/lib/python3.12/site-packages/airflow/example_dags/example_params_ui_tutorial.py
[2026-03-28T19:40:37.882+0500] {logging_mixin.py:188} INFO - [2026-03-28T19:40:37.881+0500] {dag.py:3089} INFO - Sync 1 DAGs
[2026-03-28T19:40:37.890+0500] {logging_mixin.py:188} INFO - [2026-03-28T19:40:37.890+0500] {dag.py:3947} INFO - Setting next_dagrun for example_params_ui_tutorial to None, run_after=None
[2026-03-28T19:40:37.905+0500] {processor.py:183} INFO - Processing /home/abayturar/airflow-project/venv/lib/python3.12/site-packages/airflow/example_dags/example_params_ui_tutorial.py took 0.069 seconds
[2026-03-28T19:41:42.142+0500] {processor.py:161} INFO - Started process (PID=31669) to work on /home/abayturar/airflow-project/venv/lib/python3.12/site-packages/airflow/example_dags/example_params_ui_tutorial.py
[2026-03-28T19:41:42.143+0500] {processor.py:830} INFO - Processing file /home/abayturar/airflow-project/venv/lib/python3.12/site-packages/airflow/example_dags/example_params_ui_tutorial.py for tasks to queue
[2026-03-28T19:41:42.145+0500] {logging_mixin.py:188} INFO - [2026-03-28T19:41:42.144+0500] {dagbag.py:545} INFO - Filling up the DagBag from /home/abayturar/airflow-project/venv/lib/python3.12/site-packages/airflow/example_dags/example_params_ui_tutorial.py
[2026-03-28T19:41:42.152+0500] {processor.py:840} INFO - DAG(s) 'example_params_ui_tutorial' retrieved from /home/abayturar/airflow-project/venv/lib/python3.12/site-packages/airflow/example_dags/example_params_ui_tutorial.py
[2026-03-28T19:41:42.184+0500] {logging_mixin.py:188} INFO - [2026-03-28T19:41:42.184+0500] {dag.py:3089} INFO - Sync 1 DAGs
[2026-03-28T19:41:42.193+0500] {logging_mixin.py:188} INFO - [2026-03-28T19:41:42.193+0500] {dag.py:3947} INFO - Setting next_dagrun for example_params_ui_tutorial to None, run_after=None
[2026-03-28T19:41:42.224+0500] {processor.py:183} INFO - Processing /home/abayturar/airflow-project/venv/lib/python3.12/site-packages/airflow/example_dags/example_params_ui_tutorial.py took 0.088 seconds
[2026-03-28T19:42:29.867+0500] {processor.py:161} INFO - Started process (PID=31796) to work on /home/abayturar/airflow-project/venv/lib/python3.12/site-packages/airflow/example_dags/example_params_ui_tutorial.py
[2026-03-28T19:42:29.867+0500] {processor.py:830} INFO - Processing file /home/abayturar/airflow-project/venv/lib/python3.12/site-packages/airflow/example_dags/example_params_ui_tutorial.py for tasks to queue
[2026-03-28T19:42:29.869+0500] {logging_mixin.py:188} INFO - [2026-03-28T19:42:29.869+0500] {dagbag.py:545} INFO - Filling up the DagBag from /home/abayturar/airflow-project/venv/lib/python3.12/site-packages/airflow/example_dags/example_params_ui_tutorial.py
[2026-03-28T19:42:29.876+0500] {processor.py:840} INFO - DAG(s) 'example_params_ui_tutorial' retrieved from /home/abayturar/airflow-project/venv/lib/python3.12/site-packages/airflow/example_dags/example_params_ui_tutorial.py
[2026-03-28T19:42:29.904+0500] {logging_mixin.py:188} INFO - [2026-03-28T19:42:29.904+0500] {dag.py:3089} INFO - Sync 1 DAGs
[2026-03-28T19:42:29.913+0500] {logging_mixin.py:188} INFO - [2026-03-28T19:42:29.913+0500] {dag.py:3947} INFO - Setting next_dagrun for example_params_ui_tutorial to None, run_after=None
[2026-03-28T19:42:29.940+0500] {processor.py:183} INFO - Processing /home/abayturar/airflow-project/venv/lib/python3.12/site-packages/airflow/example_dags/example_params_ui_tutorial.py took 0.079 seconds
[2026-03-28T19:43:20.574+0500] {processor.py:161} INFO - Started process (PID=31931) to work on /home/abayturar/airflow-project/venv/lib/python3.12/site-packages/airflow/example_dags/example_params_ui_tutorial.py
[2026-03-28T19:43:20.575+0500] {processor.py:830} INFO - Processing file /home/abayturar/airflow-project/venv/lib/python3.12/site-packages/airflow/example_dags/example_params_ui_tutorial.py for tasks to queue
[2026-03-28T19:43:20.576+0500] {logging_mixin.py:188} INFO - [2026-03-28T19:43:20.576+0500] {dagbag.py:545} INFO - Filling up the DagBag from /home/abayturar/airflow-project/venv/lib/python3.12/site-packages/airflow/example_dags/example_params_ui_tutorial.py
[2026-03-28T19:43:20.583+0500] {processor.py:840} INFO - DAG(s) 'example_params_ui_tutorial' retrieved from /home/abayturar/airflow-project/venv/lib/python3.12/site-packages/airflow/example_dags/example_params_ui_tutorial.py
[2026-03-28T19:43:20.611+0500] {logging_mixin.py:188} INFO - [2026-03-28T19:43:20.611+0500] {dag.py:3089} INFO - Sync 1 DAGs
[2026-03-28T19:43:20.620+0500] {logging_mixin.py:188} INFO - [2026-03-28T19:43:20.620+0500] {dag.py:3947} INFO - Setting next_dagrun for example_params_ui_tutorial to None, run_after=None
[2026-03-28T19:43:20.647+0500] {processor.py:183} INFO - Processing /home/abayturar/airflow-project/venv/lib/python3.12/site-packages/airflow/example_dags/example_params_ui_tutorial.py took 0.079 seconds
[2026-03-28T19:44:08.733+0500] {processor.py:161} INFO - Started process (PID=32059) to work on /home/abayturar/airflow-project/venv/lib/python3.12/site-packages/airflow/example_dags/example_params_ui_tutorial.py
[2026-03-28T19:44:08.734+0500] {processor.py:830} INFO - Processing file /home/abayturar/airflow-project/venv/lib/python3.12/site-packages/airflow/example_dags/example_params_ui_tutorial.py for tasks to queue
[2026-03-28T19:44:08.735+0500] {logging_mixin.py:188} INFO - [2026-03-28T19:44:08.735+0500] {dagbag.py:545} INFO - Filling up the DagBag from /home/abayturar/airflow-project/venv/lib/python3.12/site-packages/airflow/example_dags/example_params_ui_tutorial.py
[2026-03-28T19:44:08.742+0500] {processor.py:840} INFO - DAG(s) 'example_params_ui_tutorial' retrieved from /home/abayturar/airflow-project/venv/lib/python3.12/site-packages/airflow/example_dags/example_params_ui_tutorial.py
[2026-03-28T19:44:08.772+0500] {logging_mixin.py:188} INFO - [2026-03-28T19:44:08.772+0500] {dag.py:3089} INFO - Sync 1 DAGs
[2026-03-28T19:44:08.781+0500] {logging_mixin.py:188} INFO - [2026-03-28T19:44:08.781+0500] {dag.py:3947} INFO - Setting next_dagrun for example_params_ui_tutorial to None, run_after=None
[2026-03-28T19:44:08.808+0500] {processor.py:183} INFO - Processing /home/abayturar/airflow-project/venv/lib/python3.12/site-packages/airflow/example_dags/example_params_ui_tutorial.py took 0.081 seconds
[2026-03-28T19:44:54.046+0500] {processor.py:161} INFO - Started process (PID=32180) to work on /home/abayturar/airflow-project/venv/lib/python3.12/site-packages/airflow/example_dags/example_params_ui_tutorial.py
[2026-03-28T19:44:54.048+0500] {processor.py:830} INFO - Processing file /home/abayturar/airflow-project/venv/lib/python3.12/site-packages/airflow/example_dags/example_params_ui_tutorial.py for tasks to queue
[2026-03-28T19:44:54.049+0500] {logging_mixin.py:188} INFO - [2026-03-28T19:44:54.049+0500] {dagbag.py:545} INFO - Filling up the DagBag from /home/abayturar/airflow-project/venv/lib/python3.12/site-packages/airflow/example_dags/example_params_ui_tutorial.py
[2026-03-28T19:44:54.057+0500] {processor.py:840} INFO - DAG(s) 'example_params_ui_tutorial' retrieved from /home/abayturar/airflow-project/venv/lib/python3.12/site-packages/airflow/example_dags/example_params_ui_tutorial.py
[2026-03-28T19:44:54.091+0500] {logging_mixin.py:188} INFO - [2026-03-28T19:44:54.091+0500] {dag.py:3089} INFO - Sync 1 DAGs
[2026-03-28T19:44:54.101+0500] {logging_mixin.py:188} INFO - [2026-03-28T19:44:54.101+0500] {dag.py:3947} INFO - Setting next_dagrun for example_params_ui_tutorial to None, run_after=None
[2026-03-28T19:44:54.132+0500] {processor.py:183} INFO - Processing /home/abayturar/airflow-project/venv/lib/python3.12/site-packages/airflow/example_dags/example_params_ui_tutorial.py took 0.092 seconds
