[2026-03-28T15:21:13.916+0500] {processor.py:161} INFO - Started process (PID=11835) to work on /home/abayturar/airflow-project/venv/lib/python3.12/site-packages/airflow/example_dags/example_sla_dag.py
[2026-03-28T15:21:13.917+0500] {processor.py:830} INFO - Processing file /home/abayturar/airflow-project/venv/lib/python3.12/site-packages/airflow/example_dags/example_sla_dag.py for tasks to queue
[2026-03-28T15:21:13.919+0500] {logging_mixin.py:188} INFO - [2026-03-28T15:21:13.919+0500] {dagbag.py:545} INFO - Filling up the DagBag from /home/abayturar/airflow-project/venv/lib/python3.12/site-packages/airflow/example_dags/example_sla_dag.py
[2026-03-28T15:21:13.933+0500] {processor.py:840} INFO - DAG(s) 'example_sla_dag' retrieved from /home/abayturar/airflow-project/venv/lib/python3.12/site-packages/airflow/example_dags/example_sla_dag.py
[2026-03-28T15:21:14.044+0500] {logging_mixin.py:188} INFO - [2026-03-28T15:21:14.043+0500] {override.py:1858} INFO - Created Permission View: can edit on DAG:example_sla_dag
[2026-03-28T15:21:14.062+0500] {logging_mixin.py:188} INFO - [2026-03-28T15:21:14.061+0500] {override.py:1858} INFO - Created Permission View: can read on DAG:example_sla_dag
[2026-03-28T15:21:14.070+0500] {logging_mixin.py:188} INFO - [2026-03-28T15:21:14.070+0500] {override.py:1858} INFO - Created Permission View: can delete on DAG:example_sla_dag
[2026-03-28T15:21:14.070+0500] {logging_mixin.py:188} INFO - [2026-03-28T15:21:14.070+0500] {dag.py:3089} INFO - Sync 1 DAGs
[2026-03-28T15:21:14.081+0500] {logging_mixin.py:188} INFO - [2026-03-28T15:21:14.081+0500] {dag.py:3111} INFO - Creating ORM DAG for example_sla_dag
[2026-03-28T15:21:14.093+0500] {logging_mixin.py:188} INFO - [2026-03-28T15:21:14.093+0500] {dag.py:3947} INFO - Setting next_dagrun for example_sla_dag to 2026-03-28 10:18:00+00:00, run_after=2026-03-28 10:20:00+00:00
[2026-03-28T15:21:14.116+0500] {processor.py:183} INFO - Processing /home/abayturar/airflow-project/venv/lib/python3.12/site-packages/airflow/example_dags/example_sla_dag.py took 0.209 seconds
[2026-03-28T15:22:09.706+0500] {processor.py:161} INFO - Started process (PID=11984) to work on /home/abayturar/airflow-project/venv/lib/python3.12/site-packages/airflow/example_dags/example_sla_dag.py
[2026-03-28T15:22:09.707+0500] {processor.py:830} INFO - Processing file /home/abayturar/airflow-project/venv/lib/python3.12/site-packages/airflow/example_dags/example_sla_dag.py for tasks to queue
[2026-03-28T15:22:09.709+0500] {logging_mixin.py:188} INFO - [2026-03-28T15:22:09.708+0500] {dagbag.py:545} INFO - Filling up the DagBag from /home/abayturar/airflow-project/venv/lib/python3.12/site-packages/airflow/example_dags/example_sla_dag.py
[2026-03-28T15:22:09.717+0500] {processor.py:840} INFO - DAG(s) 'example_sla_dag' retrieved from /home/abayturar/airflow-project/venv/lib/python3.12/site-packages/airflow/example_dags/example_sla_dag.py
[2026-03-28T15:22:09.732+0500] {logging_mixin.py:188} INFO - [2026-03-28T15:22:09.732+0500] {dag.py:3089} INFO - Sync 1 DAGs
[2026-03-28T15:22:09.747+0500] {logging_mixin.py:188} INFO - [2026-03-28T15:22:09.747+0500] {dag.py:3947} INFO - Setting next_dagrun for example_sla_dag to 2026-03-28 10:20:00+00:00, run_after=2026-03-28 10:22:00+00:00
[2026-03-28T15:22:09.775+0500] {processor.py:183} INFO - Processing /home/abayturar/airflow-project/venv/lib/python3.12/site-packages/airflow/example_dags/example_sla_dag.py took 0.075 seconds
[2026-03-28T15:22:57.789+0500] {processor.py:161} INFO - Started process (PID=12130) to work on /home/abayturar/airflow-project/venv/lib/python3.12/site-packages/airflow/example_dags/example_sla_dag.py
[2026-03-28T15:22:57.790+0500] {processor.py:830} INFO - Processing file /home/abayturar/airflow-project/venv/lib/python3.12/site-packages/airflow/example_dags/example_sla_dag.py for tasks to queue
[2026-03-28T15:22:57.793+0500] {logging_mixin.py:188} INFO - [2026-03-28T15:22:57.792+0500] {dagbag.py:545} INFO - Filling up the DagBag from /home/abayturar/airflow-project/venv/lib/python3.12/site-packages/airflow/example_dags/example_sla_dag.py
[2026-03-28T15:22:57.802+0500] {processor.py:840} INFO - DAG(s) 'example_sla_dag' retrieved from /home/abayturar/airflow-project/venv/lib/python3.12/site-packages/airflow/example_dags/example_sla_dag.py
[2026-03-28T15:22:57.819+0500] {logging_mixin.py:188} INFO - [2026-03-28T15:22:57.818+0500] {dag.py:3089} INFO - Sync 1 DAGs
[2026-03-28T15:22:57.835+0500] {logging_mixin.py:188} INFO - [2026-03-28T15:22:57.835+0500] {dag.py:3947} INFO - Setting next_dagrun for example_sla_dag to 2026-03-28 10:20:00+00:00, run_after=2026-03-28 10:22:00+00:00
[2026-03-28T15:22:57.863+0500] {processor.py:183} INFO - Processing /home/abayturar/airflow-project/venv/lib/python3.12/site-packages/airflow/example_dags/example_sla_dag.py took 0.080 seconds
[2026-03-28T15:23:44.309+0500] {processor.py:161} INFO - Started process (PID=12262) to work on /home/abayturar/airflow-project/venv/lib/python3.12/site-packages/airflow/example_dags/example_sla_dag.py
[2026-03-28T15:23:44.310+0500] {processor.py:830} INFO - Processing file /home/abayturar/airflow-project/venv/lib/python3.12/site-packages/airflow/example_dags/example_sla_dag.py for tasks to queue
[2026-03-28T15:23:44.312+0500] {logging_mixin.py:188} INFO - [2026-03-28T15:23:44.312+0500] {dagbag.py:545} INFO - Filling up the DagBag from /home/abayturar/airflow-project/venv/lib/python3.12/site-packages/airflow/example_dags/example_sla_dag.py
[2026-03-28T15:23:44.321+0500] {processor.py:840} INFO - DAG(s) 'example_sla_dag' retrieved from /home/abayturar/airflow-project/venv/lib/python3.12/site-packages/airflow/example_dags/example_sla_dag.py
[2026-03-28T15:23:44.336+0500] {logging_mixin.py:188} INFO - [2026-03-28T15:23:44.336+0500] {dag.py:3089} INFO - Sync 1 DAGs
[2026-03-28T15:23:44.351+0500] {logging_mixin.py:188} INFO - [2026-03-28T15:23:44.351+0500] {dag.py:3947} INFO - Setting next_dagrun for example_sla_dag to 2026-03-28 10:20:00+00:00, run_after=2026-03-28 10:22:00+00:00
[2026-03-28T15:23:44.378+0500] {processor.py:183} INFO - Processing /home/abayturar/airflow-project/venv/lib/python3.12/site-packages/airflow/example_dags/example_sla_dag.py took 0.075 seconds
[2026-03-28T15:24:33.622+0500] {processor.py:161} INFO - Started process (PID=12400) to work on /home/abayturar/airflow-project/venv/lib/python3.12/site-packages/airflow/example_dags/example_sla_dag.py
[2026-03-28T15:24:33.623+0500] {processor.py:830} INFO - Processing file /home/abayturar/airflow-project/venv/lib/python3.12/site-packages/airflow/example_dags/example_sla_dag.py for tasks to queue
[2026-03-28T15:24:33.624+0500] {logging_mixin.py:188} INFO - [2026-03-28T15:24:33.624+0500] {dagbag.py:545} INFO - Filling up the DagBag from /home/abayturar/airflow-project/venv/lib/python3.12/site-packages/airflow/example_dags/example_sla_dag.py
[2026-03-28T15:24:33.634+0500] {processor.py:840} INFO - DAG(s) 'example_sla_dag' retrieved from /home/abayturar/airflow-project/venv/lib/python3.12/site-packages/airflow/example_dags/example_sla_dag.py
[2026-03-28T15:24:33.649+0500] {logging_mixin.py:188} INFO - [2026-03-28T15:24:33.649+0500] {dag.py:3089} INFO - Sync 1 DAGs
[2026-03-28T15:24:33.667+0500] {logging_mixin.py:188} INFO - [2026-03-28T15:24:33.667+0500] {dag.py:3947} INFO - Setting next_dagrun for example_sla_dag to 2026-03-28 10:22:00+00:00, run_after=2026-03-28 10:24:00+00:00
[2026-03-28T15:24:33.688+0500] {processor.py:183} INFO - Processing /home/abayturar/airflow-project/venv/lib/python3.12/site-packages/airflow/example_dags/example_sla_dag.py took 0.073 seconds
[2026-03-28T15:25:54.128+0500] {processor.py:161} INFO - Started process (PID=12602) to work on /home/abayturar/airflow-project/venv/lib/python3.12/site-packages/airflow/example_dags/example_sla_dag.py
[2026-03-28T15:25:54.129+0500] {processor.py:830} INFO - Processing file /home/abayturar/airflow-project/venv/lib/python3.12/site-packages/airflow/example_dags/example_sla_dag.py for tasks to queue
[2026-03-28T15:25:54.130+0500] {logging_mixin.py:188} INFO - [2026-03-28T15:25:54.130+0500] {dagbag.py:545} INFO - Filling up the DagBag from /home/abayturar/airflow-project/venv/lib/python3.12/site-packages/airflow/example_dags/example_sla_dag.py
[2026-03-28T15:25:54.141+0500] {processor.py:840} INFO - DAG(s) 'example_sla_dag' retrieved from /home/abayturar/airflow-project/venv/lib/python3.12/site-packages/airflow/example_dags/example_sla_dag.py
[2026-03-28T15:25:54.158+0500] {logging_mixin.py:188} INFO - [2026-03-28T15:25:54.157+0500] {dag.py:3089} INFO - Sync 1 DAGs
[2026-03-28T15:25:54.173+0500] {logging_mixin.py:188} INFO - [2026-03-28T15:25:54.173+0500] {dag.py:3947} INFO - Setting next_dagrun for example_sla_dag to 2026-03-28 10:22:00+00:00, run_after=2026-03-28 10:24:00+00:00
[2026-03-28T15:25:54.191+0500] {processor.py:183} INFO - Processing /home/abayturar/airflow-project/venv/lib/python3.12/site-packages/airflow/example_dags/example_sla_dag.py took 0.069 seconds
[2026-03-28T15:27:00.559+0500] {processor.py:161} INFO - Started process (PID=12783) to work on /home/abayturar/airflow-project/venv/lib/python3.12/site-packages/airflow/example_dags/example_sla_dag.py
[2026-03-28T15:27:00.560+0500] {processor.py:830} INFO - Processing file /home/abayturar/airflow-project/venv/lib/python3.12/site-packages/airflow/example_dags/example_sla_dag.py for tasks to queue
[2026-03-28T15:27:00.562+0500] {logging_mixin.py:188} INFO - [2026-03-28T15:27:00.561+0500] {dagbag.py:545} INFO - Filling up the DagBag from /home/abayturar/airflow-project/venv/lib/python3.12/site-packages/airflow/example_dags/example_sla_dag.py
[2026-03-28T15:27:00.572+0500] {processor.py:840} INFO - DAG(s) 'example_sla_dag' retrieved from /home/abayturar/airflow-project/venv/lib/python3.12/site-packages/airflow/example_dags/example_sla_dag.py
[2026-03-28T15:27:00.581+0500] {logging_mixin.py:188} INFO - [2026-03-28T15:27:00.581+0500] {dag.py:3089} INFO - Sync 1 DAGs
[2026-03-28T15:27:00.596+0500] {logging_mixin.py:188} INFO - [2026-03-28T15:27:00.596+0500] {dag.py:3947} INFO - Setting next_dagrun for example_sla_dag to 2026-03-28 10:24:00+00:00, run_after=2026-03-28 10:26:00+00:00
[2026-03-28T15:27:00.622+0500] {processor.py:183} INFO - Processing /home/abayturar/airflow-project/venv/lib/python3.12/site-packages/airflow/example_dags/example_sla_dag.py took 0.068 seconds
[2026-03-28T18:17:34.944+0500] {processor.py:161} INFO - Started process (PID=17909) to work on /home/abayturar/airflow-project/venv/lib/python3.12/site-packages/airflow/example_dags/example_sla_dag.py
[2026-03-28T18:17:34.946+0500] {processor.py:830} INFO - Processing file /home/abayturar/airflow-project/venv/lib/python3.12/site-packages/airflow/example_dags/example_sla_dag.py for tasks to queue
[2026-03-28T18:17:34.949+0500] {logging_mixin.py:188} INFO - [2026-03-28T18:17:34.948+0500] {dagbag.py:545} INFO - Filling up the DagBag from /home/abayturar/airflow-project/venv/lib/python3.12/site-packages/airflow/example_dags/example_sla_dag.py
[2026-03-28T18:17:34.961+0500] {processor.py:840} INFO - DAG(s) 'example_sla_dag' retrieved from /home/abayturar/airflow-project/venv/lib/python3.12/site-packages/airflow/example_dags/example_sla_dag.py
[2026-03-28T18:17:35.066+0500] {logging_mixin.py:188} INFO - [2026-03-28T18:17:35.065+0500] {override.py:1858} INFO - Created Permission View: can edit on DAG:example_sla_dag
[2026-03-28T18:17:35.074+0500] {logging_mixin.py:188} INFO - [2026-03-28T18:17:35.074+0500] {override.py:1858} INFO - Created Permission View: can delete on DAG:example_sla_dag
[2026-03-28T18:17:35.080+0500] {logging_mixin.py:188} INFO - [2026-03-28T18:17:35.080+0500] {override.py:1858} INFO - Created Permission View: can read on DAG:example_sla_dag
[2026-03-28T18:17:35.081+0500] {logging_mixin.py:188} INFO - [2026-03-28T18:17:35.080+0500] {dag.py:3089} INFO - Sync 1 DAGs
[2026-03-28T18:17:35.088+0500] {logging_mixin.py:188} INFO - [2026-03-28T18:17:35.088+0500] {dag.py:3111} INFO - Creating ORM DAG for example_sla_dag
[2026-03-28T18:17:35.096+0500] {logging_mixin.py:188} INFO - [2026-03-28T18:17:35.095+0500] {dag.py:3947} INFO - Setting next_dagrun for example_sla_dag to 2026-03-28 13:14:00+00:00, run_after=2026-03-28 13:16:00+00:00
[2026-03-28T18:17:35.111+0500] {processor.py:183} INFO - Processing /home/abayturar/airflow-project/venv/lib/python3.12/site-packages/airflow/example_dags/example_sla_dag.py took 0.173 seconds
[2026-03-28T18:18:28.710+0500] {processor.py:161} INFO - Started process (PID=18051) to work on /home/abayturar/airflow-project/venv/lib/python3.12/site-packages/airflow/example_dags/example_sla_dag.py
[2026-03-28T18:18:28.711+0500] {processor.py:830} INFO - Processing file /home/abayturar/airflow-project/venv/lib/python3.12/site-packages/airflow/example_dags/example_sla_dag.py for tasks to queue
[2026-03-28T18:18:28.713+0500] {logging_mixin.py:188} INFO - [2026-03-28T18:18:28.712+0500] {dagbag.py:545} INFO - Filling up the DagBag from /home/abayturar/airflow-project/venv/lib/python3.12/site-packages/airflow/example_dags/example_sla_dag.py
[2026-03-28T18:18:28.721+0500] {processor.py:840} INFO - DAG(s) 'example_sla_dag' retrieved from /home/abayturar/airflow-project/venv/lib/python3.12/site-packages/airflow/example_dags/example_sla_dag.py
[2026-03-28T18:18:28.737+0500] {logging_mixin.py:188} INFO - [2026-03-28T18:18:28.737+0500] {dag.py:3089} INFO - Sync 1 DAGs
[2026-03-28T18:18:28.755+0500] {logging_mixin.py:188} INFO - [2026-03-28T18:18:28.755+0500] {dag.py:3947} INFO - Setting next_dagrun for example_sla_dag to 2026-03-28 13:16:00+00:00, run_after=2026-03-28 13:18:00+00:00
[2026-03-28T18:18:28.785+0500] {processor.py:183} INFO - Processing /home/abayturar/airflow-project/venv/lib/python3.12/site-packages/airflow/example_dags/example_sla_dag.py took 0.081 seconds
[2026-03-28T18:22:18.018+0500] {processor.py:161} INFO - Started process (PID=18565) to work on /home/abayturar/airflow-project/venv/lib/python3.12/site-packages/airflow/example_dags/example_sla_dag.py
[2026-03-28T18:22:18.020+0500] {processor.py:830} INFO - Processing file /home/abayturar/airflow-project/venv/lib/python3.12/site-packages/airflow/example_dags/example_sla_dag.py for tasks to queue
[2026-03-28T18:22:18.021+0500] {logging_mixin.py:188} INFO - [2026-03-28T18:22:18.021+0500] {dagbag.py:545} INFO - Filling up the DagBag from /home/abayturar/airflow-project/venv/lib/python3.12/site-packages/airflow/example_dags/example_sla_dag.py
[2026-03-28T18:22:18.035+0500] {processor.py:840} INFO - DAG(s) 'example_sla_dag' retrieved from /home/abayturar/airflow-project/venv/lib/python3.12/site-packages/airflow/example_dags/example_sla_dag.py
[2026-03-28T18:22:18.055+0500] {logging_mixin.py:188} INFO - [2026-03-28T18:22:18.055+0500] {dag.py:3089} INFO - Sync 1 DAGs
[2026-03-28T18:22:18.074+0500] {logging_mixin.py:188} INFO - [2026-03-28T18:22:18.074+0500] {dag.py:3947} INFO - Setting next_dagrun for example_sla_dag to 2026-03-28 13:20:00+00:00, run_after=2026-03-28 13:22:00+00:00
[2026-03-28T18:22:18.092+0500] {processor.py:183} INFO - Processing /home/abayturar/airflow-project/venv/lib/python3.12/site-packages/airflow/example_dags/example_sla_dag.py took 0.081 seconds
[2026-03-28T18:23:13.831+0500] {processor.py:161} INFO - Started process (PID=18737) to work on /home/abayturar/airflow-project/venv/lib/python3.12/site-packages/airflow/example_dags/example_sla_dag.py
[2026-03-28T18:23:13.832+0500] {processor.py:830} INFO - Processing file /home/abayturar/airflow-project/venv/lib/python3.12/site-packages/airflow/example_dags/example_sla_dag.py for tasks to queue
[2026-03-28T18:23:13.834+0500] {logging_mixin.py:188} INFO - [2026-03-28T18:23:13.834+0500] {dagbag.py:545} INFO - Filling up the DagBag from /home/abayturar/airflow-project/venv/lib/python3.12/site-packages/airflow/example_dags/example_sla_dag.py
[2026-03-28T18:23:13.843+0500] {processor.py:840} INFO - DAG(s) 'example_sla_dag' retrieved from /home/abayturar/airflow-project/venv/lib/python3.12/site-packages/airflow/example_dags/example_sla_dag.py
[2026-03-28T18:23:13.861+0500] {logging_mixin.py:188} INFO - [2026-03-28T18:23:13.861+0500] {dag.py:3089} INFO - Sync 1 DAGs
[2026-03-28T18:23:13.889+0500] {logging_mixin.py:188} INFO - [2026-03-28T18:23:13.889+0500] {dag.py:3947} INFO - Setting next_dagrun for example_sla_dag to 2026-03-28 13:20:00+00:00, run_after=2026-03-28 13:22:00+00:00
[2026-03-28T18:23:13.923+0500] {processor.py:183} INFO - Processing /home/abayturar/airflow-project/venv/lib/python3.12/site-packages/airflow/example_dags/example_sla_dag.py took 0.100 seconds
[2026-03-28T18:24:07.247+0500] {processor.py:161} INFO - Started process (PID=18879) to work on /home/abayturar/airflow-project/venv/lib/python3.12/site-packages/airflow/example_dags/example_sla_dag.py
[2026-03-28T18:24:07.248+0500] {processor.py:830} INFO - Processing file /home/abayturar/airflow-project/venv/lib/python3.12/site-packages/airflow/example_dags/example_sla_dag.py for tasks to queue
[2026-03-28T18:24:07.249+0500] {logging_mixin.py:188} INFO - [2026-03-28T18:24:07.249+0500] {dagbag.py:545} INFO - Filling up the DagBag from /home/abayturar/airflow-project/venv/lib/python3.12/site-packages/airflow/example_dags/example_sla_dag.py
[2026-03-28T18:24:07.257+0500] {processor.py:840} INFO - DAG(s) 'example_sla_dag' retrieved from /home/abayturar/airflow-project/venv/lib/python3.12/site-packages/airflow/example_dags/example_sla_dag.py
[2026-03-28T18:24:07.272+0500] {logging_mixin.py:188} INFO - [2026-03-28T18:24:07.272+0500] {dag.py:3089} INFO - Sync 1 DAGs
[2026-03-28T18:24:07.287+0500] {logging_mixin.py:188} INFO - [2026-03-28T18:24:07.287+0500] {dag.py:3947} INFO - Setting next_dagrun for example_sla_dag to 2026-03-28 13:22:00+00:00, run_after=2026-03-28 13:24:00+00:00
[2026-03-28T18:24:07.314+0500] {processor.py:183} INFO - Processing /home/abayturar/airflow-project/venv/lib/python3.12/site-packages/airflow/example_dags/example_sla_dag.py took 0.074 seconds
[2026-03-28T18:24:55.953+0500] {processor.py:161} INFO - Started process (PID=19005) to work on /home/abayturar/airflow-project/venv/lib/python3.12/site-packages/airflow/example_dags/example_sla_dag.py
[2026-03-28T18:24:55.954+0500] {processor.py:830} INFO - Processing file /home/abayturar/airflow-project/venv/lib/python3.12/site-packages/airflow/example_dags/example_sla_dag.py for tasks to queue
[2026-03-28T18:24:55.956+0500] {logging_mixin.py:188} INFO - [2026-03-28T18:24:55.956+0500] {dagbag.py:545} INFO - Filling up the DagBag from /home/abayturar/airflow-project/venv/lib/python3.12/site-packages/airflow/example_dags/example_sla_dag.py
[2026-03-28T18:24:55.966+0500] {processor.py:840} INFO - DAG(s) 'example_sla_dag' retrieved from /home/abayturar/airflow-project/venv/lib/python3.12/site-packages/airflow/example_dags/example_sla_dag.py
[2026-03-28T18:24:55.985+0500] {logging_mixin.py:188} INFO - [2026-03-28T18:24:55.984+0500] {dag.py:3089} INFO - Sync 1 DAGs
[2026-03-28T18:24:56.001+0500] {logging_mixin.py:188} INFO - [2026-03-28T18:24:56.001+0500] {dag.py:3947} INFO - Setting next_dagrun for example_sla_dag to 2026-03-28 13:22:00+00:00, run_after=2026-03-28 13:24:00+00:00
[2026-03-28T18:24:56.031+0500] {processor.py:183} INFO - Processing /home/abayturar/airflow-project/venv/lib/python3.12/site-packages/airflow/example_dags/example_sla_dag.py took 0.085 seconds
[2026-03-28T18:25:41.166+0500] {processor.py:161} INFO - Started process (PID=19129) to work on /home/abayturar/airflow-project/venv/lib/python3.12/site-packages/airflow/example_dags/example_sla_dag.py
[2026-03-28T18:25:41.168+0500] {processor.py:830} INFO - Processing file /home/abayturar/airflow-project/venv/lib/python3.12/site-packages/airflow/example_dags/example_sla_dag.py for tasks to queue
[2026-03-28T18:25:41.170+0500] {logging_mixin.py:188} INFO - [2026-03-28T18:25:41.169+0500] {dagbag.py:545} INFO - Filling up the DagBag from /home/abayturar/airflow-project/venv/lib/python3.12/site-packages/airflow/example_dags/example_sla_dag.py
[2026-03-28T18:25:41.186+0500] {processor.py:840} INFO - DAG(s) 'example_sla_dag' retrieved from /home/abayturar/airflow-project/venv/lib/python3.12/site-packages/airflow/example_dags/example_sla_dag.py
[2026-03-28T18:25:41.206+0500] {logging_mixin.py:188} INFO - [2026-03-28T18:25:41.205+0500] {dag.py:3089} INFO - Sync 1 DAGs
[2026-03-28T18:25:41.230+0500] {logging_mixin.py:188} INFO - [2026-03-28T18:25:41.230+0500] {dag.py:3947} INFO - Setting next_dagrun for example_sla_dag to 2026-03-28 13:22:00+00:00, run_after=2026-03-28 13:24:00+00:00
[2026-03-28T18:25:41.271+0500] {processor.py:183} INFO - Processing /home/abayturar/airflow-project/venv/lib/python3.12/site-packages/airflow/example_dags/example_sla_dag.py took 0.115 seconds
[2026-03-28T18:26:29.648+0500] {processor.py:161} INFO - Started process (PID=19259) to work on /home/abayturar/airflow-project/venv/lib/python3.12/site-packages/airflow/example_dags/example_sla_dag.py
[2026-03-28T18:26:29.648+0500] {processor.py:830} INFO - Processing file /home/abayturar/airflow-project/venv/lib/python3.12/site-packages/airflow/example_dags/example_sla_dag.py for tasks to queue
[2026-03-28T18:26:29.650+0500] {logging_mixin.py:188} INFO - [2026-03-28T18:26:29.650+0500] {dagbag.py:545} INFO - Filling up the DagBag from /home/abayturar/airflow-project/venv/lib/python3.12/site-packages/airflow/example_dags/example_sla_dag.py
[2026-03-28T18:26:29.658+0500] {processor.py:840} INFO - DAG(s) 'example_sla_dag' retrieved from /home/abayturar/airflow-project/venv/lib/python3.12/site-packages/airflow/example_dags/example_sla_dag.py
[2026-03-28T18:26:29.673+0500] {logging_mixin.py:188} INFO - [2026-03-28T18:26:29.673+0500] {dag.py:3089} INFO - Sync 1 DAGs
[2026-03-28T18:26:29.688+0500] {logging_mixin.py:188} INFO - [2026-03-28T18:26:29.688+0500] {dag.py:3947} INFO - Setting next_dagrun for example_sla_dag to 2026-03-28 13:24:00+00:00, run_after=2026-03-28 13:26:00+00:00
[2026-03-28T18:26:29.716+0500] {processor.py:183} INFO - Processing /home/abayturar/airflow-project/venv/lib/python3.12/site-packages/airflow/example_dags/example_sla_dag.py took 0.074 seconds
[2026-03-28T18:27:18.067+0500] {processor.py:161} INFO - Started process (PID=19390) to work on /home/abayturar/airflow-project/venv/lib/python3.12/site-packages/airflow/example_dags/example_sla_dag.py
[2026-03-28T18:27:18.068+0500] {processor.py:830} INFO - Processing file /home/abayturar/airflow-project/venv/lib/python3.12/site-packages/airflow/example_dags/example_sla_dag.py for tasks to queue
[2026-03-28T18:27:18.069+0500] {logging_mixin.py:188} INFO - [2026-03-28T18:27:18.069+0500] {dagbag.py:545} INFO - Filling up the DagBag from /home/abayturar/airflow-project/venv/lib/python3.12/site-packages/airflow/example_dags/example_sla_dag.py
[2026-03-28T18:27:18.078+0500] {processor.py:840} INFO - DAG(s) 'example_sla_dag' retrieved from /home/abayturar/airflow-project/venv/lib/python3.12/site-packages/airflow/example_dags/example_sla_dag.py
[2026-03-28T18:27:18.094+0500] {logging_mixin.py:188} INFO - [2026-03-28T18:27:18.094+0500] {dag.py:3089} INFO - Sync 1 DAGs
[2026-03-28T18:27:18.110+0500] {logging_mixin.py:188} INFO - [2026-03-28T18:27:18.110+0500] {dag.py:3947} INFO - Setting next_dagrun for example_sla_dag to 2026-03-28 13:24:00+00:00, run_after=2026-03-28 13:26:00+00:00
[2026-03-28T18:27:18.138+0500] {processor.py:183} INFO - Processing /home/abayturar/airflow-project/venv/lib/python3.12/site-packages/airflow/example_dags/example_sla_dag.py took 0.077 seconds
[2026-03-28T18:28:12.628+0500] {processor.py:161} INFO - Started process (PID=19546) to work on /home/abayturar/airflow-project/venv/lib/python3.12/site-packages/airflow/example_dags/example_sla_dag.py
[2026-03-28T18:28:12.628+0500] {processor.py:830} INFO - Processing file /home/abayturar/airflow-project/venv/lib/python3.12/site-packages/airflow/example_dags/example_sla_dag.py for tasks to queue
[2026-03-28T18:28:12.631+0500] {logging_mixin.py:188} INFO - [2026-03-28T18:28:12.630+0500] {dagbag.py:545} INFO - Filling up the DagBag from /home/abayturar/airflow-project/venv/lib/python3.12/site-packages/airflow/example_dags/example_sla_dag.py
[2026-03-28T18:28:12.640+0500] {processor.py:840} INFO - DAG(s) 'example_sla_dag' retrieved from /home/abayturar/airflow-project/venv/lib/python3.12/site-packages/airflow/example_dags/example_sla_dag.py
[2026-03-28T18:28:12.656+0500] {logging_mixin.py:188} INFO - [2026-03-28T18:28:12.656+0500] {dag.py:3089} INFO - Sync 1 DAGs
[2026-03-28T18:28:12.673+0500] {logging_mixin.py:188} INFO - [2026-03-28T18:28:12.673+0500] {dag.py:3947} INFO - Setting next_dagrun for example_sla_dag to 2026-03-28 13:26:00+00:00, run_after=2026-03-28 13:28:00+00:00
[2026-03-28T18:28:12.702+0500] {processor.py:183} INFO - Processing /home/abayturar/airflow-project/venv/lib/python3.12/site-packages/airflow/example_dags/example_sla_dag.py took 0.081 seconds
[2026-03-28T18:29:05.071+0500] {processor.py:161} INFO - Started process (PID=19681) to work on /home/abayturar/airflow-project/venv/lib/python3.12/site-packages/airflow/example_dags/example_sla_dag.py
[2026-03-28T18:29:05.072+0500] {processor.py:830} INFO - Processing file /home/abayturar/airflow-project/venv/lib/python3.12/site-packages/airflow/example_dags/example_sla_dag.py for tasks to queue
[2026-03-28T18:29:05.074+0500] {logging_mixin.py:188} INFO - [2026-03-28T18:29:05.074+0500] {dagbag.py:545} INFO - Filling up the DagBag from /home/abayturar/airflow-project/venv/lib/python3.12/site-packages/airflow/example_dags/example_sla_dag.py
[2026-03-28T18:29:05.086+0500] {processor.py:840} INFO - DAG(s) 'example_sla_dag' retrieved from /home/abayturar/airflow-project/venv/lib/python3.12/site-packages/airflow/example_dags/example_sla_dag.py
[2026-03-28T18:29:05.104+0500] {logging_mixin.py:188} INFO - [2026-03-28T18:29:05.104+0500] {dag.py:3089} INFO - Sync 1 DAGs
[2026-03-28T18:29:05.121+0500] {logging_mixin.py:188} INFO - [2026-03-28T18:29:05.121+0500] {dag.py:3947} INFO - Setting next_dagrun for example_sla_dag to 2026-03-28 13:26:00+00:00, run_after=2026-03-28 13:28:00+00:00
[2026-03-28T18:29:05.138+0500] {processor.py:183} INFO - Processing /home/abayturar/airflow-project/venv/lib/python3.12/site-packages/airflow/example_dags/example_sla_dag.py took 0.074 seconds
[2026-03-28T18:29:55.812+0500] {processor.py:161} INFO - Started process (PID=19816) to work on /home/abayturar/airflow-project/venv/lib/python3.12/site-packages/airflow/example_dags/example_sla_dag.py
[2026-03-28T18:29:55.813+0500] {processor.py:830} INFO - Processing file /home/abayturar/airflow-project/venv/lib/python3.12/site-packages/airflow/example_dags/example_sla_dag.py for tasks to queue
[2026-03-28T18:29:55.815+0500] {logging_mixin.py:188} INFO - [2026-03-28T18:29:55.815+0500] {dagbag.py:545} INFO - Filling up the DagBag from /home/abayturar/airflow-project/venv/lib/python3.12/site-packages/airflow/example_dags/example_sla_dag.py
[2026-03-28T18:29:55.825+0500] {processor.py:840} INFO - DAG(s) 'example_sla_dag' retrieved from /home/abayturar/airflow-project/venv/lib/python3.12/site-packages/airflow/example_dags/example_sla_dag.py
[2026-03-28T18:29:55.845+0500] {logging_mixin.py:188} INFO - [2026-03-28T18:29:55.844+0500] {dag.py:3089} INFO - Sync 1 DAGs
[2026-03-28T18:29:55.866+0500] {logging_mixin.py:188} INFO - [2026-03-28T18:29:55.865+0500] {dag.py:3947} INFO - Setting next_dagrun for example_sla_dag to 2026-03-28 13:26:00+00:00, run_after=2026-03-28 13:28:00+00:00
[2026-03-28T18:29:55.885+0500] {processor.py:183} INFO - Processing /home/abayturar/airflow-project/venv/lib/python3.12/site-packages/airflow/example_dags/example_sla_dag.py took 0.079 seconds
[2026-03-28T18:30:42.182+0500] {processor.py:161} INFO - Started process (PID=19942) to work on /home/abayturar/airflow-project/venv/lib/python3.12/site-packages/airflow/example_dags/example_sla_dag.py
[2026-03-28T18:30:42.183+0500] {processor.py:830} INFO - Processing file /home/abayturar/airflow-project/venv/lib/python3.12/site-packages/airflow/example_dags/example_sla_dag.py for tasks to queue
[2026-03-28T18:30:42.185+0500] {logging_mixin.py:188} INFO - [2026-03-28T18:30:42.184+0500] {dagbag.py:545} INFO - Filling up the DagBag from /home/abayturar/airflow-project/venv/lib/python3.12/site-packages/airflow/example_dags/example_sla_dag.py
[2026-03-28T18:30:42.193+0500] {processor.py:840} INFO - DAG(s) 'example_sla_dag' retrieved from /home/abayturar/airflow-project/venv/lib/python3.12/site-packages/airflow/example_dags/example_sla_dag.py
[2026-03-28T18:30:42.206+0500] {logging_mixin.py:188} INFO - [2026-03-28T18:30:42.206+0500] {dag.py:3089} INFO - Sync 1 DAGs
[2026-03-28T18:30:42.221+0500] {logging_mixin.py:188} INFO - [2026-03-28T18:30:42.221+0500] {dag.py:3947} INFO - Setting next_dagrun for example_sla_dag to 2026-03-28 13:28:00+00:00, run_after=2026-03-28 13:30:00+00:00
[2026-03-28T18:30:42.248+0500] {processor.py:183} INFO - Processing /home/abayturar/airflow-project/venv/lib/python3.12/site-packages/airflow/example_dags/example_sla_dag.py took 0.072 seconds
[2026-03-28T18:31:27.203+0500] {processor.py:161} INFO - Started process (PID=20073) to work on /home/abayturar/airflow-project/venv/lib/python3.12/site-packages/airflow/example_dags/example_sla_dag.py
[2026-03-28T18:31:27.204+0500] {processor.py:830} INFO - Processing file /home/abayturar/airflow-project/venv/lib/python3.12/site-packages/airflow/example_dags/example_sla_dag.py for tasks to queue
[2026-03-28T18:31:27.206+0500] {logging_mixin.py:188} INFO - [2026-03-28T18:31:27.205+0500] {dagbag.py:545} INFO - Filling up the DagBag from /home/abayturar/airflow-project/venv/lib/python3.12/site-packages/airflow/example_dags/example_sla_dag.py
[2026-03-28T18:31:27.215+0500] {processor.py:840} INFO - DAG(s) 'example_sla_dag' retrieved from /home/abayturar/airflow-project/venv/lib/python3.12/site-packages/airflow/example_dags/example_sla_dag.py
[2026-03-28T18:31:27.231+0500] {logging_mixin.py:188} INFO - [2026-03-28T18:31:27.231+0500] {dag.py:3089} INFO - Sync 1 DAGs
[2026-03-28T18:31:27.250+0500] {logging_mixin.py:188} INFO - [2026-03-28T18:31:27.249+0500] {dag.py:3947} INFO - Setting next_dagrun for example_sla_dag to 2026-03-28 13:28:00+00:00, run_after=2026-03-28 13:30:00+00:00
[2026-03-28T18:31:27.269+0500] {processor.py:183} INFO - Processing /home/abayturar/airflow-project/venv/lib/python3.12/site-packages/airflow/example_dags/example_sla_dag.py took 0.073 seconds
[2026-03-28T18:32:11.801+0500] {processor.py:161} INFO - Started process (PID=20192) to work on /home/abayturar/airflow-project/venv/lib/python3.12/site-packages/airflow/example_dags/example_sla_dag.py
[2026-03-28T18:32:11.801+0500] {processor.py:830} INFO - Processing file /home/abayturar/airflow-project/venv/lib/python3.12/site-packages/airflow/example_dags/example_sla_dag.py for tasks to queue
[2026-03-28T18:32:11.803+0500] {logging_mixin.py:188} INFO - [2026-03-28T18:32:11.803+0500] {dagbag.py:545} INFO - Filling up the DagBag from /home/abayturar/airflow-project/venv/lib/python3.12/site-packages/airflow/example_dags/example_sla_dag.py
[2026-03-28T18:32:11.813+0500] {processor.py:840} INFO - DAG(s) 'example_sla_dag' retrieved from /home/abayturar/airflow-project/venv/lib/python3.12/site-packages/airflow/example_dags/example_sla_dag.py
[2026-03-28T18:32:11.831+0500] {logging_mixin.py:188} INFO - [2026-03-28T18:32:11.831+0500] {dag.py:3089} INFO - Sync 1 DAGs
[2026-03-28T18:32:11.849+0500] {logging_mixin.py:188} INFO - [2026-03-28T18:32:11.849+0500] {dag.py:3947} INFO - Setting next_dagrun for example_sla_dag to 2026-03-28 13:30:00+00:00, run_after=2026-03-28 13:32:00+00:00
[2026-03-28T18:32:11.880+0500] {processor.py:183} INFO - Processing /home/abayturar/airflow-project/venv/lib/python3.12/site-packages/airflow/example_dags/example_sla_dag.py took 0.086 seconds
[2026-03-28T18:33:00.312+0500] {processor.py:161} INFO - Started process (PID=20321) to work on /home/abayturar/airflow-project/venv/lib/python3.12/site-packages/airflow/example_dags/example_sla_dag.py
[2026-03-28T18:33:00.313+0500] {processor.py:830} INFO - Processing file /home/abayturar/airflow-project/venv/lib/python3.12/site-packages/airflow/example_dags/example_sla_dag.py for tasks to queue
[2026-03-28T18:33:00.314+0500] {logging_mixin.py:188} INFO - [2026-03-28T18:33:00.314+0500] {dagbag.py:545} INFO - Filling up the DagBag from /home/abayturar/airflow-project/venv/lib/python3.12/site-packages/airflow/example_dags/example_sla_dag.py
[2026-03-28T18:33:00.323+0500] {processor.py:840} INFO - DAG(s) 'example_sla_dag' retrieved from /home/abayturar/airflow-project/venv/lib/python3.12/site-packages/airflow/example_dags/example_sla_dag.py
[2026-03-28T18:33:00.338+0500] {logging_mixin.py:188} INFO - [2026-03-28T18:33:00.338+0500] {dag.py:3089} INFO - Sync 1 DAGs
[2026-03-28T18:33:00.353+0500] {logging_mixin.py:188} INFO - [2026-03-28T18:33:00.353+0500] {dag.py:3947} INFO - Setting next_dagrun for example_sla_dag to 2026-03-28 13:30:00+00:00, run_after=2026-03-28 13:32:00+00:00
[2026-03-28T18:33:00.381+0500] {processor.py:183} INFO - Processing /home/abayturar/airflow-project/venv/lib/python3.12/site-packages/airflow/example_dags/example_sla_dag.py took 0.075 seconds
[2026-03-28T18:33:53.539+0500] {processor.py:161} INFO - Started process (PID=20460) to work on /home/abayturar/airflow-project/venv/lib/python3.12/site-packages/airflow/example_dags/example_sla_dag.py
[2026-03-28T18:33:53.540+0500] {processor.py:830} INFO - Processing file /home/abayturar/airflow-project/venv/lib/python3.12/site-packages/airflow/example_dags/example_sla_dag.py for tasks to queue
[2026-03-28T18:33:53.542+0500] {logging_mixin.py:188} INFO - [2026-03-28T18:33:53.542+0500] {dagbag.py:545} INFO - Filling up the DagBag from /home/abayturar/airflow-project/venv/lib/python3.12/site-packages/airflow/example_dags/example_sla_dag.py
[2026-03-28T18:33:53.551+0500] {processor.py:840} INFO - DAG(s) 'example_sla_dag' retrieved from /home/abayturar/airflow-project/venv/lib/python3.12/site-packages/airflow/example_dags/example_sla_dag.py
[2026-03-28T18:33:53.565+0500] {logging_mixin.py:188} INFO - [2026-03-28T18:33:53.565+0500] {dag.py:3089} INFO - Sync 1 DAGs
[2026-03-28T18:33:53.580+0500] {logging_mixin.py:188} INFO - [2026-03-28T18:33:53.580+0500] {dag.py:3947} INFO - Setting next_dagrun for example_sla_dag to 2026-03-28 13:30:00+00:00, run_after=2026-03-28 13:32:00+00:00
[2026-03-28T18:33:53.609+0500] {processor.py:183} INFO - Processing /home/abayturar/airflow-project/venv/lib/python3.12/site-packages/airflow/example_dags/example_sla_dag.py took 0.076 seconds
[2026-03-28T18:34:45.064+0500] {processor.py:161} INFO - Started process (PID=20613) to work on /home/abayturar/airflow-project/venv/lib/python3.12/site-packages/airflow/example_dags/example_sla_dag.py
[2026-03-28T18:34:45.064+0500] {processor.py:830} INFO - Processing file /home/abayturar/airflow-project/venv/lib/python3.12/site-packages/airflow/example_dags/example_sla_dag.py for tasks to queue
[2026-03-28T18:34:45.066+0500] {logging_mixin.py:188} INFO - [2026-03-28T18:34:45.066+0500] {dagbag.py:545} INFO - Filling up the DagBag from /home/abayturar/airflow-project/venv/lib/python3.12/site-packages/airflow/example_dags/example_sla_dag.py
[2026-03-28T18:34:45.074+0500] {processor.py:840} INFO - DAG(s) 'example_sla_dag' retrieved from /home/abayturar/airflow-project/venv/lib/python3.12/site-packages/airflow/example_dags/example_sla_dag.py
[2026-03-28T18:34:45.088+0500] {logging_mixin.py:188} INFO - [2026-03-28T18:34:45.088+0500] {dag.py:3089} INFO - Sync 1 DAGs
[2026-03-28T18:34:45.103+0500] {logging_mixin.py:188} INFO - [2026-03-28T18:34:45.102+0500] {dag.py:3947} INFO - Setting next_dagrun for example_sla_dag to 2026-03-28 13:32:00+00:00, run_after=2026-03-28 13:34:00+00:00
[2026-03-28T18:34:45.129+0500] {processor.py:183} INFO - Processing /home/abayturar/airflow-project/venv/lib/python3.12/site-packages/airflow/example_dags/example_sla_dag.py took 0.071 seconds
[2026-03-28T18:35:34.859+0500] {processor.py:161} INFO - Started process (PID=20749) to work on /home/abayturar/airflow-project/venv/lib/python3.12/site-packages/airflow/example_dags/example_sla_dag.py
[2026-03-28T18:35:34.860+0500] {processor.py:830} INFO - Processing file /home/abayturar/airflow-project/venv/lib/python3.12/site-packages/airflow/example_dags/example_sla_dag.py for tasks to queue
[2026-03-28T18:35:34.862+0500] {logging_mixin.py:188} INFO - [2026-03-28T18:35:34.861+0500] {dagbag.py:545} INFO - Filling up the DagBag from /home/abayturar/airflow-project/venv/lib/python3.12/site-packages/airflow/example_dags/example_sla_dag.py
[2026-03-28T18:35:34.871+0500] {processor.py:840} INFO - DAG(s) 'example_sla_dag' retrieved from /home/abayturar/airflow-project/venv/lib/python3.12/site-packages/airflow/example_dags/example_sla_dag.py
[2026-03-28T18:35:34.886+0500] {logging_mixin.py:188} INFO - [2026-03-28T18:35:34.886+0500] {dag.py:3089} INFO - Sync 1 DAGs
[2026-03-28T18:35:34.903+0500] {logging_mixin.py:188} INFO - [2026-03-28T18:35:34.903+0500] {dag.py:3947} INFO - Setting next_dagrun for example_sla_dag to 2026-03-28 13:32:00+00:00, run_after=2026-03-28 13:34:00+00:00
[2026-03-28T18:35:34.931+0500] {processor.py:183} INFO - Processing /home/abayturar/airflow-project/venv/lib/python3.12/site-packages/airflow/example_dags/example_sla_dag.py took 0.078 seconds
[2026-03-28T18:36:27.208+0500] {processor.py:161} INFO - Started process (PID=20893) to work on /home/abayturar/airflow-project/venv/lib/python3.12/site-packages/airflow/example_dags/example_sla_dag.py
[2026-03-28T18:36:27.210+0500] {processor.py:830} INFO - Processing file /home/abayturar/airflow-project/venv/lib/python3.12/site-packages/airflow/example_dags/example_sla_dag.py for tasks to queue
[2026-03-28T18:36:27.212+0500] {logging_mixin.py:188} INFO - [2026-03-28T18:36:27.212+0500] {dagbag.py:545} INFO - Filling up the DagBag from /home/abayturar/airflow-project/venv/lib/python3.12/site-packages/airflow/example_dags/example_sla_dag.py
[2026-03-28T18:36:27.224+0500] {processor.py:840} INFO - DAG(s) 'example_sla_dag' retrieved from /home/abayturar/airflow-project/venv/lib/python3.12/site-packages/airflow/example_dags/example_sla_dag.py
[2026-03-28T18:36:27.247+0500] {logging_mixin.py:188} INFO - [2026-03-28T18:36:27.247+0500] {dag.py:3089} INFO - Sync 1 DAGs
[2026-03-28T18:36:27.268+0500] {logging_mixin.py:188} INFO - [2026-03-28T18:36:27.268+0500] {dag.py:3947} INFO - Setting next_dagrun for example_sla_dag to 2026-03-28 13:34:00+00:00, run_after=2026-03-28 13:36:00+00:00
[2026-03-28T18:36:27.285+0500] {processor.py:183} INFO - Processing /home/abayturar/airflow-project/venv/lib/python3.12/site-packages/airflow/example_dags/example_sla_dag.py took 0.085 seconds
[2026-03-28T18:37:22.755+0500] {processor.py:161} INFO - Started process (PID=21055) to work on /home/abayturar/airflow-project/venv/lib/python3.12/site-packages/airflow/example_dags/example_sla_dag.py
[2026-03-28T18:37:22.756+0500] {processor.py:830} INFO - Processing file /home/abayturar/airflow-project/venv/lib/python3.12/site-packages/airflow/example_dags/example_sla_dag.py for tasks to queue
[2026-03-28T18:37:22.758+0500] {logging_mixin.py:188} INFO - [2026-03-28T18:37:22.758+0500] {dagbag.py:545} INFO - Filling up the DagBag from /home/abayturar/airflow-project/venv/lib/python3.12/site-packages/airflow/example_dags/example_sla_dag.py
[2026-03-28T18:37:22.766+0500] {processor.py:840} INFO - DAG(s) 'example_sla_dag' retrieved from /home/abayturar/airflow-project/venv/lib/python3.12/site-packages/airflow/example_dags/example_sla_dag.py
[2026-03-28T18:37:22.781+0500] {logging_mixin.py:188} INFO - [2026-03-28T18:37:22.780+0500] {dag.py:3089} INFO - Sync 1 DAGs
[2026-03-28T18:37:22.795+0500] {logging_mixin.py:188} INFO - [2026-03-28T18:37:22.795+0500] {dag.py:3947} INFO - Setting next_dagrun for example_sla_dag to 2026-03-28 13:34:00+00:00, run_after=2026-03-28 13:36:00+00:00
[2026-03-28T18:37:22.812+0500] {processor.py:183} INFO - Processing /home/abayturar/airflow-project/venv/lib/python3.12/site-packages/airflow/example_dags/example_sla_dag.py took 0.062 seconds
[2026-03-28T18:38:13.038+0500] {processor.py:161} INFO - Started process (PID=21189) to work on /home/abayturar/airflow-project/venv/lib/python3.12/site-packages/airflow/example_dags/example_sla_dag.py
[2026-03-28T18:38:13.039+0500] {processor.py:830} INFO - Processing file /home/abayturar/airflow-project/venv/lib/python3.12/site-packages/airflow/example_dags/example_sla_dag.py for tasks to queue
[2026-03-28T18:38:13.041+0500] {logging_mixin.py:188} INFO - [2026-03-28T18:38:13.041+0500] {dagbag.py:545} INFO - Filling up the DagBag from /home/abayturar/airflow-project/venv/lib/python3.12/site-packages/airflow/example_dags/example_sla_dag.py
[2026-03-28T18:38:13.050+0500] {processor.py:840} INFO - DAG(s) 'example_sla_dag' retrieved from /home/abayturar/airflow-project/venv/lib/python3.12/site-packages/airflow/example_dags/example_sla_dag.py
[2026-03-28T18:38:13.065+0500] {logging_mixin.py:188} INFO - [2026-03-28T18:38:13.065+0500] {dag.py:3089} INFO - Sync 1 DAGs
[2026-03-28T18:38:13.081+0500] {logging_mixin.py:188} INFO - [2026-03-28T18:38:13.081+0500] {dag.py:3947} INFO - Setting next_dagrun for example_sla_dag to 2026-03-28 13:36:00+00:00, run_after=2026-03-28 13:38:00+00:00
[2026-03-28T18:38:13.109+0500] {processor.py:183} INFO - Processing /home/abayturar/airflow-project/venv/lib/python3.12/site-packages/airflow/example_dags/example_sla_dag.py took 0.078 seconds
[2026-03-28T18:39:05.600+0500] {processor.py:161} INFO - Started process (PID=21327) to work on /home/abayturar/airflow-project/venv/lib/python3.12/site-packages/airflow/example_dags/example_sla_dag.py
[2026-03-28T18:39:05.601+0500] {processor.py:830} INFO - Processing file /home/abayturar/airflow-project/venv/lib/python3.12/site-packages/airflow/example_dags/example_sla_dag.py for tasks to queue
[2026-03-28T18:39:05.602+0500] {logging_mixin.py:188} INFO - [2026-03-28T18:39:05.602+0500] {dagbag.py:545} INFO - Filling up the DagBag from /home/abayturar/airflow-project/venv/lib/python3.12/site-packages/airflow/example_dags/example_sla_dag.py
[2026-03-28T18:39:05.611+0500] {processor.py:840} INFO - DAG(s) 'example_sla_dag' retrieved from /home/abayturar/airflow-project/venv/lib/python3.12/site-packages/airflow/example_dags/example_sla_dag.py
[2026-03-28T18:39:05.625+0500] {logging_mixin.py:188} INFO - [2026-03-28T18:39:05.625+0500] {dag.py:3089} INFO - Sync 1 DAGs
[2026-03-28T18:39:05.640+0500] {logging_mixin.py:188} INFO - [2026-03-28T18:39:05.640+0500] {dag.py:3947} INFO - Setting next_dagrun for example_sla_dag to 2026-03-28 13:36:00+00:00, run_after=2026-03-28 13:38:00+00:00
[2026-03-28T18:39:05.665+0500] {processor.py:183} INFO - Processing /home/abayturar/airflow-project/venv/lib/python3.12/site-packages/airflow/example_dags/example_sla_dag.py took 0.071 seconds
[2026-03-28T18:39:55.332+0500] {processor.py:161} INFO - Started process (PID=21462) to work on /home/abayturar/airflow-project/venv/lib/python3.12/site-packages/airflow/example_dags/example_sla_dag.py
[2026-03-28T18:39:55.333+0500] {processor.py:830} INFO - Processing file /home/abayturar/airflow-project/venv/lib/python3.12/site-packages/airflow/example_dags/example_sla_dag.py for tasks to queue
[2026-03-28T18:39:55.335+0500] {logging_mixin.py:188} INFO - [2026-03-28T18:39:55.334+0500] {dagbag.py:545} INFO - Filling up the DagBag from /home/abayturar/airflow-project/venv/lib/python3.12/site-packages/airflow/example_dags/example_sla_dag.py
[2026-03-28T18:39:55.345+0500] {processor.py:840} INFO - DAG(s) 'example_sla_dag' retrieved from /home/abayturar/airflow-project/venv/lib/python3.12/site-packages/airflow/example_dags/example_sla_dag.py
[2026-03-28T18:39:55.366+0500] {logging_mixin.py:188} INFO - [2026-03-28T18:39:55.365+0500] {dag.py:3089} INFO - Sync 1 DAGs
[2026-03-28T18:39:55.385+0500] {logging_mixin.py:188} INFO - [2026-03-28T18:39:55.385+0500] {dag.py:3947} INFO - Setting next_dagrun for example_sla_dag to 2026-03-28 13:36:00+00:00, run_after=2026-03-28 13:38:00+00:00
[2026-03-28T18:39:55.414+0500] {processor.py:183} INFO - Processing /home/abayturar/airflow-project/venv/lib/python3.12/site-packages/airflow/example_dags/example_sla_dag.py took 0.088 seconds
[2026-03-28T18:40:47.456+0500] {processor.py:161} INFO - Started process (PID=21598) to work on /home/abayturar/airflow-project/venv/lib/python3.12/site-packages/airflow/example_dags/example_sla_dag.py
[2026-03-28T18:40:47.457+0500] {processor.py:830} INFO - Processing file /home/abayturar/airflow-project/venv/lib/python3.12/site-packages/airflow/example_dags/example_sla_dag.py for tasks to queue
[2026-03-28T18:40:47.459+0500] {logging_mixin.py:188} INFO - [2026-03-28T18:40:47.459+0500] {dagbag.py:545} INFO - Filling up the DagBag from /home/abayturar/airflow-project/venv/lib/python3.12/site-packages/airflow/example_dags/example_sla_dag.py
[2026-03-28T18:40:47.468+0500] {processor.py:840} INFO - DAG(s) 'example_sla_dag' retrieved from /home/abayturar/airflow-project/venv/lib/python3.12/site-packages/airflow/example_dags/example_sla_dag.py
[2026-03-28T18:40:47.483+0500] {logging_mixin.py:188} INFO - [2026-03-28T18:40:47.483+0500] {dag.py:3089} INFO - Sync 1 DAGs
[2026-03-28T18:40:47.499+0500] {logging_mixin.py:188} INFO - [2026-03-28T18:40:47.499+0500] {dag.py:3947} INFO - Setting next_dagrun for example_sla_dag to 2026-03-28 13:38:00+00:00, run_after=2026-03-28 13:40:00+00:00
[2026-03-28T18:40:47.629+0500] {processor.py:183} INFO - Processing /home/abayturar/airflow-project/venv/lib/python3.12/site-packages/airflow/example_dags/example_sla_dag.py took 0.178 seconds
[2026-03-28T18:41:58.486+0500] {processor.py:161} INFO - Started process (PID=21837) to work on /home/abayturar/airflow-project/venv/lib/python3.12/site-packages/airflow/example_dags/example_sla_dag.py
[2026-03-28T18:41:58.487+0500] {processor.py:830} INFO - Processing file /home/abayturar/airflow-project/venv/lib/python3.12/site-packages/airflow/example_dags/example_sla_dag.py for tasks to queue
[2026-03-28T18:41:58.490+0500] {logging_mixin.py:188} INFO - [2026-03-28T18:41:58.489+0500] {dagbag.py:545} INFO - Filling up the DagBag from /home/abayturar/airflow-project/venv/lib/python3.12/site-packages/airflow/example_dags/example_sla_dag.py
[2026-03-28T18:41:58.501+0500] {processor.py:840} INFO - DAG(s) 'example_sla_dag' retrieved from /home/abayturar/airflow-project/venv/lib/python3.12/site-packages/airflow/example_dags/example_sla_dag.py
[2026-03-28T18:41:58.518+0500] {logging_mixin.py:188} INFO - [2026-03-28T18:41:58.518+0500] {dag.py:3089} INFO - Sync 1 DAGs
[2026-03-28T18:41:58.535+0500] {logging_mixin.py:188} INFO - [2026-03-28T18:41:58.535+0500] {dag.py:3947} INFO - Setting next_dagrun for example_sla_dag to 2026-03-28 13:38:00+00:00, run_after=2026-03-28 13:40:00+00:00
[2026-03-28T18:41:58.554+0500] {processor.py:183} INFO - Processing /home/abayturar/airflow-project/venv/lib/python3.12/site-packages/airflow/example_dags/example_sla_dag.py took 0.075 seconds
[2026-03-28T18:42:51.827+0500] {processor.py:161} INFO - Started process (PID=21979) to work on /home/abayturar/airflow-project/venv/lib/python3.12/site-packages/airflow/example_dags/example_sla_dag.py
[2026-03-28T18:42:51.828+0500] {processor.py:830} INFO - Processing file /home/abayturar/airflow-project/venv/lib/python3.12/site-packages/airflow/example_dags/example_sla_dag.py for tasks to queue
[2026-03-28T18:42:51.831+0500] {logging_mixin.py:188} INFO - [2026-03-28T18:42:51.830+0500] {dagbag.py:545} INFO - Filling up the DagBag from /home/abayturar/airflow-project/venv/lib/python3.12/site-packages/airflow/example_dags/example_sla_dag.py
[2026-03-28T18:42:51.842+0500] {processor.py:840} INFO - DAG(s) 'example_sla_dag' retrieved from /home/abayturar/airflow-project/venv/lib/python3.12/site-packages/airflow/example_dags/example_sla_dag.py
[2026-03-28T18:42:51.862+0500] {logging_mixin.py:188} INFO - [2026-03-28T18:42:51.862+0500] {dag.py:3089} INFO - Sync 1 DAGs
[2026-03-28T18:42:51.883+0500] {logging_mixin.py:188} INFO - [2026-03-28T18:42:51.883+0500] {dag.py:3947} INFO - Setting next_dagrun for example_sla_dag to 2026-03-28 13:40:00+00:00, run_after=2026-03-28 13:42:00+00:00
[2026-03-28T18:42:51.904+0500] {processor.py:183} INFO - Processing /home/abayturar/airflow-project/venv/lib/python3.12/site-packages/airflow/example_dags/example_sla_dag.py took 0.085 seconds
[2026-03-28T18:43:40.895+0500] {processor.py:161} INFO - Started process (PID=22149) to work on /home/abayturar/airflow-project/venv/lib/python3.12/site-packages/airflow/example_dags/example_sla_dag.py
[2026-03-28T18:43:40.896+0500] {processor.py:830} INFO - Processing file /home/abayturar/airflow-project/venv/lib/python3.12/site-packages/airflow/example_dags/example_sla_dag.py for tasks to queue
[2026-03-28T18:43:40.898+0500] {logging_mixin.py:188} INFO - [2026-03-28T18:43:40.897+0500] {dagbag.py:545} INFO - Filling up the DagBag from /home/abayturar/airflow-project/venv/lib/python3.12/site-packages/airflow/example_dags/example_sla_dag.py
[2026-03-28T18:43:40.906+0500] {processor.py:840} INFO - DAG(s) 'example_sla_dag' retrieved from /home/abayturar/airflow-project/venv/lib/python3.12/site-packages/airflow/example_dags/example_sla_dag.py
[2026-03-28T18:43:40.921+0500] {logging_mixin.py:188} INFO - [2026-03-28T18:43:40.921+0500] {dag.py:3089} INFO - Sync 1 DAGs
[2026-03-28T18:43:41.027+0500] {logging_mixin.py:188} INFO - [2026-03-28T18:43:41.027+0500] {dag.py:3947} INFO - Setting next_dagrun for example_sla_dag to 2026-03-28 13:40:00+00:00, run_after=2026-03-28 13:42:00+00:00
[2026-03-28T18:43:41.052+0500] {processor.py:183} INFO - Processing /home/abayturar/airflow-project/venv/lib/python3.12/site-packages/airflow/example_dags/example_sla_dag.py took 0.163 seconds
[2026-03-28T18:44:31.319+0500] {processor.py:161} INFO - Started process (PID=22280) to work on /home/abayturar/airflow-project/venv/lib/python3.12/site-packages/airflow/example_dags/example_sla_dag.py
[2026-03-28T18:44:31.321+0500] {processor.py:830} INFO - Processing file /home/abayturar/airflow-project/venv/lib/python3.12/site-packages/airflow/example_dags/example_sla_dag.py for tasks to queue
[2026-03-28T18:44:31.324+0500] {logging_mixin.py:188} INFO - [2026-03-28T18:44:31.323+0500] {dagbag.py:545} INFO - Filling up the DagBag from /home/abayturar/airflow-project/venv/lib/python3.12/site-packages/airflow/example_dags/example_sla_dag.py
[2026-03-28T18:44:31.338+0500] {processor.py:840} INFO - DAG(s) 'example_sla_dag' retrieved from /home/abayturar/airflow-project/venv/lib/python3.12/site-packages/airflow/example_dags/example_sla_dag.py
[2026-03-28T18:44:31.364+0500] {logging_mixin.py:188} INFO - [2026-03-28T18:44:31.364+0500] {dag.py:3089} INFO - Sync 1 DAGs
[2026-03-28T18:44:31.386+0500] {logging_mixin.py:188} INFO - [2026-03-28T18:44:31.386+0500] {dag.py:3947} INFO - Setting next_dagrun for example_sla_dag to 2026-03-28 13:42:00+00:00, run_after=2026-03-28 13:44:00+00:00
[2026-03-28T18:44:31.419+0500] {processor.py:183} INFO - Processing /home/abayturar/airflow-project/venv/lib/python3.12/site-packages/airflow/example_dags/example_sla_dag.py took 0.108 seconds
[2026-03-28T18:45:20.541+0500] {processor.py:161} INFO - Started process (PID=22412) to work on /home/abayturar/airflow-project/venv/lib/python3.12/site-packages/airflow/example_dags/example_sla_dag.py
[2026-03-28T18:45:20.542+0500] {processor.py:830} INFO - Processing file /home/abayturar/airflow-project/venv/lib/python3.12/site-packages/airflow/example_dags/example_sla_dag.py for tasks to queue
[2026-03-28T18:45:20.544+0500] {logging_mixin.py:188} INFO - [2026-03-28T18:45:20.543+0500] {dagbag.py:545} INFO - Filling up the DagBag from /home/abayturar/airflow-project/venv/lib/python3.12/site-packages/airflow/example_dags/example_sla_dag.py
[2026-03-28T18:45:20.553+0500] {processor.py:840} INFO - DAG(s) 'example_sla_dag' retrieved from /home/abayturar/airflow-project/venv/lib/python3.12/site-packages/airflow/example_dags/example_sla_dag.py
[2026-03-28T18:45:20.568+0500] {logging_mixin.py:188} INFO - [2026-03-28T18:45:20.568+0500] {dag.py:3089} INFO - Sync 1 DAGs
[2026-03-28T18:45:20.582+0500] {logging_mixin.py:188} INFO - [2026-03-28T18:45:20.582+0500] {dag.py:3947} INFO - Setting next_dagrun for example_sla_dag to 2026-03-28 13:42:00+00:00, run_after=2026-03-28 13:44:00+00:00
[2026-03-28T18:45:20.596+0500] {processor.py:183} INFO - Processing /home/abayturar/airflow-project/venv/lib/python3.12/site-packages/airflow/example_dags/example_sla_dag.py took 0.061 seconds
[2026-03-28T18:46:09.374+0500] {processor.py:161} INFO - Started process (PID=22542) to work on /home/abayturar/airflow-project/venv/lib/python3.12/site-packages/airflow/example_dags/example_sla_dag.py
[2026-03-28T18:46:09.375+0500] {processor.py:830} INFO - Processing file /home/abayturar/airflow-project/venv/lib/python3.12/site-packages/airflow/example_dags/example_sla_dag.py for tasks to queue
[2026-03-28T18:46:09.377+0500] {logging_mixin.py:188} INFO - [2026-03-28T18:46:09.377+0500] {dagbag.py:545} INFO - Filling up the DagBag from /home/abayturar/airflow-project/venv/lib/python3.12/site-packages/airflow/example_dags/example_sla_dag.py
[2026-03-28T18:46:09.386+0500] {processor.py:840} INFO - DAG(s) 'example_sla_dag' retrieved from /home/abayturar/airflow-project/venv/lib/python3.12/site-packages/airflow/example_dags/example_sla_dag.py
[2026-03-28T18:46:09.401+0500] {logging_mixin.py:188} INFO - [2026-03-28T18:46:09.401+0500] {dag.py:3089} INFO - Sync 1 DAGs
[2026-03-28T18:46:09.420+0500] {logging_mixin.py:188} INFO - [2026-03-28T18:46:09.420+0500] {dag.py:3947} INFO - Setting next_dagrun for example_sla_dag to 2026-03-28 13:44:00+00:00, run_after=2026-03-28 13:46:00+00:00
[2026-03-28T18:46:09.448+0500] {processor.py:183} INFO - Processing /home/abayturar/airflow-project/venv/lib/python3.12/site-packages/airflow/example_dags/example_sla_dag.py took 0.080 seconds
[2026-03-28T18:46:56.435+0500] {processor.py:161} INFO - Started process (PID=22667) to work on /home/abayturar/airflow-project/venv/lib/python3.12/site-packages/airflow/example_dags/example_sla_dag.py
[2026-03-28T18:46:56.436+0500] {processor.py:830} INFO - Processing file /home/abayturar/airflow-project/venv/lib/python3.12/site-packages/airflow/example_dags/example_sla_dag.py for tasks to queue
[2026-03-28T18:46:56.438+0500] {logging_mixin.py:188} INFO - [2026-03-28T18:46:56.437+0500] {dagbag.py:545} INFO - Filling up the DagBag from /home/abayturar/airflow-project/venv/lib/python3.12/site-packages/airflow/example_dags/example_sla_dag.py
[2026-03-28T18:46:56.446+0500] {processor.py:840} INFO - DAG(s) 'example_sla_dag' retrieved from /home/abayturar/airflow-project/venv/lib/python3.12/site-packages/airflow/example_dags/example_sla_dag.py
[2026-03-28T18:46:56.461+0500] {logging_mixin.py:188} INFO - [2026-03-28T18:46:56.461+0500] {dag.py:3089} INFO - Sync 1 DAGs
[2026-03-28T18:46:56.477+0500] {logging_mixin.py:188} INFO - [2026-03-28T18:46:56.477+0500] {dag.py:3947} INFO - Setting next_dagrun for example_sla_dag to 2026-03-28 13:44:00+00:00, run_after=2026-03-28 13:46:00+00:00
[2026-03-28T18:46:56.504+0500] {processor.py:183} INFO - Processing /home/abayturar/airflow-project/venv/lib/python3.12/site-packages/airflow/example_dags/example_sla_dag.py took 0.075 seconds
[2026-03-28T18:47:43.191+0500] {processor.py:161} INFO - Started process (PID=22794) to work on /home/abayturar/airflow-project/venv/lib/python3.12/site-packages/airflow/example_dags/example_sla_dag.py
[2026-03-28T18:47:43.192+0500] {processor.py:830} INFO - Processing file /home/abayturar/airflow-project/venv/lib/python3.12/site-packages/airflow/example_dags/example_sla_dag.py for tasks to queue
[2026-03-28T18:47:43.194+0500] {logging_mixin.py:188} INFO - [2026-03-28T18:47:43.194+0500] {dagbag.py:545} INFO - Filling up the DagBag from /home/abayturar/airflow-project/venv/lib/python3.12/site-packages/airflow/example_dags/example_sla_dag.py
[2026-03-28T18:47:43.203+0500] {processor.py:840} INFO - DAG(s) 'example_sla_dag' retrieved from /home/abayturar/airflow-project/venv/lib/python3.12/site-packages/airflow/example_dags/example_sla_dag.py
[2026-03-28T18:47:43.217+0500] {logging_mixin.py:188} INFO - [2026-03-28T18:47:43.217+0500] {dag.py:3089} INFO - Sync 1 DAGs
[2026-03-28T18:47:43.232+0500] {logging_mixin.py:188} INFO - [2026-03-28T18:47:43.232+0500] {dag.py:3947} INFO - Setting next_dagrun for example_sla_dag to 2026-03-28 13:44:00+00:00, run_after=2026-03-28 13:46:00+00:00
[2026-03-28T18:47:43.259+0500] {processor.py:183} INFO - Processing /home/abayturar/airflow-project/venv/lib/python3.12/site-packages/airflow/example_dags/example_sla_dag.py took 0.074 seconds
[2026-03-28T18:48:27.479+0500] {processor.py:161} INFO - Started process (PID=22914) to work on /home/abayturar/airflow-project/venv/lib/python3.12/site-packages/airflow/example_dags/example_sla_dag.py
[2026-03-28T18:48:27.479+0500] {processor.py:830} INFO - Processing file /home/abayturar/airflow-project/venv/lib/python3.12/site-packages/airflow/example_dags/example_sla_dag.py for tasks to queue
[2026-03-28T18:48:27.481+0500] {logging_mixin.py:188} INFO - [2026-03-28T18:48:27.481+0500] {dagbag.py:545} INFO - Filling up the DagBag from /home/abayturar/airflow-project/venv/lib/python3.12/site-packages/airflow/example_dags/example_sla_dag.py
[2026-03-28T18:48:27.490+0500] {processor.py:840} INFO - DAG(s) 'example_sla_dag' retrieved from /home/abayturar/airflow-project/venv/lib/python3.12/site-packages/airflow/example_dags/example_sla_dag.py
[2026-03-28T18:48:27.505+0500] {logging_mixin.py:188} INFO - [2026-03-28T18:48:27.505+0500] {dag.py:3089} INFO - Sync 1 DAGs
[2026-03-28T18:48:27.521+0500] {logging_mixin.py:188} INFO - [2026-03-28T18:48:27.521+0500] {dag.py:3947} INFO - Setting next_dagrun for example_sla_dag to 2026-03-28 13:46:00+00:00, run_after=2026-03-28 13:48:00+00:00
[2026-03-28T18:48:27.537+0500] {processor.py:183} INFO - Processing /home/abayturar/airflow-project/venv/lib/python3.12/site-packages/airflow/example_dags/example_sla_dag.py took 0.064 seconds
[2026-03-28T18:49:10.959+0500] {processor.py:161} INFO - Started process (PID=23029) to work on /home/abayturar/airflow-project/venv/lib/python3.12/site-packages/airflow/example_dags/example_sla_dag.py
[2026-03-28T18:49:10.960+0500] {processor.py:830} INFO - Processing file /home/abayturar/airflow-project/venv/lib/python3.12/site-packages/airflow/example_dags/example_sla_dag.py for tasks to queue
[2026-03-28T18:49:10.962+0500] {logging_mixin.py:188} INFO - [2026-03-28T18:49:10.961+0500] {dagbag.py:545} INFO - Filling up the DagBag from /home/abayturar/airflow-project/venv/lib/python3.12/site-packages/airflow/example_dags/example_sla_dag.py
[2026-03-28T18:49:10.970+0500] {processor.py:840} INFO - DAG(s) 'example_sla_dag' retrieved from /home/abayturar/airflow-project/venv/lib/python3.12/site-packages/airflow/example_dags/example_sla_dag.py
[2026-03-28T18:49:10.984+0500] {logging_mixin.py:188} INFO - [2026-03-28T18:49:10.984+0500] {dag.py:3089} INFO - Sync 1 DAGs
[2026-03-28T18:49:10.999+0500] {logging_mixin.py:188} INFO - [2026-03-28T18:49:10.999+0500] {dag.py:3947} INFO - Setting next_dagrun for example_sla_dag to 2026-03-28 13:46:00+00:00, run_after=2026-03-28 13:48:00+00:00
[2026-03-28T18:49:11.018+0500] {processor.py:183} INFO - Processing /home/abayturar/airflow-project/venv/lib/python3.12/site-packages/airflow/example_dags/example_sla_dag.py took 0.065 seconds
[2026-03-28T18:49:57.168+0500] {processor.py:161} INFO - Started process (PID=23155) to work on /home/abayturar/airflow-project/venv/lib/python3.12/site-packages/airflow/example_dags/example_sla_dag.py
[2026-03-28T18:49:57.169+0500] {processor.py:830} INFO - Processing file /home/abayturar/airflow-project/venv/lib/python3.12/site-packages/airflow/example_dags/example_sla_dag.py for tasks to queue
[2026-03-28T18:49:57.171+0500] {logging_mixin.py:188} INFO - [2026-03-28T18:49:57.170+0500] {dagbag.py:545} INFO - Filling up the DagBag from /home/abayturar/airflow-project/venv/lib/python3.12/site-packages/airflow/example_dags/example_sla_dag.py
[2026-03-28T18:49:57.179+0500] {processor.py:840} INFO - DAG(s) 'example_sla_dag' retrieved from /home/abayturar/airflow-project/venv/lib/python3.12/site-packages/airflow/example_dags/example_sla_dag.py
[2026-03-28T18:49:57.194+0500] {logging_mixin.py:188} INFO - [2026-03-28T18:49:57.193+0500] {dag.py:3089} INFO - Sync 1 DAGs
[2026-03-28T18:49:57.209+0500] {logging_mixin.py:188} INFO - [2026-03-28T18:49:57.209+0500] {dag.py:3947} INFO - Setting next_dagrun for example_sla_dag to 2026-03-28 13:46:00+00:00, run_after=2026-03-28 13:48:00+00:00
[2026-03-28T18:49:57.237+0500] {processor.py:183} INFO - Processing /home/abayturar/airflow-project/venv/lib/python3.12/site-packages/airflow/example_dags/example_sla_dag.py took 0.075 seconds
[2026-03-28T18:50:42.555+0500] {processor.py:161} INFO - Started process (PID=23277) to work on /home/abayturar/airflow-project/venv/lib/python3.12/site-packages/airflow/example_dags/example_sla_dag.py
[2026-03-28T18:50:42.556+0500] {processor.py:830} INFO - Processing file /home/abayturar/airflow-project/venv/lib/python3.12/site-packages/airflow/example_dags/example_sla_dag.py for tasks to queue
[2026-03-28T18:50:42.561+0500] {logging_mixin.py:188} INFO - [2026-03-28T18:50:42.560+0500] {dagbag.py:545} INFO - Filling up the DagBag from /home/abayturar/airflow-project/venv/lib/python3.12/site-packages/airflow/example_dags/example_sla_dag.py
[2026-03-28T18:50:42.573+0500] {processor.py:840} INFO - DAG(s) 'example_sla_dag' retrieved from /home/abayturar/airflow-project/venv/lib/python3.12/site-packages/airflow/example_dags/example_sla_dag.py
[2026-03-28T18:50:42.596+0500] {logging_mixin.py:188} INFO - [2026-03-28T18:50:42.596+0500] {dag.py:3089} INFO - Sync 1 DAGs
[2026-03-28T18:50:42.619+0500] {logging_mixin.py:188} INFO - [2026-03-28T18:50:42.619+0500] {dag.py:3947} INFO - Setting next_dagrun for example_sla_dag to 2026-03-28 13:48:00+00:00, run_after=2026-03-28 13:50:00+00:00
[2026-03-28T18:50:42.645+0500] {processor.py:183} INFO - Processing /home/abayturar/airflow-project/venv/lib/python3.12/site-packages/airflow/example_dags/example_sla_dag.py took 0.100 seconds
[2026-03-28T18:51:30.967+0500] {processor.py:161} INFO - Started process (PID=23405) to work on /home/abayturar/airflow-project/venv/lib/python3.12/site-packages/airflow/example_dags/example_sla_dag.py
[2026-03-28T18:51:30.968+0500] {processor.py:830} INFO - Processing file /home/abayturar/airflow-project/venv/lib/python3.12/site-packages/airflow/example_dags/example_sla_dag.py for tasks to queue
[2026-03-28T18:51:30.970+0500] {logging_mixin.py:188} INFO - [2026-03-28T18:51:30.970+0500] {dagbag.py:545} INFO - Filling up the DagBag from /home/abayturar/airflow-project/venv/lib/python3.12/site-packages/airflow/example_dags/example_sla_dag.py
[2026-03-28T18:51:30.978+0500] {processor.py:840} INFO - DAG(s) 'example_sla_dag' retrieved from /home/abayturar/airflow-project/venv/lib/python3.12/site-packages/airflow/example_dags/example_sla_dag.py
[2026-03-28T18:51:30.992+0500] {logging_mixin.py:188} INFO - [2026-03-28T18:51:30.992+0500] {dag.py:3089} INFO - Sync 1 DAGs
[2026-03-28T18:51:31.008+0500] {logging_mixin.py:188} INFO - [2026-03-28T18:51:31.008+0500] {dag.py:3947} INFO - Setting next_dagrun for example_sla_dag to 2026-03-28 13:48:00+00:00, run_after=2026-03-28 13:50:00+00:00
[2026-03-28T18:51:31.025+0500] {processor.py:183} INFO - Processing /home/abayturar/airflow-project/venv/lib/python3.12/site-packages/airflow/example_dags/example_sla_dag.py took 0.063 seconds
[2026-03-28T18:52:17.078+0500] {processor.py:161} INFO - Started process (PID=23531) to work on /home/abayturar/airflow-project/venv/lib/python3.12/site-packages/airflow/example_dags/example_sla_dag.py
[2026-03-28T18:52:17.079+0500] {processor.py:830} INFO - Processing file /home/abayturar/airflow-project/venv/lib/python3.12/site-packages/airflow/example_dags/example_sla_dag.py for tasks to queue
[2026-03-28T18:52:17.081+0500] {logging_mixin.py:188} INFO - [2026-03-28T18:52:17.080+0500] {dagbag.py:545} INFO - Filling up the DagBag from /home/abayturar/airflow-project/venv/lib/python3.12/site-packages/airflow/example_dags/example_sla_dag.py
[2026-03-28T18:52:17.093+0500] {processor.py:840} INFO - DAG(s) 'example_sla_dag' retrieved from /home/abayturar/airflow-project/venv/lib/python3.12/site-packages/airflow/example_dags/example_sla_dag.py
[2026-03-28T18:52:17.113+0500] {logging_mixin.py:188} INFO - [2026-03-28T18:52:17.112+0500] {dag.py:3089} INFO - Sync 1 DAGs
[2026-03-28T18:52:17.134+0500] {logging_mixin.py:188} INFO - [2026-03-28T18:52:17.134+0500] {dag.py:3947} INFO - Setting next_dagrun for example_sla_dag to 2026-03-28 13:50:00+00:00, run_after=2026-03-28 13:52:00+00:00
[2026-03-28T18:52:17.154+0500] {processor.py:183} INFO - Processing /home/abayturar/airflow-project/venv/lib/python3.12/site-packages/airflow/example_dags/example_sla_dag.py took 0.084 seconds
[2026-03-28T18:53:01.916+0500] {processor.py:161} INFO - Started process (PID=23654) to work on /home/abayturar/airflow-project/venv/lib/python3.12/site-packages/airflow/example_dags/example_sla_dag.py
[2026-03-28T18:53:01.916+0500] {processor.py:830} INFO - Processing file /home/abayturar/airflow-project/venv/lib/python3.12/site-packages/airflow/example_dags/example_sla_dag.py for tasks to queue
[2026-03-28T18:53:01.918+0500] {logging_mixin.py:188} INFO - [2026-03-28T18:53:01.918+0500] {dagbag.py:545} INFO - Filling up the DagBag from /home/abayturar/airflow-project/venv/lib/python3.12/site-packages/airflow/example_dags/example_sla_dag.py
[2026-03-28T18:53:01.928+0500] {processor.py:840} INFO - DAG(s) 'example_sla_dag' retrieved from /home/abayturar/airflow-project/venv/lib/python3.12/site-packages/airflow/example_dags/example_sla_dag.py
[2026-03-28T18:53:01.943+0500] {logging_mixin.py:188} INFO - [2026-03-28T18:53:01.943+0500] {dag.py:3089} INFO - Sync 1 DAGs
[2026-03-28T18:53:01.960+0500] {logging_mixin.py:188} INFO - [2026-03-28T18:53:01.960+0500] {dag.py:3947} INFO - Setting next_dagrun for example_sla_dag to 2026-03-28 13:50:00+00:00, run_after=2026-03-28 13:52:00+00:00
[2026-03-28T18:53:01.976+0500] {processor.py:183} INFO - Processing /home/abayturar/airflow-project/venv/lib/python3.12/site-packages/airflow/example_dags/example_sla_dag.py took 0.068 seconds
[2026-03-28T18:53:47.707+0500] {processor.py:161} INFO - Started process (PID=23774) to work on /home/abayturar/airflow-project/venv/lib/python3.12/site-packages/airflow/example_dags/example_sla_dag.py
[2026-03-28T18:53:47.708+0500] {processor.py:830} INFO - Processing file /home/abayturar/airflow-project/venv/lib/python3.12/site-packages/airflow/example_dags/example_sla_dag.py for tasks to queue
[2026-03-28T18:53:47.710+0500] {logging_mixin.py:188} INFO - [2026-03-28T18:53:47.710+0500] {dagbag.py:545} INFO - Filling up the DagBag from /home/abayturar/airflow-project/venv/lib/python3.12/site-packages/airflow/example_dags/example_sla_dag.py
[2026-03-28T18:53:47.718+0500] {processor.py:840} INFO - DAG(s) 'example_sla_dag' retrieved from /home/abayturar/airflow-project/venv/lib/python3.12/site-packages/airflow/example_dags/example_sla_dag.py
[2026-03-28T18:53:47.733+0500] {logging_mixin.py:188} INFO - [2026-03-28T18:53:47.733+0500] {dag.py:3089} INFO - Sync 1 DAGs
[2026-03-28T18:53:47.747+0500] {logging_mixin.py:188} INFO - [2026-03-28T18:53:47.747+0500] {dag.py:3947} INFO - Setting next_dagrun for example_sla_dag to 2026-03-28 13:50:00+00:00, run_after=2026-03-28 13:52:00+00:00
[2026-03-28T18:53:47.761+0500] {processor.py:183} INFO - Processing /home/abayturar/airflow-project/venv/lib/python3.12/site-packages/airflow/example_dags/example_sla_dag.py took 0.060 seconds
[2026-03-28T18:54:32.052+0500] {processor.py:161} INFO - Started process (PID=23894) to work on /home/abayturar/airflow-project/venv/lib/python3.12/site-packages/airflow/example_dags/example_sla_dag.py
[2026-03-28T18:54:32.053+0500] {processor.py:830} INFO - Processing file /home/abayturar/airflow-project/venv/lib/python3.12/site-packages/airflow/example_dags/example_sla_dag.py for tasks to queue
[2026-03-28T18:54:32.055+0500] {logging_mixin.py:188} INFO - [2026-03-28T18:54:32.054+0500] {dagbag.py:545} INFO - Filling up the DagBag from /home/abayturar/airflow-project/venv/lib/python3.12/site-packages/airflow/example_dags/example_sla_dag.py
[2026-03-28T18:54:32.064+0500] {processor.py:840} INFO - DAG(s) 'example_sla_dag' retrieved from /home/abayturar/airflow-project/venv/lib/python3.12/site-packages/airflow/example_dags/example_sla_dag.py
[2026-03-28T18:54:32.079+0500] {logging_mixin.py:188} INFO - [2026-03-28T18:54:32.079+0500] {dag.py:3089} INFO - Sync 1 DAGs
[2026-03-28T18:54:32.094+0500] {logging_mixin.py:188} INFO - [2026-03-28T18:54:32.094+0500] {dag.py:3947} INFO - Setting next_dagrun for example_sla_dag to 2026-03-28 13:52:00+00:00, run_after=2026-03-28 13:54:00+00:00
[2026-03-28T18:54:32.121+0500] {processor.py:183} INFO - Processing /home/abayturar/airflow-project/venv/lib/python3.12/site-packages/airflow/example_dags/example_sla_dag.py took 0.076 seconds
[2026-03-28T18:55:18.447+0500] {processor.py:161} INFO - Started process (PID=24018) to work on /home/abayturar/airflow-project/venv/lib/python3.12/site-packages/airflow/example_dags/example_sla_dag.py
[2026-03-28T18:55:18.449+0500] {processor.py:830} INFO - Processing file /home/abayturar/airflow-project/venv/lib/python3.12/site-packages/airflow/example_dags/example_sla_dag.py for tasks to queue
[2026-03-28T18:55:18.451+0500] {logging_mixin.py:188} INFO - [2026-03-28T18:55:18.451+0500] {dagbag.py:545} INFO - Filling up the DagBag from /home/abayturar/airflow-project/venv/lib/python3.12/site-packages/airflow/example_dags/example_sla_dag.py
[2026-03-28T18:55:18.460+0500] {processor.py:840} INFO - DAG(s) 'example_sla_dag' retrieved from /home/abayturar/airflow-project/venv/lib/python3.12/site-packages/airflow/example_dags/example_sla_dag.py
[2026-03-28T18:55:18.489+0500] {logging_mixin.py:188} INFO - [2026-03-28T18:55:18.489+0500] {dag.py:3089} INFO - Sync 1 DAGs
[2026-03-28T18:55:18.519+0500] {logging_mixin.py:188} INFO - [2026-03-28T18:55:18.519+0500] {dag.py:3947} INFO - Setting next_dagrun for example_sla_dag to 2026-03-28 13:52:00+00:00, run_after=2026-03-28 13:54:00+00:00
[2026-03-28T18:55:18.557+0500] {processor.py:183} INFO - Processing /home/abayturar/airflow-project/venv/lib/python3.12/site-packages/airflow/example_dags/example_sla_dag.py took 0.126 seconds
[2026-03-28T18:56:11.775+0500] {processor.py:161} INFO - Started process (PID=24154) to work on /home/abayturar/airflow-project/venv/lib/python3.12/site-packages/airflow/example_dags/example_sla_dag.py
[2026-03-28T18:56:11.776+0500] {processor.py:830} INFO - Processing file /home/abayturar/airflow-project/venv/lib/python3.12/site-packages/airflow/example_dags/example_sla_dag.py for tasks to queue
[2026-03-28T18:56:11.778+0500] {logging_mixin.py:188} INFO - [2026-03-28T18:56:11.777+0500] {dagbag.py:545} INFO - Filling up the DagBag from /home/abayturar/airflow-project/venv/lib/python3.12/site-packages/airflow/example_dags/example_sla_dag.py
[2026-03-28T18:56:11.787+0500] {processor.py:840} INFO - DAG(s) 'example_sla_dag' retrieved from /home/abayturar/airflow-project/venv/lib/python3.12/site-packages/airflow/example_dags/example_sla_dag.py
[2026-03-28T18:56:11.802+0500] {logging_mixin.py:188} INFO - [2026-03-28T18:56:11.802+0500] {dag.py:3089} INFO - Sync 1 DAGs
[2026-03-28T18:56:11.818+0500] {logging_mixin.py:188} INFO - [2026-03-28T18:56:11.818+0500] {dag.py:3947} INFO - Setting next_dagrun for example_sla_dag to 2026-03-28 13:54:00+00:00, run_after=2026-03-28 13:56:00+00:00
[2026-03-28T18:56:11.845+0500] {processor.py:183} INFO - Processing /home/abayturar/airflow-project/venv/lib/python3.12/site-packages/airflow/example_dags/example_sla_dag.py took 0.076 seconds
[2026-03-28T18:57:02.125+0500] {processor.py:161} INFO - Started process (PID=24290) to work on /home/abayturar/airflow-project/venv/lib/python3.12/site-packages/airflow/example_dags/example_sla_dag.py
[2026-03-28T18:57:02.126+0500] {processor.py:830} INFO - Processing file /home/abayturar/airflow-project/venv/lib/python3.12/site-packages/airflow/example_dags/example_sla_dag.py for tasks to queue
[2026-03-28T18:57:02.128+0500] {logging_mixin.py:188} INFO - [2026-03-28T18:57:02.128+0500] {dagbag.py:545} INFO - Filling up the DagBag from /home/abayturar/airflow-project/venv/lib/python3.12/site-packages/airflow/example_dags/example_sla_dag.py
[2026-03-28T18:57:02.137+0500] {processor.py:840} INFO - DAG(s) 'example_sla_dag' retrieved from /home/abayturar/airflow-project/venv/lib/python3.12/site-packages/airflow/example_dags/example_sla_dag.py
[2026-03-28T18:57:02.153+0500] {logging_mixin.py:188} INFO - [2026-03-28T18:57:02.153+0500] {dag.py:3089} INFO - Sync 1 DAGs
[2026-03-28T18:57:02.169+0500] {logging_mixin.py:188} INFO - [2026-03-28T18:57:02.169+0500] {dag.py:3947} INFO - Setting next_dagrun for example_sla_dag to 2026-03-28 13:54:00+00:00, run_after=2026-03-28 13:56:00+00:00
[2026-03-28T18:57:02.184+0500] {processor.py:183} INFO - Processing /home/abayturar/airflow-project/venv/lib/python3.12/site-packages/airflow/example_dags/example_sla_dag.py took 0.065 seconds
[2026-03-28T18:57:49.993+0500] {processor.py:161} INFO - Started process (PID=24416) to work on /home/abayturar/airflow-project/venv/lib/python3.12/site-packages/airflow/example_dags/example_sla_dag.py
[2026-03-28T18:57:49.994+0500] {processor.py:830} INFO - Processing file /home/abayturar/airflow-project/venv/lib/python3.12/site-packages/airflow/example_dags/example_sla_dag.py for tasks to queue
[2026-03-28T18:57:49.996+0500] {logging_mixin.py:188} INFO - [2026-03-28T18:57:49.995+0500] {dagbag.py:545} INFO - Filling up the DagBag from /home/abayturar/airflow-project/venv/lib/python3.12/site-packages/airflow/example_dags/example_sla_dag.py
[2026-03-28T18:57:50.005+0500] {processor.py:840} INFO - DAG(s) 'example_sla_dag' retrieved from /home/abayturar/airflow-project/venv/lib/python3.12/site-packages/airflow/example_dags/example_sla_dag.py
[2026-03-28T18:57:50.021+0500] {logging_mixin.py:188} INFO - [2026-03-28T18:57:50.021+0500] {dag.py:3089} INFO - Sync 1 DAGs
[2026-03-28T18:57:50.037+0500] {logging_mixin.py:188} INFO - [2026-03-28T18:57:50.037+0500] {dag.py:3947} INFO - Setting next_dagrun for example_sla_dag to 2026-03-28 13:54:00+00:00, run_after=2026-03-28 13:56:00+00:00
[2026-03-28T18:57:50.068+0500] {processor.py:183} INFO - Processing /home/abayturar/airflow-project/venv/lib/python3.12/site-packages/airflow/example_dags/example_sla_dag.py took 0.083 seconds
[2026-03-28T18:58:37.130+0500] {processor.py:161} INFO - Started process (PID=24542) to work on /home/abayturar/airflow-project/venv/lib/python3.12/site-packages/airflow/example_dags/example_sla_dag.py
[2026-03-28T18:58:37.131+0500] {processor.py:830} INFO - Processing file /home/abayturar/airflow-project/venv/lib/python3.12/site-packages/airflow/example_dags/example_sla_dag.py for tasks to queue
[2026-03-28T18:58:37.133+0500] {logging_mixin.py:188} INFO - [2026-03-28T18:58:37.133+0500] {dagbag.py:545} INFO - Filling up the DagBag from /home/abayturar/airflow-project/venv/lib/python3.12/site-packages/airflow/example_dags/example_sla_dag.py
[2026-03-28T18:58:37.143+0500] {processor.py:840} INFO - DAG(s) 'example_sla_dag' retrieved from /home/abayturar/airflow-project/venv/lib/python3.12/site-packages/airflow/example_dags/example_sla_dag.py
[2026-03-28T18:58:37.160+0500] {logging_mixin.py:188} INFO - [2026-03-28T18:58:37.160+0500] {dag.py:3089} INFO - Sync 1 DAGs
[2026-03-28T18:58:37.176+0500] {logging_mixin.py:188} INFO - [2026-03-28T18:58:37.176+0500] {dag.py:3947} INFO - Setting next_dagrun for example_sla_dag to 2026-03-28 13:56:00+00:00, run_after=2026-03-28 13:58:00+00:00
[2026-03-28T18:58:37.193+0500] {processor.py:183} INFO - Processing /home/abayturar/airflow-project/venv/lib/python3.12/site-packages/airflow/example_dags/example_sla_dag.py took 0.070 seconds
[2026-03-28T18:59:23.068+0500] {processor.py:161} INFO - Started process (PID=24665) to work on /home/abayturar/airflow-project/venv/lib/python3.12/site-packages/airflow/example_dags/example_sla_dag.py
[2026-03-28T18:59:23.069+0500] {processor.py:830} INFO - Processing file /home/abayturar/airflow-project/venv/lib/python3.12/site-packages/airflow/example_dags/example_sla_dag.py for tasks to queue
[2026-03-28T18:59:23.071+0500] {logging_mixin.py:188} INFO - [2026-03-28T18:59:23.070+0500] {dagbag.py:545} INFO - Filling up the DagBag from /home/abayturar/airflow-project/venv/lib/python3.12/site-packages/airflow/example_dags/example_sla_dag.py
[2026-03-28T18:59:23.079+0500] {processor.py:840} INFO - DAG(s) 'example_sla_dag' retrieved from /home/abayturar/airflow-project/venv/lib/python3.12/site-packages/airflow/example_dags/example_sla_dag.py
[2026-03-28T18:59:23.094+0500] {logging_mixin.py:188} INFO - [2026-03-28T18:59:23.094+0500] {dag.py:3089} INFO - Sync 1 DAGs
[2026-03-28T18:59:23.109+0500] {logging_mixin.py:188} INFO - [2026-03-28T18:59:23.109+0500] {dag.py:3947} INFO - Setting next_dagrun for example_sla_dag to 2026-03-28 13:56:00+00:00, run_after=2026-03-28 13:58:00+00:00
[2026-03-28T18:59:23.123+0500] {processor.py:183} INFO - Processing /home/abayturar/airflow-project/venv/lib/python3.12/site-packages/airflow/example_dags/example_sla_dag.py took 0.061 seconds
[2026-03-28T19:00:11.477+0500] {processor.py:161} INFO - Started process (PID=24796) to work on /home/abayturar/airflow-project/venv/lib/python3.12/site-packages/airflow/example_dags/example_sla_dag.py
[2026-03-28T19:00:11.478+0500] {processor.py:830} INFO - Processing file /home/abayturar/airflow-project/venv/lib/python3.12/site-packages/airflow/example_dags/example_sla_dag.py for tasks to queue
[2026-03-28T19:00:11.480+0500] {logging_mixin.py:188} INFO - [2026-03-28T19:00:11.480+0500] {dagbag.py:545} INFO - Filling up the DagBag from /home/abayturar/airflow-project/venv/lib/python3.12/site-packages/airflow/example_dags/example_sla_dag.py
[2026-03-28T19:00:11.489+0500] {processor.py:840} INFO - DAG(s) 'example_sla_dag' retrieved from /home/abayturar/airflow-project/venv/lib/python3.12/site-packages/airflow/example_dags/example_sla_dag.py
[2026-03-28T19:00:11.503+0500] {logging_mixin.py:188} INFO - [2026-03-28T19:00:11.503+0500] {dag.py:3089} INFO - Sync 1 DAGs
[2026-03-28T19:00:11.519+0500] {logging_mixin.py:188} INFO - [2026-03-28T19:00:11.519+0500] {dag.py:3947} INFO - Setting next_dagrun for example_sla_dag to 2026-03-28 13:58:00+00:00, run_after=2026-03-28 14:00:00+00:00
[2026-03-28T19:00:11.546+0500] {processor.py:183} INFO - Processing /home/abayturar/airflow-project/venv/lib/python3.12/site-packages/airflow/example_dags/example_sla_dag.py took 0.075 seconds
[2026-03-28T19:00:56.885+0500] {processor.py:161} INFO - Started process (PID=24918) to work on /home/abayturar/airflow-project/venv/lib/python3.12/site-packages/airflow/example_dags/example_sla_dag.py
[2026-03-28T19:00:56.885+0500] {processor.py:830} INFO - Processing file /home/abayturar/airflow-project/venv/lib/python3.12/site-packages/airflow/example_dags/example_sla_dag.py for tasks to queue
[2026-03-28T19:00:56.887+0500] {logging_mixin.py:188} INFO - [2026-03-28T19:00:56.887+0500] {dagbag.py:545} INFO - Filling up the DagBag from /home/abayturar/airflow-project/venv/lib/python3.12/site-packages/airflow/example_dags/example_sla_dag.py
[2026-03-28T19:00:56.896+0500] {processor.py:840} INFO - DAG(s) 'example_sla_dag' retrieved from /home/abayturar/airflow-project/venv/lib/python3.12/site-packages/airflow/example_dags/example_sla_dag.py
[2026-03-28T19:00:56.910+0500] {logging_mixin.py:188} INFO - [2026-03-28T19:00:56.910+0500] {dag.py:3089} INFO - Sync 1 DAGs
[2026-03-28T19:00:56.925+0500] {logging_mixin.py:188} INFO - [2026-03-28T19:00:56.925+0500] {dag.py:3947} INFO - Setting next_dagrun for example_sla_dag to 2026-03-28 13:58:00+00:00, run_after=2026-03-28 14:00:00+00:00
[2026-03-28T19:00:56.955+0500] {processor.py:183} INFO - Processing /home/abayturar/airflow-project/venv/lib/python3.12/site-packages/airflow/example_dags/example_sla_dag.py took 0.077 seconds
[2026-03-28T19:01:46.301+0500] {processor.py:161} INFO - Started process (PID=25050) to work on /home/abayturar/airflow-project/venv/lib/python3.12/site-packages/airflow/example_dags/example_sla_dag.py
[2026-03-28T19:01:46.302+0500] {processor.py:830} INFO - Processing file /home/abayturar/airflow-project/venv/lib/python3.12/site-packages/airflow/example_dags/example_sla_dag.py for tasks to queue
[2026-03-28T19:01:46.304+0500] {logging_mixin.py:188} INFO - [2026-03-28T19:01:46.304+0500] {dagbag.py:545} INFO - Filling up the DagBag from /home/abayturar/airflow-project/venv/lib/python3.12/site-packages/airflow/example_dags/example_sla_dag.py
[2026-03-28T19:01:46.313+0500] {processor.py:840} INFO - DAG(s) 'example_sla_dag' retrieved from /home/abayturar/airflow-project/venv/lib/python3.12/site-packages/airflow/example_dags/example_sla_dag.py
[2026-03-28T19:01:46.329+0500] {logging_mixin.py:188} INFO - [2026-03-28T19:01:46.329+0500] {dag.py:3089} INFO - Sync 1 DAGs
[2026-03-28T19:01:46.346+0500] {logging_mixin.py:188} INFO - [2026-03-28T19:01:46.345+0500] {dag.py:3947} INFO - Setting next_dagrun for example_sla_dag to 2026-03-28 13:58:00+00:00, run_after=2026-03-28 14:00:00+00:00
[2026-03-28T19:01:46.362+0500] {processor.py:183} INFO - Processing /home/abayturar/airflow-project/venv/lib/python3.12/site-packages/airflow/example_dags/example_sla_dag.py took 0.067 seconds
[2026-03-28T19:02:31.068+0500] {processor.py:161} INFO - Started process (PID=25172) to work on /home/abayturar/airflow-project/venv/lib/python3.12/site-packages/airflow/example_dags/example_sla_dag.py
[2026-03-28T19:02:31.069+0500] {processor.py:830} INFO - Processing file /home/abayturar/airflow-project/venv/lib/python3.12/site-packages/airflow/example_dags/example_sla_dag.py for tasks to queue
[2026-03-28T19:02:31.071+0500] {logging_mixin.py:188} INFO - [2026-03-28T19:02:31.071+0500] {dagbag.py:545} INFO - Filling up the DagBag from /home/abayturar/airflow-project/venv/lib/python3.12/site-packages/airflow/example_dags/example_sla_dag.py
[2026-03-28T19:02:31.080+0500] {processor.py:840} INFO - DAG(s) 'example_sla_dag' retrieved from /home/abayturar/airflow-project/venv/lib/python3.12/site-packages/airflow/example_dags/example_sla_dag.py
[2026-03-28T19:02:31.095+0500] {logging_mixin.py:188} INFO - [2026-03-28T19:02:31.095+0500] {dag.py:3089} INFO - Sync 1 DAGs
[2026-03-28T19:02:31.110+0500] {logging_mixin.py:188} INFO - [2026-03-28T19:02:31.110+0500] {dag.py:3947} INFO - Setting next_dagrun for example_sla_dag to 2026-03-28 14:00:00+00:00, run_after=2026-03-28 14:02:00+00:00
[2026-03-28T19:02:31.139+0500] {processor.py:183} INFO - Processing /home/abayturar/airflow-project/venv/lib/python3.12/site-packages/airflow/example_dags/example_sla_dag.py took 0.078 seconds
[2026-03-28T19:03:12.777+0500] {processor.py:161} INFO - Started process (PID=25285) to work on /home/abayturar/airflow-project/venv/lib/python3.12/site-packages/airflow/example_dags/example_sla_dag.py
[2026-03-28T19:03:12.778+0500] {processor.py:830} INFO - Processing file /home/abayturar/airflow-project/venv/lib/python3.12/site-packages/airflow/example_dags/example_sla_dag.py for tasks to queue
[2026-03-28T19:03:12.780+0500] {logging_mixin.py:188} INFO - [2026-03-28T19:03:12.779+0500] {dagbag.py:545} INFO - Filling up the DagBag from /home/abayturar/airflow-project/venv/lib/python3.12/site-packages/airflow/example_dags/example_sla_dag.py
[2026-03-28T19:03:12.789+0500] {processor.py:840} INFO - DAG(s) 'example_sla_dag' retrieved from /home/abayturar/airflow-project/venv/lib/python3.12/site-packages/airflow/example_dags/example_sla_dag.py
[2026-03-28T19:03:12.804+0500] {logging_mixin.py:188} INFO - [2026-03-28T19:03:12.804+0500] {dag.py:3089} INFO - Sync 1 DAGs
[2026-03-28T19:03:12.821+0500] {logging_mixin.py:188} INFO - [2026-03-28T19:03:12.821+0500] {dag.py:3947} INFO - Setting next_dagrun for example_sla_dag to 2026-03-28 14:00:00+00:00, run_after=2026-03-28 14:02:00+00:00
[2026-03-28T19:03:12.849+0500] {processor.py:183} INFO - Processing /home/abayturar/airflow-project/venv/lib/python3.12/site-packages/airflow/example_dags/example_sla_dag.py took 0.079 seconds
[2026-03-28T19:03:57.604+0500] {processor.py:161} INFO - Started process (PID=25406) to work on /home/abayturar/airflow-project/venv/lib/python3.12/site-packages/airflow/example_dags/example_sla_dag.py
[2026-03-28T19:03:57.605+0500] {processor.py:830} INFO - Processing file /home/abayturar/airflow-project/venv/lib/python3.12/site-packages/airflow/example_dags/example_sla_dag.py for tasks to queue
[2026-03-28T19:03:57.607+0500] {logging_mixin.py:188} INFO - [2026-03-28T19:03:57.607+0500] {dagbag.py:545} INFO - Filling up the DagBag from /home/abayturar/airflow-project/venv/lib/python3.12/site-packages/airflow/example_dags/example_sla_dag.py
[2026-03-28T19:03:57.616+0500] {processor.py:840} INFO - DAG(s) 'example_sla_dag' retrieved from /home/abayturar/airflow-project/venv/lib/python3.12/site-packages/airflow/example_dags/example_sla_dag.py
[2026-03-28T19:03:57.630+0500] {logging_mixin.py:188} INFO - [2026-03-28T19:03:57.630+0500] {dag.py:3089} INFO - Sync 1 DAGs
[2026-03-28T19:03:57.645+0500] {logging_mixin.py:188} INFO - [2026-03-28T19:03:57.644+0500] {dag.py:3947} INFO - Setting next_dagrun for example_sla_dag to 2026-03-28 14:00:00+00:00, run_after=2026-03-28 14:02:00+00:00
[2026-03-28T19:03:57.671+0500] {processor.py:183} INFO - Processing /home/abayturar/airflow-project/venv/lib/python3.12/site-packages/airflow/example_dags/example_sla_dag.py took 0.073 seconds
[2026-03-28T19:04:46.202+0500] {processor.py:161} INFO - Started process (PID=25534) to work on /home/abayturar/airflow-project/venv/lib/python3.12/site-packages/airflow/example_dags/example_sla_dag.py
[2026-03-28T19:04:46.203+0500] {processor.py:830} INFO - Processing file /home/abayturar/airflow-project/venv/lib/python3.12/site-packages/airflow/example_dags/example_sla_dag.py for tasks to queue
[2026-03-28T19:04:46.205+0500] {logging_mixin.py:188} INFO - [2026-03-28T19:04:46.204+0500] {dagbag.py:545} INFO - Filling up the DagBag from /home/abayturar/airflow-project/venv/lib/python3.12/site-packages/airflow/example_dags/example_sla_dag.py
[2026-03-28T19:04:46.214+0500] {processor.py:840} INFO - DAG(s) 'example_sla_dag' retrieved from /home/abayturar/airflow-project/venv/lib/python3.12/site-packages/airflow/example_dags/example_sla_dag.py
[2026-03-28T19:04:46.228+0500] {logging_mixin.py:188} INFO - [2026-03-28T19:04:46.228+0500] {dag.py:3089} INFO - Sync 1 DAGs
[2026-03-28T19:04:46.243+0500] {logging_mixin.py:188} INFO - [2026-03-28T19:04:46.243+0500] {dag.py:3947} INFO - Setting next_dagrun for example_sla_dag to 2026-03-28 14:02:00+00:00, run_after=2026-03-28 14:04:00+00:00
[2026-03-28T19:04:46.269+0500] {processor.py:183} INFO - Processing /home/abayturar/airflow-project/venv/lib/python3.12/site-packages/airflow/example_dags/example_sla_dag.py took 0.074 seconds
[2026-03-28T19:05:30.186+0500] {processor.py:161} INFO - Started process (PID=25656) to work on /home/abayturar/airflow-project/venv/lib/python3.12/site-packages/airflow/example_dags/example_sla_dag.py
[2026-03-28T19:05:30.187+0500] {processor.py:830} INFO - Processing file /home/abayturar/airflow-project/venv/lib/python3.12/site-packages/airflow/example_dags/example_sla_dag.py for tasks to queue
[2026-03-28T19:05:30.189+0500] {logging_mixin.py:188} INFO - [2026-03-28T19:05:30.188+0500] {dagbag.py:545} INFO - Filling up the DagBag from /home/abayturar/airflow-project/venv/lib/python3.12/site-packages/airflow/example_dags/example_sla_dag.py
[2026-03-28T19:05:30.197+0500] {processor.py:840} INFO - DAG(s) 'example_sla_dag' retrieved from /home/abayturar/airflow-project/venv/lib/python3.12/site-packages/airflow/example_dags/example_sla_dag.py
[2026-03-28T19:05:30.212+0500] {logging_mixin.py:188} INFO - [2026-03-28T19:05:30.212+0500] {dag.py:3089} INFO - Sync 1 DAGs
[2026-03-28T19:05:30.227+0500] {logging_mixin.py:188} INFO - [2026-03-28T19:05:30.227+0500] {dag.py:3947} INFO - Setting next_dagrun for example_sla_dag to 2026-03-28 14:02:00+00:00, run_after=2026-03-28 14:04:00+00:00
[2026-03-28T19:05:30.253+0500] {processor.py:183} INFO - Processing /home/abayturar/airflow-project/venv/lib/python3.12/site-packages/airflow/example_dags/example_sla_dag.py took 0.073 seconds
[2026-03-28T19:06:14.112+0500] {processor.py:161} INFO - Started process (PID=25774) to work on /home/abayturar/airflow-project/venv/lib/python3.12/site-packages/airflow/example_dags/example_sla_dag.py
[2026-03-28T19:06:14.113+0500] {processor.py:830} INFO - Processing file /home/abayturar/airflow-project/venv/lib/python3.12/site-packages/airflow/example_dags/example_sla_dag.py for tasks to queue
[2026-03-28T19:06:14.115+0500] {logging_mixin.py:188} INFO - [2026-03-28T19:06:14.114+0500] {dagbag.py:545} INFO - Filling up the DagBag from /home/abayturar/airflow-project/venv/lib/python3.12/site-packages/airflow/example_dags/example_sla_dag.py
[2026-03-28T19:06:14.123+0500] {processor.py:840} INFO - DAG(s) 'example_sla_dag' retrieved from /home/abayturar/airflow-project/venv/lib/python3.12/site-packages/airflow/example_dags/example_sla_dag.py
[2026-03-28T19:06:14.139+0500] {logging_mixin.py:188} INFO - [2026-03-28T19:06:14.139+0500] {dag.py:3089} INFO - Sync 1 DAGs
[2026-03-28T19:06:14.153+0500] {logging_mixin.py:188} INFO - [2026-03-28T19:06:14.153+0500] {dag.py:3947} INFO - Setting next_dagrun for example_sla_dag to 2026-03-28 14:04:00+00:00, run_after=2026-03-28 14:06:00+00:00
[2026-03-28T19:06:14.168+0500] {processor.py:183} INFO - Processing /home/abayturar/airflow-project/venv/lib/python3.12/site-packages/airflow/example_dags/example_sla_dag.py took 0.062 seconds
[2026-03-28T19:06:55.453+0500] {processor.py:161} INFO - Started process (PID=25886) to work on /home/abayturar/airflow-project/venv/lib/python3.12/site-packages/airflow/example_dags/example_sla_dag.py
[2026-03-28T19:06:55.454+0500] {processor.py:830} INFO - Processing file /home/abayturar/airflow-project/venv/lib/python3.12/site-packages/airflow/example_dags/example_sla_dag.py for tasks to queue
[2026-03-28T19:06:55.455+0500] {logging_mixin.py:188} INFO - [2026-03-28T19:06:55.455+0500] {dagbag.py:545} INFO - Filling up the DagBag from /home/abayturar/airflow-project/venv/lib/python3.12/site-packages/airflow/example_dags/example_sla_dag.py
[2026-03-28T19:06:55.465+0500] {processor.py:840} INFO - DAG(s) 'example_sla_dag' retrieved from /home/abayturar/airflow-project/venv/lib/python3.12/site-packages/airflow/example_dags/example_sla_dag.py
[2026-03-28T19:06:55.480+0500] {logging_mixin.py:188} INFO - [2026-03-28T19:06:55.480+0500] {dag.py:3089} INFO - Sync 1 DAGs
[2026-03-28T19:06:55.496+0500] {logging_mixin.py:188} INFO - [2026-03-28T19:06:55.496+0500] {dag.py:3947} INFO - Setting next_dagrun for example_sla_dag to 2026-03-28 14:04:00+00:00, run_after=2026-03-28 14:06:00+00:00
[2026-03-28T19:06:55.523+0500] {processor.py:183} INFO - Processing /home/abayturar/airflow-project/venv/lib/python3.12/site-packages/airflow/example_dags/example_sla_dag.py took 0.076 seconds
[2026-03-28T19:07:41.919+0500] {processor.py:161} INFO - Started process (PID=26013) to work on /home/abayturar/airflow-project/venv/lib/python3.12/site-packages/airflow/example_dags/example_sla_dag.py
[2026-03-28T19:07:41.919+0500] {processor.py:830} INFO - Processing file /home/abayturar/airflow-project/venv/lib/python3.12/site-packages/airflow/example_dags/example_sla_dag.py for tasks to queue
[2026-03-28T19:07:41.921+0500] {logging_mixin.py:188} INFO - [2026-03-28T19:07:41.921+0500] {dagbag.py:545} INFO - Filling up the DagBag from /home/abayturar/airflow-project/venv/lib/python3.12/site-packages/airflow/example_dags/example_sla_dag.py
[2026-03-28T19:07:41.930+0500] {processor.py:840} INFO - DAG(s) 'example_sla_dag' retrieved from /home/abayturar/airflow-project/venv/lib/python3.12/site-packages/airflow/example_dags/example_sla_dag.py
[2026-03-28T19:07:41.947+0500] {logging_mixin.py:188} INFO - [2026-03-28T19:07:41.947+0500] {dag.py:3089} INFO - Sync 1 DAGs
[2026-03-28T19:07:41.964+0500] {logging_mixin.py:188} INFO - [2026-03-28T19:07:41.964+0500] {dag.py:3947} INFO - Setting next_dagrun for example_sla_dag to 2026-03-28 14:04:00+00:00, run_after=2026-03-28 14:06:00+00:00
[2026-03-28T19:07:41.992+0500] {processor.py:183} INFO - Processing /home/abayturar/airflow-project/venv/lib/python3.12/site-packages/airflow/example_dags/example_sla_dag.py took 0.080 seconds
[2026-03-28T19:08:30.951+0500] {processor.py:161} INFO - Started process (PID=26140) to work on /home/abayturar/airflow-project/venv/lib/python3.12/site-packages/airflow/example_dags/example_sla_dag.py
[2026-03-28T19:08:30.952+0500] {processor.py:830} INFO - Processing file /home/abayturar/airflow-project/venv/lib/python3.12/site-packages/airflow/example_dags/example_sla_dag.py for tasks to queue
[2026-03-28T19:08:30.954+0500] {logging_mixin.py:188} INFO - [2026-03-28T19:08:30.954+0500] {dagbag.py:545} INFO - Filling up the DagBag from /home/abayturar/airflow-project/venv/lib/python3.12/site-packages/airflow/example_dags/example_sla_dag.py
[2026-03-28T19:08:30.966+0500] {processor.py:840} INFO - DAG(s) 'example_sla_dag' retrieved from /home/abayturar/airflow-project/venv/lib/python3.12/site-packages/airflow/example_dags/example_sla_dag.py
[2026-03-28T19:08:30.983+0500] {logging_mixin.py:188} INFO - [2026-03-28T19:08:30.983+0500] {dag.py:3089} INFO - Sync 1 DAGs
[2026-03-28T19:08:30.999+0500] {logging_mixin.py:188} INFO - [2026-03-28T19:08:30.999+0500] {dag.py:3947} INFO - Setting next_dagrun for example_sla_dag to 2026-03-28 14:06:00+00:00, run_after=2026-03-28 14:08:00+00:00
[2026-03-28T19:08:31.015+0500] {processor.py:183} INFO - Processing /home/abayturar/airflow-project/venv/lib/python3.12/site-packages/airflow/example_dags/example_sla_dag.py took 0.070 seconds
[2026-03-28T19:09:18.548+0500] {processor.py:161} INFO - Started process (PID=26271) to work on /home/abayturar/airflow-project/venv/lib/python3.12/site-packages/airflow/example_dags/example_sla_dag.py
[2026-03-28T19:09:18.549+0500] {processor.py:830} INFO - Processing file /home/abayturar/airflow-project/venv/lib/python3.12/site-packages/airflow/example_dags/example_sla_dag.py for tasks to queue
[2026-03-28T19:09:18.551+0500] {logging_mixin.py:188} INFO - [2026-03-28T19:09:18.550+0500] {dagbag.py:545} INFO - Filling up the DagBag from /home/abayturar/airflow-project/venv/lib/python3.12/site-packages/airflow/example_dags/example_sla_dag.py
[2026-03-28T19:09:18.562+0500] {processor.py:840} INFO - DAG(s) 'example_sla_dag' retrieved from /home/abayturar/airflow-project/venv/lib/python3.12/site-packages/airflow/example_dags/example_sla_dag.py
[2026-03-28T19:09:18.579+0500] {logging_mixin.py:188} INFO - [2026-03-28T19:09:18.579+0500] {dag.py:3089} INFO - Sync 1 DAGs
[2026-03-28T19:09:18.601+0500] {logging_mixin.py:188} INFO - [2026-03-28T19:09:18.601+0500] {dag.py:3947} INFO - Setting next_dagrun for example_sla_dag to 2026-03-28 14:06:00+00:00, run_after=2026-03-28 14:08:00+00:00
[2026-03-28T19:09:18.617+0500] {processor.py:183} INFO - Processing /home/abayturar/airflow-project/venv/lib/python3.12/site-packages/airflow/example_dags/example_sla_dag.py took 0.076 seconds
[2026-03-28T19:10:02.752+0500] {processor.py:161} INFO - Started process (PID=26390) to work on /home/abayturar/airflow-project/venv/lib/python3.12/site-packages/airflow/example_dags/example_sla_dag.py
[2026-03-28T19:10:02.753+0500] {processor.py:830} INFO - Processing file /home/abayturar/airflow-project/venv/lib/python3.12/site-packages/airflow/example_dags/example_sla_dag.py for tasks to queue
[2026-03-28T19:10:02.755+0500] {logging_mixin.py:188} INFO - [2026-03-28T19:10:02.754+0500] {dagbag.py:545} INFO - Filling up the DagBag from /home/abayturar/airflow-project/venv/lib/python3.12/site-packages/airflow/example_dags/example_sla_dag.py
[2026-03-28T19:10:02.765+0500] {processor.py:840} INFO - DAG(s) 'example_sla_dag' retrieved from /home/abayturar/airflow-project/venv/lib/python3.12/site-packages/airflow/example_dags/example_sla_dag.py
[2026-03-28T19:10:02.783+0500] {logging_mixin.py:188} INFO - [2026-03-28T19:10:02.782+0500] {dag.py:3089} INFO - Sync 1 DAGs
[2026-03-28T19:10:02.803+0500] {logging_mixin.py:188} INFO - [2026-03-28T19:10:02.803+0500] {dag.py:3947} INFO - Setting next_dagrun for example_sla_dag to 2026-03-28 14:08:00+00:00, run_after=2026-03-28 14:10:00+00:00
[2026-03-28T19:10:02.821+0500] {processor.py:183} INFO - Processing /home/abayturar/airflow-project/venv/lib/python3.12/site-packages/airflow/example_dags/example_sla_dag.py took 0.076 seconds
[2026-03-28T19:10:50.644+0500] {processor.py:161} INFO - Started process (PID=26515) to work on /home/abayturar/airflow-project/venv/lib/python3.12/site-packages/airflow/example_dags/example_sla_dag.py
[2026-03-28T19:10:50.645+0500] {processor.py:830} INFO - Processing file /home/abayturar/airflow-project/venv/lib/python3.12/site-packages/airflow/example_dags/example_sla_dag.py for tasks to queue
[2026-03-28T19:10:50.647+0500] {logging_mixin.py:188} INFO - [2026-03-28T19:10:50.646+0500] {dagbag.py:545} INFO - Filling up the DagBag from /home/abayturar/airflow-project/venv/lib/python3.12/site-packages/airflow/example_dags/example_sla_dag.py
[2026-03-28T19:10:50.657+0500] {processor.py:840} INFO - DAG(s) 'example_sla_dag' retrieved from /home/abayturar/airflow-project/venv/lib/python3.12/site-packages/airflow/example_dags/example_sla_dag.py
[2026-03-28T19:10:50.674+0500] {logging_mixin.py:188} INFO - [2026-03-28T19:10:50.674+0500] {dag.py:3089} INFO - Sync 1 DAGs
[2026-03-28T19:10:50.691+0500] {logging_mixin.py:188} INFO - [2026-03-28T19:10:50.691+0500] {dag.py:3947} INFO - Setting next_dagrun for example_sla_dag to 2026-03-28 14:08:00+00:00, run_after=2026-03-28 14:10:00+00:00
[2026-03-28T19:10:50.718+0500] {processor.py:183} INFO - Processing /home/abayturar/airflow-project/venv/lib/python3.12/site-packages/airflow/example_dags/example_sla_dag.py took 0.081 seconds
[2026-03-28T19:11:38.974+0500] {processor.py:161} INFO - Started process (PID=26646) to work on /home/abayturar/airflow-project/venv/lib/python3.12/site-packages/airflow/example_dags/example_sla_dag.py
[2026-03-28T19:11:38.975+0500] {processor.py:830} INFO - Processing file /home/abayturar/airflow-project/venv/lib/python3.12/site-packages/airflow/example_dags/example_sla_dag.py for tasks to queue
[2026-03-28T19:11:38.976+0500] {logging_mixin.py:188} INFO - [2026-03-28T19:11:38.976+0500] {dagbag.py:545} INFO - Filling up the DagBag from /home/abayturar/airflow-project/venv/lib/python3.12/site-packages/airflow/example_dags/example_sla_dag.py
[2026-03-28T19:11:38.985+0500] {processor.py:840} INFO - DAG(s) 'example_sla_dag' retrieved from /home/abayturar/airflow-project/venv/lib/python3.12/site-packages/airflow/example_dags/example_sla_dag.py
[2026-03-28T19:11:38.999+0500] {logging_mixin.py:188} INFO - [2026-03-28T19:11:38.999+0500] {dag.py:3089} INFO - Sync 1 DAGs
[2026-03-28T19:11:39.013+0500] {logging_mixin.py:188} INFO - [2026-03-28T19:11:39.013+0500] {dag.py:3947} INFO - Setting next_dagrun for example_sla_dag to 2026-03-28 14:08:00+00:00, run_after=2026-03-28 14:10:00+00:00
[2026-03-28T19:11:39.040+0500] {processor.py:183} INFO - Processing /home/abayturar/airflow-project/venv/lib/python3.12/site-packages/airflow/example_dags/example_sla_dag.py took 0.072 seconds
[2026-03-28T19:12:25.726+0500] {processor.py:161} INFO - Started process (PID=26769) to work on /home/abayturar/airflow-project/venv/lib/python3.12/site-packages/airflow/example_dags/example_sla_dag.py
[2026-03-28T19:12:25.728+0500] {processor.py:830} INFO - Processing file /home/abayturar/airflow-project/venv/lib/python3.12/site-packages/airflow/example_dags/example_sla_dag.py for tasks to queue
[2026-03-28T19:12:25.729+0500] {logging_mixin.py:188} INFO - [2026-03-28T19:12:25.729+0500] {dagbag.py:545} INFO - Filling up the DagBag from /home/abayturar/airflow-project/venv/lib/python3.12/site-packages/airflow/example_dags/example_sla_dag.py
[2026-03-28T19:12:25.738+0500] {processor.py:840} INFO - DAG(s) 'example_sla_dag' retrieved from /home/abayturar/airflow-project/venv/lib/python3.12/site-packages/airflow/example_dags/example_sla_dag.py
[2026-03-28T19:12:25.753+0500] {logging_mixin.py:188} INFO - [2026-03-28T19:12:25.753+0500] {dag.py:3089} INFO - Sync 1 DAGs
[2026-03-28T19:12:25.769+0500] {logging_mixin.py:188} INFO - [2026-03-28T19:12:25.769+0500] {dag.py:3947} INFO - Setting next_dagrun for example_sla_dag to 2026-03-28 14:10:00+00:00, run_after=2026-03-28 14:12:00+00:00
[2026-03-28T19:12:25.784+0500] {processor.py:183} INFO - Processing /home/abayturar/airflow-project/venv/lib/python3.12/site-packages/airflow/example_dags/example_sla_dag.py took 0.064 seconds
[2026-03-28T19:13:13.788+0500] {processor.py:161} INFO - Started process (PID=26899) to work on /home/abayturar/airflow-project/venv/lib/python3.12/site-packages/airflow/example_dags/example_sla_dag.py
[2026-03-28T19:13:13.789+0500] {processor.py:830} INFO - Processing file /home/abayturar/airflow-project/venv/lib/python3.12/site-packages/airflow/example_dags/example_sla_dag.py for tasks to queue
[2026-03-28T19:13:13.791+0500] {logging_mixin.py:188} INFO - [2026-03-28T19:13:13.790+0500] {dagbag.py:545} INFO - Filling up the DagBag from /home/abayturar/airflow-project/venv/lib/python3.12/site-packages/airflow/example_dags/example_sla_dag.py
[2026-03-28T19:13:13.799+0500] {processor.py:840} INFO - DAG(s) 'example_sla_dag' retrieved from /home/abayturar/airflow-project/venv/lib/python3.12/site-packages/airflow/example_dags/example_sla_dag.py
[2026-03-28T19:13:13.814+0500] {logging_mixin.py:188} INFO - [2026-03-28T19:13:13.814+0500] {dag.py:3089} INFO - Sync 1 DAGs
[2026-03-28T19:13:13.829+0500] {logging_mixin.py:188} INFO - [2026-03-28T19:13:13.829+0500] {dag.py:3947} INFO - Setting next_dagrun for example_sla_dag to 2026-03-28 14:10:00+00:00, run_after=2026-03-28 14:12:00+00:00
[2026-03-28T19:13:13.855+0500] {processor.py:183} INFO - Processing /home/abayturar/airflow-project/venv/lib/python3.12/site-packages/airflow/example_dags/example_sla_dag.py took 0.073 seconds
[2026-03-28T19:13:59.704+0500] {processor.py:161} INFO - Started process (PID=27022) to work on /home/abayturar/airflow-project/venv/lib/python3.12/site-packages/airflow/example_dags/example_sla_dag.py
[2026-03-28T19:13:59.705+0500] {processor.py:830} INFO - Processing file /home/abayturar/airflow-project/venv/lib/python3.12/site-packages/airflow/example_dags/example_sla_dag.py for tasks to queue
[2026-03-28T19:13:59.707+0500] {logging_mixin.py:188} INFO - [2026-03-28T19:13:59.707+0500] {dagbag.py:545} INFO - Filling up the DagBag from /home/abayturar/airflow-project/venv/lib/python3.12/site-packages/airflow/example_dags/example_sla_dag.py
[2026-03-28T19:13:59.716+0500] {processor.py:840} INFO - DAG(s) 'example_sla_dag' retrieved from /home/abayturar/airflow-project/venv/lib/python3.12/site-packages/airflow/example_dags/example_sla_dag.py
[2026-03-28T19:13:59.733+0500] {logging_mixin.py:188} INFO - [2026-03-28T19:13:59.733+0500] {dag.py:3089} INFO - Sync 1 DAGs
[2026-03-28T19:13:59.750+0500] {logging_mixin.py:188} INFO - [2026-03-28T19:13:59.750+0500] {dag.py:3947} INFO - Setting next_dagrun for example_sla_dag to 2026-03-28 14:10:00+00:00, run_after=2026-03-28 14:12:00+00:00
[2026-03-28T19:13:59.781+0500] {processor.py:183} INFO - Processing /home/abayturar/airflow-project/venv/lib/python3.12/site-packages/airflow/example_dags/example_sla_dag.py took 0.084 seconds
[2026-03-28T19:14:48.125+0500] {processor.py:161} INFO - Started process (PID=27154) to work on /home/abayturar/airflow-project/venv/lib/python3.12/site-packages/airflow/example_dags/example_sla_dag.py
[2026-03-28T19:14:48.126+0500] {processor.py:830} INFO - Processing file /home/abayturar/airflow-project/venv/lib/python3.12/site-packages/airflow/example_dags/example_sla_dag.py for tasks to queue
[2026-03-28T19:14:48.128+0500] {logging_mixin.py:188} INFO - [2026-03-28T19:14:48.128+0500] {dagbag.py:545} INFO - Filling up the DagBag from /home/abayturar/airflow-project/venv/lib/python3.12/site-packages/airflow/example_dags/example_sla_dag.py
[2026-03-28T19:14:48.137+0500] {processor.py:840} INFO - DAG(s) 'example_sla_dag' retrieved from /home/abayturar/airflow-project/venv/lib/python3.12/site-packages/airflow/example_dags/example_sla_dag.py
[2026-03-28T19:14:48.152+0500] {logging_mixin.py:188} INFO - [2026-03-28T19:14:48.152+0500] {dag.py:3089} INFO - Sync 1 DAGs
[2026-03-28T19:14:48.168+0500] {logging_mixin.py:188} INFO - [2026-03-28T19:14:48.168+0500] {dag.py:3947} INFO - Setting next_dagrun for example_sla_dag to 2026-03-28 14:12:00+00:00, run_after=2026-03-28 14:14:00+00:00
[2026-03-28T19:14:48.198+0500] {processor.py:183} INFO - Processing /home/abayturar/airflow-project/venv/lib/python3.12/site-packages/airflow/example_dags/example_sla_dag.py took 0.079 seconds
[2026-03-28T19:15:33.410+0500] {processor.py:161} INFO - Started process (PID=27277) to work on /home/abayturar/airflow-project/venv/lib/python3.12/site-packages/airflow/example_dags/example_sla_dag.py
[2026-03-28T19:15:33.411+0500] {processor.py:830} INFO - Processing file /home/abayturar/airflow-project/venv/lib/python3.12/site-packages/airflow/example_dags/example_sla_dag.py for tasks to queue
[2026-03-28T19:15:33.413+0500] {logging_mixin.py:188} INFO - [2026-03-28T19:15:33.412+0500] {dagbag.py:545} INFO - Filling up the DagBag from /home/abayturar/airflow-project/venv/lib/python3.12/site-packages/airflow/example_dags/example_sla_dag.py
[2026-03-28T19:15:33.423+0500] {processor.py:840} INFO - DAG(s) 'example_sla_dag' retrieved from /home/abayturar/airflow-project/venv/lib/python3.12/site-packages/airflow/example_dags/example_sla_dag.py
[2026-03-28T19:15:33.439+0500] {logging_mixin.py:188} INFO - [2026-03-28T19:15:33.438+0500] {dag.py:3089} INFO - Sync 1 DAGs
[2026-03-28T19:15:33.456+0500] {logging_mixin.py:188} INFO - [2026-03-28T19:15:33.456+0500] {dag.py:3947} INFO - Setting next_dagrun for example_sla_dag to 2026-03-28 14:12:00+00:00, run_after=2026-03-28 14:14:00+00:00
[2026-03-28T19:15:33.485+0500] {processor.py:183} INFO - Processing /home/abayturar/airflow-project/venv/lib/python3.12/site-packages/airflow/example_dags/example_sla_dag.py took 0.081 seconds
[2026-03-28T19:16:18.349+0500] {processor.py:161} INFO - Started process (PID=27398) to work on /home/abayturar/airflow-project/venv/lib/python3.12/site-packages/airflow/example_dags/example_sla_dag.py
[2026-03-28T19:16:18.350+0500] {processor.py:830} INFO - Processing file /home/abayturar/airflow-project/venv/lib/python3.12/site-packages/airflow/example_dags/example_sla_dag.py for tasks to queue
[2026-03-28T19:16:18.352+0500] {logging_mixin.py:188} INFO - [2026-03-28T19:16:18.352+0500] {dagbag.py:545} INFO - Filling up the DagBag from /home/abayturar/airflow-project/venv/lib/python3.12/site-packages/airflow/example_dags/example_sla_dag.py
[2026-03-28T19:16:18.361+0500] {processor.py:840} INFO - DAG(s) 'example_sla_dag' retrieved from /home/abayturar/airflow-project/venv/lib/python3.12/site-packages/airflow/example_dags/example_sla_dag.py
[2026-03-28T19:16:18.375+0500] {logging_mixin.py:188} INFO - [2026-03-28T19:16:18.375+0500] {dag.py:3089} INFO - Sync 1 DAGs
[2026-03-28T19:16:18.390+0500] {logging_mixin.py:188} INFO - [2026-03-28T19:16:18.390+0500] {dag.py:3947} INFO - Setting next_dagrun for example_sla_dag to 2026-03-28 14:14:00+00:00, run_after=2026-03-28 14:16:00+00:00
[2026-03-28T19:16:18.405+0500] {processor.py:183} INFO - Processing /home/abayturar/airflow-project/venv/lib/python3.12/site-packages/airflow/example_dags/example_sla_dag.py took 0.062 seconds
[2026-03-28T19:17:04.997+0500] {processor.py:161} INFO - Started process (PID=27521) to work on /home/abayturar/airflow-project/venv/lib/python3.12/site-packages/airflow/example_dags/example_sla_dag.py
[2026-03-28T19:17:04.998+0500] {processor.py:830} INFO - Processing file /home/abayturar/airflow-project/venv/lib/python3.12/site-packages/airflow/example_dags/example_sla_dag.py for tasks to queue
[2026-03-28T19:17:05.000+0500] {logging_mixin.py:188} INFO - [2026-03-28T19:17:05.000+0500] {dagbag.py:545} INFO - Filling up the DagBag from /home/abayturar/airflow-project/venv/lib/python3.12/site-packages/airflow/example_dags/example_sla_dag.py
[2026-03-28T19:17:05.013+0500] {processor.py:840} INFO - DAG(s) 'example_sla_dag' retrieved from /home/abayturar/airflow-project/venv/lib/python3.12/site-packages/airflow/example_dags/example_sla_dag.py
[2026-03-28T19:17:05.030+0500] {logging_mixin.py:188} INFO - [2026-03-28T19:17:05.030+0500] {dag.py:3089} INFO - Sync 1 DAGs
[2026-03-28T19:17:05.054+0500] {logging_mixin.py:188} INFO - [2026-03-28T19:17:05.054+0500] {dag.py:3947} INFO - Setting next_dagrun for example_sla_dag to 2026-03-28 14:14:00+00:00, run_after=2026-03-28 14:16:00+00:00
[2026-03-28T19:17:05.091+0500] {processor.py:183} INFO - Processing /home/abayturar/airflow-project/venv/lib/python3.12/site-packages/airflow/example_dags/example_sla_dag.py took 0.102 seconds
[2026-03-28T19:17:51.774+0500] {processor.py:161} INFO - Started process (PID=27648) to work on /home/abayturar/airflow-project/venv/lib/python3.12/site-packages/airflow/example_dags/example_sla_dag.py
[2026-03-28T19:17:51.775+0500] {processor.py:830} INFO - Processing file /home/abayturar/airflow-project/venv/lib/python3.12/site-packages/airflow/example_dags/example_sla_dag.py for tasks to queue
[2026-03-28T19:17:51.777+0500] {logging_mixin.py:188} INFO - [2026-03-28T19:17:51.776+0500] {dagbag.py:545} INFO - Filling up the DagBag from /home/abayturar/airflow-project/venv/lib/python3.12/site-packages/airflow/example_dags/example_sla_dag.py
[2026-03-28T19:17:51.786+0500] {processor.py:840} INFO - DAG(s) 'example_sla_dag' retrieved from /home/abayturar/airflow-project/venv/lib/python3.12/site-packages/airflow/example_dags/example_sla_dag.py
[2026-03-28T19:17:51.800+0500] {logging_mixin.py:188} INFO - [2026-03-28T19:17:51.800+0500] {dag.py:3089} INFO - Sync 1 DAGs
[2026-03-28T19:17:51.817+0500] {logging_mixin.py:188} INFO - [2026-03-28T19:17:51.817+0500] {dag.py:3947} INFO - Setting next_dagrun for example_sla_dag to 2026-03-28 14:14:00+00:00, run_after=2026-03-28 14:16:00+00:00
[2026-03-28T19:17:51.846+0500] {processor.py:183} INFO - Processing /home/abayturar/airflow-project/venv/lib/python3.12/site-packages/airflow/example_dags/example_sla_dag.py took 0.077 seconds
[2026-03-28T19:18:35.279+0500] {processor.py:161} INFO - Started process (PID=27766) to work on /home/abayturar/airflow-project/venv/lib/python3.12/site-packages/airflow/example_dags/example_sla_dag.py
[2026-03-28T19:18:35.279+0500] {processor.py:830} INFO - Processing file /home/abayturar/airflow-project/venv/lib/python3.12/site-packages/airflow/example_dags/example_sla_dag.py for tasks to queue
[2026-03-28T19:18:35.281+0500] {logging_mixin.py:188} INFO - [2026-03-28T19:18:35.281+0500] {dagbag.py:545} INFO - Filling up the DagBag from /home/abayturar/airflow-project/venv/lib/python3.12/site-packages/airflow/example_dags/example_sla_dag.py
[2026-03-28T19:18:35.289+0500] {processor.py:840} INFO - DAG(s) 'example_sla_dag' retrieved from /home/abayturar/airflow-project/venv/lib/python3.12/site-packages/airflow/example_dags/example_sla_dag.py
[2026-03-28T19:18:35.304+0500] {logging_mixin.py:188} INFO - [2026-03-28T19:18:35.304+0500] {dag.py:3089} INFO - Sync 1 DAGs
[2026-03-28T19:18:35.318+0500] {logging_mixin.py:188} INFO - [2026-03-28T19:18:35.318+0500] {dag.py:3947} INFO - Setting next_dagrun for example_sla_dag to 2026-03-28 14:16:00+00:00, run_after=2026-03-28 14:18:00+00:00
[2026-03-28T19:18:35.334+0500] {processor.py:183} INFO - Processing /home/abayturar/airflow-project/venv/lib/python3.12/site-packages/airflow/example_dags/example_sla_dag.py took 0.061 seconds
[2026-03-28T19:19:20.758+0500] {processor.py:161} INFO - Started process (PID=27887) to work on /home/abayturar/airflow-project/venv/lib/python3.12/site-packages/airflow/example_dags/example_sla_dag.py
[2026-03-28T19:19:20.759+0500] {processor.py:830} INFO - Processing file /home/abayturar/airflow-project/venv/lib/python3.12/site-packages/airflow/example_dags/example_sla_dag.py for tasks to queue
[2026-03-28T19:19:20.761+0500] {logging_mixin.py:188} INFO - [2026-03-28T19:19:20.761+0500] {dagbag.py:545} INFO - Filling up the DagBag from /home/abayturar/airflow-project/venv/lib/python3.12/site-packages/airflow/example_dags/example_sla_dag.py
[2026-03-28T19:19:20.773+0500] {processor.py:840} INFO - DAG(s) 'example_sla_dag' retrieved from /home/abayturar/airflow-project/venv/lib/python3.12/site-packages/airflow/example_dags/example_sla_dag.py
[2026-03-28T19:19:20.791+0500] {logging_mixin.py:188} INFO - [2026-03-28T19:19:20.791+0500] {dag.py:3089} INFO - Sync 1 DAGs
[2026-03-28T19:19:20.809+0500] {logging_mixin.py:188} INFO - [2026-03-28T19:19:20.808+0500] {dag.py:3947} INFO - Setting next_dagrun for example_sla_dag to 2026-03-28 14:16:00+00:00, run_after=2026-03-28 14:18:00+00:00
[2026-03-28T19:19:20.826+0500] {processor.py:183} INFO - Processing /home/abayturar/airflow-project/venv/lib/python3.12/site-packages/airflow/example_dags/example_sla_dag.py took 0.087 seconds
[2026-03-28T19:20:09.282+0500] {processor.py:161} INFO - Started process (PID=28019) to work on /home/abayturar/airflow-project/venv/lib/python3.12/site-packages/airflow/example_dags/example_sla_dag.py
[2026-03-28T19:20:09.283+0500] {processor.py:830} INFO - Processing file /home/abayturar/airflow-project/venv/lib/python3.12/site-packages/airflow/example_dags/example_sla_dag.py for tasks to queue
[2026-03-28T19:20:09.285+0500] {logging_mixin.py:188} INFO - [2026-03-28T19:20:09.284+0500] {dagbag.py:545} INFO - Filling up the DagBag from /home/abayturar/airflow-project/venv/lib/python3.12/site-packages/airflow/example_dags/example_sla_dag.py
[2026-03-28T19:20:09.293+0500] {processor.py:840} INFO - DAG(s) 'example_sla_dag' retrieved from /home/abayturar/airflow-project/venv/lib/python3.12/site-packages/airflow/example_dags/example_sla_dag.py
[2026-03-28T19:20:09.308+0500] {logging_mixin.py:188} INFO - [2026-03-28T19:20:09.308+0500] {dag.py:3089} INFO - Sync 1 DAGs
[2026-03-28T19:20:09.325+0500] {logging_mixin.py:188} INFO - [2026-03-28T19:20:09.325+0500] {dag.py:3947} INFO - Setting next_dagrun for example_sla_dag to 2026-03-28 14:18:00+00:00, run_after=2026-03-28 14:20:00+00:00
[2026-03-28T19:20:09.342+0500] {processor.py:183} INFO - Processing /home/abayturar/airflow-project/venv/lib/python3.12/site-packages/airflow/example_dags/example_sla_dag.py took 0.066 seconds
[2026-03-28T19:20:55.429+0500] {processor.py:161} INFO - Started process (PID=28143) to work on /home/abayturar/airflow-project/venv/lib/python3.12/site-packages/airflow/example_dags/example_sla_dag.py
[2026-03-28T19:20:55.430+0500] {processor.py:830} INFO - Processing file /home/abayturar/airflow-project/venv/lib/python3.12/site-packages/airflow/example_dags/example_sla_dag.py for tasks to queue
[2026-03-28T19:20:55.431+0500] {logging_mixin.py:188} INFO - [2026-03-28T19:20:55.431+0500] {dagbag.py:545} INFO - Filling up the DagBag from /home/abayturar/airflow-project/venv/lib/python3.12/site-packages/airflow/example_dags/example_sla_dag.py
[2026-03-28T19:20:55.440+0500] {processor.py:840} INFO - DAG(s) 'example_sla_dag' retrieved from /home/abayturar/airflow-project/venv/lib/python3.12/site-packages/airflow/example_dags/example_sla_dag.py
[2026-03-28T19:20:55.454+0500] {logging_mixin.py:188} INFO - [2026-03-28T19:20:55.454+0500] {dag.py:3089} INFO - Sync 1 DAGs
[2026-03-28T19:20:55.468+0500] {logging_mixin.py:188} INFO - [2026-03-28T19:20:55.468+0500] {dag.py:3947} INFO - Setting next_dagrun for example_sla_dag to 2026-03-28 14:18:00+00:00, run_after=2026-03-28 14:20:00+00:00
[2026-03-28T19:20:55.494+0500] {processor.py:183} INFO - Processing /home/abayturar/airflow-project/venv/lib/python3.12/site-packages/airflow/example_dags/example_sla_dag.py took 0.071 seconds
[2026-03-28T19:21:40.599+0500] {processor.py:161} INFO - Started process (PID=28301) to work on /home/abayturar/airflow-project/venv/lib/python3.12/site-packages/airflow/example_dags/example_sla_dag.py
[2026-03-28T19:21:40.600+0500] {processor.py:830} INFO - Processing file /home/abayturar/airflow-project/venv/lib/python3.12/site-packages/airflow/example_dags/example_sla_dag.py for tasks to queue
[2026-03-28T19:21:40.602+0500] {logging_mixin.py:188} INFO - [2026-03-28T19:21:40.601+0500] {dagbag.py:545} INFO - Filling up the DagBag from /home/abayturar/airflow-project/venv/lib/python3.12/site-packages/airflow/example_dags/example_sla_dag.py
[2026-03-28T19:21:40.612+0500] {processor.py:840} INFO - DAG(s) 'example_sla_dag' retrieved from /home/abayturar/airflow-project/venv/lib/python3.12/site-packages/airflow/example_dags/example_sla_dag.py
[2026-03-28T19:21:40.627+0500] {logging_mixin.py:188} INFO - [2026-03-28T19:21:40.626+0500] {dag.py:3089} INFO - Sync 1 DAGs
[2026-03-28T19:21:40.642+0500] {logging_mixin.py:188} INFO - [2026-03-28T19:21:40.641+0500] {dag.py:3947} INFO - Setting next_dagrun for example_sla_dag to 2026-03-28 14:18:00+00:00, run_after=2026-03-28 14:20:00+00:00
[2026-03-28T19:21:40.659+0500] {processor.py:183} INFO - Processing /home/abayturar/airflow-project/venv/lib/python3.12/site-packages/airflow/example_dags/example_sla_dag.py took 0.067 seconds
[2026-03-28T19:22:22.891+0500] {processor.py:161} INFO - Started process (PID=28420) to work on /home/abayturar/airflow-project/venv/lib/python3.12/site-packages/airflow/example_dags/example_sla_dag.py
[2026-03-28T19:22:22.892+0500] {processor.py:830} INFO - Processing file /home/abayturar/airflow-project/venv/lib/python3.12/site-packages/airflow/example_dags/example_sla_dag.py for tasks to queue
[2026-03-28T19:22:22.894+0500] {logging_mixin.py:188} INFO - [2026-03-28T19:22:22.893+0500] {dagbag.py:545} INFO - Filling up the DagBag from /home/abayturar/airflow-project/venv/lib/python3.12/site-packages/airflow/example_dags/example_sla_dag.py
[2026-03-28T19:22:22.902+0500] {processor.py:840} INFO - DAG(s) 'example_sla_dag' retrieved from /home/abayturar/airflow-project/venv/lib/python3.12/site-packages/airflow/example_dags/example_sla_dag.py
[2026-03-28T19:22:22.917+0500] {logging_mixin.py:188} INFO - [2026-03-28T19:22:22.916+0500] {dag.py:3089} INFO - Sync 1 DAGs
[2026-03-28T19:22:22.931+0500] {logging_mixin.py:188} INFO - [2026-03-28T19:22:22.931+0500] {dag.py:3947} INFO - Setting next_dagrun for example_sla_dag to 2026-03-28 14:20:00+00:00, run_after=2026-03-28 14:22:00+00:00
[2026-03-28T19:22:22.946+0500] {processor.py:183} INFO - Processing /home/abayturar/airflow-project/venv/lib/python3.12/site-packages/airflow/example_dags/example_sla_dag.py took 0.061 seconds
[2026-03-28T19:23:06.037+0500] {processor.py:161} INFO - Started process (PID=28537) to work on /home/abayturar/airflow-project/venv/lib/python3.12/site-packages/airflow/example_dags/example_sla_dag.py
[2026-03-28T19:23:06.038+0500] {processor.py:830} INFO - Processing file /home/abayturar/airflow-project/venv/lib/python3.12/site-packages/airflow/example_dags/example_sla_dag.py for tasks to queue
[2026-03-28T19:23:06.039+0500] {logging_mixin.py:188} INFO - [2026-03-28T19:23:06.039+0500] {dagbag.py:545} INFO - Filling up the DagBag from /home/abayturar/airflow-project/venv/lib/python3.12/site-packages/airflow/example_dags/example_sla_dag.py
[2026-03-28T19:23:06.049+0500] {processor.py:840} INFO - DAG(s) 'example_sla_dag' retrieved from /home/abayturar/airflow-project/venv/lib/python3.12/site-packages/airflow/example_dags/example_sla_dag.py
[2026-03-28T19:23:06.065+0500] {logging_mixin.py:188} INFO - [2026-03-28T19:23:06.065+0500] {dag.py:3089} INFO - Sync 1 DAGs
[2026-03-28T19:23:06.081+0500] {logging_mixin.py:188} INFO - [2026-03-28T19:23:06.081+0500] {dag.py:3947} INFO - Setting next_dagrun for example_sla_dag to 2026-03-28 14:20:00+00:00, run_after=2026-03-28 14:22:00+00:00
[2026-03-28T19:23:06.110+0500] {processor.py:183} INFO - Processing /home/abayturar/airflow-project/venv/lib/python3.12/site-packages/airflow/example_dags/example_sla_dag.py took 0.081 seconds
[2026-03-28T19:23:52.397+0500] {processor.py:161} INFO - Started process (PID=28661) to work on /home/abayturar/airflow-project/venv/lib/python3.12/site-packages/airflow/example_dags/example_sla_dag.py
[2026-03-28T19:23:52.398+0500] {processor.py:830} INFO - Processing file /home/abayturar/airflow-project/venv/lib/python3.12/site-packages/airflow/example_dags/example_sla_dag.py for tasks to queue
[2026-03-28T19:23:52.399+0500] {logging_mixin.py:188} INFO - [2026-03-28T19:23:52.399+0500] {dagbag.py:545} INFO - Filling up the DagBag from /home/abayturar/airflow-project/venv/lib/python3.12/site-packages/airflow/example_dags/example_sla_dag.py
[2026-03-28T19:23:52.409+0500] {processor.py:840} INFO - DAG(s) 'example_sla_dag' retrieved from /home/abayturar/airflow-project/venv/lib/python3.12/site-packages/airflow/example_dags/example_sla_dag.py
[2026-03-28T19:23:52.426+0500] {logging_mixin.py:188} INFO - [2026-03-28T19:23:52.425+0500] {dag.py:3089} INFO - Sync 1 DAGs
[2026-03-28T19:23:52.446+0500] {logging_mixin.py:188} INFO - [2026-03-28T19:23:52.446+0500] {dag.py:3947} INFO - Setting next_dagrun for example_sla_dag to 2026-03-28 14:20:00+00:00, run_after=2026-03-28 14:22:00+00:00
[2026-03-28T19:23:52.464+0500] {processor.py:183} INFO - Processing /home/abayturar/airflow-project/venv/lib/python3.12/site-packages/airflow/example_dags/example_sla_dag.py took 0.074 seconds
[2026-03-28T19:24:39.329+0500] {processor.py:161} INFO - Started process (PID=28788) to work on /home/abayturar/airflow-project/venv/lib/python3.12/site-packages/airflow/example_dags/example_sla_dag.py
[2026-03-28T19:24:39.330+0500] {processor.py:830} INFO - Processing file /home/abayturar/airflow-project/venv/lib/python3.12/site-packages/airflow/example_dags/example_sla_dag.py for tasks to queue
[2026-03-28T19:24:39.331+0500] {logging_mixin.py:188} INFO - [2026-03-28T19:24:39.331+0500] {dagbag.py:545} INFO - Filling up the DagBag from /home/abayturar/airflow-project/venv/lib/python3.12/site-packages/airflow/example_dags/example_sla_dag.py
[2026-03-28T19:24:39.340+0500] {processor.py:840} INFO - DAG(s) 'example_sla_dag' retrieved from /home/abayturar/airflow-project/venv/lib/python3.12/site-packages/airflow/example_dags/example_sla_dag.py
[2026-03-28T19:24:39.355+0500] {logging_mixin.py:188} INFO - [2026-03-28T19:24:39.355+0500] {dag.py:3089} INFO - Sync 1 DAGs
[2026-03-28T19:24:39.370+0500] {logging_mixin.py:188} INFO - [2026-03-28T19:24:39.370+0500] {dag.py:3947} INFO - Setting next_dagrun for example_sla_dag to 2026-03-28 14:22:00+00:00, run_after=2026-03-28 14:24:00+00:00
[2026-03-28T19:24:39.386+0500] {processor.py:183} INFO - Processing /home/abayturar/airflow-project/venv/lib/python3.12/site-packages/airflow/example_dags/example_sla_dag.py took 0.063 seconds
[2026-03-28T19:25:26.043+0500] {processor.py:161} INFO - Started process (PID=28913) to work on /home/abayturar/airflow-project/venv/lib/python3.12/site-packages/airflow/example_dags/example_sla_dag.py
[2026-03-28T19:25:26.044+0500] {processor.py:830} INFO - Processing file /home/abayturar/airflow-project/venv/lib/python3.12/site-packages/airflow/example_dags/example_sla_dag.py for tasks to queue
[2026-03-28T19:25:26.047+0500] {logging_mixin.py:188} INFO - [2026-03-28T19:25:26.046+0500] {dagbag.py:545} INFO - Filling up the DagBag from /home/abayturar/airflow-project/venv/lib/python3.12/site-packages/airflow/example_dags/example_sla_dag.py
[2026-03-28T19:25:26.057+0500] {processor.py:840} INFO - DAG(s) 'example_sla_dag' retrieved from /home/abayturar/airflow-project/venv/lib/python3.12/site-packages/airflow/example_dags/example_sla_dag.py
[2026-03-28T19:25:26.075+0500] {logging_mixin.py:188} INFO - [2026-03-28T19:25:26.075+0500] {dag.py:3089} INFO - Sync 1 DAGs
[2026-03-28T19:25:26.096+0500] {logging_mixin.py:188} INFO - [2026-03-28T19:25:26.095+0500] {dag.py:3947} INFO - Setting next_dagrun for example_sla_dag to 2026-03-28 14:22:00+00:00, run_after=2026-03-28 14:24:00+00:00
[2026-03-28T19:25:26.115+0500] {processor.py:183} INFO - Processing /home/abayturar/airflow-project/venv/lib/python3.12/site-packages/airflow/example_dags/example_sla_dag.py took 0.079 seconds
[2026-03-28T19:26:12.380+0500] {processor.py:161} INFO - Started process (PID=29037) to work on /home/abayturar/airflow-project/venv/lib/python3.12/site-packages/airflow/example_dags/example_sla_dag.py
[2026-03-28T19:26:12.381+0500] {processor.py:830} INFO - Processing file /home/abayturar/airflow-project/venv/lib/python3.12/site-packages/airflow/example_dags/example_sla_dag.py for tasks to queue
[2026-03-28T19:26:12.383+0500] {logging_mixin.py:188} INFO - [2026-03-28T19:26:12.382+0500] {dagbag.py:545} INFO - Filling up the DagBag from /home/abayturar/airflow-project/venv/lib/python3.12/site-packages/airflow/example_dags/example_sla_dag.py
[2026-03-28T19:26:12.391+0500] {processor.py:840} INFO - DAG(s) 'example_sla_dag' retrieved from /home/abayturar/airflow-project/venv/lib/python3.12/site-packages/airflow/example_dags/example_sla_dag.py
[2026-03-28T19:26:12.405+0500] {logging_mixin.py:188} INFO - [2026-03-28T19:26:12.405+0500] {dag.py:3089} INFO - Sync 1 DAGs
[2026-03-28T19:26:12.420+0500] {logging_mixin.py:188} INFO - [2026-03-28T19:26:12.420+0500] {dag.py:3947} INFO - Setting next_dagrun for example_sla_dag to 2026-03-28 14:24:00+00:00, run_after=2026-03-28 14:26:00+00:00
[2026-03-28T19:26:12.448+0500] {processor.py:183} INFO - Processing /home/abayturar/airflow-project/venv/lib/python3.12/site-packages/airflow/example_dags/example_sla_dag.py took 0.074 seconds
[2026-03-28T19:26:58.566+0500] {processor.py:161} INFO - Started process (PID=29163) to work on /home/abayturar/airflow-project/venv/lib/python3.12/site-packages/airflow/example_dags/example_sla_dag.py
[2026-03-28T19:26:58.567+0500] {processor.py:830} INFO - Processing file /home/abayturar/airflow-project/venv/lib/python3.12/site-packages/airflow/example_dags/example_sla_dag.py for tasks to queue
[2026-03-28T19:26:58.569+0500] {logging_mixin.py:188} INFO - [2026-03-28T19:26:58.568+0500] {dagbag.py:545} INFO - Filling up the DagBag from /home/abayturar/airflow-project/venv/lib/python3.12/site-packages/airflow/example_dags/example_sla_dag.py
[2026-03-28T19:26:58.578+0500] {processor.py:840} INFO - DAG(s) 'example_sla_dag' retrieved from /home/abayturar/airflow-project/venv/lib/python3.12/site-packages/airflow/example_dags/example_sla_dag.py
[2026-03-28T19:26:58.598+0500] {logging_mixin.py:188} INFO - [2026-03-28T19:26:58.598+0500] {dag.py:3089} INFO - Sync 1 DAGs
[2026-03-28T19:26:58.619+0500] {logging_mixin.py:188} INFO - [2026-03-28T19:26:58.619+0500] {dag.py:3947} INFO - Setting next_dagrun for example_sla_dag to 2026-03-28 14:24:00+00:00, run_after=2026-03-28 14:26:00+00:00
[2026-03-28T19:26:58.648+0500] {processor.py:183} INFO - Processing /home/abayturar/airflow-project/venv/lib/python3.12/site-packages/airflow/example_dags/example_sla_dag.py took 0.088 seconds
[2026-03-28T19:27:46.585+0500] {processor.py:161} INFO - Started process (PID=29291) to work on /home/abayturar/airflow-project/venv/lib/python3.12/site-packages/airflow/example_dags/example_sla_dag.py
[2026-03-28T19:27:46.586+0500] {processor.py:830} INFO - Processing file /home/abayturar/airflow-project/venv/lib/python3.12/site-packages/airflow/example_dags/example_sla_dag.py for tasks to queue
[2026-03-28T19:27:46.588+0500] {logging_mixin.py:188} INFO - [2026-03-28T19:27:46.587+0500] {dagbag.py:545} INFO - Filling up the DagBag from /home/abayturar/airflow-project/venv/lib/python3.12/site-packages/airflow/example_dags/example_sla_dag.py
[2026-03-28T19:27:46.596+0500] {processor.py:840} INFO - DAG(s) 'example_sla_dag' retrieved from /home/abayturar/airflow-project/venv/lib/python3.12/site-packages/airflow/example_dags/example_sla_dag.py
[2026-03-28T19:27:46.610+0500] {logging_mixin.py:188} INFO - [2026-03-28T19:27:46.610+0500] {dag.py:3089} INFO - Sync 1 DAGs
[2026-03-28T19:27:46.625+0500] {logging_mixin.py:188} INFO - [2026-03-28T19:27:46.625+0500] {dag.py:3947} INFO - Setting next_dagrun for example_sla_dag to 2026-03-28 14:24:00+00:00, run_after=2026-03-28 14:26:00+00:00
[2026-03-28T19:27:46.651+0500] {processor.py:183} INFO - Processing /home/abayturar/airflow-project/venv/lib/python3.12/site-packages/airflow/example_dags/example_sla_dag.py took 0.072 seconds
[2026-03-28T19:28:35.060+0500] {processor.py:161} INFO - Started process (PID=29418) to work on /home/abayturar/airflow-project/venv/lib/python3.12/site-packages/airflow/example_dags/example_sla_dag.py
[2026-03-28T19:28:35.061+0500] {processor.py:830} INFO - Processing file /home/abayturar/airflow-project/venv/lib/python3.12/site-packages/airflow/example_dags/example_sla_dag.py for tasks to queue
[2026-03-28T19:28:35.064+0500] {logging_mixin.py:188} INFO - [2026-03-28T19:28:35.063+0500] {dagbag.py:545} INFO - Filling up the DagBag from /home/abayturar/airflow-project/venv/lib/python3.12/site-packages/airflow/example_dags/example_sla_dag.py
[2026-03-28T19:28:35.074+0500] {processor.py:840} INFO - DAG(s) 'example_sla_dag' retrieved from /home/abayturar/airflow-project/venv/lib/python3.12/site-packages/airflow/example_dags/example_sla_dag.py
[2026-03-28T19:28:35.090+0500] {logging_mixin.py:188} INFO - [2026-03-28T19:28:35.090+0500] {dag.py:3089} INFO - Sync 1 DAGs
[2026-03-28T19:28:35.106+0500] {logging_mixin.py:188} INFO - [2026-03-28T19:28:35.106+0500] {dag.py:3947} INFO - Setting next_dagrun for example_sla_dag to 2026-03-28 14:26:00+00:00, run_after=2026-03-28 14:28:00+00:00
[2026-03-28T19:28:35.129+0500] {processor.py:183} INFO - Processing /home/abayturar/airflow-project/venv/lib/python3.12/site-packages/airflow/example_dags/example_sla_dag.py took 0.076 seconds
[2026-03-28T19:29:23.058+0500] {processor.py:161} INFO - Started process (PID=29618) to work on /home/abayturar/airflow-project/venv/lib/python3.12/site-packages/airflow/example_dags/example_sla_dag.py
[2026-03-28T19:29:23.059+0500] {processor.py:830} INFO - Processing file /home/abayturar/airflow-project/venv/lib/python3.12/site-packages/airflow/example_dags/example_sla_dag.py for tasks to queue
[2026-03-28T19:29:23.060+0500] {logging_mixin.py:188} INFO - [2026-03-28T19:29:23.060+0500] {dagbag.py:545} INFO - Filling up the DagBag from /home/abayturar/airflow-project/venv/lib/python3.12/site-packages/airflow/example_dags/example_sla_dag.py
[2026-03-28T19:29:23.069+0500] {processor.py:840} INFO - DAG(s) 'example_sla_dag' retrieved from /home/abayturar/airflow-project/venv/lib/python3.12/site-packages/airflow/example_dags/example_sla_dag.py
[2026-03-28T19:29:23.084+0500] {logging_mixin.py:188} INFO - [2026-03-28T19:29:23.083+0500] {dag.py:3089} INFO - Sync 1 DAGs
[2026-03-28T19:29:23.099+0500] {logging_mixin.py:188} INFO - [2026-03-28T19:29:23.099+0500] {dag.py:3947} INFO - Setting next_dagrun for example_sla_dag to 2026-03-28 14:26:00+00:00, run_after=2026-03-28 14:28:00+00:00
[2026-03-28T19:29:23.113+0500] {processor.py:183} INFO - Processing /home/abayturar/airflow-project/venv/lib/python3.12/site-packages/airflow/example_dags/example_sla_dag.py took 0.061 seconds
[2026-03-28T19:30:08.479+0500] {processor.py:161} INFO - Started process (PID=29741) to work on /home/abayturar/airflow-project/venv/lib/python3.12/site-packages/airflow/example_dags/example_sla_dag.py
[2026-03-28T19:30:08.480+0500] {processor.py:830} INFO - Processing file /home/abayturar/airflow-project/venv/lib/python3.12/site-packages/airflow/example_dags/example_sla_dag.py for tasks to queue
[2026-03-28T19:30:08.482+0500] {logging_mixin.py:188} INFO - [2026-03-28T19:30:08.481+0500] {dagbag.py:545} INFO - Filling up the DagBag from /home/abayturar/airflow-project/venv/lib/python3.12/site-packages/airflow/example_dags/example_sla_dag.py
[2026-03-28T19:30:08.493+0500] {processor.py:840} INFO - DAG(s) 'example_sla_dag' retrieved from /home/abayturar/airflow-project/venv/lib/python3.12/site-packages/airflow/example_dags/example_sla_dag.py
[2026-03-28T19:30:08.513+0500] {logging_mixin.py:188} INFO - [2026-03-28T19:30:08.513+0500] {dag.py:3089} INFO - Sync 1 DAGs
[2026-03-28T19:30:08.534+0500] {logging_mixin.py:188} INFO - [2026-03-28T19:30:08.533+0500] {dag.py:3947} INFO - Setting next_dagrun for example_sla_dag to 2026-03-28 14:28:00+00:00, run_after=2026-03-28 14:30:00+00:00
[2026-03-28T19:30:08.564+0500] {processor.py:183} INFO - Processing /home/abayturar/airflow-project/venv/lib/python3.12/site-packages/airflow/example_dags/example_sla_dag.py took 0.093 seconds
[2026-03-28T19:31:09.457+0500] {processor.py:161} INFO - Started process (PID=29932) to work on /home/abayturar/airflow-project/venv/lib/python3.12/site-packages/airflow/example_dags/example_sla_dag.py
[2026-03-28T19:31:09.458+0500] {processor.py:830} INFO - Processing file /home/abayturar/airflow-project/venv/lib/python3.12/site-packages/airflow/example_dags/example_sla_dag.py for tasks to queue
[2026-03-28T19:31:09.461+0500] {logging_mixin.py:188} INFO - [2026-03-28T19:31:09.460+0500] {dagbag.py:545} INFO - Filling up the DagBag from /home/abayturar/airflow-project/venv/lib/python3.12/site-packages/airflow/example_dags/example_sla_dag.py
[2026-03-28T19:31:09.472+0500] {processor.py:840} INFO - DAG(s) 'example_sla_dag' retrieved from /home/abayturar/airflow-project/venv/lib/python3.12/site-packages/airflow/example_dags/example_sla_dag.py
[2026-03-28T19:31:09.490+0500] {logging_mixin.py:188} INFO - [2026-03-28T19:31:09.490+0500] {dag.py:3089} INFO - Sync 1 DAGs
[2026-03-28T19:31:09.507+0500] {logging_mixin.py:188} INFO - [2026-03-28T19:31:09.507+0500] {dag.py:3947} INFO - Setting next_dagrun for example_sla_dag to 2026-03-28 14:28:00+00:00, run_after=2026-03-28 14:30:00+00:00
[2026-03-28T19:31:09.525+0500] {processor.py:183} INFO - Processing /home/abayturar/airflow-project/venv/lib/python3.12/site-packages/airflow/example_dags/example_sla_dag.py took 0.077 seconds
[2026-03-28T19:31:44.267+0500] {processor.py:161} INFO - Started process (PID=30031) to work on /home/abayturar/airflow-project/venv/lib/python3.12/site-packages/airflow/example_dags/example_sla_dag.py
[2026-03-28T19:31:44.268+0500] {processor.py:830} INFO - Processing file /home/abayturar/airflow-project/venv/lib/python3.12/site-packages/airflow/example_dags/example_sla_dag.py for tasks to queue
[2026-03-28T19:31:44.270+0500] {logging_mixin.py:188} INFO - [2026-03-28T19:31:44.269+0500] {dagbag.py:545} INFO - Filling up the DagBag from /home/abayturar/airflow-project/venv/lib/python3.12/site-packages/airflow/example_dags/example_sla_dag.py
[2026-03-28T19:31:44.279+0500] {processor.py:840} INFO - DAG(s) 'example_sla_dag' retrieved from /home/abayturar/airflow-project/venv/lib/python3.12/site-packages/airflow/example_dags/example_sla_dag.py
[2026-03-28T19:31:44.296+0500] {logging_mixin.py:188} INFO - [2026-03-28T19:31:44.296+0500] {dag.py:3089} INFO - Sync 1 DAGs
[2026-03-28T19:31:44.319+0500] {logging_mixin.py:188} INFO - [2026-03-28T19:31:44.319+0500] {dag.py:3947} INFO - Setting next_dagrun for example_sla_dag to 2026-03-28 14:28:00+00:00, run_after=2026-03-28 14:30:00+00:00
[2026-03-28T19:31:44.335+0500] {processor.py:183} INFO - Processing /home/abayturar/airflow-project/venv/lib/python3.12/site-packages/airflow/example_dags/example_sla_dag.py took 0.076 seconds
[2026-03-28T19:32:25.740+0500] {processor.py:161} INFO - Started process (PID=30151) to work on /home/abayturar/airflow-project/venv/lib/python3.12/site-packages/airflow/example_dags/example_sla_dag.py
[2026-03-28T19:32:25.741+0500] {processor.py:830} INFO - Processing file /home/abayturar/airflow-project/venv/lib/python3.12/site-packages/airflow/example_dags/example_sla_dag.py for tasks to queue
[2026-03-28T19:32:25.742+0500] {logging_mixin.py:188} INFO - [2026-03-28T19:32:25.742+0500] {dagbag.py:545} INFO - Filling up the DagBag from /home/abayturar/airflow-project/venv/lib/python3.12/site-packages/airflow/example_dags/example_sla_dag.py
[2026-03-28T19:32:25.751+0500] {processor.py:840} INFO - DAG(s) 'example_sla_dag' retrieved from /home/abayturar/airflow-project/venv/lib/python3.12/site-packages/airflow/example_dags/example_sla_dag.py
[2026-03-28T19:32:25.768+0500] {logging_mixin.py:188} INFO - [2026-03-28T19:32:25.768+0500] {dag.py:3089} INFO - Sync 1 DAGs
[2026-03-28T19:32:25.784+0500] {logging_mixin.py:188} INFO - [2026-03-28T19:32:25.784+0500] {dag.py:3947} INFO - Setting next_dagrun for example_sla_dag to 2026-03-28 14:30:00+00:00, run_after=2026-03-28 14:32:00+00:00
[2026-03-28T19:32:25.800+0500] {processor.py:183} INFO - Processing /home/abayturar/airflow-project/venv/lib/python3.12/site-packages/airflow/example_dags/example_sla_dag.py took 0.066 seconds
[2026-03-28T19:33:17.148+0500] {processor.py:161} INFO - Started process (PID=30298) to work on /home/abayturar/airflow-project/venv/lib/python3.12/site-packages/airflow/example_dags/example_sla_dag.py
[2026-03-28T19:33:17.149+0500] {processor.py:830} INFO - Processing file /home/abayturar/airflow-project/venv/lib/python3.12/site-packages/airflow/example_dags/example_sla_dag.py for tasks to queue
[2026-03-28T19:33:17.151+0500] {logging_mixin.py:188} INFO - [2026-03-28T19:33:17.151+0500] {dagbag.py:545} INFO - Filling up the DagBag from /home/abayturar/airflow-project/venv/lib/python3.12/site-packages/airflow/example_dags/example_sla_dag.py
[2026-03-28T19:33:17.162+0500] {processor.py:840} INFO - DAG(s) 'example_sla_dag' retrieved from /home/abayturar/airflow-project/venv/lib/python3.12/site-packages/airflow/example_dags/example_sla_dag.py
[2026-03-28T19:33:17.179+0500] {logging_mixin.py:188} INFO - [2026-03-28T19:33:17.179+0500] {dag.py:3089} INFO - Sync 1 DAGs
[2026-03-28T19:33:17.196+0500] {logging_mixin.py:188} INFO - [2026-03-28T19:33:17.196+0500] {dag.py:3947} INFO - Setting next_dagrun for example_sla_dag to 2026-03-28 14:30:00+00:00, run_after=2026-03-28 14:32:00+00:00
[2026-03-28T19:33:17.212+0500] {processor.py:183} INFO - Processing /home/abayturar/airflow-project/venv/lib/python3.12/site-packages/airflow/example_dags/example_sla_dag.py took 0.073 seconds
[2026-03-28T19:35:19.754+0500] {processor.py:161} INFO - Started process (PID=30584) to work on /home/abayturar/airflow-project/venv/lib/python3.12/site-packages/airflow/example_dags/example_sla_dag.py
[2026-03-28T19:35:19.755+0500] {processor.py:830} INFO - Processing file /home/abayturar/airflow-project/venv/lib/python3.12/site-packages/airflow/example_dags/example_sla_dag.py for tasks to queue
[2026-03-28T19:35:19.756+0500] {logging_mixin.py:188} INFO - [2026-03-28T19:35:19.756+0500] {dagbag.py:545} INFO - Filling up the DagBag from /home/abayturar/airflow-project/venv/lib/python3.12/site-packages/airflow/example_dags/example_sla_dag.py
[2026-03-28T19:35:19.767+0500] {processor.py:840} INFO - DAG(s) 'example_sla_dag' retrieved from /home/abayturar/airflow-project/venv/lib/python3.12/site-packages/airflow/example_dags/example_sla_dag.py
[2026-03-28T19:35:19.782+0500] {logging_mixin.py:188} INFO - [2026-03-28T19:35:19.782+0500] {dag.py:3089} INFO - Sync 1 DAGs
[2026-03-28T19:35:19.797+0500] {logging_mixin.py:188} INFO - [2026-03-28T19:35:19.797+0500] {dag.py:3947} INFO - Setting next_dagrun for example_sla_dag to 2026-03-28 14:32:00+00:00, run_after=2026-03-28 14:34:00+00:00
[2026-03-28T19:35:19.823+0500] {processor.py:183} INFO - Processing /home/abayturar/airflow-project/venv/lib/python3.12/site-packages/airflow/example_dags/example_sla_dag.py took 0.075 seconds
[2026-03-28T19:36:22.919+0500] {processor.py:161} INFO - Started process (PID=30801) to work on /home/abayturar/airflow-project/venv/lib/python3.12/site-packages/airflow/example_dags/example_sla_dag.py
[2026-03-28T19:36:22.920+0500] {processor.py:830} INFO - Processing file /home/abayturar/airflow-project/venv/lib/python3.12/site-packages/airflow/example_dags/example_sla_dag.py for tasks to queue
[2026-03-28T19:36:22.924+0500] {logging_mixin.py:188} INFO - [2026-03-28T19:36:22.923+0500] {dagbag.py:545} INFO - Filling up the DagBag from /home/abayturar/airflow-project/venv/lib/python3.12/site-packages/airflow/example_dags/example_sla_dag.py
[2026-03-28T19:36:22.935+0500] {processor.py:840} INFO - DAG(s) 'example_sla_dag' retrieved from /home/abayturar/airflow-project/venv/lib/python3.12/site-packages/airflow/example_dags/example_sla_dag.py
[2026-03-28T19:36:22.957+0500] {logging_mixin.py:188} INFO - [2026-03-28T19:36:22.957+0500] {dag.py:3089} INFO - Sync 1 DAGs
[2026-03-28T19:36:22.999+0500] {logging_mixin.py:188} INFO - [2026-03-28T19:36:22.999+0500] {dag.py:3947} INFO - Setting next_dagrun for example_sla_dag to 2026-03-28 14:34:00+00:00, run_after=2026-03-28 14:36:00+00:00
[2026-03-28T19:36:23.037+0500] {processor.py:183} INFO - Processing /home/abayturar/airflow-project/venv/lib/python3.12/site-packages/airflow/example_dags/example_sla_dag.py took 0.127 seconds
[2026-03-28T19:37:14.918+0500] {processor.py:161} INFO - Started process (PID=30941) to work on /home/abayturar/airflow-project/venv/lib/python3.12/site-packages/airflow/example_dags/example_sla_dag.py
[2026-03-28T19:37:14.919+0500] {processor.py:830} INFO - Processing file /home/abayturar/airflow-project/venv/lib/python3.12/site-packages/airflow/example_dags/example_sla_dag.py for tasks to queue
[2026-03-28T19:37:14.921+0500] {logging_mixin.py:188} INFO - [2026-03-28T19:37:14.921+0500] {dagbag.py:545} INFO - Filling up the DagBag from /home/abayturar/airflow-project/venv/lib/python3.12/site-packages/airflow/example_dags/example_sla_dag.py
[2026-03-28T19:37:14.929+0500] {processor.py:840} INFO - DAG(s) 'example_sla_dag' retrieved from /home/abayturar/airflow-project/venv/lib/python3.12/site-packages/airflow/example_dags/example_sla_dag.py
[2026-03-28T19:37:14.947+0500] {logging_mixin.py:188} INFO - [2026-03-28T19:37:14.947+0500] {dag.py:3089} INFO - Sync 1 DAGs
[2026-03-28T19:37:14.962+0500] {logging_mixin.py:188} INFO - [2026-03-28T19:37:14.962+0500] {dag.py:3947} INFO - Setting next_dagrun for example_sla_dag to 2026-03-28 14:34:00+00:00, run_after=2026-03-28 14:36:00+00:00
[2026-03-28T19:37:14.989+0500] {processor.py:183} INFO - Processing /home/abayturar/airflow-project/venv/lib/python3.12/site-packages/airflow/example_dags/example_sla_dag.py took 0.077 seconds
[2026-03-28T19:38:07.895+0500] {processor.py:161} INFO - Started process (PID=31084) to work on /home/abayturar/airflow-project/venv/lib/python3.12/site-packages/airflow/example_dags/example_sla_dag.py
[2026-03-28T19:38:07.896+0500] {processor.py:830} INFO - Processing file /home/abayturar/airflow-project/venv/lib/python3.12/site-packages/airflow/example_dags/example_sla_dag.py for tasks to queue
[2026-03-28T19:38:07.898+0500] {logging_mixin.py:188} INFO - [2026-03-28T19:38:07.898+0500] {dagbag.py:545} INFO - Filling up the DagBag from /home/abayturar/airflow-project/venv/lib/python3.12/site-packages/airflow/example_dags/example_sla_dag.py
[2026-03-28T19:38:07.907+0500] {processor.py:840} INFO - DAG(s) 'example_sla_dag' retrieved from /home/abayturar/airflow-project/venv/lib/python3.12/site-packages/airflow/example_dags/example_sla_dag.py
[2026-03-28T19:38:07.924+0500] {logging_mixin.py:188} INFO - [2026-03-28T19:38:07.923+0500] {dag.py:3089} INFO - Sync 1 DAGs
[2026-03-28T19:38:07.939+0500] {logging_mixin.py:188} INFO - [2026-03-28T19:38:07.939+0500] {dag.py:3947} INFO - Setting next_dagrun for example_sla_dag to 2026-03-28 14:36:00+00:00, run_after=2026-03-28 14:38:00+00:00
[2026-03-28T19:38:07.967+0500] {processor.py:183} INFO - Processing /home/abayturar/airflow-project/venv/lib/python3.12/site-packages/airflow/example_dags/example_sla_dag.py took 0.079 seconds
[2026-03-28T19:38:54.664+0500] {processor.py:161} INFO - Started process (PID=31210) to work on /home/abayturar/airflow-project/venv/lib/python3.12/site-packages/airflow/example_dags/example_sla_dag.py
[2026-03-28T19:38:54.665+0500] {processor.py:830} INFO - Processing file /home/abayturar/airflow-project/venv/lib/python3.12/site-packages/airflow/example_dags/example_sla_dag.py for tasks to queue
[2026-03-28T19:38:54.667+0500] {logging_mixin.py:188} INFO - [2026-03-28T19:38:54.667+0500] {dagbag.py:545} INFO - Filling up the DagBag from /home/abayturar/airflow-project/venv/lib/python3.12/site-packages/airflow/example_dags/example_sla_dag.py
[2026-03-28T19:38:54.680+0500] {processor.py:840} INFO - DAG(s) 'example_sla_dag' retrieved from /home/abayturar/airflow-project/venv/lib/python3.12/site-packages/airflow/example_dags/example_sla_dag.py
[2026-03-28T19:38:54.697+0500] {logging_mixin.py:188} INFO - [2026-03-28T19:38:54.697+0500] {dag.py:3089} INFO - Sync 1 DAGs
[2026-03-28T19:38:54.714+0500] {logging_mixin.py:188} INFO - [2026-03-28T19:38:54.714+0500] {dag.py:3947} INFO - Setting next_dagrun for example_sla_dag to 2026-03-28 14:36:00+00:00, run_after=2026-03-28 14:38:00+00:00
[2026-03-28T19:38:54.742+0500] {processor.py:183} INFO - Processing /home/abayturar/airflow-project/venv/lib/python3.12/site-packages/airflow/example_dags/example_sla_dag.py took 0.084 seconds
[2026-03-28T19:39:38.734+0500] {processor.py:161} INFO - Started process (PID=31334) to work on /home/abayturar/airflow-project/venv/lib/python3.12/site-packages/airflow/example_dags/example_sla_dag.py
[2026-03-28T19:39:38.735+0500] {processor.py:830} INFO - Processing file /home/abayturar/airflow-project/venv/lib/python3.12/site-packages/airflow/example_dags/example_sla_dag.py for tasks to queue
[2026-03-28T19:39:38.737+0500] {logging_mixin.py:188} INFO - [2026-03-28T19:39:38.736+0500] {dagbag.py:545} INFO - Filling up the DagBag from /home/abayturar/airflow-project/venv/lib/python3.12/site-packages/airflow/example_dags/example_sla_dag.py
[2026-03-28T19:39:38.749+0500] {processor.py:840} INFO - DAG(s) 'example_sla_dag' retrieved from /home/abayturar/airflow-project/venv/lib/python3.12/site-packages/airflow/example_dags/example_sla_dag.py
[2026-03-28T19:39:38.769+0500] {logging_mixin.py:188} INFO - [2026-03-28T19:39:38.769+0500] {dag.py:3089} INFO - Sync 1 DAGs
[2026-03-28T19:39:38.791+0500] {logging_mixin.py:188} INFO - [2026-03-28T19:39:38.791+0500] {dag.py:3947} INFO - Setting next_dagrun for example_sla_dag to 2026-03-28 14:36:00+00:00, run_after=2026-03-28 14:38:00+00:00
[2026-03-28T19:39:38.827+0500] {processor.py:183} INFO - Processing /home/abayturar/airflow-project/venv/lib/python3.12/site-packages/airflow/example_dags/example_sla_dag.py took 0.103 seconds
[2026-03-28T19:40:26.126+0500] {processor.py:161} INFO - Started process (PID=31460) to work on /home/abayturar/airflow-project/venv/lib/python3.12/site-packages/airflow/example_dags/example_sla_dag.py
[2026-03-28T19:40:26.127+0500] {processor.py:830} INFO - Processing file /home/abayturar/airflow-project/venv/lib/python3.12/site-packages/airflow/example_dags/example_sla_dag.py for tasks to queue
[2026-03-28T19:40:26.128+0500] {logging_mixin.py:188} INFO - [2026-03-28T19:40:26.128+0500] {dagbag.py:545} INFO - Filling up the DagBag from /home/abayturar/airflow-project/venv/lib/python3.12/site-packages/airflow/example_dags/example_sla_dag.py
[2026-03-28T19:40:26.137+0500] {processor.py:840} INFO - DAG(s) 'example_sla_dag' retrieved from /home/abayturar/airflow-project/venv/lib/python3.12/site-packages/airflow/example_dags/example_sla_dag.py
[2026-03-28T19:40:26.152+0500] {logging_mixin.py:188} INFO - [2026-03-28T19:40:26.152+0500] {dag.py:3089} INFO - Sync 1 DAGs
[2026-03-28T19:40:26.168+0500] {logging_mixin.py:188} INFO - [2026-03-28T19:40:26.168+0500] {dag.py:3947} INFO - Setting next_dagrun for example_sla_dag to 2026-03-28 14:38:00+00:00, run_after=2026-03-28 14:40:00+00:00
[2026-03-28T19:40:26.197+0500] {processor.py:183} INFO - Processing /home/abayturar/airflow-project/venv/lib/python3.12/site-packages/airflow/example_dags/example_sla_dag.py took 0.077 seconds
[2026-03-28T19:41:09.855+0500] {processor.py:161} INFO - Started process (PID=31579) to work on /home/abayturar/airflow-project/venv/lib/python3.12/site-packages/airflow/example_dags/example_sla_dag.py
[2026-03-28T19:41:09.856+0500] {processor.py:830} INFO - Processing file /home/abayturar/airflow-project/venv/lib/python3.12/site-packages/airflow/example_dags/example_sla_dag.py for tasks to queue
[2026-03-28T19:41:09.857+0500] {logging_mixin.py:188} INFO - [2026-03-28T19:41:09.857+0500] {dagbag.py:545} INFO - Filling up the DagBag from /home/abayturar/airflow-project/venv/lib/python3.12/site-packages/airflow/example_dags/example_sla_dag.py
[2026-03-28T19:41:09.866+0500] {processor.py:840} INFO - DAG(s) 'example_sla_dag' retrieved from /home/abayturar/airflow-project/venv/lib/python3.12/site-packages/airflow/example_dags/example_sla_dag.py
[2026-03-28T19:41:09.880+0500] {logging_mixin.py:188} INFO - [2026-03-28T19:41:09.880+0500] {dag.py:3089} INFO - Sync 1 DAGs
[2026-03-28T19:41:09.895+0500] {logging_mixin.py:188} INFO - [2026-03-28T19:41:09.895+0500] {dag.py:3947} INFO - Setting next_dagrun for example_sla_dag to 2026-03-28 14:38:00+00:00, run_after=2026-03-28 14:40:00+00:00
[2026-03-28T19:41:09.922+0500] {processor.py:183} INFO - Processing /home/abayturar/airflow-project/venv/lib/python3.12/site-packages/airflow/example_dags/example_sla_dag.py took 0.073 seconds
[2026-03-28T19:41:55.853+0500] {processor.py:161} INFO - Started process (PID=31703) to work on /home/abayturar/airflow-project/venv/lib/python3.12/site-packages/airflow/example_dags/example_sla_dag.py
[2026-03-28T19:41:55.854+0500] {processor.py:830} INFO - Processing file /home/abayturar/airflow-project/venv/lib/python3.12/site-packages/airflow/example_dags/example_sla_dag.py for tasks to queue
[2026-03-28T19:41:55.856+0500] {logging_mixin.py:188} INFO - [2026-03-28T19:41:55.856+0500] {dagbag.py:545} INFO - Filling up the DagBag from /home/abayturar/airflow-project/venv/lib/python3.12/site-packages/airflow/example_dags/example_sla_dag.py
[2026-03-28T19:41:55.865+0500] {processor.py:840} INFO - DAG(s) 'example_sla_dag' retrieved from /home/abayturar/airflow-project/venv/lib/python3.12/site-packages/airflow/example_dags/example_sla_dag.py
[2026-03-28T19:41:55.882+0500] {logging_mixin.py:188} INFO - [2026-03-28T19:41:55.882+0500] {dag.py:3089} INFO - Sync 1 DAGs
[2026-03-28T19:41:55.898+0500] {logging_mixin.py:188} INFO - [2026-03-28T19:41:55.898+0500] {dag.py:3947} INFO - Setting next_dagrun for example_sla_dag to 2026-03-28 14:38:00+00:00, run_after=2026-03-28 14:40:00+00:00
[2026-03-28T19:41:55.925+0500] {processor.py:183} INFO - Processing /home/abayturar/airflow-project/venv/lib/python3.12/site-packages/airflow/example_dags/example_sla_dag.py took 0.079 seconds
[2026-03-28T19:42:45.063+0500] {processor.py:161} INFO - Started process (PID=31833) to work on /home/abayturar/airflow-project/venv/lib/python3.12/site-packages/airflow/example_dags/example_sla_dag.py
[2026-03-28T19:42:45.064+0500] {processor.py:830} INFO - Processing file /home/abayturar/airflow-project/venv/lib/python3.12/site-packages/airflow/example_dags/example_sla_dag.py for tasks to queue
[2026-03-28T19:42:45.066+0500] {logging_mixin.py:188} INFO - [2026-03-28T19:42:45.066+0500] {dagbag.py:545} INFO - Filling up the DagBag from /home/abayturar/airflow-project/venv/lib/python3.12/site-packages/airflow/example_dags/example_sla_dag.py
[2026-03-28T19:42:45.075+0500] {processor.py:840} INFO - DAG(s) 'example_sla_dag' retrieved from /home/abayturar/airflow-project/venv/lib/python3.12/site-packages/airflow/example_dags/example_sla_dag.py
[2026-03-28T19:42:45.093+0500] {logging_mixin.py:188} INFO - [2026-03-28T19:42:45.093+0500] {dag.py:3089} INFO - Sync 1 DAGs
[2026-03-28T19:42:45.108+0500] {logging_mixin.py:188} INFO - [2026-03-28T19:42:45.108+0500] {dag.py:3947} INFO - Setting next_dagrun for example_sla_dag to 2026-03-28 14:40:00+00:00, run_after=2026-03-28 14:42:00+00:00
[2026-03-28T19:42:45.135+0500] {processor.py:183} INFO - Processing /home/abayturar/airflow-project/venv/lib/python3.12/site-packages/airflow/example_dags/example_sla_dag.py took 0.078 seconds
[2026-03-28T19:43:36.471+0500] {processor.py:161} INFO - Started process (PID=31968) to work on /home/abayturar/airflow-project/venv/lib/python3.12/site-packages/airflow/example_dags/example_sla_dag.py
[2026-03-28T19:43:36.473+0500] {processor.py:830} INFO - Processing file /home/abayturar/airflow-project/venv/lib/python3.12/site-packages/airflow/example_dags/example_sla_dag.py for tasks to queue
[2026-03-28T19:43:36.475+0500] {logging_mixin.py:188} INFO - [2026-03-28T19:43:36.474+0500] {dagbag.py:545} INFO - Filling up the DagBag from /home/abayturar/airflow-project/venv/lib/python3.12/site-packages/airflow/example_dags/example_sla_dag.py
[2026-03-28T19:43:36.486+0500] {processor.py:840} INFO - DAG(s) 'example_sla_dag' retrieved from /home/abayturar/airflow-project/venv/lib/python3.12/site-packages/airflow/example_dags/example_sla_dag.py
[2026-03-28T19:43:36.502+0500] {logging_mixin.py:188} INFO - [2026-03-28T19:43:36.502+0500] {dag.py:3089} INFO - Sync 1 DAGs
[2026-03-28T19:43:36.519+0500] {logging_mixin.py:188} INFO - [2026-03-28T19:43:36.519+0500] {dag.py:3947} INFO - Setting next_dagrun for example_sla_dag to 2026-03-28 14:40:00+00:00, run_after=2026-03-28 14:42:00+00:00
[2026-03-28T19:43:36.546+0500] {processor.py:183} INFO - Processing /home/abayturar/airflow-project/venv/lib/python3.12/site-packages/airflow/example_dags/example_sla_dag.py took 0.082 seconds
[2026-03-28T19:44:21.333+0500] {processor.py:161} INFO - Started process (PID=32091) to work on /home/abayturar/airflow-project/venv/lib/python3.12/site-packages/airflow/example_dags/example_sla_dag.py
[2026-03-28T19:44:21.333+0500] {processor.py:830} INFO - Processing file /home/abayturar/airflow-project/venv/lib/python3.12/site-packages/airflow/example_dags/example_sla_dag.py for tasks to queue
[2026-03-28T19:44:21.335+0500] {logging_mixin.py:188} INFO - [2026-03-28T19:44:21.335+0500] {dagbag.py:545} INFO - Filling up the DagBag from /home/abayturar/airflow-project/venv/lib/python3.12/site-packages/airflow/example_dags/example_sla_dag.py
[2026-03-28T19:44:21.343+0500] {processor.py:840} INFO - DAG(s) 'example_sla_dag' retrieved from /home/abayturar/airflow-project/venv/lib/python3.12/site-packages/airflow/example_dags/example_sla_dag.py
[2026-03-28T19:44:21.357+0500] {logging_mixin.py:188} INFO - [2026-03-28T19:44:21.357+0500] {dag.py:3089} INFO - Sync 1 DAGs
[2026-03-28T19:44:21.371+0500] {logging_mixin.py:188} INFO - [2026-03-28T19:44:21.371+0500] {dag.py:3947} INFO - Setting next_dagrun for example_sla_dag to 2026-03-28 14:42:00+00:00, run_after=2026-03-28 14:44:00+00:00
[2026-03-28T19:44:21.398+0500] {processor.py:183} INFO - Processing /home/abayturar/airflow-project/venv/lib/python3.12/site-packages/airflow/example_dags/example_sla_dag.py took 0.071 seconds
