[2026-03-28T15:21:34.506+0500] {processor.py:161} INFO - Started process (PID=11887) to work on /home/abayturar/airflow-project/venv/lib/python3.12/site-packages/airflow/example_dags/example_external_task_marker_dag.py
[2026-03-28T15:21:34.507+0500] {processor.py:830} INFO - Processing file /home/abayturar/airflow-project/venv/lib/python3.12/site-packages/airflow/example_dags/example_external_task_marker_dag.py for tasks to queue
[2026-03-28T15:21:34.509+0500] {logging_mixin.py:188} INFO - [2026-03-28T15:21:34.509+0500] {dagbag.py:545} INFO - Filling up the DagBag from /home/abayturar/airflow-project/venv/lib/python3.12/site-packages/airflow/example_dags/example_external_task_marker_dag.py
[2026-03-28T15:21:34.516+0500] {processor.py:840} INFO - DAG(s) 'example_external_task_marker_child', 'example_external_task_marker_parent' retrieved from /home/abayturar/airflow-project/venv/lib/python3.12/site-packages/airflow/example_dags/example_external_task_marker_dag.py
[2026-03-28T15:21:34.609+0500] {logging_mixin.py:188} INFO - [2026-03-28T15:21:34.609+0500] {override.py:1858} INFO - Created Permission View: can edit on DAG:example_external_task_marker_child
[2026-03-28T15:21:34.617+0500] {logging_mixin.py:188} INFO - [2026-03-28T15:21:34.617+0500] {override.py:1858} INFO - Created Permission View: can read on DAG:example_external_task_marker_child
[2026-03-28T15:21:34.624+0500] {logging_mixin.py:188} INFO - [2026-03-28T15:21:34.624+0500] {override.py:1858} INFO - Created Permission View: can delete on DAG:example_external_task_marker_child
[2026-03-28T15:21:34.634+0500] {logging_mixin.py:188} INFO - [2026-03-28T15:21:34.634+0500] {override.py:1858} INFO - Created Permission View: can edit on DAG:example_external_task_marker_parent
[2026-03-28T15:21:34.639+0500] {logging_mixin.py:188} INFO - [2026-03-28T15:21:34.639+0500] {override.py:1858} INFO - Created Permission View: can read on DAG:example_external_task_marker_parent
[2026-03-28T15:21:34.644+0500] {logging_mixin.py:188} INFO - [2026-03-28T15:21:34.644+0500] {override.py:1858} INFO - Created Permission View: can delete on DAG:example_external_task_marker_parent
[2026-03-28T15:21:34.645+0500] {logging_mixin.py:188} INFO - [2026-03-28T15:21:34.645+0500] {dag.py:3089} INFO - Sync 2 DAGs
[2026-03-28T15:21:34.651+0500] {logging_mixin.py:188} INFO - [2026-03-28T15:21:34.651+0500] {dag.py:3111} INFO - Creating ORM DAG for example_external_task_marker_parent
[2026-03-28T15:21:34.652+0500] {logging_mixin.py:188} INFO - [2026-03-28T15:21:34.652+0500] {dag.py:3111} INFO - Creating ORM DAG for example_external_task_marker_child
[2026-03-28T15:21:34.652+0500] {logging_mixin.py:188} INFO - [2026-03-28T15:21:34.652+0500] {dag.py:3947} INFO - Setting next_dagrun for example_external_task_marker_child to None, run_after=None
[2026-03-28T15:21:34.652+0500] {logging_mixin.py:188} INFO - [2026-03-28T15:21:34.652+0500] {dag.py:3947} INFO - Setting next_dagrun for example_external_task_marker_parent to None, run_after=None
[2026-03-28T15:21:34.666+0500] {processor.py:183} INFO - Processing /home/abayturar/airflow-project/venv/lib/python3.12/site-packages/airflow/example_dags/example_external_task_marker_dag.py took 0.166 seconds
[2026-03-28T15:22:27.887+0500] {processor.py:161} INFO - Started process (PID=12032) to work on /home/abayturar/airflow-project/venv/lib/python3.12/site-packages/airflow/example_dags/example_external_task_marker_dag.py
[2026-03-28T15:22:27.888+0500] {processor.py:830} INFO - Processing file /home/abayturar/airflow-project/venv/lib/python3.12/site-packages/airflow/example_dags/example_external_task_marker_dag.py for tasks to queue
[2026-03-28T15:22:27.891+0500] {logging_mixin.py:188} INFO - [2026-03-28T15:22:27.890+0500] {dagbag.py:545} INFO - Filling up the DagBag from /home/abayturar/airflow-project/venv/lib/python3.12/site-packages/airflow/example_dags/example_external_task_marker_dag.py
[2026-03-28T15:22:27.898+0500] {processor.py:840} INFO - DAG(s) 'example_external_task_marker_parent', 'example_external_task_marker_child' retrieved from /home/abayturar/airflow-project/venv/lib/python3.12/site-packages/airflow/example_dags/example_external_task_marker_dag.py
[2026-03-28T15:22:27.916+0500] {logging_mixin.py:188} INFO - [2026-03-28T15:22:27.916+0500] {dag.py:3089} INFO - Sync 2 DAGs
[2026-03-28T15:22:27.926+0500] {logging_mixin.py:188} INFO - [2026-03-28T15:22:27.926+0500] {dag.py:3947} INFO - Setting next_dagrun for example_external_task_marker_child to None, run_after=None
[2026-03-28T15:22:27.929+0500] {logging_mixin.py:188} INFO - [2026-03-28T15:22:27.929+0500] {dag.py:3947} INFO - Setting next_dagrun for example_external_task_marker_parent to None, run_after=None
[2026-03-28T15:22:27.955+0500] {processor.py:183} INFO - Processing /home/abayturar/airflow-project/venv/lib/python3.12/site-packages/airflow/example_dags/example_external_task_marker_dag.py took 0.075 seconds
[2026-03-28T15:23:18.092+0500] {processor.py:161} INFO - Started process (PID=12185) to work on /home/abayturar/airflow-project/venv/lib/python3.12/site-packages/airflow/example_dags/example_external_task_marker_dag.py
[2026-03-28T15:23:18.093+0500] {processor.py:830} INFO - Processing file /home/abayturar/airflow-project/venv/lib/python3.12/site-packages/airflow/example_dags/example_external_task_marker_dag.py for tasks to queue
[2026-03-28T15:23:18.095+0500] {logging_mixin.py:188} INFO - [2026-03-28T15:23:18.094+0500] {dagbag.py:545} INFO - Filling up the DagBag from /home/abayturar/airflow-project/venv/lib/python3.12/site-packages/airflow/example_dags/example_external_task_marker_dag.py
[2026-03-28T15:23:18.101+0500] {processor.py:840} INFO - DAG(s) 'example_external_task_marker_child', 'example_external_task_marker_parent' retrieved from /home/abayturar/airflow-project/venv/lib/python3.12/site-packages/airflow/example_dags/example_external_task_marker_dag.py
[2026-03-28T15:23:18.117+0500] {logging_mixin.py:188} INFO - [2026-03-28T15:23:18.117+0500] {dag.py:3089} INFO - Sync 2 DAGs
[2026-03-28T15:23:18.131+0500] {logging_mixin.py:188} INFO - [2026-03-28T15:23:18.131+0500] {dag.py:3947} INFO - Setting next_dagrun for example_external_task_marker_child to None, run_after=None
[2026-03-28T15:23:18.134+0500] {logging_mixin.py:188} INFO - [2026-03-28T15:23:18.134+0500] {dag.py:3947} INFO - Setting next_dagrun for example_external_task_marker_parent to None, run_after=None
[2026-03-28T15:23:18.150+0500] {processor.py:183} INFO - Processing /home/abayturar/airflow-project/venv/lib/python3.12/site-packages/airflow/example_dags/example_external_task_marker_dag.py took 0.065 seconds
[2026-03-28T15:24:08.440+0500] {processor.py:161} INFO - Started process (PID=12331) to work on /home/abayturar/airflow-project/venv/lib/python3.12/site-packages/airflow/example_dags/example_external_task_marker_dag.py
[2026-03-28T15:24:08.441+0500] {processor.py:830} INFO - Processing file /home/abayturar/airflow-project/venv/lib/python3.12/site-packages/airflow/example_dags/example_external_task_marker_dag.py for tasks to queue
[2026-03-28T15:24:08.443+0500] {logging_mixin.py:188} INFO - [2026-03-28T15:24:08.442+0500] {dagbag.py:545} INFO - Filling up the DagBag from /home/abayturar/airflow-project/venv/lib/python3.12/site-packages/airflow/example_dags/example_external_task_marker_dag.py
[2026-03-28T15:24:08.449+0500] {processor.py:840} INFO - DAG(s) 'example_external_task_marker_parent', 'example_external_task_marker_child' retrieved from /home/abayturar/airflow-project/venv/lib/python3.12/site-packages/airflow/example_dags/example_external_task_marker_dag.py
[2026-03-28T15:24:08.466+0500] {logging_mixin.py:188} INFO - [2026-03-28T15:24:08.466+0500] {dag.py:3089} INFO - Sync 2 DAGs
[2026-03-28T15:24:08.475+0500] {logging_mixin.py:188} INFO - [2026-03-28T15:24:08.475+0500] {dag.py:3947} INFO - Setting next_dagrun for example_external_task_marker_child to None, run_after=None
[2026-03-28T15:24:08.477+0500] {logging_mixin.py:188} INFO - [2026-03-28T15:24:08.477+0500] {dag.py:3947} INFO - Setting next_dagrun for example_external_task_marker_parent to None, run_after=None
[2026-03-28T15:24:08.491+0500] {processor.py:183} INFO - Processing /home/abayturar/airflow-project/venv/lib/python3.12/site-packages/airflow/example_dags/example_external_task_marker_dag.py took 0.056 seconds
[2026-03-28T15:24:57.057+0500] {processor.py:161} INFO - Started process (PID=12474) to work on /home/abayturar/airflow-project/venv/lib/python3.12/site-packages/airflow/example_dags/example_external_task_marker_dag.py
[2026-03-28T15:24:57.058+0500] {processor.py:830} INFO - Processing file /home/abayturar/airflow-project/venv/lib/python3.12/site-packages/airflow/example_dags/example_external_task_marker_dag.py for tasks to queue
[2026-03-28T15:24:57.059+0500] {logging_mixin.py:188} INFO - [2026-03-28T15:24:57.059+0500] {dagbag.py:545} INFO - Filling up the DagBag from /home/abayturar/airflow-project/venv/lib/python3.12/site-packages/airflow/example_dags/example_external_task_marker_dag.py
[2026-03-28T15:24:57.067+0500] {processor.py:840} INFO - DAG(s) 'example_external_task_marker_parent', 'example_external_task_marker_child' retrieved from /home/abayturar/airflow-project/venv/lib/python3.12/site-packages/airflow/example_dags/example_external_task_marker_dag.py
[2026-03-28T15:24:57.093+0500] {logging_mixin.py:188} INFO - [2026-03-28T15:24:57.093+0500] {dag.py:3089} INFO - Sync 2 DAGs
[2026-03-28T15:24:57.105+0500] {logging_mixin.py:188} INFO - [2026-03-28T15:24:57.105+0500] {dag.py:3947} INFO - Setting next_dagrun for example_external_task_marker_child to None, run_after=None
[2026-03-28T15:24:57.107+0500] {logging_mixin.py:188} INFO - [2026-03-28T15:24:57.107+0500] {dag.py:3947} INFO - Setting next_dagrun for example_external_task_marker_parent to None, run_after=None
[2026-03-28T15:24:57.122+0500] {processor.py:183} INFO - Processing /home/abayturar/airflow-project/venv/lib/python3.12/site-packages/airflow/example_dags/example_external_task_marker_dag.py took 0.070 seconds
[2026-03-28T15:27:20.210+0500] {processor.py:161} INFO - Started process (PID=12831) to work on /home/abayturar/airflow-project/venv/lib/python3.12/site-packages/airflow/example_dags/example_external_task_marker_dag.py
[2026-03-28T15:27:20.211+0500] {processor.py:830} INFO - Processing file /home/abayturar/airflow-project/venv/lib/python3.12/site-packages/airflow/example_dags/example_external_task_marker_dag.py for tasks to queue
[2026-03-28T15:27:20.212+0500] {logging_mixin.py:188} INFO - [2026-03-28T15:27:20.212+0500] {dagbag.py:545} INFO - Filling up the DagBag from /home/abayturar/airflow-project/venv/lib/python3.12/site-packages/airflow/example_dags/example_external_task_marker_dag.py
[2026-03-28T15:27:20.218+0500] {processor.py:840} INFO - DAG(s) 'example_external_task_marker_parent', 'example_external_task_marker_child' retrieved from /home/abayturar/airflow-project/venv/lib/python3.12/site-packages/airflow/example_dags/example_external_task_marker_dag.py
[2026-03-28T15:27:20.309+0500] {logging_mixin.py:188} INFO - [2026-03-28T15:27:20.308+0500] {dag.py:3089} INFO - Sync 2 DAGs
[2026-03-28T15:27:20.317+0500] {logging_mixin.py:188} INFO - [2026-03-28T15:27:20.317+0500] {dag.py:3947} INFO - Setting next_dagrun for example_external_task_marker_child to None, run_after=None
[2026-03-28T15:27:20.319+0500] {logging_mixin.py:188} INFO - [2026-03-28T15:27:20.319+0500] {dag.py:3947} INFO - Setting next_dagrun for example_external_task_marker_parent to None, run_after=None
[2026-03-28T15:27:20.346+0500] {processor.py:183} INFO - Processing /home/abayturar/airflow-project/venv/lib/python3.12/site-packages/airflow/example_dags/example_external_task_marker_dag.py took 0.142 seconds
[2026-03-28T18:17:55.438+0500] {processor.py:161} INFO - Started process (PID=17960) to work on /home/abayturar/airflow-project/venv/lib/python3.12/site-packages/airflow/example_dags/example_external_task_marker_dag.py
[2026-03-28T18:17:55.439+0500] {processor.py:830} INFO - Processing file /home/abayturar/airflow-project/venv/lib/python3.12/site-packages/airflow/example_dags/example_external_task_marker_dag.py for tasks to queue
[2026-03-28T18:17:55.441+0500] {logging_mixin.py:188} INFO - [2026-03-28T18:17:55.440+0500] {dagbag.py:545} INFO - Filling up the DagBag from /home/abayturar/airflow-project/venv/lib/python3.12/site-packages/airflow/example_dags/example_external_task_marker_dag.py
[2026-03-28T18:17:55.448+0500] {processor.py:840} INFO - DAG(s) 'example_external_task_marker_parent', 'example_external_task_marker_child' retrieved from /home/abayturar/airflow-project/venv/lib/python3.12/site-packages/airflow/example_dags/example_external_task_marker_dag.py
[2026-03-28T18:17:55.549+0500] {logging_mixin.py:188} INFO - [2026-03-28T18:17:55.548+0500] {override.py:1858} INFO - Created Permission View: can edit on DAG:example_external_task_marker_parent
[2026-03-28T18:17:55.557+0500] {logging_mixin.py:188} INFO - [2026-03-28T18:17:55.557+0500] {override.py:1858} INFO - Created Permission View: can delete on DAG:example_external_task_marker_parent
[2026-03-28T18:17:55.563+0500] {logging_mixin.py:188} INFO - [2026-03-28T18:17:55.563+0500] {override.py:1858} INFO - Created Permission View: can read on DAG:example_external_task_marker_parent
[2026-03-28T18:17:55.575+0500] {logging_mixin.py:188} INFO - [2026-03-28T18:17:55.575+0500] {override.py:1858} INFO - Created Permission View: can edit on DAG:example_external_task_marker_child
[2026-03-28T18:17:55.580+0500] {logging_mixin.py:188} INFO - [2026-03-28T18:17:55.580+0500] {override.py:1858} INFO - Created Permission View: can delete on DAG:example_external_task_marker_child
[2026-03-28T18:17:55.585+0500] {logging_mixin.py:188} INFO - [2026-03-28T18:17:55.585+0500] {override.py:1858} INFO - Created Permission View: can read on DAG:example_external_task_marker_child
[2026-03-28T18:17:55.586+0500] {logging_mixin.py:188} INFO - [2026-03-28T18:17:55.586+0500] {dag.py:3089} INFO - Sync 2 DAGs
[2026-03-28T18:17:55.592+0500] {logging_mixin.py:188} INFO - [2026-03-28T18:17:55.592+0500] {dag.py:3111} INFO - Creating ORM DAG for example_external_task_marker_parent
[2026-03-28T18:17:55.593+0500] {logging_mixin.py:188} INFO - [2026-03-28T18:17:55.593+0500] {dag.py:3111} INFO - Creating ORM DAG for example_external_task_marker_child
[2026-03-28T18:17:55.593+0500] {logging_mixin.py:188} INFO - [2026-03-28T18:17:55.593+0500] {dag.py:3947} INFO - Setting next_dagrun for example_external_task_marker_child to None, run_after=None
[2026-03-28T18:17:55.593+0500] {logging_mixin.py:188} INFO - [2026-03-28T18:17:55.593+0500] {dag.py:3947} INFO - Setting next_dagrun for example_external_task_marker_parent to None, run_after=None
[2026-03-28T18:17:55.606+0500] {processor.py:183} INFO - Processing /home/abayturar/airflow-project/venv/lib/python3.12/site-packages/airflow/example_dags/example_external_task_marker_dag.py took 0.175 seconds
[2026-03-28T18:18:56.123+0500] {processor.py:161} INFO - Started process (PID=18139) to work on /home/abayturar/airflow-project/venv/lib/python3.12/site-packages/airflow/example_dags/example_external_task_marker_dag.py
[2026-03-28T18:18:56.124+0500] {processor.py:830} INFO - Processing file /home/abayturar/airflow-project/venv/lib/python3.12/site-packages/airflow/example_dags/example_external_task_marker_dag.py for tasks to queue
[2026-03-28T18:18:56.126+0500] {logging_mixin.py:188} INFO - [2026-03-28T18:18:56.125+0500] {dagbag.py:545} INFO - Filling up the DagBag from /home/abayturar/airflow-project/venv/lib/python3.12/site-packages/airflow/example_dags/example_external_task_marker_dag.py
[2026-03-28T18:18:56.134+0500] {processor.py:840} INFO - DAG(s) 'example_external_task_marker_parent', 'example_external_task_marker_child' retrieved from /home/abayturar/airflow-project/venv/lib/python3.12/site-packages/airflow/example_dags/example_external_task_marker_dag.py
[2026-03-28T18:18:56.155+0500] {logging_mixin.py:188} INFO - [2026-03-28T18:18:56.155+0500] {dag.py:3089} INFO - Sync 2 DAGs
[2026-03-28T18:18:56.166+0500] {logging_mixin.py:188} INFO - [2026-03-28T18:18:56.166+0500] {dag.py:3947} INFO - Setting next_dagrun for example_external_task_marker_child to None, run_after=None
[2026-03-28T18:18:56.170+0500] {logging_mixin.py:188} INFO - [2026-03-28T18:18:56.169+0500] {dag.py:3947} INFO - Setting next_dagrun for example_external_task_marker_parent to None, run_after=None
[2026-03-28T18:18:56.186+0500] {processor.py:183} INFO - Processing /home/abayturar/airflow-project/venv/lib/python3.12/site-packages/airflow/example_dags/example_external_task_marker_dag.py took 0.071 seconds
[2026-03-28T18:22:41.105+0500] {processor.py:161} INFO - Started process (PID=18647) to work on /home/abayturar/airflow-project/venv/lib/python3.12/site-packages/airflow/example_dags/example_external_task_marker_dag.py
[2026-03-28T18:22:41.106+0500] {processor.py:830} INFO - Processing file /home/abayturar/airflow-project/venv/lib/python3.12/site-packages/airflow/example_dags/example_external_task_marker_dag.py for tasks to queue
[2026-03-28T18:22:41.107+0500] {logging_mixin.py:188} INFO - [2026-03-28T18:22:41.107+0500] {dagbag.py:545} INFO - Filling up the DagBag from /home/abayturar/airflow-project/venv/lib/python3.12/site-packages/airflow/example_dags/example_external_task_marker_dag.py
[2026-03-28T18:22:41.114+0500] {processor.py:840} INFO - DAG(s) 'example_external_task_marker_child', 'example_external_task_marker_parent' retrieved from /home/abayturar/airflow-project/venv/lib/python3.12/site-packages/airflow/example_dags/example_external_task_marker_dag.py
[2026-03-28T18:22:41.133+0500] {logging_mixin.py:188} INFO - [2026-03-28T18:22:41.133+0500] {dag.py:3089} INFO - Sync 2 DAGs
[2026-03-28T18:22:41.142+0500] {logging_mixin.py:188} INFO - [2026-03-28T18:22:41.142+0500] {dag.py:3947} INFO - Setting next_dagrun for example_external_task_marker_child to None, run_after=None
[2026-03-28T18:22:41.145+0500] {logging_mixin.py:188} INFO - [2026-03-28T18:22:41.145+0500] {dag.py:3947} INFO - Setting next_dagrun for example_external_task_marker_parent to None, run_after=None
[2026-03-28T18:22:41.161+0500] {processor.py:183} INFO - Processing /home/abayturar/airflow-project/venv/lib/python3.12/site-packages/airflow/example_dags/example_external_task_marker_dag.py took 0.063 seconds
[2026-03-28T18:23:33.993+0500] {processor.py:161} INFO - Started process (PID=18788) to work on /home/abayturar/airflow-project/venv/lib/python3.12/site-packages/airflow/example_dags/example_external_task_marker_dag.py
[2026-03-28T18:23:33.994+0500] {processor.py:830} INFO - Processing file /home/abayturar/airflow-project/venv/lib/python3.12/site-packages/airflow/example_dags/example_external_task_marker_dag.py for tasks to queue
[2026-03-28T18:23:33.996+0500] {logging_mixin.py:188} INFO - [2026-03-28T18:23:33.995+0500] {dagbag.py:545} INFO - Filling up the DagBag from /home/abayturar/airflow-project/venv/lib/python3.12/site-packages/airflow/example_dags/example_external_task_marker_dag.py
[2026-03-28T18:23:34.007+0500] {processor.py:840} INFO - DAG(s) 'example_external_task_marker_child', 'example_external_task_marker_parent' retrieved from /home/abayturar/airflow-project/venv/lib/python3.12/site-packages/airflow/example_dags/example_external_task_marker_dag.py
[2026-03-28T18:23:34.037+0500] {logging_mixin.py:188} INFO - [2026-03-28T18:23:34.037+0500] {dag.py:3089} INFO - Sync 2 DAGs
[2026-03-28T18:23:34.049+0500] {logging_mixin.py:188} INFO - [2026-03-28T18:23:34.049+0500] {dag.py:3947} INFO - Setting next_dagrun for example_external_task_marker_child to None, run_after=None
[2026-03-28T18:23:34.052+0500] {logging_mixin.py:188} INFO - [2026-03-28T18:23:34.052+0500] {dag.py:3947} INFO - Setting next_dagrun for example_external_task_marker_parent to None, run_after=None
[2026-03-28T18:23:34.081+0500] {processor.py:183} INFO - Processing /home/abayturar/airflow-project/venv/lib/python3.12/site-packages/airflow/example_dags/example_external_task_marker_dag.py took 0.099 seconds
[2026-03-28T18:24:27.242+0500] {processor.py:161} INFO - Started process (PID=18930) to work on /home/abayturar/airflow-project/venv/lib/python3.12/site-packages/airflow/example_dags/example_external_task_marker_dag.py
[2026-03-28T18:24:27.243+0500] {processor.py:830} INFO - Processing file /home/abayturar/airflow-project/venv/lib/python3.12/site-packages/airflow/example_dags/example_external_task_marker_dag.py for tasks to queue
[2026-03-28T18:24:27.244+0500] {logging_mixin.py:188} INFO - [2026-03-28T18:24:27.244+0500] {dagbag.py:545} INFO - Filling up the DagBag from /home/abayturar/airflow-project/venv/lib/python3.12/site-packages/airflow/example_dags/example_external_task_marker_dag.py
[2026-03-28T18:24:27.251+0500] {processor.py:840} INFO - DAG(s) 'example_external_task_marker_child', 'example_external_task_marker_parent' retrieved from /home/abayturar/airflow-project/venv/lib/python3.12/site-packages/airflow/example_dags/example_external_task_marker_dag.py
[2026-03-28T18:24:27.268+0500] {logging_mixin.py:188} INFO - [2026-03-28T18:24:27.268+0500] {dag.py:3089} INFO - Sync 2 DAGs
[2026-03-28T18:24:27.278+0500] {logging_mixin.py:188} INFO - [2026-03-28T18:24:27.278+0500] {dag.py:3947} INFO - Setting next_dagrun for example_external_task_marker_child to None, run_after=None
[2026-03-28T18:24:27.280+0500] {logging_mixin.py:188} INFO - [2026-03-28T18:24:27.280+0500] {dag.py:3947} INFO - Setting next_dagrun for example_external_task_marker_parent to None, run_after=None
[2026-03-28T18:24:27.307+0500] {processor.py:183} INFO - Processing /home/abayturar/airflow-project/venv/lib/python3.12/site-packages/airflow/example_dags/example_external_task_marker_dag.py took 0.071 seconds
[2026-03-28T18:25:34.778+0500] {processor.py:161} INFO - Started process (PID=19113) to work on /home/abayturar/airflow-project/venv/lib/python3.12/site-packages/airflow/example_dags/example_external_task_marker_dag.py
[2026-03-28T18:25:34.779+0500] {processor.py:830} INFO - Processing file /home/abayturar/airflow-project/venv/lib/python3.12/site-packages/airflow/example_dags/example_external_task_marker_dag.py for tasks to queue
[2026-03-28T18:25:34.780+0500] {logging_mixin.py:188} INFO - [2026-03-28T18:25:34.780+0500] {dagbag.py:545} INFO - Filling up the DagBag from /home/abayturar/airflow-project/venv/lib/python3.12/site-packages/airflow/example_dags/example_external_task_marker_dag.py
[2026-03-28T18:25:34.787+0500] {processor.py:840} INFO - DAG(s) 'example_external_task_marker_child', 'example_external_task_marker_parent' retrieved from /home/abayturar/airflow-project/venv/lib/python3.12/site-packages/airflow/example_dags/example_external_task_marker_dag.py
[2026-03-28T18:25:34.804+0500] {logging_mixin.py:188} INFO - [2026-03-28T18:25:34.804+0500] {dag.py:3089} INFO - Sync 2 DAGs
[2026-03-28T18:25:34.813+0500] {logging_mixin.py:188} INFO - [2026-03-28T18:25:34.813+0500] {dag.py:3947} INFO - Setting next_dagrun for example_external_task_marker_child to None, run_after=None
[2026-03-28T18:25:34.815+0500] {logging_mixin.py:188} INFO - [2026-03-28T18:25:34.815+0500] {dag.py:3947} INFO - Setting next_dagrun for example_external_task_marker_parent to None, run_after=None
[2026-03-28T18:25:34.829+0500] {processor.py:183} INFO - Processing /home/abayturar/airflow-project/venv/lib/python3.12/site-packages/airflow/example_dags/example_external_task_marker_dag.py took 0.057 seconds
[2026-03-28T18:26:46.911+0500] {processor.py:161} INFO - Started process (PID=19302) to work on /home/abayturar/airflow-project/venv/lib/python3.12/site-packages/airflow/example_dags/example_external_task_marker_dag.py
[2026-03-28T18:26:46.913+0500] {processor.py:830} INFO - Processing file /home/abayturar/airflow-project/venv/lib/python3.12/site-packages/airflow/example_dags/example_external_task_marker_dag.py for tasks to queue
[2026-03-28T18:26:46.915+0500] {logging_mixin.py:188} INFO - [2026-03-28T18:26:46.914+0500] {dagbag.py:545} INFO - Filling up the DagBag from /home/abayturar/airflow-project/venv/lib/python3.12/site-packages/airflow/example_dags/example_external_task_marker_dag.py
[2026-03-28T18:26:46.925+0500] {processor.py:840} INFO - DAG(s) 'example_external_task_marker_child', 'example_external_task_marker_parent' retrieved from /home/abayturar/airflow-project/venv/lib/python3.12/site-packages/airflow/example_dags/example_external_task_marker_dag.py
[2026-03-28T18:26:46.952+0500] {logging_mixin.py:188} INFO - [2026-03-28T18:26:46.952+0500] {dag.py:3089} INFO - Sync 2 DAGs
[2026-03-28T18:26:46.965+0500] {logging_mixin.py:188} INFO - [2026-03-28T18:26:46.965+0500] {dag.py:3947} INFO - Setting next_dagrun for example_external_task_marker_child to None, run_after=None
[2026-03-28T18:26:46.970+0500] {logging_mixin.py:188} INFO - [2026-03-28T18:26:46.970+0500] {dag.py:3947} INFO - Setting next_dagrun for example_external_task_marker_parent to None, run_after=None
[2026-03-28T18:26:47.007+0500] {processor.py:183} INFO - Processing /home/abayturar/airflow-project/venv/lib/python3.12/site-packages/airflow/example_dags/example_external_task_marker_dag.py took 0.105 seconds
[2026-03-28T18:28:02.007+0500] {processor.py:161} INFO - Started process (PID=19521) to work on /home/abayturar/airflow-project/venv/lib/python3.12/site-packages/airflow/example_dags/example_external_task_marker_dag.py
[2026-03-28T18:28:02.008+0500] {processor.py:830} INFO - Processing file /home/abayturar/airflow-project/venv/lib/python3.12/site-packages/airflow/example_dags/example_external_task_marker_dag.py for tasks to queue
[2026-03-28T18:28:02.010+0500] {logging_mixin.py:188} INFO - [2026-03-28T18:28:02.009+0500] {dagbag.py:545} INFO - Filling up the DagBag from /home/abayturar/airflow-project/venv/lib/python3.12/site-packages/airflow/example_dags/example_external_task_marker_dag.py
[2026-03-28T18:28:02.016+0500] {processor.py:840} INFO - DAG(s) 'example_external_task_marker_child', 'example_external_task_marker_parent' retrieved from /home/abayturar/airflow-project/venv/lib/python3.12/site-packages/airflow/example_dags/example_external_task_marker_dag.py
[2026-03-28T18:28:02.035+0500] {logging_mixin.py:188} INFO - [2026-03-28T18:28:02.035+0500] {dag.py:3089} INFO - Sync 2 DAGs
[2026-03-28T18:28:02.045+0500] {logging_mixin.py:188} INFO - [2026-03-28T18:28:02.044+0500] {dag.py:3947} INFO - Setting next_dagrun for example_external_task_marker_child to None, run_after=None
[2026-03-28T18:28:02.047+0500] {logging_mixin.py:188} INFO - [2026-03-28T18:28:02.047+0500] {dag.py:3947} INFO - Setting next_dagrun for example_external_task_marker_parent to None, run_after=None
[2026-03-28T18:28:02.063+0500] {processor.py:183} INFO - Processing /home/abayturar/airflow-project/venv/lib/python3.12/site-packages/airflow/example_dags/example_external_task_marker_dag.py took 0.062 seconds
[2026-03-28T18:28:56.736+0500] {processor.py:161} INFO - Started process (PID=19661) to work on /home/abayturar/airflow-project/venv/lib/python3.12/site-packages/airflow/example_dags/example_external_task_marker_dag.py
[2026-03-28T18:28:56.737+0500] {processor.py:830} INFO - Processing file /home/abayturar/airflow-project/venv/lib/python3.12/site-packages/airflow/example_dags/example_external_task_marker_dag.py for tasks to queue
[2026-03-28T18:28:56.739+0500] {logging_mixin.py:188} INFO - [2026-03-28T18:28:56.738+0500] {dagbag.py:545} INFO - Filling up the DagBag from /home/abayturar/airflow-project/venv/lib/python3.12/site-packages/airflow/example_dags/example_external_task_marker_dag.py
[2026-03-28T18:28:56.745+0500] {processor.py:840} INFO - DAG(s) 'example_external_task_marker_child', 'example_external_task_marker_parent' retrieved from /home/abayturar/airflow-project/venv/lib/python3.12/site-packages/airflow/example_dags/example_external_task_marker_dag.py
[2026-03-28T18:28:56.764+0500] {logging_mixin.py:188} INFO - [2026-03-28T18:28:56.764+0500] {dag.py:3089} INFO - Sync 2 DAGs
[2026-03-28T18:28:56.774+0500] {logging_mixin.py:188} INFO - [2026-03-28T18:28:56.774+0500] {dag.py:3947} INFO - Setting next_dagrun for example_external_task_marker_child to None, run_after=None
[2026-03-28T18:28:56.777+0500] {logging_mixin.py:188} INFO - [2026-03-28T18:28:56.777+0500] {dag.py:3947} INFO - Setting next_dagrun for example_external_task_marker_parent to None, run_after=None
[2026-03-28T18:28:56.806+0500] {processor.py:183} INFO - Processing /home/abayturar/airflow-project/venv/lib/python3.12/site-packages/airflow/example_dags/example_external_task_marker_dag.py took 0.076 seconds
[2026-03-28T18:29:47.959+0500] {processor.py:161} INFO - Started process (PID=19796) to work on /home/abayturar/airflow-project/venv/lib/python3.12/site-packages/airflow/example_dags/example_external_task_marker_dag.py
[2026-03-28T18:29:47.961+0500] {processor.py:830} INFO - Processing file /home/abayturar/airflow-project/venv/lib/python3.12/site-packages/airflow/example_dags/example_external_task_marker_dag.py for tasks to queue
[2026-03-28T18:29:47.962+0500] {logging_mixin.py:188} INFO - [2026-03-28T18:29:47.962+0500] {dagbag.py:545} INFO - Filling up the DagBag from /home/abayturar/airflow-project/venv/lib/python3.12/site-packages/airflow/example_dags/example_external_task_marker_dag.py
[2026-03-28T18:29:47.970+0500] {processor.py:840} INFO - DAG(s) 'example_external_task_marker_parent', 'example_external_task_marker_child' retrieved from /home/abayturar/airflow-project/venv/lib/python3.12/site-packages/airflow/example_dags/example_external_task_marker_dag.py
[2026-03-28T18:29:47.989+0500] {logging_mixin.py:188} INFO - [2026-03-28T18:29:47.989+0500] {dag.py:3089} INFO - Sync 2 DAGs
[2026-03-28T18:29:47.999+0500] {logging_mixin.py:188} INFO - [2026-03-28T18:29:47.999+0500] {dag.py:3947} INFO - Setting next_dagrun for example_external_task_marker_child to None, run_after=None
[2026-03-28T18:29:48.002+0500] {logging_mixin.py:188} INFO - [2026-03-28T18:29:48.001+0500] {dag.py:3947} INFO - Setting next_dagrun for example_external_task_marker_parent to None, run_after=None
[2026-03-28T18:29:48.029+0500] {processor.py:183} INFO - Processing /home/abayturar/airflow-project/venv/lib/python3.12/site-packages/airflow/example_dags/example_external_task_marker_dag.py took 0.075 seconds
[2026-03-28T18:30:56.504+0500] {processor.py:161} INFO - Started process (PID=19980) to work on /home/abayturar/airflow-project/venv/lib/python3.12/site-packages/airflow/example_dags/example_external_task_marker_dag.py
[2026-03-28T18:30:56.506+0500] {processor.py:830} INFO - Processing file /home/abayturar/airflow-project/venv/lib/python3.12/site-packages/airflow/example_dags/example_external_task_marker_dag.py for tasks to queue
[2026-03-28T18:30:56.508+0500] {logging_mixin.py:188} INFO - [2026-03-28T18:30:56.507+0500] {dagbag.py:545} INFO - Filling up the DagBag from /home/abayturar/airflow-project/venv/lib/python3.12/site-packages/airflow/example_dags/example_external_task_marker_dag.py
[2026-03-28T18:30:56.515+0500] {processor.py:840} INFO - DAG(s) 'example_external_task_marker_parent', 'example_external_task_marker_child' retrieved from /home/abayturar/airflow-project/venv/lib/python3.12/site-packages/airflow/example_dags/example_external_task_marker_dag.py
[2026-03-28T18:30:56.534+0500] {logging_mixin.py:188} INFO - [2026-03-28T18:30:56.534+0500] {dag.py:3089} INFO - Sync 2 DAGs
[2026-03-28T18:30:56.544+0500] {logging_mixin.py:188} INFO - [2026-03-28T18:30:56.544+0500] {dag.py:3947} INFO - Setting next_dagrun for example_external_task_marker_child to None, run_after=None
[2026-03-28T18:30:56.547+0500] {logging_mixin.py:188} INFO - [2026-03-28T18:30:56.546+0500] {dag.py:3947} INFO - Setting next_dagrun for example_external_task_marker_parent to None, run_after=None
[2026-03-28T18:30:56.563+0500] {processor.py:183} INFO - Processing /home/abayturar/airflow-project/venv/lib/python3.12/site-packages/airflow/example_dags/example_external_task_marker_dag.py took 0.067 seconds
[2026-03-28T18:32:02.967+0500] {processor.py:161} INFO - Started process (PID=20171) to work on /home/abayturar/airflow-project/venv/lib/python3.12/site-packages/airflow/example_dags/example_external_task_marker_dag.py
[2026-03-28T18:32:02.967+0500] {processor.py:830} INFO - Processing file /home/abayturar/airflow-project/venv/lib/python3.12/site-packages/airflow/example_dags/example_external_task_marker_dag.py for tasks to queue
[2026-03-28T18:32:02.969+0500] {logging_mixin.py:188} INFO - [2026-03-28T18:32:02.969+0500] {dagbag.py:545} INFO - Filling up the DagBag from /home/abayturar/airflow-project/venv/lib/python3.12/site-packages/airflow/example_dags/example_external_task_marker_dag.py
[2026-03-28T18:32:02.977+0500] {processor.py:840} INFO - DAG(s) 'example_external_task_marker_child', 'example_external_task_marker_parent' retrieved from /home/abayturar/airflow-project/venv/lib/python3.12/site-packages/airflow/example_dags/example_external_task_marker_dag.py
[2026-03-28T18:32:02.996+0500] {logging_mixin.py:188} INFO - [2026-03-28T18:32:02.996+0500] {dag.py:3089} INFO - Sync 2 DAGs
[2026-03-28T18:32:03.006+0500] {logging_mixin.py:188} INFO - [2026-03-28T18:32:03.005+0500] {dag.py:3947} INFO - Setting next_dagrun for example_external_task_marker_child to None, run_after=None
[2026-03-28T18:32:03.008+0500] {logging_mixin.py:188} INFO - [2026-03-28T18:32:03.008+0500] {dag.py:3947} INFO - Setting next_dagrun for example_external_task_marker_parent to None, run_after=None
[2026-03-28T18:32:03.023+0500] {processor.py:183} INFO - Processing /home/abayturar/airflow-project/venv/lib/python3.12/site-packages/airflow/example_dags/example_external_task_marker_dag.py took 0.064 seconds
[2026-03-28T18:33:15.789+0500] {processor.py:161} INFO - Started process (PID=20357) to work on /home/abayturar/airflow-project/venv/lib/python3.12/site-packages/airflow/example_dags/example_external_task_marker_dag.py
[2026-03-28T18:33:15.790+0500] {processor.py:830} INFO - Processing file /home/abayturar/airflow-project/venv/lib/python3.12/site-packages/airflow/example_dags/example_external_task_marker_dag.py for tasks to queue
[2026-03-28T18:33:15.792+0500] {logging_mixin.py:188} INFO - [2026-03-28T18:33:15.791+0500] {dagbag.py:545} INFO - Filling up the DagBag from /home/abayturar/airflow-project/venv/lib/python3.12/site-packages/airflow/example_dags/example_external_task_marker_dag.py
[2026-03-28T18:33:15.799+0500] {processor.py:840} INFO - DAG(s) 'example_external_task_marker_child', 'example_external_task_marker_parent' retrieved from /home/abayturar/airflow-project/venv/lib/python3.12/site-packages/airflow/example_dags/example_external_task_marker_dag.py
[2026-03-28T18:33:15.819+0500] {logging_mixin.py:188} INFO - [2026-03-28T18:33:15.819+0500] {dag.py:3089} INFO - Sync 2 DAGs
[2026-03-28T18:33:15.831+0500] {logging_mixin.py:188} INFO - [2026-03-28T18:33:15.831+0500] {dag.py:3947} INFO - Setting next_dagrun for example_external_task_marker_child to None, run_after=None
[2026-03-28T18:33:15.833+0500] {logging_mixin.py:188} INFO - [2026-03-28T18:33:15.833+0500] {dag.py:3947} INFO - Setting next_dagrun for example_external_task_marker_parent to None, run_after=None
[2026-03-28T18:33:15.860+0500] {processor.py:183} INFO - Processing /home/abayturar/airflow-project/venv/lib/python3.12/site-packages/airflow/example_dags/example_external_task_marker_dag.py took 0.077 seconds
[2026-03-28T18:34:09.013+0500] {processor.py:161} INFO - Started process (PID=20511) to work on /home/abayturar/airflow-project/venv/lib/python3.12/site-packages/airflow/example_dags/example_external_task_marker_dag.py
[2026-03-28T18:34:09.014+0500] {processor.py:830} INFO - Processing file /home/abayturar/airflow-project/venv/lib/python3.12/site-packages/airflow/example_dags/example_external_task_marker_dag.py for tasks to queue
[2026-03-28T18:34:09.016+0500] {logging_mixin.py:188} INFO - [2026-03-28T18:34:09.015+0500] {dagbag.py:545} INFO - Filling up the DagBag from /home/abayturar/airflow-project/venv/lib/python3.12/site-packages/airflow/example_dags/example_external_task_marker_dag.py
[2026-03-28T18:34:09.022+0500] {processor.py:840} INFO - DAG(s) 'example_external_task_marker_child', 'example_external_task_marker_parent' retrieved from /home/abayturar/airflow-project/venv/lib/python3.12/site-packages/airflow/example_dags/example_external_task_marker_dag.py
[2026-03-28T18:34:09.038+0500] {logging_mixin.py:188} INFO - [2026-03-28T18:34:09.038+0500] {dag.py:3089} INFO - Sync 2 DAGs
[2026-03-28T18:34:09.047+0500] {logging_mixin.py:188} INFO - [2026-03-28T18:34:09.047+0500] {dag.py:3947} INFO - Setting next_dagrun for example_external_task_marker_child to None, run_after=None
[2026-03-28T18:34:09.049+0500] {logging_mixin.py:188} INFO - [2026-03-28T18:34:09.049+0500] {dag.py:3947} INFO - Setting next_dagrun for example_external_task_marker_parent to None, run_after=None
[2026-03-28T18:34:09.064+0500] {processor.py:183} INFO - Processing /home/abayturar/airflow-project/venv/lib/python3.12/site-packages/airflow/example_dags/example_external_task_marker_dag.py took 0.057 seconds
[2026-03-28T18:35:00.194+0500] {processor.py:161} INFO - Started process (PID=20651) to work on /home/abayturar/airflow-project/venv/lib/python3.12/site-packages/airflow/example_dags/example_external_task_marker_dag.py
[2026-03-28T18:35:00.195+0500] {processor.py:830} INFO - Processing file /home/abayturar/airflow-project/venv/lib/python3.12/site-packages/airflow/example_dags/example_external_task_marker_dag.py for tasks to queue
[2026-03-28T18:35:00.197+0500] {logging_mixin.py:188} INFO - [2026-03-28T18:35:00.197+0500] {dagbag.py:545} INFO - Filling up the DagBag from /home/abayturar/airflow-project/venv/lib/python3.12/site-packages/airflow/example_dags/example_external_task_marker_dag.py
[2026-03-28T18:35:00.203+0500] {processor.py:840} INFO - DAG(s) 'example_external_task_marker_child', 'example_external_task_marker_parent' retrieved from /home/abayturar/airflow-project/venv/lib/python3.12/site-packages/airflow/example_dags/example_external_task_marker_dag.py
[2026-03-28T18:35:00.220+0500] {logging_mixin.py:188} INFO - [2026-03-28T18:35:00.220+0500] {dag.py:3089} INFO - Sync 2 DAGs
[2026-03-28T18:35:00.229+0500] {logging_mixin.py:188} INFO - [2026-03-28T18:35:00.229+0500] {dag.py:3947} INFO - Setting next_dagrun for example_external_task_marker_child to None, run_after=None
[2026-03-28T18:35:00.231+0500] {logging_mixin.py:188} INFO - [2026-03-28T18:35:00.231+0500] {dag.py:3947} INFO - Setting next_dagrun for example_external_task_marker_parent to None, run_after=None
[2026-03-28T18:35:00.257+0500] {processor.py:183} INFO - Processing /home/abayturar/airflow-project/venv/lib/python3.12/site-packages/airflow/example_dags/example_external_task_marker_dag.py took 0.068 seconds
[2026-03-28T18:35:50.116+0500] {processor.py:161} INFO - Started process (PID=20786) to work on /home/abayturar/airflow-project/venv/lib/python3.12/site-packages/airflow/example_dags/example_external_task_marker_dag.py
[2026-03-28T18:35:50.117+0500] {processor.py:830} INFO - Processing file /home/abayturar/airflow-project/venv/lib/python3.12/site-packages/airflow/example_dags/example_external_task_marker_dag.py for tasks to queue
[2026-03-28T18:35:50.119+0500] {logging_mixin.py:188} INFO - [2026-03-28T18:35:50.118+0500] {dagbag.py:545} INFO - Filling up the DagBag from /home/abayturar/airflow-project/venv/lib/python3.12/site-packages/airflow/example_dags/example_external_task_marker_dag.py
[2026-03-28T18:35:50.125+0500] {processor.py:840} INFO - DAG(s) 'example_external_task_marker_child', 'example_external_task_marker_parent' retrieved from /home/abayturar/airflow-project/venv/lib/python3.12/site-packages/airflow/example_dags/example_external_task_marker_dag.py
[2026-03-28T18:35:50.142+0500] {logging_mixin.py:188} INFO - [2026-03-28T18:35:50.142+0500] {dag.py:3089} INFO - Sync 2 DAGs
[2026-03-28T18:35:50.151+0500] {logging_mixin.py:188} INFO - [2026-03-28T18:35:50.151+0500] {dag.py:3947} INFO - Setting next_dagrun for example_external_task_marker_child to None, run_after=None
[2026-03-28T18:35:50.154+0500] {logging_mixin.py:188} INFO - [2026-03-28T18:35:50.154+0500] {dag.py:3947} INFO - Setting next_dagrun for example_external_task_marker_parent to None, run_after=None
[2026-03-28T18:35:50.180+0500] {processor.py:183} INFO - Processing /home/abayturar/airflow-project/venv/lib/python3.12/site-packages/airflow/example_dags/example_external_task_marker_dag.py took 0.070 seconds
[2026-03-28T18:36:43.507+0500] {processor.py:161} INFO - Started process (PID=20942) to work on /home/abayturar/airflow-project/venv/lib/python3.12/site-packages/airflow/example_dags/example_external_task_marker_dag.py
[2026-03-28T18:36:43.508+0500] {processor.py:830} INFO - Processing file /home/abayturar/airflow-project/venv/lib/python3.12/site-packages/airflow/example_dags/example_external_task_marker_dag.py for tasks to queue
[2026-03-28T18:36:43.511+0500] {logging_mixin.py:188} INFO - [2026-03-28T18:36:43.510+0500] {dagbag.py:545} INFO - Filling up the DagBag from /home/abayturar/airflow-project/venv/lib/python3.12/site-packages/airflow/example_dags/example_external_task_marker_dag.py
[2026-03-28T18:36:43.519+0500] {processor.py:840} INFO - DAG(s) 'example_external_task_marker_parent', 'example_external_task_marker_child' retrieved from /home/abayturar/airflow-project/venv/lib/python3.12/site-packages/airflow/example_dags/example_external_task_marker_dag.py
[2026-03-28T18:36:43.541+0500] {logging_mixin.py:188} INFO - [2026-03-28T18:36:43.540+0500] {dag.py:3089} INFO - Sync 2 DAGs
[2026-03-28T18:36:43.553+0500] {logging_mixin.py:188} INFO - [2026-03-28T18:36:43.552+0500] {dag.py:3947} INFO - Setting next_dagrun for example_external_task_marker_child to None, run_after=None
[2026-03-28T18:36:43.555+0500] {logging_mixin.py:188} INFO - [2026-03-28T18:36:43.555+0500] {dag.py:3947} INFO - Setting next_dagrun for example_external_task_marker_parent to None, run_after=None
[2026-03-28T18:36:43.571+0500] {processor.py:183} INFO - Processing /home/abayturar/airflow-project/venv/lib/python3.12/site-packages/airflow/example_dags/example_external_task_marker_dag.py took 0.072 seconds
[2026-03-28T18:37:37.495+0500] {processor.py:161} INFO - Started process (PID=21095) to work on /home/abayturar/airflow-project/venv/lib/python3.12/site-packages/airflow/example_dags/example_external_task_marker_dag.py
[2026-03-28T18:37:37.496+0500] {processor.py:830} INFO - Processing file /home/abayturar/airflow-project/venv/lib/python3.12/site-packages/airflow/example_dags/example_external_task_marker_dag.py for tasks to queue
[2026-03-28T18:37:37.498+0500] {logging_mixin.py:188} INFO - [2026-03-28T18:37:37.498+0500] {dagbag.py:545} INFO - Filling up the DagBag from /home/abayturar/airflow-project/venv/lib/python3.12/site-packages/airflow/example_dags/example_external_task_marker_dag.py
[2026-03-28T18:37:37.506+0500] {processor.py:840} INFO - DAG(s) 'example_external_task_marker_child', 'example_external_task_marker_parent' retrieved from /home/abayturar/airflow-project/venv/lib/python3.12/site-packages/airflow/example_dags/example_external_task_marker_dag.py
[2026-03-28T18:37:37.524+0500] {logging_mixin.py:188} INFO - [2026-03-28T18:37:37.524+0500] {dag.py:3089} INFO - Sync 2 DAGs
[2026-03-28T18:37:37.535+0500] {logging_mixin.py:188} INFO - [2026-03-28T18:37:37.534+0500] {dag.py:3947} INFO - Setting next_dagrun for example_external_task_marker_child to None, run_after=None
[2026-03-28T18:37:37.539+0500] {logging_mixin.py:188} INFO - [2026-03-28T18:37:37.539+0500] {dag.py:3947} INFO - Setting next_dagrun for example_external_task_marker_parent to None, run_after=None
[2026-03-28T18:37:37.559+0500] {processor.py:183} INFO - Processing /home/abayturar/airflow-project/venv/lib/python3.12/site-packages/airflow/example_dags/example_external_task_marker_dag.py took 0.071 seconds
[2026-03-28T18:38:28.324+0500] {processor.py:161} INFO - Started process (PID=21226) to work on /home/abayturar/airflow-project/venv/lib/python3.12/site-packages/airflow/example_dags/example_external_task_marker_dag.py
[2026-03-28T18:38:28.325+0500] {processor.py:830} INFO - Processing file /home/abayturar/airflow-project/venv/lib/python3.12/site-packages/airflow/example_dags/example_external_task_marker_dag.py for tasks to queue
[2026-03-28T18:38:28.327+0500] {logging_mixin.py:188} INFO - [2026-03-28T18:38:28.326+0500] {dagbag.py:545} INFO - Filling up the DagBag from /home/abayturar/airflow-project/venv/lib/python3.12/site-packages/airflow/example_dags/example_external_task_marker_dag.py
[2026-03-28T18:38:28.333+0500] {processor.py:840} INFO - DAG(s) 'example_external_task_marker_child', 'example_external_task_marker_parent' retrieved from /home/abayturar/airflow-project/venv/lib/python3.12/site-packages/airflow/example_dags/example_external_task_marker_dag.py
[2026-03-28T18:38:28.349+0500] {logging_mixin.py:188} INFO - [2026-03-28T18:38:28.349+0500] {dag.py:3089} INFO - Sync 2 DAGs
[2026-03-28T18:38:28.357+0500] {logging_mixin.py:188} INFO - [2026-03-28T18:38:28.357+0500] {dag.py:3947} INFO - Setting next_dagrun for example_external_task_marker_child to None, run_after=None
[2026-03-28T18:38:28.359+0500] {logging_mixin.py:188} INFO - [2026-03-28T18:38:28.359+0500] {dag.py:3947} INFO - Setting next_dagrun for example_external_task_marker_parent to None, run_after=None
[2026-03-28T18:38:28.385+0500] {processor.py:183} INFO - Processing /home/abayturar/airflow-project/venv/lib/python3.12/site-packages/airflow/example_dags/example_external_task_marker_dag.py took 0.067 seconds
[2026-03-28T18:39:18.968+0500] {processor.py:161} INFO - Started process (PID=21364) to work on /home/abayturar/airflow-project/venv/lib/python3.12/site-packages/airflow/example_dags/example_external_task_marker_dag.py
[2026-03-28T18:39:18.969+0500] {processor.py:830} INFO - Processing file /home/abayturar/airflow-project/venv/lib/python3.12/site-packages/airflow/example_dags/example_external_task_marker_dag.py for tasks to queue
[2026-03-28T18:39:18.971+0500] {logging_mixin.py:188} INFO - [2026-03-28T18:39:18.970+0500] {dagbag.py:545} INFO - Filling up the DagBag from /home/abayturar/airflow-project/venv/lib/python3.12/site-packages/airflow/example_dags/example_external_task_marker_dag.py
[2026-03-28T18:39:18.977+0500] {processor.py:840} INFO - DAG(s) 'example_external_task_marker_child', 'example_external_task_marker_parent' retrieved from /home/abayturar/airflow-project/venv/lib/python3.12/site-packages/airflow/example_dags/example_external_task_marker_dag.py
[2026-03-28T18:39:18.993+0500] {logging_mixin.py:188} INFO - [2026-03-28T18:39:18.993+0500] {dag.py:3089} INFO - Sync 2 DAGs
[2026-03-28T18:39:19.002+0500] {logging_mixin.py:188} INFO - [2026-03-28T18:39:19.002+0500] {dag.py:3947} INFO - Setting next_dagrun for example_external_task_marker_child to None, run_after=None
[2026-03-28T18:39:19.004+0500] {logging_mixin.py:188} INFO - [2026-03-28T18:39:19.004+0500] {dag.py:3947} INFO - Setting next_dagrun for example_external_task_marker_parent to None, run_after=None
[2026-03-28T18:39:19.029+0500] {processor.py:183} INFO - Processing /home/abayturar/airflow-project/venv/lib/python3.12/site-packages/airflow/example_dags/example_external_task_marker_dag.py took 0.067 seconds
[2026-03-28T18:40:09.335+0500] {processor.py:161} INFO - Started process (PID=21496) to work on /home/abayturar/airflow-project/venv/lib/python3.12/site-packages/airflow/example_dags/example_external_task_marker_dag.py
[2026-03-28T18:40:09.336+0500] {processor.py:830} INFO - Processing file /home/abayturar/airflow-project/venv/lib/python3.12/site-packages/airflow/example_dags/example_external_task_marker_dag.py for tasks to queue
[2026-03-28T18:40:09.338+0500] {logging_mixin.py:188} INFO - [2026-03-28T18:40:09.338+0500] {dagbag.py:545} INFO - Filling up the DagBag from /home/abayturar/airflow-project/venv/lib/python3.12/site-packages/airflow/example_dags/example_external_task_marker_dag.py
[2026-03-28T18:40:09.346+0500] {processor.py:840} INFO - DAG(s) 'example_external_task_marker_child', 'example_external_task_marker_parent' retrieved from /home/abayturar/airflow-project/venv/lib/python3.12/site-packages/airflow/example_dags/example_external_task_marker_dag.py
[2026-03-28T18:40:09.367+0500] {logging_mixin.py:188} INFO - [2026-03-28T18:40:09.367+0500] {dag.py:3089} INFO - Sync 2 DAGs
[2026-03-28T18:40:09.377+0500] {logging_mixin.py:188} INFO - [2026-03-28T18:40:09.377+0500] {dag.py:3947} INFO - Setting next_dagrun for example_external_task_marker_child to None, run_after=None
[2026-03-28T18:40:09.380+0500] {logging_mixin.py:188} INFO - [2026-03-28T18:40:09.379+0500] {dag.py:3947} INFO - Setting next_dagrun for example_external_task_marker_parent to None, run_after=None
[2026-03-28T18:40:09.411+0500] {processor.py:183} INFO - Processing /home/abayturar/airflow-project/venv/lib/python3.12/site-packages/airflow/example_dags/example_external_task_marker_dag.py took 0.082 seconds
[2026-03-28T18:41:01.963+0500] {processor.py:161} INFO - Started process (PID=21635) to work on /home/abayturar/airflow-project/venv/lib/python3.12/site-packages/airflow/example_dags/example_external_task_marker_dag.py
[2026-03-28T18:41:01.964+0500] {processor.py:830} INFO - Processing file /home/abayturar/airflow-project/venv/lib/python3.12/site-packages/airflow/example_dags/example_external_task_marker_dag.py for tasks to queue
[2026-03-28T18:41:01.965+0500] {logging_mixin.py:188} INFO - [2026-03-28T18:41:01.965+0500] {dagbag.py:545} INFO - Filling up the DagBag from /home/abayturar/airflow-project/venv/lib/python3.12/site-packages/airflow/example_dags/example_external_task_marker_dag.py
[2026-03-28T18:41:01.972+0500] {processor.py:840} INFO - DAG(s) 'example_external_task_marker_child', 'example_external_task_marker_parent' retrieved from /home/abayturar/airflow-project/venv/lib/python3.12/site-packages/airflow/example_dags/example_external_task_marker_dag.py
[2026-03-28T18:41:01.989+0500] {logging_mixin.py:188} INFO - [2026-03-28T18:41:01.989+0500] {dag.py:3089} INFO - Sync 2 DAGs
[2026-03-28T18:41:01.998+0500] {logging_mixin.py:188} INFO - [2026-03-28T18:41:01.998+0500] {dag.py:3947} INFO - Setting next_dagrun for example_external_task_marker_child to None, run_after=None
[2026-03-28T18:41:02.000+0500] {logging_mixin.py:188} INFO - [2026-03-28T18:41:02.000+0500] {dag.py:3947} INFO - Setting next_dagrun for example_external_task_marker_parent to None, run_after=None
[2026-03-28T18:41:02.101+0500] {processor.py:183} INFO - Processing /home/abayturar/airflow-project/venv/lib/python3.12/site-packages/airflow/example_dags/example_external_task_marker_dag.py took 0.145 seconds
[2026-03-28T18:42:12.149+0500] {processor.py:161} INFO - Started process (PID=21873) to work on /home/abayturar/airflow-project/venv/lib/python3.12/site-packages/airflow/example_dags/example_external_task_marker_dag.py
[2026-03-28T18:42:12.150+0500] {processor.py:830} INFO - Processing file /home/abayturar/airflow-project/venv/lib/python3.12/site-packages/airflow/example_dags/example_external_task_marker_dag.py for tasks to queue
[2026-03-28T18:42:12.152+0500] {logging_mixin.py:188} INFO - [2026-03-28T18:42:12.152+0500] {dagbag.py:545} INFO - Filling up the DagBag from /home/abayturar/airflow-project/venv/lib/python3.12/site-packages/airflow/example_dags/example_external_task_marker_dag.py
[2026-03-28T18:42:12.158+0500] {processor.py:840} INFO - DAG(s) 'example_external_task_marker_parent', 'example_external_task_marker_child' retrieved from /home/abayturar/airflow-project/venv/lib/python3.12/site-packages/airflow/example_dags/example_external_task_marker_dag.py
[2026-03-28T18:42:12.175+0500] {logging_mixin.py:188} INFO - [2026-03-28T18:42:12.175+0500] {dag.py:3089} INFO - Sync 2 DAGs
[2026-03-28T18:42:12.184+0500] {logging_mixin.py:188} INFO - [2026-03-28T18:42:12.184+0500] {dag.py:3947} INFO - Setting next_dagrun for example_external_task_marker_child to None, run_after=None
[2026-03-28T18:42:12.186+0500] {logging_mixin.py:188} INFO - [2026-03-28T18:42:12.186+0500] {dag.py:3947} INFO - Setting next_dagrun for example_external_task_marker_parent to None, run_after=None
[2026-03-28T18:42:12.213+0500] {processor.py:183} INFO - Processing /home/abayturar/airflow-project/venv/lib/python3.12/site-packages/airflow/example_dags/example_external_task_marker_dag.py took 0.069 seconds
[2026-03-28T18:43:05.956+0500] {processor.py:161} INFO - Started process (PID=22039) to work on /home/abayturar/airflow-project/venv/lib/python3.12/site-packages/airflow/example_dags/example_external_task_marker_dag.py
[2026-03-28T18:43:05.957+0500] {processor.py:830} INFO - Processing file /home/abayturar/airflow-project/venv/lib/python3.12/site-packages/airflow/example_dags/example_external_task_marker_dag.py for tasks to queue
[2026-03-28T18:43:05.959+0500] {logging_mixin.py:188} INFO - [2026-03-28T18:43:05.958+0500] {dagbag.py:545} INFO - Filling up the DagBag from /home/abayturar/airflow-project/venv/lib/python3.12/site-packages/airflow/example_dags/example_external_task_marker_dag.py
[2026-03-28T18:43:05.965+0500] {processor.py:840} INFO - DAG(s) 'example_external_task_marker_parent', 'example_external_task_marker_child' retrieved from /home/abayturar/airflow-project/venv/lib/python3.12/site-packages/airflow/example_dags/example_external_task_marker_dag.py
[2026-03-28T18:43:05.983+0500] {logging_mixin.py:188} INFO - [2026-03-28T18:43:05.983+0500] {dag.py:3089} INFO - Sync 2 DAGs
[2026-03-28T18:43:05.992+0500] {logging_mixin.py:188} INFO - [2026-03-28T18:43:05.992+0500] {dag.py:3947} INFO - Setting next_dagrun for example_external_task_marker_child to None, run_after=None
[2026-03-28T18:43:05.994+0500] {logging_mixin.py:188} INFO - [2026-03-28T18:43:05.994+0500] {dag.py:3947} INFO - Setting next_dagrun for example_external_task_marker_parent to None, run_after=None
[2026-03-28T18:43:06.012+0500] {processor.py:183} INFO - Processing /home/abayturar/airflow-project/venv/lib/python3.12/site-packages/airflow/example_dags/example_external_task_marker_dag.py took 0.062 seconds
[2026-03-28T18:44:18.149+0500] {processor.py:161} INFO - Started process (PID=22249) to work on /home/abayturar/airflow-project/venv/lib/python3.12/site-packages/airflow/example_dags/example_external_task_marker_dag.py
[2026-03-28T18:44:18.150+0500] {processor.py:830} INFO - Processing file /home/abayturar/airflow-project/venv/lib/python3.12/site-packages/airflow/example_dags/example_external_task_marker_dag.py for tasks to queue
[2026-03-28T18:44:18.151+0500] {logging_mixin.py:188} INFO - [2026-03-28T18:44:18.151+0500] {dagbag.py:545} INFO - Filling up the DagBag from /home/abayturar/airflow-project/venv/lib/python3.12/site-packages/airflow/example_dags/example_external_task_marker_dag.py
[2026-03-28T18:44:18.159+0500] {processor.py:840} INFO - DAG(s) 'example_external_task_marker_parent', 'example_external_task_marker_child' retrieved from /home/abayturar/airflow-project/venv/lib/python3.12/site-packages/airflow/example_dags/example_external_task_marker_dag.py
[2026-03-28T18:44:18.179+0500] {logging_mixin.py:188} INFO - [2026-03-28T18:44:18.179+0500] {dag.py:3089} INFO - Sync 2 DAGs
[2026-03-28T18:44:18.189+0500] {logging_mixin.py:188} INFO - [2026-03-28T18:44:18.189+0500] {dag.py:3947} INFO - Setting next_dagrun for example_external_task_marker_child to None, run_after=None
[2026-03-28T18:44:18.191+0500] {logging_mixin.py:188} INFO - [2026-03-28T18:44:18.191+0500] {dag.py:3947} INFO - Setting next_dagrun for example_external_task_marker_parent to None, run_after=None
[2026-03-28T18:44:18.206+0500] {processor.py:183} INFO - Processing /home/abayturar/airflow-project/venv/lib/python3.12/site-packages/airflow/example_dags/example_external_task_marker_dag.py took 0.065 seconds
[2026-03-28T18:45:06.242+0500] {processor.py:161} INFO - Started process (PID=22376) to work on /home/abayturar/airflow-project/venv/lib/python3.12/site-packages/airflow/example_dags/example_external_task_marker_dag.py
[2026-03-28T18:45:06.243+0500] {processor.py:830} INFO - Processing file /home/abayturar/airflow-project/venv/lib/python3.12/site-packages/airflow/example_dags/example_external_task_marker_dag.py for tasks to queue
[2026-03-28T18:45:06.245+0500] {logging_mixin.py:188} INFO - [2026-03-28T18:45:06.244+0500] {dagbag.py:545} INFO - Filling up the DagBag from /home/abayturar/airflow-project/venv/lib/python3.12/site-packages/airflow/example_dags/example_external_task_marker_dag.py
[2026-03-28T18:45:06.253+0500] {processor.py:840} INFO - DAG(s) 'example_external_task_marker_parent', 'example_external_task_marker_child' retrieved from /home/abayturar/airflow-project/venv/lib/python3.12/site-packages/airflow/example_dags/example_external_task_marker_dag.py
[2026-03-28T18:45:06.273+0500] {logging_mixin.py:188} INFO - [2026-03-28T18:45:06.273+0500] {dag.py:3089} INFO - Sync 2 DAGs
[2026-03-28T18:45:06.284+0500] {logging_mixin.py:188} INFO - [2026-03-28T18:45:06.284+0500] {dag.py:3947} INFO - Setting next_dagrun for example_external_task_marker_child to None, run_after=None
[2026-03-28T18:45:06.287+0500] {logging_mixin.py:188} INFO - [2026-03-28T18:45:06.287+0500] {dag.py:3947} INFO - Setting next_dagrun for example_external_task_marker_parent to None, run_after=None
[2026-03-28T18:45:06.306+0500] {processor.py:183} INFO - Processing /home/abayturar/airflow-project/venv/lib/python3.12/site-packages/airflow/example_dags/example_external_task_marker_dag.py took 0.071 seconds
[2026-03-28T18:45:56.779+0500] {processor.py:161} INFO - Started process (PID=22510) to work on /home/abayturar/airflow-project/venv/lib/python3.12/site-packages/airflow/example_dags/example_external_task_marker_dag.py
[2026-03-28T18:45:56.780+0500] {processor.py:830} INFO - Processing file /home/abayturar/airflow-project/venv/lib/python3.12/site-packages/airflow/example_dags/example_external_task_marker_dag.py for tasks to queue
[2026-03-28T18:45:56.782+0500] {logging_mixin.py:188} INFO - [2026-03-28T18:45:56.781+0500] {dagbag.py:545} INFO - Filling up the DagBag from /home/abayturar/airflow-project/venv/lib/python3.12/site-packages/airflow/example_dags/example_external_task_marker_dag.py
[2026-03-28T18:45:56.788+0500] {processor.py:840} INFO - DAG(s) 'example_external_task_marker_parent', 'example_external_task_marker_child' retrieved from /home/abayturar/airflow-project/venv/lib/python3.12/site-packages/airflow/example_dags/example_external_task_marker_dag.py
[2026-03-28T18:45:56.805+0500] {logging_mixin.py:188} INFO - [2026-03-28T18:45:56.805+0500] {dag.py:3089} INFO - Sync 2 DAGs
[2026-03-28T18:45:56.815+0500] {logging_mixin.py:188} INFO - [2026-03-28T18:45:56.814+0500] {dag.py:3947} INFO - Setting next_dagrun for example_external_task_marker_child to None, run_after=None
[2026-03-28T18:45:56.817+0500] {logging_mixin.py:188} INFO - [2026-03-28T18:45:56.817+0500] {dag.py:3947} INFO - Setting next_dagrun for example_external_task_marker_parent to None, run_after=None
[2026-03-28T18:45:56.843+0500] {processor.py:183} INFO - Processing /home/abayturar/airflow-project/venv/lib/python3.12/site-packages/airflow/example_dags/example_external_task_marker_dag.py took 0.070 seconds
[2026-03-28T18:47:07.299+0500] {processor.py:161} INFO - Started process (PID=22695) to work on /home/abayturar/airflow-project/venv/lib/python3.12/site-packages/airflow/example_dags/example_external_task_marker_dag.py
[2026-03-28T18:47:07.300+0500] {processor.py:830} INFO - Processing file /home/abayturar/airflow-project/venv/lib/python3.12/site-packages/airflow/example_dags/example_external_task_marker_dag.py for tasks to queue
[2026-03-28T18:47:07.301+0500] {logging_mixin.py:188} INFO - [2026-03-28T18:47:07.301+0500] {dagbag.py:545} INFO - Filling up the DagBag from /home/abayturar/airflow-project/venv/lib/python3.12/site-packages/airflow/example_dags/example_external_task_marker_dag.py
[2026-03-28T18:47:07.308+0500] {processor.py:840} INFO - DAG(s) 'example_external_task_marker_child', 'example_external_task_marker_parent' retrieved from /home/abayturar/airflow-project/venv/lib/python3.12/site-packages/airflow/example_dags/example_external_task_marker_dag.py
[2026-03-28T18:47:07.326+0500] {logging_mixin.py:188} INFO - [2026-03-28T18:47:07.326+0500] {dag.py:3089} INFO - Sync 2 DAGs
[2026-03-28T18:47:07.338+0500] {logging_mixin.py:188} INFO - [2026-03-28T18:47:07.338+0500] {dag.py:3947} INFO - Setting next_dagrun for example_external_task_marker_child to None, run_after=None
[2026-03-28T18:47:07.340+0500] {logging_mixin.py:188} INFO - [2026-03-28T18:47:07.340+0500] {dag.py:3947} INFO - Setting next_dagrun for example_external_task_marker_parent to None, run_after=None
[2026-03-28T18:47:07.367+0500] {processor.py:183} INFO - Processing /home/abayturar/airflow-project/venv/lib/python3.12/site-packages/airflow/example_dags/example_external_task_marker_dag.py took 0.074 seconds
[2026-03-28T18:48:15.880+0500] {processor.py:161} INFO - Started process (PID=22885) to work on /home/abayturar/airflow-project/venv/lib/python3.12/site-packages/airflow/example_dags/example_external_task_marker_dag.py
[2026-03-28T18:48:15.881+0500] {processor.py:830} INFO - Processing file /home/abayturar/airflow-project/venv/lib/python3.12/site-packages/airflow/example_dags/example_external_task_marker_dag.py for tasks to queue
[2026-03-28T18:48:15.882+0500] {logging_mixin.py:188} INFO - [2026-03-28T18:48:15.882+0500] {dagbag.py:545} INFO - Filling up the DagBag from /home/abayturar/airflow-project/venv/lib/python3.12/site-packages/airflow/example_dags/example_external_task_marker_dag.py
[2026-03-28T18:48:15.889+0500] {processor.py:840} INFO - DAG(s) 'example_external_task_marker_parent', 'example_external_task_marker_child' retrieved from /home/abayturar/airflow-project/venv/lib/python3.12/site-packages/airflow/example_dags/example_external_task_marker_dag.py
[2026-03-28T18:48:15.906+0500] {logging_mixin.py:188} INFO - [2026-03-28T18:48:15.906+0500] {dag.py:3089} INFO - Sync 2 DAGs
[2026-03-28T18:48:15.915+0500] {logging_mixin.py:188} INFO - [2026-03-28T18:48:15.915+0500] {dag.py:3947} INFO - Setting next_dagrun for example_external_task_marker_child to None, run_after=None
[2026-03-28T18:48:15.917+0500] {logging_mixin.py:188} INFO - [2026-03-28T18:48:15.917+0500] {dag.py:3947} INFO - Setting next_dagrun for example_external_task_marker_parent to None, run_after=None
[2026-03-28T18:48:15.932+0500] {processor.py:183} INFO - Processing /home/abayturar/airflow-project/venv/lib/python3.12/site-packages/airflow/example_dags/example_external_task_marker_dag.py took 0.058 seconds
[2026-03-28T18:49:21.245+0500] {processor.py:161} INFO - Started process (PID=23056) to work on /home/abayturar/airflow-project/venv/lib/python3.12/site-packages/airflow/example_dags/example_external_task_marker_dag.py
[2026-03-28T18:49:21.246+0500] {processor.py:830} INFO - Processing file /home/abayturar/airflow-project/venv/lib/python3.12/site-packages/airflow/example_dags/example_external_task_marker_dag.py for tasks to queue
[2026-03-28T18:49:21.248+0500] {logging_mixin.py:188} INFO - [2026-03-28T18:49:21.247+0500] {dagbag.py:545} INFO - Filling up the DagBag from /home/abayturar/airflow-project/venv/lib/python3.12/site-packages/airflow/example_dags/example_external_task_marker_dag.py
[2026-03-28T18:49:21.255+0500] {processor.py:840} INFO - DAG(s) 'example_external_task_marker_parent', 'example_external_task_marker_child' retrieved from /home/abayturar/airflow-project/venv/lib/python3.12/site-packages/airflow/example_dags/example_external_task_marker_dag.py
[2026-03-28T18:49:21.273+0500] {logging_mixin.py:188} INFO - [2026-03-28T18:49:21.272+0500] {dag.py:3089} INFO - Sync 2 DAGs
[2026-03-28T18:49:21.282+0500] {logging_mixin.py:188} INFO - [2026-03-28T18:49:21.282+0500] {dag.py:3947} INFO - Setting next_dagrun for example_external_task_marker_child to None, run_after=None
[2026-03-28T18:49:21.285+0500] {logging_mixin.py:188} INFO - [2026-03-28T18:49:21.285+0500] {dag.py:3947} INFO - Setting next_dagrun for example_external_task_marker_parent to None, run_after=None
[2026-03-28T18:49:21.316+0500] {processor.py:183} INFO - Processing /home/abayturar/airflow-project/venv/lib/python3.12/site-packages/airflow/example_dags/example_external_task_marker_dag.py took 0.077 seconds
[2026-03-28T18:50:29.967+0500] {processor.py:161} INFO - Started process (PID=23245) to work on /home/abayturar/airflow-project/venv/lib/python3.12/site-packages/airflow/example_dags/example_external_task_marker_dag.py
[2026-03-28T18:50:29.968+0500] {processor.py:830} INFO - Processing file /home/abayturar/airflow-project/venv/lib/python3.12/site-packages/airflow/example_dags/example_external_task_marker_dag.py for tasks to queue
[2026-03-28T18:50:29.970+0500] {logging_mixin.py:188} INFO - [2026-03-28T18:50:29.969+0500] {dagbag.py:545} INFO - Filling up the DagBag from /home/abayturar/airflow-project/venv/lib/python3.12/site-packages/airflow/example_dags/example_external_task_marker_dag.py
[2026-03-28T18:50:29.976+0500] {processor.py:840} INFO - DAG(s) 'example_external_task_marker_child', 'example_external_task_marker_parent' retrieved from /home/abayturar/airflow-project/venv/lib/python3.12/site-packages/airflow/example_dags/example_external_task_marker_dag.py
[2026-03-28T18:50:29.994+0500] {logging_mixin.py:188} INFO - [2026-03-28T18:50:29.994+0500] {dag.py:3089} INFO - Sync 2 DAGs
[2026-03-28T18:50:30.005+0500] {logging_mixin.py:188} INFO - [2026-03-28T18:50:30.005+0500] {dag.py:3947} INFO - Setting next_dagrun for example_external_task_marker_child to None, run_after=None
[2026-03-28T18:50:30.009+0500] {logging_mixin.py:188} INFO - [2026-03-28T18:50:30.009+0500] {dag.py:3947} INFO - Setting next_dagrun for example_external_task_marker_parent to None, run_after=None
[2026-03-28T18:50:30.036+0500] {processor.py:183} INFO - Processing /home/abayturar/airflow-project/venv/lib/python3.12/site-packages/airflow/example_dags/example_external_task_marker_dag.py took 0.075 seconds
[2026-03-28T18:51:17.643+0500] {processor.py:161} INFO - Started process (PID=23373) to work on /home/abayturar/airflow-project/venv/lib/python3.12/site-packages/airflow/example_dags/example_external_task_marker_dag.py
[2026-03-28T18:51:17.644+0500] {processor.py:830} INFO - Processing file /home/abayturar/airflow-project/venv/lib/python3.12/site-packages/airflow/example_dags/example_external_task_marker_dag.py for tasks to queue
[2026-03-28T18:51:17.645+0500] {logging_mixin.py:188} INFO - [2026-03-28T18:51:17.645+0500] {dagbag.py:545} INFO - Filling up the DagBag from /home/abayturar/airflow-project/venv/lib/python3.12/site-packages/airflow/example_dags/example_external_task_marker_dag.py
[2026-03-28T18:51:17.653+0500] {processor.py:840} INFO - DAG(s) 'example_external_task_marker_child', 'example_external_task_marker_parent' retrieved from /home/abayturar/airflow-project/venv/lib/python3.12/site-packages/airflow/example_dags/example_external_task_marker_dag.py
[2026-03-28T18:51:17.672+0500] {logging_mixin.py:188} INFO - [2026-03-28T18:51:17.672+0500] {dag.py:3089} INFO - Sync 2 DAGs
[2026-03-28T18:51:17.684+0500] {logging_mixin.py:188} INFO - [2026-03-28T18:51:17.684+0500] {dag.py:3947} INFO - Setting next_dagrun for example_external_task_marker_child to None, run_after=None
[2026-03-28T18:51:17.687+0500] {logging_mixin.py:188} INFO - [2026-03-28T18:51:17.687+0500] {dag.py:3947} INFO - Setting next_dagrun for example_external_task_marker_parent to None, run_after=None
[2026-03-28T18:51:17.716+0500] {processor.py:183} INFO - Processing /home/abayturar/airflow-project/venv/lib/python3.12/site-packages/airflow/example_dags/example_external_task_marker_dag.py took 0.080 seconds
[2026-03-28T18:52:26.629+0500] {processor.py:161} INFO - Started process (PID=23553) to work on /home/abayturar/airflow-project/venv/lib/python3.12/site-packages/airflow/example_dags/example_external_task_marker_dag.py
[2026-03-28T18:52:26.630+0500] {processor.py:830} INFO - Processing file /home/abayturar/airflow-project/venv/lib/python3.12/site-packages/airflow/example_dags/example_external_task_marker_dag.py for tasks to queue
[2026-03-28T18:52:26.632+0500] {logging_mixin.py:188} INFO - [2026-03-28T18:52:26.632+0500] {dagbag.py:545} INFO - Filling up the DagBag from /home/abayturar/airflow-project/venv/lib/python3.12/site-packages/airflow/example_dags/example_external_task_marker_dag.py
[2026-03-28T18:52:26.639+0500] {processor.py:840} INFO - DAG(s) 'example_external_task_marker_child', 'example_external_task_marker_parent' retrieved from /home/abayturar/airflow-project/venv/lib/python3.12/site-packages/airflow/example_dags/example_external_task_marker_dag.py
[2026-03-28T18:52:26.661+0500] {logging_mixin.py:188} INFO - [2026-03-28T18:52:26.661+0500] {dag.py:3089} INFO - Sync 2 DAGs
[2026-03-28T18:52:26.672+0500] {logging_mixin.py:188} INFO - [2026-03-28T18:52:26.672+0500] {dag.py:3947} INFO - Setting next_dagrun for example_external_task_marker_child to None, run_after=None
[2026-03-28T18:52:26.675+0500] {logging_mixin.py:188} INFO - [2026-03-28T18:52:26.675+0500] {dag.py:3947} INFO - Setting next_dagrun for example_external_task_marker_parent to None, run_after=None
[2026-03-28T18:52:26.701+0500] {processor.py:183} INFO - Processing /home/abayturar/airflow-project/venv/lib/python3.12/site-packages/airflow/example_dags/example_external_task_marker_dag.py took 0.078 seconds
[2026-03-28T18:53:34.015+0500] {processor.py:161} INFO - Started process (PID=23739) to work on /home/abayturar/airflow-project/venv/lib/python3.12/site-packages/airflow/example_dags/example_external_task_marker_dag.py
[2026-03-28T18:53:34.016+0500] {processor.py:830} INFO - Processing file /home/abayturar/airflow-project/venv/lib/python3.12/site-packages/airflow/example_dags/example_external_task_marker_dag.py for tasks to queue
[2026-03-28T18:53:34.019+0500] {logging_mixin.py:188} INFO - [2026-03-28T18:53:34.018+0500] {dagbag.py:545} INFO - Filling up the DagBag from /home/abayturar/airflow-project/venv/lib/python3.12/site-packages/airflow/example_dags/example_external_task_marker_dag.py
[2026-03-28T18:53:34.029+0500] {processor.py:840} INFO - DAG(s) 'example_external_task_marker_child', 'example_external_task_marker_parent' retrieved from /home/abayturar/airflow-project/venv/lib/python3.12/site-packages/airflow/example_dags/example_external_task_marker_dag.py
[2026-03-28T18:53:34.057+0500] {logging_mixin.py:188} INFO - [2026-03-28T18:53:34.057+0500] {dag.py:3089} INFO - Sync 2 DAGs
[2026-03-28T18:53:34.084+0500] {logging_mixin.py:188} INFO - [2026-03-28T18:53:34.083+0500] {dag.py:3947} INFO - Setting next_dagrun for example_external_task_marker_child to None, run_after=None
[2026-03-28T18:53:34.088+0500] {logging_mixin.py:188} INFO - [2026-03-28T18:53:34.087+0500] {dag.py:3947} INFO - Setting next_dagrun for example_external_task_marker_parent to None, run_after=None
[2026-03-28T18:53:34.126+0500] {processor.py:183} INFO - Processing /home/abayturar/airflow-project/venv/lib/python3.12/site-packages/airflow/example_dags/example_external_task_marker_dag.py took 0.121 seconds
[2026-03-28T18:54:41.773+0500] {processor.py:161} INFO - Started process (PID=23920) to work on /home/abayturar/airflow-project/venv/lib/python3.12/site-packages/airflow/example_dags/example_external_task_marker_dag.py
[2026-03-28T18:54:41.774+0500] {processor.py:830} INFO - Processing file /home/abayturar/airflow-project/venv/lib/python3.12/site-packages/airflow/example_dags/example_external_task_marker_dag.py for tasks to queue
[2026-03-28T18:54:41.776+0500] {logging_mixin.py:188} INFO - [2026-03-28T18:54:41.775+0500] {dagbag.py:545} INFO - Filling up the DagBag from /home/abayturar/airflow-project/venv/lib/python3.12/site-packages/airflow/example_dags/example_external_task_marker_dag.py
[2026-03-28T18:54:41.782+0500] {processor.py:840} INFO - DAG(s) 'example_external_task_marker_parent', 'example_external_task_marker_child' retrieved from /home/abayturar/airflow-project/venv/lib/python3.12/site-packages/airflow/example_dags/example_external_task_marker_dag.py
[2026-03-28T18:54:41.800+0500] {logging_mixin.py:188} INFO - [2026-03-28T18:54:41.800+0500] {dag.py:3089} INFO - Sync 2 DAGs
[2026-03-28T18:54:41.808+0500] {logging_mixin.py:188} INFO - [2026-03-28T18:54:41.808+0500] {dag.py:3947} INFO - Setting next_dagrun for example_external_task_marker_child to None, run_after=None
[2026-03-28T18:54:41.810+0500] {logging_mixin.py:188} INFO - [2026-03-28T18:54:41.810+0500] {dag.py:3947} INFO - Setting next_dagrun for example_external_task_marker_parent to None, run_after=None
[2026-03-28T18:54:41.825+0500] {processor.py:183} INFO - Processing /home/abayturar/airflow-project/venv/lib/python3.12/site-packages/airflow/example_dags/example_external_task_marker_dag.py took 0.058 seconds
[2026-03-28T18:55:55.042+0500] {processor.py:161} INFO - Started process (PID=24113) to work on /home/abayturar/airflow-project/venv/lib/python3.12/site-packages/airflow/example_dags/example_external_task_marker_dag.py
[2026-03-28T18:55:55.043+0500] {processor.py:830} INFO - Processing file /home/abayturar/airflow-project/venv/lib/python3.12/site-packages/airflow/example_dags/example_external_task_marker_dag.py for tasks to queue
[2026-03-28T18:55:55.045+0500] {logging_mixin.py:188} INFO - [2026-03-28T18:55:55.044+0500] {dagbag.py:545} INFO - Filling up the DagBag from /home/abayturar/airflow-project/venv/lib/python3.12/site-packages/airflow/example_dags/example_external_task_marker_dag.py
[2026-03-28T18:55:55.052+0500] {processor.py:840} INFO - DAG(s) 'example_external_task_marker_parent', 'example_external_task_marker_child' retrieved from /home/abayturar/airflow-project/venv/lib/python3.12/site-packages/airflow/example_dags/example_external_task_marker_dag.py
[2026-03-28T18:55:55.076+0500] {logging_mixin.py:188} INFO - [2026-03-28T18:55:55.076+0500] {dag.py:3089} INFO - Sync 2 DAGs
[2026-03-28T18:55:55.088+0500] {logging_mixin.py:188} INFO - [2026-03-28T18:55:55.087+0500] {dag.py:3947} INFO - Setting next_dagrun for example_external_task_marker_child to None, run_after=None
[2026-03-28T18:55:55.091+0500] {logging_mixin.py:188} INFO - [2026-03-28T18:55:55.090+0500] {dag.py:3947} INFO - Setting next_dagrun for example_external_task_marker_parent to None, run_after=None
[2026-03-28T18:55:55.129+0500] {processor.py:183} INFO - Processing /home/abayturar/airflow-project/venv/lib/python3.12/site-packages/airflow/example_dags/example_external_task_marker_dag.py took 0.094 seconds
[2026-03-28T18:56:47.615+0500] {processor.py:161} INFO - Started process (PID=24253) to work on /home/abayturar/airflow-project/venv/lib/python3.12/site-packages/airflow/example_dags/example_external_task_marker_dag.py
[2026-03-28T18:56:47.616+0500] {processor.py:830} INFO - Processing file /home/abayturar/airflow-project/venv/lib/python3.12/site-packages/airflow/example_dags/example_external_task_marker_dag.py for tasks to queue
[2026-03-28T18:56:47.618+0500] {logging_mixin.py:188} INFO - [2026-03-28T18:56:47.617+0500] {dagbag.py:545} INFO - Filling up the DagBag from /home/abayturar/airflow-project/venv/lib/python3.12/site-packages/airflow/example_dags/example_external_task_marker_dag.py
[2026-03-28T18:56:47.624+0500] {processor.py:840} INFO - DAG(s) 'example_external_task_marker_parent', 'example_external_task_marker_child' retrieved from /home/abayturar/airflow-project/venv/lib/python3.12/site-packages/airflow/example_dags/example_external_task_marker_dag.py
[2026-03-28T18:56:47.641+0500] {logging_mixin.py:188} INFO - [2026-03-28T18:56:47.641+0500] {dag.py:3089} INFO - Sync 2 DAGs
[2026-03-28T18:56:47.650+0500] {logging_mixin.py:188} INFO - [2026-03-28T18:56:47.650+0500] {dag.py:3947} INFO - Setting next_dagrun for example_external_task_marker_child to None, run_after=None
[2026-03-28T18:56:47.653+0500] {logging_mixin.py:188} INFO - [2026-03-28T18:56:47.652+0500] {dag.py:3947} INFO - Setting next_dagrun for example_external_task_marker_parent to None, run_after=None
[2026-03-28T18:56:47.677+0500] {processor.py:183} INFO - Processing /home/abayturar/airflow-project/venv/lib/python3.12/site-packages/airflow/example_dags/example_external_task_marker_dag.py took 0.069 seconds
[2026-03-28T18:57:36.553+0500] {processor.py:161} INFO - Started process (PID=24383) to work on /home/abayturar/airflow-project/venv/lib/python3.12/site-packages/airflow/example_dags/example_external_task_marker_dag.py
[2026-03-28T18:57:36.554+0500] {processor.py:830} INFO - Processing file /home/abayturar/airflow-project/venv/lib/python3.12/site-packages/airflow/example_dags/example_external_task_marker_dag.py for tasks to queue
[2026-03-28T18:57:36.555+0500] {logging_mixin.py:188} INFO - [2026-03-28T18:57:36.555+0500] {dagbag.py:545} INFO - Filling up the DagBag from /home/abayturar/airflow-project/venv/lib/python3.12/site-packages/airflow/example_dags/example_external_task_marker_dag.py
[2026-03-28T18:57:36.562+0500] {processor.py:840} INFO - DAG(s) 'example_external_task_marker_child', 'example_external_task_marker_parent' retrieved from /home/abayturar/airflow-project/venv/lib/python3.12/site-packages/airflow/example_dags/example_external_task_marker_dag.py
[2026-03-28T18:57:36.578+0500] {logging_mixin.py:188} INFO - [2026-03-28T18:57:36.578+0500] {dag.py:3089} INFO - Sync 2 DAGs
[2026-03-28T18:57:36.587+0500] {logging_mixin.py:188} INFO - [2026-03-28T18:57:36.587+0500] {dag.py:3947} INFO - Setting next_dagrun for example_external_task_marker_child to None, run_after=None
[2026-03-28T18:57:36.589+0500] {logging_mixin.py:188} INFO - [2026-03-28T18:57:36.589+0500] {dag.py:3947} INFO - Setting next_dagrun for example_external_task_marker_parent to None, run_after=None
[2026-03-28T18:57:36.614+0500] {processor.py:183} INFO - Processing /home/abayturar/airflow-project/venv/lib/python3.12/site-packages/airflow/example_dags/example_external_task_marker_dag.py took 0.067 seconds
[2026-03-28T18:58:26.697+0500] {processor.py:161} INFO - Started process (PID=24516) to work on /home/abayturar/airflow-project/venv/lib/python3.12/site-packages/airflow/example_dags/example_external_task_marker_dag.py
[2026-03-28T18:58:26.698+0500] {processor.py:830} INFO - Processing file /home/abayturar/airflow-project/venv/lib/python3.12/site-packages/airflow/example_dags/example_external_task_marker_dag.py for tasks to queue
[2026-03-28T18:58:26.700+0500] {logging_mixin.py:188} INFO - [2026-03-28T18:58:26.700+0500] {dagbag.py:545} INFO - Filling up the DagBag from /home/abayturar/airflow-project/venv/lib/python3.12/site-packages/airflow/example_dags/example_external_task_marker_dag.py
[2026-03-28T18:58:26.707+0500] {processor.py:840} INFO - DAG(s) 'example_external_task_marker_parent', 'example_external_task_marker_child' retrieved from /home/abayturar/airflow-project/venv/lib/python3.12/site-packages/airflow/example_dags/example_external_task_marker_dag.py
[2026-03-28T18:58:26.725+0500] {logging_mixin.py:188} INFO - [2026-03-28T18:58:26.724+0500] {dag.py:3089} INFO - Sync 2 DAGs
[2026-03-28T18:58:26.734+0500] {logging_mixin.py:188} INFO - [2026-03-28T18:58:26.734+0500] {dag.py:3947} INFO - Setting next_dagrun for example_external_task_marker_child to None, run_after=None
[2026-03-28T18:58:26.736+0500] {logging_mixin.py:188} INFO - [2026-03-28T18:58:26.736+0500] {dag.py:3947} INFO - Setting next_dagrun for example_external_task_marker_parent to None, run_after=None
[2026-03-28T18:58:26.763+0500] {processor.py:183} INFO - Processing /home/abayturar/airflow-project/venv/lib/python3.12/site-packages/airflow/example_dags/example_external_task_marker_dag.py took 0.073 seconds
[2026-03-28T18:59:36.460+0500] {processor.py:161} INFO - Started process (PID=24699) to work on /home/abayturar/airflow-project/venv/lib/python3.12/site-packages/airflow/example_dags/example_external_task_marker_dag.py
[2026-03-28T18:59:36.461+0500] {processor.py:830} INFO - Processing file /home/abayturar/airflow-project/venv/lib/python3.12/site-packages/airflow/example_dags/example_external_task_marker_dag.py for tasks to queue
[2026-03-28T18:59:36.463+0500] {logging_mixin.py:188} INFO - [2026-03-28T18:59:36.463+0500] {dagbag.py:545} INFO - Filling up the DagBag from /home/abayturar/airflow-project/venv/lib/python3.12/site-packages/airflow/example_dags/example_external_task_marker_dag.py
[2026-03-28T18:59:36.470+0500] {processor.py:840} INFO - DAG(s) 'example_external_task_marker_child', 'example_external_task_marker_parent' retrieved from /home/abayturar/airflow-project/venv/lib/python3.12/site-packages/airflow/example_dags/example_external_task_marker_dag.py
[2026-03-28T18:59:36.488+0500] {logging_mixin.py:188} INFO - [2026-03-28T18:59:36.488+0500] {dag.py:3089} INFO - Sync 2 DAGs
[2026-03-28T18:59:36.498+0500] {logging_mixin.py:188} INFO - [2026-03-28T18:59:36.498+0500] {dag.py:3947} INFO - Setting next_dagrun for example_external_task_marker_child to None, run_after=None
[2026-03-28T18:59:36.500+0500] {logging_mixin.py:188} INFO - [2026-03-28T18:59:36.500+0500] {dag.py:3947} INFO - Setting next_dagrun for example_external_task_marker_parent to None, run_after=None
[2026-03-28T18:59:36.528+0500] {processor.py:183} INFO - Processing /home/abayturar/airflow-project/venv/lib/python3.12/site-packages/airflow/example_dags/example_external_task_marker_dag.py took 0.074 seconds
[2026-03-28T19:00:46.588+0500] {processor.py:161} INFO - Started process (PID=24892) to work on /home/abayturar/airflow-project/venv/lib/python3.12/site-packages/airflow/example_dags/example_external_task_marker_dag.py
[2026-03-28T19:00:46.589+0500] {processor.py:830} INFO - Processing file /home/abayturar/airflow-project/venv/lib/python3.12/site-packages/airflow/example_dags/example_external_task_marker_dag.py for tasks to queue
[2026-03-28T19:00:46.591+0500] {logging_mixin.py:188} INFO - [2026-03-28T19:00:46.590+0500] {dagbag.py:545} INFO - Filling up the DagBag from /home/abayturar/airflow-project/venv/lib/python3.12/site-packages/airflow/example_dags/example_external_task_marker_dag.py
[2026-03-28T19:00:46.597+0500] {processor.py:840} INFO - DAG(s) 'example_external_task_marker_child', 'example_external_task_marker_parent' retrieved from /home/abayturar/airflow-project/venv/lib/python3.12/site-packages/airflow/example_dags/example_external_task_marker_dag.py
[2026-03-28T19:00:46.614+0500] {logging_mixin.py:188} INFO - [2026-03-28T19:00:46.614+0500] {dag.py:3089} INFO - Sync 2 DAGs
[2026-03-28T19:00:46.623+0500] {logging_mixin.py:188} INFO - [2026-03-28T19:00:46.623+0500] {dag.py:3947} INFO - Setting next_dagrun for example_external_task_marker_child to None, run_after=None
[2026-03-28T19:00:46.625+0500] {logging_mixin.py:188} INFO - [2026-03-28T19:00:46.625+0500] {dag.py:3947} INFO - Setting next_dagrun for example_external_task_marker_parent to None, run_after=None
[2026-03-28T19:00:46.650+0500] {processor.py:183} INFO - Processing /home/abayturar/airflow-project/venv/lib/python3.12/site-packages/airflow/example_dags/example_external_task_marker_dag.py took 0.068 seconds
[2026-03-28T19:01:56.778+0500] {processor.py:161} INFO - Started process (PID=25076) to work on /home/abayturar/airflow-project/venv/lib/python3.12/site-packages/airflow/example_dags/example_external_task_marker_dag.py
[2026-03-28T19:01:56.779+0500] {processor.py:830} INFO - Processing file /home/abayturar/airflow-project/venv/lib/python3.12/site-packages/airflow/example_dags/example_external_task_marker_dag.py for tasks to queue
[2026-03-28T19:01:56.781+0500] {logging_mixin.py:188} INFO - [2026-03-28T19:01:56.780+0500] {dagbag.py:545} INFO - Filling up the DagBag from /home/abayturar/airflow-project/venv/lib/python3.12/site-packages/airflow/example_dags/example_external_task_marker_dag.py
[2026-03-28T19:01:56.787+0500] {processor.py:840} INFO - DAG(s) 'example_external_task_marker_child', 'example_external_task_marker_parent' retrieved from /home/abayturar/airflow-project/venv/lib/python3.12/site-packages/airflow/example_dags/example_external_task_marker_dag.py
[2026-03-28T19:01:56.804+0500] {logging_mixin.py:188} INFO - [2026-03-28T19:01:56.803+0500] {dag.py:3089} INFO - Sync 2 DAGs
[2026-03-28T19:01:56.812+0500] {logging_mixin.py:188} INFO - [2026-03-28T19:01:56.812+0500] {dag.py:3947} INFO - Setting next_dagrun for example_external_task_marker_child to None, run_after=None
[2026-03-28T19:01:56.814+0500] {logging_mixin.py:188} INFO - [2026-03-28T19:01:56.814+0500] {dag.py:3947} INFO - Setting next_dagrun for example_external_task_marker_parent to None, run_after=None
[2026-03-28T19:01:56.827+0500] {processor.py:183} INFO - Processing /home/abayturar/airflow-project/venv/lib/python3.12/site-packages/airflow/example_dags/example_external_task_marker_dag.py took 0.055 seconds
[2026-03-28T19:02:59.212+0500] {processor.py:161} INFO - Started process (PID=25250) to work on /home/abayturar/airflow-project/venv/lib/python3.12/site-packages/airflow/example_dags/example_external_task_marker_dag.py
[2026-03-28T19:02:59.213+0500] {processor.py:830} INFO - Processing file /home/abayturar/airflow-project/venv/lib/python3.12/site-packages/airflow/example_dags/example_external_task_marker_dag.py for tasks to queue
[2026-03-28T19:02:59.215+0500] {logging_mixin.py:188} INFO - [2026-03-28T19:02:59.214+0500] {dagbag.py:545} INFO - Filling up the DagBag from /home/abayturar/airflow-project/venv/lib/python3.12/site-packages/airflow/example_dags/example_external_task_marker_dag.py
[2026-03-28T19:02:59.222+0500] {processor.py:840} INFO - DAG(s) 'example_external_task_marker_child', 'example_external_task_marker_parent' retrieved from /home/abayturar/airflow-project/venv/lib/python3.12/site-packages/airflow/example_dags/example_external_task_marker_dag.py
[2026-03-28T19:02:59.241+0500] {logging_mixin.py:188} INFO - [2026-03-28T19:02:59.241+0500] {dag.py:3089} INFO - Sync 2 DAGs
[2026-03-28T19:02:59.251+0500] {logging_mixin.py:188} INFO - [2026-03-28T19:02:59.251+0500] {dag.py:3947} INFO - Setting next_dagrun for example_external_task_marker_child to None, run_after=None
[2026-03-28T19:02:59.253+0500] {logging_mixin.py:188} INFO - [2026-03-28T19:02:59.253+0500] {dag.py:3947} INFO - Setting next_dagrun for example_external_task_marker_parent to None, run_after=None
[2026-03-28T19:02:59.280+0500] {processor.py:183} INFO - Processing /home/abayturar/airflow-project/venv/lib/python3.12/site-packages/airflow/example_dags/example_external_task_marker_dag.py took 0.075 seconds
[2026-03-28T19:04:08.930+0500] {processor.py:161} INFO - Started process (PID=25434) to work on /home/abayturar/airflow-project/venv/lib/python3.12/site-packages/airflow/example_dags/example_external_task_marker_dag.py
[2026-03-28T19:04:08.931+0500] {processor.py:830} INFO - Processing file /home/abayturar/airflow-project/venv/lib/python3.12/site-packages/airflow/example_dags/example_external_task_marker_dag.py for tasks to queue
[2026-03-28T19:04:08.933+0500] {logging_mixin.py:188} INFO - [2026-03-28T19:04:08.932+0500] {dagbag.py:545} INFO - Filling up the DagBag from /home/abayturar/airflow-project/venv/lib/python3.12/site-packages/airflow/example_dags/example_external_task_marker_dag.py
[2026-03-28T19:04:08.940+0500] {processor.py:840} INFO - DAG(s) 'example_external_task_marker_parent', 'example_external_task_marker_child' retrieved from /home/abayturar/airflow-project/venv/lib/python3.12/site-packages/airflow/example_dags/example_external_task_marker_dag.py
[2026-03-28T19:04:08.960+0500] {logging_mixin.py:188} INFO - [2026-03-28T19:04:08.960+0500] {dag.py:3089} INFO - Sync 2 DAGs
[2026-03-28T19:04:08.969+0500] {logging_mixin.py:188} INFO - [2026-03-28T19:04:08.969+0500] {dag.py:3947} INFO - Setting next_dagrun for example_external_task_marker_child to None, run_after=None
[2026-03-28T19:04:08.971+0500] {logging_mixin.py:188} INFO - [2026-03-28T19:04:08.971+0500] {dag.py:3947} INFO - Setting next_dagrun for example_external_task_marker_parent to None, run_after=None
[2026-03-28T19:04:09.001+0500] {processor.py:183} INFO - Processing /home/abayturar/airflow-project/venv/lib/python3.12/site-packages/airflow/example_dags/example_external_task_marker_dag.py took 0.078 seconds
[2026-03-28T19:04:56.638+0500] {processor.py:161} INFO - Started process (PID=25561) to work on /home/abayturar/airflow-project/venv/lib/python3.12/site-packages/airflow/example_dags/example_external_task_marker_dag.py
[2026-03-28T19:04:56.638+0500] {processor.py:830} INFO - Processing file /home/abayturar/airflow-project/venv/lib/python3.12/site-packages/airflow/example_dags/example_external_task_marker_dag.py for tasks to queue
[2026-03-28T19:04:56.640+0500] {logging_mixin.py:188} INFO - [2026-03-28T19:04:56.640+0500] {dagbag.py:545} INFO - Filling up the DagBag from /home/abayturar/airflow-project/venv/lib/python3.12/site-packages/airflow/example_dags/example_external_task_marker_dag.py
[2026-03-28T19:04:56.647+0500] {processor.py:840} INFO - DAG(s) 'example_external_task_marker_parent', 'example_external_task_marker_child' retrieved from /home/abayturar/airflow-project/venv/lib/python3.12/site-packages/airflow/example_dags/example_external_task_marker_dag.py
[2026-03-28T19:04:56.664+0500] {logging_mixin.py:188} INFO - [2026-03-28T19:04:56.663+0500] {dag.py:3089} INFO - Sync 2 DAGs
[2026-03-28T19:04:56.674+0500] {logging_mixin.py:188} INFO - [2026-03-28T19:04:56.674+0500] {dag.py:3947} INFO - Setting next_dagrun for example_external_task_marker_child to None, run_after=None
[2026-03-28T19:04:56.676+0500] {logging_mixin.py:188} INFO - [2026-03-28T19:04:56.676+0500] {dag.py:3947} INFO - Setting next_dagrun for example_external_task_marker_parent to None, run_after=None
[2026-03-28T19:04:56.690+0500] {processor.py:183} INFO - Processing /home/abayturar/airflow-project/venv/lib/python3.12/site-packages/airflow/example_dags/example_external_task_marker_dag.py took 0.058 seconds
[2026-03-28T19:06:01.588+0500] {processor.py:161} INFO - Started process (PID=25743) to work on /home/abayturar/airflow-project/venv/lib/python3.12/site-packages/airflow/example_dags/example_external_task_marker_dag.py
[2026-03-28T19:06:01.589+0500] {processor.py:830} INFO - Processing file /home/abayturar/airflow-project/venv/lib/python3.12/site-packages/airflow/example_dags/example_external_task_marker_dag.py for tasks to queue
[2026-03-28T19:06:01.591+0500] {logging_mixin.py:188} INFO - [2026-03-28T19:06:01.591+0500] {dagbag.py:545} INFO - Filling up the DagBag from /home/abayturar/airflow-project/venv/lib/python3.12/site-packages/airflow/example_dags/example_external_task_marker_dag.py
[2026-03-28T19:06:01.600+0500] {processor.py:840} INFO - DAG(s) 'example_external_task_marker_parent', 'example_external_task_marker_child' retrieved from /home/abayturar/airflow-project/venv/lib/python3.12/site-packages/airflow/example_dags/example_external_task_marker_dag.py
[2026-03-28T19:06:01.617+0500] {logging_mixin.py:188} INFO - [2026-03-28T19:06:01.617+0500] {dag.py:3089} INFO - Sync 2 DAGs
[2026-03-28T19:06:01.626+0500] {logging_mixin.py:188} INFO - [2026-03-28T19:06:01.626+0500] {dag.py:3947} INFO - Setting next_dagrun for example_external_task_marker_child to None, run_after=None
[2026-03-28T19:06:01.629+0500] {logging_mixin.py:188} INFO - [2026-03-28T19:06:01.629+0500] {dag.py:3947} INFO - Setting next_dagrun for example_external_task_marker_parent to None, run_after=None
[2026-03-28T19:06:01.643+0500] {processor.py:183} INFO - Processing /home/abayturar/airflow-project/venv/lib/python3.12/site-packages/airflow/example_dags/example_external_task_marker_dag.py took 0.063 seconds
[2026-03-28T19:07:03.865+0500] {processor.py:161} INFO - Started process (PID=25909) to work on /home/abayturar/airflow-project/venv/lib/python3.12/site-packages/airflow/example_dags/example_external_task_marker_dag.py
[2026-03-28T19:07:03.866+0500] {processor.py:830} INFO - Processing file /home/abayturar/airflow-project/venv/lib/python3.12/site-packages/airflow/example_dags/example_external_task_marker_dag.py for tasks to queue
[2026-03-28T19:07:03.868+0500] {logging_mixin.py:188} INFO - [2026-03-28T19:07:03.868+0500] {dagbag.py:545} INFO - Filling up the DagBag from /home/abayturar/airflow-project/venv/lib/python3.12/site-packages/airflow/example_dags/example_external_task_marker_dag.py
[2026-03-28T19:07:03.874+0500] {processor.py:840} INFO - DAG(s) 'example_external_task_marker_child', 'example_external_task_marker_parent' retrieved from /home/abayturar/airflow-project/venv/lib/python3.12/site-packages/airflow/example_dags/example_external_task_marker_dag.py
[2026-03-28T19:07:03.891+0500] {logging_mixin.py:188} INFO - [2026-03-28T19:07:03.891+0500] {dag.py:3089} INFO - Sync 2 DAGs
[2026-03-28T19:07:03.901+0500] {logging_mixin.py:188} INFO - [2026-03-28T19:07:03.901+0500] {dag.py:3947} INFO - Setting next_dagrun for example_external_task_marker_child to None, run_after=None
[2026-03-28T19:07:03.903+0500] {logging_mixin.py:188} INFO - [2026-03-28T19:07:03.903+0500] {dag.py:3947} INFO - Setting next_dagrun for example_external_task_marker_parent to None, run_after=None
[2026-03-28T19:07:03.928+0500] {processor.py:183} INFO - Processing /home/abayturar/airflow-project/venv/lib/python3.12/site-packages/airflow/example_dags/example_external_task_marker_dag.py took 0.069 seconds
[2026-03-28T19:07:55.032+0500] {processor.py:161} INFO - Started process (PID=26044) to work on /home/abayturar/airflow-project/venv/lib/python3.12/site-packages/airflow/example_dags/example_external_task_marker_dag.py
[2026-03-28T19:07:55.033+0500] {processor.py:830} INFO - Processing file /home/abayturar/airflow-project/venv/lib/python3.12/site-packages/airflow/example_dags/example_external_task_marker_dag.py for tasks to queue
[2026-03-28T19:07:55.034+0500] {logging_mixin.py:188} INFO - [2026-03-28T19:07:55.034+0500] {dagbag.py:545} INFO - Filling up the DagBag from /home/abayturar/airflow-project/venv/lib/python3.12/site-packages/airflow/example_dags/example_external_task_marker_dag.py
[2026-03-28T19:07:55.040+0500] {processor.py:840} INFO - DAG(s) 'example_external_task_marker_child', 'example_external_task_marker_parent' retrieved from /home/abayturar/airflow-project/venv/lib/python3.12/site-packages/airflow/example_dags/example_external_task_marker_dag.py
[2026-03-28T19:07:55.058+0500] {logging_mixin.py:188} INFO - [2026-03-28T19:07:55.058+0500] {dag.py:3089} INFO - Sync 2 DAGs
[2026-03-28T19:07:55.067+0500] {logging_mixin.py:188} INFO - [2026-03-28T19:07:55.067+0500] {dag.py:3947} INFO - Setting next_dagrun for example_external_task_marker_child to None, run_after=None
[2026-03-28T19:07:55.069+0500] {logging_mixin.py:188} INFO - [2026-03-28T19:07:55.069+0500] {dag.py:3947} INFO - Setting next_dagrun for example_external_task_marker_parent to None, run_after=None
[2026-03-28T19:07:55.083+0500] {processor.py:183} INFO - Processing /home/abayturar/airflow-project/venv/lib/python3.12/site-packages/airflow/example_dags/example_external_task_marker_dag.py took 0.058 seconds
[2026-03-28T19:09:05.975+0500] {processor.py:161} INFO - Started process (PID=26236) to work on /home/abayturar/airflow-project/venv/lib/python3.12/site-packages/airflow/example_dags/example_external_task_marker_dag.py
[2026-03-28T19:09:05.976+0500] {processor.py:830} INFO - Processing file /home/abayturar/airflow-project/venv/lib/python3.12/site-packages/airflow/example_dags/example_external_task_marker_dag.py for tasks to queue
[2026-03-28T19:09:05.978+0500] {logging_mixin.py:188} INFO - [2026-03-28T19:09:05.977+0500] {dagbag.py:545} INFO - Filling up the DagBag from /home/abayturar/airflow-project/venv/lib/python3.12/site-packages/airflow/example_dags/example_external_task_marker_dag.py
[2026-03-28T19:09:05.985+0500] {processor.py:840} INFO - DAG(s) 'example_external_task_marker_parent', 'example_external_task_marker_child' retrieved from /home/abayturar/airflow-project/venv/lib/python3.12/site-packages/airflow/example_dags/example_external_task_marker_dag.py
[2026-03-28T19:09:06.005+0500] {logging_mixin.py:188} INFO - [2026-03-28T19:09:06.004+0500] {dag.py:3089} INFO - Sync 2 DAGs
[2026-03-28T19:09:06.016+0500] {logging_mixin.py:188} INFO - [2026-03-28T19:09:06.016+0500] {dag.py:3947} INFO - Setting next_dagrun for example_external_task_marker_child to None, run_after=None
[2026-03-28T19:09:06.018+0500] {logging_mixin.py:188} INFO - [2026-03-28T19:09:06.018+0500] {dag.py:3947} INFO - Setting next_dagrun for example_external_task_marker_parent to None, run_after=None
[2026-03-28T19:09:06.051+0500] {processor.py:183} INFO - Processing /home/abayturar/airflow-project/venv/lib/python3.12/site-packages/airflow/example_dags/example_external_task_marker_dag.py took 0.082 seconds
[2026-03-28T19:10:14.221+0500] {processor.py:161} INFO - Started process (PID=26419) to work on /home/abayturar/airflow-project/venv/lib/python3.12/site-packages/airflow/example_dags/example_external_task_marker_dag.py
[2026-03-28T19:10:14.222+0500] {processor.py:830} INFO - Processing file /home/abayturar/airflow-project/venv/lib/python3.12/site-packages/airflow/example_dags/example_external_task_marker_dag.py for tasks to queue
[2026-03-28T19:10:14.224+0500] {logging_mixin.py:188} INFO - [2026-03-28T19:10:14.223+0500] {dagbag.py:545} INFO - Filling up the DagBag from /home/abayturar/airflow-project/venv/lib/python3.12/site-packages/airflow/example_dags/example_external_task_marker_dag.py
[2026-03-28T19:10:14.232+0500] {processor.py:840} INFO - DAG(s) 'example_external_task_marker_parent', 'example_external_task_marker_child' retrieved from /home/abayturar/airflow-project/venv/lib/python3.12/site-packages/airflow/example_dags/example_external_task_marker_dag.py
[2026-03-28T19:10:14.250+0500] {logging_mixin.py:188} INFO - [2026-03-28T19:10:14.250+0500] {dag.py:3089} INFO - Sync 2 DAGs
[2026-03-28T19:10:14.261+0500] {logging_mixin.py:188} INFO - [2026-03-28T19:10:14.261+0500] {dag.py:3947} INFO - Setting next_dagrun for example_external_task_marker_child to None, run_after=None
[2026-03-28T19:10:14.264+0500] {logging_mixin.py:188} INFO - [2026-03-28T19:10:14.264+0500] {dag.py:3947} INFO - Setting next_dagrun for example_external_task_marker_parent to None, run_after=None
[2026-03-28T19:10:14.281+0500] {processor.py:183} INFO - Processing /home/abayturar/airflow-project/venv/lib/python3.12/site-packages/airflow/example_dags/example_external_task_marker_dag.py took 0.066 seconds
[2026-03-28T19:11:25.680+0500] {processor.py:161} INFO - Started process (PID=26611) to work on /home/abayturar/airflow-project/venv/lib/python3.12/site-packages/airflow/example_dags/example_external_task_marker_dag.py
[2026-03-28T19:11:25.681+0500] {processor.py:830} INFO - Processing file /home/abayturar/airflow-project/venv/lib/python3.12/site-packages/airflow/example_dags/example_external_task_marker_dag.py for tasks to queue
[2026-03-28T19:11:25.683+0500] {logging_mixin.py:188} INFO - [2026-03-28T19:11:25.683+0500] {dagbag.py:545} INFO - Filling up the DagBag from /home/abayturar/airflow-project/venv/lib/python3.12/site-packages/airflow/example_dags/example_external_task_marker_dag.py
[2026-03-28T19:11:25.690+0500] {processor.py:840} INFO - DAG(s) 'example_external_task_marker_parent', 'example_external_task_marker_child' retrieved from /home/abayturar/airflow-project/venv/lib/python3.12/site-packages/airflow/example_dags/example_external_task_marker_dag.py
[2026-03-28T19:11:25.707+0500] {logging_mixin.py:188} INFO - [2026-03-28T19:11:25.707+0500] {dag.py:3089} INFO - Sync 2 DAGs
[2026-03-28T19:11:25.717+0500] {logging_mixin.py:188} INFO - [2026-03-28T19:11:25.716+0500] {dag.py:3947} INFO - Setting next_dagrun for example_external_task_marker_child to None, run_after=None
[2026-03-28T19:11:25.719+0500] {logging_mixin.py:188} INFO - [2026-03-28T19:11:25.719+0500] {dag.py:3947} INFO - Setting next_dagrun for example_external_task_marker_parent to None, run_after=None
[2026-03-28T19:11:25.746+0500] {processor.py:183} INFO - Processing /home/abayturar/airflow-project/venv/lib/python3.12/site-packages/airflow/example_dags/example_external_task_marker_dag.py took 0.073 seconds
[2026-03-28T19:12:36.607+0500] {processor.py:161} INFO - Started process (PID=26798) to work on /home/abayturar/airflow-project/venv/lib/python3.12/site-packages/airflow/example_dags/example_external_task_marker_dag.py
[2026-03-28T19:12:36.608+0500] {processor.py:830} INFO - Processing file /home/abayturar/airflow-project/venv/lib/python3.12/site-packages/airflow/example_dags/example_external_task_marker_dag.py for tasks to queue
[2026-03-28T19:12:36.609+0500] {logging_mixin.py:188} INFO - [2026-03-28T19:12:36.609+0500] {dagbag.py:545} INFO - Filling up the DagBag from /home/abayturar/airflow-project/venv/lib/python3.12/site-packages/airflow/example_dags/example_external_task_marker_dag.py
[2026-03-28T19:12:36.616+0500] {processor.py:840} INFO - DAG(s) 'example_external_task_marker_parent', 'example_external_task_marker_child' retrieved from /home/abayturar/airflow-project/venv/lib/python3.12/site-packages/airflow/example_dags/example_external_task_marker_dag.py
[2026-03-28T19:12:36.635+0500] {logging_mixin.py:188} INFO - [2026-03-28T19:12:36.635+0500] {dag.py:3089} INFO - Sync 2 DAGs
[2026-03-28T19:12:36.644+0500] {logging_mixin.py:188} INFO - [2026-03-28T19:12:36.644+0500] {dag.py:3947} INFO - Setting next_dagrun for example_external_task_marker_child to None, run_after=None
[2026-03-28T19:12:36.646+0500] {logging_mixin.py:188} INFO - [2026-03-28T19:12:36.646+0500] {dag.py:3947} INFO - Setting next_dagrun for example_external_task_marker_parent to None, run_after=None
[2026-03-28T19:12:36.673+0500] {processor.py:183} INFO - Processing /home/abayturar/airflow-project/venv/lib/python3.12/site-packages/airflow/example_dags/example_external_task_marker_dag.py took 0.073 seconds
[2026-03-28T19:13:24.075+0500] {processor.py:161} INFO - Started process (PID=26926) to work on /home/abayturar/airflow-project/venv/lib/python3.12/site-packages/airflow/example_dags/example_external_task_marker_dag.py
[2026-03-28T19:13:24.075+0500] {processor.py:830} INFO - Processing file /home/abayturar/airflow-project/venv/lib/python3.12/site-packages/airflow/example_dags/example_external_task_marker_dag.py for tasks to queue
[2026-03-28T19:13:24.077+0500] {logging_mixin.py:188} INFO - [2026-03-28T19:13:24.077+0500] {dagbag.py:545} INFO - Filling up the DagBag from /home/abayturar/airflow-project/venv/lib/python3.12/site-packages/airflow/example_dags/example_external_task_marker_dag.py
[2026-03-28T19:13:24.084+0500] {processor.py:840} INFO - DAG(s) 'example_external_task_marker_parent', 'example_external_task_marker_child' retrieved from /home/abayturar/airflow-project/venv/lib/python3.12/site-packages/airflow/example_dags/example_external_task_marker_dag.py
[2026-03-28T19:13:24.101+0500] {logging_mixin.py:188} INFO - [2026-03-28T19:13:24.101+0500] {dag.py:3089} INFO - Sync 2 DAGs
[2026-03-28T19:13:24.110+0500] {logging_mixin.py:188} INFO - [2026-03-28T19:13:24.110+0500] {dag.py:3947} INFO - Setting next_dagrun for example_external_task_marker_child to None, run_after=None
[2026-03-28T19:13:24.112+0500] {logging_mixin.py:188} INFO - [2026-03-28T19:13:24.112+0500] {dag.py:3947} INFO - Setting next_dagrun for example_external_task_marker_parent to None, run_after=None
[2026-03-28T19:13:24.136+0500] {processor.py:183} INFO - Processing /home/abayturar/airflow-project/venv/lib/python3.12/site-packages/airflow/example_dags/example_external_task_marker_dag.py took 0.068 seconds
[2026-03-28T19:14:35.005+0500] {processor.py:161} INFO - Started process (PID=27119) to work on /home/abayturar/airflow-project/venv/lib/python3.12/site-packages/airflow/example_dags/example_external_task_marker_dag.py
[2026-03-28T19:14:35.006+0500] {processor.py:830} INFO - Processing file /home/abayturar/airflow-project/venv/lib/python3.12/site-packages/airflow/example_dags/example_external_task_marker_dag.py for tasks to queue
[2026-03-28T19:14:35.007+0500] {logging_mixin.py:188} INFO - [2026-03-28T19:14:35.007+0500] {dagbag.py:545} INFO - Filling up the DagBag from /home/abayturar/airflow-project/venv/lib/python3.12/site-packages/airflow/example_dags/example_external_task_marker_dag.py
[2026-03-28T19:14:35.014+0500] {processor.py:840} INFO - DAG(s) 'example_external_task_marker_child', 'example_external_task_marker_parent' retrieved from /home/abayturar/airflow-project/venv/lib/python3.12/site-packages/airflow/example_dags/example_external_task_marker_dag.py
[2026-03-28T19:14:35.033+0500] {logging_mixin.py:188} INFO - [2026-03-28T19:14:35.033+0500] {dag.py:3089} INFO - Sync 2 DAGs
[2026-03-28T19:14:35.043+0500] {logging_mixin.py:188} INFO - [2026-03-28T19:14:35.043+0500] {dag.py:3947} INFO - Setting next_dagrun for example_external_task_marker_child to None, run_after=None
[2026-03-28T19:14:35.045+0500] {logging_mixin.py:188} INFO - [2026-03-28T19:14:35.045+0500] {dag.py:3947} INFO - Setting next_dagrun for example_external_task_marker_parent to None, run_after=None
[2026-03-28T19:14:35.073+0500] {processor.py:183} INFO - Processing /home/abayturar/airflow-project/venv/lib/python3.12/site-packages/airflow/example_dags/example_external_task_marker_dag.py took 0.075 seconds
[2026-03-28T19:15:42.553+0500] {processor.py:161} INFO - Started process (PID=27299) to work on /home/abayturar/airflow-project/venv/lib/python3.12/site-packages/airflow/example_dags/example_external_task_marker_dag.py
[2026-03-28T19:15:42.554+0500] {processor.py:830} INFO - Processing file /home/abayturar/airflow-project/venv/lib/python3.12/site-packages/airflow/example_dags/example_external_task_marker_dag.py for tasks to queue
[2026-03-28T19:15:42.556+0500] {logging_mixin.py:188} INFO - [2026-03-28T19:15:42.556+0500] {dagbag.py:545} INFO - Filling up the DagBag from /home/abayturar/airflow-project/venv/lib/python3.12/site-packages/airflow/example_dags/example_external_task_marker_dag.py
[2026-03-28T19:15:42.563+0500] {processor.py:840} INFO - DAG(s) 'example_external_task_marker_parent', 'example_external_task_marker_child' retrieved from /home/abayturar/airflow-project/venv/lib/python3.12/site-packages/airflow/example_dags/example_external_task_marker_dag.py
[2026-03-28T19:15:42.582+0500] {logging_mixin.py:188} INFO - [2026-03-28T19:15:42.581+0500] {dag.py:3089} INFO - Sync 2 DAGs
[2026-03-28T19:15:42.591+0500] {logging_mixin.py:188} INFO - [2026-03-28T19:15:42.591+0500] {dag.py:3947} INFO - Setting next_dagrun for example_external_task_marker_child to None, run_after=None
[2026-03-28T19:15:42.594+0500] {logging_mixin.py:188} INFO - [2026-03-28T19:15:42.593+0500] {dag.py:3947} INFO - Setting next_dagrun for example_external_task_marker_parent to None, run_after=None
[2026-03-28T19:15:42.619+0500] {processor.py:183} INFO - Processing /home/abayturar/airflow-project/venv/lib/python3.12/site-packages/airflow/example_dags/example_external_task_marker_dag.py took 0.072 seconds
[2026-03-28T19:16:53.962+0500] {processor.py:161} INFO - Started process (PID=27492) to work on /home/abayturar/airflow-project/venv/lib/python3.12/site-packages/airflow/example_dags/example_external_task_marker_dag.py
[2026-03-28T19:16:53.963+0500] {processor.py:830} INFO - Processing file /home/abayturar/airflow-project/venv/lib/python3.12/site-packages/airflow/example_dags/example_external_task_marker_dag.py for tasks to queue
[2026-03-28T19:16:53.965+0500] {logging_mixin.py:188} INFO - [2026-03-28T19:16:53.965+0500] {dagbag.py:545} INFO - Filling up the DagBag from /home/abayturar/airflow-project/venv/lib/python3.12/site-packages/airflow/example_dags/example_external_task_marker_dag.py
[2026-03-28T19:16:53.972+0500] {processor.py:840} INFO - DAG(s) 'example_external_task_marker_child', 'example_external_task_marker_parent' retrieved from /home/abayturar/airflow-project/venv/lib/python3.12/site-packages/airflow/example_dags/example_external_task_marker_dag.py
[2026-03-28T19:16:53.990+0500] {logging_mixin.py:188} INFO - [2026-03-28T19:16:53.990+0500] {dag.py:3089} INFO - Sync 2 DAGs
[2026-03-28T19:16:53.999+0500] {logging_mixin.py:188} INFO - [2026-03-28T19:16:53.999+0500] {dag.py:3947} INFO - Setting next_dagrun for example_external_task_marker_child to None, run_after=None
[2026-03-28T19:16:54.002+0500] {logging_mixin.py:188} INFO - [2026-03-28T19:16:54.001+0500] {dag.py:3947} INFO - Setting next_dagrun for example_external_task_marker_parent to None, run_after=None
[2026-03-28T19:16:54.028+0500] {processor.py:183} INFO - Processing /home/abayturar/airflow-project/venv/lib/python3.12/site-packages/airflow/example_dags/example_external_task_marker_dag.py took 0.073 seconds
[2026-03-28T19:18:02.074+0500] {processor.py:161} INFO - Started process (PID=27676) to work on /home/abayturar/airflow-project/venv/lib/python3.12/site-packages/airflow/example_dags/example_external_task_marker_dag.py
[2026-03-28T19:18:02.076+0500] {processor.py:830} INFO - Processing file /home/abayturar/airflow-project/venv/lib/python3.12/site-packages/airflow/example_dags/example_external_task_marker_dag.py for tasks to queue
[2026-03-28T19:18:02.078+0500] {logging_mixin.py:188} INFO - [2026-03-28T19:18:02.078+0500] {dagbag.py:545} INFO - Filling up the DagBag from /home/abayturar/airflow-project/venv/lib/python3.12/site-packages/airflow/example_dags/example_external_task_marker_dag.py
[2026-03-28T19:18:02.088+0500] {processor.py:840} INFO - DAG(s) 'example_external_task_marker_child', 'example_external_task_marker_parent' retrieved from /home/abayturar/airflow-project/venv/lib/python3.12/site-packages/airflow/example_dags/example_external_task_marker_dag.py
[2026-03-28T19:18:02.109+0500] {logging_mixin.py:188} INFO - [2026-03-28T19:18:02.109+0500] {dag.py:3089} INFO - Sync 2 DAGs
[2026-03-28T19:18:02.122+0500] {logging_mixin.py:188} INFO - [2026-03-28T19:18:02.122+0500] {dag.py:3947} INFO - Setting next_dagrun for example_external_task_marker_child to None, run_after=None
[2026-03-28T19:18:02.125+0500] {logging_mixin.py:188} INFO - [2026-03-28T19:18:02.125+0500] {dag.py:3947} INFO - Setting next_dagrun for example_external_task_marker_parent to None, run_after=None
[2026-03-28T19:18:02.153+0500] {processor.py:183} INFO - Processing /home/abayturar/airflow-project/venv/lib/python3.12/site-packages/airflow/example_dags/example_external_task_marker_dag.py took 0.090 seconds
[2026-03-28T19:19:08.004+0500] {processor.py:161} INFO - Started process (PID=27855) to work on /home/abayturar/airflow-project/venv/lib/python3.12/site-packages/airflow/example_dags/example_external_task_marker_dag.py
[2026-03-28T19:19:08.005+0500] {processor.py:830} INFO - Processing file /home/abayturar/airflow-project/venv/lib/python3.12/site-packages/airflow/example_dags/example_external_task_marker_dag.py for tasks to queue
[2026-03-28T19:19:08.006+0500] {logging_mixin.py:188} INFO - [2026-03-28T19:19:08.006+0500] {dagbag.py:545} INFO - Filling up the DagBag from /home/abayturar/airflow-project/venv/lib/python3.12/site-packages/airflow/example_dags/example_external_task_marker_dag.py
[2026-03-28T19:19:08.012+0500] {processor.py:840} INFO - DAG(s) 'example_external_task_marker_child', 'example_external_task_marker_parent' retrieved from /home/abayturar/airflow-project/venv/lib/python3.12/site-packages/airflow/example_dags/example_external_task_marker_dag.py
[2026-03-28T19:19:08.029+0500] {logging_mixin.py:188} INFO - [2026-03-28T19:19:08.029+0500] {dag.py:3089} INFO - Sync 2 DAGs
[2026-03-28T19:19:08.038+0500] {logging_mixin.py:188} INFO - [2026-03-28T19:19:08.038+0500] {dag.py:3947} INFO - Setting next_dagrun for example_external_task_marker_child to None, run_after=None
[2026-03-28T19:19:08.040+0500] {logging_mixin.py:188} INFO - [2026-03-28T19:19:08.040+0500] {dag.py:3947} INFO - Setting next_dagrun for example_external_task_marker_parent to None, run_after=None
[2026-03-28T19:19:08.054+0500] {processor.py:183} INFO - Processing /home/abayturar/airflow-project/venv/lib/python3.12/site-packages/airflow/example_dags/example_external_task_marker_dag.py took 0.056 seconds
[2026-03-28T19:19:55.572+0500] {processor.py:161} INFO - Started process (PID=27984) to work on /home/abayturar/airflow-project/venv/lib/python3.12/site-packages/airflow/example_dags/example_external_task_marker_dag.py
[2026-03-28T19:19:55.573+0500] {processor.py:830} INFO - Processing file /home/abayturar/airflow-project/venv/lib/python3.12/site-packages/airflow/example_dags/example_external_task_marker_dag.py for tasks to queue
[2026-03-28T19:19:55.574+0500] {logging_mixin.py:188} INFO - [2026-03-28T19:19:55.574+0500] {dagbag.py:545} INFO - Filling up the DagBag from /home/abayturar/airflow-project/venv/lib/python3.12/site-packages/airflow/example_dags/example_external_task_marker_dag.py
[2026-03-28T19:19:55.581+0500] {processor.py:840} INFO - DAG(s) 'example_external_task_marker_parent', 'example_external_task_marker_child' retrieved from /home/abayturar/airflow-project/venv/lib/python3.12/site-packages/airflow/example_dags/example_external_task_marker_dag.py
[2026-03-28T19:19:55.597+0500] {logging_mixin.py:188} INFO - [2026-03-28T19:19:55.597+0500] {dag.py:3089} INFO - Sync 2 DAGs
[2026-03-28T19:19:55.606+0500] {logging_mixin.py:188} INFO - [2026-03-28T19:19:55.606+0500] {dag.py:3947} INFO - Setting next_dagrun for example_external_task_marker_child to None, run_after=None
[2026-03-28T19:19:55.608+0500] {logging_mixin.py:188} INFO - [2026-03-28T19:19:55.608+0500] {dag.py:3947} INFO - Setting next_dagrun for example_external_task_marker_parent to None, run_after=None
[2026-03-28T19:19:55.623+0500] {processor.py:183} INFO - Processing /home/abayturar/airflow-project/venv/lib/python3.12/site-packages/airflow/example_dags/example_external_task_marker_dag.py took 0.057 seconds
[2026-03-28T19:21:04.868+0500] {processor.py:161} INFO - Started process (PID=28169) to work on /home/abayturar/airflow-project/venv/lib/python3.12/site-packages/airflow/example_dags/example_external_task_marker_dag.py
[2026-03-28T19:21:04.869+0500] {processor.py:830} INFO - Processing file /home/abayturar/airflow-project/venv/lib/python3.12/site-packages/airflow/example_dags/example_external_task_marker_dag.py for tasks to queue
[2026-03-28T19:21:04.870+0500] {logging_mixin.py:188} INFO - [2026-03-28T19:21:04.870+0500] {dagbag.py:545} INFO - Filling up the DagBag from /home/abayturar/airflow-project/venv/lib/python3.12/site-packages/airflow/example_dags/example_external_task_marker_dag.py
[2026-03-28T19:21:04.877+0500] {processor.py:840} INFO - DAG(s) 'example_external_task_marker_parent', 'example_external_task_marker_child' retrieved from /home/abayturar/airflow-project/venv/lib/python3.12/site-packages/airflow/example_dags/example_external_task_marker_dag.py
[2026-03-28T19:21:04.893+0500] {logging_mixin.py:188} INFO - [2026-03-28T19:21:04.893+0500] {dag.py:3089} INFO - Sync 2 DAGs
[2026-03-28T19:21:04.902+0500] {logging_mixin.py:188} INFO - [2026-03-28T19:21:04.902+0500] {dag.py:3947} INFO - Setting next_dagrun for example_external_task_marker_child to None, run_after=None
[2026-03-28T19:21:04.904+0500] {logging_mixin.py:188} INFO - [2026-03-28T19:21:04.904+0500] {dag.py:3947} INFO - Setting next_dagrun for example_external_task_marker_parent to None, run_after=None
[2026-03-28T19:21:04.930+0500] {processor.py:183} INFO - Processing /home/abayturar/airflow-project/venv/lib/python3.12/site-packages/airflow/example_dags/example_external_task_marker_dag.py took 0.068 seconds
[2026-03-28T19:22:10.320+0500] {processor.py:161} INFO - Started process (PID=28388) to work on /home/abayturar/airflow-project/venv/lib/python3.12/site-packages/airflow/example_dags/example_external_task_marker_dag.py
[2026-03-28T19:22:10.321+0500] {processor.py:830} INFO - Processing file /home/abayturar/airflow-project/venv/lib/python3.12/site-packages/airflow/example_dags/example_external_task_marker_dag.py for tasks to queue
[2026-03-28T19:22:10.322+0500] {logging_mixin.py:188} INFO - [2026-03-28T19:22:10.322+0500] {dagbag.py:545} INFO - Filling up the DagBag from /home/abayturar/airflow-project/venv/lib/python3.12/site-packages/airflow/example_dags/example_external_task_marker_dag.py
[2026-03-28T19:22:10.329+0500] {processor.py:840} INFO - DAG(s) 'example_external_task_marker_child', 'example_external_task_marker_parent' retrieved from /home/abayturar/airflow-project/venv/lib/python3.12/site-packages/airflow/example_dags/example_external_task_marker_dag.py
[2026-03-28T19:22:10.345+0500] {logging_mixin.py:188} INFO - [2026-03-28T19:22:10.345+0500] {dag.py:3089} INFO - Sync 2 DAGs
[2026-03-28T19:22:10.354+0500] {logging_mixin.py:188} INFO - [2026-03-28T19:22:10.354+0500] {dag.py:3947} INFO - Setting next_dagrun for example_external_task_marker_child to None, run_after=None
[2026-03-28T19:22:10.356+0500] {logging_mixin.py:188} INFO - [2026-03-28T19:22:10.356+0500] {dag.py:3947} INFO - Setting next_dagrun for example_external_task_marker_parent to None, run_after=None
[2026-03-28T19:22:10.383+0500] {processor.py:183} INFO - Processing /home/abayturar/airflow-project/venv/lib/python3.12/site-packages/airflow/example_dags/example_external_task_marker_dag.py took 0.069 seconds
[2026-03-28T19:23:17.359+0500] {processor.py:161} INFO - Started process (PID=28563) to work on /home/abayturar/airflow-project/venv/lib/python3.12/site-packages/airflow/example_dags/example_external_task_marker_dag.py
[2026-03-28T19:23:17.360+0500] {processor.py:830} INFO - Processing file /home/abayturar/airflow-project/venv/lib/python3.12/site-packages/airflow/example_dags/example_external_task_marker_dag.py for tasks to queue
[2026-03-28T19:23:17.362+0500] {logging_mixin.py:188} INFO - [2026-03-28T19:23:17.362+0500] {dagbag.py:545} INFO - Filling up the DagBag from /home/abayturar/airflow-project/venv/lib/python3.12/site-packages/airflow/example_dags/example_external_task_marker_dag.py
[2026-03-28T19:23:17.369+0500] {processor.py:840} INFO - DAG(s) 'example_external_task_marker_parent', 'example_external_task_marker_child' retrieved from /home/abayturar/airflow-project/venv/lib/python3.12/site-packages/airflow/example_dags/example_external_task_marker_dag.py
[2026-03-28T19:23:17.389+0500] {logging_mixin.py:188} INFO - [2026-03-28T19:23:17.389+0500] {dag.py:3089} INFO - Sync 2 DAGs
[2026-03-28T19:23:17.399+0500] {logging_mixin.py:188} INFO - [2026-03-28T19:23:17.399+0500] {dag.py:3947} INFO - Setting next_dagrun for example_external_task_marker_child to None, run_after=None
[2026-03-28T19:23:17.401+0500] {logging_mixin.py:188} INFO - [2026-03-28T19:23:17.401+0500] {dag.py:3947} INFO - Setting next_dagrun for example_external_task_marker_parent to None, run_after=None
[2026-03-28T19:23:17.417+0500] {processor.py:183} INFO - Processing /home/abayturar/airflow-project/venv/lib/python3.12/site-packages/airflow/example_dags/example_external_task_marker_dag.py took 0.065 seconds
[2026-03-28T19:24:27.528+0500] {processor.py:161} INFO - Started process (PID=28756) to work on /home/abayturar/airflow-project/venv/lib/python3.12/site-packages/airflow/example_dags/example_external_task_marker_dag.py
[2026-03-28T19:24:27.529+0500] {processor.py:830} INFO - Processing file /home/abayturar/airflow-project/venv/lib/python3.12/site-packages/airflow/example_dags/example_external_task_marker_dag.py for tasks to queue
[2026-03-28T19:24:27.532+0500] {logging_mixin.py:188} INFO - [2026-03-28T19:24:27.532+0500] {dagbag.py:545} INFO - Filling up the DagBag from /home/abayturar/airflow-project/venv/lib/python3.12/site-packages/airflow/example_dags/example_external_task_marker_dag.py
[2026-03-28T19:24:27.540+0500] {processor.py:840} INFO - DAG(s) 'example_external_task_marker_child', 'example_external_task_marker_parent' retrieved from /home/abayturar/airflow-project/venv/lib/python3.12/site-packages/airflow/example_dags/example_external_task_marker_dag.py
[2026-03-28T19:24:27.566+0500] {logging_mixin.py:188} INFO - [2026-03-28T19:24:27.566+0500] {dag.py:3089} INFO - Sync 2 DAGs
[2026-03-28T19:24:27.578+0500] {logging_mixin.py:188} INFO - [2026-03-28T19:24:27.578+0500] {dag.py:3947} INFO - Setting next_dagrun for example_external_task_marker_child to None, run_after=None
[2026-03-28T19:24:27.582+0500] {logging_mixin.py:188} INFO - [2026-03-28T19:24:27.582+0500] {dag.py:3947} INFO - Setting next_dagrun for example_external_task_marker_parent to None, run_after=None
[2026-03-28T19:24:27.604+0500] {processor.py:183} INFO - Processing /home/abayturar/airflow-project/venv/lib/python3.12/site-packages/airflow/example_dags/example_external_task_marker_dag.py took 0.085 seconds
[2026-03-28T19:25:36.343+0500] {processor.py:161} INFO - Started process (PID=28939) to work on /home/abayturar/airflow-project/venv/lib/python3.12/site-packages/airflow/example_dags/example_external_task_marker_dag.py
[2026-03-28T19:25:36.344+0500] {processor.py:830} INFO - Processing file /home/abayturar/airflow-project/venv/lib/python3.12/site-packages/airflow/example_dags/example_external_task_marker_dag.py for tasks to queue
[2026-03-28T19:25:36.346+0500] {logging_mixin.py:188} INFO - [2026-03-28T19:25:36.345+0500] {dagbag.py:545} INFO - Filling up the DagBag from /home/abayturar/airflow-project/venv/lib/python3.12/site-packages/airflow/example_dags/example_external_task_marker_dag.py
[2026-03-28T19:25:36.353+0500] {processor.py:840} INFO - DAG(s) 'example_external_task_marker_child', 'example_external_task_marker_parent' retrieved from /home/abayturar/airflow-project/venv/lib/python3.12/site-packages/airflow/example_dags/example_external_task_marker_dag.py
[2026-03-28T19:25:36.370+0500] {logging_mixin.py:188} INFO - [2026-03-28T19:25:36.370+0500] {dag.py:3089} INFO - Sync 2 DAGs
[2026-03-28T19:25:36.379+0500] {logging_mixin.py:188} INFO - [2026-03-28T19:25:36.379+0500] {dag.py:3947} INFO - Setting next_dagrun for example_external_task_marker_child to None, run_after=None
[2026-03-28T19:25:36.381+0500] {logging_mixin.py:188} INFO - [2026-03-28T19:25:36.381+0500] {dag.py:3947} INFO - Setting next_dagrun for example_external_task_marker_parent to None, run_after=None
[2026-03-28T19:25:36.407+0500] {processor.py:183} INFO - Processing /home/abayturar/airflow-project/venv/lib/python3.12/site-packages/airflow/example_dags/example_external_task_marker_dag.py took 0.069 seconds
[2026-03-28T19:26:45.687+0500] {processor.py:161} INFO - Started process (PID=29128) to work on /home/abayturar/airflow-project/venv/lib/python3.12/site-packages/airflow/example_dags/example_external_task_marker_dag.py
[2026-03-28T19:26:45.687+0500] {processor.py:830} INFO - Processing file /home/abayturar/airflow-project/venv/lib/python3.12/site-packages/airflow/example_dags/example_external_task_marker_dag.py for tasks to queue
[2026-03-28T19:26:45.689+0500] {logging_mixin.py:188} INFO - [2026-03-28T19:26:45.689+0500] {dagbag.py:545} INFO - Filling up the DagBag from /home/abayturar/airflow-project/venv/lib/python3.12/site-packages/airflow/example_dags/example_external_task_marker_dag.py
[2026-03-28T19:26:45.695+0500] {processor.py:840} INFO - DAG(s) 'example_external_task_marker_parent', 'example_external_task_marker_child' retrieved from /home/abayturar/airflow-project/venv/lib/python3.12/site-packages/airflow/example_dags/example_external_task_marker_dag.py
[2026-03-28T19:26:45.712+0500] {logging_mixin.py:188} INFO - [2026-03-28T19:26:45.711+0500] {dag.py:3089} INFO - Sync 2 DAGs
[2026-03-28T19:26:45.720+0500] {logging_mixin.py:188} INFO - [2026-03-28T19:26:45.720+0500] {dag.py:3947} INFO - Setting next_dagrun for example_external_task_marker_child to None, run_after=None
[2026-03-28T19:26:45.722+0500] {logging_mixin.py:188} INFO - [2026-03-28T19:26:45.722+0500] {dag.py:3947} INFO - Setting next_dagrun for example_external_task_marker_parent to None, run_after=None
[2026-03-28T19:26:45.735+0500] {processor.py:183} INFO - Processing /home/abayturar/airflow-project/venv/lib/python3.12/site-packages/airflow/example_dags/example_external_task_marker_dag.py took 0.054 seconds
[2026-03-28T19:27:34.708+0500] {processor.py:161} INFO - Started process (PID=29259) to work on /home/abayturar/airflow-project/venv/lib/python3.12/site-packages/airflow/example_dags/example_external_task_marker_dag.py
[2026-03-28T19:27:34.709+0500] {processor.py:830} INFO - Processing file /home/abayturar/airflow-project/venv/lib/python3.12/site-packages/airflow/example_dags/example_external_task_marker_dag.py for tasks to queue
[2026-03-28T19:27:34.710+0500] {logging_mixin.py:188} INFO - [2026-03-28T19:27:34.710+0500] {dagbag.py:545} INFO - Filling up the DagBag from /home/abayturar/airflow-project/venv/lib/python3.12/site-packages/airflow/example_dags/example_external_task_marker_dag.py
[2026-03-28T19:27:34.717+0500] {processor.py:840} INFO - DAG(s) 'example_external_task_marker_child', 'example_external_task_marker_parent' retrieved from /home/abayturar/airflow-project/venv/lib/python3.12/site-packages/airflow/example_dags/example_external_task_marker_dag.py
[2026-03-28T19:27:34.736+0500] {logging_mixin.py:188} INFO - [2026-03-28T19:27:34.736+0500] {dag.py:3089} INFO - Sync 2 DAGs
[2026-03-28T19:27:34.745+0500] {logging_mixin.py:188} INFO - [2026-03-28T19:27:34.745+0500] {dag.py:3947} INFO - Setting next_dagrun for example_external_task_marker_child to None, run_after=None
[2026-03-28T19:27:34.747+0500] {logging_mixin.py:188} INFO - [2026-03-28T19:27:34.747+0500] {dag.py:3947} INFO - Setting next_dagrun for example_external_task_marker_parent to None, run_after=None
[2026-03-28T19:27:34.775+0500] {processor.py:183} INFO - Processing /home/abayturar/airflow-project/venv/lib/python3.12/site-packages/airflow/example_dags/example_external_task_marker_dag.py took 0.073 seconds
[2026-03-28T19:28:46.967+0500] {processor.py:161} INFO - Started process (PID=29449) to work on /home/abayturar/airflow-project/venv/lib/python3.12/site-packages/airflow/example_dags/example_external_task_marker_dag.py
[2026-03-28T19:28:46.968+0500] {processor.py:830} INFO - Processing file /home/abayturar/airflow-project/venv/lib/python3.12/site-packages/airflow/example_dags/example_external_task_marker_dag.py for tasks to queue
[2026-03-28T19:28:46.970+0500] {logging_mixin.py:188} INFO - [2026-03-28T19:28:46.970+0500] {dagbag.py:545} INFO - Filling up the DagBag from /home/abayturar/airflow-project/venv/lib/python3.12/site-packages/airflow/example_dags/example_external_task_marker_dag.py
[2026-03-28T19:28:46.979+0500] {processor.py:840} INFO - DAG(s) 'example_external_task_marker_child', 'example_external_task_marker_parent' retrieved from /home/abayturar/airflow-project/venv/lib/python3.12/site-packages/airflow/example_dags/example_external_task_marker_dag.py
[2026-03-28T19:28:46.996+0500] {logging_mixin.py:188} INFO - [2026-03-28T19:28:46.996+0500] {dag.py:3089} INFO - Sync 2 DAGs
[2026-03-28T19:28:47.006+0500] {logging_mixin.py:188} INFO - [2026-03-28T19:28:47.006+0500] {dag.py:3947} INFO - Setting next_dagrun for example_external_task_marker_child to None, run_after=None
[2026-03-28T19:28:47.008+0500] {logging_mixin.py:188} INFO - [2026-03-28T19:28:47.008+0500] {dag.py:3947} INFO - Setting next_dagrun for example_external_task_marker_parent to None, run_after=None
[2026-03-28T19:28:47.037+0500] {processor.py:183} INFO - Processing /home/abayturar/airflow-project/venv/lib/python3.12/site-packages/airflow/example_dags/example_external_task_marker_dag.py took 0.076 seconds
[2026-03-28T19:29:34.326+0500] {processor.py:161} INFO - Started process (PID=29646) to work on /home/abayturar/airflow-project/venv/lib/python3.12/site-packages/airflow/example_dags/example_external_task_marker_dag.py
[2026-03-28T19:29:34.328+0500] {processor.py:830} INFO - Processing file /home/abayturar/airflow-project/venv/lib/python3.12/site-packages/airflow/example_dags/example_external_task_marker_dag.py for tasks to queue
[2026-03-28T19:29:34.330+0500] {logging_mixin.py:188} INFO - [2026-03-28T19:29:34.329+0500] {dagbag.py:545} INFO - Filling up the DagBag from /home/abayturar/airflow-project/venv/lib/python3.12/site-packages/airflow/example_dags/example_external_task_marker_dag.py
[2026-03-28T19:29:34.337+0500] {processor.py:840} INFO - DAG(s) 'example_external_task_marker_parent', 'example_external_task_marker_child' retrieved from /home/abayturar/airflow-project/venv/lib/python3.12/site-packages/airflow/example_dags/example_external_task_marker_dag.py
[2026-03-28T19:29:34.355+0500] {logging_mixin.py:188} INFO - [2026-03-28T19:29:34.354+0500] {dag.py:3089} INFO - Sync 2 DAGs
[2026-03-28T19:29:34.364+0500] {logging_mixin.py:188} INFO - [2026-03-28T19:29:34.364+0500] {dag.py:3947} INFO - Setting next_dagrun for example_external_task_marker_child to None, run_after=None
[2026-03-28T19:29:34.366+0500] {logging_mixin.py:188} INFO - [2026-03-28T19:29:34.366+0500] {dag.py:3947} INFO - Setting next_dagrun for example_external_task_marker_parent to None, run_after=None
[2026-03-28T19:29:34.393+0500] {processor.py:183} INFO - Processing /home/abayturar/airflow-project/venv/lib/python3.12/site-packages/airflow/example_dags/example_external_task_marker_dag.py took 0.074 seconds
[2026-03-28T19:30:56.176+0500] {processor.py:161} INFO - Started process (PID=29896) to work on /home/abayturar/airflow-project/venv/lib/python3.12/site-packages/airflow/example_dags/example_external_task_marker_dag.py
[2026-03-28T19:30:56.177+0500] {processor.py:830} INFO - Processing file /home/abayturar/airflow-project/venv/lib/python3.12/site-packages/airflow/example_dags/example_external_task_marker_dag.py for tasks to queue
[2026-03-28T19:30:56.178+0500] {logging_mixin.py:188} INFO - [2026-03-28T19:30:56.178+0500] {dagbag.py:545} INFO - Filling up the DagBag from /home/abayturar/airflow-project/venv/lib/python3.12/site-packages/airflow/example_dags/example_external_task_marker_dag.py
[2026-03-28T19:30:56.186+0500] {processor.py:840} INFO - DAG(s) 'example_external_task_marker_parent', 'example_external_task_marker_child' retrieved from /home/abayturar/airflow-project/venv/lib/python3.12/site-packages/airflow/example_dags/example_external_task_marker_dag.py
[2026-03-28T19:30:56.206+0500] {logging_mixin.py:188} INFO - [2026-03-28T19:30:56.206+0500] {dag.py:3089} INFO - Sync 2 DAGs
[2026-03-28T19:30:56.217+0500] {logging_mixin.py:188} INFO - [2026-03-28T19:30:56.217+0500] {dag.py:3947} INFO - Setting next_dagrun for example_external_task_marker_child to None, run_after=None
[2026-03-28T19:30:56.220+0500] {logging_mixin.py:188} INFO - [2026-03-28T19:30:56.220+0500] {dag.py:3947} INFO - Setting next_dagrun for example_external_task_marker_parent to None, run_after=None
[2026-03-28T19:30:56.237+0500] {processor.py:183} INFO - Processing /home/abayturar/airflow-project/venv/lib/python3.12/site-packages/airflow/example_dags/example_external_task_marker_dag.py took 0.069 seconds
[2026-03-28T19:31:48.704+0500] {processor.py:161} INFO - Started process (PID=30045) to work on /home/abayturar/airflow-project/venv/lib/python3.12/site-packages/airflow/example_dags/example_external_task_marker_dag.py
[2026-03-28T19:31:48.705+0500] {processor.py:830} INFO - Processing file /home/abayturar/airflow-project/venv/lib/python3.12/site-packages/airflow/example_dags/example_external_task_marker_dag.py for tasks to queue
[2026-03-28T19:31:48.707+0500] {logging_mixin.py:188} INFO - [2026-03-28T19:31:48.706+0500] {dagbag.py:545} INFO - Filling up the DagBag from /home/abayturar/airflow-project/venv/lib/python3.12/site-packages/airflow/example_dags/example_external_task_marker_dag.py
[2026-03-28T19:31:48.714+0500] {processor.py:840} INFO - DAG(s) 'example_external_task_marker_child', 'example_external_task_marker_parent' retrieved from /home/abayturar/airflow-project/venv/lib/python3.12/site-packages/airflow/example_dags/example_external_task_marker_dag.py
[2026-03-28T19:31:48.732+0500] {logging_mixin.py:188} INFO - [2026-03-28T19:31:48.732+0500] {dag.py:3089} INFO - Sync 2 DAGs
[2026-03-28T19:31:48.742+0500] {logging_mixin.py:188} INFO - [2026-03-28T19:31:48.742+0500] {dag.py:3947} INFO - Setting next_dagrun for example_external_task_marker_child to None, run_after=None
[2026-03-28T19:31:48.744+0500] {logging_mixin.py:188} INFO - [2026-03-28T19:31:48.744+0500] {dag.py:3947} INFO - Setting next_dagrun for example_external_task_marker_parent to None, run_after=None
[2026-03-28T19:31:48.759+0500] {processor.py:183} INFO - Processing /home/abayturar/airflow-project/venv/lib/python3.12/site-packages/airflow/example_dags/example_external_task_marker_dag.py took 0.062 seconds
[2026-03-28T19:32:41.613+0500] {processor.py:161} INFO - Started process (PID=30198) to work on /home/abayturar/airflow-project/venv/lib/python3.12/site-packages/airflow/example_dags/example_external_task_marker_dag.py
[2026-03-28T19:32:41.614+0500] {processor.py:830} INFO - Processing file /home/abayturar/airflow-project/venv/lib/python3.12/site-packages/airflow/example_dags/example_external_task_marker_dag.py for tasks to queue
[2026-03-28T19:32:41.616+0500] {logging_mixin.py:188} INFO - [2026-03-28T19:32:41.615+0500] {dagbag.py:545} INFO - Filling up the DagBag from /home/abayturar/airflow-project/venv/lib/python3.12/site-packages/airflow/example_dags/example_external_task_marker_dag.py
[2026-03-28T19:32:41.624+0500] {processor.py:840} INFO - DAG(s) 'example_external_task_marker_child', 'example_external_task_marker_parent' retrieved from /home/abayturar/airflow-project/venv/lib/python3.12/site-packages/airflow/example_dags/example_external_task_marker_dag.py
[2026-03-28T19:32:41.644+0500] {logging_mixin.py:188} INFO - [2026-03-28T19:32:41.644+0500] {dag.py:3089} INFO - Sync 2 DAGs
[2026-03-28T19:32:41.654+0500] {logging_mixin.py:188} INFO - [2026-03-28T19:32:41.653+0500] {dag.py:3947} INFO - Setting next_dagrun for example_external_task_marker_child to None, run_after=None
[2026-03-28T19:32:41.656+0500] {logging_mixin.py:188} INFO - [2026-03-28T19:32:41.656+0500] {dag.py:3947} INFO - Setting next_dagrun for example_external_task_marker_parent to None, run_after=None
[2026-03-28T19:32:41.670+0500] {processor.py:183} INFO - Processing /home/abayturar/airflow-project/venv/lib/python3.12/site-packages/airflow/example_dags/example_external_task_marker_dag.py took 0.064 seconds
[2026-03-28T19:33:33.096+0500] {processor.py:161} INFO - Started process (PID=30342) to work on /home/abayturar/airflow-project/venv/lib/python3.12/site-packages/airflow/example_dags/example_external_task_marker_dag.py
[2026-03-28T19:33:33.097+0500] {processor.py:830} INFO - Processing file /home/abayturar/airflow-project/venv/lib/python3.12/site-packages/airflow/example_dags/example_external_task_marker_dag.py for tasks to queue
[2026-03-28T19:33:33.099+0500] {logging_mixin.py:188} INFO - [2026-03-28T19:33:33.099+0500] {dagbag.py:545} INFO - Filling up the DagBag from /home/abayturar/airflow-project/venv/lib/python3.12/site-packages/airflow/example_dags/example_external_task_marker_dag.py
[2026-03-28T19:33:33.108+0500] {processor.py:840} INFO - DAG(s) 'example_external_task_marker_child', 'example_external_task_marker_parent' retrieved from /home/abayturar/airflow-project/venv/lib/python3.12/site-packages/airflow/example_dags/example_external_task_marker_dag.py
[2026-03-28T19:33:33.127+0500] {logging_mixin.py:188} INFO - [2026-03-28T19:33:33.126+0500] {dag.py:3089} INFO - Sync 2 DAGs
[2026-03-28T19:33:33.136+0500] {logging_mixin.py:188} INFO - [2026-03-28T19:33:33.135+0500] {dag.py:3947} INFO - Setting next_dagrun for example_external_task_marker_child to None, run_after=None
[2026-03-28T19:33:33.138+0500] {logging_mixin.py:188} INFO - [2026-03-28T19:33:33.138+0500] {dag.py:3947} INFO - Setting next_dagrun for example_external_task_marker_parent to None, run_after=None
[2026-03-28T19:33:33.152+0500] {processor.py:183} INFO - Processing /home/abayturar/airflow-project/venv/lib/python3.12/site-packages/airflow/example_dags/example_external_task_marker_dag.py took 0.063 seconds
[2026-03-28T19:35:50.271+0500] {processor.py:161} INFO - Started process (PID=30710) to work on /home/abayturar/airflow-project/venv/lib/python3.12/site-packages/airflow/example_dags/example_external_task_marker_dag.py
[2026-03-28T19:35:50.272+0500] {processor.py:830} INFO - Processing file /home/abayturar/airflow-project/venv/lib/python3.12/site-packages/airflow/example_dags/example_external_task_marker_dag.py for tasks to queue
[2026-03-28T19:35:50.273+0500] {logging_mixin.py:188} INFO - [2026-03-28T19:35:50.273+0500] {dagbag.py:545} INFO - Filling up the DagBag from /home/abayturar/airflow-project/venv/lib/python3.12/site-packages/airflow/example_dags/example_external_task_marker_dag.py
[2026-03-28T19:35:50.280+0500] {processor.py:840} INFO - DAG(s) 'example_external_task_marker_parent', 'example_external_task_marker_child' retrieved from /home/abayturar/airflow-project/venv/lib/python3.12/site-packages/airflow/example_dags/example_external_task_marker_dag.py
[2026-03-28T19:35:50.297+0500] {logging_mixin.py:188} INFO - [2026-03-28T19:35:50.296+0500] {dag.py:3089} INFO - Sync 2 DAGs
[2026-03-28T19:35:50.307+0500] {logging_mixin.py:188} INFO - [2026-03-28T19:35:50.306+0500] {dag.py:3947} INFO - Setting next_dagrun for example_external_task_marker_child to None, run_after=None
[2026-03-28T19:35:50.309+0500] {logging_mixin.py:188} INFO - [2026-03-28T19:35:50.309+0500] {dag.py:3947} INFO - Setting next_dagrun for example_external_task_marker_parent to None, run_after=None
[2026-03-28T19:35:50.335+0500] {processor.py:183} INFO - Processing /home/abayturar/airflow-project/venv/lib/python3.12/site-packages/airflow/example_dags/example_external_task_marker_dag.py took 0.071 seconds
[2026-03-28T19:36:42.404+0500] {processor.py:161} INFO - Started process (PID=30850) to work on /home/abayturar/airflow-project/venv/lib/python3.12/site-packages/airflow/example_dags/example_external_task_marker_dag.py
[2026-03-28T19:36:42.405+0500] {processor.py:830} INFO - Processing file /home/abayturar/airflow-project/venv/lib/python3.12/site-packages/airflow/example_dags/example_external_task_marker_dag.py for tasks to queue
[2026-03-28T19:36:42.407+0500] {logging_mixin.py:188} INFO - [2026-03-28T19:36:42.407+0500] {dagbag.py:545} INFO - Filling up the DagBag from /home/abayturar/airflow-project/venv/lib/python3.12/site-packages/airflow/example_dags/example_external_task_marker_dag.py
[2026-03-28T19:36:42.416+0500] {processor.py:840} INFO - DAG(s) 'example_external_task_marker_child', 'example_external_task_marker_parent' retrieved from /home/abayturar/airflow-project/venv/lib/python3.12/site-packages/airflow/example_dags/example_external_task_marker_dag.py
[2026-03-28T19:36:42.439+0500] {logging_mixin.py:188} INFO - [2026-03-28T19:36:42.439+0500] {dag.py:3089} INFO - Sync 2 DAGs
[2026-03-28T19:36:42.450+0500] {logging_mixin.py:188} INFO - [2026-03-28T19:36:42.450+0500] {dag.py:3947} INFO - Setting next_dagrun for example_external_task_marker_child to None, run_after=None
[2026-03-28T19:36:42.453+0500] {logging_mixin.py:188} INFO - [2026-03-28T19:36:42.453+0500] {dag.py:3947} INFO - Setting next_dagrun for example_external_task_marker_parent to None, run_after=None
[2026-03-28T19:36:42.480+0500] {processor.py:183} INFO - Processing /home/abayturar/airflow-project/venv/lib/python3.12/site-packages/airflow/example_dags/example_external_task_marker_dag.py took 0.083 seconds
[2026-03-28T19:37:35.099+0500] {processor.py:161} INFO - Started process (PID=30994) to work on /home/abayturar/airflow-project/venv/lib/python3.12/site-packages/airflow/example_dags/example_external_task_marker_dag.py
[2026-03-28T19:37:35.100+0500] {processor.py:830} INFO - Processing file /home/abayturar/airflow-project/venv/lib/python3.12/site-packages/airflow/example_dags/example_external_task_marker_dag.py for tasks to queue
[2026-03-28T19:37:35.103+0500] {logging_mixin.py:188} INFO - [2026-03-28T19:37:35.102+0500] {dagbag.py:545} INFO - Filling up the DagBag from /home/abayturar/airflow-project/venv/lib/python3.12/site-packages/airflow/example_dags/example_external_task_marker_dag.py
[2026-03-28T19:37:35.112+0500] {processor.py:840} INFO - DAG(s) 'example_external_task_marker_parent', 'example_external_task_marker_child' retrieved from /home/abayturar/airflow-project/venv/lib/python3.12/site-packages/airflow/example_dags/example_external_task_marker_dag.py
[2026-03-28T19:37:35.161+0500] {logging_mixin.py:188} INFO - [2026-03-28T19:37:35.161+0500] {dag.py:3089} INFO - Sync 2 DAGs
[2026-03-28T19:37:35.172+0500] {logging_mixin.py:188} INFO - [2026-03-28T19:37:35.171+0500] {dag.py:3947} INFO - Setting next_dagrun for example_external_task_marker_child to None, run_after=None
[2026-03-28T19:37:35.174+0500] {logging_mixin.py:188} INFO - [2026-03-28T19:37:35.174+0500] {dag.py:3947} INFO - Setting next_dagrun for example_external_task_marker_parent to None, run_after=None
[2026-03-28T19:37:35.201+0500] {processor.py:183} INFO - Processing /home/abayturar/airflow-project/venv/lib/python3.12/site-packages/airflow/example_dags/example_external_task_marker_dag.py took 0.111 seconds
[2026-03-28T19:38:27.035+0500] {processor.py:161} INFO - Started process (PID=31134) to work on /home/abayturar/airflow-project/venv/lib/python3.12/site-packages/airflow/example_dags/example_external_task_marker_dag.py
[2026-03-28T19:38:27.035+0500] {processor.py:830} INFO - Processing file /home/abayturar/airflow-project/venv/lib/python3.12/site-packages/airflow/example_dags/example_external_task_marker_dag.py for tasks to queue
[2026-03-28T19:38:27.037+0500] {logging_mixin.py:188} INFO - [2026-03-28T19:38:27.037+0500] {dagbag.py:545} INFO - Filling up the DagBag from /home/abayturar/airflow-project/venv/lib/python3.12/site-packages/airflow/example_dags/example_external_task_marker_dag.py
[2026-03-28T19:38:27.043+0500] {processor.py:840} INFO - DAG(s) 'example_external_task_marker_parent', 'example_external_task_marker_child' retrieved from /home/abayturar/airflow-project/venv/lib/python3.12/site-packages/airflow/example_dags/example_external_task_marker_dag.py
[2026-03-28T19:38:27.060+0500] {logging_mixin.py:188} INFO - [2026-03-28T19:38:27.060+0500] {dag.py:3089} INFO - Sync 2 DAGs
[2026-03-28T19:38:27.069+0500] {logging_mixin.py:188} INFO - [2026-03-28T19:38:27.069+0500] {dag.py:3947} INFO - Setting next_dagrun for example_external_task_marker_child to None, run_after=None
[2026-03-28T19:38:27.071+0500] {logging_mixin.py:188} INFO - [2026-03-28T19:38:27.071+0500] {dag.py:3947} INFO - Setting next_dagrun for example_external_task_marker_parent to None, run_after=None
[2026-03-28T19:38:27.095+0500] {processor.py:183} INFO - Processing /home/abayturar/airflow-project/venv/lib/python3.12/site-packages/airflow/example_dags/example_external_task_marker_dag.py took 0.067 seconds
[2026-03-28T19:39:33.467+0500] {processor.py:161} INFO - Started process (PID=31319) to work on /home/abayturar/airflow-project/venv/lib/python3.12/site-packages/airflow/example_dags/example_external_task_marker_dag.py
[2026-03-28T19:39:33.468+0500] {processor.py:830} INFO - Processing file /home/abayturar/airflow-project/venv/lib/python3.12/site-packages/airflow/example_dags/example_external_task_marker_dag.py for tasks to queue
[2026-03-28T19:39:33.471+0500] {logging_mixin.py:188} INFO - [2026-03-28T19:39:33.470+0500] {dagbag.py:545} INFO - Filling up the DagBag from /home/abayturar/airflow-project/venv/lib/python3.12/site-packages/airflow/example_dags/example_external_task_marker_dag.py
[2026-03-28T19:39:33.478+0500] {processor.py:840} INFO - DAG(s) 'example_external_task_marker_parent', 'example_external_task_marker_child' retrieved from /home/abayturar/airflow-project/venv/lib/python3.12/site-packages/airflow/example_dags/example_external_task_marker_dag.py
[2026-03-28T19:39:33.496+0500] {logging_mixin.py:188} INFO - [2026-03-28T19:39:33.496+0500] {dag.py:3089} INFO - Sync 2 DAGs
[2026-03-28T19:39:33.506+0500] {logging_mixin.py:188} INFO - [2026-03-28T19:39:33.505+0500] {dag.py:3947} INFO - Setting next_dagrun for example_external_task_marker_child to None, run_after=None
[2026-03-28T19:39:33.508+0500] {logging_mixin.py:188} INFO - [2026-03-28T19:39:33.508+0500] {dag.py:3947} INFO - Setting next_dagrun for example_external_task_marker_parent to None, run_after=None
[2026-03-28T19:39:33.523+0500] {processor.py:183} INFO - Processing /home/abayturar/airflow-project/venv/lib/python3.12/site-packages/airflow/example_dags/example_external_task_marker_dag.py took 0.065 seconds
[2026-03-28T19:40:41.562+0500] {processor.py:161} INFO - Started process (PID=31499) to work on /home/abayturar/airflow-project/venv/lib/python3.12/site-packages/airflow/example_dags/example_external_task_marker_dag.py
[2026-03-28T19:40:41.563+0500] {processor.py:830} INFO - Processing file /home/abayturar/airflow-project/venv/lib/python3.12/site-packages/airflow/example_dags/example_external_task_marker_dag.py for tasks to queue
[2026-03-28T19:40:41.564+0500] {logging_mixin.py:188} INFO - [2026-03-28T19:40:41.564+0500] {dagbag.py:545} INFO - Filling up the DagBag from /home/abayturar/airflow-project/venv/lib/python3.12/site-packages/airflow/example_dags/example_external_task_marker_dag.py
[2026-03-28T19:40:41.571+0500] {processor.py:840} INFO - DAG(s) 'example_external_task_marker_child', 'example_external_task_marker_parent' retrieved from /home/abayturar/airflow-project/venv/lib/python3.12/site-packages/airflow/example_dags/example_external_task_marker_dag.py
[2026-03-28T19:40:41.591+0500] {logging_mixin.py:188} INFO - [2026-03-28T19:40:41.591+0500] {dag.py:3089} INFO - Sync 2 DAGs
[2026-03-28T19:40:41.602+0500] {logging_mixin.py:188} INFO - [2026-03-28T19:40:41.602+0500] {dag.py:3947} INFO - Setting next_dagrun for example_external_task_marker_child to None, run_after=None
[2026-03-28T19:40:41.605+0500] {logging_mixin.py:188} INFO - [2026-03-28T19:40:41.604+0500] {dag.py:3947} INFO - Setting next_dagrun for example_external_task_marker_parent to None, run_after=None
[2026-03-28T19:40:41.632+0500] {processor.py:183} INFO - Processing /home/abayturar/airflow-project/venv/lib/python3.12/site-packages/airflow/example_dags/example_external_task_marker_dag.py took 0.076 seconds
[2026-03-28T19:41:47.298+0500] {processor.py:161} INFO - Started process (PID=31680) to work on /home/abayturar/airflow-project/venv/lib/python3.12/site-packages/airflow/example_dags/example_external_task_marker_dag.py
[2026-03-28T19:41:47.299+0500] {processor.py:830} INFO - Processing file /home/abayturar/airflow-project/venv/lib/python3.12/site-packages/airflow/example_dags/example_external_task_marker_dag.py for tasks to queue
[2026-03-28T19:41:47.301+0500] {logging_mixin.py:188} INFO - [2026-03-28T19:41:47.300+0500] {dagbag.py:545} INFO - Filling up the DagBag from /home/abayturar/airflow-project/venv/lib/python3.12/site-packages/airflow/example_dags/example_external_task_marker_dag.py
[2026-03-28T19:41:47.309+0500] {processor.py:840} INFO - DAG(s) 'example_external_task_marker_child', 'example_external_task_marker_parent' retrieved from /home/abayturar/airflow-project/venv/lib/python3.12/site-packages/airflow/example_dags/example_external_task_marker_dag.py
[2026-03-28T19:41:47.330+0500] {logging_mixin.py:188} INFO - [2026-03-28T19:41:47.330+0500] {dag.py:3089} INFO - Sync 2 DAGs
[2026-03-28T19:41:47.340+0500] {logging_mixin.py:188} INFO - [2026-03-28T19:41:47.340+0500] {dag.py:3947} INFO - Setting next_dagrun for example_external_task_marker_child to None, run_after=None
[2026-03-28T19:41:47.343+0500] {logging_mixin.py:188} INFO - [2026-03-28T19:41:47.342+0500] {dag.py:3947} INFO - Setting next_dagrun for example_external_task_marker_parent to None, run_after=None
[2026-03-28T19:41:47.371+0500] {processor.py:183} INFO - Processing /home/abayturar/airflow-project/venv/lib/python3.12/site-packages/airflow/example_dags/example_external_task_marker_dag.py took 0.080 seconds
[2026-03-28T19:43:00.291+0500] {processor.py:161} INFO - Started process (PID=31873) to work on /home/abayturar/airflow-project/venv/lib/python3.12/site-packages/airflow/example_dags/example_external_task_marker_dag.py
[2026-03-28T19:43:00.291+0500] {processor.py:830} INFO - Processing file /home/abayturar/airflow-project/venv/lib/python3.12/site-packages/airflow/example_dags/example_external_task_marker_dag.py for tasks to queue
[2026-03-28T19:43:00.293+0500] {logging_mixin.py:188} INFO - [2026-03-28T19:43:00.293+0500] {dagbag.py:545} INFO - Filling up the DagBag from /home/abayturar/airflow-project/venv/lib/python3.12/site-packages/airflow/example_dags/example_external_task_marker_dag.py
[2026-03-28T19:43:00.299+0500] {processor.py:840} INFO - DAG(s) 'example_external_task_marker_parent', 'example_external_task_marker_child' retrieved from /home/abayturar/airflow-project/venv/lib/python3.12/site-packages/airflow/example_dags/example_external_task_marker_dag.py
[2026-03-28T19:43:00.316+0500] {logging_mixin.py:188} INFO - [2026-03-28T19:43:00.316+0500] {dag.py:3089} INFO - Sync 2 DAGs
[2026-03-28T19:43:00.325+0500] {logging_mixin.py:188} INFO - [2026-03-28T19:43:00.325+0500] {dag.py:3947} INFO - Setting next_dagrun for example_external_task_marker_child to None, run_after=None
[2026-03-28T19:43:00.327+0500] {logging_mixin.py:188} INFO - [2026-03-28T19:43:00.327+0500] {dag.py:3947} INFO - Setting next_dagrun for example_external_task_marker_parent to None, run_after=None
[2026-03-28T19:43:00.341+0500] {processor.py:183} INFO - Processing /home/abayturar/airflow-project/venv/lib/python3.12/site-packages/airflow/example_dags/example_external_task_marker_dag.py took 0.056 seconds
[2026-03-28T19:43:50.742+0500] {processor.py:161} INFO - Started process (PID=32005) to work on /home/abayturar/airflow-project/venv/lib/python3.12/site-packages/airflow/example_dags/example_external_task_marker_dag.py
[2026-03-28T19:43:50.743+0500] {processor.py:830} INFO - Processing file /home/abayturar/airflow-project/venv/lib/python3.12/site-packages/airflow/example_dags/example_external_task_marker_dag.py for tasks to queue
[2026-03-28T19:43:50.745+0500] {logging_mixin.py:188} INFO - [2026-03-28T19:43:50.745+0500] {dagbag.py:545} INFO - Filling up the DagBag from /home/abayturar/airflow-project/venv/lib/python3.12/site-packages/airflow/example_dags/example_external_task_marker_dag.py
[2026-03-28T19:43:50.753+0500] {processor.py:840} INFO - DAG(s) 'example_external_task_marker_child', 'example_external_task_marker_parent' retrieved from /home/abayturar/airflow-project/venv/lib/python3.12/site-packages/airflow/example_dags/example_external_task_marker_dag.py
[2026-03-28T19:43:50.770+0500] {logging_mixin.py:188} INFO - [2026-03-28T19:43:50.770+0500] {dag.py:3089} INFO - Sync 2 DAGs
[2026-03-28T19:43:50.779+0500] {logging_mixin.py:188} INFO - [2026-03-28T19:43:50.779+0500] {dag.py:3947} INFO - Setting next_dagrun for example_external_task_marker_child to None, run_after=None
[2026-03-28T19:43:50.782+0500] {logging_mixin.py:188} INFO - [2026-03-28T19:43:50.782+0500] {dag.py:3947} INFO - Setting next_dagrun for example_external_task_marker_parent to None, run_after=None
[2026-03-28T19:43:50.796+0500] {processor.py:183} INFO - Processing /home/abayturar/airflow-project/venv/lib/python3.12/site-packages/airflow/example_dags/example_external_task_marker_dag.py took 0.063 seconds
[2026-03-28T19:44:58.952+0500] {processor.py:161} INFO - Started process (PID=32194) to work on /home/abayturar/airflow-project/venv/lib/python3.12/site-packages/airflow/example_dags/example_external_task_marker_dag.py
[2026-03-28T19:44:58.953+0500] {processor.py:830} INFO - Processing file /home/abayturar/airflow-project/venv/lib/python3.12/site-packages/airflow/example_dags/example_external_task_marker_dag.py for tasks to queue
[2026-03-28T19:44:58.955+0500] {logging_mixin.py:188} INFO - [2026-03-28T19:44:58.954+0500] {dagbag.py:545} INFO - Filling up the DagBag from /home/abayturar/airflow-project/venv/lib/python3.12/site-packages/airflow/example_dags/example_external_task_marker_dag.py
[2026-03-28T19:44:58.961+0500] {processor.py:840} INFO - DAG(s) 'example_external_task_marker_parent', 'example_external_task_marker_child' retrieved from /home/abayturar/airflow-project/venv/lib/python3.12/site-packages/airflow/example_dags/example_external_task_marker_dag.py
[2026-03-28T19:44:58.981+0500] {logging_mixin.py:188} INFO - [2026-03-28T19:44:58.980+0500] {dag.py:3089} INFO - Sync 2 DAGs
[2026-03-28T19:44:58.990+0500] {logging_mixin.py:188} INFO - [2026-03-28T19:44:58.990+0500] {dag.py:3947} INFO - Setting next_dagrun for example_external_task_marker_child to None, run_after=None
[2026-03-28T19:44:58.993+0500] {logging_mixin.py:188} INFO - [2026-03-28T19:44:58.992+0500] {dag.py:3947} INFO - Setting next_dagrun for example_external_task_marker_parent to None, run_after=None
[2026-03-28T19:44:59.020+0500] {processor.py:183} INFO - Processing /home/abayturar/airflow-project/venv/lib/python3.12/site-packages/airflow/example_dags/example_external_task_marker_dag.py took 0.074 seconds
