[2026-03-28T15:21:29.371+0500] {processor.py:161} INFO - Started process (PID=11872) to work on /home/abayturar/airflow-project/venv/lib/python3.12/site-packages/airflow/example_dags/example_nested_branch_dag.py
[2026-03-28T15:21:29.372+0500] {processor.py:830} INFO - Processing file /home/abayturar/airflow-project/venv/lib/python3.12/site-packages/airflow/example_dags/example_nested_branch_dag.py for tasks to queue
[2026-03-28T15:21:29.373+0500] {logging_mixin.py:188} INFO - [2026-03-28T15:21:29.373+0500] {dagbag.py:545} INFO - Filling up the DagBag from /home/abayturar/airflow-project/venv/lib/python3.12/site-packages/airflow/example_dags/example_nested_branch_dag.py
[2026-03-28T15:21:29.394+0500] {processor.py:840} INFO - DAG(s) 'example_nested_branch_dag' retrieved from /home/abayturar/airflow-project/venv/lib/python3.12/site-packages/airflow/example_dags/example_nested_branch_dag.py
[2026-03-28T15:21:29.481+0500] {logging_mixin.py:188} INFO - [2026-03-28T15:21:29.481+0500] {override.py:1858} INFO - Created Permission View: can edit on DAG:example_nested_branch_dag
[2026-03-28T15:21:29.489+0500] {logging_mixin.py:188} INFO - [2026-03-28T15:21:29.489+0500] {override.py:1858} INFO - Created Permission View: can read on DAG:example_nested_branch_dag
[2026-03-28T15:21:29.496+0500] {logging_mixin.py:188} INFO - [2026-03-28T15:21:29.495+0500] {override.py:1858} INFO - Created Permission View: can delete on DAG:example_nested_branch_dag
[2026-03-28T15:21:29.496+0500] {logging_mixin.py:188} INFO - [2026-03-28T15:21:29.496+0500] {dag.py:3089} INFO - Sync 1 DAGs
[2026-03-28T15:21:29.504+0500] {logging_mixin.py:188} INFO - [2026-03-28T15:21:29.503+0500] {dag.py:3111} INFO - Creating ORM DAG for example_nested_branch_dag
[2026-03-28T15:21:29.509+0500] {logging_mixin.py:188} INFO - [2026-03-28T15:21:29.509+0500] {dag.py:3947} INFO - Setting next_dagrun for example_nested_branch_dag to 2026-03-27 00:00:00+00:00, run_after=2026-03-28 00:00:00+00:00
[2026-03-28T15:21:29.523+0500] {processor.py:183} INFO - Processing /home/abayturar/airflow-project/venv/lib/python3.12/site-packages/airflow/example_dags/example_nested_branch_dag.py took 0.157 seconds
[2026-03-28T15:22:23.876+0500] {processor.py:161} INFO - Started process (PID=12021) to work on /home/abayturar/airflow-project/venv/lib/python3.12/site-packages/airflow/example_dags/example_nested_branch_dag.py
[2026-03-28T15:22:23.878+0500] {processor.py:830} INFO - Processing file /home/abayturar/airflow-project/venv/lib/python3.12/site-packages/airflow/example_dags/example_nested_branch_dag.py for tasks to queue
[2026-03-28T15:22:23.879+0500] {logging_mixin.py:188} INFO - [2026-03-28T15:22:23.879+0500] {dagbag.py:545} INFO - Filling up the DagBag from /home/abayturar/airflow-project/venv/lib/python3.12/site-packages/airflow/example_dags/example_nested_branch_dag.py
[2026-03-28T15:22:23.891+0500] {processor.py:840} INFO - DAG(s) 'example_nested_branch_dag' retrieved from /home/abayturar/airflow-project/venv/lib/python3.12/site-packages/airflow/example_dags/example_nested_branch_dag.py
[2026-03-28T15:22:23.909+0500] {logging_mixin.py:188} INFO - [2026-03-28T15:22:23.908+0500] {dag.py:3089} INFO - Sync 1 DAGs
[2026-03-28T15:22:23.927+0500] {logging_mixin.py:188} INFO - [2026-03-28T15:22:23.927+0500] {dag.py:3947} INFO - Setting next_dagrun for example_nested_branch_dag to 2026-03-27 00:00:00+00:00, run_after=2026-03-28 00:00:00+00:00
[2026-03-28T15:22:23.956+0500] {processor.py:183} INFO - Processing /home/abayturar/airflow-project/venv/lib/python3.12/site-packages/airflow/example_dags/example_nested_branch_dag.py took 0.086 seconds
[2026-03-28T15:23:14.100+0500] {processor.py:161} INFO - Started process (PID=12174) to work on /home/abayturar/airflow-project/venv/lib/python3.12/site-packages/airflow/example_dags/example_nested_branch_dag.py
[2026-03-28T15:23:14.101+0500] {processor.py:830} INFO - Processing file /home/abayturar/airflow-project/venv/lib/python3.12/site-packages/airflow/example_dags/example_nested_branch_dag.py for tasks to queue
[2026-03-28T15:23:14.103+0500] {logging_mixin.py:188} INFO - [2026-03-28T15:23:14.103+0500] {dagbag.py:545} INFO - Filling up the DagBag from /home/abayturar/airflow-project/venv/lib/python3.12/site-packages/airflow/example_dags/example_nested_branch_dag.py
[2026-03-28T15:23:14.113+0500] {processor.py:840} INFO - DAG(s) 'example_nested_branch_dag' retrieved from /home/abayturar/airflow-project/venv/lib/python3.12/site-packages/airflow/example_dags/example_nested_branch_dag.py
[2026-03-28T15:23:14.132+0500] {logging_mixin.py:188} INFO - [2026-03-28T15:23:14.131+0500] {dag.py:3089} INFO - Sync 1 DAGs
[2026-03-28T15:23:14.148+0500] {logging_mixin.py:188} INFO - [2026-03-28T15:23:14.148+0500] {dag.py:3947} INFO - Setting next_dagrun for example_nested_branch_dag to 2026-03-27 00:00:00+00:00, run_after=2026-03-28 00:00:00+00:00
[2026-03-28T15:23:14.178+0500] {processor.py:183} INFO - Processing /home/abayturar/airflow-project/venv/lib/python3.12/site-packages/airflow/example_dags/example_nested_branch_dag.py took 0.085 seconds
[2026-03-28T15:24:04.442+0500] {processor.py:161} INFO - Started process (PID=12320) to work on /home/abayturar/airflow-project/venv/lib/python3.12/site-packages/airflow/example_dags/example_nested_branch_dag.py
[2026-03-28T15:24:04.443+0500] {processor.py:830} INFO - Processing file /home/abayturar/airflow-project/venv/lib/python3.12/site-packages/airflow/example_dags/example_nested_branch_dag.py for tasks to queue
[2026-03-28T15:24:04.446+0500] {logging_mixin.py:188} INFO - [2026-03-28T15:24:04.445+0500] {dagbag.py:545} INFO - Filling up the DagBag from /home/abayturar/airflow-project/venv/lib/python3.12/site-packages/airflow/example_dags/example_nested_branch_dag.py
[2026-03-28T15:24:04.459+0500] {processor.py:840} INFO - DAG(s) 'example_nested_branch_dag' retrieved from /home/abayturar/airflow-project/venv/lib/python3.12/site-packages/airflow/example_dags/example_nested_branch_dag.py
[2026-03-28T15:24:04.477+0500] {logging_mixin.py:188} INFO - [2026-03-28T15:24:04.476+0500] {dag.py:3089} INFO - Sync 1 DAGs
[2026-03-28T15:24:04.491+0500] {logging_mixin.py:188} INFO - [2026-03-28T15:24:04.490+0500] {dag.py:3947} INFO - Setting next_dagrun for example_nested_branch_dag to 2026-03-27 00:00:00+00:00, run_after=2026-03-28 00:00:00+00:00
[2026-03-28T15:24:04.506+0500] {processor.py:183} INFO - Processing /home/abayturar/airflow-project/venv/lib/python3.12/site-packages/airflow/example_dags/example_nested_branch_dag.py took 0.069 seconds
[2026-03-28T15:24:53.828+0500] {processor.py:161} INFO - Started process (PID=12463) to work on /home/abayturar/airflow-project/venv/lib/python3.12/site-packages/airflow/example_dags/example_nested_branch_dag.py
[2026-03-28T15:24:53.829+0500] {processor.py:830} INFO - Processing file /home/abayturar/airflow-project/venv/lib/python3.12/site-packages/airflow/example_dags/example_nested_branch_dag.py for tasks to queue
[2026-03-28T15:24:53.831+0500] {logging_mixin.py:188} INFO - [2026-03-28T15:24:53.831+0500] {dagbag.py:545} INFO - Filling up the DagBag from /home/abayturar/airflow-project/venv/lib/python3.12/site-packages/airflow/example_dags/example_nested_branch_dag.py
[2026-03-28T15:24:53.840+0500] {processor.py:840} INFO - DAG(s) 'example_nested_branch_dag' retrieved from /home/abayturar/airflow-project/venv/lib/python3.12/site-packages/airflow/example_dags/example_nested_branch_dag.py
[2026-03-28T15:24:53.855+0500] {logging_mixin.py:188} INFO - [2026-03-28T15:24:53.855+0500] {dag.py:3089} INFO - Sync 1 DAGs
[2026-03-28T15:24:53.869+0500] {logging_mixin.py:188} INFO - [2026-03-28T15:24:53.869+0500] {dag.py:3947} INFO - Setting next_dagrun for example_nested_branch_dag to 2026-03-27 00:00:00+00:00, run_after=2026-03-28 00:00:00+00:00
[2026-03-28T15:24:53.884+0500] {processor.py:183} INFO - Processing /home/abayturar/airflow-project/venv/lib/python3.12/site-packages/airflow/example_dags/example_nested_branch_dag.py took 0.062 seconds
[2026-03-28T15:26:08.670+0500] {processor.py:161} INFO - Started process (PID=12648) to work on /home/abayturar/airflow-project/venv/lib/python3.12/site-packages/airflow/example_dags/example_nested_branch_dag.py
[2026-03-28T15:26:08.671+0500] {processor.py:830} INFO - Processing file /home/abayturar/airflow-project/venv/lib/python3.12/site-packages/airflow/example_dags/example_nested_branch_dag.py for tasks to queue
[2026-03-28T15:26:08.673+0500] {logging_mixin.py:188} INFO - [2026-03-28T15:26:08.673+0500] {dagbag.py:545} INFO - Filling up the DagBag from /home/abayturar/airflow-project/venv/lib/python3.12/site-packages/airflow/example_dags/example_nested_branch_dag.py
[2026-03-28T15:26:08.691+0500] {processor.py:840} INFO - DAG(s) 'example_nested_branch_dag' retrieved from /home/abayturar/airflow-project/venv/lib/python3.12/site-packages/airflow/example_dags/example_nested_branch_dag.py
[2026-03-28T15:26:08.721+0500] {logging_mixin.py:188} INFO - [2026-03-28T15:26:08.720+0500] {dag.py:3089} INFO - Sync 1 DAGs
[2026-03-28T15:26:08.749+0500] {logging_mixin.py:188} INFO - [2026-03-28T15:26:08.749+0500] {dag.py:3947} INFO - Setting next_dagrun for example_nested_branch_dag to 2026-03-27 00:00:00+00:00, run_after=2026-03-28 00:00:00+00:00
[2026-03-28T15:26:08.798+0500] {processor.py:183} INFO - Processing /home/abayturar/airflow-project/venv/lib/python3.12/site-packages/airflow/example_dags/example_nested_branch_dag.py took 0.136 seconds
[2026-03-28T15:27:14.953+0500] {processor.py:161} INFO - Started process (PID=12820) to work on /home/abayturar/airflow-project/venv/lib/python3.12/site-packages/airflow/example_dags/example_nested_branch_dag.py
[2026-03-28T15:27:14.954+0500] {processor.py:830} INFO - Processing file /home/abayturar/airflow-project/venv/lib/python3.12/site-packages/airflow/example_dags/example_nested_branch_dag.py for tasks to queue
[2026-03-28T15:27:14.955+0500] {logging_mixin.py:188} INFO - [2026-03-28T15:27:14.955+0500] {dagbag.py:545} INFO - Filling up the DagBag from /home/abayturar/airflow-project/venv/lib/python3.12/site-packages/airflow/example_dags/example_nested_branch_dag.py
[2026-03-28T15:27:14.964+0500] {processor.py:840} INFO - DAG(s) 'example_nested_branch_dag' retrieved from /home/abayturar/airflow-project/venv/lib/python3.12/site-packages/airflow/example_dags/example_nested_branch_dag.py
[2026-03-28T15:27:15.049+0500] {logging_mixin.py:188} INFO - [2026-03-28T15:27:15.049+0500] {dag.py:3089} INFO - Sync 1 DAGs
[2026-03-28T15:27:15.061+0500] {logging_mixin.py:188} INFO - [2026-03-28T15:27:15.061+0500] {dag.py:3947} INFO - Setting next_dagrun for example_nested_branch_dag to 2026-03-27 00:00:00+00:00, run_after=2026-03-28 00:00:00+00:00
[2026-03-28T15:27:15.086+0500] {processor.py:183} INFO - Processing /home/abayturar/airflow-project/venv/lib/python3.12/site-packages/airflow/example_dags/example_nested_branch_dag.py took 0.140 seconds
[2026-03-28T18:17:50.428+0500] {processor.py:161} INFO - Started process (PID=17946) to work on /home/abayturar/airflow-project/venv/lib/python3.12/site-packages/airflow/example_dags/example_nested_branch_dag.py
[2026-03-28T18:17:50.428+0500] {processor.py:830} INFO - Processing file /home/abayturar/airflow-project/venv/lib/python3.12/site-packages/airflow/example_dags/example_nested_branch_dag.py for tasks to queue
[2026-03-28T18:17:50.430+0500] {logging_mixin.py:188} INFO - [2026-03-28T18:17:50.430+0500] {dagbag.py:545} INFO - Filling up the DagBag from /home/abayturar/airflow-project/venv/lib/python3.12/site-packages/airflow/example_dags/example_nested_branch_dag.py
[2026-03-28T18:17:50.440+0500] {processor.py:840} INFO - DAG(s) 'example_nested_branch_dag' retrieved from /home/abayturar/airflow-project/venv/lib/python3.12/site-packages/airflow/example_dags/example_nested_branch_dag.py
[2026-03-28T18:17:50.552+0500] {logging_mixin.py:188} INFO - [2026-03-28T18:17:50.551+0500] {override.py:1858} INFO - Created Permission View: can edit on DAG:example_nested_branch_dag
[2026-03-28T18:17:50.560+0500] {logging_mixin.py:188} INFO - [2026-03-28T18:17:50.560+0500] {override.py:1858} INFO - Created Permission View: can delete on DAG:example_nested_branch_dag
[2026-03-28T18:17:50.566+0500] {logging_mixin.py:188} INFO - [2026-03-28T18:17:50.566+0500] {override.py:1858} INFO - Created Permission View: can read on DAG:example_nested_branch_dag
[2026-03-28T18:17:50.567+0500] {logging_mixin.py:188} INFO - [2026-03-28T18:17:50.567+0500] {dag.py:3089} INFO - Sync 1 DAGs
[2026-03-28T18:17:50.575+0500] {logging_mixin.py:188} INFO - [2026-03-28T18:17:50.575+0500] {dag.py:3111} INFO - Creating ORM DAG for example_nested_branch_dag
[2026-03-28T18:17:50.581+0500] {logging_mixin.py:188} INFO - [2026-03-28T18:17:50.581+0500] {dag.py:3947} INFO - Setting next_dagrun for example_nested_branch_dag to 2026-03-27 00:00:00+00:00, run_after=2026-03-28 00:00:00+00:00
[2026-03-28T18:17:50.596+0500] {processor.py:183} INFO - Processing /home/abayturar/airflow-project/venv/lib/python3.12/site-packages/airflow/example_dags/example_nested_branch_dag.py took 0.174 seconds
[2026-03-28T18:18:47.514+0500] {processor.py:161} INFO - Started process (PID=18103) to work on /home/abayturar/airflow-project/venv/lib/python3.12/site-packages/airflow/example_dags/example_nested_branch_dag.py
[2026-03-28T18:18:47.515+0500] {processor.py:830} INFO - Processing file /home/abayturar/airflow-project/venv/lib/python3.12/site-packages/airflow/example_dags/example_nested_branch_dag.py for tasks to queue
[2026-03-28T18:18:47.517+0500] {logging_mixin.py:188} INFO - [2026-03-28T18:18:47.517+0500] {dagbag.py:545} INFO - Filling up the DagBag from /home/abayturar/airflow-project/venv/lib/python3.12/site-packages/airflow/example_dags/example_nested_branch_dag.py
[2026-03-28T18:18:47.528+0500] {processor.py:840} INFO - DAG(s) 'example_nested_branch_dag' retrieved from /home/abayturar/airflow-project/venv/lib/python3.12/site-packages/airflow/example_dags/example_nested_branch_dag.py
[2026-03-28T18:18:47.544+0500] {logging_mixin.py:188} INFO - [2026-03-28T18:18:47.544+0500] {dag.py:3089} INFO - Sync 1 DAGs
[2026-03-28T18:18:47.559+0500] {logging_mixin.py:188} INFO - [2026-03-28T18:18:47.559+0500] {dag.py:3947} INFO - Setting next_dagrun for example_nested_branch_dag to 2026-03-27 00:00:00+00:00, run_after=2026-03-28 00:00:00+00:00
[2026-03-28T18:18:47.575+0500] {processor.py:183} INFO - Processing /home/abayturar/airflow-project/venv/lib/python3.12/site-packages/airflow/example_dags/example_nested_branch_dag.py took 0.066 seconds
[2026-03-28T18:22:37.232+0500] {processor.py:161} INFO - Started process (PID=18636) to work on /home/abayturar/airflow-project/venv/lib/python3.12/site-packages/airflow/example_dags/example_nested_branch_dag.py
[2026-03-28T18:22:37.234+0500] {processor.py:830} INFO - Processing file /home/abayturar/airflow-project/venv/lib/python3.12/site-packages/airflow/example_dags/example_nested_branch_dag.py for tasks to queue
[2026-03-28T18:22:37.236+0500] {logging_mixin.py:188} INFO - [2026-03-28T18:22:37.236+0500] {dagbag.py:545} INFO - Filling up the DagBag from /home/abayturar/airflow-project/venv/lib/python3.12/site-packages/airflow/example_dags/example_nested_branch_dag.py
[2026-03-28T18:22:37.247+0500] {processor.py:840} INFO - DAG(s) 'example_nested_branch_dag' retrieved from /home/abayturar/airflow-project/venv/lib/python3.12/site-packages/airflow/example_dags/example_nested_branch_dag.py
[2026-03-28T18:22:37.269+0500] {logging_mixin.py:188} INFO - [2026-03-28T18:22:37.269+0500] {dag.py:3089} INFO - Sync 1 DAGs
[2026-03-28T18:22:37.287+0500] {logging_mixin.py:188} INFO - [2026-03-28T18:22:37.287+0500] {dag.py:3947} INFO - Setting next_dagrun for example_nested_branch_dag to 2026-03-27 00:00:00+00:00, run_after=2026-03-28 00:00:00+00:00
[2026-03-28T18:22:37.306+0500] {processor.py:183} INFO - Processing /home/abayturar/airflow-project/venv/lib/python3.12/site-packages/airflow/example_dags/example_nested_branch_dag.py took 0.080 seconds
[2026-03-28T18:23:28.834+0500] {processor.py:161} INFO - Started process (PID=18774) to work on /home/abayturar/airflow-project/venv/lib/python3.12/site-packages/airflow/example_dags/example_nested_branch_dag.py
[2026-03-28T18:23:28.835+0500] {processor.py:830} INFO - Processing file /home/abayturar/airflow-project/venv/lib/python3.12/site-packages/airflow/example_dags/example_nested_branch_dag.py for tasks to queue
[2026-03-28T18:23:28.836+0500] {logging_mixin.py:188} INFO - [2026-03-28T18:23:28.836+0500] {dagbag.py:545} INFO - Filling up the DagBag from /home/abayturar/airflow-project/venv/lib/python3.12/site-packages/airflow/example_dags/example_nested_branch_dag.py
[2026-03-28T18:23:28.847+0500] {processor.py:840} INFO - DAG(s) 'example_nested_branch_dag' retrieved from /home/abayturar/airflow-project/venv/lib/python3.12/site-packages/airflow/example_dags/example_nested_branch_dag.py
[2026-03-28T18:23:28.864+0500] {logging_mixin.py:188} INFO - [2026-03-28T18:23:28.863+0500] {dag.py:3089} INFO - Sync 1 DAGs
[2026-03-28T18:23:28.879+0500] {logging_mixin.py:188} INFO - [2026-03-28T18:23:28.879+0500] {dag.py:3947} INFO - Setting next_dagrun for example_nested_branch_dag to 2026-03-27 00:00:00+00:00, run_after=2026-03-28 00:00:00+00:00
[2026-03-28T18:23:28.906+0500] {processor.py:183} INFO - Processing /home/abayturar/airflow-project/venv/lib/python3.12/site-packages/airflow/example_dags/example_nested_branch_dag.py took 0.079 seconds
[2026-03-28T18:24:21.934+0500] {processor.py:161} INFO - Started process (PID=18916) to work on /home/abayturar/airflow-project/venv/lib/python3.12/site-packages/airflow/example_dags/example_nested_branch_dag.py
[2026-03-28T18:24:21.935+0500] {processor.py:830} INFO - Processing file /home/abayturar/airflow-project/venv/lib/python3.12/site-packages/airflow/example_dags/example_nested_branch_dag.py for tasks to queue
[2026-03-28T18:24:21.936+0500] {logging_mixin.py:188} INFO - [2026-03-28T18:24:21.936+0500] {dagbag.py:545} INFO - Filling up the DagBag from /home/abayturar/airflow-project/venv/lib/python3.12/site-packages/airflow/example_dags/example_nested_branch_dag.py
[2026-03-28T18:24:21.946+0500] {processor.py:840} INFO - DAG(s) 'example_nested_branch_dag' retrieved from /home/abayturar/airflow-project/venv/lib/python3.12/site-packages/airflow/example_dags/example_nested_branch_dag.py
[2026-03-28T18:24:21.963+0500] {logging_mixin.py:188} INFO - [2026-03-28T18:24:21.962+0500] {dag.py:3089} INFO - Sync 1 DAGs
[2026-03-28T18:24:21.977+0500] {logging_mixin.py:188} INFO - [2026-03-28T18:24:21.977+0500] {dag.py:3947} INFO - Setting next_dagrun for example_nested_branch_dag to 2026-03-27 00:00:00+00:00, run_after=2026-03-28 00:00:00+00:00
[2026-03-28T18:24:22.004+0500] {processor.py:183} INFO - Processing /home/abayturar/airflow-project/venv/lib/python3.12/site-packages/airflow/example_dags/example_nested_branch_dag.py took 0.076 seconds
[2026-03-28T18:25:08.567+0500] {processor.py:161} INFO - Started process (PID=19042) to work on /home/abayturar/airflow-project/venv/lib/python3.12/site-packages/airflow/example_dags/example_nested_branch_dag.py
[2026-03-28T18:25:08.568+0500] {processor.py:830} INFO - Processing file /home/abayturar/airflow-project/venv/lib/python3.12/site-packages/airflow/example_dags/example_nested_branch_dag.py for tasks to queue
[2026-03-28T18:25:08.570+0500] {logging_mixin.py:188} INFO - [2026-03-28T18:25:08.569+0500] {dagbag.py:545} INFO - Filling up the DagBag from /home/abayturar/airflow-project/venv/lib/python3.12/site-packages/airflow/example_dags/example_nested_branch_dag.py
[2026-03-28T18:25:08.579+0500] {processor.py:840} INFO - DAG(s) 'example_nested_branch_dag' retrieved from /home/abayturar/airflow-project/venv/lib/python3.12/site-packages/airflow/example_dags/example_nested_branch_dag.py
[2026-03-28T18:25:08.594+0500] {logging_mixin.py:188} INFO - [2026-03-28T18:25:08.594+0500] {dag.py:3089} INFO - Sync 1 DAGs
[2026-03-28T18:25:08.608+0500] {logging_mixin.py:188} INFO - [2026-03-28T18:25:08.608+0500] {dag.py:3947} INFO - Setting next_dagrun for example_nested_branch_dag to 2026-03-27 00:00:00+00:00, run_after=2026-03-28 00:00:00+00:00
[2026-03-28T18:25:08.635+0500] {processor.py:183} INFO - Processing /home/abayturar/airflow-project/venv/lib/python3.12/site-packages/airflow/example_dags/example_nested_branch_dag.py took 0.074 seconds
[2026-03-28T18:25:55.968+0500] {processor.py:161} INFO - Started process (PID=19168) to work on /home/abayturar/airflow-project/venv/lib/python3.12/site-packages/airflow/example_dags/example_nested_branch_dag.py
[2026-03-28T18:25:55.969+0500] {processor.py:830} INFO - Processing file /home/abayturar/airflow-project/venv/lib/python3.12/site-packages/airflow/example_dags/example_nested_branch_dag.py for tasks to queue
[2026-03-28T18:25:55.970+0500] {logging_mixin.py:188} INFO - [2026-03-28T18:25:55.970+0500] {dagbag.py:545} INFO - Filling up the DagBag from /home/abayturar/airflow-project/venv/lib/python3.12/site-packages/airflow/example_dags/example_nested_branch_dag.py
[2026-03-28T18:25:55.981+0500] {processor.py:840} INFO - DAG(s) 'example_nested_branch_dag' retrieved from /home/abayturar/airflow-project/venv/lib/python3.12/site-packages/airflow/example_dags/example_nested_branch_dag.py
[2026-03-28T18:25:55.998+0500] {logging_mixin.py:188} INFO - [2026-03-28T18:25:55.998+0500] {dag.py:3089} INFO - Sync 1 DAGs
[2026-03-28T18:25:56.016+0500] {logging_mixin.py:188} INFO - [2026-03-28T18:25:56.015+0500] {dag.py:3947} INFO - Setting next_dagrun for example_nested_branch_dag to 2026-03-27 00:00:00+00:00, run_after=2026-03-28 00:00:00+00:00
[2026-03-28T18:25:56.044+0500] {processor.py:183} INFO - Processing /home/abayturar/airflow-project/venv/lib/python3.12/site-packages/airflow/example_dags/example_nested_branch_dag.py took 0.083 seconds
[2026-03-28T18:26:43.651+0500] {processor.py:161} INFO - Started process (PID=19296) to work on /home/abayturar/airflow-project/venv/lib/python3.12/site-packages/airflow/example_dags/example_nested_branch_dag.py
[2026-03-28T18:26:43.652+0500] {processor.py:830} INFO - Processing file /home/abayturar/airflow-project/venv/lib/python3.12/site-packages/airflow/example_dags/example_nested_branch_dag.py for tasks to queue
[2026-03-28T18:26:43.654+0500] {logging_mixin.py:188} INFO - [2026-03-28T18:26:43.654+0500] {dagbag.py:545} INFO - Filling up the DagBag from /home/abayturar/airflow-project/venv/lib/python3.12/site-packages/airflow/example_dags/example_nested_branch_dag.py
[2026-03-28T18:26:43.667+0500] {processor.py:840} INFO - DAG(s) 'example_nested_branch_dag' retrieved from /home/abayturar/airflow-project/venv/lib/python3.12/site-packages/airflow/example_dags/example_nested_branch_dag.py
[2026-03-28T18:26:43.685+0500] {logging_mixin.py:188} INFO - [2026-03-28T18:26:43.685+0500] {dag.py:3089} INFO - Sync 1 DAGs
[2026-03-28T18:26:43.701+0500] {logging_mixin.py:188} INFO - [2026-03-28T18:26:43.701+0500] {dag.py:3947} INFO - Setting next_dagrun for example_nested_branch_dag to 2026-03-27 00:00:00+00:00, run_after=2026-03-28 00:00:00+00:00
[2026-03-28T18:26:43.730+0500] {processor.py:183} INFO - Processing /home/abayturar/airflow-project/venv/lib/python3.12/site-packages/airflow/example_dags/example_nested_branch_dag.py took 0.085 seconds
[2026-03-28T18:27:33.533+0500] {processor.py:161} INFO - Started process (PID=19426) to work on /home/abayturar/airflow-project/venv/lib/python3.12/site-packages/airflow/example_dags/example_nested_branch_dag.py
[2026-03-28T18:27:33.534+0500] {processor.py:830} INFO - Processing file /home/abayturar/airflow-project/venv/lib/python3.12/site-packages/airflow/example_dags/example_nested_branch_dag.py for tasks to queue
[2026-03-28T18:27:33.536+0500] {logging_mixin.py:188} INFO - [2026-03-28T18:27:33.536+0500] {dagbag.py:545} INFO - Filling up the DagBag from /home/abayturar/airflow-project/venv/lib/python3.12/site-packages/airflow/example_dags/example_nested_branch_dag.py
[2026-03-28T18:27:33.546+0500] {processor.py:840} INFO - DAG(s) 'example_nested_branch_dag' retrieved from /home/abayturar/airflow-project/venv/lib/python3.12/site-packages/airflow/example_dags/example_nested_branch_dag.py
[2026-03-28T18:27:33.561+0500] {logging_mixin.py:188} INFO - [2026-03-28T18:27:33.560+0500] {dag.py:3089} INFO - Sync 1 DAGs
[2026-03-28T18:27:33.574+0500] {logging_mixin.py:188} INFO - [2026-03-28T18:27:33.574+0500] {dag.py:3947} INFO - Setting next_dagrun for example_nested_branch_dag to 2026-03-27 00:00:00+00:00, run_after=2026-03-28 00:00:00+00:00
[2026-03-28T18:27:33.589+0500] {processor.py:183} INFO - Processing /home/abayturar/airflow-project/venv/lib/python3.12/site-packages/airflow/example_dags/example_nested_branch_dag.py took 0.063 seconds
[2026-03-28T18:28:28.105+0500] {processor.py:161} INFO - Started process (PID=19586) to work on /home/abayturar/airflow-project/venv/lib/python3.12/site-packages/airflow/example_dags/example_nested_branch_dag.py
[2026-03-28T18:28:28.106+0500] {processor.py:830} INFO - Processing file /home/abayturar/airflow-project/venv/lib/python3.12/site-packages/airflow/example_dags/example_nested_branch_dag.py for tasks to queue
[2026-03-28T18:28:28.108+0500] {logging_mixin.py:188} INFO - [2026-03-28T18:28:28.107+0500] {dagbag.py:545} INFO - Filling up the DagBag from /home/abayturar/airflow-project/venv/lib/python3.12/site-packages/airflow/example_dags/example_nested_branch_dag.py
[2026-03-28T18:28:28.121+0500] {processor.py:840} INFO - DAG(s) 'example_nested_branch_dag' retrieved from /home/abayturar/airflow-project/venv/lib/python3.12/site-packages/airflow/example_dags/example_nested_branch_dag.py
[2026-03-28T18:28:28.141+0500] {logging_mixin.py:188} INFO - [2026-03-28T18:28:28.141+0500] {dag.py:3089} INFO - Sync 1 DAGs
[2026-03-28T18:28:28.157+0500] {logging_mixin.py:188} INFO - [2026-03-28T18:28:28.157+0500] {dag.py:3947} INFO - Setting next_dagrun for example_nested_branch_dag to 2026-03-27 00:00:00+00:00, run_after=2026-03-28 00:00:00+00:00
[2026-03-28T18:28:28.175+0500] {processor.py:183} INFO - Processing /home/abayturar/airflow-project/venv/lib/python3.12/site-packages/airflow/example_dags/example_nested_branch_dag.py took 0.077 seconds
[2026-03-28T18:29:20.795+0500] {processor.py:161} INFO - Started process (PID=19721) to work on /home/abayturar/airflow-project/venv/lib/python3.12/site-packages/airflow/example_dags/example_nested_branch_dag.py
[2026-03-28T18:29:20.796+0500] {processor.py:830} INFO - Processing file /home/abayturar/airflow-project/venv/lib/python3.12/site-packages/airflow/example_dags/example_nested_branch_dag.py for tasks to queue
[2026-03-28T18:29:20.798+0500] {logging_mixin.py:188} INFO - [2026-03-28T18:29:20.797+0500] {dagbag.py:545} INFO - Filling up the DagBag from /home/abayturar/airflow-project/venv/lib/python3.12/site-packages/airflow/example_dags/example_nested_branch_dag.py
[2026-03-28T18:29:20.807+0500] {processor.py:840} INFO - DAG(s) 'example_nested_branch_dag' retrieved from /home/abayturar/airflow-project/venv/lib/python3.12/site-packages/airflow/example_dags/example_nested_branch_dag.py
[2026-03-28T18:29:20.823+0500] {logging_mixin.py:188} INFO - [2026-03-28T18:29:20.823+0500] {dag.py:3089} INFO - Sync 1 DAGs
[2026-03-28T18:29:20.836+0500] {logging_mixin.py:188} INFO - [2026-03-28T18:29:20.836+0500] {dag.py:3947} INFO - Setting next_dagrun for example_nested_branch_dag to 2026-03-27 00:00:00+00:00, run_after=2026-03-28 00:00:00+00:00
[2026-03-28T18:29:20.852+0500] {processor.py:183} INFO - Processing /home/abayturar/airflow-project/venv/lib/python3.12/site-packages/airflow/example_dags/example_nested_branch_dag.py took 0.063 seconds
[2026-03-28T18:30:10.174+0500] {processor.py:161} INFO - Started process (PID=19853) to work on /home/abayturar/airflow-project/venv/lib/python3.12/site-packages/airflow/example_dags/example_nested_branch_dag.py
[2026-03-28T18:30:10.175+0500] {processor.py:830} INFO - Processing file /home/abayturar/airflow-project/venv/lib/python3.12/site-packages/airflow/example_dags/example_nested_branch_dag.py for tasks to queue
[2026-03-28T18:30:10.177+0500] {logging_mixin.py:188} INFO - [2026-03-28T18:30:10.177+0500] {dagbag.py:545} INFO - Filling up the DagBag from /home/abayturar/airflow-project/venv/lib/python3.12/site-packages/airflow/example_dags/example_nested_branch_dag.py
[2026-03-28T18:30:10.187+0500] {processor.py:840} INFO - DAG(s) 'example_nested_branch_dag' retrieved from /home/abayturar/airflow-project/venv/lib/python3.12/site-packages/airflow/example_dags/example_nested_branch_dag.py
[2026-03-28T18:30:10.203+0500] {logging_mixin.py:188} INFO - [2026-03-28T18:30:10.203+0500] {dag.py:3089} INFO - Sync 1 DAGs
[2026-03-28T18:30:10.217+0500] {logging_mixin.py:188} INFO - [2026-03-28T18:30:10.217+0500] {dag.py:3947} INFO - Setting next_dagrun for example_nested_branch_dag to 2026-03-27 00:00:00+00:00, run_after=2026-03-28 00:00:00+00:00
[2026-03-28T18:30:10.232+0500] {processor.py:183} INFO - Processing /home/abayturar/airflow-project/venv/lib/python3.12/site-packages/airflow/example_dags/example_nested_branch_dag.py took 0.067 seconds
[2026-03-28T18:31:18.042+0500] {processor.py:161} INFO - Started process (PID=20048) to work on /home/abayturar/airflow-project/venv/lib/python3.12/site-packages/airflow/example_dags/example_nested_branch_dag.py
[2026-03-28T18:31:18.043+0500] {processor.py:830} INFO - Processing file /home/abayturar/airflow-project/venv/lib/python3.12/site-packages/airflow/example_dags/example_nested_branch_dag.py for tasks to queue
[2026-03-28T18:31:18.045+0500] {logging_mixin.py:188} INFO - [2026-03-28T18:31:18.045+0500] {dagbag.py:545} INFO - Filling up the DagBag from /home/abayturar/airflow-project/venv/lib/python3.12/site-packages/airflow/example_dags/example_nested_branch_dag.py
[2026-03-28T18:31:18.057+0500] {processor.py:840} INFO - DAG(s) 'example_nested_branch_dag' retrieved from /home/abayturar/airflow-project/venv/lib/python3.12/site-packages/airflow/example_dags/example_nested_branch_dag.py
[2026-03-28T18:31:18.076+0500] {logging_mixin.py:188} INFO - [2026-03-28T18:31:18.076+0500] {dag.py:3089} INFO - Sync 1 DAGs
[2026-03-28T18:31:18.094+0500] {logging_mixin.py:188} INFO - [2026-03-28T18:31:18.094+0500] {dag.py:3947} INFO - Setting next_dagrun for example_nested_branch_dag to 2026-03-27 00:00:00+00:00, run_after=2026-03-28 00:00:00+00:00
[2026-03-28T18:31:18.126+0500] {processor.py:183} INFO - Processing /home/abayturar/airflow-project/venv/lib/python3.12/site-packages/airflow/example_dags/example_nested_branch_dag.py took 0.090 seconds
[2026-03-28T18:32:23.807+0500] {processor.py:161} INFO - Started process (PID=20223) to work on /home/abayturar/airflow-project/venv/lib/python3.12/site-packages/airflow/example_dags/example_nested_branch_dag.py
[2026-03-28T18:32:23.808+0500] {processor.py:830} INFO - Processing file /home/abayturar/airflow-project/venv/lib/python3.12/site-packages/airflow/example_dags/example_nested_branch_dag.py for tasks to queue
[2026-03-28T18:32:23.810+0500] {logging_mixin.py:188} INFO - [2026-03-28T18:32:23.809+0500] {dagbag.py:545} INFO - Filling up the DagBag from /home/abayturar/airflow-project/venv/lib/python3.12/site-packages/airflow/example_dags/example_nested_branch_dag.py
[2026-03-28T18:32:23.819+0500] {processor.py:840} INFO - DAG(s) 'example_nested_branch_dag' retrieved from /home/abayturar/airflow-project/venv/lib/python3.12/site-packages/airflow/example_dags/example_nested_branch_dag.py
[2026-03-28T18:32:23.835+0500] {logging_mixin.py:188} INFO - [2026-03-28T18:32:23.835+0500] {dag.py:3089} INFO - Sync 1 DAGs
[2026-03-28T18:32:23.849+0500] {logging_mixin.py:188} INFO - [2026-03-28T18:32:23.849+0500] {dag.py:3947} INFO - Setting next_dagrun for example_nested_branch_dag to 2026-03-27 00:00:00+00:00, run_after=2026-03-28 00:00:00+00:00
[2026-03-28T18:32:23.864+0500] {processor.py:183} INFO - Processing /home/abayturar/airflow-project/venv/lib/python3.12/site-packages/airflow/example_dags/example_nested_branch_dag.py took 0.062 seconds
[2026-03-28T18:33:12.933+0500] {processor.py:161} INFO - Started process (PID=20351) to work on /home/abayturar/airflow-project/venv/lib/python3.12/site-packages/airflow/example_dags/example_nested_branch_dag.py
[2026-03-28T18:33:12.934+0500] {processor.py:830} INFO - Processing file /home/abayturar/airflow-project/venv/lib/python3.12/site-packages/airflow/example_dags/example_nested_branch_dag.py for tasks to queue
[2026-03-28T18:33:12.936+0500] {logging_mixin.py:188} INFO - [2026-03-28T18:33:12.936+0500] {dagbag.py:545} INFO - Filling up the DagBag from /home/abayturar/airflow-project/venv/lib/python3.12/site-packages/airflow/example_dags/example_nested_branch_dag.py
[2026-03-28T18:33:12.946+0500] {processor.py:840} INFO - DAG(s) 'example_nested_branch_dag' retrieved from /home/abayturar/airflow-project/venv/lib/python3.12/site-packages/airflow/example_dags/example_nested_branch_dag.py
[2026-03-28T18:33:12.964+0500] {logging_mixin.py:188} INFO - [2026-03-28T18:33:12.964+0500] {dag.py:3089} INFO - Sync 1 DAGs
[2026-03-28T18:33:12.980+0500] {logging_mixin.py:188} INFO - [2026-03-28T18:33:12.980+0500] {dag.py:3947} INFO - Setting next_dagrun for example_nested_branch_dag to 2026-03-27 00:00:00+00:00, run_after=2026-03-28 00:00:00+00:00
[2026-03-28T18:33:12.996+0500] {processor.py:183} INFO - Processing /home/abayturar/airflow-project/venv/lib/python3.12/site-packages/airflow/example_dags/example_nested_branch_dag.py took 0.068 seconds
[2026-03-28T18:34:05.554+0500] {processor.py:161} INFO - Started process (PID=20491) to work on /home/abayturar/airflow-project/venv/lib/python3.12/site-packages/airflow/example_dags/example_nested_branch_dag.py
[2026-03-28T18:34:05.555+0500] {processor.py:830} INFO - Processing file /home/abayturar/airflow-project/venv/lib/python3.12/site-packages/airflow/example_dags/example_nested_branch_dag.py for tasks to queue
[2026-03-28T18:34:05.557+0500] {logging_mixin.py:188} INFO - [2026-03-28T18:34:05.557+0500] {dagbag.py:545} INFO - Filling up the DagBag from /home/abayturar/airflow-project/venv/lib/python3.12/site-packages/airflow/example_dags/example_nested_branch_dag.py
[2026-03-28T18:34:05.571+0500] {processor.py:840} INFO - DAG(s) 'example_nested_branch_dag' retrieved from /home/abayturar/airflow-project/venv/lib/python3.12/site-packages/airflow/example_dags/example_nested_branch_dag.py
[2026-03-28T18:34:05.590+0500] {logging_mixin.py:188} INFO - [2026-03-28T18:34:05.590+0500] {dag.py:3089} INFO - Sync 1 DAGs
[2026-03-28T18:34:05.612+0500] {logging_mixin.py:188} INFO - [2026-03-28T18:34:05.612+0500] {dag.py:3947} INFO - Setting next_dagrun for example_nested_branch_dag to 2026-03-27 00:00:00+00:00, run_after=2026-03-28 00:00:00+00:00
[2026-03-28T18:34:05.631+0500] {processor.py:183} INFO - Processing /home/abayturar/airflow-project/venv/lib/python3.12/site-packages/airflow/example_dags/example_nested_branch_dag.py took 0.086 seconds
[2026-03-28T18:34:57.651+0500] {processor.py:161} INFO - Started process (PID=20645) to work on /home/abayturar/airflow-project/venv/lib/python3.12/site-packages/airflow/example_dags/example_nested_branch_dag.py
[2026-03-28T18:34:57.652+0500] {processor.py:830} INFO - Processing file /home/abayturar/airflow-project/venv/lib/python3.12/site-packages/airflow/example_dags/example_nested_branch_dag.py for tasks to queue
[2026-03-28T18:34:57.653+0500] {logging_mixin.py:188} INFO - [2026-03-28T18:34:57.653+0500] {dagbag.py:545} INFO - Filling up the DagBag from /home/abayturar/airflow-project/venv/lib/python3.12/site-packages/airflow/example_dags/example_nested_branch_dag.py
[2026-03-28T18:34:57.664+0500] {processor.py:840} INFO - DAG(s) 'example_nested_branch_dag' retrieved from /home/abayturar/airflow-project/venv/lib/python3.12/site-packages/airflow/example_dags/example_nested_branch_dag.py
[2026-03-28T18:34:57.679+0500] {logging_mixin.py:188} INFO - [2026-03-28T18:34:57.679+0500] {dag.py:3089} INFO - Sync 1 DAGs
[2026-03-28T18:34:57.693+0500] {logging_mixin.py:188} INFO - [2026-03-28T18:34:57.693+0500] {dag.py:3947} INFO - Setting next_dagrun for example_nested_branch_dag to 2026-03-27 00:00:00+00:00, run_after=2026-03-28 00:00:00+00:00
[2026-03-28T18:34:57.721+0500] {processor.py:183} INFO - Processing /home/abayturar/airflow-project/venv/lib/python3.12/site-packages/airflow/example_dags/example_nested_branch_dag.py took 0.076 seconds
[2026-03-28T18:35:47.229+0500] {processor.py:161} INFO - Started process (PID=20780) to work on /home/abayturar/airflow-project/venv/lib/python3.12/site-packages/airflow/example_dags/example_nested_branch_dag.py
[2026-03-28T18:35:47.230+0500] {processor.py:830} INFO - Processing file /home/abayturar/airflow-project/venv/lib/python3.12/site-packages/airflow/example_dags/example_nested_branch_dag.py for tasks to queue
[2026-03-28T18:35:47.233+0500] {logging_mixin.py:188} INFO - [2026-03-28T18:35:47.233+0500] {dagbag.py:545} INFO - Filling up the DagBag from /home/abayturar/airflow-project/venv/lib/python3.12/site-packages/airflow/example_dags/example_nested_branch_dag.py
[2026-03-28T18:35:47.248+0500] {processor.py:840} INFO - DAG(s) 'example_nested_branch_dag' retrieved from /home/abayturar/airflow-project/venv/lib/python3.12/site-packages/airflow/example_dags/example_nested_branch_dag.py
[2026-03-28T18:35:47.271+0500] {logging_mixin.py:188} INFO - [2026-03-28T18:35:47.271+0500] {dag.py:3089} INFO - Sync 1 DAGs
[2026-03-28T18:35:47.291+0500] {logging_mixin.py:188} INFO - [2026-03-28T18:35:47.291+0500] {dag.py:3947} INFO - Setting next_dagrun for example_nested_branch_dag to 2026-03-27 00:00:00+00:00, run_after=2026-03-28 00:00:00+00:00
[2026-03-28T18:35:47.320+0500] {processor.py:183} INFO - Processing /home/abayturar/airflow-project/venv/lib/python3.12/site-packages/airflow/example_dags/example_nested_branch_dag.py took 0.100 seconds
[2026-03-28T18:36:40.652+0500] {processor.py:161} INFO - Started process (PID=20936) to work on /home/abayturar/airflow-project/venv/lib/python3.12/site-packages/airflow/example_dags/example_nested_branch_dag.py
[2026-03-28T18:36:40.653+0500] {processor.py:830} INFO - Processing file /home/abayturar/airflow-project/venv/lib/python3.12/site-packages/airflow/example_dags/example_nested_branch_dag.py for tasks to queue
[2026-03-28T18:36:40.655+0500] {logging_mixin.py:188} INFO - [2026-03-28T18:36:40.654+0500] {dagbag.py:545} INFO - Filling up the DagBag from /home/abayturar/airflow-project/venv/lib/python3.12/site-packages/airflow/example_dags/example_nested_branch_dag.py
[2026-03-28T18:36:40.665+0500] {processor.py:840} INFO - DAG(s) 'example_nested_branch_dag' retrieved from /home/abayturar/airflow-project/venv/lib/python3.12/site-packages/airflow/example_dags/example_nested_branch_dag.py
[2026-03-28T18:36:40.682+0500] {logging_mixin.py:188} INFO - [2026-03-28T18:36:40.682+0500] {dag.py:3089} INFO - Sync 1 DAGs
[2026-03-28T18:36:40.697+0500] {logging_mixin.py:188} INFO - [2026-03-28T18:36:40.697+0500] {dag.py:3947} INFO - Setting next_dagrun for example_nested_branch_dag to 2026-03-27 00:00:00+00:00, run_after=2026-03-28 00:00:00+00:00
[2026-03-28T18:36:40.726+0500] {processor.py:183} INFO - Processing /home/abayturar/airflow-project/venv/lib/python3.12/site-packages/airflow/example_dags/example_nested_branch_dag.py took 0.080 seconds
[2026-03-28T18:37:34.916+0500] {processor.py:161} INFO - Started process (PID=21085) to work on /home/abayturar/airflow-project/venv/lib/python3.12/site-packages/airflow/example_dags/example_nested_branch_dag.py
[2026-03-28T18:37:34.917+0500] {processor.py:830} INFO - Processing file /home/abayturar/airflow-project/venv/lib/python3.12/site-packages/airflow/example_dags/example_nested_branch_dag.py for tasks to queue
[2026-03-28T18:37:34.919+0500] {logging_mixin.py:188} INFO - [2026-03-28T18:37:34.919+0500] {dagbag.py:545} INFO - Filling up the DagBag from /home/abayturar/airflow-project/venv/lib/python3.12/site-packages/airflow/example_dags/example_nested_branch_dag.py
[2026-03-28T18:37:34.930+0500] {processor.py:840} INFO - DAG(s) 'example_nested_branch_dag' retrieved from /home/abayturar/airflow-project/venv/lib/python3.12/site-packages/airflow/example_dags/example_nested_branch_dag.py
[2026-03-28T18:37:34.950+0500] {logging_mixin.py:188} INFO - [2026-03-28T18:37:34.949+0500] {dag.py:3089} INFO - Sync 1 DAGs
[2026-03-28T18:37:34.965+0500] {logging_mixin.py:188} INFO - [2026-03-28T18:37:34.964+0500] {dag.py:3947} INFO - Setting next_dagrun for example_nested_branch_dag to 2026-03-27 00:00:00+00:00, run_after=2026-03-28 00:00:00+00:00
[2026-03-28T18:37:34.984+0500] {processor.py:183} INFO - Processing /home/abayturar/airflow-project/venv/lib/python3.12/site-packages/airflow/example_dags/example_nested_branch_dag.py took 0.075 seconds
[2026-03-28T18:38:24.957+0500] {processor.py:161} INFO - Started process (PID=21220) to work on /home/abayturar/airflow-project/venv/lib/python3.12/site-packages/airflow/example_dags/example_nested_branch_dag.py
[2026-03-28T18:38:24.958+0500] {processor.py:830} INFO - Processing file /home/abayturar/airflow-project/venv/lib/python3.12/site-packages/airflow/example_dags/example_nested_branch_dag.py for tasks to queue
[2026-03-28T18:38:24.960+0500] {logging_mixin.py:188} INFO - [2026-03-28T18:38:24.960+0500] {dagbag.py:545} INFO - Filling up the DagBag from /home/abayturar/airflow-project/venv/lib/python3.12/site-packages/airflow/example_dags/example_nested_branch_dag.py
[2026-03-28T18:38:24.971+0500] {processor.py:840} INFO - DAG(s) 'example_nested_branch_dag' retrieved from /home/abayturar/airflow-project/venv/lib/python3.12/site-packages/airflow/example_dags/example_nested_branch_dag.py
[2026-03-28T18:38:24.987+0500] {logging_mixin.py:188} INFO - [2026-03-28T18:38:24.987+0500] {dag.py:3089} INFO - Sync 1 DAGs
[2026-03-28T18:38:25.002+0500] {logging_mixin.py:188} INFO - [2026-03-28T18:38:25.002+0500] {dag.py:3947} INFO - Setting next_dagrun for example_nested_branch_dag to 2026-03-27 00:00:00+00:00, run_after=2026-03-28 00:00:00+00:00
[2026-03-28T18:38:25.103+0500] {processor.py:183} INFO - Processing /home/abayturar/airflow-project/venv/lib/python3.12/site-packages/airflow/example_dags/example_nested_branch_dag.py took 0.153 seconds
[2026-03-28T18:39:16.451+0500] {processor.py:161} INFO - Started process (PID=21357) to work on /home/abayturar/airflow-project/venv/lib/python3.12/site-packages/airflow/example_dags/example_nested_branch_dag.py
[2026-03-28T18:39:16.452+0500] {processor.py:830} INFO - Processing file /home/abayturar/airflow-project/venv/lib/python3.12/site-packages/airflow/example_dags/example_nested_branch_dag.py for tasks to queue
[2026-03-28T18:39:16.454+0500] {logging_mixin.py:188} INFO - [2026-03-28T18:39:16.453+0500] {dagbag.py:545} INFO - Filling up the DagBag from /home/abayturar/airflow-project/venv/lib/python3.12/site-packages/airflow/example_dags/example_nested_branch_dag.py
[2026-03-28T18:39:16.465+0500] {processor.py:840} INFO - DAG(s) 'example_nested_branch_dag' retrieved from /home/abayturar/airflow-project/venv/lib/python3.12/site-packages/airflow/example_dags/example_nested_branch_dag.py
[2026-03-28T18:39:16.485+0500] {logging_mixin.py:188} INFO - [2026-03-28T18:39:16.485+0500] {dag.py:3089} INFO - Sync 1 DAGs
[2026-03-28T18:39:16.501+0500] {logging_mixin.py:188} INFO - [2026-03-28T18:39:16.501+0500] {dag.py:3947} INFO - Setting next_dagrun for example_nested_branch_dag to 2026-03-27 00:00:00+00:00, run_after=2026-03-28 00:00:00+00:00
[2026-03-28T18:39:16.528+0500] {processor.py:183} INFO - Processing /home/abayturar/airflow-project/venv/lib/python3.12/site-packages/airflow/example_dags/example_nested_branch_dag.py took 0.083 seconds
[2026-03-28T18:40:07.301+0500] {processor.py:161} INFO - Started process (PID=21490) to work on /home/abayturar/airflow-project/venv/lib/python3.12/site-packages/airflow/example_dags/example_nested_branch_dag.py
[2026-03-28T18:40:07.302+0500] {processor.py:830} INFO - Processing file /home/abayturar/airflow-project/venv/lib/python3.12/site-packages/airflow/example_dags/example_nested_branch_dag.py for tasks to queue
[2026-03-28T18:40:07.304+0500] {logging_mixin.py:188} INFO - [2026-03-28T18:40:07.303+0500] {dagbag.py:545} INFO - Filling up the DagBag from /home/abayturar/airflow-project/venv/lib/python3.12/site-packages/airflow/example_dags/example_nested_branch_dag.py
[2026-03-28T18:40:07.314+0500] {processor.py:840} INFO - DAG(s) 'example_nested_branch_dag' retrieved from /home/abayturar/airflow-project/venv/lib/python3.12/site-packages/airflow/example_dags/example_nested_branch_dag.py
[2026-03-28T18:40:07.330+0500] {logging_mixin.py:188} INFO - [2026-03-28T18:40:07.330+0500] {dag.py:3089} INFO - Sync 1 DAGs
[2026-03-28T18:40:07.344+0500] {logging_mixin.py:188} INFO - [2026-03-28T18:40:07.344+0500] {dag.py:3947} INFO - Setting next_dagrun for example_nested_branch_dag to 2026-03-27 00:00:00+00:00, run_after=2026-03-28 00:00:00+00:00
[2026-03-28T18:40:07.360+0500] {processor.py:183} INFO - Processing /home/abayturar/airflow-project/venv/lib/python3.12/site-packages/airflow/example_dags/example_nested_branch_dag.py took 0.065 seconds
[2026-03-28T18:40:58.851+0500] {processor.py:161} INFO - Started process (PID=21626) to work on /home/abayturar/airflow-project/venv/lib/python3.12/site-packages/airflow/example_dags/example_nested_branch_dag.py
[2026-03-28T18:40:58.852+0500] {processor.py:830} INFO - Processing file /home/abayturar/airflow-project/venv/lib/python3.12/site-packages/airflow/example_dags/example_nested_branch_dag.py for tasks to queue
[2026-03-28T18:40:58.853+0500] {logging_mixin.py:188} INFO - [2026-03-28T18:40:58.853+0500] {dagbag.py:545} INFO - Filling up the DagBag from /home/abayturar/airflow-project/venv/lib/python3.12/site-packages/airflow/example_dags/example_nested_branch_dag.py
[2026-03-28T18:40:58.864+0500] {processor.py:840} INFO - DAG(s) 'example_nested_branch_dag' retrieved from /home/abayturar/airflow-project/venv/lib/python3.12/site-packages/airflow/example_dags/example_nested_branch_dag.py
[2026-03-28T18:40:58.880+0500] {logging_mixin.py:188} INFO - [2026-03-28T18:40:58.880+0500] {dag.py:3089} INFO - Sync 1 DAGs
[2026-03-28T18:40:58.895+0500] {logging_mixin.py:188} INFO - [2026-03-28T18:40:58.894+0500] {dag.py:3947} INFO - Setting next_dagrun for example_nested_branch_dag to 2026-03-27 00:00:00+00:00, run_after=2026-03-28 00:00:00+00:00
[2026-03-28T18:40:59.011+0500] {processor.py:183} INFO - Processing /home/abayturar/airflow-project/venv/lib/python3.12/site-packages/airflow/example_dags/example_nested_branch_dag.py took 0.167 seconds
[2026-03-28T18:42:09.925+0500] {processor.py:161} INFO - Started process (PID=21867) to work on /home/abayturar/airflow-project/venv/lib/python3.12/site-packages/airflow/example_dags/example_nested_branch_dag.py
[2026-03-28T18:42:09.926+0500] {processor.py:830} INFO - Processing file /home/abayturar/airflow-project/venv/lib/python3.12/site-packages/airflow/example_dags/example_nested_branch_dag.py for tasks to queue
[2026-03-28T18:42:09.928+0500] {logging_mixin.py:188} INFO - [2026-03-28T18:42:09.928+0500] {dagbag.py:545} INFO - Filling up the DagBag from /home/abayturar/airflow-project/venv/lib/python3.12/site-packages/airflow/example_dags/example_nested_branch_dag.py
[2026-03-28T18:42:09.940+0500] {processor.py:840} INFO - DAG(s) 'example_nested_branch_dag' retrieved from /home/abayturar/airflow-project/venv/lib/python3.12/site-packages/airflow/example_dags/example_nested_branch_dag.py
[2026-03-28T18:42:09.962+0500] {logging_mixin.py:188} INFO - [2026-03-28T18:42:09.962+0500] {dag.py:3089} INFO - Sync 1 DAGs
[2026-03-28T18:42:09.983+0500] {logging_mixin.py:188} INFO - [2026-03-28T18:42:09.983+0500] {dag.py:3947} INFO - Setting next_dagrun for example_nested_branch_dag to 2026-03-27 00:00:00+00:00, run_after=2026-03-28 00:00:00+00:00
[2026-03-28T18:42:10.006+0500] {processor.py:183} INFO - Processing /home/abayturar/airflow-project/venv/lib/python3.12/site-packages/airflow/example_dags/example_nested_branch_dag.py took 0.089 seconds
[2026-03-28T18:43:03.093+0500] {processor.py:161} INFO - Started process (PID=22033) to work on /home/abayturar/airflow-project/venv/lib/python3.12/site-packages/airflow/example_dags/example_nested_branch_dag.py
[2026-03-28T18:43:03.094+0500] {processor.py:830} INFO - Processing file /home/abayturar/airflow-project/venv/lib/python3.12/site-packages/airflow/example_dags/example_nested_branch_dag.py for tasks to queue
[2026-03-28T18:43:03.095+0500] {logging_mixin.py:188} INFO - [2026-03-28T18:43:03.095+0500] {dagbag.py:545} INFO - Filling up the DagBag from /home/abayturar/airflow-project/venv/lib/python3.12/site-packages/airflow/example_dags/example_nested_branch_dag.py
[2026-03-28T18:43:03.105+0500] {processor.py:840} INFO - DAG(s) 'example_nested_branch_dag' retrieved from /home/abayturar/airflow-project/venv/lib/python3.12/site-packages/airflow/example_dags/example_nested_branch_dag.py
[2026-03-28T18:43:03.119+0500] {logging_mixin.py:188} INFO - [2026-03-28T18:43:03.119+0500] {dag.py:3089} INFO - Sync 1 DAGs
[2026-03-28T18:43:03.133+0500] {logging_mixin.py:188} INFO - [2026-03-28T18:43:03.133+0500] {dag.py:3947} INFO - Setting next_dagrun for example_nested_branch_dag to 2026-03-27 00:00:00+00:00, run_after=2026-03-28 00:00:00+00:00
[2026-03-28T18:43:03.147+0500] {processor.py:183} INFO - Processing /home/abayturar/airflow-project/venv/lib/python3.12/site-packages/airflow/example_dags/example_nested_branch_dag.py took 0.060 seconds
[2026-03-28T18:44:12.954+0500] {processor.py:161} INFO - Started process (PID=22237) to work on /home/abayturar/airflow-project/venv/lib/python3.12/site-packages/airflow/example_dags/example_nested_branch_dag.py
[2026-03-28T18:44:12.955+0500] {processor.py:830} INFO - Processing file /home/abayturar/airflow-project/venv/lib/python3.12/site-packages/airflow/example_dags/example_nested_branch_dag.py for tasks to queue
[2026-03-28T18:44:12.957+0500] {logging_mixin.py:188} INFO - [2026-03-28T18:44:12.957+0500] {dagbag.py:545} INFO - Filling up the DagBag from /home/abayturar/airflow-project/venv/lib/python3.12/site-packages/airflow/example_dags/example_nested_branch_dag.py
[2026-03-28T18:44:12.968+0500] {processor.py:840} INFO - DAG(s) 'example_nested_branch_dag' retrieved from /home/abayturar/airflow-project/venv/lib/python3.12/site-packages/airflow/example_dags/example_nested_branch_dag.py
[2026-03-28T18:44:12.987+0500] {logging_mixin.py:188} INFO - [2026-03-28T18:44:12.987+0500] {dag.py:3089} INFO - Sync 1 DAGs
[2026-03-28T18:44:13.002+0500] {logging_mixin.py:188} INFO - [2026-03-28T18:44:13.002+0500] {dag.py:3947} INFO - Setting next_dagrun for example_nested_branch_dag to 2026-03-27 00:00:00+00:00, run_after=2026-03-28 00:00:00+00:00
[2026-03-28T18:44:13.030+0500] {processor.py:183} INFO - Processing /home/abayturar/airflow-project/venv/lib/python3.12/site-packages/airflow/example_dags/example_nested_branch_dag.py took 0.081 seconds
[2026-03-28T18:45:02.237+0500] {processor.py:161} INFO - Started process (PID=22368) to work on /home/abayturar/airflow-project/venv/lib/python3.12/site-packages/airflow/example_dags/example_nested_branch_dag.py
[2026-03-28T18:45:02.238+0500] {processor.py:830} INFO - Processing file /home/abayturar/airflow-project/venv/lib/python3.12/site-packages/airflow/example_dags/example_nested_branch_dag.py for tasks to queue
[2026-03-28T18:45:02.240+0500] {logging_mixin.py:188} INFO - [2026-03-28T18:45:02.240+0500] {dagbag.py:545} INFO - Filling up the DagBag from /home/abayturar/airflow-project/venv/lib/python3.12/site-packages/airflow/example_dags/example_nested_branch_dag.py
[2026-03-28T18:45:02.250+0500] {processor.py:840} INFO - DAG(s) 'example_nested_branch_dag' retrieved from /home/abayturar/airflow-project/venv/lib/python3.12/site-packages/airflow/example_dags/example_nested_branch_dag.py
[2026-03-28T18:45:02.265+0500] {logging_mixin.py:188} INFO - [2026-03-28T18:45:02.265+0500] {dag.py:3089} INFO - Sync 1 DAGs
[2026-03-28T18:45:02.280+0500] {logging_mixin.py:188} INFO - [2026-03-28T18:45:02.279+0500] {dag.py:3947} INFO - Setting next_dagrun for example_nested_branch_dag to 2026-03-27 00:00:00+00:00, run_after=2026-03-28 00:00:00+00:00
[2026-03-28T18:45:02.318+0500] {processor.py:183} INFO - Processing /home/abayturar/airflow-project/venv/lib/python3.12/site-packages/airflow/example_dags/example_nested_branch_dag.py took 0.087 seconds
[2026-03-28T18:45:51.636+0500] {processor.py:161} INFO - Started process (PID=22499) to work on /home/abayturar/airflow-project/venv/lib/python3.12/site-packages/airflow/example_dags/example_nested_branch_dag.py
[2026-03-28T18:45:51.637+0500] {processor.py:830} INFO - Processing file /home/abayturar/airflow-project/venv/lib/python3.12/site-packages/airflow/example_dags/example_nested_branch_dag.py for tasks to queue
[2026-03-28T18:45:51.639+0500] {logging_mixin.py:188} INFO - [2026-03-28T18:45:51.638+0500] {dagbag.py:545} INFO - Filling up the DagBag from /home/abayturar/airflow-project/venv/lib/python3.12/site-packages/airflow/example_dags/example_nested_branch_dag.py
[2026-03-28T18:45:51.649+0500] {processor.py:840} INFO - DAG(s) 'example_nested_branch_dag' retrieved from /home/abayturar/airflow-project/venv/lib/python3.12/site-packages/airflow/example_dags/example_nested_branch_dag.py
[2026-03-28T18:45:51.664+0500] {logging_mixin.py:188} INFO - [2026-03-28T18:45:51.664+0500] {dag.py:3089} INFO - Sync 1 DAGs
[2026-03-28T18:45:51.678+0500] {logging_mixin.py:188} INFO - [2026-03-28T18:45:51.678+0500] {dag.py:3947} INFO - Setting next_dagrun for example_nested_branch_dag to 2026-03-27 00:00:00+00:00, run_after=2026-03-28 00:00:00+00:00
[2026-03-28T18:45:51.706+0500] {processor.py:183} INFO - Processing /home/abayturar/airflow-project/venv/lib/python3.12/site-packages/airflow/example_dags/example_nested_branch_dag.py took 0.076 seconds
[2026-03-28T18:46:41.344+0500] {processor.py:161} INFO - Started process (PID=22630) to work on /home/abayturar/airflow-project/venv/lib/python3.12/site-packages/airflow/example_dags/example_nested_branch_dag.py
[2026-03-28T18:46:41.345+0500] {processor.py:830} INFO - Processing file /home/abayturar/airflow-project/venv/lib/python3.12/site-packages/airflow/example_dags/example_nested_branch_dag.py for tasks to queue
[2026-03-28T18:46:41.347+0500] {logging_mixin.py:188} INFO - [2026-03-28T18:46:41.347+0500] {dagbag.py:545} INFO - Filling up the DagBag from /home/abayturar/airflow-project/venv/lib/python3.12/site-packages/airflow/example_dags/example_nested_branch_dag.py
[2026-03-28T18:46:41.357+0500] {processor.py:840} INFO - DAG(s) 'example_nested_branch_dag' retrieved from /home/abayturar/airflow-project/venv/lib/python3.12/site-packages/airflow/example_dags/example_nested_branch_dag.py
[2026-03-28T18:46:41.372+0500] {logging_mixin.py:188} INFO - [2026-03-28T18:46:41.372+0500] {dag.py:3089} INFO - Sync 1 DAGs
[2026-03-28T18:46:41.386+0500] {logging_mixin.py:188} INFO - [2026-03-28T18:46:41.386+0500] {dag.py:3947} INFO - Setting next_dagrun for example_nested_branch_dag to 2026-03-27 00:00:00+00:00, run_after=2026-03-28 00:00:00+00:00
[2026-03-28T18:46:41.402+0500] {processor.py:183} INFO - Processing /home/abayturar/airflow-project/venv/lib/python3.12/site-packages/airflow/example_dags/example_nested_branch_dag.py took 0.064 seconds
[2026-03-28T18:47:28.632+0500] {processor.py:161} INFO - Started process (PID=22757) to work on /home/abayturar/airflow-project/venv/lib/python3.12/site-packages/airflow/example_dags/example_nested_branch_dag.py
[2026-03-28T18:47:28.633+0500] {processor.py:830} INFO - Processing file /home/abayturar/airflow-project/venv/lib/python3.12/site-packages/airflow/example_dags/example_nested_branch_dag.py for tasks to queue
[2026-03-28T18:47:28.635+0500] {logging_mixin.py:188} INFO - [2026-03-28T18:47:28.634+0500] {dagbag.py:545} INFO - Filling up the DagBag from /home/abayturar/airflow-project/venv/lib/python3.12/site-packages/airflow/example_dags/example_nested_branch_dag.py
[2026-03-28T18:47:28.645+0500] {processor.py:840} INFO - DAG(s) 'example_nested_branch_dag' retrieved from /home/abayturar/airflow-project/venv/lib/python3.12/site-packages/airflow/example_dags/example_nested_branch_dag.py
[2026-03-28T18:47:28.660+0500] {logging_mixin.py:188} INFO - [2026-03-28T18:47:28.660+0500] {dag.py:3089} INFO - Sync 1 DAGs
[2026-03-28T18:47:28.674+0500] {logging_mixin.py:188} INFO - [2026-03-28T18:47:28.674+0500] {dag.py:3947} INFO - Setting next_dagrun for example_nested_branch_dag to 2026-03-27 00:00:00+00:00, run_after=2026-03-28 00:00:00+00:00
[2026-03-28T18:47:28.700+0500] {processor.py:183} INFO - Processing /home/abayturar/airflow-project/venv/lib/python3.12/site-packages/airflow/example_dags/example_nested_branch_dag.py took 0.074 seconds
[2026-03-28T18:48:14.303+0500] {processor.py:161} INFO - Started process (PID=22879) to work on /home/abayturar/airflow-project/venv/lib/python3.12/site-packages/airflow/example_dags/example_nested_branch_dag.py
[2026-03-28T18:48:14.304+0500] {processor.py:830} INFO - Processing file /home/abayturar/airflow-project/venv/lib/python3.12/site-packages/airflow/example_dags/example_nested_branch_dag.py for tasks to queue
[2026-03-28T18:48:14.306+0500] {logging_mixin.py:188} INFO - [2026-03-28T18:48:14.306+0500] {dagbag.py:545} INFO - Filling up the DagBag from /home/abayturar/airflow-project/venv/lib/python3.12/site-packages/airflow/example_dags/example_nested_branch_dag.py
[2026-03-28T18:48:14.316+0500] {processor.py:840} INFO - DAG(s) 'example_nested_branch_dag' retrieved from /home/abayturar/airflow-project/venv/lib/python3.12/site-packages/airflow/example_dags/example_nested_branch_dag.py
[2026-03-28T18:48:14.331+0500] {logging_mixin.py:188} INFO - [2026-03-28T18:48:14.331+0500] {dag.py:3089} INFO - Sync 1 DAGs
[2026-03-28T18:48:14.345+0500] {logging_mixin.py:188} INFO - [2026-03-28T18:48:14.345+0500] {dag.py:3947} INFO - Setting next_dagrun for example_nested_branch_dag to 2026-03-27 00:00:00+00:00, run_after=2026-03-28 00:00:00+00:00
[2026-03-28T18:48:14.373+0500] {processor.py:183} INFO - Processing /home/abayturar/airflow-project/venv/lib/python3.12/site-packages/airflow/example_dags/example_nested_branch_dag.py took 0.076 seconds
[2026-03-28T18:49:17.827+0500] {processor.py:161} INFO - Started process (PID=23050) to work on /home/abayturar/airflow-project/venv/lib/python3.12/site-packages/airflow/example_dags/example_nested_branch_dag.py
[2026-03-28T18:49:17.828+0500] {processor.py:830} INFO - Processing file /home/abayturar/airflow-project/venv/lib/python3.12/site-packages/airflow/example_dags/example_nested_branch_dag.py for tasks to queue
[2026-03-28T18:49:17.830+0500] {logging_mixin.py:188} INFO - [2026-03-28T18:49:17.830+0500] {dagbag.py:545} INFO - Filling up the DagBag from /home/abayturar/airflow-project/venv/lib/python3.12/site-packages/airflow/example_dags/example_nested_branch_dag.py
[2026-03-28T18:49:17.840+0500] {processor.py:840} INFO - DAG(s) 'example_nested_branch_dag' retrieved from /home/abayturar/airflow-project/venv/lib/python3.12/site-packages/airflow/example_dags/example_nested_branch_dag.py
[2026-03-28T18:49:17.856+0500] {logging_mixin.py:188} INFO - [2026-03-28T18:49:17.856+0500] {dag.py:3089} INFO - Sync 1 DAGs
[2026-03-28T18:49:17.871+0500] {logging_mixin.py:188} INFO - [2026-03-28T18:49:17.871+0500] {dag.py:3947} INFO - Setting next_dagrun for example_nested_branch_dag to 2026-03-27 00:00:00+00:00, run_after=2026-03-28 00:00:00+00:00
[2026-03-28T18:49:17.898+0500] {processor.py:183} INFO - Processing /home/abayturar/airflow-project/venv/lib/python3.12/site-packages/airflow/example_dags/example_nested_branch_dag.py took 0.077 seconds
[2026-03-28T18:50:04.040+0500] {processor.py:161} INFO - Started process (PID=23173) to work on /home/abayturar/airflow-project/venv/lib/python3.12/site-packages/airflow/example_dags/example_nested_branch_dag.py
[2026-03-28T18:50:04.042+0500] {processor.py:830} INFO - Processing file /home/abayturar/airflow-project/venv/lib/python3.12/site-packages/airflow/example_dags/example_nested_branch_dag.py for tasks to queue
[2026-03-28T18:50:04.044+0500] {logging_mixin.py:188} INFO - [2026-03-28T18:50:04.044+0500] {dagbag.py:545} INFO - Filling up the DagBag from /home/abayturar/airflow-project/venv/lib/python3.12/site-packages/airflow/example_dags/example_nested_branch_dag.py
[2026-03-28T18:50:04.059+0500] {processor.py:840} INFO - DAG(s) 'example_nested_branch_dag' retrieved from /home/abayturar/airflow-project/venv/lib/python3.12/site-packages/airflow/example_dags/example_nested_branch_dag.py
[2026-03-28T18:50:04.082+0500] {logging_mixin.py:188} INFO - [2026-03-28T18:50:04.082+0500] {dag.py:3089} INFO - Sync 1 DAGs
[2026-03-28T18:50:04.102+0500] {logging_mixin.py:188} INFO - [2026-03-28T18:50:04.102+0500] {dag.py:3947} INFO - Setting next_dagrun for example_nested_branch_dag to 2026-03-27 00:00:00+00:00, run_after=2026-03-28 00:00:00+00:00
[2026-03-28T18:50:04.144+0500] {processor.py:183} INFO - Processing /home/abayturar/airflow-project/venv/lib/python3.12/site-packages/airflow/example_dags/example_nested_branch_dag.py took 0.111 seconds
[2026-03-28T18:50:51.706+0500] {processor.py:161} INFO - Started process (PID=23299) to work on /home/abayturar/airflow-project/venv/lib/python3.12/site-packages/airflow/example_dags/example_nested_branch_dag.py
[2026-03-28T18:50:51.707+0500] {processor.py:830} INFO - Processing file /home/abayturar/airflow-project/venv/lib/python3.12/site-packages/airflow/example_dags/example_nested_branch_dag.py for tasks to queue
[2026-03-28T18:50:51.709+0500] {logging_mixin.py:188} INFO - [2026-03-28T18:50:51.708+0500] {dagbag.py:545} INFO - Filling up the DagBag from /home/abayturar/airflow-project/venv/lib/python3.12/site-packages/airflow/example_dags/example_nested_branch_dag.py
[2026-03-28T18:50:51.721+0500] {processor.py:840} INFO - DAG(s) 'example_nested_branch_dag' retrieved from /home/abayturar/airflow-project/venv/lib/python3.12/site-packages/airflow/example_dags/example_nested_branch_dag.py
[2026-03-28T18:50:51.741+0500] {logging_mixin.py:188} INFO - [2026-03-28T18:50:51.741+0500] {dag.py:3089} INFO - Sync 1 DAGs
[2026-03-28T18:50:51.755+0500] {logging_mixin.py:188} INFO - [2026-03-28T18:50:51.755+0500] {dag.py:3947} INFO - Setting next_dagrun for example_nested_branch_dag to 2026-03-27 00:00:00+00:00, run_after=2026-03-28 00:00:00+00:00
[2026-03-28T18:50:51.782+0500] {processor.py:183} INFO - Processing /home/abayturar/airflow-project/venv/lib/python3.12/site-packages/airflow/example_dags/example_nested_branch_dag.py took 0.085 seconds
[2026-03-28T18:51:41.217+0500] {processor.py:161} INFO - Started process (PID=23431) to work on /home/abayturar/airflow-project/venv/lib/python3.12/site-packages/airflow/example_dags/example_nested_branch_dag.py
[2026-03-28T18:51:41.218+0500] {processor.py:830} INFO - Processing file /home/abayturar/airflow-project/venv/lib/python3.12/site-packages/airflow/example_dags/example_nested_branch_dag.py for tasks to queue
[2026-03-28T18:51:41.220+0500] {logging_mixin.py:188} INFO - [2026-03-28T18:51:41.219+0500] {dagbag.py:545} INFO - Filling up the DagBag from /home/abayturar/airflow-project/venv/lib/python3.12/site-packages/airflow/example_dags/example_nested_branch_dag.py
[2026-03-28T18:51:41.229+0500] {processor.py:840} INFO - DAG(s) 'example_nested_branch_dag' retrieved from /home/abayturar/airflow-project/venv/lib/python3.12/site-packages/airflow/example_dags/example_nested_branch_dag.py
[2026-03-28T18:51:41.246+0500] {logging_mixin.py:188} INFO - [2026-03-28T18:51:41.246+0500] {dag.py:3089} INFO - Sync 1 DAGs
[2026-03-28T18:51:41.261+0500] {logging_mixin.py:188} INFO - [2026-03-28T18:51:41.261+0500] {dag.py:3947} INFO - Setting next_dagrun for example_nested_branch_dag to 2026-03-27 00:00:00+00:00, run_after=2026-03-28 00:00:00+00:00
[2026-03-28T18:51:41.277+0500] {processor.py:183} INFO - Processing /home/abayturar/airflow-project/venv/lib/python3.12/site-packages/airflow/example_dags/example_nested_branch_dag.py took 0.066 seconds
[2026-03-28T18:52:48.640+0500] {processor.py:161} INFO - Started process (PID=23617) to work on /home/abayturar/airflow-project/venv/lib/python3.12/site-packages/airflow/example_dags/example_nested_branch_dag.py
[2026-03-28T18:52:48.641+0500] {processor.py:830} INFO - Processing file /home/abayturar/airflow-project/venv/lib/python3.12/site-packages/airflow/example_dags/example_nested_branch_dag.py for tasks to queue
[2026-03-28T18:52:48.643+0500] {logging_mixin.py:188} INFO - [2026-03-28T18:52:48.643+0500] {dagbag.py:545} INFO - Filling up the DagBag from /home/abayturar/airflow-project/venv/lib/python3.12/site-packages/airflow/example_dags/example_nested_branch_dag.py
[2026-03-28T18:52:48.653+0500] {processor.py:840} INFO - DAG(s) 'example_nested_branch_dag' retrieved from /home/abayturar/airflow-project/venv/lib/python3.12/site-packages/airflow/example_dags/example_nested_branch_dag.py
[2026-03-28T18:52:48.669+0500] {logging_mixin.py:188} INFO - [2026-03-28T18:52:48.669+0500] {dag.py:3089} INFO - Sync 1 DAGs
[2026-03-28T18:52:48.686+0500] {logging_mixin.py:188} INFO - [2026-03-28T18:52:48.686+0500] {dag.py:3947} INFO - Setting next_dagrun for example_nested_branch_dag to 2026-03-27 00:00:00+00:00, run_after=2026-03-28 00:00:00+00:00
[2026-03-28T18:52:48.704+0500] {processor.py:183} INFO - Processing /home/abayturar/airflow-project/venv/lib/python3.12/site-packages/airflow/example_dags/example_nested_branch_dag.py took 0.070 seconds
[2026-03-28T18:53:56.863+0500] {processor.py:161} INFO - Started process (PID=23796) to work on /home/abayturar/airflow-project/venv/lib/python3.12/site-packages/airflow/example_dags/example_nested_branch_dag.py
[2026-03-28T18:53:56.864+0500] {processor.py:830} INFO - Processing file /home/abayturar/airflow-project/venv/lib/python3.12/site-packages/airflow/example_dags/example_nested_branch_dag.py for tasks to queue
[2026-03-28T18:53:56.866+0500] {logging_mixin.py:188} INFO - [2026-03-28T18:53:56.866+0500] {dagbag.py:545} INFO - Filling up the DagBag from /home/abayturar/airflow-project/venv/lib/python3.12/site-packages/airflow/example_dags/example_nested_branch_dag.py
[2026-03-28T18:53:56.876+0500] {processor.py:840} INFO - DAG(s) 'example_nested_branch_dag' retrieved from /home/abayturar/airflow-project/venv/lib/python3.12/site-packages/airflow/example_dags/example_nested_branch_dag.py
[2026-03-28T18:53:56.891+0500] {logging_mixin.py:188} INFO - [2026-03-28T18:53:56.891+0500] {dag.py:3089} INFO - Sync 1 DAGs
[2026-03-28T18:53:56.905+0500] {logging_mixin.py:188} INFO - [2026-03-28T18:53:56.905+0500] {dag.py:3947} INFO - Setting next_dagrun for example_nested_branch_dag to 2026-03-27 00:00:00+00:00, run_after=2026-03-28 00:00:00+00:00
[2026-03-28T18:53:56.931+0500] {processor.py:183} INFO - Processing /home/abayturar/airflow-project/venv/lib/python3.12/site-packages/airflow/example_dags/example_nested_branch_dag.py took 0.074 seconds
[2026-03-28T18:55:02.063+0500] {processor.py:161} INFO - Started process (PID=23978) to work on /home/abayturar/airflow-project/venv/lib/python3.12/site-packages/airflow/example_dags/example_nested_branch_dag.py
[2026-03-28T18:55:02.064+0500] {processor.py:830} INFO - Processing file /home/abayturar/airflow-project/venv/lib/python3.12/site-packages/airflow/example_dags/example_nested_branch_dag.py for tasks to queue
[2026-03-28T18:55:02.066+0500] {logging_mixin.py:188} INFO - [2026-03-28T18:55:02.065+0500] {dagbag.py:545} INFO - Filling up the DagBag from /home/abayturar/airflow-project/venv/lib/python3.12/site-packages/airflow/example_dags/example_nested_branch_dag.py
[2026-03-28T18:55:02.076+0500] {processor.py:840} INFO - DAG(s) 'example_nested_branch_dag' retrieved from /home/abayturar/airflow-project/venv/lib/python3.12/site-packages/airflow/example_dags/example_nested_branch_dag.py
[2026-03-28T18:55:02.092+0500] {logging_mixin.py:188} INFO - [2026-03-28T18:55:02.092+0500] {dag.py:3089} INFO - Sync 1 DAGs
[2026-03-28T18:55:02.106+0500] {logging_mixin.py:188} INFO - [2026-03-28T18:55:02.106+0500] {dag.py:3947} INFO - Setting next_dagrun for example_nested_branch_dag to 2026-03-27 00:00:00+00:00, run_after=2026-03-28 00:00:00+00:00
[2026-03-28T18:55:02.134+0500] {processor.py:183} INFO - Processing /home/abayturar/airflow-project/venv/lib/python3.12/site-packages/airflow/example_dags/example_nested_branch_dag.py took 0.078 seconds
[2026-03-28T18:55:52.183+0500] {processor.py:161} INFO - Started process (PID=24107) to work on /home/abayturar/airflow-project/venv/lib/python3.12/site-packages/airflow/example_dags/example_nested_branch_dag.py
[2026-03-28T18:55:52.184+0500] {processor.py:830} INFO - Processing file /home/abayturar/airflow-project/venv/lib/python3.12/site-packages/airflow/example_dags/example_nested_branch_dag.py for tasks to queue
[2026-03-28T18:55:52.186+0500] {logging_mixin.py:188} INFO - [2026-03-28T18:55:52.186+0500] {dagbag.py:545} INFO - Filling up the DagBag from /home/abayturar/airflow-project/venv/lib/python3.12/site-packages/airflow/example_dags/example_nested_branch_dag.py
[2026-03-28T18:55:52.197+0500] {processor.py:840} INFO - DAG(s) 'example_nested_branch_dag' retrieved from /home/abayturar/airflow-project/venv/lib/python3.12/site-packages/airflow/example_dags/example_nested_branch_dag.py
[2026-03-28T18:55:52.216+0500] {logging_mixin.py:188} INFO - [2026-03-28T18:55:52.215+0500] {dag.py:3089} INFO - Sync 1 DAGs
[2026-03-28T18:55:52.231+0500] {logging_mixin.py:188} INFO - [2026-03-28T18:55:52.231+0500] {dag.py:3947} INFO - Setting next_dagrun for example_nested_branch_dag to 2026-03-27 00:00:00+00:00, run_after=2026-03-28 00:00:00+00:00
[2026-03-28T18:55:52.260+0500] {processor.py:183} INFO - Processing /home/abayturar/airflow-project/venv/lib/python3.12/site-packages/airflow/example_dags/example_nested_branch_dag.py took 0.084 seconds
[2026-03-28T18:56:44.201+0500] {processor.py:161} INFO - Started process (PID=24244) to work on /home/abayturar/airflow-project/venv/lib/python3.12/site-packages/airflow/example_dags/example_nested_branch_dag.py
[2026-03-28T18:56:44.202+0500] {processor.py:830} INFO - Processing file /home/abayturar/airflow-project/venv/lib/python3.12/site-packages/airflow/example_dags/example_nested_branch_dag.py for tasks to queue
[2026-03-28T18:56:44.204+0500] {logging_mixin.py:188} INFO - [2026-03-28T18:56:44.203+0500] {dagbag.py:545} INFO - Filling up the DagBag from /home/abayturar/airflow-project/venv/lib/python3.12/site-packages/airflow/example_dags/example_nested_branch_dag.py
[2026-03-28T18:56:44.215+0500] {processor.py:840} INFO - DAG(s) 'example_nested_branch_dag' retrieved from /home/abayturar/airflow-project/venv/lib/python3.12/site-packages/airflow/example_dags/example_nested_branch_dag.py
[2026-03-28T18:56:44.234+0500] {logging_mixin.py:188} INFO - [2026-03-28T18:56:44.233+0500] {dag.py:3089} INFO - Sync 1 DAGs
[2026-03-28T18:56:44.250+0500] {logging_mixin.py:188} INFO - [2026-03-28T18:56:44.249+0500] {dag.py:3947} INFO - Setting next_dagrun for example_nested_branch_dag to 2026-03-27 00:00:00+00:00, run_after=2026-03-28 00:00:00+00:00
[2026-03-28T18:56:44.281+0500] {processor.py:183} INFO - Processing /home/abayturar/airflow-project/venv/lib/python3.12/site-packages/airflow/example_dags/example_nested_branch_dag.py took 0.087 seconds
[2026-03-28T18:57:34.436+0500] {processor.py:161} INFO - Started process (PID=24374) to work on /home/abayturar/airflow-project/venv/lib/python3.12/site-packages/airflow/example_dags/example_nested_branch_dag.py
[2026-03-28T18:57:34.437+0500] {processor.py:830} INFO - Processing file /home/abayturar/airflow-project/venv/lib/python3.12/site-packages/airflow/example_dags/example_nested_branch_dag.py for tasks to queue
[2026-03-28T18:57:34.439+0500] {logging_mixin.py:188} INFO - [2026-03-28T18:57:34.439+0500] {dagbag.py:545} INFO - Filling up the DagBag from /home/abayturar/airflow-project/venv/lib/python3.12/site-packages/airflow/example_dags/example_nested_branch_dag.py
[2026-03-28T18:57:34.452+0500] {processor.py:840} INFO - DAG(s) 'example_nested_branch_dag' retrieved from /home/abayturar/airflow-project/venv/lib/python3.12/site-packages/airflow/example_dags/example_nested_branch_dag.py
[2026-03-28T18:57:34.475+0500] {logging_mixin.py:188} INFO - [2026-03-28T18:57:34.475+0500] {dag.py:3089} INFO - Sync 1 DAGs
[2026-03-28T18:57:34.502+0500] {logging_mixin.py:188} INFO - [2026-03-28T18:57:34.502+0500] {dag.py:3947} INFO - Setting next_dagrun for example_nested_branch_dag to 2026-03-27 00:00:00+00:00, run_after=2026-03-28 00:00:00+00:00
[2026-03-28T18:57:34.537+0500] {processor.py:183} INFO - Processing /home/abayturar/airflow-project/venv/lib/python3.12/site-packages/airflow/example_dags/example_nested_branch_dag.py took 0.108 seconds
[2026-03-28T18:58:21.988+0500] {processor.py:161} INFO - Started process (PID=24505) to work on /home/abayturar/airflow-project/venv/lib/python3.12/site-packages/airflow/example_dags/example_nested_branch_dag.py
[2026-03-28T18:58:21.989+0500] {processor.py:830} INFO - Processing file /home/abayturar/airflow-project/venv/lib/python3.12/site-packages/airflow/example_dags/example_nested_branch_dag.py for tasks to queue
[2026-03-28T18:58:21.991+0500] {logging_mixin.py:188} INFO - [2026-03-28T18:58:21.990+0500] {dagbag.py:545} INFO - Filling up the DagBag from /home/abayturar/airflow-project/venv/lib/python3.12/site-packages/airflow/example_dags/example_nested_branch_dag.py
[2026-03-28T18:58:22.005+0500] {processor.py:840} INFO - DAG(s) 'example_nested_branch_dag' retrieved from /home/abayturar/airflow-project/venv/lib/python3.12/site-packages/airflow/example_dags/example_nested_branch_dag.py
[2026-03-28T18:58:22.023+0500] {logging_mixin.py:188} INFO - [2026-03-28T18:58:22.023+0500] {dag.py:3089} INFO - Sync 1 DAGs
[2026-03-28T18:58:22.040+0500] {logging_mixin.py:188} INFO - [2026-03-28T18:58:22.039+0500] {dag.py:3947} INFO - Setting next_dagrun for example_nested_branch_dag to 2026-03-27 00:00:00+00:00, run_after=2026-03-28 00:00:00+00:00
[2026-03-28T18:58:22.057+0500] {processor.py:183} INFO - Processing /home/abayturar/airflow-project/venv/lib/python3.12/site-packages/airflow/example_dags/example_nested_branch_dag.py took 0.078 seconds
[2026-03-28T18:59:07.423+0500] {processor.py:161} INFO - Started process (PID=24628) to work on /home/abayturar/airflow-project/venv/lib/python3.12/site-packages/airflow/example_dags/example_nested_branch_dag.py
[2026-03-28T18:59:07.423+0500] {processor.py:830} INFO - Processing file /home/abayturar/airflow-project/venv/lib/python3.12/site-packages/airflow/example_dags/example_nested_branch_dag.py for tasks to queue
[2026-03-28T18:59:07.426+0500] {logging_mixin.py:188} INFO - [2026-03-28T18:59:07.425+0500] {dagbag.py:545} INFO - Filling up the DagBag from /home/abayturar/airflow-project/venv/lib/python3.12/site-packages/airflow/example_dags/example_nested_branch_dag.py
[2026-03-28T18:59:07.437+0500] {processor.py:840} INFO - DAG(s) 'example_nested_branch_dag' retrieved from /home/abayturar/airflow-project/venv/lib/python3.12/site-packages/airflow/example_dags/example_nested_branch_dag.py
[2026-03-28T18:59:07.454+0500] {logging_mixin.py:188} INFO - [2026-03-28T18:59:07.454+0500] {dag.py:3089} INFO - Sync 1 DAGs
[2026-03-28T18:59:07.471+0500] {logging_mixin.py:188} INFO - [2026-03-28T18:59:07.471+0500] {dag.py:3947} INFO - Setting next_dagrun for example_nested_branch_dag to 2026-03-27 00:00:00+00:00, run_after=2026-03-28 00:00:00+00:00
[2026-03-28T18:59:07.500+0500] {processor.py:183} INFO - Processing /home/abayturar/airflow-project/venv/lib/python3.12/site-packages/airflow/example_dags/example_nested_branch_dag.py took 0.085 seconds
[2026-03-28T18:59:56.755+0500] {processor.py:161} INFO - Started process (PID=24758) to work on /home/abayturar/airflow-project/venv/lib/python3.12/site-packages/airflow/example_dags/example_nested_branch_dag.py
[2026-03-28T18:59:56.756+0500] {processor.py:830} INFO - Processing file /home/abayturar/airflow-project/venv/lib/python3.12/site-packages/airflow/example_dags/example_nested_branch_dag.py for tasks to queue
[2026-03-28T18:59:56.758+0500] {logging_mixin.py:188} INFO - [2026-03-28T18:59:56.758+0500] {dagbag.py:545} INFO - Filling up the DagBag from /home/abayturar/airflow-project/venv/lib/python3.12/site-packages/airflow/example_dags/example_nested_branch_dag.py
[2026-03-28T18:59:56.769+0500] {processor.py:840} INFO - DAG(s) 'example_nested_branch_dag' retrieved from /home/abayturar/airflow-project/venv/lib/python3.12/site-packages/airflow/example_dags/example_nested_branch_dag.py
[2026-03-28T18:59:56.788+0500] {logging_mixin.py:188} INFO - [2026-03-28T18:59:56.788+0500] {dag.py:3089} INFO - Sync 1 DAGs
[2026-03-28T18:59:56.804+0500] {logging_mixin.py:188} INFO - [2026-03-28T18:59:56.804+0500] {dag.py:3947} INFO - Setting next_dagrun for example_nested_branch_dag to 2026-03-27 00:00:00+00:00, run_after=2026-03-28 00:00:00+00:00
[2026-03-28T18:59:56.832+0500] {processor.py:183} INFO - Processing /home/abayturar/airflow-project/venv/lib/python3.12/site-packages/airflow/example_dags/example_nested_branch_dag.py took 0.083 seconds
[2026-03-28T19:00:43.732+0500] {processor.py:161} INFO - Started process (PID=24883) to work on /home/abayturar/airflow-project/venv/lib/python3.12/site-packages/airflow/example_dags/example_nested_branch_dag.py
[2026-03-28T19:00:43.733+0500] {processor.py:830} INFO - Processing file /home/abayturar/airflow-project/venv/lib/python3.12/site-packages/airflow/example_dags/example_nested_branch_dag.py for tasks to queue
[2026-03-28T19:00:43.735+0500] {logging_mixin.py:188} INFO - [2026-03-28T19:00:43.734+0500] {dagbag.py:545} INFO - Filling up the DagBag from /home/abayturar/airflow-project/venv/lib/python3.12/site-packages/airflow/example_dags/example_nested_branch_dag.py
[2026-03-28T19:00:43.747+0500] {processor.py:840} INFO - DAG(s) 'example_nested_branch_dag' retrieved from /home/abayturar/airflow-project/venv/lib/python3.12/site-packages/airflow/example_dags/example_nested_branch_dag.py
[2026-03-28T19:00:43.765+0500] {logging_mixin.py:188} INFO - [2026-03-28T19:00:43.764+0500] {dag.py:3089} INFO - Sync 1 DAGs
[2026-03-28T19:00:43.781+0500] {logging_mixin.py:188} INFO - [2026-03-28T19:00:43.780+0500] {dag.py:3947} INFO - Setting next_dagrun for example_nested_branch_dag to 2026-03-27 00:00:00+00:00, run_after=2026-03-28 00:00:00+00:00
[2026-03-28T19:00:43.798+0500] {processor.py:183} INFO - Processing /home/abayturar/airflow-project/venv/lib/python3.12/site-packages/airflow/example_dags/example_nested_branch_dag.py took 0.074 seconds
[2026-03-28T19:01:30.652+0500] {processor.py:161} INFO - Started process (PID=25009) to work on /home/abayturar/airflow-project/venv/lib/python3.12/site-packages/airflow/example_dags/example_nested_branch_dag.py
[2026-03-28T19:01:30.653+0500] {processor.py:830} INFO - Processing file /home/abayturar/airflow-project/venv/lib/python3.12/site-packages/airflow/example_dags/example_nested_branch_dag.py for tasks to queue
[2026-03-28T19:01:30.655+0500] {logging_mixin.py:188} INFO - [2026-03-28T19:01:30.654+0500] {dagbag.py:545} INFO - Filling up the DagBag from /home/abayturar/airflow-project/venv/lib/python3.12/site-packages/airflow/example_dags/example_nested_branch_dag.py
[2026-03-28T19:01:30.667+0500] {processor.py:840} INFO - DAG(s) 'example_nested_branch_dag' retrieved from /home/abayturar/airflow-project/venv/lib/python3.12/site-packages/airflow/example_dags/example_nested_branch_dag.py
[2026-03-28T19:01:30.685+0500] {logging_mixin.py:188} INFO - [2026-03-28T19:01:30.685+0500] {dag.py:3089} INFO - Sync 1 DAGs
[2026-03-28T19:01:30.701+0500] {logging_mixin.py:188} INFO - [2026-03-28T19:01:30.701+0500] {dag.py:3947} INFO - Setting next_dagrun for example_nested_branch_dag to 2026-03-27 00:00:00+00:00, run_after=2026-03-28 00:00:00+00:00
[2026-03-28T19:01:30.730+0500] {processor.py:183} INFO - Processing /home/abayturar/airflow-project/venv/lib/python3.12/site-packages/airflow/example_dags/example_nested_branch_dag.py took 0.084 seconds
[2026-03-28T19:02:18.638+0500] {processor.py:161} INFO - Started process (PID=25138) to work on /home/abayturar/airflow-project/venv/lib/python3.12/site-packages/airflow/example_dags/example_nested_branch_dag.py
[2026-03-28T19:02:18.639+0500] {processor.py:830} INFO - Processing file /home/abayturar/airflow-project/venv/lib/python3.12/site-packages/airflow/example_dags/example_nested_branch_dag.py for tasks to queue
[2026-03-28T19:02:18.641+0500] {logging_mixin.py:188} INFO - [2026-03-28T19:02:18.641+0500] {dagbag.py:545} INFO - Filling up the DagBag from /home/abayturar/airflow-project/venv/lib/python3.12/site-packages/airflow/example_dags/example_nested_branch_dag.py
[2026-03-28T19:02:18.652+0500] {processor.py:840} INFO - DAG(s) 'example_nested_branch_dag' retrieved from /home/abayturar/airflow-project/venv/lib/python3.12/site-packages/airflow/example_dags/example_nested_branch_dag.py
[2026-03-28T19:02:18.671+0500] {logging_mixin.py:188} INFO - [2026-03-28T19:02:18.671+0500] {dag.py:3089} INFO - Sync 1 DAGs
[2026-03-28T19:02:18.689+0500] {logging_mixin.py:188} INFO - [2026-03-28T19:02:18.689+0500] {dag.py:3947} INFO - Setting next_dagrun for example_nested_branch_dag to 2026-03-27 00:00:00+00:00, run_after=2026-03-28 00:00:00+00:00
[2026-03-28T19:02:18.717+0500] {processor.py:183} INFO - Processing /home/abayturar/airflow-project/venv/lib/python3.12/site-packages/airflow/example_dags/example_nested_branch_dag.py took 0.085 seconds
[2026-03-28T19:03:21.785+0500] {processor.py:161} INFO - Started process (PID=25308) to work on /home/abayturar/airflow-project/venv/lib/python3.12/site-packages/airflow/example_dags/example_nested_branch_dag.py
[2026-03-28T19:03:21.786+0500] {processor.py:830} INFO - Processing file /home/abayturar/airflow-project/venv/lib/python3.12/site-packages/airflow/example_dags/example_nested_branch_dag.py for tasks to queue
[2026-03-28T19:03:21.788+0500] {logging_mixin.py:188} INFO - [2026-03-28T19:03:21.787+0500] {dagbag.py:545} INFO - Filling up the DagBag from /home/abayturar/airflow-project/venv/lib/python3.12/site-packages/airflow/example_dags/example_nested_branch_dag.py
[2026-03-28T19:03:21.799+0500] {processor.py:840} INFO - DAG(s) 'example_nested_branch_dag' retrieved from /home/abayturar/airflow-project/venv/lib/python3.12/site-packages/airflow/example_dags/example_nested_branch_dag.py
[2026-03-28T19:03:21.820+0500] {logging_mixin.py:188} INFO - [2026-03-28T19:03:21.820+0500] {dag.py:3089} INFO - Sync 1 DAGs
[2026-03-28T19:03:21.838+0500] {logging_mixin.py:188} INFO - [2026-03-28T19:03:21.838+0500] {dag.py:3947} INFO - Setting next_dagrun for example_nested_branch_dag to 2026-03-27 00:00:00+00:00, run_after=2026-03-28 00:00:00+00:00
[2026-03-28T19:03:21.856+0500] {processor.py:183} INFO - Processing /home/abayturar/airflow-project/venv/lib/python3.12/site-packages/airflow/example_dags/example_nested_branch_dag.py took 0.079 seconds
[2026-03-28T19:04:31.465+0500] {processor.py:161} INFO - Started process (PID=25497) to work on /home/abayturar/airflow-project/venv/lib/python3.12/site-packages/airflow/example_dags/example_nested_branch_dag.py
[2026-03-28T19:04:31.466+0500] {processor.py:830} INFO - Processing file /home/abayturar/airflow-project/venv/lib/python3.12/site-packages/airflow/example_dags/example_nested_branch_dag.py for tasks to queue
[2026-03-28T19:04:31.467+0500] {logging_mixin.py:188} INFO - [2026-03-28T19:04:31.467+0500] {dagbag.py:545} INFO - Filling up the DagBag from /home/abayturar/airflow-project/venv/lib/python3.12/site-packages/airflow/example_dags/example_nested_branch_dag.py
[2026-03-28T19:04:31.477+0500] {processor.py:840} INFO - DAG(s) 'example_nested_branch_dag' retrieved from /home/abayturar/airflow-project/venv/lib/python3.12/site-packages/airflow/example_dags/example_nested_branch_dag.py
[2026-03-28T19:04:31.493+0500] {logging_mixin.py:188} INFO - [2026-03-28T19:04:31.492+0500] {dag.py:3089} INFO - Sync 1 DAGs
[2026-03-28T19:04:31.507+0500] {logging_mixin.py:188} INFO - [2026-03-28T19:04:31.507+0500] {dag.py:3947} INFO - Setting next_dagrun for example_nested_branch_dag to 2026-03-27 00:00:00+00:00, run_after=2026-03-28 00:00:00+00:00
[2026-03-28T19:04:31.523+0500] {processor.py:183} INFO - Processing /home/abayturar/airflow-project/venv/lib/python3.12/site-packages/airflow/example_dags/example_nested_branch_dag.py took 0.064 seconds
[2026-03-28T19:05:15.877+0500] {processor.py:161} INFO - Started process (PID=25620) to work on /home/abayturar/airflow-project/venv/lib/python3.12/site-packages/airflow/example_dags/example_nested_branch_dag.py
[2026-03-28T19:05:15.878+0500] {processor.py:830} INFO - Processing file /home/abayturar/airflow-project/venv/lib/python3.12/site-packages/airflow/example_dags/example_nested_branch_dag.py for tasks to queue
[2026-03-28T19:05:15.879+0500] {logging_mixin.py:188} INFO - [2026-03-28T19:05:15.879+0500] {dagbag.py:545} INFO - Filling up the DagBag from /home/abayturar/airflow-project/venv/lib/python3.12/site-packages/airflow/example_dags/example_nested_branch_dag.py
[2026-03-28T19:05:15.889+0500] {processor.py:840} INFO - DAG(s) 'example_nested_branch_dag' retrieved from /home/abayturar/airflow-project/venv/lib/python3.12/site-packages/airflow/example_dags/example_nested_branch_dag.py
[2026-03-28T19:05:15.905+0500] {logging_mixin.py:188} INFO - [2026-03-28T19:05:15.905+0500] {dag.py:3089} INFO - Sync 1 DAGs
[2026-03-28T19:05:15.918+0500] {logging_mixin.py:188} INFO - [2026-03-28T19:05:15.918+0500] {dag.py:3947} INFO - Setting next_dagrun for example_nested_branch_dag to 2026-03-27 00:00:00+00:00, run_after=2026-03-28 00:00:00+00:00
[2026-03-28T19:05:15.944+0500] {processor.py:183} INFO - Processing /home/abayturar/airflow-project/venv/lib/python3.12/site-packages/airflow/example_dags/example_nested_branch_dag.py took 0.074 seconds
[2026-03-28T19:06:21.759+0500] {processor.py:161} INFO - Started process (PID=25795) to work on /home/abayturar/airflow-project/venv/lib/python3.12/site-packages/airflow/example_dags/example_nested_branch_dag.py
[2026-03-28T19:06:21.760+0500] {processor.py:830} INFO - Processing file /home/abayturar/airflow-project/venv/lib/python3.12/site-packages/airflow/example_dags/example_nested_branch_dag.py for tasks to queue
[2026-03-28T19:06:21.762+0500] {logging_mixin.py:188} INFO - [2026-03-28T19:06:21.761+0500] {dagbag.py:545} INFO - Filling up the DagBag from /home/abayturar/airflow-project/venv/lib/python3.12/site-packages/airflow/example_dags/example_nested_branch_dag.py
[2026-03-28T19:06:21.772+0500] {processor.py:840} INFO - DAG(s) 'example_nested_branch_dag' retrieved from /home/abayturar/airflow-project/venv/lib/python3.12/site-packages/airflow/example_dags/example_nested_branch_dag.py
[2026-03-28T19:06:21.787+0500] {logging_mixin.py:188} INFO - [2026-03-28T19:06:21.787+0500] {dag.py:3089} INFO - Sync 1 DAGs
[2026-03-28T19:06:21.801+0500] {logging_mixin.py:188} INFO - [2026-03-28T19:06:21.801+0500] {dag.py:3947} INFO - Setting next_dagrun for example_nested_branch_dag to 2026-03-27 00:00:00+00:00, run_after=2026-03-28 00:00:00+00:00
[2026-03-28T19:06:21.816+0500] {processor.py:183} INFO - Processing /home/abayturar/airflow-project/venv/lib/python3.12/site-packages/airflow/example_dags/example_nested_branch_dag.py took 0.062 seconds
[2026-03-28T19:07:27.687+0500] {processor.py:161} INFO - Started process (PID=25976) to work on /home/abayturar/airflow-project/venv/lib/python3.12/site-packages/airflow/example_dags/example_nested_branch_dag.py
[2026-03-28T19:07:27.688+0500] {processor.py:830} INFO - Processing file /home/abayturar/airflow-project/venv/lib/python3.12/site-packages/airflow/example_dags/example_nested_branch_dag.py for tasks to queue
[2026-03-28T19:07:27.690+0500] {logging_mixin.py:188} INFO - [2026-03-28T19:07:27.690+0500] {dagbag.py:545} INFO - Filling up the DagBag from /home/abayturar/airflow-project/venv/lib/python3.12/site-packages/airflow/example_dags/example_nested_branch_dag.py
[2026-03-28T19:07:27.704+0500] {processor.py:840} INFO - DAG(s) 'example_nested_branch_dag' retrieved from /home/abayturar/airflow-project/venv/lib/python3.12/site-packages/airflow/example_dags/example_nested_branch_dag.py
[2026-03-28T19:07:27.723+0500] {logging_mixin.py:188} INFO - [2026-03-28T19:07:27.723+0500] {dag.py:3089} INFO - Sync 1 DAGs
[2026-03-28T19:07:27.739+0500] {logging_mixin.py:188} INFO - [2026-03-28T19:07:27.739+0500] {dag.py:3947} INFO - Setting next_dagrun for example_nested_branch_dag to 2026-03-27 00:00:00+00:00, run_after=2026-03-28 00:00:00+00:00
[2026-03-28T19:07:27.768+0500] {processor.py:183} INFO - Processing /home/abayturar/airflow-project/venv/lib/python3.12/site-packages/airflow/example_dags/example_nested_branch_dag.py took 0.088 seconds
[2026-03-28T19:08:17.543+0500] {processor.py:161} INFO - Started process (PID=26107) to work on /home/abayturar/airflow-project/venv/lib/python3.12/site-packages/airflow/example_dags/example_nested_branch_dag.py
[2026-03-28T19:08:17.544+0500] {processor.py:830} INFO - Processing file /home/abayturar/airflow-project/venv/lib/python3.12/site-packages/airflow/example_dags/example_nested_branch_dag.py for tasks to queue
[2026-03-28T19:08:17.546+0500] {logging_mixin.py:188} INFO - [2026-03-28T19:08:17.545+0500] {dagbag.py:545} INFO - Filling up the DagBag from /home/abayturar/airflow-project/venv/lib/python3.12/site-packages/airflow/example_dags/example_nested_branch_dag.py
[2026-03-28T19:08:17.558+0500] {processor.py:840} INFO - DAG(s) 'example_nested_branch_dag' retrieved from /home/abayturar/airflow-project/venv/lib/python3.12/site-packages/airflow/example_dags/example_nested_branch_dag.py
[2026-03-28T19:08:17.576+0500] {logging_mixin.py:188} INFO - [2026-03-28T19:08:17.576+0500] {dag.py:3089} INFO - Sync 1 DAGs
[2026-03-28T19:08:17.593+0500] {logging_mixin.py:188} INFO - [2026-03-28T19:08:17.593+0500] {dag.py:3947} INFO - Setting next_dagrun for example_nested_branch_dag to 2026-03-27 00:00:00+00:00, run_after=2026-03-28 00:00:00+00:00
[2026-03-28T19:08:17.610+0500] {processor.py:183} INFO - Processing /home/abayturar/airflow-project/venv/lib/python3.12/site-packages/airflow/example_dags/example_nested_branch_dag.py took 0.074 seconds
[2026-03-28T19:09:04.832+0500] {processor.py:161} INFO - Started process (PID=26235) to work on /home/abayturar/airflow-project/venv/lib/python3.12/site-packages/airflow/example_dags/example_nested_branch_dag.py
[2026-03-28T19:09:04.833+0500] {processor.py:830} INFO - Processing file /home/abayturar/airflow-project/venv/lib/python3.12/site-packages/airflow/example_dags/example_nested_branch_dag.py for tasks to queue
[2026-03-28T19:09:04.835+0500] {logging_mixin.py:188} INFO - [2026-03-28T19:09:04.835+0500] {dagbag.py:545} INFO - Filling up the DagBag from /home/abayturar/airflow-project/venv/lib/python3.12/site-packages/airflow/example_dags/example_nested_branch_dag.py
[2026-03-28T19:09:04.850+0500] {processor.py:840} INFO - DAG(s) 'example_nested_branch_dag' retrieved from /home/abayturar/airflow-project/venv/lib/python3.12/site-packages/airflow/example_dags/example_nested_branch_dag.py
[2026-03-28T19:09:04.870+0500] {logging_mixin.py:188} INFO - [2026-03-28T19:09:04.870+0500] {dag.py:3089} INFO - Sync 1 DAGs
[2026-03-28T19:09:04.885+0500] {logging_mixin.py:188} INFO - [2026-03-28T19:09:04.884+0500] {dag.py:3947} INFO - Setting next_dagrun for example_nested_branch_dag to 2026-03-27 00:00:00+00:00, run_after=2026-03-28 00:00:00+00:00
[2026-03-28T19:09:04.913+0500] {processor.py:183} INFO - Processing /home/abayturar/airflow-project/venv/lib/python3.12/site-packages/airflow/example_dags/example_nested_branch_dag.py took 0.090 seconds
[2026-03-28T19:10:13.078+0500] {processor.py:161} INFO - Started process (PID=26415) to work on /home/abayturar/airflow-project/venv/lib/python3.12/site-packages/airflow/example_dags/example_nested_branch_dag.py
[2026-03-28T19:10:13.079+0500] {processor.py:830} INFO - Processing file /home/abayturar/airflow-project/venv/lib/python3.12/site-packages/airflow/example_dags/example_nested_branch_dag.py for tasks to queue
[2026-03-28T19:10:13.081+0500] {logging_mixin.py:188} INFO - [2026-03-28T19:10:13.080+0500] {dagbag.py:545} INFO - Filling up the DagBag from /home/abayturar/airflow-project/venv/lib/python3.12/site-packages/airflow/example_dags/example_nested_branch_dag.py
[2026-03-28T19:10:13.093+0500] {processor.py:840} INFO - DAG(s) 'example_nested_branch_dag' retrieved from /home/abayturar/airflow-project/venv/lib/python3.12/site-packages/airflow/example_dags/example_nested_branch_dag.py
[2026-03-28T19:10:13.112+0500] {logging_mixin.py:188} INFO - [2026-03-28T19:10:13.112+0500] {dag.py:3089} INFO - Sync 1 DAGs
[2026-03-28T19:10:13.129+0500] {logging_mixin.py:188} INFO - [2026-03-28T19:10:13.129+0500] {dag.py:3947} INFO - Setting next_dagrun for example_nested_branch_dag to 2026-03-27 00:00:00+00:00, run_after=2026-03-28 00:00:00+00:00
[2026-03-28T19:10:13.151+0500] {processor.py:183} INFO - Processing /home/abayturar/airflow-project/venv/lib/python3.12/site-packages/airflow/example_dags/example_nested_branch_dag.py took 0.081 seconds
[2026-03-28T19:10:59.805+0500] {processor.py:161} INFO - Started process (PID=26541) to work on /home/abayturar/airflow-project/venv/lib/python3.12/site-packages/airflow/example_dags/example_nested_branch_dag.py
[2026-03-28T19:10:59.806+0500] {processor.py:830} INFO - Processing file /home/abayturar/airflow-project/venv/lib/python3.12/site-packages/airflow/example_dags/example_nested_branch_dag.py for tasks to queue
[2026-03-28T19:10:59.808+0500] {logging_mixin.py:188} INFO - [2026-03-28T19:10:59.807+0500] {dagbag.py:545} INFO - Filling up the DagBag from /home/abayturar/airflow-project/venv/lib/python3.12/site-packages/airflow/example_dags/example_nested_branch_dag.py
[2026-03-28T19:10:59.817+0500] {processor.py:840} INFO - DAG(s) 'example_nested_branch_dag' retrieved from /home/abayturar/airflow-project/venv/lib/python3.12/site-packages/airflow/example_dags/example_nested_branch_dag.py
[2026-03-28T19:10:59.832+0500] {logging_mixin.py:188} INFO - [2026-03-28T19:10:59.832+0500] {dag.py:3089} INFO - Sync 1 DAGs
[2026-03-28T19:10:59.845+0500] {logging_mixin.py:188} INFO - [2026-03-28T19:10:59.845+0500] {dag.py:3947} INFO - Setting next_dagrun for example_nested_branch_dag to 2026-03-27 00:00:00+00:00, run_after=2026-03-28 00:00:00+00:00
[2026-03-28T19:10:59.871+0500] {processor.py:183} INFO - Processing /home/abayturar/airflow-project/venv/lib/python3.12/site-packages/airflow/example_dags/example_nested_branch_dag.py took 0.072 seconds
[2026-03-28T19:11:47.982+0500] {processor.py:161} INFO - Started process (PID=26668) to work on /home/abayturar/airflow-project/venv/lib/python3.12/site-packages/airflow/example_dags/example_nested_branch_dag.py
[2026-03-28T19:11:47.983+0500] {processor.py:830} INFO - Processing file /home/abayturar/airflow-project/venv/lib/python3.12/site-packages/airflow/example_dags/example_nested_branch_dag.py for tasks to queue
[2026-03-28T19:11:47.985+0500] {logging_mixin.py:188} INFO - [2026-03-28T19:11:47.984+0500] {dagbag.py:545} INFO - Filling up the DagBag from /home/abayturar/airflow-project/venv/lib/python3.12/site-packages/airflow/example_dags/example_nested_branch_dag.py
[2026-03-28T19:11:47.995+0500] {processor.py:840} INFO - DAG(s) 'example_nested_branch_dag' retrieved from /home/abayturar/airflow-project/venv/lib/python3.12/site-packages/airflow/example_dags/example_nested_branch_dag.py
[2026-03-28T19:11:48.012+0500] {logging_mixin.py:188} INFO - [2026-03-28T19:11:48.012+0500] {dag.py:3089} INFO - Sync 1 DAGs
[2026-03-28T19:11:48.028+0500] {logging_mixin.py:188} INFO - [2026-03-28T19:11:48.027+0500] {dag.py:3947} INFO - Setting next_dagrun for example_nested_branch_dag to 2026-03-27 00:00:00+00:00, run_after=2026-03-28 00:00:00+00:00
[2026-03-28T19:11:48.056+0500] {processor.py:183} INFO - Processing /home/abayturar/airflow-project/venv/lib/python3.12/site-packages/airflow/example_dags/example_nested_branch_dag.py took 0.081 seconds
[2026-03-28T19:12:36.038+0500] {processor.py:161} INFO - Started process (PID=26794) to work on /home/abayturar/airflow-project/venv/lib/python3.12/site-packages/airflow/example_dags/example_nested_branch_dag.py
[2026-03-28T19:12:36.039+0500] {processor.py:830} INFO - Processing file /home/abayturar/airflow-project/venv/lib/python3.12/site-packages/airflow/example_dags/example_nested_branch_dag.py for tasks to queue
[2026-03-28T19:12:36.042+0500] {logging_mixin.py:188} INFO - [2026-03-28T19:12:36.042+0500] {dagbag.py:545} INFO - Filling up the DagBag from /home/abayturar/airflow-project/venv/lib/python3.12/site-packages/airflow/example_dags/example_nested_branch_dag.py
[2026-03-28T19:12:36.054+0500] {processor.py:840} INFO - DAG(s) 'example_nested_branch_dag' retrieved from /home/abayturar/airflow-project/venv/lib/python3.12/site-packages/airflow/example_dags/example_nested_branch_dag.py
[2026-03-28T19:12:36.070+0500] {logging_mixin.py:188} INFO - [2026-03-28T19:12:36.070+0500] {dag.py:3089} INFO - Sync 1 DAGs
[2026-03-28T19:12:36.085+0500] {logging_mixin.py:188} INFO - [2026-03-28T19:12:36.084+0500] {dag.py:3947} INFO - Setting next_dagrun for example_nested_branch_dag to 2026-03-27 00:00:00+00:00, run_after=2026-03-28 00:00:00+00:00
[2026-03-28T19:12:36.112+0500] {processor.py:183} INFO - Processing /home/abayturar/airflow-project/venv/lib/python3.12/site-packages/airflow/example_dags/example_nested_branch_dag.py took 0.083 seconds
[2026-03-28T19:13:22.931+0500] {processor.py:161} INFO - Started process (PID=26922) to work on /home/abayturar/airflow-project/venv/lib/python3.12/site-packages/airflow/example_dags/example_nested_branch_dag.py
[2026-03-28T19:13:22.932+0500] {processor.py:830} INFO - Processing file /home/abayturar/airflow-project/venv/lib/python3.12/site-packages/airflow/example_dags/example_nested_branch_dag.py for tasks to queue
[2026-03-28T19:13:22.933+0500] {logging_mixin.py:188} INFO - [2026-03-28T19:13:22.933+0500] {dagbag.py:545} INFO - Filling up the DagBag from /home/abayturar/airflow-project/venv/lib/python3.12/site-packages/airflow/example_dags/example_nested_branch_dag.py
[2026-03-28T19:13:22.943+0500] {processor.py:840} INFO - DAG(s) 'example_nested_branch_dag' retrieved from /home/abayturar/airflow-project/venv/lib/python3.12/site-packages/airflow/example_dags/example_nested_branch_dag.py
[2026-03-28T19:13:22.958+0500] {logging_mixin.py:188} INFO - [2026-03-28T19:13:22.957+0500] {dag.py:3089} INFO - Sync 1 DAGs
[2026-03-28T19:13:22.971+0500] {logging_mixin.py:188} INFO - [2026-03-28T19:13:22.971+0500] {dag.py:3947} INFO - Setting next_dagrun for example_nested_branch_dag to 2026-03-27 00:00:00+00:00, run_after=2026-03-28 00:00:00+00:00
[2026-03-28T19:13:22.998+0500] {processor.py:183} INFO - Processing /home/abayturar/airflow-project/venv/lib/python3.12/site-packages/airflow/example_dags/example_nested_branch_dag.py took 0.073 seconds
[2026-03-28T19:14:09.518+0500] {processor.py:161} INFO - Started process (PID=27048) to work on /home/abayturar/airflow-project/venv/lib/python3.12/site-packages/airflow/example_dags/example_nested_branch_dag.py
[2026-03-28T19:14:09.519+0500] {processor.py:830} INFO - Processing file /home/abayturar/airflow-project/venv/lib/python3.12/site-packages/airflow/example_dags/example_nested_branch_dag.py for tasks to queue
[2026-03-28T19:14:09.521+0500] {logging_mixin.py:188} INFO - [2026-03-28T19:14:09.521+0500] {dagbag.py:545} INFO - Filling up the DagBag from /home/abayturar/airflow-project/venv/lib/python3.12/site-packages/airflow/example_dags/example_nested_branch_dag.py
[2026-03-28T19:14:09.532+0500] {processor.py:840} INFO - DAG(s) 'example_nested_branch_dag' retrieved from /home/abayturar/airflow-project/venv/lib/python3.12/site-packages/airflow/example_dags/example_nested_branch_dag.py
[2026-03-28T19:14:09.549+0500] {logging_mixin.py:188} INFO - [2026-03-28T19:14:09.549+0500] {dag.py:3089} INFO - Sync 1 DAGs
[2026-03-28T19:14:09.565+0500] {logging_mixin.py:188} INFO - [2026-03-28T19:14:09.565+0500] {dag.py:3947} INFO - Setting next_dagrun for example_nested_branch_dag to 2026-03-27 00:00:00+00:00, run_after=2026-03-28 00:00:00+00:00
[2026-03-28T19:14:09.582+0500] {processor.py:183} INFO - Processing /home/abayturar/airflow-project/venv/lib/python3.12/site-packages/airflow/example_dags/example_nested_branch_dag.py took 0.071 seconds
[2026-03-28T19:14:58.541+0500] {processor.py:161} INFO - Started process (PID=27179) to work on /home/abayturar/airflow-project/venv/lib/python3.12/site-packages/airflow/example_dags/example_nested_branch_dag.py
[2026-03-28T19:14:58.542+0500] {processor.py:830} INFO - Processing file /home/abayturar/airflow-project/venv/lib/python3.12/site-packages/airflow/example_dags/example_nested_branch_dag.py for tasks to queue
[2026-03-28T19:14:58.543+0500] {logging_mixin.py:188} INFO - [2026-03-28T19:14:58.543+0500] {dagbag.py:545} INFO - Filling up the DagBag from /home/abayturar/airflow-project/venv/lib/python3.12/site-packages/airflow/example_dags/example_nested_branch_dag.py
[2026-03-28T19:14:58.553+0500] {processor.py:840} INFO - DAG(s) 'example_nested_branch_dag' retrieved from /home/abayturar/airflow-project/venv/lib/python3.12/site-packages/airflow/example_dags/example_nested_branch_dag.py
[2026-03-28T19:14:58.569+0500] {logging_mixin.py:188} INFO - [2026-03-28T19:14:58.569+0500] {dag.py:3089} INFO - Sync 1 DAGs
[2026-03-28T19:14:58.584+0500] {logging_mixin.py:188} INFO - [2026-03-28T19:14:58.584+0500] {dag.py:3947} INFO - Setting next_dagrun for example_nested_branch_dag to 2026-03-27 00:00:00+00:00, run_after=2026-03-28 00:00:00+00:00
[2026-03-28T19:14:58.601+0500] {processor.py:183} INFO - Processing /home/abayturar/airflow-project/venv/lib/python3.12/site-packages/airflow/example_dags/example_nested_branch_dag.py took 0.066 seconds
[2026-03-28T19:16:04.053+0500] {processor.py:161} INFO - Started process (PID=27361) to work on /home/abayturar/airflow-project/venv/lib/python3.12/site-packages/airflow/example_dags/example_nested_branch_dag.py
[2026-03-28T19:16:04.054+0500] {processor.py:830} INFO - Processing file /home/abayturar/airflow-project/venv/lib/python3.12/site-packages/airflow/example_dags/example_nested_branch_dag.py for tasks to queue
[2026-03-28T19:16:04.057+0500] {logging_mixin.py:188} INFO - [2026-03-28T19:16:04.056+0500] {dagbag.py:545} INFO - Filling up the DagBag from /home/abayturar/airflow-project/venv/lib/python3.12/site-packages/airflow/example_dags/example_nested_branch_dag.py
[2026-03-28T19:16:04.070+0500] {processor.py:840} INFO - DAG(s) 'example_nested_branch_dag' retrieved from /home/abayturar/airflow-project/venv/lib/python3.12/site-packages/airflow/example_dags/example_nested_branch_dag.py
[2026-03-28T19:16:04.093+0500] {logging_mixin.py:188} INFO - [2026-03-28T19:16:04.093+0500] {dag.py:3089} INFO - Sync 1 DAGs
[2026-03-28T19:16:04.117+0500] {logging_mixin.py:188} INFO - [2026-03-28T19:16:04.117+0500] {dag.py:3947} INFO - Setting next_dagrun for example_nested_branch_dag to 2026-03-27 00:00:00+00:00, run_after=2026-03-28 00:00:00+00:00
[2026-03-28T19:16:04.149+0500] {processor.py:183} INFO - Processing /home/abayturar/airflow-project/venv/lib/python3.12/site-packages/airflow/example_dags/example_nested_branch_dag.py took 0.106 seconds
[2026-03-28T19:16:51.676+0500] {processor.py:161} INFO - Started process (PID=27487) to work on /home/abayturar/airflow-project/venv/lib/python3.12/site-packages/airflow/example_dags/example_nested_branch_dag.py
[2026-03-28T19:16:51.677+0500] {processor.py:830} INFO - Processing file /home/abayturar/airflow-project/venv/lib/python3.12/site-packages/airflow/example_dags/example_nested_branch_dag.py for tasks to queue
[2026-03-28T19:16:51.679+0500] {logging_mixin.py:188} INFO - [2026-03-28T19:16:51.679+0500] {dagbag.py:545} INFO - Filling up the DagBag from /home/abayturar/airflow-project/venv/lib/python3.12/site-packages/airflow/example_dags/example_nested_branch_dag.py
[2026-03-28T19:16:51.690+0500] {processor.py:840} INFO - DAG(s) 'example_nested_branch_dag' retrieved from /home/abayturar/airflow-project/venv/lib/python3.12/site-packages/airflow/example_dags/example_nested_branch_dag.py
[2026-03-28T19:16:51.707+0500] {logging_mixin.py:188} INFO - [2026-03-28T19:16:51.707+0500] {dag.py:3089} INFO - Sync 1 DAGs
[2026-03-28T19:16:51.723+0500] {logging_mixin.py:188} INFO - [2026-03-28T19:16:51.723+0500] {dag.py:3947} INFO - Setting next_dagrun for example_nested_branch_dag to 2026-03-27 00:00:00+00:00, run_after=2026-03-28 00:00:00+00:00
[2026-03-28T19:16:51.740+0500] {processor.py:183} INFO - Processing /home/abayturar/airflow-project/venv/lib/python3.12/site-packages/airflow/example_dags/example_nested_branch_dag.py took 0.071 seconds
[2026-03-28T19:17:38.546+0500] {processor.py:161} INFO - Started process (PID=27612) to work on /home/abayturar/airflow-project/venv/lib/python3.12/site-packages/airflow/example_dags/example_nested_branch_dag.py
[2026-03-28T19:17:38.547+0500] {processor.py:830} INFO - Processing file /home/abayturar/airflow-project/venv/lib/python3.12/site-packages/airflow/example_dags/example_nested_branch_dag.py for tasks to queue
[2026-03-28T19:17:38.549+0500] {logging_mixin.py:188} INFO - [2026-03-28T19:17:38.549+0500] {dagbag.py:545} INFO - Filling up the DagBag from /home/abayturar/airflow-project/venv/lib/python3.12/site-packages/airflow/example_dags/example_nested_branch_dag.py
[2026-03-28T19:17:38.559+0500] {processor.py:840} INFO - DAG(s) 'example_nested_branch_dag' retrieved from /home/abayturar/airflow-project/venv/lib/python3.12/site-packages/airflow/example_dags/example_nested_branch_dag.py
[2026-03-28T19:17:38.575+0500] {logging_mixin.py:188} INFO - [2026-03-28T19:17:38.575+0500] {dag.py:3089} INFO - Sync 1 DAGs
[2026-03-28T19:17:38.590+0500] {logging_mixin.py:188} INFO - [2026-03-28T19:17:38.590+0500] {dag.py:3947} INFO - Setting next_dagrun for example_nested_branch_dag to 2026-03-27 00:00:00+00:00, run_after=2026-03-28 00:00:00+00:00
[2026-03-28T19:17:38.618+0500] {processor.py:183} INFO - Processing /home/abayturar/airflow-project/venv/lib/python3.12/site-packages/airflow/example_dags/example_nested_branch_dag.py took 0.078 seconds
[2026-03-28T19:18:42.609+0500] {processor.py:161} INFO - Started process (PID=27786) to work on /home/abayturar/airflow-project/venv/lib/python3.12/site-packages/airflow/example_dags/example_nested_branch_dag.py
[2026-03-28T19:18:42.610+0500] {processor.py:830} INFO - Processing file /home/abayturar/airflow-project/venv/lib/python3.12/site-packages/airflow/example_dags/example_nested_branch_dag.py for tasks to queue
[2026-03-28T19:18:42.612+0500] {logging_mixin.py:188} INFO - [2026-03-28T19:18:42.612+0500] {dagbag.py:545} INFO - Filling up the DagBag from /home/abayturar/airflow-project/venv/lib/python3.12/site-packages/airflow/example_dags/example_nested_branch_dag.py
[2026-03-28T19:18:42.624+0500] {processor.py:840} INFO - DAG(s) 'example_nested_branch_dag' retrieved from /home/abayturar/airflow-project/venv/lib/python3.12/site-packages/airflow/example_dags/example_nested_branch_dag.py
[2026-03-28T19:18:42.642+0500] {logging_mixin.py:188} INFO - [2026-03-28T19:18:42.642+0500] {dag.py:3089} INFO - Sync 1 DAGs
[2026-03-28T19:18:42.661+0500] {logging_mixin.py:188} INFO - [2026-03-28T19:18:42.660+0500] {dag.py:3947} INFO - Setting next_dagrun for example_nested_branch_dag to 2026-03-27 00:00:00+00:00, run_after=2026-03-28 00:00:00+00:00
[2026-03-28T19:18:42.691+0500] {processor.py:183} INFO - Processing /home/abayturar/airflow-project/venv/lib/python3.12/site-packages/airflow/example_dags/example_nested_branch_dag.py took 0.091 seconds
[2026-03-28T19:19:30.990+0500] {processor.py:161} INFO - Started process (PID=27912) to work on /home/abayturar/airflow-project/venv/lib/python3.12/site-packages/airflow/example_dags/example_nested_branch_dag.py
[2026-03-28T19:19:30.991+0500] {processor.py:830} INFO - Processing file /home/abayturar/airflow-project/venv/lib/python3.12/site-packages/airflow/example_dags/example_nested_branch_dag.py for tasks to queue
[2026-03-28T19:19:30.992+0500] {logging_mixin.py:188} INFO - [2026-03-28T19:19:30.992+0500] {dagbag.py:545} INFO - Filling up the DagBag from /home/abayturar/airflow-project/venv/lib/python3.12/site-packages/airflow/example_dags/example_nested_branch_dag.py
[2026-03-28T19:19:31.002+0500] {processor.py:840} INFO - DAG(s) 'example_nested_branch_dag' retrieved from /home/abayturar/airflow-project/venv/lib/python3.12/site-packages/airflow/example_dags/example_nested_branch_dag.py
[2026-03-28T19:19:31.018+0500] {logging_mixin.py:188} INFO - [2026-03-28T19:19:31.018+0500] {dag.py:3089} INFO - Sync 1 DAGs
[2026-03-28T19:19:31.033+0500] {logging_mixin.py:188} INFO - [2026-03-28T19:19:31.033+0500] {dag.py:3947} INFO - Setting next_dagrun for example_nested_branch_dag to 2026-03-27 00:00:00+00:00, run_after=2026-03-28 00:00:00+00:00
[2026-03-28T19:19:31.049+0500] {processor.py:183} INFO - Processing /home/abayturar/airflow-project/venv/lib/python3.12/site-packages/airflow/example_dags/example_nested_branch_dag.py took 0.065 seconds
[2026-03-28T19:20:19.214+0500] {processor.py:161} INFO - Started process (PID=28046) to work on /home/abayturar/airflow-project/venv/lib/python3.12/site-packages/airflow/example_dags/example_nested_branch_dag.py
[2026-03-28T19:20:19.215+0500] {processor.py:830} INFO - Processing file /home/abayturar/airflow-project/venv/lib/python3.12/site-packages/airflow/example_dags/example_nested_branch_dag.py for tasks to queue
[2026-03-28T19:20:19.217+0500] {logging_mixin.py:188} INFO - [2026-03-28T19:20:19.216+0500] {dagbag.py:545} INFO - Filling up the DagBag from /home/abayturar/airflow-project/venv/lib/python3.12/site-packages/airflow/example_dags/example_nested_branch_dag.py
[2026-03-28T19:20:19.226+0500] {processor.py:840} INFO - DAG(s) 'example_nested_branch_dag' retrieved from /home/abayturar/airflow-project/venv/lib/python3.12/site-packages/airflow/example_dags/example_nested_branch_dag.py
[2026-03-28T19:20:19.241+0500] {logging_mixin.py:188} INFO - [2026-03-28T19:20:19.241+0500] {dag.py:3089} INFO - Sync 1 DAGs
[2026-03-28T19:20:19.254+0500] {logging_mixin.py:188} INFO - [2026-03-28T19:20:19.254+0500] {dag.py:3947} INFO - Setting next_dagrun for example_nested_branch_dag to 2026-03-27 00:00:00+00:00, run_after=2026-03-28 00:00:00+00:00
[2026-03-28T19:20:19.281+0500] {processor.py:183} INFO - Processing /home/abayturar/airflow-project/venv/lib/python3.12/site-packages/airflow/example_dags/example_nested_branch_dag.py took 0.073 seconds
[2026-03-28T19:21:27.007+0500] {processor.py:161} INFO - Started process (PID=28265) to work on /home/abayturar/airflow-project/venv/lib/python3.12/site-packages/airflow/example_dags/example_nested_branch_dag.py
[2026-03-28T19:21:27.008+0500] {processor.py:830} INFO - Processing file /home/abayturar/airflow-project/venv/lib/python3.12/site-packages/airflow/example_dags/example_nested_branch_dag.py for tasks to queue
[2026-03-28T19:21:27.011+0500] {logging_mixin.py:188} INFO - [2026-03-28T19:21:27.010+0500] {dagbag.py:545} INFO - Filling up the DagBag from /home/abayturar/airflow-project/venv/lib/python3.12/site-packages/airflow/example_dags/example_nested_branch_dag.py
[2026-03-28T19:21:27.022+0500] {processor.py:840} INFO - DAG(s) 'example_nested_branch_dag' retrieved from /home/abayturar/airflow-project/venv/lib/python3.12/site-packages/airflow/example_dags/example_nested_branch_dag.py
[2026-03-28T19:21:27.041+0500] {logging_mixin.py:188} INFO - [2026-03-28T19:21:27.040+0500] {dag.py:3089} INFO - Sync 1 DAGs
[2026-03-28T19:21:27.057+0500] {logging_mixin.py:188} INFO - [2026-03-28T19:21:27.057+0500] {dag.py:3947} INFO - Setting next_dagrun for example_nested_branch_dag to 2026-03-27 00:00:00+00:00, run_after=2026-03-28 00:00:00+00:00
[2026-03-28T19:21:27.073+0500] {processor.py:183} INFO - Processing /home/abayturar/airflow-project/venv/lib/python3.12/site-packages/airflow/example_dags/example_nested_branch_dag.py took 0.072 seconds
[2026-03-28T19:22:30.908+0500] {processor.py:161} INFO - Started process (PID=28440) to work on /home/abayturar/airflow-project/venv/lib/python3.12/site-packages/airflow/example_dags/example_nested_branch_dag.py
[2026-03-28T19:22:30.909+0500] {processor.py:830} INFO - Processing file /home/abayturar/airflow-project/venv/lib/python3.12/site-packages/airflow/example_dags/example_nested_branch_dag.py for tasks to queue
[2026-03-28T19:22:30.911+0500] {logging_mixin.py:188} INFO - [2026-03-28T19:22:30.910+0500] {dagbag.py:545} INFO - Filling up the DagBag from /home/abayturar/airflow-project/venv/lib/python3.12/site-packages/airflow/example_dags/example_nested_branch_dag.py
[2026-03-28T19:22:30.921+0500] {processor.py:840} INFO - DAG(s) 'example_nested_branch_dag' retrieved from /home/abayturar/airflow-project/venv/lib/python3.12/site-packages/airflow/example_dags/example_nested_branch_dag.py
[2026-03-28T19:22:30.936+0500] {logging_mixin.py:188} INFO - [2026-03-28T19:22:30.936+0500] {dag.py:3089} INFO - Sync 1 DAGs
[2026-03-28T19:22:30.949+0500] {logging_mixin.py:188} INFO - [2026-03-28T19:22:30.949+0500] {dag.py:3947} INFO - Setting next_dagrun for example_nested_branch_dag to 2026-03-27 00:00:00+00:00, run_after=2026-03-28 00:00:00+00:00
[2026-03-28T19:22:30.976+0500] {processor.py:183} INFO - Processing /home/abayturar/airflow-project/venv/lib/python3.12/site-packages/airflow/example_dags/example_nested_branch_dag.py took 0.075 seconds
[2026-03-28T19:23:38.093+0500] {processor.py:161} INFO - Started process (PID=28624) to work on /home/abayturar/airflow-project/venv/lib/python3.12/site-packages/airflow/example_dags/example_nested_branch_dag.py
[2026-03-28T19:23:38.094+0500] {processor.py:830} INFO - Processing file /home/abayturar/airflow-project/venv/lib/python3.12/site-packages/airflow/example_dags/example_nested_branch_dag.py for tasks to queue
[2026-03-28T19:23:38.095+0500] {logging_mixin.py:188} INFO - [2026-03-28T19:23:38.095+0500] {dagbag.py:545} INFO - Filling up the DagBag from /home/abayturar/airflow-project/venv/lib/python3.12/site-packages/airflow/example_dags/example_nested_branch_dag.py
[2026-03-28T19:23:38.105+0500] {processor.py:840} INFO - DAG(s) 'example_nested_branch_dag' retrieved from /home/abayturar/airflow-project/venv/lib/python3.12/site-packages/airflow/example_dags/example_nested_branch_dag.py
[2026-03-28T19:23:38.120+0500] {logging_mixin.py:188} INFO - [2026-03-28T19:23:38.120+0500] {dag.py:3089} INFO - Sync 1 DAGs
[2026-03-28T19:23:38.133+0500] {logging_mixin.py:188} INFO - [2026-03-28T19:23:38.133+0500] {dag.py:3947} INFO - Setting next_dagrun for example_nested_branch_dag to 2026-03-27 00:00:00+00:00, run_after=2026-03-28 00:00:00+00:00
[2026-03-28T19:23:38.159+0500] {processor.py:183} INFO - Processing /home/abayturar/airflow-project/venv/lib/python3.12/site-packages/airflow/example_dags/example_nested_branch_dag.py took 0.072 seconds
[2026-03-28T19:24:26.077+0500] {processor.py:161} INFO - Started process (PID=28754) to work on /home/abayturar/airflow-project/venv/lib/python3.12/site-packages/airflow/example_dags/example_nested_branch_dag.py
[2026-03-28T19:24:26.078+0500] {processor.py:830} INFO - Processing file /home/abayturar/airflow-project/venv/lib/python3.12/site-packages/airflow/example_dags/example_nested_branch_dag.py for tasks to queue
[2026-03-28T19:24:26.079+0500] {logging_mixin.py:188} INFO - [2026-03-28T19:24:26.079+0500] {dagbag.py:545} INFO - Filling up the DagBag from /home/abayturar/airflow-project/venv/lib/python3.12/site-packages/airflow/example_dags/example_nested_branch_dag.py
[2026-03-28T19:24:26.094+0500] {processor.py:840} INFO - DAG(s) 'example_nested_branch_dag' retrieved from /home/abayturar/airflow-project/venv/lib/python3.12/site-packages/airflow/example_dags/example_nested_branch_dag.py
[2026-03-28T19:24:26.114+0500] {logging_mixin.py:188} INFO - [2026-03-28T19:24:26.114+0500] {dag.py:3089} INFO - Sync 1 DAGs
[2026-03-28T19:24:26.133+0500] {logging_mixin.py:188} INFO - [2026-03-28T19:24:26.133+0500] {dag.py:3947} INFO - Setting next_dagrun for example_nested_branch_dag to 2026-03-27 00:00:00+00:00, run_after=2026-03-28 00:00:00+00:00
[2026-03-28T19:24:26.167+0500] {processor.py:183} INFO - Processing /home/abayturar/airflow-project/venv/lib/python3.12/site-packages/airflow/example_dags/example_nested_branch_dag.py took 0.099 seconds
[2026-03-28T19:25:11.722+0500] {processor.py:161} INFO - Started process (PID=28876) to work on /home/abayturar/airflow-project/venv/lib/python3.12/site-packages/airflow/example_dags/example_nested_branch_dag.py
[2026-03-28T19:25:11.723+0500] {processor.py:830} INFO - Processing file /home/abayturar/airflow-project/venv/lib/python3.12/site-packages/airflow/example_dags/example_nested_branch_dag.py for tasks to queue
[2026-03-28T19:25:11.724+0500] {logging_mixin.py:188} INFO - [2026-03-28T19:25:11.724+0500] {dagbag.py:545} INFO - Filling up the DagBag from /home/abayturar/airflow-project/venv/lib/python3.12/site-packages/airflow/example_dags/example_nested_branch_dag.py
[2026-03-28T19:25:11.734+0500] {processor.py:840} INFO - DAG(s) 'example_nested_branch_dag' retrieved from /home/abayturar/airflow-project/venv/lib/python3.12/site-packages/airflow/example_dags/example_nested_branch_dag.py
[2026-03-28T19:25:11.749+0500] {logging_mixin.py:188} INFO - [2026-03-28T19:25:11.749+0500] {dag.py:3089} INFO - Sync 1 DAGs
[2026-03-28T19:25:11.764+0500] {logging_mixin.py:188} INFO - [2026-03-28T19:25:11.763+0500] {dag.py:3947} INFO - Setting next_dagrun for example_nested_branch_dag to 2026-03-27 00:00:00+00:00, run_after=2026-03-28 00:00:00+00:00
[2026-03-28T19:25:11.791+0500] {processor.py:183} INFO - Processing /home/abayturar/airflow-project/venv/lib/python3.12/site-packages/airflow/example_dags/example_nested_branch_dag.py took 0.075 seconds
[2026-03-28T19:25:58.956+0500] {processor.py:161} INFO - Started process (PID=29003) to work on /home/abayturar/airflow-project/venv/lib/python3.12/site-packages/airflow/example_dags/example_nested_branch_dag.py
[2026-03-28T19:25:58.957+0500] {processor.py:830} INFO - Processing file /home/abayturar/airflow-project/venv/lib/python3.12/site-packages/airflow/example_dags/example_nested_branch_dag.py for tasks to queue
[2026-03-28T19:25:58.959+0500] {logging_mixin.py:188} INFO - [2026-03-28T19:25:58.958+0500] {dagbag.py:545} INFO - Filling up the DagBag from /home/abayturar/airflow-project/venv/lib/python3.12/site-packages/airflow/example_dags/example_nested_branch_dag.py
[2026-03-28T19:25:58.968+0500] {processor.py:840} INFO - DAG(s) 'example_nested_branch_dag' retrieved from /home/abayturar/airflow-project/venv/lib/python3.12/site-packages/airflow/example_dags/example_nested_branch_dag.py
[2026-03-28T19:25:58.984+0500] {logging_mixin.py:188} INFO - [2026-03-28T19:25:58.984+0500] {dag.py:3089} INFO - Sync 1 DAGs
[2026-03-28T19:25:58.998+0500] {logging_mixin.py:188} INFO - [2026-03-28T19:25:58.998+0500] {dag.py:3947} INFO - Setting next_dagrun for example_nested_branch_dag to 2026-03-27 00:00:00+00:00, run_after=2026-03-28 00:00:00+00:00
[2026-03-28T19:25:59.025+0500] {processor.py:183} INFO - Processing /home/abayturar/airflow-project/venv/lib/python3.12/site-packages/airflow/example_dags/example_nested_branch_dag.py took 0.075 seconds
[2026-03-28T19:27:07.924+0500] {processor.py:161} INFO - Started process (PID=29186) to work on /home/abayturar/airflow-project/venv/lib/python3.12/site-packages/airflow/example_dags/example_nested_branch_dag.py
[2026-03-28T19:27:07.925+0500] {processor.py:830} INFO - Processing file /home/abayturar/airflow-project/venv/lib/python3.12/site-packages/airflow/example_dags/example_nested_branch_dag.py for tasks to queue
[2026-03-28T19:27:07.927+0500] {logging_mixin.py:188} INFO - [2026-03-28T19:27:07.927+0500] {dagbag.py:545} INFO - Filling up the DagBag from /home/abayturar/airflow-project/venv/lib/python3.12/site-packages/airflow/example_dags/example_nested_branch_dag.py
[2026-03-28T19:27:07.936+0500] {processor.py:840} INFO - DAG(s) 'example_nested_branch_dag' retrieved from /home/abayturar/airflow-project/venv/lib/python3.12/site-packages/airflow/example_dags/example_nested_branch_dag.py
[2026-03-28T19:27:07.951+0500] {logging_mixin.py:188} INFO - [2026-03-28T19:27:07.951+0500] {dag.py:3089} INFO - Sync 1 DAGs
[2026-03-28T19:27:07.966+0500] {logging_mixin.py:188} INFO - [2026-03-28T19:27:07.966+0500] {dag.py:3947} INFO - Setting next_dagrun for example_nested_branch_dag to 2026-03-27 00:00:00+00:00, run_after=2026-03-28 00:00:00+00:00
[2026-03-28T19:27:07.981+0500] {processor.py:183} INFO - Processing /home/abayturar/airflow-project/venv/lib/python3.12/site-packages/airflow/example_dags/example_nested_branch_dag.py took 0.063 seconds
[2026-03-28T19:27:55.631+0500] {processor.py:161} INFO - Started process (PID=29313) to work on /home/abayturar/airflow-project/venv/lib/python3.12/site-packages/airflow/example_dags/example_nested_branch_dag.py
[2026-03-28T19:27:55.632+0500] {processor.py:830} INFO - Processing file /home/abayturar/airflow-project/venv/lib/python3.12/site-packages/airflow/example_dags/example_nested_branch_dag.py for tasks to queue
[2026-03-28T19:27:55.634+0500] {logging_mixin.py:188} INFO - [2026-03-28T19:27:55.634+0500] {dagbag.py:545} INFO - Filling up the DagBag from /home/abayturar/airflow-project/venv/lib/python3.12/site-packages/airflow/example_dags/example_nested_branch_dag.py
[2026-03-28T19:27:55.644+0500] {processor.py:840} INFO - DAG(s) 'example_nested_branch_dag' retrieved from /home/abayturar/airflow-project/venv/lib/python3.12/site-packages/airflow/example_dags/example_nested_branch_dag.py
[2026-03-28T19:27:55.659+0500] {logging_mixin.py:188} INFO - [2026-03-28T19:27:55.659+0500] {dag.py:3089} INFO - Sync 1 DAGs
[2026-03-28T19:27:55.676+0500] {logging_mixin.py:188} INFO - [2026-03-28T19:27:55.676+0500] {dag.py:3947} INFO - Setting next_dagrun for example_nested_branch_dag to 2026-03-27 00:00:00+00:00, run_after=2026-03-28 00:00:00+00:00
[2026-03-28T19:27:55.691+0500] {processor.py:183} INFO - Processing /home/abayturar/airflow-project/venv/lib/python3.12/site-packages/airflow/example_dags/example_nested_branch_dag.py took 0.067 seconds
[2026-03-28T19:28:45.248+0500] {processor.py:161} INFO - Started process (PID=29444) to work on /home/abayturar/airflow-project/venv/lib/python3.12/site-packages/airflow/example_dags/example_nested_branch_dag.py
[2026-03-28T19:28:45.249+0500] {processor.py:830} INFO - Processing file /home/abayturar/airflow-project/venv/lib/python3.12/site-packages/airflow/example_dags/example_nested_branch_dag.py for tasks to queue
[2026-03-28T19:28:45.251+0500] {logging_mixin.py:188} INFO - [2026-03-28T19:28:45.251+0500] {dagbag.py:545} INFO - Filling up the DagBag from /home/abayturar/airflow-project/venv/lib/python3.12/site-packages/airflow/example_dags/example_nested_branch_dag.py
[2026-03-28T19:28:45.261+0500] {processor.py:840} INFO - DAG(s) 'example_nested_branch_dag' retrieved from /home/abayturar/airflow-project/venv/lib/python3.12/site-packages/airflow/example_dags/example_nested_branch_dag.py
[2026-03-28T19:28:45.277+0500] {logging_mixin.py:188} INFO - [2026-03-28T19:28:45.277+0500] {dag.py:3089} INFO - Sync 1 DAGs
[2026-03-28T19:28:45.291+0500] {logging_mixin.py:188} INFO - [2026-03-28T19:28:45.291+0500] {dag.py:3947} INFO - Setting next_dagrun for example_nested_branch_dag to 2026-03-27 00:00:00+00:00, run_after=2026-03-28 00:00:00+00:00
[2026-03-28T19:28:45.306+0500] {processor.py:183} INFO - Processing /home/abayturar/airflow-project/venv/lib/python3.12/site-packages/airflow/example_dags/example_nested_branch_dag.py took 0.064 seconds
[2026-03-28T19:29:32.857+0500] {processor.py:161} INFO - Started process (PID=29644) to work on /home/abayturar/airflow-project/venv/lib/python3.12/site-packages/airflow/example_dags/example_nested_branch_dag.py
[2026-03-28T19:29:32.858+0500] {processor.py:830} INFO - Processing file /home/abayturar/airflow-project/venv/lib/python3.12/site-packages/airflow/example_dags/example_nested_branch_dag.py for tasks to queue
[2026-03-28T19:29:32.860+0500] {logging_mixin.py:188} INFO - [2026-03-28T19:29:32.860+0500] {dagbag.py:545} INFO - Filling up the DagBag from /home/abayturar/airflow-project/venv/lib/python3.12/site-packages/airflow/example_dags/example_nested_branch_dag.py
[2026-03-28T19:29:32.870+0500] {processor.py:840} INFO - DAG(s) 'example_nested_branch_dag' retrieved from /home/abayturar/airflow-project/venv/lib/python3.12/site-packages/airflow/example_dags/example_nested_branch_dag.py
[2026-03-28T19:29:32.888+0500] {logging_mixin.py:188} INFO - [2026-03-28T19:29:32.887+0500] {dag.py:3089} INFO - Sync 1 DAGs
[2026-03-28T19:29:32.904+0500] {logging_mixin.py:188} INFO - [2026-03-28T19:29:32.904+0500] {dag.py:3947} INFO - Setting next_dagrun for example_nested_branch_dag to 2026-03-27 00:00:00+00:00, run_after=2026-03-28 00:00:00+00:00
[2026-03-28T19:29:32.932+0500] {processor.py:183} INFO - Processing /home/abayturar/airflow-project/venv/lib/python3.12/site-packages/airflow/example_dags/example_nested_branch_dag.py took 0.081 seconds
[2026-03-28T19:30:53.709+0500] {processor.py:161} INFO - Started process (PID=29889) to work on /home/abayturar/airflow-project/venv/lib/python3.12/site-packages/airflow/example_dags/example_nested_branch_dag.py
[2026-03-28T19:30:53.710+0500] {processor.py:830} INFO - Processing file /home/abayturar/airflow-project/venv/lib/python3.12/site-packages/airflow/example_dags/example_nested_branch_dag.py for tasks to queue
[2026-03-28T19:30:53.713+0500] {logging_mixin.py:188} INFO - [2026-03-28T19:30:53.713+0500] {dagbag.py:545} INFO - Filling up the DagBag from /home/abayturar/airflow-project/venv/lib/python3.12/site-packages/airflow/example_dags/example_nested_branch_dag.py
[2026-03-28T19:30:53.726+0500] {processor.py:840} INFO - DAG(s) 'example_nested_branch_dag' retrieved from /home/abayturar/airflow-project/venv/lib/python3.12/site-packages/airflow/example_dags/example_nested_branch_dag.py
[2026-03-28T19:30:53.744+0500] {logging_mixin.py:188} INFO - [2026-03-28T19:30:53.744+0500] {dag.py:3089} INFO - Sync 1 DAGs
[2026-03-28T19:30:53.760+0500] {logging_mixin.py:188} INFO - [2026-03-28T19:30:53.760+0500] {dag.py:3947} INFO - Setting next_dagrun for example_nested_branch_dag to 2026-03-27 00:00:00+00:00, run_after=2026-03-28 00:00:00+00:00
[2026-03-28T19:30:53.778+0500] {processor.py:183} INFO - Processing /home/abayturar/airflow-project/venv/lib/python3.12/site-packages/airflow/example_dags/example_nested_branch_dag.py took 0.078 seconds
[2026-03-28T19:31:39.683+0500] {processor.py:161} INFO - Started process (PID=30019) to work on /home/abayturar/airflow-project/venv/lib/python3.12/site-packages/airflow/example_dags/example_nested_branch_dag.py
[2026-03-28T19:31:39.684+0500] {processor.py:830} INFO - Processing file /home/abayturar/airflow-project/venv/lib/python3.12/site-packages/airflow/example_dags/example_nested_branch_dag.py for tasks to queue
[2026-03-28T19:31:39.686+0500] {logging_mixin.py:188} INFO - [2026-03-28T19:31:39.686+0500] {dagbag.py:545} INFO - Filling up the DagBag from /home/abayturar/airflow-project/venv/lib/python3.12/site-packages/airflow/example_dags/example_nested_branch_dag.py
[2026-03-28T19:31:39.696+0500] {processor.py:840} INFO - DAG(s) 'example_nested_branch_dag' retrieved from /home/abayturar/airflow-project/venv/lib/python3.12/site-packages/airflow/example_dags/example_nested_branch_dag.py
[2026-03-28T19:31:39.712+0500] {logging_mixin.py:188} INFO - [2026-03-28T19:31:39.712+0500] {dag.py:3089} INFO - Sync 1 DAGs
[2026-03-28T19:31:39.727+0500] {logging_mixin.py:188} INFO - [2026-03-28T19:31:39.727+0500] {dag.py:3947} INFO - Setting next_dagrun for example_nested_branch_dag to 2026-03-27 00:00:00+00:00, run_after=2026-03-28 00:00:00+00:00
[2026-03-28T19:31:39.744+0500] {processor.py:183} INFO - Processing /home/abayturar/airflow-project/venv/lib/python3.12/site-packages/airflow/example_dags/example_nested_branch_dag.py took 0.068 seconds
[2026-03-28T19:32:32.561+0500] {processor.py:161} INFO - Started process (PID=30167) to work on /home/abayturar/airflow-project/venv/lib/python3.12/site-packages/airflow/example_dags/example_nested_branch_dag.py
[2026-03-28T19:32:32.562+0500] {processor.py:830} INFO - Processing file /home/abayturar/airflow-project/venv/lib/python3.12/site-packages/airflow/example_dags/example_nested_branch_dag.py for tasks to queue
[2026-03-28T19:32:32.564+0500] {logging_mixin.py:188} INFO - [2026-03-28T19:32:32.563+0500] {dagbag.py:545} INFO - Filling up the DagBag from /home/abayturar/airflow-project/venv/lib/python3.12/site-packages/airflow/example_dags/example_nested_branch_dag.py
[2026-03-28T19:32:32.573+0500] {processor.py:840} INFO - DAG(s) 'example_nested_branch_dag' retrieved from /home/abayturar/airflow-project/venv/lib/python3.12/site-packages/airflow/example_dags/example_nested_branch_dag.py
[2026-03-28T19:32:32.588+0500] {logging_mixin.py:188} INFO - [2026-03-28T19:32:32.588+0500] {dag.py:3089} INFO - Sync 1 DAGs
[2026-03-28T19:32:32.602+0500] {logging_mixin.py:188} INFO - [2026-03-28T19:32:32.602+0500] {dag.py:3947} INFO - Setting next_dagrun for example_nested_branch_dag to 2026-03-27 00:00:00+00:00, run_after=2026-03-28 00:00:00+00:00
[2026-03-28T19:32:32.618+0500] {processor.py:183} INFO - Processing /home/abayturar/airflow-project/venv/lib/python3.12/site-packages/airflow/example_dags/example_nested_branch_dag.py took 0.064 seconds
[2026-03-28T19:33:24.065+0500] {processor.py:161} INFO - Started process (PID=30318) to work on /home/abayturar/airflow-project/venv/lib/python3.12/site-packages/airflow/example_dags/example_nested_branch_dag.py
[2026-03-28T19:33:24.066+0500] {processor.py:830} INFO - Processing file /home/abayturar/airflow-project/venv/lib/python3.12/site-packages/airflow/example_dags/example_nested_branch_dag.py for tasks to queue
[2026-03-28T19:33:24.068+0500] {logging_mixin.py:188} INFO - [2026-03-28T19:33:24.067+0500] {dagbag.py:545} INFO - Filling up the DagBag from /home/abayturar/airflow-project/venv/lib/python3.12/site-packages/airflow/example_dags/example_nested_branch_dag.py
[2026-03-28T19:33:24.077+0500] {processor.py:840} INFO - DAG(s) 'example_nested_branch_dag' retrieved from /home/abayturar/airflow-project/venv/lib/python3.12/site-packages/airflow/example_dags/example_nested_branch_dag.py
[2026-03-28T19:33:24.092+0500] {logging_mixin.py:188} INFO - [2026-03-28T19:33:24.092+0500] {dag.py:3089} INFO - Sync 1 DAGs
[2026-03-28T19:33:24.106+0500] {logging_mixin.py:188} INFO - [2026-03-28T19:33:24.106+0500] {dag.py:3947} INFO - Setting next_dagrun for example_nested_branch_dag to 2026-03-27 00:00:00+00:00, run_after=2026-03-28 00:00:00+00:00
[2026-03-28T19:33:24.124+0500] {processor.py:183} INFO - Processing /home/abayturar/airflow-project/venv/lib/python3.12/site-packages/airflow/example_dags/example_nested_branch_dag.py took 0.065 seconds
[2026-03-28T19:35:44.718+0500] {processor.py:161} INFO - Started process (PID=30696) to work on /home/abayturar/airflow-project/venv/lib/python3.12/site-packages/airflow/example_dags/example_nested_branch_dag.py
[2026-03-28T19:35:44.719+0500] {processor.py:830} INFO - Processing file /home/abayturar/airflow-project/venv/lib/python3.12/site-packages/airflow/example_dags/example_nested_branch_dag.py for tasks to queue
[2026-03-28T19:35:44.721+0500] {logging_mixin.py:188} INFO - [2026-03-28T19:35:44.721+0500] {dagbag.py:545} INFO - Filling up the DagBag from /home/abayturar/airflow-project/venv/lib/python3.12/site-packages/airflow/example_dags/example_nested_branch_dag.py
[2026-03-28T19:35:44.732+0500] {processor.py:840} INFO - DAG(s) 'example_nested_branch_dag' retrieved from /home/abayturar/airflow-project/venv/lib/python3.12/site-packages/airflow/example_dags/example_nested_branch_dag.py
[2026-03-28T19:35:44.751+0500] {logging_mixin.py:188} INFO - [2026-03-28T19:35:44.750+0500] {dag.py:3089} INFO - Sync 1 DAGs
[2026-03-28T19:35:44.767+0500] {logging_mixin.py:188} INFO - [2026-03-28T19:35:44.766+0500] {dag.py:3947} INFO - Setting next_dagrun for example_nested_branch_dag to 2026-03-27 00:00:00+00:00, run_after=2026-03-28 00:00:00+00:00
[2026-03-28T19:35:44.795+0500] {processor.py:183} INFO - Processing /home/abayturar/airflow-project/venv/lib/python3.12/site-packages/airflow/example_dags/example_nested_branch_dag.py took 0.083 seconds
[2026-03-28T19:36:37.236+0500] {processor.py:161} INFO - Started process (PID=30838) to work on /home/abayturar/airflow-project/venv/lib/python3.12/site-packages/airflow/example_dags/example_nested_branch_dag.py
[2026-03-28T19:36:37.237+0500] {processor.py:830} INFO - Processing file /home/abayturar/airflow-project/venv/lib/python3.12/site-packages/airflow/example_dags/example_nested_branch_dag.py for tasks to queue
[2026-03-28T19:36:37.239+0500] {logging_mixin.py:188} INFO - [2026-03-28T19:36:37.238+0500] {dagbag.py:545} INFO - Filling up the DagBag from /home/abayturar/airflow-project/venv/lib/python3.12/site-packages/airflow/example_dags/example_nested_branch_dag.py
[2026-03-28T19:36:37.248+0500] {processor.py:840} INFO - DAG(s) 'example_nested_branch_dag' retrieved from /home/abayturar/airflow-project/venv/lib/python3.12/site-packages/airflow/example_dags/example_nested_branch_dag.py
[2026-03-28T19:36:37.263+0500] {logging_mixin.py:188} INFO - [2026-03-28T19:36:37.263+0500] {dag.py:3089} INFO - Sync 1 DAGs
[2026-03-28T19:36:37.278+0500] {logging_mixin.py:188} INFO - [2026-03-28T19:36:37.277+0500] {dag.py:3947} INFO - Setting next_dagrun for example_nested_branch_dag to 2026-03-27 00:00:00+00:00, run_after=2026-03-28 00:00:00+00:00
[2026-03-28T19:36:37.316+0500] {processor.py:183} INFO - Processing /home/abayturar/airflow-project/venv/lib/python3.12/site-packages/airflow/example_dags/example_nested_branch_dag.py took 0.085 seconds
[2026-03-28T19:37:29.907+0500] {processor.py:161} INFO - Started process (PID=30979) to work on /home/abayturar/airflow-project/venv/lib/python3.12/site-packages/airflow/example_dags/example_nested_branch_dag.py
[2026-03-28T19:37:29.908+0500] {processor.py:830} INFO - Processing file /home/abayturar/airflow-project/venv/lib/python3.12/site-packages/airflow/example_dags/example_nested_branch_dag.py for tasks to queue
[2026-03-28T19:37:29.909+0500] {logging_mixin.py:188} INFO - [2026-03-28T19:37:29.909+0500] {dagbag.py:545} INFO - Filling up the DagBag from /home/abayturar/airflow-project/venv/lib/python3.12/site-packages/airflow/example_dags/example_nested_branch_dag.py
[2026-03-28T19:37:29.919+0500] {processor.py:840} INFO - DAG(s) 'example_nested_branch_dag' retrieved from /home/abayturar/airflow-project/venv/lib/python3.12/site-packages/airflow/example_dags/example_nested_branch_dag.py
[2026-03-28T19:37:29.939+0500] {logging_mixin.py:188} INFO - [2026-03-28T19:37:29.939+0500] {dag.py:3089} INFO - Sync 1 DAGs
[2026-03-28T19:37:29.956+0500] {logging_mixin.py:188} INFO - [2026-03-28T19:37:29.955+0500] {dag.py:3947} INFO - Setting next_dagrun for example_nested_branch_dag to 2026-03-27 00:00:00+00:00, run_after=2026-03-28 00:00:00+00:00
[2026-03-28T19:37:29.984+0500] {processor.py:183} INFO - Processing /home/abayturar/airflow-project/venv/lib/python3.12/site-packages/airflow/example_dags/example_nested_branch_dag.py took 0.084 seconds
[2026-03-28T19:38:22.615+0500] {processor.py:161} INFO - Started process (PID=31122) to work on /home/abayturar/airflow-project/venv/lib/python3.12/site-packages/airflow/example_dags/example_nested_branch_dag.py
[2026-03-28T19:38:22.615+0500] {processor.py:830} INFO - Processing file /home/abayturar/airflow-project/venv/lib/python3.12/site-packages/airflow/example_dags/example_nested_branch_dag.py for tasks to queue
[2026-03-28T19:38:22.617+0500] {logging_mixin.py:188} INFO - [2026-03-28T19:38:22.617+0500] {dagbag.py:545} INFO - Filling up the DagBag from /home/abayturar/airflow-project/venv/lib/python3.12/site-packages/airflow/example_dags/example_nested_branch_dag.py
[2026-03-28T19:38:22.626+0500] {processor.py:840} INFO - DAG(s) 'example_nested_branch_dag' retrieved from /home/abayturar/airflow-project/venv/lib/python3.12/site-packages/airflow/example_dags/example_nested_branch_dag.py
[2026-03-28T19:38:22.641+0500] {logging_mixin.py:188} INFO - [2026-03-28T19:38:22.641+0500] {dag.py:3089} INFO - Sync 1 DAGs
[2026-03-28T19:38:22.655+0500] {logging_mixin.py:188} INFO - [2026-03-28T19:38:22.655+0500] {dag.py:3947} INFO - Setting next_dagrun for example_nested_branch_dag to 2026-03-27 00:00:00+00:00, run_after=2026-03-28 00:00:00+00:00
[2026-03-28T19:38:22.670+0500] {processor.py:183} INFO - Processing /home/abayturar/airflow-project/venv/lib/python3.12/site-packages/airflow/example_dags/example_nested_branch_dag.py took 0.061 seconds
[2026-03-28T19:39:28.317+0500] {processor.py:161} INFO - Started process (PID=31308) to work on /home/abayturar/airflow-project/venv/lib/python3.12/site-packages/airflow/example_dags/example_nested_branch_dag.py
[2026-03-28T19:39:28.318+0500] {processor.py:830} INFO - Processing file /home/abayturar/airflow-project/venv/lib/python3.12/site-packages/airflow/example_dags/example_nested_branch_dag.py for tasks to queue
[2026-03-28T19:39:28.320+0500] {logging_mixin.py:188} INFO - [2026-03-28T19:39:28.319+0500] {dagbag.py:545} INFO - Filling up the DagBag from /home/abayturar/airflow-project/venv/lib/python3.12/site-packages/airflow/example_dags/example_nested_branch_dag.py
[2026-03-28T19:39:28.329+0500] {processor.py:840} INFO - DAG(s) 'example_nested_branch_dag' retrieved from /home/abayturar/airflow-project/venv/lib/python3.12/site-packages/airflow/example_dags/example_nested_branch_dag.py
[2026-03-28T19:39:28.346+0500] {logging_mixin.py:188} INFO - [2026-03-28T19:39:28.346+0500] {dag.py:3089} INFO - Sync 1 DAGs
[2026-03-28T19:39:28.360+0500] {logging_mixin.py:188} INFO - [2026-03-28T19:39:28.360+0500] {dag.py:3947} INFO - Setting next_dagrun for example_nested_branch_dag to 2026-03-27 00:00:00+00:00, run_after=2026-03-28 00:00:00+00:00
[2026-03-28T19:39:28.387+0500] {processor.py:183} INFO - Processing /home/abayturar/airflow-project/venv/lib/python3.12/site-packages/airflow/example_dags/example_nested_branch_dag.py took 0.076 seconds
[2026-03-28T19:40:15.912+0500] {processor.py:161} INFO - Started process (PID=31434) to work on /home/abayturar/airflow-project/venv/lib/python3.12/site-packages/airflow/example_dags/example_nested_branch_dag.py
[2026-03-28T19:40:15.913+0500] {processor.py:830} INFO - Processing file /home/abayturar/airflow-project/venv/lib/python3.12/site-packages/airflow/example_dags/example_nested_branch_dag.py for tasks to queue
[2026-03-28T19:40:15.915+0500] {logging_mixin.py:188} INFO - [2026-03-28T19:40:15.914+0500] {dagbag.py:545} INFO - Filling up the DagBag from /home/abayturar/airflow-project/venv/lib/python3.12/site-packages/airflow/example_dags/example_nested_branch_dag.py
[2026-03-28T19:40:15.924+0500] {processor.py:840} INFO - DAG(s) 'example_nested_branch_dag' retrieved from /home/abayturar/airflow-project/venv/lib/python3.12/site-packages/airflow/example_dags/example_nested_branch_dag.py
[2026-03-28T19:40:15.939+0500] {logging_mixin.py:188} INFO - [2026-03-28T19:40:15.939+0500] {dag.py:3089} INFO - Sync 1 DAGs
[2026-03-28T19:40:15.952+0500] {logging_mixin.py:188} INFO - [2026-03-28T19:40:15.952+0500] {dag.py:3947} INFO - Setting next_dagrun for example_nested_branch_dag to 2026-03-27 00:00:00+00:00, run_after=2026-03-28 00:00:00+00:00
[2026-03-28T19:40:15.967+0500] {processor.py:183} INFO - Processing /home/abayturar/airflow-project/venv/lib/python3.12/site-packages/airflow/example_dags/example_nested_branch_dag.py took 0.060 seconds
[2026-03-28T19:41:20.987+0500] {processor.py:161} INFO - Started process (PID=31610) to work on /home/abayturar/airflow-project/venv/lib/python3.12/site-packages/airflow/example_dags/example_nested_branch_dag.py
[2026-03-28T19:41:20.988+0500] {processor.py:830} INFO - Processing file /home/abayturar/airflow-project/venv/lib/python3.12/site-packages/airflow/example_dags/example_nested_branch_dag.py for tasks to queue
[2026-03-28T19:41:20.990+0500] {logging_mixin.py:188} INFO - [2026-03-28T19:41:20.989+0500] {dagbag.py:545} INFO - Filling up the DagBag from /home/abayturar/airflow-project/venv/lib/python3.12/site-packages/airflow/example_dags/example_nested_branch_dag.py
[2026-03-28T19:41:20.999+0500] {processor.py:840} INFO - DAG(s) 'example_nested_branch_dag' retrieved from /home/abayturar/airflow-project/venv/lib/python3.12/site-packages/airflow/example_dags/example_nested_branch_dag.py
[2026-03-28T19:41:21.017+0500] {logging_mixin.py:188} INFO - [2026-03-28T19:41:21.016+0500] {dag.py:3089} INFO - Sync 1 DAGs
[2026-03-28T19:41:21.032+0500] {logging_mixin.py:188} INFO - [2026-03-28T19:41:21.031+0500] {dag.py:3947} INFO - Setting next_dagrun for example_nested_branch_dag to 2026-03-27 00:00:00+00:00, run_after=2026-03-28 00:00:00+00:00
[2026-03-28T19:41:21.059+0500] {processor.py:183} INFO - Processing /home/abayturar/airflow-project/venv/lib/python3.12/site-packages/airflow/example_dags/example_nested_branch_dag.py took 0.078 seconds
[2026-03-28T19:42:09.011+0500] {processor.py:161} INFO - Started process (PID=31737) to work on /home/abayturar/airflow-project/venv/lib/python3.12/site-packages/airflow/example_dags/example_nested_branch_dag.py
[2026-03-28T19:42:09.011+0500] {processor.py:830} INFO - Processing file /home/abayturar/airflow-project/venv/lib/python3.12/site-packages/airflow/example_dags/example_nested_branch_dag.py for tasks to queue
[2026-03-28T19:42:09.013+0500] {logging_mixin.py:188} INFO - [2026-03-28T19:42:09.013+0500] {dagbag.py:545} INFO - Filling up the DagBag from /home/abayturar/airflow-project/venv/lib/python3.12/site-packages/airflow/example_dags/example_nested_branch_dag.py
[2026-03-28T19:42:09.025+0500] {processor.py:840} INFO - DAG(s) 'example_nested_branch_dag' retrieved from /home/abayturar/airflow-project/venv/lib/python3.12/site-packages/airflow/example_dags/example_nested_branch_dag.py
[2026-03-28T19:42:09.044+0500] {logging_mixin.py:188} INFO - [2026-03-28T19:42:09.044+0500] {dag.py:3089} INFO - Sync 1 DAGs
[2026-03-28T19:42:09.061+0500] {logging_mixin.py:188} INFO - [2026-03-28T19:42:09.061+0500] {dag.py:3947} INFO - Setting next_dagrun for example_nested_branch_dag to 2026-03-27 00:00:00+00:00, run_after=2026-03-28 00:00:00+00:00
[2026-03-28T19:42:09.081+0500] {processor.py:183} INFO - Processing /home/abayturar/airflow-project/venv/lib/python3.12/site-packages/airflow/example_dags/example_nested_branch_dag.py took 0.077 seconds
[2026-03-28T19:42:59.370+0500] {processor.py:161} INFO - Started process (PID=31868) to work on /home/abayturar/airflow-project/venv/lib/python3.12/site-packages/airflow/example_dags/example_nested_branch_dag.py
[2026-03-28T19:42:59.371+0500] {processor.py:830} INFO - Processing file /home/abayturar/airflow-project/venv/lib/python3.12/site-packages/airflow/example_dags/example_nested_branch_dag.py for tasks to queue
[2026-03-28T19:42:59.372+0500] {logging_mixin.py:188} INFO - [2026-03-28T19:42:59.372+0500] {dagbag.py:545} INFO - Filling up the DagBag from /home/abayturar/airflow-project/venv/lib/python3.12/site-packages/airflow/example_dags/example_nested_branch_dag.py
[2026-03-28T19:42:59.381+0500] {processor.py:840} INFO - DAG(s) 'example_nested_branch_dag' retrieved from /home/abayturar/airflow-project/venv/lib/python3.12/site-packages/airflow/example_dags/example_nested_branch_dag.py
[2026-03-28T19:42:59.397+0500] {logging_mixin.py:188} INFO - [2026-03-28T19:42:59.397+0500] {dag.py:3089} INFO - Sync 1 DAGs
[2026-03-28T19:42:59.411+0500] {logging_mixin.py:188} INFO - [2026-03-28T19:42:59.411+0500] {dag.py:3947} INFO - Setting next_dagrun for example_nested_branch_dag to 2026-03-27 00:00:00+00:00, run_after=2026-03-28 00:00:00+00:00
[2026-03-28T19:42:59.426+0500] {processor.py:183} INFO - Processing /home/abayturar/airflow-project/venv/lib/python3.12/site-packages/airflow/example_dags/example_nested_branch_dag.py took 0.061 seconds
[2026-03-28T19:43:49.592+0500] {processor.py:161} INFO - Started process (PID=32004) to work on /home/abayturar/airflow-project/venv/lib/python3.12/site-packages/airflow/example_dags/example_nested_branch_dag.py
[2026-03-28T19:43:49.593+0500] {processor.py:830} INFO - Processing file /home/abayturar/airflow-project/venv/lib/python3.12/site-packages/airflow/example_dags/example_nested_branch_dag.py for tasks to queue
[2026-03-28T19:43:49.595+0500] {logging_mixin.py:188} INFO - [2026-03-28T19:43:49.594+0500] {dagbag.py:545} INFO - Filling up the DagBag from /home/abayturar/airflow-project/venv/lib/python3.12/site-packages/airflow/example_dags/example_nested_branch_dag.py
[2026-03-28T19:43:49.604+0500] {processor.py:840} INFO - DAG(s) 'example_nested_branch_dag' retrieved from /home/abayturar/airflow-project/venv/lib/python3.12/site-packages/airflow/example_dags/example_nested_branch_dag.py
[2026-03-28T19:43:49.621+0500] {logging_mixin.py:188} INFO - [2026-03-28T19:43:49.621+0500] {dag.py:3089} INFO - Sync 1 DAGs
[2026-03-28T19:43:49.636+0500] {logging_mixin.py:188} INFO - [2026-03-28T19:43:49.636+0500] {dag.py:3947} INFO - Setting next_dagrun for example_nested_branch_dag to 2026-03-27 00:00:00+00:00, run_after=2026-03-28 00:00:00+00:00
[2026-03-28T19:43:49.663+0500] {processor.py:183} INFO - Processing /home/abayturar/airflow-project/venv/lib/python3.12/site-packages/airflow/example_dags/example_nested_branch_dag.py took 0.077 seconds
[2026-03-28T19:44:56.658+0500] {processor.py:161} INFO - Started process (PID=32186) to work on /home/abayturar/airflow-project/venv/lib/python3.12/site-packages/airflow/example_dags/example_nested_branch_dag.py
[2026-03-28T19:44:56.659+0500] {processor.py:830} INFO - Processing file /home/abayturar/airflow-project/venv/lib/python3.12/site-packages/airflow/example_dags/example_nested_branch_dag.py for tasks to queue
[2026-03-28T19:44:56.662+0500] {logging_mixin.py:188} INFO - [2026-03-28T19:44:56.661+0500] {dagbag.py:545} INFO - Filling up the DagBag from /home/abayturar/airflow-project/venv/lib/python3.12/site-packages/airflow/example_dags/example_nested_branch_dag.py
[2026-03-28T19:44:56.673+0500] {processor.py:840} INFO - DAG(s) 'example_nested_branch_dag' retrieved from /home/abayturar/airflow-project/venv/lib/python3.12/site-packages/airflow/example_dags/example_nested_branch_dag.py
[2026-03-28T19:44:56.693+0500] {logging_mixin.py:188} INFO - [2026-03-28T19:44:56.692+0500] {dag.py:3089} INFO - Sync 1 DAGs
[2026-03-28T19:44:56.711+0500] {logging_mixin.py:188} INFO - [2026-03-28T19:44:56.710+0500] {dag.py:3947} INFO - Setting next_dagrun for example_nested_branch_dag to 2026-03-27 00:00:00+00:00, run_after=2026-03-28 00:00:00+00:00
[2026-03-28T19:44:56.733+0500] {processor.py:183} INFO - Processing /home/abayturar/airflow-project/venv/lib/python3.12/site-packages/airflow/example_dags/example_nested_branch_dag.py took 0.082 seconds
