[2026-03-28T15:21:10.187+0500] {processor.py:161} INFO - Started process (PID=11826) to work on /home/abayturar/airflow-project/venv/lib/python3.12/site-packages/airflow/example_dags/example_trigger_controller_dag.py
[2026-03-28T15:21:10.188+0500] {processor.py:830} INFO - Processing file /home/abayturar/airflow-project/venv/lib/python3.12/site-packages/airflow/example_dags/example_trigger_controller_dag.py for tasks to queue
[2026-03-28T15:21:10.190+0500] {logging_mixin.py:188} INFO - [2026-03-28T15:21:10.189+0500] {dagbag.py:545} INFO - Filling up the DagBag from /home/abayturar/airflow-project/venv/lib/python3.12/site-packages/airflow/example_dags/example_trigger_controller_dag.py
[2026-03-28T15:21:10.210+0500] {processor.py:840} INFO - DAG(s) 'example_trigger_controller_dag' retrieved from /home/abayturar/airflow-project/venv/lib/python3.12/site-packages/airflow/example_dags/example_trigger_controller_dag.py
[2026-03-28T15:21:10.305+0500] {logging_mixin.py:188} INFO - [2026-03-28T15:21:10.304+0500] {override.py:1858} INFO - Created Permission View: can edit on DAG:example_trigger_controller_dag
[2026-03-28T15:21:10.313+0500] {logging_mixin.py:188} INFO - [2026-03-28T15:21:10.313+0500] {override.py:1858} INFO - Created Permission View: can read on DAG:example_trigger_controller_dag
[2026-03-28T15:21:10.319+0500] {logging_mixin.py:188} INFO - [2026-03-28T15:21:10.318+0500] {override.py:1858} INFO - Created Permission View: can delete on DAG:example_trigger_controller_dag
[2026-03-28T15:21:10.319+0500] {logging_mixin.py:188} INFO - [2026-03-28T15:21:10.319+0500] {dag.py:3089} INFO - Sync 1 DAGs
[2026-03-28T15:21:10.327+0500] {logging_mixin.py:188} INFO - [2026-03-28T15:21:10.327+0500] {dag.py:3111} INFO - Creating ORM DAG for example_trigger_controller_dag
[2026-03-28T15:21:10.333+0500] {logging_mixin.py:188} INFO - [2026-03-28T15:21:10.333+0500] {dag.py:3947} INFO - Setting next_dagrun for example_trigger_controller_dag to 2021-01-01 00:00:00+00:00, run_after=2021-01-01 00:00:00+00:00
[2026-03-28T15:21:10.348+0500] {processor.py:183} INFO - Processing /home/abayturar/airflow-project/venv/lib/python3.12/site-packages/airflow/example_dags/example_trigger_controller_dag.py took 0.167 seconds
[2026-03-28T15:22:06.270+0500] {processor.py:161} INFO - Started process (PID=11975) to work on /home/abayturar/airflow-project/venv/lib/python3.12/site-packages/airflow/example_dags/example_trigger_controller_dag.py
[2026-03-28T15:22:06.271+0500] {processor.py:830} INFO - Processing file /home/abayturar/airflow-project/venv/lib/python3.12/site-packages/airflow/example_dags/example_trigger_controller_dag.py for tasks to queue
[2026-03-28T15:22:06.273+0500] {logging_mixin.py:188} INFO - [2026-03-28T15:22:06.273+0500] {dagbag.py:545} INFO - Filling up the DagBag from /home/abayturar/airflow-project/venv/lib/python3.12/site-packages/airflow/example_dags/example_trigger_controller_dag.py
[2026-03-28T15:22:06.279+0500] {processor.py:840} INFO - DAG(s) 'example_trigger_controller_dag' retrieved from /home/abayturar/airflow-project/venv/lib/python3.12/site-packages/airflow/example_dags/example_trigger_controller_dag.py
[2026-03-28T15:22:06.296+0500] {logging_mixin.py:188} INFO - [2026-03-28T15:22:06.296+0500] {dag.py:3089} INFO - Sync 1 DAGs
[2026-03-28T15:22:06.312+0500] {logging_mixin.py:188} INFO - [2026-03-28T15:22:06.312+0500] {dag.py:3947} INFO - Setting next_dagrun for example_trigger_controller_dag to 2021-01-01 00:00:00+00:00, run_after=2021-01-01 00:00:00+00:00
[2026-03-28T15:22:06.343+0500] {processor.py:183} INFO - Processing /home/abayturar/airflow-project/venv/lib/python3.12/site-packages/airflow/example_dags/example_trigger_controller_dag.py took 0.079 seconds
[2026-03-28T15:22:55.161+0500] {processor.py:161} INFO - Started process (PID=12124) to work on /home/abayturar/airflow-project/venv/lib/python3.12/site-packages/airflow/example_dags/example_trigger_controller_dag.py
[2026-03-28T15:22:55.161+0500] {processor.py:830} INFO - Processing file /home/abayturar/airflow-project/venv/lib/python3.12/site-packages/airflow/example_dags/example_trigger_controller_dag.py for tasks to queue
[2026-03-28T15:22:55.163+0500] {logging_mixin.py:188} INFO - [2026-03-28T15:22:55.163+0500] {dagbag.py:545} INFO - Filling up the DagBag from /home/abayturar/airflow-project/venv/lib/python3.12/site-packages/airflow/example_dags/example_trigger_controller_dag.py
[2026-03-28T15:22:55.169+0500] {processor.py:840} INFO - DAG(s) 'example_trigger_controller_dag' retrieved from /home/abayturar/airflow-project/venv/lib/python3.12/site-packages/airflow/example_dags/example_trigger_controller_dag.py
[2026-03-28T15:22:55.185+0500] {logging_mixin.py:188} INFO - [2026-03-28T15:22:55.185+0500] {dag.py:3089} INFO - Sync 1 DAGs
[2026-03-28T15:22:55.199+0500] {logging_mixin.py:188} INFO - [2026-03-28T15:22:55.199+0500] {dag.py:3947} INFO - Setting next_dagrun for example_trigger_controller_dag to 2021-01-01 00:00:00+00:00, run_after=2021-01-01 00:00:00+00:00
[2026-03-28T15:22:55.225+0500] {processor.py:183} INFO - Processing /home/abayturar/airflow-project/venv/lib/python3.12/site-packages/airflow/example_dags/example_trigger_controller_dag.py took 0.071 seconds
[2026-03-28T15:23:41.681+0500] {processor.py:161} INFO - Started process (PID=12253) to work on /home/abayturar/airflow-project/venv/lib/python3.12/site-packages/airflow/example_dags/example_trigger_controller_dag.py
[2026-03-28T15:23:41.682+0500] {processor.py:830} INFO - Processing file /home/abayturar/airflow-project/venv/lib/python3.12/site-packages/airflow/example_dags/example_trigger_controller_dag.py for tasks to queue
[2026-03-28T15:23:41.685+0500] {logging_mixin.py:188} INFO - [2026-03-28T15:23:41.684+0500] {dagbag.py:545} INFO - Filling up the DagBag from /home/abayturar/airflow-project/venv/lib/python3.12/site-packages/airflow/example_dags/example_trigger_controller_dag.py
[2026-03-28T15:23:41.690+0500] {processor.py:840} INFO - DAG(s) 'example_trigger_controller_dag' retrieved from /home/abayturar/airflow-project/venv/lib/python3.12/site-packages/airflow/example_dags/example_trigger_controller_dag.py
[2026-03-28T15:23:41.708+0500] {logging_mixin.py:188} INFO - [2026-03-28T15:23:41.708+0500] {dag.py:3089} INFO - Sync 1 DAGs
[2026-03-28T15:23:41.724+0500] {logging_mixin.py:188} INFO - [2026-03-28T15:23:41.724+0500] {dag.py:3947} INFO - Setting next_dagrun for example_trigger_controller_dag to 2021-01-01 00:00:00+00:00, run_after=2021-01-01 00:00:00+00:00
[2026-03-28T15:23:41.743+0500] {processor.py:183} INFO - Processing /home/abayturar/airflow-project/venv/lib/python3.12/site-packages/airflow/example_dags/example_trigger_controller_dag.py took 0.068 seconds
[2026-03-28T15:24:30.653+0500] {processor.py:161} INFO - Started process (PID=12394) to work on /home/abayturar/airflow-project/venv/lib/python3.12/site-packages/airflow/example_dags/example_trigger_controller_dag.py
[2026-03-28T15:24:30.654+0500] {processor.py:830} INFO - Processing file /home/abayturar/airflow-project/venv/lib/python3.12/site-packages/airflow/example_dags/example_trigger_controller_dag.py for tasks to queue
[2026-03-28T15:24:30.657+0500] {logging_mixin.py:188} INFO - [2026-03-28T15:24:30.656+0500] {dagbag.py:545} INFO - Filling up the DagBag from /home/abayturar/airflow-project/venv/lib/python3.12/site-packages/airflow/example_dags/example_trigger_controller_dag.py
[2026-03-28T15:24:30.663+0500] {processor.py:840} INFO - DAG(s) 'example_trigger_controller_dag' retrieved from /home/abayturar/airflow-project/venv/lib/python3.12/site-packages/airflow/example_dags/example_trigger_controller_dag.py
[2026-03-28T15:24:30.685+0500] {logging_mixin.py:188} INFO - [2026-03-28T15:24:30.685+0500] {dag.py:3089} INFO - Sync 1 DAGs
[2026-03-28T15:24:30.706+0500] {logging_mixin.py:188} INFO - [2026-03-28T15:24:30.706+0500] {dag.py:3947} INFO - Setting next_dagrun for example_trigger_controller_dag to 2021-01-01 00:00:00+00:00, run_after=2021-01-01 00:00:00+00:00
[2026-03-28T15:24:30.734+0500] {processor.py:183} INFO - Processing /home/abayturar/airflow-project/venv/lib/python3.12/site-packages/airflow/example_dags/example_trigger_controller_dag.py took 0.090 seconds
[2026-03-28T15:25:50.706+0500] {processor.py:161} INFO - Started process (PID=12593) to work on /home/abayturar/airflow-project/venv/lib/python3.12/site-packages/airflow/example_dags/example_trigger_controller_dag.py
[2026-03-28T15:25:50.707+0500] {processor.py:830} INFO - Processing file /home/abayturar/airflow-project/venv/lib/python3.12/site-packages/airflow/example_dags/example_trigger_controller_dag.py for tasks to queue
[2026-03-28T15:25:50.709+0500] {logging_mixin.py:188} INFO - [2026-03-28T15:25:50.709+0500] {dagbag.py:545} INFO - Filling up the DagBag from /home/abayturar/airflow-project/venv/lib/python3.12/site-packages/airflow/example_dags/example_trigger_controller_dag.py
[2026-03-28T15:25:50.717+0500] {processor.py:840} INFO - DAG(s) 'example_trigger_controller_dag' retrieved from /home/abayturar/airflow-project/venv/lib/python3.12/site-packages/airflow/example_dags/example_trigger_controller_dag.py
[2026-03-28T15:25:50.734+0500] {logging_mixin.py:188} INFO - [2026-03-28T15:25:50.734+0500] {dag.py:3089} INFO - Sync 1 DAGs
[2026-03-28T15:25:50.749+0500] {logging_mixin.py:188} INFO - [2026-03-28T15:25:50.748+0500] {dag.py:3947} INFO - Setting next_dagrun for example_trigger_controller_dag to 2021-01-01 00:00:00+00:00, run_after=2021-01-01 00:00:00+00:00
[2026-03-28T15:25:50.778+0500] {processor.py:183} INFO - Processing /home/abayturar/airflow-project/venv/lib/python3.12/site-packages/airflow/example_dags/example_trigger_controller_dag.py took 0.077 seconds
[2026-03-28T15:26:57.139+0500] {processor.py:161} INFO - Started process (PID=12774) to work on /home/abayturar/airflow-project/venv/lib/python3.12/site-packages/airflow/example_dags/example_trigger_controller_dag.py
[2026-03-28T15:26:57.140+0500] {processor.py:830} INFO - Processing file /home/abayturar/airflow-project/venv/lib/python3.12/site-packages/airflow/example_dags/example_trigger_controller_dag.py for tasks to queue
[2026-03-28T15:26:57.141+0500] {logging_mixin.py:188} INFO - [2026-03-28T15:26:57.141+0500] {dagbag.py:545} INFO - Filling up the DagBag from /home/abayturar/airflow-project/venv/lib/python3.12/site-packages/airflow/example_dags/example_trigger_controller_dag.py
[2026-03-28T15:26:57.149+0500] {processor.py:840} INFO - DAG(s) 'example_trigger_controller_dag' retrieved from /home/abayturar/airflow-project/venv/lib/python3.12/site-packages/airflow/example_dags/example_trigger_controller_dag.py
[2026-03-28T15:26:57.158+0500] {logging_mixin.py:188} INFO - [2026-03-28T15:26:57.158+0500] {dag.py:3089} INFO - Sync 1 DAGs
[2026-03-28T15:26:57.174+0500] {logging_mixin.py:188} INFO - [2026-03-28T15:26:57.174+0500] {dag.py:3947} INFO - Setting next_dagrun for example_trigger_controller_dag to 2021-01-01 00:00:00+00:00, run_after=2021-01-01 00:00:00+00:00
[2026-03-28T15:26:57.193+0500] {processor.py:183} INFO - Processing /home/abayturar/airflow-project/venv/lib/python3.12/site-packages/airflow/example_dags/example_trigger_controller_dag.py took 0.059 seconds
[2026-03-28T18:17:31.227+0500] {processor.py:161} INFO - Started process (PID=17900) to work on /home/abayturar/airflow-project/venv/lib/python3.12/site-packages/airflow/example_dags/example_trigger_controller_dag.py
[2026-03-28T18:17:31.228+0500] {processor.py:830} INFO - Processing file /home/abayturar/airflow-project/venv/lib/python3.12/site-packages/airflow/example_dags/example_trigger_controller_dag.py for tasks to queue
[2026-03-28T18:17:31.230+0500] {logging_mixin.py:188} INFO - [2026-03-28T18:17:31.229+0500] {dagbag.py:545} INFO - Filling up the DagBag from /home/abayturar/airflow-project/venv/lib/python3.12/site-packages/airflow/example_dags/example_trigger_controller_dag.py
[2026-03-28T18:17:31.237+0500] {processor.py:840} INFO - DAG(s) 'example_trigger_controller_dag' retrieved from /home/abayturar/airflow-project/venv/lib/python3.12/site-packages/airflow/example_dags/example_trigger_controller_dag.py
[2026-03-28T18:17:31.334+0500] {logging_mixin.py:188} INFO - [2026-03-28T18:17:31.334+0500] {override.py:1858} INFO - Created Permission View: can edit on DAG:example_trigger_controller_dag
[2026-03-28T18:17:31.341+0500] {logging_mixin.py:188} INFO - [2026-03-28T18:17:31.341+0500] {override.py:1858} INFO - Created Permission View: can delete on DAG:example_trigger_controller_dag
[2026-03-28T18:17:31.346+0500] {logging_mixin.py:188} INFO - [2026-03-28T18:17:31.346+0500] {override.py:1858} INFO - Created Permission View: can read on DAG:example_trigger_controller_dag
[2026-03-28T18:17:31.347+0500] {logging_mixin.py:188} INFO - [2026-03-28T18:17:31.347+0500] {dag.py:3089} INFO - Sync 1 DAGs
[2026-03-28T18:17:31.353+0500] {logging_mixin.py:188} INFO - [2026-03-28T18:17:31.353+0500] {dag.py:3111} INFO - Creating ORM DAG for example_trigger_controller_dag
[2026-03-28T18:17:31.358+0500] {logging_mixin.py:188} INFO - [2026-03-28T18:17:31.358+0500] {dag.py:3947} INFO - Setting next_dagrun for example_trigger_controller_dag to 2021-01-01 00:00:00+00:00, run_after=2021-01-01 00:00:00+00:00
[2026-03-28T18:17:31.371+0500] {processor.py:183} INFO - Processing /home/abayturar/airflow-project/venv/lib/python3.12/site-packages/airflow/example_dags/example_trigger_controller_dag.py took 0.150 seconds
[2026-03-28T18:18:26.068+0500] {processor.py:161} INFO - Started process (PID=18045) to work on /home/abayturar/airflow-project/venv/lib/python3.12/site-packages/airflow/example_dags/example_trigger_controller_dag.py
[2026-03-28T18:18:26.069+0500] {processor.py:830} INFO - Processing file /home/abayturar/airflow-project/venv/lib/python3.12/site-packages/airflow/example_dags/example_trigger_controller_dag.py for tasks to queue
[2026-03-28T18:18:26.071+0500] {logging_mixin.py:188} INFO - [2026-03-28T18:18:26.070+0500] {dagbag.py:545} INFO - Filling up the DagBag from /home/abayturar/airflow-project/venv/lib/python3.12/site-packages/airflow/example_dags/example_trigger_controller_dag.py
[2026-03-28T18:18:26.076+0500] {processor.py:840} INFO - DAG(s) 'example_trigger_controller_dag' retrieved from /home/abayturar/airflow-project/venv/lib/python3.12/site-packages/airflow/example_dags/example_trigger_controller_dag.py
[2026-03-28T18:18:26.091+0500] {logging_mixin.py:188} INFO - [2026-03-28T18:18:26.090+0500] {dag.py:3089} INFO - Sync 1 DAGs
[2026-03-28T18:18:26.104+0500] {logging_mixin.py:188} INFO - [2026-03-28T18:18:26.104+0500] {dag.py:3947} INFO - Setting next_dagrun for example_trigger_controller_dag to 2021-01-01 00:00:00+00:00, run_after=2021-01-01 00:00:00+00:00
[2026-03-28T18:18:26.120+0500] {processor.py:183} INFO - Processing /home/abayturar/airflow-project/venv/lib/python3.12/site-packages/airflow/example_dags/example_trigger_controller_dag.py took 0.058 seconds
[2026-03-28T18:19:18.224+0500] {processor.py:161} INFO - Started process (PID=18206) to work on /home/abayturar/airflow-project/venv/lib/python3.12/site-packages/airflow/example_dags/example_trigger_controller_dag.py
[2026-03-28T18:19:18.225+0500] {processor.py:830} INFO - Processing file /home/abayturar/airflow-project/venv/lib/python3.12/site-packages/airflow/example_dags/example_trigger_controller_dag.py for tasks to queue
[2026-03-28T18:19:18.227+0500] {logging_mixin.py:188} INFO - [2026-03-28T18:19:18.227+0500] {dagbag.py:545} INFO - Filling up the DagBag from /home/abayturar/airflow-project/venv/lib/python3.12/site-packages/airflow/example_dags/example_trigger_controller_dag.py
[2026-03-28T18:19:18.233+0500] {processor.py:840} INFO - DAG(s) 'example_trigger_controller_dag' retrieved from /home/abayturar/airflow-project/venv/lib/python3.12/site-packages/airflow/example_dags/example_trigger_controller_dag.py
[2026-03-28T18:19:18.250+0500] {logging_mixin.py:188} INFO - [2026-03-28T18:19:18.250+0500] {dag.py:3089} INFO - Sync 1 DAGs
[2026-03-28T18:19:18.264+0500] {logging_mixin.py:188} INFO - [2026-03-28T18:19:18.264+0500] {dag.py:3947} INFO - Setting next_dagrun for example_trigger_controller_dag to 2021-01-01 00:00:00+00:00, run_after=2021-01-01 00:00:00+00:00
[2026-03-28T18:19:18.295+0500] {processor.py:183} INFO - Processing /home/abayturar/airflow-project/venv/lib/python3.12/site-packages/airflow/example_dags/example_trigger_controller_dag.py took 0.077 seconds
[2026-03-28T18:19:45.302+0500] {processor.py:161} INFO - Started process (PID=18283) to work on /home/abayturar/airflow-project/venv/lib/python3.12/site-packages/airflow/example_dags/example_trigger_controller_dag.py
[2026-03-28T18:19:45.303+0500] {processor.py:830} INFO - Processing file /home/abayturar/airflow-project/venv/lib/python3.12/site-packages/airflow/example_dags/example_trigger_controller_dag.py for tasks to queue
[2026-03-28T18:19:45.305+0500] {logging_mixin.py:188} INFO - [2026-03-28T18:19:45.304+0500] {dagbag.py:545} INFO - Filling up the DagBag from /home/abayturar/airflow-project/venv/lib/python3.12/site-packages/airflow/example_dags/example_trigger_controller_dag.py
[2026-03-28T18:19:45.312+0500] {processor.py:840} INFO - DAG(s) 'example_trigger_controller_dag' retrieved from /home/abayturar/airflow-project/venv/lib/python3.12/site-packages/airflow/example_dags/example_trigger_controller_dag.py
[2026-03-28T18:19:45.327+0500] {logging_mixin.py:188} INFO - [2026-03-28T18:19:45.327+0500] {dag.py:3089} INFO - Sync 1 DAGs
[2026-03-28T18:19:45.340+0500] {logging_mixin.py:188} INFO - [2026-03-28T18:19:45.340+0500] {dag.py:3947} INFO - Setting next_dagrun for example_trigger_controller_dag to 2021-01-01 00:00:00+00:00, run_after=2021-01-01 00:00:00+00:00
[2026-03-28T18:19:45.356+0500] {processor.py:183} INFO - Processing /home/abayturar/airflow-project/venv/lib/python3.12/site-packages/airflow/example_dags/example_trigger_controller_dag.py took 0.060 seconds
[2026-03-28T18:22:10.981+0500] {processor.py:161} INFO - Started process (PID=18540) to work on /home/abayturar/airflow-project/venv/lib/python3.12/site-packages/airflow/example_dags/example_trigger_controller_dag.py
[2026-03-28T18:22:10.982+0500] {processor.py:830} INFO - Processing file /home/abayturar/airflow-project/venv/lib/python3.12/site-packages/airflow/example_dags/example_trigger_controller_dag.py for tasks to queue
[2026-03-28T18:22:10.984+0500] {logging_mixin.py:188} INFO - [2026-03-28T18:22:10.983+0500] {dagbag.py:545} INFO - Filling up the DagBag from /home/abayturar/airflow-project/venv/lib/python3.12/site-packages/airflow/example_dags/example_trigger_controller_dag.py
[2026-03-28T18:22:10.991+0500] {processor.py:840} INFO - DAG(s) 'example_trigger_controller_dag' retrieved from /home/abayturar/airflow-project/venv/lib/python3.12/site-packages/airflow/example_dags/example_trigger_controller_dag.py
[2026-03-28T18:22:11.009+0500] {logging_mixin.py:188} INFO - [2026-03-28T18:22:11.009+0500] {dag.py:3089} INFO - Sync 1 DAGs
[2026-03-28T18:22:11.022+0500] {logging_mixin.py:188} INFO - [2026-03-28T18:22:11.022+0500] {dag.py:3947} INFO - Setting next_dagrun for example_trigger_controller_dag to 2021-01-01 00:00:00+00:00, run_after=2021-01-01 00:00:00+00:00
[2026-03-28T18:22:11.041+0500] {processor.py:183} INFO - Processing /home/abayturar/airflow-project/venv/lib/python3.12/site-packages/airflow/example_dags/example_trigger_controller_dag.py took 0.066 seconds
[2026-03-28T18:23:11.160+0500] {processor.py:161} INFO - Started process (PID=18731) to work on /home/abayturar/airflow-project/venv/lib/python3.12/site-packages/airflow/example_dags/example_trigger_controller_dag.py
[2026-03-28T18:23:11.161+0500] {processor.py:830} INFO - Processing file /home/abayturar/airflow-project/venv/lib/python3.12/site-packages/airflow/example_dags/example_trigger_controller_dag.py for tasks to queue
[2026-03-28T18:23:11.163+0500] {logging_mixin.py:188} INFO - [2026-03-28T18:23:11.163+0500] {dagbag.py:545} INFO - Filling up the DagBag from /home/abayturar/airflow-project/venv/lib/python3.12/site-packages/airflow/example_dags/example_trigger_controller_dag.py
[2026-03-28T18:23:11.168+0500] {processor.py:840} INFO - DAG(s) 'example_trigger_controller_dag' retrieved from /home/abayturar/airflow-project/venv/lib/python3.12/site-packages/airflow/example_dags/example_trigger_controller_dag.py
[2026-03-28T18:23:11.187+0500] {logging_mixin.py:188} INFO - [2026-03-28T18:23:11.186+0500] {dag.py:3089} INFO - Sync 1 DAGs
[2026-03-28T18:23:11.202+0500] {logging_mixin.py:188} INFO - [2026-03-28T18:23:11.202+0500] {dag.py:3947} INFO - Setting next_dagrun for example_trigger_controller_dag to 2021-01-01 00:00:00+00:00, run_after=2021-01-01 00:00:00+00:00
[2026-03-28T18:23:11.231+0500] {processor.py:183} INFO - Processing /home/abayturar/airflow-project/venv/lib/python3.12/site-packages/airflow/example_dags/example_trigger_controller_dag.py took 0.077 seconds
[2026-03-28T18:23:56.837+0500] {processor.py:161} INFO - Started process (PID=18854) to work on /home/abayturar/airflow-project/venv/lib/python3.12/site-packages/airflow/example_dags/example_trigger_controller_dag.py
[2026-03-28T18:23:56.838+0500] {processor.py:830} INFO - Processing file /home/abayturar/airflow-project/venv/lib/python3.12/site-packages/airflow/example_dags/example_trigger_controller_dag.py for tasks to queue
[2026-03-28T18:23:56.840+0500] {logging_mixin.py:188} INFO - [2026-03-28T18:23:56.840+0500] {dagbag.py:545} INFO - Filling up the DagBag from /home/abayturar/airflow-project/venv/lib/python3.12/site-packages/airflow/example_dags/example_trigger_controller_dag.py
[2026-03-28T18:23:56.849+0500] {processor.py:840} INFO - DAG(s) 'example_trigger_controller_dag' retrieved from /home/abayturar/airflow-project/venv/lib/python3.12/site-packages/airflow/example_dags/example_trigger_controller_dag.py
[2026-03-28T18:23:56.871+0500] {logging_mixin.py:188} INFO - [2026-03-28T18:23:56.871+0500] {dag.py:3089} INFO - Sync 1 DAGs
[2026-03-28T18:23:56.895+0500] {logging_mixin.py:188} INFO - [2026-03-28T18:23:56.894+0500] {dag.py:3947} INFO - Setting next_dagrun for example_trigger_controller_dag to 2021-01-01 00:00:00+00:00, run_after=2021-01-01 00:00:00+00:00
[2026-03-28T18:23:56.932+0500] {processor.py:183} INFO - Processing /home/abayturar/airflow-project/venv/lib/python3.12/site-packages/airflow/example_dags/example_trigger_controller_dag.py took 0.104 seconds
[2026-03-28T18:24:46.785+0500] {processor.py:161} INFO - Started process (PID=18984) to work on /home/abayturar/airflow-project/venv/lib/python3.12/site-packages/airflow/example_dags/example_trigger_controller_dag.py
[2026-03-28T18:24:46.786+0500] {processor.py:830} INFO - Processing file /home/abayturar/airflow-project/venv/lib/python3.12/site-packages/airflow/example_dags/example_trigger_controller_dag.py for tasks to queue
[2026-03-28T18:24:46.789+0500] {logging_mixin.py:188} INFO - [2026-03-28T18:24:46.788+0500] {dagbag.py:545} INFO - Filling up the DagBag from /home/abayturar/airflow-project/venv/lib/python3.12/site-packages/airflow/example_dags/example_trigger_controller_dag.py
[2026-03-28T18:24:46.794+0500] {processor.py:840} INFO - DAG(s) 'example_trigger_controller_dag' retrieved from /home/abayturar/airflow-project/venv/lib/python3.12/site-packages/airflow/example_dags/example_trigger_controller_dag.py
[2026-03-28T18:24:46.810+0500] {logging_mixin.py:188} INFO - [2026-03-28T18:24:46.810+0500] {dag.py:3089} INFO - Sync 1 DAGs
[2026-03-28T18:24:46.825+0500] {logging_mixin.py:188} INFO - [2026-03-28T18:24:46.824+0500] {dag.py:3947} INFO - Setting next_dagrun for example_trigger_controller_dag to 2021-01-01 00:00:00+00:00, run_after=2021-01-01 00:00:00+00:00
[2026-03-28T18:24:46.853+0500] {processor.py:183} INFO - Processing /home/abayturar/airflow-project/venv/lib/python3.12/site-packages/airflow/example_dags/example_trigger_controller_dag.py took 0.073 seconds
[2026-03-28T18:25:33.444+0500] {processor.py:161} INFO - Started process (PID=19111) to work on /home/abayturar/airflow-project/venv/lib/python3.12/site-packages/airflow/example_dags/example_trigger_controller_dag.py
[2026-03-28T18:25:33.445+0500] {processor.py:830} INFO - Processing file /home/abayturar/airflow-project/venv/lib/python3.12/site-packages/airflow/example_dags/example_trigger_controller_dag.py for tasks to queue
[2026-03-28T18:25:33.446+0500] {logging_mixin.py:188} INFO - [2026-03-28T18:25:33.446+0500] {dagbag.py:545} INFO - Filling up the DagBag from /home/abayturar/airflow-project/venv/lib/python3.12/site-packages/airflow/example_dags/example_trigger_controller_dag.py
[2026-03-28T18:25:33.452+0500] {processor.py:840} INFO - DAG(s) 'example_trigger_controller_dag' retrieved from /home/abayturar/airflow-project/venv/lib/python3.12/site-packages/airflow/example_dags/example_trigger_controller_dag.py
[2026-03-28T18:25:33.467+0500] {logging_mixin.py:188} INFO - [2026-03-28T18:25:33.467+0500] {dag.py:3089} INFO - Sync 1 DAGs
[2026-03-28T18:25:33.481+0500] {logging_mixin.py:188} INFO - [2026-03-28T18:25:33.481+0500] {dag.py:3947} INFO - Setting next_dagrun for example_trigger_controller_dag to 2021-01-01 00:00:00+00:00, run_after=2021-01-01 00:00:00+00:00
[2026-03-28T18:25:33.497+0500] {processor.py:183} INFO - Processing /home/abayturar/airflow-project/venv/lib/python3.12/site-packages/airflow/example_dags/example_trigger_controller_dag.py took 0.059 seconds
[2026-03-28T18:26:18.266+0500] {processor.py:161} INFO - Started process (PID=19230) to work on /home/abayturar/airflow-project/venv/lib/python3.12/site-packages/airflow/example_dags/example_trigger_controller_dag.py
[2026-03-28T18:26:18.267+0500] {processor.py:830} INFO - Processing file /home/abayturar/airflow-project/venv/lib/python3.12/site-packages/airflow/example_dags/example_trigger_controller_dag.py for tasks to queue
[2026-03-28T18:26:18.269+0500] {logging_mixin.py:188} INFO - [2026-03-28T18:26:18.268+0500] {dagbag.py:545} INFO - Filling up the DagBag from /home/abayturar/airflow-project/venv/lib/python3.12/site-packages/airflow/example_dags/example_trigger_controller_dag.py
[2026-03-28T18:26:18.275+0500] {processor.py:840} INFO - DAG(s) 'example_trigger_controller_dag' retrieved from /home/abayturar/airflow-project/venv/lib/python3.12/site-packages/airflow/example_dags/example_trigger_controller_dag.py
[2026-03-28T18:26:18.292+0500] {logging_mixin.py:188} INFO - [2026-03-28T18:26:18.292+0500] {dag.py:3089} INFO - Sync 1 DAGs
[2026-03-28T18:26:18.309+0500] {logging_mixin.py:188} INFO - [2026-03-28T18:26:18.308+0500] {dag.py:3947} INFO - Setting next_dagrun for example_trigger_controller_dag to 2021-01-01 00:00:00+00:00, run_after=2021-01-01 00:00:00+00:00
[2026-03-28T18:26:18.336+0500] {processor.py:183} INFO - Processing /home/abayturar/airflow-project/venv/lib/python3.12/site-packages/airflow/example_dags/example_trigger_controller_dag.py took 0.075 seconds
[2026-03-28T18:27:06.039+0500] {processor.py:161} INFO - Started process (PID=19359) to work on /home/abayturar/airflow-project/venv/lib/python3.12/site-packages/airflow/example_dags/example_trigger_controller_dag.py
[2026-03-28T18:27:06.040+0500] {processor.py:830} INFO - Processing file /home/abayturar/airflow-project/venv/lib/python3.12/site-packages/airflow/example_dags/example_trigger_controller_dag.py for tasks to queue
[2026-03-28T18:27:06.042+0500] {logging_mixin.py:188} INFO - [2026-03-28T18:27:06.041+0500] {dagbag.py:545} INFO - Filling up the DagBag from /home/abayturar/airflow-project/venv/lib/python3.12/site-packages/airflow/example_dags/example_trigger_controller_dag.py
[2026-03-28T18:27:06.047+0500] {processor.py:840} INFO - DAG(s) 'example_trigger_controller_dag' retrieved from /home/abayturar/airflow-project/venv/lib/python3.12/site-packages/airflow/example_dags/example_trigger_controller_dag.py
[2026-03-28T18:27:06.061+0500] {logging_mixin.py:188} INFO - [2026-03-28T18:27:06.061+0500] {dag.py:3089} INFO - Sync 1 DAGs
[2026-03-28T18:27:06.074+0500] {logging_mixin.py:188} INFO - [2026-03-28T18:27:06.074+0500] {dag.py:3947} INFO - Setting next_dagrun for example_trigger_controller_dag to 2021-01-01 00:00:00+00:00, run_after=2021-01-01 00:00:00+00:00
[2026-03-28T18:27:06.100+0500] {processor.py:183} INFO - Processing /home/abayturar/airflow-project/venv/lib/python3.12/site-packages/airflow/example_dags/example_trigger_controller_dag.py took 0.066 seconds
[2026-03-28T18:27:58.886+0500] {processor.py:161} INFO - Started process (PID=19511) to work on /home/abayturar/airflow-project/venv/lib/python3.12/site-packages/airflow/example_dags/example_trigger_controller_dag.py
[2026-03-28T18:27:58.887+0500] {processor.py:830} INFO - Processing file /home/abayturar/airflow-project/venv/lib/python3.12/site-packages/airflow/example_dags/example_trigger_controller_dag.py for tasks to queue
[2026-03-28T18:27:58.889+0500] {logging_mixin.py:188} INFO - [2026-03-28T18:27:58.889+0500] {dagbag.py:545} INFO - Filling up the DagBag from /home/abayturar/airflow-project/venv/lib/python3.12/site-packages/airflow/example_dags/example_trigger_controller_dag.py
[2026-03-28T18:27:58.895+0500] {processor.py:840} INFO - DAG(s) 'example_trigger_controller_dag' retrieved from /home/abayturar/airflow-project/venv/lib/python3.12/site-packages/airflow/example_dags/example_trigger_controller_dag.py
[2026-03-28T18:27:58.910+0500] {logging_mixin.py:188} INFO - [2026-03-28T18:27:58.910+0500] {dag.py:3089} INFO - Sync 1 DAGs
[2026-03-28T18:27:58.924+0500] {logging_mixin.py:188} INFO - [2026-03-28T18:27:58.924+0500] {dag.py:3947} INFO - Setting next_dagrun for example_trigger_controller_dag to 2021-01-01 00:00:00+00:00, run_after=2021-01-01 00:00:00+00:00
[2026-03-28T18:27:58.954+0500] {processor.py:183} INFO - Processing /home/abayturar/airflow-project/venv/lib/python3.12/site-packages/airflow/example_dags/example_trigger_controller_dag.py took 0.074 seconds
[2026-03-28T18:28:52.595+0500] {processor.py:161} INFO - Started process (PID=19650) to work on /home/abayturar/airflow-project/venv/lib/python3.12/site-packages/airflow/example_dags/example_trigger_controller_dag.py
[2026-03-28T18:28:52.596+0500] {processor.py:830} INFO - Processing file /home/abayturar/airflow-project/venv/lib/python3.12/site-packages/airflow/example_dags/example_trigger_controller_dag.py for tasks to queue
[2026-03-28T18:28:52.598+0500] {logging_mixin.py:188} INFO - [2026-03-28T18:28:52.597+0500] {dagbag.py:545} INFO - Filling up the DagBag from /home/abayturar/airflow-project/venv/lib/python3.12/site-packages/airflow/example_dags/example_trigger_controller_dag.py
[2026-03-28T18:28:52.604+0500] {processor.py:840} INFO - DAG(s) 'example_trigger_controller_dag' retrieved from /home/abayturar/airflow-project/venv/lib/python3.12/site-packages/airflow/example_dags/example_trigger_controller_dag.py
[2026-03-28T18:28:52.628+0500] {logging_mixin.py:188} INFO - [2026-03-28T18:28:52.628+0500] {dag.py:3089} INFO - Sync 1 DAGs
[2026-03-28T18:28:52.645+0500] {logging_mixin.py:188} INFO - [2026-03-28T18:28:52.645+0500] {dag.py:3947} INFO - Setting next_dagrun for example_trigger_controller_dag to 2021-01-01 00:00:00+00:00, run_after=2021-01-01 00:00:00+00:00
[2026-03-28T18:28:52.666+0500] {processor.py:183} INFO - Processing /home/abayturar/airflow-project/venv/lib/python3.12/site-packages/airflow/example_dags/example_trigger_controller_dag.py took 0.079 seconds
[2026-03-28T18:29:44.282+0500] {processor.py:161} INFO - Started process (PID=19789) to work on /home/abayturar/airflow-project/venv/lib/python3.12/site-packages/airflow/example_dags/example_trigger_controller_dag.py
[2026-03-28T18:29:44.284+0500] {processor.py:830} INFO - Processing file /home/abayturar/airflow-project/venv/lib/python3.12/site-packages/airflow/example_dags/example_trigger_controller_dag.py for tasks to queue
[2026-03-28T18:29:44.285+0500] {logging_mixin.py:188} INFO - [2026-03-28T18:29:44.285+0500] {dagbag.py:545} INFO - Filling up the DagBag from /home/abayturar/airflow-project/venv/lib/python3.12/site-packages/airflow/example_dags/example_trigger_controller_dag.py
[2026-03-28T18:29:44.291+0500] {processor.py:840} INFO - DAG(s) 'example_trigger_controller_dag' retrieved from /home/abayturar/airflow-project/venv/lib/python3.12/site-packages/airflow/example_dags/example_trigger_controller_dag.py
[2026-03-28T18:29:44.307+0500] {logging_mixin.py:188} INFO - [2026-03-28T18:29:44.307+0500] {dag.py:3089} INFO - Sync 1 DAGs
[2026-03-28T18:29:44.322+0500] {logging_mixin.py:188} INFO - [2026-03-28T18:29:44.321+0500] {dag.py:3947} INFO - Setting next_dagrun for example_trigger_controller_dag to 2021-01-01 00:00:00+00:00, run_after=2021-01-01 00:00:00+00:00
[2026-03-28T18:29:44.338+0500] {processor.py:183} INFO - Processing /home/abayturar/airflow-project/venv/lib/python3.12/site-packages/airflow/example_dags/example_trigger_controller_dag.py took 0.062 seconds
[2026-03-28T18:30:31.954+0500] {processor.py:161} INFO - Started process (PID=19916) to work on /home/abayturar/airflow-project/venv/lib/python3.12/site-packages/airflow/example_dags/example_trigger_controller_dag.py
[2026-03-28T18:30:31.955+0500] {processor.py:830} INFO - Processing file /home/abayturar/airflow-project/venv/lib/python3.12/site-packages/airflow/example_dags/example_trigger_controller_dag.py for tasks to queue
[2026-03-28T18:30:31.957+0500] {logging_mixin.py:188} INFO - [2026-03-28T18:30:31.957+0500] {dagbag.py:545} INFO - Filling up the DagBag from /home/abayturar/airflow-project/venv/lib/python3.12/site-packages/airflow/example_dags/example_trigger_controller_dag.py
[2026-03-28T18:30:31.964+0500] {processor.py:840} INFO - DAG(s) 'example_trigger_controller_dag' retrieved from /home/abayturar/airflow-project/venv/lib/python3.12/site-packages/airflow/example_dags/example_trigger_controller_dag.py
[2026-03-28T18:30:31.983+0500] {logging_mixin.py:188} INFO - [2026-03-28T18:30:31.982+0500] {dag.py:3089} INFO - Sync 1 DAGs
[2026-03-28T18:30:31.998+0500] {logging_mixin.py:188} INFO - [2026-03-28T18:30:31.997+0500] {dag.py:3947} INFO - Setting next_dagrun for example_trigger_controller_dag to 2021-01-01 00:00:00+00:00, run_after=2021-01-01 00:00:00+00:00
[2026-03-28T18:30:32.015+0500] {processor.py:183} INFO - Processing /home/abayturar/airflow-project/venv/lib/python3.12/site-packages/airflow/example_dags/example_trigger_controller_dag.py took 0.067 seconds
[2026-03-28T18:31:25.508+0500] {processor.py:161} INFO - Started process (PID=20067) to work on /home/abayturar/airflow-project/venv/lib/python3.12/site-packages/airflow/example_dags/example_trigger_controller_dag.py
[2026-03-28T18:31:25.509+0500] {processor.py:830} INFO - Processing file /home/abayturar/airflow-project/venv/lib/python3.12/site-packages/airflow/example_dags/example_trigger_controller_dag.py for tasks to queue
[2026-03-28T18:31:25.511+0500] {logging_mixin.py:188} INFO - [2026-03-28T18:31:25.511+0500] {dagbag.py:545} INFO - Filling up the DagBag from /home/abayturar/airflow-project/venv/lib/python3.12/site-packages/airflow/example_dags/example_trigger_controller_dag.py
[2026-03-28T18:31:25.518+0500] {processor.py:840} INFO - DAG(s) 'example_trigger_controller_dag' retrieved from /home/abayturar/airflow-project/venv/lib/python3.12/site-packages/airflow/example_dags/example_trigger_controller_dag.py
[2026-03-28T18:31:25.538+0500] {logging_mixin.py:188} INFO - [2026-03-28T18:31:25.538+0500] {dag.py:3089} INFO - Sync 1 DAGs
[2026-03-28T18:31:25.554+0500] {logging_mixin.py:188} INFO - [2026-03-28T18:31:25.554+0500] {dag.py:3947} INFO - Setting next_dagrun for example_trigger_controller_dag to 2021-01-01 00:00:00+00:00, run_after=2021-01-01 00:00:00+00:00
[2026-03-28T18:31:25.583+0500] {processor.py:183} INFO - Processing /home/abayturar/airflow-project/venv/lib/python3.12/site-packages/airflow/example_dags/example_trigger_controller_dag.py took 0.082 seconds
[2026-03-28T18:32:08.344+0500] {processor.py:161} INFO - Started process (PID=20186) to work on /home/abayturar/airflow-project/venv/lib/python3.12/site-packages/airflow/example_dags/example_trigger_controller_dag.py
[2026-03-28T18:32:08.345+0500] {processor.py:830} INFO - Processing file /home/abayturar/airflow-project/venv/lib/python3.12/site-packages/airflow/example_dags/example_trigger_controller_dag.py for tasks to queue
[2026-03-28T18:32:08.347+0500] {logging_mixin.py:188} INFO - [2026-03-28T18:32:08.347+0500] {dagbag.py:545} INFO - Filling up the DagBag from /home/abayturar/airflow-project/venv/lib/python3.12/site-packages/airflow/example_dags/example_trigger_controller_dag.py
[2026-03-28T18:32:08.353+0500] {processor.py:840} INFO - DAG(s) 'example_trigger_controller_dag' retrieved from /home/abayturar/airflow-project/venv/lib/python3.12/site-packages/airflow/example_dags/example_trigger_controller_dag.py
[2026-03-28T18:32:08.370+0500] {logging_mixin.py:188} INFO - [2026-03-28T18:32:08.370+0500] {dag.py:3089} INFO - Sync 1 DAGs
[2026-03-28T18:32:08.385+0500] {logging_mixin.py:188} INFO - [2026-03-28T18:32:08.385+0500] {dag.py:3947} INFO - Setting next_dagrun for example_trigger_controller_dag to 2021-01-01 00:00:00+00:00, run_after=2021-01-01 00:00:00+00:00
[2026-03-28T18:32:08.413+0500] {processor.py:183} INFO - Processing /home/abayturar/airflow-project/venv/lib/python3.12/site-packages/airflow/example_dags/example_trigger_controller_dag.py took 0.075 seconds
[2026-03-28T18:32:57.458+0500] {processor.py:161} INFO - Started process (PID=20315) to work on /home/abayturar/airflow-project/venv/lib/python3.12/site-packages/airflow/example_dags/example_trigger_controller_dag.py
[2026-03-28T18:32:57.459+0500] {processor.py:830} INFO - Processing file /home/abayturar/airflow-project/venv/lib/python3.12/site-packages/airflow/example_dags/example_trigger_controller_dag.py for tasks to queue
[2026-03-28T18:32:57.461+0500] {logging_mixin.py:188} INFO - [2026-03-28T18:32:57.461+0500] {dagbag.py:545} INFO - Filling up the DagBag from /home/abayturar/airflow-project/venv/lib/python3.12/site-packages/airflow/example_dags/example_trigger_controller_dag.py
[2026-03-28T18:32:57.467+0500] {processor.py:840} INFO - DAG(s) 'example_trigger_controller_dag' retrieved from /home/abayturar/airflow-project/venv/lib/python3.12/site-packages/airflow/example_dags/example_trigger_controller_dag.py
[2026-03-28T18:32:57.483+0500] {logging_mixin.py:188} INFO - [2026-03-28T18:32:57.483+0500] {dag.py:3089} INFO - Sync 1 DAGs
[2026-03-28T18:32:57.497+0500] {logging_mixin.py:188} INFO - [2026-03-28T18:32:57.497+0500] {dag.py:3947} INFO - Setting next_dagrun for example_trigger_controller_dag to 2021-01-01 00:00:00+00:00, run_after=2021-01-01 00:00:00+00:00
[2026-03-28T18:32:57.530+0500] {processor.py:183} INFO - Processing /home/abayturar/airflow-project/venv/lib/python3.12/site-packages/airflow/example_dags/example_trigger_controller_dag.py took 0.081 seconds
[2026-03-28T18:33:50.263+0500] {processor.py:161} INFO - Started process (PID=20451) to work on /home/abayturar/airflow-project/venv/lib/python3.12/site-packages/airflow/example_dags/example_trigger_controller_dag.py
[2026-03-28T18:33:50.264+0500] {processor.py:830} INFO - Processing file /home/abayturar/airflow-project/venv/lib/python3.12/site-packages/airflow/example_dags/example_trigger_controller_dag.py for tasks to queue
[2026-03-28T18:33:50.266+0500] {logging_mixin.py:188} INFO - [2026-03-28T18:33:50.265+0500] {dagbag.py:545} INFO - Filling up the DagBag from /home/abayturar/airflow-project/venv/lib/python3.12/site-packages/airflow/example_dags/example_trigger_controller_dag.py
[2026-03-28T18:33:50.271+0500] {processor.py:840} INFO - DAG(s) 'example_trigger_controller_dag' retrieved from /home/abayturar/airflow-project/venv/lib/python3.12/site-packages/airflow/example_dags/example_trigger_controller_dag.py
[2026-03-28T18:33:50.286+0500] {logging_mixin.py:188} INFO - [2026-03-28T18:33:50.285+0500] {dag.py:3089} INFO - Sync 1 DAGs
[2026-03-28T18:33:50.298+0500] {logging_mixin.py:188} INFO - [2026-03-28T18:33:50.298+0500] {dag.py:3947} INFO - Setting next_dagrun for example_trigger_controller_dag to 2021-01-01 00:00:00+00:00, run_after=2021-01-01 00:00:00+00:00
[2026-03-28T18:33:50.325+0500] {processor.py:183} INFO - Processing /home/abayturar/airflow-project/venv/lib/python3.12/site-packages/airflow/example_dags/example_trigger_controller_dag.py took 0.068 seconds
[2026-03-28T18:34:42.189+0500] {processor.py:161} INFO - Started process (PID=20604) to work on /home/abayturar/airflow-project/venv/lib/python3.12/site-packages/airflow/example_dags/example_trigger_controller_dag.py
[2026-03-28T18:34:42.190+0500] {processor.py:830} INFO - Processing file /home/abayturar/airflow-project/venv/lib/python3.12/site-packages/airflow/example_dags/example_trigger_controller_dag.py for tasks to queue
[2026-03-28T18:34:42.192+0500] {logging_mixin.py:188} INFO - [2026-03-28T18:34:42.191+0500] {dagbag.py:545} INFO - Filling up the DagBag from /home/abayturar/airflow-project/venv/lib/python3.12/site-packages/airflow/example_dags/example_trigger_controller_dag.py
[2026-03-28T18:34:42.197+0500] {processor.py:840} INFO - DAG(s) 'example_trigger_controller_dag' retrieved from /home/abayturar/airflow-project/venv/lib/python3.12/site-packages/airflow/example_dags/example_trigger_controller_dag.py
[2026-03-28T18:34:42.211+0500] {logging_mixin.py:188} INFO - [2026-03-28T18:34:42.211+0500] {dag.py:3089} INFO - Sync 1 DAGs
[2026-03-28T18:34:42.224+0500] {logging_mixin.py:188} INFO - [2026-03-28T18:34:42.224+0500] {dag.py:3947} INFO - Setting next_dagrun for example_trigger_controller_dag to 2021-01-01 00:00:00+00:00, run_after=2021-01-01 00:00:00+00:00
[2026-03-28T18:34:42.250+0500] {processor.py:183} INFO - Processing /home/abayturar/airflow-project/venv/lib/python3.12/site-packages/airflow/example_dags/example_trigger_controller_dag.py took 0.067 seconds
[2026-03-28T18:35:31.799+0500] {processor.py:161} INFO - Started process (PID=20743) to work on /home/abayturar/airflow-project/venv/lib/python3.12/site-packages/airflow/example_dags/example_trigger_controller_dag.py
[2026-03-28T18:35:31.800+0500] {processor.py:830} INFO - Processing file /home/abayturar/airflow-project/venv/lib/python3.12/site-packages/airflow/example_dags/example_trigger_controller_dag.py for tasks to queue
[2026-03-28T18:35:31.802+0500] {logging_mixin.py:188} INFO - [2026-03-28T18:35:31.801+0500] {dagbag.py:545} INFO - Filling up the DagBag from /home/abayturar/airflow-project/venv/lib/python3.12/site-packages/airflow/example_dags/example_trigger_controller_dag.py
[2026-03-28T18:35:31.807+0500] {processor.py:840} INFO - DAG(s) 'example_trigger_controller_dag' retrieved from /home/abayturar/airflow-project/venv/lib/python3.12/site-packages/airflow/example_dags/example_trigger_controller_dag.py
[2026-03-28T18:35:31.822+0500] {logging_mixin.py:188} INFO - [2026-03-28T18:35:31.822+0500] {dag.py:3089} INFO - Sync 1 DAGs
[2026-03-28T18:35:31.835+0500] {logging_mixin.py:188} INFO - [2026-03-28T18:35:31.835+0500] {dag.py:3947} INFO - Setting next_dagrun for example_trigger_controller_dag to 2021-01-01 00:00:00+00:00, run_after=2021-01-01 00:00:00+00:00
[2026-03-28T18:35:31.865+0500] {processor.py:183} INFO - Processing /home/abayturar/airflow-project/venv/lib/python3.12/site-packages/airflow/example_dags/example_trigger_controller_dag.py took 0.072 seconds
[2026-03-28T18:36:23.769+0500] {processor.py:161} INFO - Started process (PID=20887) to work on /home/abayturar/airflow-project/venv/lib/python3.12/site-packages/airflow/example_dags/example_trigger_controller_dag.py
[2026-03-28T18:36:23.769+0500] {processor.py:830} INFO - Processing file /home/abayturar/airflow-project/venv/lib/python3.12/site-packages/airflow/example_dags/example_trigger_controller_dag.py for tasks to queue
[2026-03-28T18:36:23.771+0500] {logging_mixin.py:188} INFO - [2026-03-28T18:36:23.771+0500] {dagbag.py:545} INFO - Filling up the DagBag from /home/abayturar/airflow-project/venv/lib/python3.12/site-packages/airflow/example_dags/example_trigger_controller_dag.py
[2026-03-28T18:36:23.778+0500] {processor.py:840} INFO - DAG(s) 'example_trigger_controller_dag' retrieved from /home/abayturar/airflow-project/venv/lib/python3.12/site-packages/airflow/example_dags/example_trigger_controller_dag.py
[2026-03-28T18:36:23.796+0500] {logging_mixin.py:188} INFO - [2026-03-28T18:36:23.796+0500] {dag.py:3089} INFO - Sync 1 DAGs
[2026-03-28T18:36:23.813+0500] {logging_mixin.py:188} INFO - [2026-03-28T18:36:23.813+0500] {dag.py:3947} INFO - Setting next_dagrun for example_trigger_controller_dag to 2021-01-01 00:00:00+00:00, run_after=2021-01-01 00:00:00+00:00
[2026-03-28T18:36:23.833+0500] {processor.py:183} INFO - Processing /home/abayturar/airflow-project/venv/lib/python3.12/site-packages/airflow/example_dags/example_trigger_controller_dag.py took 0.072 seconds
[2026-03-28T18:37:21.044+0500] {processor.py:161} INFO - Started process (PID=21052) to work on /home/abayturar/airflow-project/venv/lib/python3.12/site-packages/airflow/example_dags/example_trigger_controller_dag.py
[2026-03-28T18:37:21.045+0500] {processor.py:830} INFO - Processing file /home/abayturar/airflow-project/venv/lib/python3.12/site-packages/airflow/example_dags/example_trigger_controller_dag.py for tasks to queue
[2026-03-28T18:37:21.047+0500] {logging_mixin.py:188} INFO - [2026-03-28T18:37:21.046+0500] {dagbag.py:545} INFO - Filling up the DagBag from /home/abayturar/airflow-project/venv/lib/python3.12/site-packages/airflow/example_dags/example_trigger_controller_dag.py
[2026-03-28T18:37:21.052+0500] {processor.py:840} INFO - DAG(s) 'example_trigger_controller_dag' retrieved from /home/abayturar/airflow-project/venv/lib/python3.12/site-packages/airflow/example_dags/example_trigger_controller_dag.py
[2026-03-28T18:37:21.067+0500] {logging_mixin.py:188} INFO - [2026-03-28T18:37:21.066+0500] {dag.py:3089} INFO - Sync 1 DAGs
[2026-03-28T18:37:21.079+0500] {logging_mixin.py:188} INFO - [2026-03-28T18:37:21.079+0500] {dag.py:3947} INFO - Setting next_dagrun for example_trigger_controller_dag to 2021-01-01 00:00:00+00:00, run_after=2021-01-01 00:00:00+00:00
[2026-03-28T18:37:21.095+0500] {processor.py:183} INFO - Processing /home/abayturar/airflow-project/venv/lib/python3.12/site-packages/airflow/example_dags/example_trigger_controller_dag.py took 0.056 seconds
[2026-03-28T18:38:09.486+0500] {processor.py:161} INFO - Started process (PID=21180) to work on /home/abayturar/airflow-project/venv/lib/python3.12/site-packages/airflow/example_dags/example_trigger_controller_dag.py
[2026-03-28T18:38:09.487+0500] {processor.py:830} INFO - Processing file /home/abayturar/airflow-project/venv/lib/python3.12/site-packages/airflow/example_dags/example_trigger_controller_dag.py for tasks to queue
[2026-03-28T18:38:09.489+0500] {logging_mixin.py:188} INFO - [2026-03-28T18:38:09.488+0500] {dagbag.py:545} INFO - Filling up the DagBag from /home/abayturar/airflow-project/venv/lib/python3.12/site-packages/airflow/example_dags/example_trigger_controller_dag.py
[2026-03-28T18:38:09.495+0500] {processor.py:840} INFO - DAG(s) 'example_trigger_controller_dag' retrieved from /home/abayturar/airflow-project/venv/lib/python3.12/site-packages/airflow/example_dags/example_trigger_controller_dag.py
[2026-03-28T18:38:09.513+0500] {logging_mixin.py:188} INFO - [2026-03-28T18:38:09.513+0500] {dag.py:3089} INFO - Sync 1 DAGs
[2026-03-28T18:38:09.528+0500] {logging_mixin.py:188} INFO - [2026-03-28T18:38:09.528+0500] {dag.py:3947} INFO - Setting next_dagrun for example_trigger_controller_dag to 2021-01-01 00:00:00+00:00, run_after=2021-01-01 00:00:00+00:00
[2026-03-28T18:38:09.558+0500] {processor.py:183} INFO - Processing /home/abayturar/airflow-project/venv/lib/python3.12/site-packages/airflow/example_dags/example_trigger_controller_dag.py took 0.078 seconds
[2026-03-28T18:39:02.137+0500] {processor.py:161} INFO - Started process (PID=21321) to work on /home/abayturar/airflow-project/venv/lib/python3.12/site-packages/airflow/example_dags/example_trigger_controller_dag.py
[2026-03-28T18:39:02.138+0500] {processor.py:830} INFO - Processing file /home/abayturar/airflow-project/venv/lib/python3.12/site-packages/airflow/example_dags/example_trigger_controller_dag.py for tasks to queue
[2026-03-28T18:39:02.141+0500] {logging_mixin.py:188} INFO - [2026-03-28T18:39:02.140+0500] {dagbag.py:545} INFO - Filling up the DagBag from /home/abayturar/airflow-project/venv/lib/python3.12/site-packages/airflow/example_dags/example_trigger_controller_dag.py
[2026-03-28T18:39:02.147+0500] {processor.py:840} INFO - DAG(s) 'example_trigger_controller_dag' retrieved from /home/abayturar/airflow-project/venv/lib/python3.12/site-packages/airflow/example_dags/example_trigger_controller_dag.py
[2026-03-28T18:39:02.165+0500] {logging_mixin.py:188} INFO - [2026-03-28T18:39:02.165+0500] {dag.py:3089} INFO - Sync 1 DAGs
[2026-03-28T18:39:02.182+0500] {logging_mixin.py:188} INFO - [2026-03-28T18:39:02.182+0500] {dag.py:3947} INFO - Setting next_dagrun for example_trigger_controller_dag to 2021-01-01 00:00:00+00:00, run_after=2021-01-01 00:00:00+00:00
[2026-03-28T18:39:02.217+0500] {processor.py:183} INFO - Processing /home/abayturar/airflow-project/venv/lib/python3.12/site-packages/airflow/example_dags/example_trigger_controller_dag.py took 0.088 seconds
[2026-03-28T18:39:52.397+0500] {processor.py:161} INFO - Started process (PID=21453) to work on /home/abayturar/airflow-project/venv/lib/python3.12/site-packages/airflow/example_dags/example_trigger_controller_dag.py
[2026-03-28T18:39:52.397+0500] {processor.py:830} INFO - Processing file /home/abayturar/airflow-project/venv/lib/python3.12/site-packages/airflow/example_dags/example_trigger_controller_dag.py for tasks to queue
[2026-03-28T18:39:52.399+0500] {logging_mixin.py:188} INFO - [2026-03-28T18:39:52.399+0500] {dagbag.py:545} INFO - Filling up the DagBag from /home/abayturar/airflow-project/venv/lib/python3.12/site-packages/airflow/example_dags/example_trigger_controller_dag.py
[2026-03-28T18:39:52.405+0500] {processor.py:840} INFO - DAG(s) 'example_trigger_controller_dag' retrieved from /home/abayturar/airflow-project/venv/lib/python3.12/site-packages/airflow/example_dags/example_trigger_controller_dag.py
[2026-03-28T18:39:52.420+0500] {logging_mixin.py:188} INFO - [2026-03-28T18:39:52.420+0500] {dag.py:3089} INFO - Sync 1 DAGs
[2026-03-28T18:39:52.435+0500] {logging_mixin.py:188} INFO - [2026-03-28T18:39:52.435+0500] {dag.py:3947} INFO - Setting next_dagrun for example_trigger_controller_dag to 2021-01-01 00:00:00+00:00, run_after=2021-01-01 00:00:00+00:00
[2026-03-28T18:39:52.453+0500] {processor.py:183} INFO - Processing /home/abayturar/airflow-project/venv/lib/python3.12/site-packages/airflow/example_dags/example_trigger_controller_dag.py took 0.063 seconds
[2026-03-28T18:40:43.700+0500] {processor.py:161} INFO - Started process (PID=21589) to work on /home/abayturar/airflow-project/venv/lib/python3.12/site-packages/airflow/example_dags/example_trigger_controller_dag.py
[2026-03-28T18:40:43.701+0500] {processor.py:830} INFO - Processing file /home/abayturar/airflow-project/venv/lib/python3.12/site-packages/airflow/example_dags/example_trigger_controller_dag.py for tasks to queue
[2026-03-28T18:40:43.703+0500] {logging_mixin.py:188} INFO - [2026-03-28T18:40:43.703+0500] {dagbag.py:545} INFO - Filling up the DagBag from /home/abayturar/airflow-project/venv/lib/python3.12/site-packages/airflow/example_dags/example_trigger_controller_dag.py
[2026-03-28T18:40:43.708+0500] {processor.py:840} INFO - DAG(s) 'example_trigger_controller_dag' retrieved from /home/abayturar/airflow-project/venv/lib/python3.12/site-packages/airflow/example_dags/example_trigger_controller_dag.py
[2026-03-28T18:40:43.723+0500] {logging_mixin.py:188} INFO - [2026-03-28T18:40:43.723+0500] {dag.py:3089} INFO - Sync 1 DAGs
[2026-03-28T18:40:43.736+0500] {logging_mixin.py:188} INFO - [2026-03-28T18:40:43.736+0500] {dag.py:3947} INFO - Setting next_dagrun for example_trigger_controller_dag to 2021-01-01 00:00:00+00:00, run_after=2021-01-01 00:00:00+00:00
[2026-03-28T18:40:43.847+0500] {processor.py:183} INFO - Processing /home/abayturar/airflow-project/venv/lib/python3.12/site-packages/airflow/example_dags/example_trigger_controller_dag.py took 0.153 seconds
[2026-03-28T18:41:55.411+0500] {processor.py:161} INFO - Started process (PID=21830) to work on /home/abayturar/airflow-project/venv/lib/python3.12/site-packages/airflow/example_dags/example_trigger_controller_dag.py
[2026-03-28T18:41:55.412+0500] {processor.py:830} INFO - Processing file /home/abayturar/airflow-project/venv/lib/python3.12/site-packages/airflow/example_dags/example_trigger_controller_dag.py for tasks to queue
[2026-03-28T18:41:55.413+0500] {logging_mixin.py:188} INFO - [2026-03-28T18:41:55.413+0500] {dagbag.py:545} INFO - Filling up the DagBag from /home/abayturar/airflow-project/venv/lib/python3.12/site-packages/airflow/example_dags/example_trigger_controller_dag.py
[2026-03-28T18:41:55.419+0500] {processor.py:840} INFO - DAG(s) 'example_trigger_controller_dag' retrieved from /home/abayturar/airflow-project/venv/lib/python3.12/site-packages/airflow/example_dags/example_trigger_controller_dag.py
[2026-03-28T18:41:55.434+0500] {logging_mixin.py:188} INFO - [2026-03-28T18:41:55.434+0500] {dag.py:3089} INFO - Sync 1 DAGs
[2026-03-28T18:41:55.447+0500] {logging_mixin.py:188} INFO - [2026-03-28T18:41:55.447+0500] {dag.py:3947} INFO - Setting next_dagrun for example_trigger_controller_dag to 2021-01-01 00:00:00+00:00, run_after=2021-01-01 00:00:00+00:00
[2026-03-28T18:41:55.474+0500] {processor.py:183} INFO - Processing /home/abayturar/airflow-project/venv/lib/python3.12/site-packages/airflow/example_dags/example_trigger_controller_dag.py took 0.069 seconds
[2026-03-28T18:42:49.936+0500] {processor.py:161} INFO - Started process (PID=21973) to work on /home/abayturar/airflow-project/venv/lib/python3.12/site-packages/airflow/example_dags/example_trigger_controller_dag.py
[2026-03-28T18:42:49.936+0500] {processor.py:830} INFO - Processing file /home/abayturar/airflow-project/venv/lib/python3.12/site-packages/airflow/example_dags/example_trigger_controller_dag.py for tasks to queue
[2026-03-28T18:42:49.938+0500] {logging_mixin.py:188} INFO - [2026-03-28T18:42:49.938+0500] {dagbag.py:545} INFO - Filling up the DagBag from /home/abayturar/airflow-project/venv/lib/python3.12/site-packages/airflow/example_dags/example_trigger_controller_dag.py
[2026-03-28T18:42:49.943+0500] {processor.py:840} INFO - DAG(s) 'example_trigger_controller_dag' retrieved from /home/abayturar/airflow-project/venv/lib/python3.12/site-packages/airflow/example_dags/example_trigger_controller_dag.py
[2026-03-28T18:42:49.958+0500] {logging_mixin.py:188} INFO - [2026-03-28T18:42:49.958+0500] {dag.py:3089} INFO - Sync 1 DAGs
[2026-03-28T18:42:49.971+0500] {logging_mixin.py:188} INFO - [2026-03-28T18:42:49.971+0500] {dag.py:3947} INFO - Setting next_dagrun for example_trigger_controller_dag to 2021-01-01 00:00:00+00:00, run_after=2021-01-01 00:00:00+00:00
[2026-03-28T18:42:49.998+0500] {processor.py:183} INFO - Processing /home/abayturar/airflow-project/venv/lib/python3.12/site-packages/airflow/example_dags/example_trigger_controller_dag.py took 0.069 seconds
[2026-03-28T18:43:37.049+0500] {processor.py:161} INFO - Started process (PID=22140) to work on /home/abayturar/airflow-project/venv/lib/python3.12/site-packages/airflow/example_dags/example_trigger_controller_dag.py
[2026-03-28T18:43:37.050+0500] {processor.py:830} INFO - Processing file /home/abayturar/airflow-project/venv/lib/python3.12/site-packages/airflow/example_dags/example_trigger_controller_dag.py for tasks to queue
[2026-03-28T18:43:37.053+0500] {logging_mixin.py:188} INFO - [2026-03-28T18:43:37.052+0500] {dagbag.py:545} INFO - Filling up the DagBag from /home/abayturar/airflow-project/venv/lib/python3.12/site-packages/airflow/example_dags/example_trigger_controller_dag.py
[2026-03-28T18:43:37.060+0500] {processor.py:840} INFO - DAG(s) 'example_trigger_controller_dag' retrieved from /home/abayturar/airflow-project/venv/lib/python3.12/site-packages/airflow/example_dags/example_trigger_controller_dag.py
[2026-03-28T18:43:37.085+0500] {logging_mixin.py:188} INFO - [2026-03-28T18:43:37.085+0500] {dag.py:3089} INFO - Sync 1 DAGs
[2026-03-28T18:43:37.243+0500] {logging_mixin.py:188} INFO - [2026-03-28T18:43:37.242+0500] {dag.py:3947} INFO - Setting next_dagrun for example_trigger_controller_dag to 2021-01-01 00:00:00+00:00, run_after=2021-01-01 00:00:00+00:00
[2026-03-28T18:43:37.264+0500] {processor.py:183} INFO - Processing /home/abayturar/airflow-project/venv/lib/python3.12/site-packages/airflow/example_dags/example_trigger_controller_dag.py took 0.223 seconds
[2026-03-28T18:44:28.280+0500] {processor.py:161} INFO - Started process (PID=22274) to work on /home/abayturar/airflow-project/venv/lib/python3.12/site-packages/airflow/example_dags/example_trigger_controller_dag.py
[2026-03-28T18:44:28.281+0500] {processor.py:830} INFO - Processing file /home/abayturar/airflow-project/venv/lib/python3.12/site-packages/airflow/example_dags/example_trigger_controller_dag.py for tasks to queue
[2026-03-28T18:44:28.283+0500] {logging_mixin.py:188} INFO - [2026-03-28T18:44:28.283+0500] {dagbag.py:545} INFO - Filling up the DagBag from /home/abayturar/airflow-project/venv/lib/python3.12/site-packages/airflow/example_dags/example_trigger_controller_dag.py
[2026-03-28T18:44:28.289+0500] {processor.py:840} INFO - DAG(s) 'example_trigger_controller_dag' retrieved from /home/abayturar/airflow-project/venv/lib/python3.12/site-packages/airflow/example_dags/example_trigger_controller_dag.py
[2026-03-28T18:44:28.304+0500] {logging_mixin.py:188} INFO - [2026-03-28T18:44:28.304+0500] {dag.py:3089} INFO - Sync 1 DAGs
[2026-03-28T18:44:28.318+0500] {logging_mixin.py:188} INFO - [2026-03-28T18:44:28.317+0500] {dag.py:3947} INFO - Setting next_dagrun for example_trigger_controller_dag to 2021-01-01 00:00:00+00:00, run_after=2021-01-01 00:00:00+00:00
[2026-03-28T18:44:28.346+0500] {processor.py:183} INFO - Processing /home/abayturar/airflow-project/venv/lib/python3.12/site-packages/airflow/example_dags/example_trigger_controller_dag.py took 0.072 seconds
[2026-03-28T18:45:17.678+0500] {processor.py:161} INFO - Started process (PID=22406) to work on /home/abayturar/airflow-project/venv/lib/python3.12/site-packages/airflow/example_dags/example_trigger_controller_dag.py
[2026-03-28T18:45:17.679+0500] {processor.py:830} INFO - Processing file /home/abayturar/airflow-project/venv/lib/python3.12/site-packages/airflow/example_dags/example_trigger_controller_dag.py for tasks to queue
[2026-03-28T18:45:17.680+0500] {logging_mixin.py:188} INFO - [2026-03-28T18:45:17.680+0500] {dagbag.py:545} INFO - Filling up the DagBag from /home/abayturar/airflow-project/venv/lib/python3.12/site-packages/airflow/example_dags/example_trigger_controller_dag.py
[2026-03-28T18:45:17.686+0500] {processor.py:840} INFO - DAG(s) 'example_trigger_controller_dag' retrieved from /home/abayturar/airflow-project/venv/lib/python3.12/site-packages/airflow/example_dags/example_trigger_controller_dag.py
[2026-03-28T18:45:17.702+0500] {logging_mixin.py:188} INFO - [2026-03-28T18:45:17.702+0500] {dag.py:3089} INFO - Sync 1 DAGs
[2026-03-28T18:45:17.717+0500] {logging_mixin.py:188} INFO - [2026-03-28T18:45:17.717+0500] {dag.py:3947} INFO - Setting next_dagrun for example_trigger_controller_dag to 2021-01-01 00:00:00+00:00, run_after=2021-01-01 00:00:00+00:00
[2026-03-28T18:45:17.743+0500] {processor.py:183} INFO - Processing /home/abayturar/airflow-project/venv/lib/python3.12/site-packages/airflow/example_dags/example_trigger_controller_dag.py took 0.071 seconds
[2026-03-28T18:46:06.444+0500] {processor.py:161} INFO - Started process (PID=22536) to work on /home/abayturar/airflow-project/venv/lib/python3.12/site-packages/airflow/example_dags/example_trigger_controller_dag.py
[2026-03-28T18:46:06.445+0500] {processor.py:830} INFO - Processing file /home/abayturar/airflow-project/venv/lib/python3.12/site-packages/airflow/example_dags/example_trigger_controller_dag.py for tasks to queue
[2026-03-28T18:46:06.447+0500] {logging_mixin.py:188} INFO - [2026-03-28T18:46:06.447+0500] {dagbag.py:545} INFO - Filling up the DagBag from /home/abayturar/airflow-project/venv/lib/python3.12/site-packages/airflow/example_dags/example_trigger_controller_dag.py
[2026-03-28T18:46:06.453+0500] {processor.py:840} INFO - DAG(s) 'example_trigger_controller_dag' retrieved from /home/abayturar/airflow-project/venv/lib/python3.12/site-packages/airflow/example_dags/example_trigger_controller_dag.py
[2026-03-28T18:46:06.469+0500] {logging_mixin.py:188} INFO - [2026-03-28T18:46:06.468+0500] {dag.py:3089} INFO - Sync 1 DAGs
[2026-03-28T18:46:06.483+0500] {logging_mixin.py:188} INFO - [2026-03-28T18:46:06.483+0500] {dag.py:3947} INFO - Setting next_dagrun for example_trigger_controller_dag to 2021-01-01 00:00:00+00:00, run_after=2021-01-01 00:00:00+00:00
[2026-03-28T18:46:06.509+0500] {processor.py:183} INFO - Processing /home/abayturar/airflow-project/venv/lib/python3.12/site-packages/airflow/example_dags/example_trigger_controller_dag.py took 0.071 seconds
[2026-03-28T18:46:54.500+0500] {processor.py:161} INFO - Started process (PID=22661) to work on /home/abayturar/airflow-project/venv/lib/python3.12/site-packages/airflow/example_dags/example_trigger_controller_dag.py
[2026-03-28T18:46:54.501+0500] {processor.py:830} INFO - Processing file /home/abayturar/airflow-project/venv/lib/python3.12/site-packages/airflow/example_dags/example_trigger_controller_dag.py for tasks to queue
[2026-03-28T18:46:54.503+0500] {logging_mixin.py:188} INFO - [2026-03-28T18:46:54.502+0500] {dagbag.py:545} INFO - Filling up the DagBag from /home/abayturar/airflow-project/venv/lib/python3.12/site-packages/airflow/example_dags/example_trigger_controller_dag.py
[2026-03-28T18:46:54.509+0500] {processor.py:840} INFO - DAG(s) 'example_trigger_controller_dag' retrieved from /home/abayturar/airflow-project/venv/lib/python3.12/site-packages/airflow/example_dags/example_trigger_controller_dag.py
[2026-03-28T18:46:54.523+0500] {logging_mixin.py:188} INFO - [2026-03-28T18:46:54.523+0500] {dag.py:3089} INFO - Sync 1 DAGs
[2026-03-28T18:46:54.536+0500] {logging_mixin.py:188} INFO - [2026-03-28T18:46:54.536+0500] {dag.py:3947} INFO - Setting next_dagrun for example_trigger_controller_dag to 2021-01-01 00:00:00+00:00, run_after=2021-01-01 00:00:00+00:00
[2026-03-28T18:46:54.564+0500] {processor.py:183} INFO - Processing /home/abayturar/airflow-project/venv/lib/python3.12/site-packages/airflow/example_dags/example_trigger_controller_dag.py took 0.070 seconds
[2026-03-28T18:47:39.671+0500] {processor.py:161} INFO - Started process (PID=22785) to work on /home/abayturar/airflow-project/venv/lib/python3.12/site-packages/airflow/example_dags/example_trigger_controller_dag.py
[2026-03-28T18:47:39.672+0500] {processor.py:830} INFO - Processing file /home/abayturar/airflow-project/venv/lib/python3.12/site-packages/airflow/example_dags/example_trigger_controller_dag.py for tasks to queue
[2026-03-28T18:47:39.673+0500] {logging_mixin.py:188} INFO - [2026-03-28T18:47:39.673+0500] {dagbag.py:545} INFO - Filling up the DagBag from /home/abayturar/airflow-project/venv/lib/python3.12/site-packages/airflow/example_dags/example_trigger_controller_dag.py
[2026-03-28T18:47:39.681+0500] {processor.py:840} INFO - DAG(s) 'example_trigger_controller_dag' retrieved from /home/abayturar/airflow-project/venv/lib/python3.12/site-packages/airflow/example_dags/example_trigger_controller_dag.py
[2026-03-28T18:47:39.702+0500] {logging_mixin.py:188} INFO - [2026-03-28T18:47:39.702+0500] {dag.py:3089} INFO - Sync 1 DAGs
[2026-03-28T18:47:39.722+0500] {logging_mixin.py:188} INFO - [2026-03-28T18:47:39.722+0500] {dag.py:3947} INFO - Setting next_dagrun for example_trigger_controller_dag to 2021-01-01 00:00:00+00:00, run_after=2021-01-01 00:00:00+00:00
[2026-03-28T18:47:39.758+0500] {processor.py:183} INFO - Processing /home/abayturar/airflow-project/venv/lib/python3.12/site-packages/airflow/example_dags/example_trigger_controller_dag.py took 0.101 seconds
[2026-03-28T18:48:25.760+0500] {processor.py:161} INFO - Started process (PID=22911) to work on /home/abayturar/airflow-project/venv/lib/python3.12/site-packages/airflow/example_dags/example_trigger_controller_dag.py
[2026-03-28T18:48:25.761+0500] {processor.py:830} INFO - Processing file /home/abayturar/airflow-project/venv/lib/python3.12/site-packages/airflow/example_dags/example_trigger_controller_dag.py for tasks to queue
[2026-03-28T18:48:25.763+0500] {logging_mixin.py:188} INFO - [2026-03-28T18:48:25.762+0500] {dagbag.py:545} INFO - Filling up the DagBag from /home/abayturar/airflow-project/venv/lib/python3.12/site-packages/airflow/example_dags/example_trigger_controller_dag.py
[2026-03-28T18:48:25.769+0500] {processor.py:840} INFO - DAG(s) 'example_trigger_controller_dag' retrieved from /home/abayturar/airflow-project/venv/lib/python3.12/site-packages/airflow/example_dags/example_trigger_controller_dag.py
[2026-03-28T18:48:25.785+0500] {logging_mixin.py:188} INFO - [2026-03-28T18:48:25.785+0500] {dag.py:3089} INFO - Sync 1 DAGs
[2026-03-28T18:48:25.799+0500] {logging_mixin.py:188} INFO - [2026-03-28T18:48:25.799+0500] {dag.py:3947} INFO - Setting next_dagrun for example_trigger_controller_dag to 2021-01-01 00:00:00+00:00, run_after=2021-01-01 00:00:00+00:00
[2026-03-28T18:48:25.815+0500] {processor.py:183} INFO - Processing /home/abayturar/airflow-project/venv/lib/python3.12/site-packages/airflow/example_dags/example_trigger_controller_dag.py took 0.062 seconds
[2026-03-28T18:49:07.535+0500] {processor.py:161} INFO - Started process (PID=23023) to work on /home/abayturar/airflow-project/venv/lib/python3.12/site-packages/airflow/example_dags/example_trigger_controller_dag.py
[2026-03-28T18:49:07.535+0500] {processor.py:830} INFO - Processing file /home/abayturar/airflow-project/venv/lib/python3.12/site-packages/airflow/example_dags/example_trigger_controller_dag.py for tasks to queue
[2026-03-28T18:49:07.537+0500] {logging_mixin.py:188} INFO - [2026-03-28T18:49:07.537+0500] {dagbag.py:545} INFO - Filling up the DagBag from /home/abayturar/airflow-project/venv/lib/python3.12/site-packages/airflow/example_dags/example_trigger_controller_dag.py
[2026-03-28T18:49:07.543+0500] {processor.py:840} INFO - DAG(s) 'example_trigger_controller_dag' retrieved from /home/abayturar/airflow-project/venv/lib/python3.12/site-packages/airflow/example_dags/example_trigger_controller_dag.py
[2026-03-28T18:49:07.557+0500] {logging_mixin.py:188} INFO - [2026-03-28T18:49:07.557+0500] {dag.py:3089} INFO - Sync 1 DAGs
[2026-03-28T18:49:07.570+0500] {logging_mixin.py:188} INFO - [2026-03-28T18:49:07.570+0500] {dag.py:3947} INFO - Setting next_dagrun for example_trigger_controller_dag to 2021-01-01 00:00:00+00:00, run_after=2021-01-01 00:00:00+00:00
[2026-03-28T18:49:07.597+0500] {processor.py:183} INFO - Processing /home/abayturar/airflow-project/venv/lib/python3.12/site-packages/airflow/example_dags/example_trigger_controller_dag.py took 0.069 seconds
[2026-03-28T18:49:53.746+0500] {processor.py:161} INFO - Started process (PID=23146) to work on /home/abayturar/airflow-project/venv/lib/python3.12/site-packages/airflow/example_dags/example_trigger_controller_dag.py
[2026-03-28T18:49:53.747+0500] {processor.py:830} INFO - Processing file /home/abayturar/airflow-project/venv/lib/python3.12/site-packages/airflow/example_dags/example_trigger_controller_dag.py for tasks to queue
[2026-03-28T18:49:53.749+0500] {logging_mixin.py:188} INFO - [2026-03-28T18:49:53.748+0500] {dagbag.py:545} INFO - Filling up the DagBag from /home/abayturar/airflow-project/venv/lib/python3.12/site-packages/airflow/example_dags/example_trigger_controller_dag.py
[2026-03-28T18:49:53.755+0500] {processor.py:840} INFO - DAG(s) 'example_trigger_controller_dag' retrieved from /home/abayturar/airflow-project/venv/lib/python3.12/site-packages/airflow/example_dags/example_trigger_controller_dag.py
[2026-03-28T18:49:53.770+0500] {logging_mixin.py:188} INFO - [2026-03-28T18:49:53.770+0500] {dag.py:3089} INFO - Sync 1 DAGs
[2026-03-28T18:49:53.784+0500] {logging_mixin.py:188} INFO - [2026-03-28T18:49:53.784+0500] {dag.py:3947} INFO - Setting next_dagrun for example_trigger_controller_dag to 2021-01-01 00:00:00+00:00, run_after=2021-01-01 00:00:00+00:00
[2026-03-28T18:49:53.813+0500] {processor.py:183} INFO - Processing /home/abayturar/airflow-project/venv/lib/python3.12/site-packages/airflow/example_dags/example_trigger_controller_dag.py took 0.073 seconds
[2026-03-28T18:50:40.110+0500] {processor.py:161} INFO - Started process (PID=23271) to work on /home/abayturar/airflow-project/venv/lib/python3.12/site-packages/airflow/example_dags/example_trigger_controller_dag.py
[2026-03-28T18:50:40.111+0500] {processor.py:830} INFO - Processing file /home/abayturar/airflow-project/venv/lib/python3.12/site-packages/airflow/example_dags/example_trigger_controller_dag.py for tasks to queue
[2026-03-28T18:50:40.113+0500] {logging_mixin.py:188} INFO - [2026-03-28T18:50:40.112+0500] {dagbag.py:545} INFO - Filling up the DagBag from /home/abayturar/airflow-project/venv/lib/python3.12/site-packages/airflow/example_dags/example_trigger_controller_dag.py
[2026-03-28T18:50:40.119+0500] {processor.py:840} INFO - DAG(s) 'example_trigger_controller_dag' retrieved from /home/abayturar/airflow-project/venv/lib/python3.12/site-packages/airflow/example_dags/example_trigger_controller_dag.py
[2026-03-28T18:50:40.134+0500] {logging_mixin.py:188} INFO - [2026-03-28T18:50:40.134+0500] {dag.py:3089} INFO - Sync 1 DAGs
[2026-03-28T18:50:40.148+0500] {logging_mixin.py:188} INFO - [2026-03-28T18:50:40.148+0500] {dag.py:3947} INFO - Setting next_dagrun for example_trigger_controller_dag to 2021-01-01 00:00:00+00:00, run_after=2021-01-01 00:00:00+00:00
[2026-03-28T18:50:40.176+0500] {processor.py:183} INFO - Processing /home/abayturar/airflow-project/venv/lib/python3.12/site-packages/airflow/example_dags/example_trigger_controller_dag.py took 0.073 seconds
[2026-03-28T18:51:27.783+0500] {processor.py:161} INFO - Started process (PID=23398) to work on /home/abayturar/airflow-project/venv/lib/python3.12/site-packages/airflow/example_dags/example_trigger_controller_dag.py
[2026-03-28T18:51:27.784+0500] {processor.py:830} INFO - Processing file /home/abayturar/airflow-project/venv/lib/python3.12/site-packages/airflow/example_dags/example_trigger_controller_dag.py for tasks to queue
[2026-03-28T18:51:27.786+0500] {logging_mixin.py:188} INFO - [2026-03-28T18:51:27.786+0500] {dagbag.py:545} INFO - Filling up the DagBag from /home/abayturar/airflow-project/venv/lib/python3.12/site-packages/airflow/example_dags/example_trigger_controller_dag.py
[2026-03-28T18:51:27.793+0500] {processor.py:840} INFO - DAG(s) 'example_trigger_controller_dag' retrieved from /home/abayturar/airflow-project/venv/lib/python3.12/site-packages/airflow/example_dags/example_trigger_controller_dag.py
[2026-03-28T18:51:27.811+0500] {logging_mixin.py:188} INFO - [2026-03-28T18:51:27.810+0500] {dag.py:3089} INFO - Sync 1 DAGs
[2026-03-28T18:51:27.827+0500] {logging_mixin.py:188} INFO - [2026-03-28T18:51:27.827+0500] {dag.py:3947} INFO - Setting next_dagrun for example_trigger_controller_dag to 2021-01-01 00:00:00+00:00, run_after=2021-01-01 00:00:00+00:00
[2026-03-28T18:51:27.848+0500] {processor.py:183} INFO - Processing /home/abayturar/airflow-project/venv/lib/python3.12/site-packages/airflow/example_dags/example_trigger_controller_dag.py took 0.072 seconds
[2026-03-28T18:52:13.979+0500] {processor.py:161} INFO - Started process (PID=23522) to work on /home/abayturar/airflow-project/venv/lib/python3.12/site-packages/airflow/example_dags/example_trigger_controller_dag.py
[2026-03-28T18:52:13.980+0500] {processor.py:830} INFO - Processing file /home/abayturar/airflow-project/venv/lib/python3.12/site-packages/airflow/example_dags/example_trigger_controller_dag.py for tasks to queue
[2026-03-28T18:52:13.982+0500] {logging_mixin.py:188} INFO - [2026-03-28T18:52:13.981+0500] {dagbag.py:545} INFO - Filling up the DagBag from /home/abayturar/airflow-project/venv/lib/python3.12/site-packages/airflow/example_dags/example_trigger_controller_dag.py
[2026-03-28T18:52:13.988+0500] {processor.py:840} INFO - DAG(s) 'example_trigger_controller_dag' retrieved from /home/abayturar/airflow-project/venv/lib/python3.12/site-packages/airflow/example_dags/example_trigger_controller_dag.py
[2026-03-28T18:52:14.004+0500] {logging_mixin.py:188} INFO - [2026-03-28T18:52:14.003+0500] {dag.py:3089} INFO - Sync 1 DAGs
[2026-03-28T18:52:14.017+0500] {logging_mixin.py:188} INFO - [2026-03-28T18:52:14.017+0500] {dag.py:3947} INFO - Setting next_dagrun for example_trigger_controller_dag to 2021-01-01 00:00:00+00:00, run_after=2021-01-01 00:00:00+00:00
[2026-03-28T18:52:14.034+0500] {processor.py:183} INFO - Processing /home/abayturar/airflow-project/venv/lib/python3.12/site-packages/airflow/example_dags/example_trigger_controller_dag.py took 0.061 seconds
[2026-03-28T18:53:00.087+0500] {processor.py:161} INFO - Started process (PID=23648) to work on /home/abayturar/airflow-project/venv/lib/python3.12/site-packages/airflow/example_dags/example_trigger_controller_dag.py
[2026-03-28T18:53:00.088+0500] {processor.py:830} INFO - Processing file /home/abayturar/airflow-project/venv/lib/python3.12/site-packages/airflow/example_dags/example_trigger_controller_dag.py for tasks to queue
[2026-03-28T18:53:00.090+0500] {logging_mixin.py:188} INFO - [2026-03-28T18:53:00.089+0500] {dagbag.py:545} INFO - Filling up the DagBag from /home/abayturar/airflow-project/venv/lib/python3.12/site-packages/airflow/example_dags/example_trigger_controller_dag.py
[2026-03-28T18:53:00.096+0500] {processor.py:840} INFO - DAG(s) 'example_trigger_controller_dag' retrieved from /home/abayturar/airflow-project/venv/lib/python3.12/site-packages/airflow/example_dags/example_trigger_controller_dag.py
[2026-03-28T18:53:00.112+0500] {logging_mixin.py:188} INFO - [2026-03-28T18:53:00.111+0500] {dag.py:3089} INFO - Sync 1 DAGs
[2026-03-28T18:53:00.125+0500] {logging_mixin.py:188} INFO - [2026-03-28T18:53:00.125+0500] {dag.py:3947} INFO - Setting next_dagrun for example_trigger_controller_dag to 2021-01-01 00:00:00+00:00, run_after=2021-01-01 00:00:00+00:00
[2026-03-28T18:53:00.153+0500] {processor.py:183} INFO - Processing /home/abayturar/airflow-project/venv/lib/python3.12/site-packages/airflow/example_dags/example_trigger_controller_dag.py took 0.072 seconds
[2026-03-28T18:53:44.445+0500] {processor.py:161} INFO - Started process (PID=23765) to work on /home/abayturar/airflow-project/venv/lib/python3.12/site-packages/airflow/example_dags/example_trigger_controller_dag.py
[2026-03-28T18:53:44.446+0500] {processor.py:830} INFO - Processing file /home/abayturar/airflow-project/venv/lib/python3.12/site-packages/airflow/example_dags/example_trigger_controller_dag.py for tasks to queue
[2026-03-28T18:53:44.448+0500] {logging_mixin.py:188} INFO - [2026-03-28T18:53:44.448+0500] {dagbag.py:545} INFO - Filling up the DagBag from /home/abayturar/airflow-project/venv/lib/python3.12/site-packages/airflow/example_dags/example_trigger_controller_dag.py
[2026-03-28T18:53:44.454+0500] {processor.py:840} INFO - DAG(s) 'example_trigger_controller_dag' retrieved from /home/abayturar/airflow-project/venv/lib/python3.12/site-packages/airflow/example_dags/example_trigger_controller_dag.py
[2026-03-28T18:53:44.469+0500] {logging_mixin.py:188} INFO - [2026-03-28T18:53:44.469+0500] {dag.py:3089} INFO - Sync 1 DAGs
[2026-03-28T18:53:44.483+0500] {logging_mixin.py:188} INFO - [2026-03-28T18:53:44.483+0500] {dag.py:3947} INFO - Setting next_dagrun for example_trigger_controller_dag to 2021-01-01 00:00:00+00:00, run_after=2021-01-01 00:00:00+00:00
[2026-03-28T18:53:44.509+0500] {processor.py:183} INFO - Processing /home/abayturar/airflow-project/venv/lib/python3.12/site-packages/airflow/example_dags/example_trigger_controller_dag.py took 0.070 seconds
[2026-03-28T18:54:30.341+0500] {processor.py:161} INFO - Started process (PID=23891) to work on /home/abayturar/airflow-project/venv/lib/python3.12/site-packages/airflow/example_dags/example_trigger_controller_dag.py
[2026-03-28T18:54:30.342+0500] {processor.py:830} INFO - Processing file /home/abayturar/airflow-project/venv/lib/python3.12/site-packages/airflow/example_dags/example_trigger_controller_dag.py for tasks to queue
[2026-03-28T18:54:30.345+0500] {logging_mixin.py:188} INFO - [2026-03-28T18:54:30.345+0500] {dagbag.py:545} INFO - Filling up the DagBag from /home/abayturar/airflow-project/venv/lib/python3.12/site-packages/airflow/example_dags/example_trigger_controller_dag.py
[2026-03-28T18:54:30.353+0500] {processor.py:840} INFO - DAG(s) 'example_trigger_controller_dag' retrieved from /home/abayturar/airflow-project/venv/lib/python3.12/site-packages/airflow/example_dags/example_trigger_controller_dag.py
[2026-03-28T18:54:30.374+0500] {logging_mixin.py:188} INFO - [2026-03-28T18:54:30.374+0500] {dag.py:3089} INFO - Sync 1 DAGs
[2026-03-28T18:54:30.393+0500] {logging_mixin.py:188} INFO - [2026-03-28T18:54:30.393+0500] {dag.py:3947} INFO - Setting next_dagrun for example_trigger_controller_dag to 2021-01-01 00:00:00+00:00, run_after=2021-01-01 00:00:00+00:00
[2026-03-28T18:54:30.415+0500] {processor.py:183} INFO - Processing /home/abayturar/airflow-project/venv/lib/python3.12/site-packages/airflow/example_dags/example_trigger_controller_dag.py took 0.085 seconds
[2026-03-28T18:55:14.664+0500] {processor.py:161} INFO - Started process (PID=24008) to work on /home/abayturar/airflow-project/venv/lib/python3.12/site-packages/airflow/example_dags/example_trigger_controller_dag.py
[2026-03-28T18:55:14.666+0500] {processor.py:830} INFO - Processing file /home/abayturar/airflow-project/venv/lib/python3.12/site-packages/airflow/example_dags/example_trigger_controller_dag.py for tasks to queue
[2026-03-28T18:55:14.668+0500] {logging_mixin.py:188} INFO - [2026-03-28T18:55:14.667+0500] {dagbag.py:545} INFO - Filling up the DagBag from /home/abayturar/airflow-project/venv/lib/python3.12/site-packages/airflow/example_dags/example_trigger_controller_dag.py
[2026-03-28T18:55:14.674+0500] {processor.py:840} INFO - DAG(s) 'example_trigger_controller_dag' retrieved from /home/abayturar/airflow-project/venv/lib/python3.12/site-packages/airflow/example_dags/example_trigger_controller_dag.py
[2026-03-28T18:55:14.701+0500] {logging_mixin.py:188} INFO - [2026-03-28T18:55:14.701+0500] {dag.py:3089} INFO - Sync 1 DAGs
[2026-03-28T18:55:14.727+0500] {logging_mixin.py:188} INFO - [2026-03-28T18:55:14.727+0500] {dag.py:3947} INFO - Setting next_dagrun for example_trigger_controller_dag to 2021-01-01 00:00:00+00:00, run_after=2021-01-01 00:00:00+00:00
[2026-03-28T18:55:14.768+0500] {processor.py:183} INFO - Processing /home/abayturar/airflow-project/venv/lib/python3.12/site-packages/airflow/example_dags/example_trigger_controller_dag.py took 0.116 seconds
[2026-03-28T18:56:08.902+0500] {processor.py:161} INFO - Started process (PID=24148) to work on /home/abayturar/airflow-project/venv/lib/python3.12/site-packages/airflow/example_dags/example_trigger_controller_dag.py
[2026-03-28T18:56:08.903+0500] {processor.py:830} INFO - Processing file /home/abayturar/airflow-project/venv/lib/python3.12/site-packages/airflow/example_dags/example_trigger_controller_dag.py for tasks to queue
[2026-03-28T18:56:08.905+0500] {logging_mixin.py:188} INFO - [2026-03-28T18:56:08.904+0500] {dagbag.py:545} INFO - Filling up the DagBag from /home/abayturar/airflow-project/venv/lib/python3.12/site-packages/airflow/example_dags/example_trigger_controller_dag.py
[2026-03-28T18:56:08.910+0500] {processor.py:840} INFO - DAG(s) 'example_trigger_controller_dag' retrieved from /home/abayturar/airflow-project/venv/lib/python3.12/site-packages/airflow/example_dags/example_trigger_controller_dag.py
[2026-03-28T18:56:08.925+0500] {logging_mixin.py:188} INFO - [2026-03-28T18:56:08.925+0500] {dag.py:3089} INFO - Sync 1 DAGs
[2026-03-28T18:56:08.938+0500] {logging_mixin.py:188} INFO - [2026-03-28T18:56:08.937+0500] {dag.py:3947} INFO - Setting next_dagrun for example_trigger_controller_dag to 2021-01-01 00:00:00+00:00, run_after=2021-01-01 00:00:00+00:00
[2026-03-28T18:56:08.952+0500] {processor.py:183} INFO - Processing /home/abayturar/airflow-project/venv/lib/python3.12/site-packages/airflow/example_dags/example_trigger_controller_dag.py took 0.056 seconds
[2026-03-28T18:56:59.302+0500] {processor.py:161} INFO - Started process (PID=24281) to work on /home/abayturar/airflow-project/venv/lib/python3.12/site-packages/airflow/example_dags/example_trigger_controller_dag.py
[2026-03-28T18:56:59.303+0500] {processor.py:830} INFO - Processing file /home/abayturar/airflow-project/venv/lib/python3.12/site-packages/airflow/example_dags/example_trigger_controller_dag.py for tasks to queue
[2026-03-28T18:56:59.304+0500] {logging_mixin.py:188} INFO - [2026-03-28T18:56:59.304+0500] {dagbag.py:545} INFO - Filling up the DagBag from /home/abayturar/airflow-project/venv/lib/python3.12/site-packages/airflow/example_dags/example_trigger_controller_dag.py
[2026-03-28T18:56:59.310+0500] {processor.py:840} INFO - DAG(s) 'example_trigger_controller_dag' retrieved from /home/abayturar/airflow-project/venv/lib/python3.12/site-packages/airflow/example_dags/example_trigger_controller_dag.py
[2026-03-28T18:56:59.329+0500] {logging_mixin.py:188} INFO - [2026-03-28T18:56:59.329+0500] {dag.py:3089} INFO - Sync 1 DAGs
[2026-03-28T18:56:59.345+0500] {logging_mixin.py:188} INFO - [2026-03-28T18:56:59.345+0500] {dag.py:3947} INFO - Setting next_dagrun for example_trigger_controller_dag to 2021-01-01 00:00:00+00:00, run_after=2021-01-01 00:00:00+00:00
[2026-03-28T18:56:59.373+0500] {processor.py:183} INFO - Processing /home/abayturar/airflow-project/venv/lib/python3.12/site-packages/airflow/example_dags/example_trigger_controller_dag.py took 0.078 seconds
[2026-03-28T18:57:47.348+0500] {processor.py:161} INFO - Started process (PID=24410) to work on /home/abayturar/airflow-project/venv/lib/python3.12/site-packages/airflow/example_dags/example_trigger_controller_dag.py
[2026-03-28T18:57:47.349+0500] {processor.py:830} INFO - Processing file /home/abayturar/airflow-project/venv/lib/python3.12/site-packages/airflow/example_dags/example_trigger_controller_dag.py for tasks to queue
[2026-03-28T18:57:47.350+0500] {logging_mixin.py:188} INFO - [2026-03-28T18:57:47.350+0500] {dagbag.py:545} INFO - Filling up the DagBag from /home/abayturar/airflow-project/venv/lib/python3.12/site-packages/airflow/example_dags/example_trigger_controller_dag.py
[2026-03-28T18:57:47.356+0500] {processor.py:840} INFO - DAG(s) 'example_trigger_controller_dag' retrieved from /home/abayturar/airflow-project/venv/lib/python3.12/site-packages/airflow/example_dags/example_trigger_controller_dag.py
[2026-03-28T18:57:47.373+0500] {logging_mixin.py:188} INFO - [2026-03-28T18:57:47.373+0500] {dag.py:3089} INFO - Sync 1 DAGs
[2026-03-28T18:57:47.387+0500] {logging_mixin.py:188} INFO - [2026-03-28T18:57:47.387+0500] {dag.py:3947} INFO - Setting next_dagrun for example_trigger_controller_dag to 2021-01-01 00:00:00+00:00, run_after=2021-01-01 00:00:00+00:00
[2026-03-28T18:57:47.414+0500] {processor.py:183} INFO - Processing /home/abayturar/airflow-project/venv/lib/python3.12/site-packages/airflow/example_dags/example_trigger_controller_dag.py took 0.073 seconds
[2026-03-28T18:58:35.271+0500] {processor.py:161} INFO - Started process (PID=24536) to work on /home/abayturar/airflow-project/venv/lib/python3.12/site-packages/airflow/example_dags/example_trigger_controller_dag.py
[2026-03-28T18:58:35.272+0500] {processor.py:830} INFO - Processing file /home/abayturar/airflow-project/venv/lib/python3.12/site-packages/airflow/example_dags/example_trigger_controller_dag.py for tasks to queue
[2026-03-28T18:58:35.274+0500] {logging_mixin.py:188} INFO - [2026-03-28T18:58:35.273+0500] {dagbag.py:545} INFO - Filling up the DagBag from /home/abayturar/airflow-project/venv/lib/python3.12/site-packages/airflow/example_dags/example_trigger_controller_dag.py
[2026-03-28T18:58:35.279+0500] {processor.py:840} INFO - DAG(s) 'example_trigger_controller_dag' retrieved from /home/abayturar/airflow-project/venv/lib/python3.12/site-packages/airflow/example_dags/example_trigger_controller_dag.py
[2026-03-28T18:58:35.294+0500] {logging_mixin.py:188} INFO - [2026-03-28T18:58:35.294+0500] {dag.py:3089} INFO - Sync 1 DAGs
[2026-03-28T18:58:35.307+0500] {logging_mixin.py:188} INFO - [2026-03-28T18:58:35.307+0500] {dag.py:3947} INFO - Setting next_dagrun for example_trigger_controller_dag to 2021-01-01 00:00:00+00:00, run_after=2021-01-01 00:00:00+00:00
[2026-03-28T18:58:35.333+0500] {processor.py:183} INFO - Processing /home/abayturar/airflow-project/venv/lib/python3.12/site-packages/airflow/example_dags/example_trigger_controller_dag.py took 0.068 seconds
[2026-03-28T18:59:20.204+0500] {processor.py:161} INFO - Started process (PID=24659) to work on /home/abayturar/airflow-project/venv/lib/python3.12/site-packages/airflow/example_dags/example_trigger_controller_dag.py
[2026-03-28T18:59:20.205+0500] {processor.py:830} INFO - Processing file /home/abayturar/airflow-project/venv/lib/python3.12/site-packages/airflow/example_dags/example_trigger_controller_dag.py for tasks to queue
[2026-03-28T18:59:20.207+0500] {logging_mixin.py:188} INFO - [2026-03-28T18:59:20.207+0500] {dagbag.py:545} INFO - Filling up the DagBag from /home/abayturar/airflow-project/venv/lib/python3.12/site-packages/airflow/example_dags/example_trigger_controller_dag.py
[2026-03-28T18:59:20.214+0500] {processor.py:840} INFO - DAG(s) 'example_trigger_controller_dag' retrieved from /home/abayturar/airflow-project/venv/lib/python3.12/site-packages/airflow/example_dags/example_trigger_controller_dag.py
[2026-03-28T18:59:20.231+0500] {logging_mixin.py:188} INFO - [2026-03-28T18:59:20.231+0500] {dag.py:3089} INFO - Sync 1 DAGs
[2026-03-28T18:59:20.247+0500] {logging_mixin.py:188} INFO - [2026-03-28T18:59:20.247+0500] {dag.py:3947} INFO - Setting next_dagrun for example_trigger_controller_dag to 2021-01-01 00:00:00+00:00, run_after=2021-01-01 00:00:00+00:00
[2026-03-28T18:59:20.276+0500] {processor.py:183} INFO - Processing /home/abayturar/airflow-project/venv/lib/python3.12/site-packages/airflow/example_dags/example_trigger_controller_dag.py took 0.080 seconds
[2026-03-28T19:00:08.043+0500] {processor.py:161} INFO - Started process (PID=24787) to work on /home/abayturar/airflow-project/venv/lib/python3.12/site-packages/airflow/example_dags/example_trigger_controller_dag.py
[2026-03-28T19:00:08.044+0500] {processor.py:830} INFO - Processing file /home/abayturar/airflow-project/venv/lib/python3.12/site-packages/airflow/example_dags/example_trigger_controller_dag.py for tasks to queue
[2026-03-28T19:00:08.047+0500] {logging_mixin.py:188} INFO - [2026-03-28T19:00:08.046+0500] {dagbag.py:545} INFO - Filling up the DagBag from /home/abayturar/airflow-project/venv/lib/python3.12/site-packages/airflow/example_dags/example_trigger_controller_dag.py
[2026-03-28T19:00:08.054+0500] {processor.py:840} INFO - DAG(s) 'example_trigger_controller_dag' retrieved from /home/abayturar/airflow-project/venv/lib/python3.12/site-packages/airflow/example_dags/example_trigger_controller_dag.py
[2026-03-28T19:00:08.071+0500] {logging_mixin.py:188} INFO - [2026-03-28T19:00:08.071+0500] {dag.py:3089} INFO - Sync 1 DAGs
[2026-03-28T19:00:08.092+0500] {logging_mixin.py:188} INFO - [2026-03-28T19:00:08.092+0500] {dag.py:3947} INFO - Setting next_dagrun for example_trigger_controller_dag to 2021-01-01 00:00:00+00:00, run_after=2021-01-01 00:00:00+00:00
[2026-03-28T19:00:08.127+0500] {processor.py:183} INFO - Processing /home/abayturar/airflow-project/venv/lib/python3.12/site-packages/airflow/example_dags/example_trigger_controller_dag.py took 0.091 seconds
[2026-03-28T19:00:54.378+0500] {processor.py:161} INFO - Started process (PID=24912) to work on /home/abayturar/airflow-project/venv/lib/python3.12/site-packages/airflow/example_dags/example_trigger_controller_dag.py
[2026-03-28T19:00:54.379+0500] {processor.py:830} INFO - Processing file /home/abayturar/airflow-project/venv/lib/python3.12/site-packages/airflow/example_dags/example_trigger_controller_dag.py for tasks to queue
[2026-03-28T19:00:54.380+0500] {logging_mixin.py:188} INFO - [2026-03-28T19:00:54.380+0500] {dagbag.py:545} INFO - Filling up the DagBag from /home/abayturar/airflow-project/venv/lib/python3.12/site-packages/airflow/example_dags/example_trigger_controller_dag.py
[2026-03-28T19:00:54.388+0500] {processor.py:840} INFO - DAG(s) 'example_trigger_controller_dag' retrieved from /home/abayturar/airflow-project/venv/lib/python3.12/site-packages/airflow/example_dags/example_trigger_controller_dag.py
[2026-03-28T19:00:54.407+0500] {logging_mixin.py:188} INFO - [2026-03-28T19:00:54.407+0500] {dag.py:3089} INFO - Sync 1 DAGs
[2026-03-28T19:00:54.425+0500] {logging_mixin.py:188} INFO - [2026-03-28T19:00:54.425+0500] {dag.py:3947} INFO - Setting next_dagrun for example_trigger_controller_dag to 2021-01-01 00:00:00+00:00, run_after=2021-01-01 00:00:00+00:00
[2026-03-28T19:00:54.456+0500] {processor.py:183} INFO - Processing /home/abayturar/airflow-project/venv/lib/python3.12/site-packages/airflow/example_dags/example_trigger_controller_dag.py took 0.087 seconds
[2026-03-28T19:01:43.442+0500] {processor.py:161} INFO - Started process (PID=25041) to work on /home/abayturar/airflow-project/venv/lib/python3.12/site-packages/airflow/example_dags/example_trigger_controller_dag.py
[2026-03-28T19:01:43.443+0500] {processor.py:830} INFO - Processing file /home/abayturar/airflow-project/venv/lib/python3.12/site-packages/airflow/example_dags/example_trigger_controller_dag.py for tasks to queue
[2026-03-28T19:01:43.445+0500] {logging_mixin.py:188} INFO - [2026-03-28T19:01:43.445+0500] {dagbag.py:545} INFO - Filling up the DagBag from /home/abayturar/airflow-project/venv/lib/python3.12/site-packages/airflow/example_dags/example_trigger_controller_dag.py
[2026-03-28T19:01:43.451+0500] {processor.py:840} INFO - DAG(s) 'example_trigger_controller_dag' retrieved from /home/abayturar/airflow-project/venv/lib/python3.12/site-packages/airflow/example_dags/example_trigger_controller_dag.py
[2026-03-28T19:01:43.469+0500] {logging_mixin.py:188} INFO - [2026-03-28T19:01:43.469+0500] {dag.py:3089} INFO - Sync 1 DAGs
[2026-03-28T19:01:43.485+0500] {logging_mixin.py:188} INFO - [2026-03-28T19:01:43.485+0500] {dag.py:3947} INFO - Setting next_dagrun for example_trigger_controller_dag to 2021-01-01 00:00:00+00:00, run_after=2021-01-01 00:00:00+00:00
[2026-03-28T19:01:43.515+0500] {processor.py:183} INFO - Processing /home/abayturar/airflow-project/venv/lib/python3.12/site-packages/airflow/example_dags/example_trigger_controller_dag.py took 0.081 seconds
[2026-03-28T19:02:28.512+0500] {processor.py:161} INFO - Started process (PID=25163) to work on /home/abayturar/airflow-project/venv/lib/python3.12/site-packages/airflow/example_dags/example_trigger_controller_dag.py
[2026-03-28T19:02:28.513+0500] {processor.py:830} INFO - Processing file /home/abayturar/airflow-project/venv/lib/python3.12/site-packages/airflow/example_dags/example_trigger_controller_dag.py for tasks to queue
[2026-03-28T19:02:28.515+0500] {logging_mixin.py:188} INFO - [2026-03-28T19:02:28.515+0500] {dagbag.py:545} INFO - Filling up the DagBag from /home/abayturar/airflow-project/venv/lib/python3.12/site-packages/airflow/example_dags/example_trigger_controller_dag.py
[2026-03-28T19:02:28.522+0500] {processor.py:840} INFO - DAG(s) 'example_trigger_controller_dag' retrieved from /home/abayturar/airflow-project/venv/lib/python3.12/site-packages/airflow/example_dags/example_trigger_controller_dag.py
[2026-03-28T19:02:28.540+0500] {logging_mixin.py:188} INFO - [2026-03-28T19:02:28.539+0500] {dag.py:3089} INFO - Sync 1 DAGs
[2026-03-28T19:02:28.556+0500] {logging_mixin.py:188} INFO - [2026-03-28T19:02:28.555+0500] {dag.py:3947} INFO - Setting next_dagrun for example_trigger_controller_dag to 2021-01-01 00:00:00+00:00, run_after=2021-01-01 00:00:00+00:00
[2026-03-28T19:02:28.586+0500] {processor.py:183} INFO - Processing /home/abayturar/airflow-project/venv/lib/python3.12/site-packages/airflow/example_dags/example_trigger_controller_dag.py took 0.080 seconds
[2026-03-28T19:03:09.352+0500] {processor.py:161} INFO - Started process (PID=25276) to work on /home/abayturar/airflow-project/venv/lib/python3.12/site-packages/airflow/example_dags/example_trigger_controller_dag.py
[2026-03-28T19:03:09.353+0500] {processor.py:830} INFO - Processing file /home/abayturar/airflow-project/venv/lib/python3.12/site-packages/airflow/example_dags/example_trigger_controller_dag.py for tasks to queue
[2026-03-28T19:03:09.355+0500] {logging_mixin.py:188} INFO - [2026-03-28T19:03:09.354+0500] {dagbag.py:545} INFO - Filling up the DagBag from /home/abayturar/airflow-project/venv/lib/python3.12/site-packages/airflow/example_dags/example_trigger_controller_dag.py
[2026-03-28T19:03:09.360+0500] {processor.py:840} INFO - DAG(s) 'example_trigger_controller_dag' retrieved from /home/abayturar/airflow-project/venv/lib/python3.12/site-packages/airflow/example_dags/example_trigger_controller_dag.py
[2026-03-28T19:03:09.377+0500] {logging_mixin.py:188} INFO - [2026-03-28T19:03:09.377+0500] {dag.py:3089} INFO - Sync 1 DAGs
[2026-03-28T19:03:09.392+0500] {logging_mixin.py:188} INFO - [2026-03-28T19:03:09.391+0500] {dag.py:3947} INFO - Setting next_dagrun for example_trigger_controller_dag to 2021-01-01 00:00:00+00:00, run_after=2021-01-01 00:00:00+00:00
[2026-03-28T19:03:09.420+0500] {processor.py:183} INFO - Processing /home/abayturar/airflow-project/venv/lib/python3.12/site-packages/airflow/example_dags/example_trigger_controller_dag.py took 0.075 seconds
[2026-03-28T19:03:54.920+0500] {processor.py:161} INFO - Started process (PID=25397) to work on /home/abayturar/airflow-project/venv/lib/python3.12/site-packages/airflow/example_dags/example_trigger_controller_dag.py
[2026-03-28T19:03:54.921+0500] {processor.py:830} INFO - Processing file /home/abayturar/airflow-project/venv/lib/python3.12/site-packages/airflow/example_dags/example_trigger_controller_dag.py for tasks to queue
[2026-03-28T19:03:54.923+0500] {logging_mixin.py:188} INFO - [2026-03-28T19:03:54.923+0500] {dagbag.py:545} INFO - Filling up the DagBag from /home/abayturar/airflow-project/venv/lib/python3.12/site-packages/airflow/example_dags/example_trigger_controller_dag.py
[2026-03-28T19:03:54.928+0500] {processor.py:840} INFO - DAG(s) 'example_trigger_controller_dag' retrieved from /home/abayturar/airflow-project/venv/lib/python3.12/site-packages/airflow/example_dags/example_trigger_controller_dag.py
[2026-03-28T19:03:54.943+0500] {logging_mixin.py:188} INFO - [2026-03-28T19:03:54.943+0500] {dag.py:3089} INFO - Sync 1 DAGs
[2026-03-28T19:03:54.956+0500] {logging_mixin.py:188} INFO - [2026-03-28T19:03:54.956+0500] {dag.py:3947} INFO - Setting next_dagrun for example_trigger_controller_dag to 2021-01-01 00:00:00+00:00, run_after=2021-01-01 00:00:00+00:00
[2026-03-28T19:03:54.983+0500] {processor.py:183} INFO - Processing /home/abayturar/airflow-project/venv/lib/python3.12/site-packages/airflow/example_dags/example_trigger_controller_dag.py took 0.069 seconds
[2026-03-28T19:04:42.791+0500] {processor.py:161} INFO - Started process (PID=25528) to work on /home/abayturar/airflow-project/venv/lib/python3.12/site-packages/airflow/example_dags/example_trigger_controller_dag.py
[2026-03-28T19:04:42.792+0500] {processor.py:830} INFO - Processing file /home/abayturar/airflow-project/venv/lib/python3.12/site-packages/airflow/example_dags/example_trigger_controller_dag.py for tasks to queue
[2026-03-28T19:04:42.793+0500] {logging_mixin.py:188} INFO - [2026-03-28T19:04:42.793+0500] {dagbag.py:545} INFO - Filling up the DagBag from /home/abayturar/airflow-project/venv/lib/python3.12/site-packages/airflow/example_dags/example_trigger_controller_dag.py
[2026-03-28T19:04:42.799+0500] {processor.py:840} INFO - DAG(s) 'example_trigger_controller_dag' retrieved from /home/abayturar/airflow-project/venv/lib/python3.12/site-packages/airflow/example_dags/example_trigger_controller_dag.py
[2026-03-28T19:04:42.814+0500] {logging_mixin.py:188} INFO - [2026-03-28T19:04:42.814+0500] {dag.py:3089} INFO - Sync 1 DAGs
[2026-03-28T19:04:42.827+0500] {logging_mixin.py:188} INFO - [2026-03-28T19:04:42.827+0500] {dag.py:3947} INFO - Setting next_dagrun for example_trigger_controller_dag to 2021-01-01 00:00:00+00:00, run_after=2021-01-01 00:00:00+00:00
[2026-03-28T19:04:42.855+0500] {processor.py:183} INFO - Processing /home/abayturar/airflow-project/venv/lib/python3.12/site-packages/airflow/example_dags/example_trigger_controller_dag.py took 0.070 seconds
[2026-03-28T19:05:26.921+0500] {processor.py:161} INFO - Started process (PID=25647) to work on /home/abayturar/airflow-project/venv/lib/python3.12/site-packages/airflow/example_dags/example_trigger_controller_dag.py
[2026-03-28T19:05:26.922+0500] {processor.py:830} INFO - Processing file /home/abayturar/airflow-project/venv/lib/python3.12/site-packages/airflow/example_dags/example_trigger_controller_dag.py for tasks to queue
[2026-03-28T19:05:26.923+0500] {logging_mixin.py:188} INFO - [2026-03-28T19:05:26.923+0500] {dagbag.py:545} INFO - Filling up the DagBag from /home/abayturar/airflow-project/venv/lib/python3.12/site-packages/airflow/example_dags/example_trigger_controller_dag.py
[2026-03-28T19:05:26.929+0500] {processor.py:840} INFO - DAG(s) 'example_trigger_controller_dag' retrieved from /home/abayturar/airflow-project/venv/lib/python3.12/site-packages/airflow/example_dags/example_trigger_controller_dag.py
[2026-03-28T19:05:26.943+0500] {logging_mixin.py:188} INFO - [2026-03-28T19:05:26.943+0500] {dag.py:3089} INFO - Sync 1 DAGs
[2026-03-28T19:05:26.956+0500] {logging_mixin.py:188} INFO - [2026-03-28T19:05:26.955+0500] {dag.py:3947} INFO - Setting next_dagrun for example_trigger_controller_dag to 2021-01-01 00:00:00+00:00, run_after=2021-01-01 00:00:00+00:00
[2026-03-28T19:05:26.982+0500] {processor.py:183} INFO - Processing /home/abayturar/airflow-project/venv/lib/python3.12/site-packages/airflow/example_dags/example_trigger_controller_dag.py took 0.067 seconds
[2026-03-28T19:06:11.158+0500] {processor.py:161} INFO - Started process (PID=25768) to work on /home/abayturar/airflow-project/venv/lib/python3.12/site-packages/airflow/example_dags/example_trigger_controller_dag.py
[2026-03-28T19:06:11.159+0500] {processor.py:830} INFO - Processing file /home/abayturar/airflow-project/venv/lib/python3.12/site-packages/airflow/example_dags/example_trigger_controller_dag.py for tasks to queue
[2026-03-28T19:06:11.161+0500] {logging_mixin.py:188} INFO - [2026-03-28T19:06:11.160+0500] {dagbag.py:545} INFO - Filling up the DagBag from /home/abayturar/airflow-project/venv/lib/python3.12/site-packages/airflow/example_dags/example_trigger_controller_dag.py
[2026-03-28T19:06:11.166+0500] {processor.py:840} INFO - DAG(s) 'example_trigger_controller_dag' retrieved from /home/abayturar/airflow-project/venv/lib/python3.12/site-packages/airflow/example_dags/example_trigger_controller_dag.py
[2026-03-28T19:06:11.181+0500] {logging_mixin.py:188} INFO - [2026-03-28T19:06:11.181+0500] {dag.py:3089} INFO - Sync 1 DAGs
[2026-03-28T19:06:11.194+0500] {logging_mixin.py:188} INFO - [2026-03-28T19:06:11.194+0500] {dag.py:3947} INFO - Setting next_dagrun for example_trigger_controller_dag to 2021-01-01 00:00:00+00:00, run_after=2021-01-01 00:00:00+00:00
[2026-03-28T19:06:11.221+0500] {processor.py:183} INFO - Processing /home/abayturar/airflow-project/venv/lib/python3.12/site-packages/airflow/example_dags/example_trigger_controller_dag.py took 0.069 seconds
[2026-03-28T19:06:52.403+0500] {processor.py:161} INFO - Started process (PID=25880) to work on /home/abayturar/airflow-project/venv/lib/python3.12/site-packages/airflow/example_dags/example_trigger_controller_dag.py
[2026-03-28T19:06:52.404+0500] {processor.py:830} INFO - Processing file /home/abayturar/airflow-project/venv/lib/python3.12/site-packages/airflow/example_dags/example_trigger_controller_dag.py for tasks to queue
[2026-03-28T19:06:52.405+0500] {logging_mixin.py:188} INFO - [2026-03-28T19:06:52.405+0500] {dagbag.py:545} INFO - Filling up the DagBag from /home/abayturar/airflow-project/venv/lib/python3.12/site-packages/airflow/example_dags/example_trigger_controller_dag.py
[2026-03-28T19:06:52.411+0500] {processor.py:840} INFO - DAG(s) 'example_trigger_controller_dag' retrieved from /home/abayturar/airflow-project/venv/lib/python3.12/site-packages/airflow/example_dags/example_trigger_controller_dag.py
[2026-03-28T19:06:52.425+0500] {logging_mixin.py:188} INFO - [2026-03-28T19:06:52.425+0500] {dag.py:3089} INFO - Sync 1 DAGs
[2026-03-28T19:06:52.438+0500] {logging_mixin.py:188} INFO - [2026-03-28T19:06:52.438+0500] {dag.py:3947} INFO - Setting next_dagrun for example_trigger_controller_dag to 2021-01-01 00:00:00+00:00, run_after=2021-01-01 00:00:00+00:00
[2026-03-28T19:06:52.465+0500] {processor.py:183} INFO - Processing /home/abayturar/airflow-project/venv/lib/python3.12/site-packages/airflow/example_dags/example_trigger_controller_dag.py took 0.068 seconds
[2026-03-28T19:07:39.161+0500] {processor.py:161} INFO - Started process (PID=26004) to work on /home/abayturar/airflow-project/venv/lib/python3.12/site-packages/airflow/example_dags/example_trigger_controller_dag.py
[2026-03-28T19:07:39.161+0500] {processor.py:830} INFO - Processing file /home/abayturar/airflow-project/venv/lib/python3.12/site-packages/airflow/example_dags/example_trigger_controller_dag.py for tasks to queue
[2026-03-28T19:07:39.164+0500] {logging_mixin.py:188} INFO - [2026-03-28T19:07:39.163+0500] {dagbag.py:545} INFO - Filling up the DagBag from /home/abayturar/airflow-project/venv/lib/python3.12/site-packages/airflow/example_dags/example_trigger_controller_dag.py
[2026-03-28T19:07:39.170+0500] {processor.py:840} INFO - DAG(s) 'example_trigger_controller_dag' retrieved from /home/abayturar/airflow-project/venv/lib/python3.12/site-packages/airflow/example_dags/example_trigger_controller_dag.py
[2026-03-28T19:07:39.190+0500] {logging_mixin.py:188} INFO - [2026-03-28T19:07:39.190+0500] {dag.py:3089} INFO - Sync 1 DAGs
[2026-03-28T19:07:39.206+0500] {logging_mixin.py:188} INFO - [2026-03-28T19:07:39.206+0500] {dag.py:3947} INFO - Setting next_dagrun for example_trigger_controller_dag to 2021-01-01 00:00:00+00:00, run_after=2021-01-01 00:00:00+00:00
[2026-03-28T19:07:39.236+0500] {processor.py:183} INFO - Processing /home/abayturar/airflow-project/venv/lib/python3.12/site-packages/airflow/example_dags/example_trigger_controller_dag.py took 0.083 seconds
[2026-03-28T19:08:28.482+0500] {processor.py:161} INFO - Started process (PID=26134) to work on /home/abayturar/airflow-project/venv/lib/python3.12/site-packages/airflow/example_dags/example_trigger_controller_dag.py
[2026-03-28T19:08:28.483+0500] {processor.py:830} INFO - Processing file /home/abayturar/airflow-project/venv/lib/python3.12/site-packages/airflow/example_dags/example_trigger_controller_dag.py for tasks to queue
[2026-03-28T19:08:28.485+0500] {logging_mixin.py:188} INFO - [2026-03-28T19:08:28.485+0500] {dagbag.py:545} INFO - Filling up the DagBag from /home/abayturar/airflow-project/venv/lib/python3.12/site-packages/airflow/example_dags/example_trigger_controller_dag.py
[2026-03-28T19:08:28.491+0500] {processor.py:840} INFO - DAG(s) 'example_trigger_controller_dag' retrieved from /home/abayturar/airflow-project/venv/lib/python3.12/site-packages/airflow/example_dags/example_trigger_controller_dag.py
[2026-03-28T19:08:28.506+0500] {logging_mixin.py:188} INFO - [2026-03-28T19:08:28.506+0500] {dag.py:3089} INFO - Sync 1 DAGs
[2026-03-28T19:08:28.519+0500] {logging_mixin.py:188} INFO - [2026-03-28T19:08:28.519+0500] {dag.py:3947} INFO - Setting next_dagrun for example_trigger_controller_dag to 2021-01-01 00:00:00+00:00, run_after=2021-01-01 00:00:00+00:00
[2026-03-28T19:08:28.548+0500] {processor.py:183} INFO - Processing /home/abayturar/airflow-project/venv/lib/python3.12/site-packages/airflow/example_dags/example_trigger_controller_dag.py took 0.072 seconds
[2026-03-28T19:09:15.118+0500] {processor.py:161} INFO - Started process (PID=26261) to work on /home/abayturar/airflow-project/venv/lib/python3.12/site-packages/airflow/example_dags/example_trigger_controller_dag.py
[2026-03-28T19:09:15.118+0500] {processor.py:830} INFO - Processing file /home/abayturar/airflow-project/venv/lib/python3.12/site-packages/airflow/example_dags/example_trigger_controller_dag.py for tasks to queue
[2026-03-28T19:09:15.120+0500] {logging_mixin.py:188} INFO - [2026-03-28T19:09:15.120+0500] {dagbag.py:545} INFO - Filling up the DagBag from /home/abayturar/airflow-project/venv/lib/python3.12/site-packages/airflow/example_dags/example_trigger_controller_dag.py
[2026-03-28T19:09:15.126+0500] {processor.py:840} INFO - DAG(s) 'example_trigger_controller_dag' retrieved from /home/abayturar/airflow-project/venv/lib/python3.12/site-packages/airflow/example_dags/example_trigger_controller_dag.py
[2026-03-28T19:09:15.143+0500] {logging_mixin.py:188} INFO - [2026-03-28T19:09:15.142+0500] {dag.py:3089} INFO - Sync 1 DAGs
[2026-03-28T19:09:15.159+0500] {logging_mixin.py:188} INFO - [2026-03-28T19:09:15.159+0500] {dag.py:3947} INFO - Setting next_dagrun for example_trigger_controller_dag to 2021-01-01 00:00:00+00:00, run_after=2021-01-01 00:00:00+00:00
[2026-03-28T19:09:15.177+0500] {processor.py:183} INFO - Processing /home/abayturar/airflow-project/venv/lib/python3.12/site-packages/airflow/example_dags/example_trigger_controller_dag.py took 0.065 seconds
[2026-03-28T19:09:59.413+0500] {processor.py:161} INFO - Started process (PID=26381) to work on /home/abayturar/airflow-project/venv/lib/python3.12/site-packages/airflow/example_dags/example_trigger_controller_dag.py
[2026-03-28T19:09:59.415+0500] {processor.py:830} INFO - Processing file /home/abayturar/airflow-project/venv/lib/python3.12/site-packages/airflow/example_dags/example_trigger_controller_dag.py for tasks to queue
[2026-03-28T19:09:59.417+0500] {logging_mixin.py:188} INFO - [2026-03-28T19:09:59.416+0500] {dagbag.py:545} INFO - Filling up the DagBag from /home/abayturar/airflow-project/venv/lib/python3.12/site-packages/airflow/example_dags/example_trigger_controller_dag.py
[2026-03-28T19:09:59.423+0500] {processor.py:840} INFO - DAG(s) 'example_trigger_controller_dag' retrieved from /home/abayturar/airflow-project/venv/lib/python3.12/site-packages/airflow/example_dags/example_trigger_controller_dag.py
[2026-03-28T19:09:59.440+0500] {logging_mixin.py:188} INFO - [2026-03-28T19:09:59.440+0500] {dag.py:3089} INFO - Sync 1 DAGs
[2026-03-28T19:09:59.456+0500] {logging_mixin.py:188} INFO - [2026-03-28T19:09:59.456+0500] {dag.py:3947} INFO - Setting next_dagrun for example_trigger_controller_dag to 2021-01-01 00:00:00+00:00, run_after=2021-01-01 00:00:00+00:00
[2026-03-28T19:09:59.484+0500] {processor.py:183} INFO - Processing /home/abayturar/airflow-project/venv/lib/python3.12/site-packages/airflow/example_dags/example_trigger_controller_dag.py took 0.077 seconds
[2026-03-28T19:10:47.222+0500] {processor.py:161} INFO - Started process (PID=26509) to work on /home/abayturar/airflow-project/venv/lib/python3.12/site-packages/airflow/example_dags/example_trigger_controller_dag.py
[2026-03-28T19:10:47.223+0500] {processor.py:830} INFO - Processing file /home/abayturar/airflow-project/venv/lib/python3.12/site-packages/airflow/example_dags/example_trigger_controller_dag.py for tasks to queue
[2026-03-28T19:10:47.225+0500] {logging_mixin.py:188} INFO - [2026-03-28T19:10:47.225+0500] {dagbag.py:545} INFO - Filling up the DagBag from /home/abayturar/airflow-project/venv/lib/python3.12/site-packages/airflow/example_dags/example_trigger_controller_dag.py
[2026-03-28T19:10:47.232+0500] {processor.py:840} INFO - DAG(s) 'example_trigger_controller_dag' retrieved from /home/abayturar/airflow-project/venv/lib/python3.12/site-packages/airflow/example_dags/example_trigger_controller_dag.py
[2026-03-28T19:10:47.248+0500] {logging_mixin.py:188} INFO - [2026-03-28T19:10:47.248+0500] {dag.py:3089} INFO - Sync 1 DAGs
[2026-03-28T19:10:47.262+0500] {logging_mixin.py:188} INFO - [2026-03-28T19:10:47.261+0500] {dag.py:3947} INFO - Setting next_dagrun for example_trigger_controller_dag to 2021-01-01 00:00:00+00:00, run_after=2021-01-01 00:00:00+00:00
[2026-03-28T19:10:47.290+0500] {processor.py:183} INFO - Processing /home/abayturar/airflow-project/venv/lib/python3.12/site-packages/airflow/example_dags/example_trigger_controller_dag.py took 0.075 seconds
[2026-03-28T19:11:35.976+0500] {processor.py:161} INFO - Started process (PID=26636) to work on /home/abayturar/airflow-project/venv/lib/python3.12/site-packages/airflow/example_dags/example_trigger_controller_dag.py
[2026-03-28T19:11:35.977+0500] {processor.py:830} INFO - Processing file /home/abayturar/airflow-project/venv/lib/python3.12/site-packages/airflow/example_dags/example_trigger_controller_dag.py for tasks to queue
[2026-03-28T19:11:35.979+0500] {logging_mixin.py:188} INFO - [2026-03-28T19:11:35.978+0500] {dagbag.py:545} INFO - Filling up the DagBag from /home/abayturar/airflow-project/venv/lib/python3.12/site-packages/airflow/example_dags/example_trigger_controller_dag.py
[2026-03-28T19:11:35.984+0500] {processor.py:840} INFO - DAG(s) 'example_trigger_controller_dag' retrieved from /home/abayturar/airflow-project/venv/lib/python3.12/site-packages/airflow/example_dags/example_trigger_controller_dag.py
[2026-03-28T19:11:35.999+0500] {logging_mixin.py:188} INFO - [2026-03-28T19:11:35.999+0500] {dag.py:3089} INFO - Sync 1 DAGs
[2026-03-28T19:11:36.013+0500] {logging_mixin.py:188} INFO - [2026-03-28T19:11:36.013+0500] {dag.py:3947} INFO - Setting next_dagrun for example_trigger_controller_dag to 2021-01-01 00:00:00+00:00, run_after=2021-01-01 00:00:00+00:00
[2026-03-28T19:11:36.041+0500] {processor.py:183} INFO - Processing /home/abayturar/airflow-project/venv/lib/python3.12/site-packages/airflow/example_dags/example_trigger_controller_dag.py took 0.071 seconds
[2026-03-28T19:12:22.309+0500] {processor.py:161} INFO - Started process (PID=26763) to work on /home/abayturar/airflow-project/venv/lib/python3.12/site-packages/airflow/example_dags/example_trigger_controller_dag.py
[2026-03-28T19:12:22.310+0500] {processor.py:830} INFO - Processing file /home/abayturar/airflow-project/venv/lib/python3.12/site-packages/airflow/example_dags/example_trigger_controller_dag.py for tasks to queue
[2026-03-28T19:12:22.312+0500] {logging_mixin.py:188} INFO - [2026-03-28T19:12:22.312+0500] {dagbag.py:545} INFO - Filling up the DagBag from /home/abayturar/airflow-project/venv/lib/python3.12/site-packages/airflow/example_dags/example_trigger_controller_dag.py
[2026-03-28T19:12:22.317+0500] {processor.py:840} INFO - DAG(s) 'example_trigger_controller_dag' retrieved from /home/abayturar/airflow-project/venv/lib/python3.12/site-packages/airflow/example_dags/example_trigger_controller_dag.py
[2026-03-28T19:12:22.332+0500] {logging_mixin.py:188} INFO - [2026-03-28T19:12:22.331+0500] {dag.py:3089} INFO - Sync 1 DAGs
[2026-03-28T19:12:22.344+0500] {logging_mixin.py:188} INFO - [2026-03-28T19:12:22.344+0500] {dag.py:3947} INFO - Setting next_dagrun for example_trigger_controller_dag to 2021-01-01 00:00:00+00:00, run_after=2021-01-01 00:00:00+00:00
[2026-03-28T19:12:22.371+0500] {processor.py:183} INFO - Processing /home/abayturar/airflow-project/venv/lib/python3.12/site-packages/airflow/example_dags/example_trigger_controller_dag.py took 0.068 seconds
[2026-03-28T19:13:11.283+0500] {processor.py:161} INFO - Started process (PID=26893) to work on /home/abayturar/airflow-project/venv/lib/python3.12/site-packages/airflow/example_dags/example_trigger_controller_dag.py
[2026-03-28T19:13:11.284+0500] {processor.py:830} INFO - Processing file /home/abayturar/airflow-project/venv/lib/python3.12/site-packages/airflow/example_dags/example_trigger_controller_dag.py for tasks to queue
[2026-03-28T19:13:11.286+0500] {logging_mixin.py:188} INFO - [2026-03-28T19:13:11.286+0500] {dagbag.py:545} INFO - Filling up the DagBag from /home/abayturar/airflow-project/venv/lib/python3.12/site-packages/airflow/example_dags/example_trigger_controller_dag.py
[2026-03-28T19:13:11.292+0500] {processor.py:840} INFO - DAG(s) 'example_trigger_controller_dag' retrieved from /home/abayturar/airflow-project/venv/lib/python3.12/site-packages/airflow/example_dags/example_trigger_controller_dag.py
[2026-03-28T19:13:11.306+0500] {logging_mixin.py:188} INFO - [2026-03-28T19:13:11.306+0500] {dag.py:3089} INFO - Sync 1 DAGs
[2026-03-28T19:13:11.318+0500] {logging_mixin.py:188} INFO - [2026-03-28T19:13:11.318+0500] {dag.py:3947} INFO - Setting next_dagrun for example_trigger_controller_dag to 2021-01-01 00:00:00+00:00, run_after=2021-01-01 00:00:00+00:00
[2026-03-28T19:13:11.345+0500] {processor.py:183} INFO - Processing /home/abayturar/airflow-project/venv/lib/python3.12/site-packages/airflow/example_dags/example_trigger_controller_dag.py took 0.068 seconds
[2026-03-28T19:13:57.629+0500] {processor.py:161} INFO - Started process (PID=27015) to work on /home/abayturar/airflow-project/venv/lib/python3.12/site-packages/airflow/example_dags/example_trigger_controller_dag.py
[2026-03-28T19:13:57.631+0500] {processor.py:830} INFO - Processing file /home/abayturar/airflow-project/venv/lib/python3.12/site-packages/airflow/example_dags/example_trigger_controller_dag.py for tasks to queue
[2026-03-28T19:13:57.632+0500] {logging_mixin.py:188} INFO - [2026-03-28T19:13:57.632+0500] {dagbag.py:545} INFO - Filling up the DagBag from /home/abayturar/airflow-project/venv/lib/python3.12/site-packages/airflow/example_dags/example_trigger_controller_dag.py
[2026-03-28T19:13:57.639+0500] {processor.py:840} INFO - DAG(s) 'example_trigger_controller_dag' retrieved from /home/abayturar/airflow-project/venv/lib/python3.12/site-packages/airflow/example_dags/example_trigger_controller_dag.py
[2026-03-28T19:13:57.655+0500] {logging_mixin.py:188} INFO - [2026-03-28T19:13:57.655+0500] {dag.py:3089} INFO - Sync 1 DAGs
[2026-03-28T19:13:57.670+0500] {logging_mixin.py:188} INFO - [2026-03-28T19:13:57.670+0500] {dag.py:3947} INFO - Setting next_dagrun for example_trigger_controller_dag to 2021-01-01 00:00:00+00:00, run_after=2021-01-01 00:00:00+00:00
[2026-03-28T19:13:57.699+0500] {processor.py:183} INFO - Processing /home/abayturar/airflow-project/venv/lib/python3.12/site-packages/airflow/example_dags/example_trigger_controller_dag.py took 0.077 seconds
[2026-03-28T19:14:44.709+0500] {processor.py:161} INFO - Started process (PID=27145) to work on /home/abayturar/airflow-project/venv/lib/python3.12/site-packages/airflow/example_dags/example_trigger_controller_dag.py
[2026-03-28T19:14:44.710+0500] {processor.py:830} INFO - Processing file /home/abayturar/airflow-project/venv/lib/python3.12/site-packages/airflow/example_dags/example_trigger_controller_dag.py for tasks to queue
[2026-03-28T19:14:44.713+0500] {logging_mixin.py:188} INFO - [2026-03-28T19:14:44.712+0500] {dagbag.py:545} INFO - Filling up the DagBag from /home/abayturar/airflow-project/venv/lib/python3.12/site-packages/airflow/example_dags/example_trigger_controller_dag.py
[2026-03-28T19:14:44.721+0500] {processor.py:840} INFO - DAG(s) 'example_trigger_controller_dag' retrieved from /home/abayturar/airflow-project/venv/lib/python3.12/site-packages/airflow/example_dags/example_trigger_controller_dag.py
[2026-03-28T19:14:44.739+0500] {logging_mixin.py:188} INFO - [2026-03-28T19:14:44.738+0500] {dag.py:3089} INFO - Sync 1 DAGs
[2026-03-28T19:14:44.754+0500] {logging_mixin.py:188} INFO - [2026-03-28T19:14:44.754+0500] {dag.py:3947} INFO - Setting next_dagrun for example_trigger_controller_dag to 2021-01-01 00:00:00+00:00, run_after=2021-01-01 00:00:00+00:00
[2026-03-28T19:14:44.786+0500] {processor.py:183} INFO - Processing /home/abayturar/airflow-project/venv/lib/python3.12/site-packages/airflow/example_dags/example_trigger_controller_dag.py took 0.087 seconds
[2026-03-28T19:15:30.141+0500] {processor.py:161} INFO - Started process (PID=27268) to work on /home/abayturar/airflow-project/venv/lib/python3.12/site-packages/airflow/example_dags/example_trigger_controller_dag.py
[2026-03-28T19:15:30.142+0500] {processor.py:830} INFO - Processing file /home/abayturar/airflow-project/venv/lib/python3.12/site-packages/airflow/example_dags/example_trigger_controller_dag.py for tasks to queue
[2026-03-28T19:15:30.143+0500] {logging_mixin.py:188} INFO - [2026-03-28T19:15:30.143+0500] {dagbag.py:545} INFO - Filling up the DagBag from /home/abayturar/airflow-project/venv/lib/python3.12/site-packages/airflow/example_dags/example_trigger_controller_dag.py
[2026-03-28T19:15:30.149+0500] {processor.py:840} INFO - DAG(s) 'example_trigger_controller_dag' retrieved from /home/abayturar/airflow-project/venv/lib/python3.12/site-packages/airflow/example_dags/example_trigger_controller_dag.py
[2026-03-28T19:15:30.164+0500] {logging_mixin.py:188} INFO - [2026-03-28T19:15:30.164+0500] {dag.py:3089} INFO - Sync 1 DAGs
[2026-03-28T19:15:30.177+0500] {logging_mixin.py:188} INFO - [2026-03-28T19:15:30.177+0500] {dag.py:3947} INFO - Setting next_dagrun for example_trigger_controller_dag to 2021-01-01 00:00:00+00:00, run_after=2021-01-01 00:00:00+00:00
[2026-03-28T19:15:30.205+0500] {processor.py:183} INFO - Processing /home/abayturar/airflow-project/venv/lib/python3.12/site-packages/airflow/example_dags/example_trigger_controller_dag.py took 0.070 seconds
[2026-03-28T19:16:15.736+0500] {processor.py:161} INFO - Started process (PID=27388) to work on /home/abayturar/airflow-project/venv/lib/python3.12/site-packages/airflow/example_dags/example_trigger_controller_dag.py
[2026-03-28T19:16:15.736+0500] {processor.py:830} INFO - Processing file /home/abayturar/airflow-project/venv/lib/python3.12/site-packages/airflow/example_dags/example_trigger_controller_dag.py for tasks to queue
[2026-03-28T19:16:15.739+0500] {logging_mixin.py:188} INFO - [2026-03-28T19:16:15.738+0500] {dagbag.py:545} INFO - Filling up the DagBag from /home/abayturar/airflow-project/venv/lib/python3.12/site-packages/airflow/example_dags/example_trigger_controller_dag.py
[2026-03-28T19:16:15.744+0500] {processor.py:840} INFO - DAG(s) 'example_trigger_controller_dag' retrieved from /home/abayturar/airflow-project/venv/lib/python3.12/site-packages/airflow/example_dags/example_trigger_controller_dag.py
[2026-03-28T19:16:15.761+0500] {logging_mixin.py:188} INFO - [2026-03-28T19:16:15.760+0500] {dag.py:3089} INFO - Sync 1 DAGs
[2026-03-28T19:16:15.775+0500] {logging_mixin.py:188} INFO - [2026-03-28T19:16:15.775+0500] {dag.py:3947} INFO - Setting next_dagrun for example_trigger_controller_dag to 2021-01-01 00:00:00+00:00, run_after=2021-01-01 00:00:00+00:00
[2026-03-28T19:16:15.791+0500] {processor.py:183} INFO - Processing /home/abayturar/airflow-project/venv/lib/python3.12/site-packages/airflow/example_dags/example_trigger_controller_dag.py took 0.063 seconds
[2026-03-28T19:17:02.309+0500] {processor.py:161} INFO - Started process (PID=27515) to work on /home/abayturar/airflow-project/venv/lib/python3.12/site-packages/airflow/example_dags/example_trigger_controller_dag.py
[2026-03-28T19:17:02.310+0500] {processor.py:830} INFO - Processing file /home/abayturar/airflow-project/venv/lib/python3.12/site-packages/airflow/example_dags/example_trigger_controller_dag.py for tasks to queue
[2026-03-28T19:17:02.312+0500] {logging_mixin.py:188} INFO - [2026-03-28T19:17:02.311+0500] {dagbag.py:545} INFO - Filling up the DagBag from /home/abayturar/airflow-project/venv/lib/python3.12/site-packages/airflow/example_dags/example_trigger_controller_dag.py
[2026-03-28T19:17:02.320+0500] {processor.py:840} INFO - DAG(s) 'example_trigger_controller_dag' retrieved from /home/abayturar/airflow-project/venv/lib/python3.12/site-packages/airflow/example_dags/example_trigger_controller_dag.py
[2026-03-28T19:17:02.338+0500] {logging_mixin.py:188} INFO - [2026-03-28T19:17:02.338+0500] {dag.py:3089} INFO - Sync 1 DAGs
[2026-03-28T19:17:02.352+0500] {logging_mixin.py:188} INFO - [2026-03-28T19:17:02.352+0500] {dag.py:3947} INFO - Setting next_dagrun for example_trigger_controller_dag to 2021-01-01 00:00:00+00:00, run_after=2021-01-01 00:00:00+00:00
[2026-03-28T19:17:02.382+0500] {processor.py:183} INFO - Processing /home/abayturar/airflow-project/venv/lib/python3.12/site-packages/airflow/example_dags/example_trigger_controller_dag.py took 0.080 seconds
[2026-03-28T19:17:50.051+0500] {processor.py:161} INFO - Started process (PID=27642) to work on /home/abayturar/airflow-project/venv/lib/python3.12/site-packages/airflow/example_dags/example_trigger_controller_dag.py
[2026-03-28T19:17:50.051+0500] {processor.py:830} INFO - Processing file /home/abayturar/airflow-project/venv/lib/python3.12/site-packages/airflow/example_dags/example_trigger_controller_dag.py for tasks to queue
[2026-03-28T19:17:50.053+0500] {logging_mixin.py:188} INFO - [2026-03-28T19:17:50.053+0500] {dagbag.py:545} INFO - Filling up the DagBag from /home/abayturar/airflow-project/venv/lib/python3.12/site-packages/airflow/example_dags/example_trigger_controller_dag.py
[2026-03-28T19:17:50.058+0500] {processor.py:840} INFO - DAG(s) 'example_trigger_controller_dag' retrieved from /home/abayturar/airflow-project/venv/lib/python3.12/site-packages/airflow/example_dags/example_trigger_controller_dag.py
[2026-03-28T19:17:50.073+0500] {logging_mixin.py:188} INFO - [2026-03-28T19:17:50.073+0500] {dag.py:3089} INFO - Sync 1 DAGs
[2026-03-28T19:17:50.086+0500] {logging_mixin.py:188} INFO - [2026-03-28T19:17:50.085+0500] {dag.py:3947} INFO - Setting next_dagrun for example_trigger_controller_dag to 2021-01-01 00:00:00+00:00, run_after=2021-01-01 00:00:00+00:00
[2026-03-28T19:17:50.113+0500] {processor.py:183} INFO - Processing /home/abayturar/airflow-project/venv/lib/python3.12/site-packages/airflow/example_dags/example_trigger_controller_dag.py took 0.068 seconds
[2026-03-28T19:18:32.460+0500] {processor.py:161} INFO - Started process (PID=27760) to work on /home/abayturar/airflow-project/venv/lib/python3.12/site-packages/airflow/example_dags/example_trigger_controller_dag.py
[2026-03-28T19:18:32.460+0500] {processor.py:830} INFO - Processing file /home/abayturar/airflow-project/venv/lib/python3.12/site-packages/airflow/example_dags/example_trigger_controller_dag.py for tasks to queue
[2026-03-28T19:18:32.462+0500] {logging_mixin.py:188} INFO - [2026-03-28T19:18:32.462+0500] {dagbag.py:545} INFO - Filling up the DagBag from /home/abayturar/airflow-project/venv/lib/python3.12/site-packages/airflow/example_dags/example_trigger_controller_dag.py
[2026-03-28T19:18:32.468+0500] {processor.py:840} INFO - DAG(s) 'example_trigger_controller_dag' retrieved from /home/abayturar/airflow-project/venv/lib/python3.12/site-packages/airflow/example_dags/example_trigger_controller_dag.py
[2026-03-28T19:18:32.483+0500] {logging_mixin.py:188} INFO - [2026-03-28T19:18:32.483+0500] {dag.py:3089} INFO - Sync 1 DAGs
[2026-03-28T19:18:32.497+0500] {logging_mixin.py:188} INFO - [2026-03-28T19:18:32.497+0500] {dag.py:3947} INFO - Setting next_dagrun for example_trigger_controller_dag to 2021-01-01 00:00:00+00:00, run_after=2021-01-01 00:00:00+00:00
[2026-03-28T19:18:32.513+0500] {processor.py:183} INFO - Processing /home/abayturar/airflow-project/venv/lib/python3.12/site-packages/airflow/example_dags/example_trigger_controller_dag.py took 0.059 seconds
[2026-03-28T19:19:17.504+0500] {processor.py:161} INFO - Started process (PID=27880) to work on /home/abayturar/airflow-project/venv/lib/python3.12/site-packages/airflow/example_dags/example_trigger_controller_dag.py
[2026-03-28T19:19:17.505+0500] {processor.py:830} INFO - Processing file /home/abayturar/airflow-project/venv/lib/python3.12/site-packages/airflow/example_dags/example_trigger_controller_dag.py for tasks to queue
[2026-03-28T19:19:17.506+0500] {logging_mixin.py:188} INFO - [2026-03-28T19:19:17.506+0500] {dagbag.py:545} INFO - Filling up the DagBag from /home/abayturar/airflow-project/venv/lib/python3.12/site-packages/airflow/example_dags/example_trigger_controller_dag.py
[2026-03-28T19:19:17.512+0500] {processor.py:840} INFO - DAG(s) 'example_trigger_controller_dag' retrieved from /home/abayturar/airflow-project/venv/lib/python3.12/site-packages/airflow/example_dags/example_trigger_controller_dag.py
[2026-03-28T19:19:17.526+0500] {logging_mixin.py:188} INFO - [2026-03-28T19:19:17.526+0500] {dag.py:3089} INFO - Sync 1 DAGs
[2026-03-28T19:19:17.539+0500] {logging_mixin.py:188} INFO - [2026-03-28T19:19:17.538+0500] {dag.py:3947} INFO - Setting next_dagrun for example_trigger_controller_dag to 2021-01-01 00:00:00+00:00, run_after=2021-01-01 00:00:00+00:00
[2026-03-28T19:19:17.553+0500] {processor.py:183} INFO - Processing /home/abayturar/airflow-project/venv/lib/python3.12/site-packages/airflow/example_dags/example_trigger_controller_dag.py took 0.055 seconds
[2026-03-28T19:20:05.859+0500] {processor.py:161} INFO - Started process (PID=28010) to work on /home/abayturar/airflow-project/venv/lib/python3.12/site-packages/airflow/example_dags/example_trigger_controller_dag.py
[2026-03-28T19:20:05.860+0500] {processor.py:830} INFO - Processing file /home/abayturar/airflow-project/venv/lib/python3.12/site-packages/airflow/example_dags/example_trigger_controller_dag.py for tasks to queue
[2026-03-28T19:20:05.862+0500] {logging_mixin.py:188} INFO - [2026-03-28T19:20:05.862+0500] {dagbag.py:545} INFO - Filling up the DagBag from /home/abayturar/airflow-project/venv/lib/python3.12/site-packages/airflow/example_dags/example_trigger_controller_dag.py
[2026-03-28T19:20:05.867+0500] {processor.py:840} INFO - DAG(s) 'example_trigger_controller_dag' retrieved from /home/abayturar/airflow-project/venv/lib/python3.12/site-packages/airflow/example_dags/example_trigger_controller_dag.py
[2026-03-28T19:20:05.882+0500] {logging_mixin.py:188} INFO - [2026-03-28T19:20:05.882+0500] {dag.py:3089} INFO - Sync 1 DAGs
[2026-03-28T19:20:05.896+0500] {logging_mixin.py:188} INFO - [2026-03-28T19:20:05.896+0500] {dag.py:3947} INFO - Setting next_dagrun for example_trigger_controller_dag to 2021-01-01 00:00:00+00:00, run_after=2021-01-01 00:00:00+00:00
[2026-03-28T19:20:05.924+0500] {processor.py:183} INFO - Processing /home/abayturar/airflow-project/venv/lib/python3.12/site-packages/airflow/example_dags/example_trigger_controller_dag.py took 0.071 seconds
[2026-03-28T19:20:52.008+0500] {processor.py:161} INFO - Started process (PID=28134) to work on /home/abayturar/airflow-project/venv/lib/python3.12/site-packages/airflow/example_dags/example_trigger_controller_dag.py
[2026-03-28T19:20:52.008+0500] {processor.py:830} INFO - Processing file /home/abayturar/airflow-project/venv/lib/python3.12/site-packages/airflow/example_dags/example_trigger_controller_dag.py for tasks to queue
[2026-03-28T19:20:52.010+0500] {logging_mixin.py:188} INFO - [2026-03-28T19:20:52.010+0500] {dagbag.py:545} INFO - Filling up the DagBag from /home/abayturar/airflow-project/venv/lib/python3.12/site-packages/airflow/example_dags/example_trigger_controller_dag.py
[2026-03-28T19:20:52.016+0500] {processor.py:840} INFO - DAG(s) 'example_trigger_controller_dag' retrieved from /home/abayturar/airflow-project/venv/lib/python3.12/site-packages/airflow/example_dags/example_trigger_controller_dag.py
[2026-03-28T19:20:52.030+0500] {logging_mixin.py:188} INFO - [2026-03-28T19:20:52.030+0500] {dag.py:3089} INFO - Sync 1 DAGs
[2026-03-28T19:20:52.043+0500] {logging_mixin.py:188} INFO - [2026-03-28T19:20:52.043+0500] {dag.py:3947} INFO - Setting next_dagrun for example_trigger_controller_dag to 2021-01-01 00:00:00+00:00, run_after=2021-01-01 00:00:00+00:00
[2026-03-28T19:20:52.071+0500] {processor.py:183} INFO - Processing /home/abayturar/airflow-project/venv/lib/python3.12/site-packages/airflow/example_dags/example_trigger_controller_dag.py took 0.069 seconds
[2026-03-28T19:21:37.171+0500] {processor.py:161} INFO - Started process (PID=28290) to work on /home/abayturar/airflow-project/venv/lib/python3.12/site-packages/airflow/example_dags/example_trigger_controller_dag.py
[2026-03-28T19:21:37.171+0500] {processor.py:830} INFO - Processing file /home/abayturar/airflow-project/venv/lib/python3.12/site-packages/airflow/example_dags/example_trigger_controller_dag.py for tasks to queue
[2026-03-28T19:21:37.173+0500] {logging_mixin.py:188} INFO - [2026-03-28T19:21:37.173+0500] {dagbag.py:545} INFO - Filling up the DagBag from /home/abayturar/airflow-project/venv/lib/python3.12/site-packages/airflow/example_dags/example_trigger_controller_dag.py
[2026-03-28T19:21:37.179+0500] {processor.py:840} INFO - DAG(s) 'example_trigger_controller_dag' retrieved from /home/abayturar/airflow-project/venv/lib/python3.12/site-packages/airflow/example_dags/example_trigger_controller_dag.py
[2026-03-28T19:21:37.196+0500] {logging_mixin.py:188} INFO - [2026-03-28T19:21:37.196+0500] {dag.py:3089} INFO - Sync 1 DAGs
[2026-03-28T19:21:37.212+0500] {logging_mixin.py:188} INFO - [2026-03-28T19:21:37.211+0500] {dag.py:3947} INFO - Setting next_dagrun for example_trigger_controller_dag to 2021-01-01 00:00:00+00:00, run_after=2021-01-01 00:00:00+00:00
[2026-03-28T19:21:37.230+0500] {processor.py:183} INFO - Processing /home/abayturar/airflow-project/venv/lib/python3.12/site-packages/airflow/example_dags/example_trigger_controller_dag.py took 0.067 seconds
[2026-03-28T19:22:19.469+0500] {processor.py:161} INFO - Started process (PID=28411) to work on /home/abayturar/airflow-project/venv/lib/python3.12/site-packages/airflow/example_dags/example_trigger_controller_dag.py
[2026-03-28T19:22:19.470+0500] {processor.py:830} INFO - Processing file /home/abayturar/airflow-project/venv/lib/python3.12/site-packages/airflow/example_dags/example_trigger_controller_dag.py for tasks to queue
[2026-03-28T19:22:19.472+0500] {logging_mixin.py:188} INFO - [2026-03-28T19:22:19.471+0500] {dagbag.py:545} INFO - Filling up the DagBag from /home/abayturar/airflow-project/venv/lib/python3.12/site-packages/airflow/example_dags/example_trigger_controller_dag.py
[2026-03-28T19:22:19.477+0500] {processor.py:840} INFO - DAG(s) 'example_trigger_controller_dag' retrieved from /home/abayturar/airflow-project/venv/lib/python3.12/site-packages/airflow/example_dags/example_trigger_controller_dag.py
[2026-03-28T19:22:19.492+0500] {logging_mixin.py:188} INFO - [2026-03-28T19:22:19.492+0500] {dag.py:3089} INFO - Sync 1 DAGs
[2026-03-28T19:22:19.505+0500] {logging_mixin.py:188} INFO - [2026-03-28T19:22:19.505+0500] {dag.py:3947} INFO - Setting next_dagrun for example_trigger_controller_dag to 2021-01-01 00:00:00+00:00, run_after=2021-01-01 00:00:00+00:00
[2026-03-28T19:22:19.532+0500] {processor.py:183} INFO - Processing /home/abayturar/airflow-project/venv/lib/python3.12/site-packages/airflow/example_dags/example_trigger_controller_dag.py took 0.068 seconds
[2026-03-28T19:23:04.318+0500] {processor.py:161} INFO - Started process (PID=28531) to work on /home/abayturar/airflow-project/venv/lib/python3.12/site-packages/airflow/example_dags/example_trigger_controller_dag.py
[2026-03-28T19:23:04.319+0500] {processor.py:830} INFO - Processing file /home/abayturar/airflow-project/venv/lib/python3.12/site-packages/airflow/example_dags/example_trigger_controller_dag.py for tasks to queue
[2026-03-28T19:23:04.321+0500] {logging_mixin.py:188} INFO - [2026-03-28T19:23:04.321+0500] {dagbag.py:545} INFO - Filling up the DagBag from /home/abayturar/airflow-project/venv/lib/python3.12/site-packages/airflow/example_dags/example_trigger_controller_dag.py
[2026-03-28T19:23:04.327+0500] {processor.py:840} INFO - DAG(s) 'example_trigger_controller_dag' retrieved from /home/abayturar/airflow-project/venv/lib/python3.12/site-packages/airflow/example_dags/example_trigger_controller_dag.py
[2026-03-28T19:23:04.343+0500] {logging_mixin.py:188} INFO - [2026-03-28T19:23:04.343+0500] {dag.py:3089} INFO - Sync 1 DAGs
[2026-03-28T19:23:04.357+0500] {logging_mixin.py:188} INFO - [2026-03-28T19:23:04.357+0500] {dag.py:3947} INFO - Setting next_dagrun for example_trigger_controller_dag to 2021-01-01 00:00:00+00:00, run_after=2021-01-01 00:00:00+00:00
[2026-03-28T19:23:04.385+0500] {processor.py:183} INFO - Processing /home/abayturar/airflow-project/venv/lib/python3.12/site-packages/airflow/example_dags/example_trigger_controller_dag.py took 0.074 seconds
[2026-03-28T19:23:49.532+0500] {processor.py:161} INFO - Started process (PID=28655) to work on /home/abayturar/airflow-project/venv/lib/python3.12/site-packages/airflow/example_dags/example_trigger_controller_dag.py
[2026-03-28T19:23:49.533+0500] {processor.py:830} INFO - Processing file /home/abayturar/airflow-project/venv/lib/python3.12/site-packages/airflow/example_dags/example_trigger_controller_dag.py for tasks to queue
[2026-03-28T19:23:49.535+0500] {logging_mixin.py:188} INFO - [2026-03-28T19:23:49.535+0500] {dagbag.py:545} INFO - Filling up the DagBag from /home/abayturar/airflow-project/venv/lib/python3.12/site-packages/airflow/example_dags/example_trigger_controller_dag.py
[2026-03-28T19:23:49.542+0500] {processor.py:840} INFO - DAG(s) 'example_trigger_controller_dag' retrieved from /home/abayturar/airflow-project/venv/lib/python3.12/site-packages/airflow/example_dags/example_trigger_controller_dag.py
[2026-03-28T19:23:49.560+0500] {logging_mixin.py:188} INFO - [2026-03-28T19:23:49.560+0500] {dag.py:3089} INFO - Sync 1 DAGs
[2026-03-28T19:23:49.575+0500] {logging_mixin.py:188} INFO - [2026-03-28T19:23:49.575+0500] {dag.py:3947} INFO - Setting next_dagrun for example_trigger_controller_dag to 2021-01-01 00:00:00+00:00, run_after=2021-01-01 00:00:00+00:00
[2026-03-28T19:23:49.592+0500] {processor.py:183} INFO - Processing /home/abayturar/airflow-project/venv/lib/python3.12/site-packages/airflow/example_dags/example_trigger_controller_dag.py took 0.067 seconds
[2026-03-28T19:24:36.696+0500] {processor.py:161} INFO - Started process (PID=28781) to work on /home/abayturar/airflow-project/venv/lib/python3.12/site-packages/airflow/example_dags/example_trigger_controller_dag.py
[2026-03-28T19:24:36.697+0500] {processor.py:830} INFO - Processing file /home/abayturar/airflow-project/venv/lib/python3.12/site-packages/airflow/example_dags/example_trigger_controller_dag.py for tasks to queue
[2026-03-28T19:24:36.699+0500] {logging_mixin.py:188} INFO - [2026-03-28T19:24:36.699+0500] {dagbag.py:545} INFO - Filling up the DagBag from /home/abayturar/airflow-project/venv/lib/python3.12/site-packages/airflow/example_dags/example_trigger_controller_dag.py
[2026-03-28T19:24:36.705+0500] {processor.py:840} INFO - DAG(s) 'example_trigger_controller_dag' retrieved from /home/abayturar/airflow-project/venv/lib/python3.12/site-packages/airflow/example_dags/example_trigger_controller_dag.py
[2026-03-28T19:24:36.723+0500] {logging_mixin.py:188} INFO - [2026-03-28T19:24:36.723+0500] {dag.py:3089} INFO - Sync 1 DAGs
[2026-03-28T19:24:36.742+0500] {logging_mixin.py:188} INFO - [2026-03-28T19:24:36.741+0500] {dag.py:3947} INFO - Setting next_dagrun for example_trigger_controller_dag to 2021-01-01 00:00:00+00:00, run_after=2021-01-01 00:00:00+00:00
[2026-03-28T19:24:36.772+0500] {processor.py:183} INFO - Processing /home/abayturar/airflow-project/venv/lib/python3.12/site-packages/airflow/example_dags/example_trigger_controller_dag.py took 0.082 seconds
[2026-03-28T19:25:23.179+0500] {processor.py:161} INFO - Started process (PID=28904) to work on /home/abayturar/airflow-project/venv/lib/python3.12/site-packages/airflow/example_dags/example_trigger_controller_dag.py
[2026-03-28T19:25:23.180+0500] {processor.py:830} INFO - Processing file /home/abayturar/airflow-project/venv/lib/python3.12/site-packages/airflow/example_dags/example_trigger_controller_dag.py for tasks to queue
[2026-03-28T19:25:23.182+0500] {logging_mixin.py:188} INFO - [2026-03-28T19:25:23.181+0500] {dagbag.py:545} INFO - Filling up the DagBag from /home/abayturar/airflow-project/venv/lib/python3.12/site-packages/airflow/example_dags/example_trigger_controller_dag.py
[2026-03-28T19:25:23.187+0500] {processor.py:840} INFO - DAG(s) 'example_trigger_controller_dag' retrieved from /home/abayturar/airflow-project/venv/lib/python3.12/site-packages/airflow/example_dags/example_trigger_controller_dag.py
[2026-03-28T19:25:23.203+0500] {logging_mixin.py:188} INFO - [2026-03-28T19:25:23.203+0500] {dag.py:3089} INFO - Sync 1 DAGs
[2026-03-28T19:25:23.218+0500] {logging_mixin.py:188} INFO - [2026-03-28T19:25:23.218+0500] {dag.py:3947} INFO - Setting next_dagrun for example_trigger_controller_dag to 2021-01-01 00:00:00+00:00, run_after=2021-01-01 00:00:00+00:00
[2026-03-28T19:25:23.248+0500] {processor.py:183} INFO - Processing /home/abayturar/airflow-project/venv/lib/python3.12/site-packages/airflow/example_dags/example_trigger_controller_dag.py took 0.075 seconds
[2026-03-28T19:26:09.095+0500] {processor.py:161} INFO - Started process (PID=29031) to work on /home/abayturar/airflow-project/venv/lib/python3.12/site-packages/airflow/example_dags/example_trigger_controller_dag.py
[2026-03-28T19:26:09.096+0500] {processor.py:830} INFO - Processing file /home/abayturar/airflow-project/venv/lib/python3.12/site-packages/airflow/example_dags/example_trigger_controller_dag.py for tasks to queue
[2026-03-28T19:26:09.097+0500] {logging_mixin.py:188} INFO - [2026-03-28T19:26:09.097+0500] {dagbag.py:545} INFO - Filling up the DagBag from /home/abayturar/airflow-project/venv/lib/python3.12/site-packages/airflow/example_dags/example_trigger_controller_dag.py
[2026-03-28T19:26:09.103+0500] {processor.py:840} INFO - DAG(s) 'example_trigger_controller_dag' retrieved from /home/abayturar/airflow-project/venv/lib/python3.12/site-packages/airflow/example_dags/example_trigger_controller_dag.py
[2026-03-28T19:26:09.118+0500] {logging_mixin.py:188} INFO - [2026-03-28T19:26:09.118+0500] {dag.py:3089} INFO - Sync 1 DAGs
[2026-03-28T19:26:09.131+0500] {logging_mixin.py:188} INFO - [2026-03-28T19:26:09.131+0500] {dag.py:3947} INFO - Setting next_dagrun for example_trigger_controller_dag to 2021-01-01 00:00:00+00:00, run_after=2021-01-01 00:00:00+00:00
[2026-03-28T19:26:09.158+0500] {processor.py:183} INFO - Processing /home/abayturar/airflow-project/venv/lib/python3.12/site-packages/airflow/example_dags/example_trigger_controller_dag.py took 0.069 seconds
[2026-03-28T19:26:56.003+0500] {processor.py:161} INFO - Started process (PID=29154) to work on /home/abayturar/airflow-project/venv/lib/python3.12/site-packages/airflow/example_dags/example_trigger_controller_dag.py
[2026-03-28T19:26:56.004+0500] {processor.py:830} INFO - Processing file /home/abayturar/airflow-project/venv/lib/python3.12/site-packages/airflow/example_dags/example_trigger_controller_dag.py for tasks to queue
[2026-03-28T19:26:56.006+0500] {logging_mixin.py:188} INFO - [2026-03-28T19:26:56.005+0500] {dagbag.py:545} INFO - Filling up the DagBag from /home/abayturar/airflow-project/venv/lib/python3.12/site-packages/airflow/example_dags/example_trigger_controller_dag.py
[2026-03-28T19:26:56.011+0500] {processor.py:840} INFO - DAG(s) 'example_trigger_controller_dag' retrieved from /home/abayturar/airflow-project/venv/lib/python3.12/site-packages/airflow/example_dags/example_trigger_controller_dag.py
[2026-03-28T19:26:56.027+0500] {logging_mixin.py:188} INFO - [2026-03-28T19:26:56.027+0500] {dag.py:3089} INFO - Sync 1 DAGs
[2026-03-28T19:26:56.041+0500] {logging_mixin.py:188} INFO - [2026-03-28T19:26:56.040+0500] {dag.py:3947} INFO - Setting next_dagrun for example_trigger_controller_dag to 2021-01-01 00:00:00+00:00, run_after=2021-01-01 00:00:00+00:00
[2026-03-28T19:26:56.068+0500] {processor.py:183} INFO - Processing /home/abayturar/airflow-project/venv/lib/python3.12/site-packages/airflow/example_dags/example_trigger_controller_dag.py took 0.072 seconds
[2026-03-28T19:27:43.739+0500] {processor.py:161} INFO - Started process (PID=29285) to work on /home/abayturar/airflow-project/venv/lib/python3.12/site-packages/airflow/example_dags/example_trigger_controller_dag.py
[2026-03-28T19:27:43.739+0500] {processor.py:830} INFO - Processing file /home/abayturar/airflow-project/venv/lib/python3.12/site-packages/airflow/example_dags/example_trigger_controller_dag.py for tasks to queue
[2026-03-28T19:27:43.741+0500] {logging_mixin.py:188} INFO - [2026-03-28T19:27:43.741+0500] {dagbag.py:545} INFO - Filling up the DagBag from /home/abayturar/airflow-project/venv/lib/python3.12/site-packages/airflow/example_dags/example_trigger_controller_dag.py
[2026-03-28T19:27:43.747+0500] {processor.py:840} INFO - DAG(s) 'example_trigger_controller_dag' retrieved from /home/abayturar/airflow-project/venv/lib/python3.12/site-packages/airflow/example_dags/example_trigger_controller_dag.py
[2026-03-28T19:27:43.762+0500] {logging_mixin.py:188} INFO - [2026-03-28T19:27:43.762+0500] {dag.py:3089} INFO - Sync 1 DAGs
[2026-03-28T19:27:43.775+0500] {logging_mixin.py:188} INFO - [2026-03-28T19:27:43.774+0500] {dag.py:3947} INFO - Setting next_dagrun for example_trigger_controller_dag to 2021-01-01 00:00:00+00:00, run_after=2021-01-01 00:00:00+00:00
[2026-03-28T19:27:43.801+0500] {processor.py:183} INFO - Processing /home/abayturar/airflow-project/venv/lib/python3.12/site-packages/airflow/example_dags/example_trigger_controller_dag.py took 0.068 seconds
[2026-03-28T19:28:31.527+0500] {processor.py:161} INFO - Started process (PID=29412) to work on /home/abayturar/airflow-project/venv/lib/python3.12/site-packages/airflow/example_dags/example_trigger_controller_dag.py
[2026-03-28T19:28:31.528+0500] {processor.py:830} INFO - Processing file /home/abayturar/airflow-project/venv/lib/python3.12/site-packages/airflow/example_dags/example_trigger_controller_dag.py for tasks to queue
[2026-03-28T19:28:31.529+0500] {logging_mixin.py:188} INFO - [2026-03-28T19:28:31.529+0500] {dagbag.py:545} INFO - Filling up the DagBag from /home/abayturar/airflow-project/venv/lib/python3.12/site-packages/airflow/example_dags/example_trigger_controller_dag.py
[2026-03-28T19:28:31.535+0500] {processor.py:840} INFO - DAG(s) 'example_trigger_controller_dag' retrieved from /home/abayturar/airflow-project/venv/lib/python3.12/site-packages/airflow/example_dags/example_trigger_controller_dag.py
[2026-03-28T19:28:31.550+0500] {logging_mixin.py:188} INFO - [2026-03-28T19:28:31.550+0500] {dag.py:3089} INFO - Sync 1 DAGs
[2026-03-28T19:28:31.564+0500] {logging_mixin.py:188} INFO - [2026-03-28T19:28:31.564+0500] {dag.py:3947} INFO - Setting next_dagrun for example_trigger_controller_dag to 2021-01-01 00:00:00+00:00, run_after=2021-01-01 00:00:00+00:00
[2026-03-28T19:28:31.590+0500] {processor.py:183} INFO - Processing /home/abayturar/airflow-project/venv/lib/python3.12/site-packages/airflow/example_dags/example_trigger_controller_dag.py took 0.070 seconds
[2026-03-28T19:29:21.573+0500] {processor.py:161} INFO - Started process (PID=29612) to work on /home/abayturar/airflow-project/venv/lib/python3.12/site-packages/airflow/example_dags/example_trigger_controller_dag.py
[2026-03-28T19:29:21.574+0500] {processor.py:830} INFO - Processing file /home/abayturar/airflow-project/venv/lib/python3.12/site-packages/airflow/example_dags/example_trigger_controller_dag.py for tasks to queue
[2026-03-28T19:29:21.576+0500] {logging_mixin.py:188} INFO - [2026-03-28T19:29:21.575+0500] {dagbag.py:545} INFO - Filling up the DagBag from /home/abayturar/airflow-project/venv/lib/python3.12/site-packages/airflow/example_dags/example_trigger_controller_dag.py
[2026-03-28T19:29:21.581+0500] {processor.py:840} INFO - DAG(s) 'example_trigger_controller_dag' retrieved from /home/abayturar/airflow-project/venv/lib/python3.12/site-packages/airflow/example_dags/example_trigger_controller_dag.py
[2026-03-28T19:29:21.596+0500] {logging_mixin.py:188} INFO - [2026-03-28T19:29:21.596+0500] {dag.py:3089} INFO - Sync 1 DAGs
[2026-03-28T19:29:21.609+0500] {logging_mixin.py:188} INFO - [2026-03-28T19:29:21.609+0500] {dag.py:3947} INFO - Setting next_dagrun for example_trigger_controller_dag to 2021-01-01 00:00:00+00:00, run_after=2021-01-01 00:00:00+00:00
[2026-03-28T19:29:21.636+0500] {processor.py:183} INFO - Processing /home/abayturar/airflow-project/venv/lib/python3.12/site-packages/airflow/example_dags/example_trigger_controller_dag.py took 0.069 seconds
[2026-03-28T19:30:05.136+0500] {processor.py:161} INFO - Started process (PID=29732) to work on /home/abayturar/airflow-project/venv/lib/python3.12/site-packages/airflow/example_dags/example_trigger_controller_dag.py
[2026-03-28T19:30:05.137+0500] {processor.py:830} INFO - Processing file /home/abayturar/airflow-project/venv/lib/python3.12/site-packages/airflow/example_dags/example_trigger_controller_dag.py for tasks to queue
[2026-03-28T19:30:05.138+0500] {logging_mixin.py:188} INFO - [2026-03-28T19:30:05.138+0500] {dagbag.py:545} INFO - Filling up the DagBag from /home/abayturar/airflow-project/venv/lib/python3.12/site-packages/airflow/example_dags/example_trigger_controller_dag.py
[2026-03-28T19:30:05.145+0500] {processor.py:840} INFO - DAG(s) 'example_trigger_controller_dag' retrieved from /home/abayturar/airflow-project/venv/lib/python3.12/site-packages/airflow/example_dags/example_trigger_controller_dag.py
[2026-03-28T19:30:05.162+0500] {logging_mixin.py:188} INFO - [2026-03-28T19:30:05.162+0500] {dag.py:3089} INFO - Sync 1 DAGs
[2026-03-28T19:30:05.179+0500] {logging_mixin.py:188} INFO - [2026-03-28T19:30:05.179+0500] {dag.py:3947} INFO - Setting next_dagrun for example_trigger_controller_dag to 2021-01-01 00:00:00+00:00, run_after=2021-01-01 00:00:00+00:00
[2026-03-28T19:30:05.197+0500] {processor.py:183} INFO - Processing /home/abayturar/airflow-project/venv/lib/python3.12/site-packages/airflow/example_dags/example_trigger_controller_dag.py took 0.068 seconds
[2026-03-28T19:31:06.336+0500] {processor.py:161} INFO - Started process (PID=29924) to work on /home/abayturar/airflow-project/venv/lib/python3.12/site-packages/airflow/example_dags/example_trigger_controller_dag.py
[2026-03-28T19:31:06.337+0500] {processor.py:830} INFO - Processing file /home/abayturar/airflow-project/venv/lib/python3.12/site-packages/airflow/example_dags/example_trigger_controller_dag.py for tasks to queue
[2026-03-28T19:31:06.339+0500] {logging_mixin.py:188} INFO - [2026-03-28T19:31:06.339+0500] {dagbag.py:545} INFO - Filling up the DagBag from /home/abayturar/airflow-project/venv/lib/python3.12/site-packages/airflow/example_dags/example_trigger_controller_dag.py
[2026-03-28T19:31:06.345+0500] {processor.py:840} INFO - DAG(s) 'example_trigger_controller_dag' retrieved from /home/abayturar/airflow-project/venv/lib/python3.12/site-packages/airflow/example_dags/example_trigger_controller_dag.py
[2026-03-28T19:31:06.362+0500] {logging_mixin.py:188} INFO - [2026-03-28T19:31:06.362+0500] {dag.py:3089} INFO - Sync 1 DAGs
[2026-03-28T19:31:06.377+0500] {logging_mixin.py:188} INFO - [2026-03-28T19:31:06.377+0500] {dag.py:3947} INFO - Setting next_dagrun for example_trigger_controller_dag to 2021-01-01 00:00:00+00:00, run_after=2021-01-01 00:00:00+00:00
[2026-03-28T19:31:06.394+0500] {processor.py:183} INFO - Processing /home/abayturar/airflow-project/venv/lib/python3.12/site-packages/airflow/example_dags/example_trigger_controller_dag.py took 0.065 seconds
[2026-03-28T19:31:41.149+0500] {processor.py:161} INFO - Started process (PID=30025) to work on /home/abayturar/airflow-project/venv/lib/python3.12/site-packages/airflow/example_dags/example_trigger_controller_dag.py
[2026-03-28T19:31:41.150+0500] {processor.py:830} INFO - Processing file /home/abayturar/airflow-project/venv/lib/python3.12/site-packages/airflow/example_dags/example_trigger_controller_dag.py for tasks to queue
[2026-03-28T19:31:41.152+0500] {logging_mixin.py:188} INFO - [2026-03-28T19:31:41.152+0500] {dagbag.py:545} INFO - Filling up the DagBag from /home/abayturar/airflow-project/venv/lib/python3.12/site-packages/airflow/example_dags/example_trigger_controller_dag.py
[2026-03-28T19:31:41.158+0500] {processor.py:840} INFO - DAG(s) 'example_trigger_controller_dag' retrieved from /home/abayturar/airflow-project/venv/lib/python3.12/site-packages/airflow/example_dags/example_trigger_controller_dag.py
[2026-03-28T19:31:41.175+0500] {logging_mixin.py:188} INFO - [2026-03-28T19:31:41.175+0500] {dag.py:3089} INFO - Sync 1 DAGs
[2026-03-28T19:31:41.193+0500] {logging_mixin.py:188} INFO - [2026-03-28T19:31:41.193+0500] {dag.py:3947} INFO - Setting next_dagrun for example_trigger_controller_dag to 2021-01-01 00:00:00+00:00, run_after=2021-01-01 00:00:00+00:00
[2026-03-28T19:31:41.209+0500] {processor.py:183} INFO - Processing /home/abayturar/airflow-project/venv/lib/python3.12/site-packages/airflow/example_dags/example_trigger_controller_dag.py took 0.068 seconds
[2026-03-28T19:32:24.548+0500] {processor.py:161} INFO - Started process (PID=30145) to work on /home/abayturar/airflow-project/venv/lib/python3.12/site-packages/airflow/example_dags/example_trigger_controller_dag.py
[2026-03-28T19:32:24.549+0500] {processor.py:830} INFO - Processing file /home/abayturar/airflow-project/venv/lib/python3.12/site-packages/airflow/example_dags/example_trigger_controller_dag.py for tasks to queue
[2026-03-28T19:32:24.552+0500] {logging_mixin.py:188} INFO - [2026-03-28T19:32:24.551+0500] {dagbag.py:545} INFO - Filling up the DagBag from /home/abayturar/airflow-project/venv/lib/python3.12/site-packages/airflow/example_dags/example_trigger_controller_dag.py
[2026-03-28T19:32:24.562+0500] {processor.py:840} INFO - DAG(s) 'example_trigger_controller_dag' retrieved from /home/abayturar/airflow-project/venv/lib/python3.12/site-packages/airflow/example_dags/example_trigger_controller_dag.py
[2026-03-28T19:32:24.586+0500] {logging_mixin.py:188} INFO - [2026-03-28T19:32:24.585+0500] {dag.py:3089} INFO - Sync 1 DAGs
[2026-03-28T19:32:24.608+0500] {logging_mixin.py:188} INFO - [2026-03-28T19:32:24.608+0500] {dag.py:3947} INFO - Setting next_dagrun for example_trigger_controller_dag to 2021-01-01 00:00:00+00:00, run_after=2021-01-01 00:00:00+00:00
[2026-03-28T19:32:24.632+0500] {processor.py:183} INFO - Processing /home/abayturar/airflow-project/venv/lib/python3.12/site-packages/airflow/example_dags/example_trigger_controller_dag.py took 0.091 seconds
[2026-03-28T19:33:15.020+0500] {processor.py:161} INFO - Started process (PID=30292) to work on /home/abayturar/airflow-project/venv/lib/python3.12/site-packages/airflow/example_dags/example_trigger_controller_dag.py
[2026-03-28T19:33:15.021+0500] {processor.py:830} INFO - Processing file /home/abayturar/airflow-project/venv/lib/python3.12/site-packages/airflow/example_dags/example_trigger_controller_dag.py for tasks to queue
[2026-03-28T19:33:15.023+0500] {logging_mixin.py:188} INFO - [2026-03-28T19:33:15.022+0500] {dagbag.py:545} INFO - Filling up the DagBag from /home/abayturar/airflow-project/venv/lib/python3.12/site-packages/airflow/example_dags/example_trigger_controller_dag.py
[2026-03-28T19:33:15.030+0500] {processor.py:840} INFO - DAG(s) 'example_trigger_controller_dag' retrieved from /home/abayturar/airflow-project/venv/lib/python3.12/site-packages/airflow/example_dags/example_trigger_controller_dag.py
[2026-03-28T19:33:15.048+0500] {logging_mixin.py:188} INFO - [2026-03-28T19:33:15.048+0500] {dag.py:3089} INFO - Sync 1 DAGs
[2026-03-28T19:33:15.064+0500] {logging_mixin.py:188} INFO - [2026-03-28T19:33:15.064+0500] {dag.py:3947} INFO - Setting next_dagrun for example_trigger_controller_dag to 2021-01-01 00:00:00+00:00, run_after=2021-01-01 00:00:00+00:00
[2026-03-28T19:33:15.081+0500] {processor.py:183} INFO - Processing /home/abayturar/airflow-project/venv/lib/python3.12/site-packages/airflow/example_dags/example_trigger_controller_dag.py took 0.068 seconds
[2026-03-28T19:35:17.159+0500] {processor.py:161} INFO - Started process (PID=30577) to work on /home/abayturar/airflow-project/venv/lib/python3.12/site-packages/airflow/example_dags/example_trigger_controller_dag.py
[2026-03-28T19:35:17.160+0500] {processor.py:830} INFO - Processing file /home/abayturar/airflow-project/venv/lib/python3.12/site-packages/airflow/example_dags/example_trigger_controller_dag.py for tasks to queue
[2026-03-28T19:35:17.161+0500] {logging_mixin.py:188} INFO - [2026-03-28T19:35:17.161+0500] {dagbag.py:545} INFO - Filling up the DagBag from /home/abayturar/airflow-project/venv/lib/python3.12/site-packages/airflow/example_dags/example_trigger_controller_dag.py
[2026-03-28T19:35:17.169+0500] {processor.py:840} INFO - DAG(s) 'example_trigger_controller_dag' retrieved from /home/abayturar/airflow-project/venv/lib/python3.12/site-packages/airflow/example_dags/example_trigger_controller_dag.py
[2026-03-28T19:35:17.185+0500] {logging_mixin.py:188} INFO - [2026-03-28T19:35:17.185+0500] {dag.py:3089} INFO - Sync 1 DAGs
[2026-03-28T19:35:17.198+0500] {logging_mixin.py:188} INFO - [2026-03-28T19:35:17.198+0500] {dag.py:3947} INFO - Setting next_dagrun for example_trigger_controller_dag to 2021-01-01 00:00:00+00:00, run_after=2021-01-01 00:00:00+00:00
[2026-03-28T19:35:17.213+0500] {processor.py:183} INFO - Processing /home/abayturar/airflow-project/venv/lib/python3.12/site-packages/airflow/example_dags/example_trigger_controller_dag.py took 0.059 seconds
[2026-03-28T19:36:19.423+0500] {processor.py:161} INFO - Started process (PID=30792) to work on /home/abayturar/airflow-project/venv/lib/python3.12/site-packages/airflow/example_dags/example_trigger_controller_dag.py
[2026-03-28T19:36:19.424+0500] {processor.py:830} INFO - Processing file /home/abayturar/airflow-project/venv/lib/python3.12/site-packages/airflow/example_dags/example_trigger_controller_dag.py for tasks to queue
[2026-03-28T19:36:19.426+0500] {logging_mixin.py:188} INFO - [2026-03-28T19:36:19.426+0500] {dagbag.py:545} INFO - Filling up the DagBag from /home/abayturar/airflow-project/venv/lib/python3.12/site-packages/airflow/example_dags/example_trigger_controller_dag.py
[2026-03-28T19:36:19.433+0500] {processor.py:840} INFO - DAG(s) 'example_trigger_controller_dag' retrieved from /home/abayturar/airflow-project/venv/lib/python3.12/site-packages/airflow/example_dags/example_trigger_controller_dag.py
[2026-03-28T19:36:19.449+0500] {logging_mixin.py:188} INFO - [2026-03-28T19:36:19.449+0500] {dag.py:3089} INFO - Sync 1 DAGs
[2026-03-28T19:36:19.469+0500] {logging_mixin.py:188} INFO - [2026-03-28T19:36:19.468+0500] {dag.py:3947} INFO - Setting next_dagrun for example_trigger_controller_dag to 2021-01-01 00:00:00+00:00, run_after=2021-01-01 00:00:00+00:00
[2026-03-28T19:36:19.499+0500] {processor.py:183} INFO - Processing /home/abayturar/airflow-project/venv/lib/python3.12/site-packages/airflow/example_dags/example_trigger_controller_dag.py took 0.083 seconds
[2026-03-28T19:37:12.715+0500] {processor.py:161} INFO - Started process (PID=30935) to work on /home/abayturar/airflow-project/venv/lib/python3.12/site-packages/airflow/example_dags/example_trigger_controller_dag.py
[2026-03-28T19:37:12.716+0500] {processor.py:830} INFO - Processing file /home/abayturar/airflow-project/venv/lib/python3.12/site-packages/airflow/example_dags/example_trigger_controller_dag.py for tasks to queue
[2026-03-28T19:37:12.717+0500] {logging_mixin.py:188} INFO - [2026-03-28T19:37:12.717+0500] {dagbag.py:545} INFO - Filling up the DagBag from /home/abayturar/airflow-project/venv/lib/python3.12/site-packages/airflow/example_dags/example_trigger_controller_dag.py
[2026-03-28T19:37:12.723+0500] {processor.py:840} INFO - DAG(s) 'example_trigger_controller_dag' retrieved from /home/abayturar/airflow-project/venv/lib/python3.12/site-packages/airflow/example_dags/example_trigger_controller_dag.py
[2026-03-28T19:37:12.737+0500] {logging_mixin.py:188} INFO - [2026-03-28T19:37:12.737+0500] {dag.py:3089} INFO - Sync 1 DAGs
[2026-03-28T19:37:12.750+0500] {logging_mixin.py:188} INFO - [2026-03-28T19:37:12.750+0500] {dag.py:3947} INFO - Setting next_dagrun for example_trigger_controller_dag to 2021-01-01 00:00:00+00:00, run_after=2021-01-01 00:00:00+00:00
[2026-03-28T19:37:12.778+0500] {processor.py:183} INFO - Processing /home/abayturar/airflow-project/venv/lib/python3.12/site-packages/airflow/example_dags/example_trigger_controller_dag.py took 0.068 seconds
[2026-03-28T19:37:59.756+0500] {processor.py:161} INFO - Started process (PID=31063) to work on /home/abayturar/airflow-project/venv/lib/python3.12/site-packages/airflow/example_dags/example_trigger_controller_dag.py
[2026-03-28T19:37:59.757+0500] {processor.py:830} INFO - Processing file /home/abayturar/airflow-project/venv/lib/python3.12/site-packages/airflow/example_dags/example_trigger_controller_dag.py for tasks to queue
[2026-03-28T19:37:59.759+0500] {logging_mixin.py:188} INFO - [2026-03-28T19:37:59.758+0500] {dagbag.py:545} INFO - Filling up the DagBag from /home/abayturar/airflow-project/venv/lib/python3.12/site-packages/airflow/example_dags/example_trigger_controller_dag.py
[2026-03-28T19:37:59.765+0500] {processor.py:840} INFO - DAG(s) 'example_trigger_controller_dag' retrieved from /home/abayturar/airflow-project/venv/lib/python3.12/site-packages/airflow/example_dags/example_trigger_controller_dag.py
[2026-03-28T19:37:59.780+0500] {logging_mixin.py:188} INFO - [2026-03-28T19:37:59.780+0500] {dag.py:3089} INFO - Sync 1 DAGs
[2026-03-28T19:37:59.793+0500] {logging_mixin.py:188} INFO - [2026-03-28T19:37:59.793+0500] {dag.py:3947} INFO - Setting next_dagrun for example_trigger_controller_dag to 2021-01-01 00:00:00+00:00, run_after=2021-01-01 00:00:00+00:00
[2026-03-28T19:37:59.820+0500] {processor.py:183} INFO - Processing /home/abayturar/airflow-project/venv/lib/python3.12/site-packages/airflow/example_dags/example_trigger_controller_dag.py took 0.070 seconds
[2026-03-28T19:38:44.359+0500] {processor.py:161} INFO - Started process (PID=31185) to work on /home/abayturar/airflow-project/venv/lib/python3.12/site-packages/airflow/example_dags/example_trigger_controller_dag.py
[2026-03-28T19:38:44.360+0500] {processor.py:830} INFO - Processing file /home/abayturar/airflow-project/venv/lib/python3.12/site-packages/airflow/example_dags/example_trigger_controller_dag.py for tasks to queue
[2026-03-28T19:38:44.362+0500] {logging_mixin.py:188} INFO - [2026-03-28T19:38:44.361+0500] {dagbag.py:545} INFO - Filling up the DagBag from /home/abayturar/airflow-project/venv/lib/python3.12/site-packages/airflow/example_dags/example_trigger_controller_dag.py
[2026-03-28T19:38:44.368+0500] {processor.py:840} INFO - DAG(s) 'example_trigger_controller_dag' retrieved from /home/abayturar/airflow-project/venv/lib/python3.12/site-packages/airflow/example_dags/example_trigger_controller_dag.py
[2026-03-28T19:38:44.385+0500] {logging_mixin.py:188} INFO - [2026-03-28T19:38:44.385+0500] {dag.py:3089} INFO - Sync 1 DAGs
[2026-03-28T19:38:44.400+0500] {logging_mixin.py:188} INFO - [2026-03-28T19:38:44.400+0500] {dag.py:3947} INFO - Setting next_dagrun for example_trigger_controller_dag to 2021-01-01 00:00:00+00:00, run_after=2021-01-01 00:00:00+00:00
[2026-03-28T19:38:44.417+0500] {processor.py:183} INFO - Processing /home/abayturar/airflow-project/venv/lib/python3.12/site-packages/airflow/example_dags/example_trigger_controller_dag.py took 0.064 seconds
[2026-03-28T19:39:36.129+0500] {processor.py:161} INFO - Started process (PID=31328) to work on /home/abayturar/airflow-project/venv/lib/python3.12/site-packages/airflow/example_dags/example_trigger_controller_dag.py
[2026-03-28T19:39:36.130+0500] {processor.py:830} INFO - Processing file /home/abayturar/airflow-project/venv/lib/python3.12/site-packages/airflow/example_dags/example_trigger_controller_dag.py for tasks to queue
[2026-03-28T19:39:36.132+0500] {logging_mixin.py:188} INFO - [2026-03-28T19:39:36.131+0500] {dagbag.py:545} INFO - Filling up the DagBag from /home/abayturar/airflow-project/venv/lib/python3.12/site-packages/airflow/example_dags/example_trigger_controller_dag.py
[2026-03-28T19:39:36.137+0500] {processor.py:840} INFO - DAG(s) 'example_trigger_controller_dag' retrieved from /home/abayturar/airflow-project/venv/lib/python3.12/site-packages/airflow/example_dags/example_trigger_controller_dag.py
[2026-03-28T19:39:36.152+0500] {logging_mixin.py:188} INFO - [2026-03-28T19:39:36.152+0500] {dag.py:3089} INFO - Sync 1 DAGs
[2026-03-28T19:39:36.168+0500] {logging_mixin.py:188} INFO - [2026-03-28T19:39:36.168+0500] {dag.py:3947} INFO - Setting next_dagrun for example_trigger_controller_dag to 2021-01-01 00:00:00+00:00, run_after=2021-01-01 00:00:00+00:00
[2026-03-28T19:39:36.197+0500] {processor.py:183} INFO - Processing /home/abayturar/airflow-project/venv/lib/python3.12/site-packages/airflow/example_dags/example_trigger_controller_dag.py took 0.074 seconds
[2026-03-28T19:40:22.698+0500] {processor.py:161} INFO - Started process (PID=31451) to work on /home/abayturar/airflow-project/venv/lib/python3.12/site-packages/airflow/example_dags/example_trigger_controller_dag.py
[2026-03-28T19:40:22.698+0500] {processor.py:830} INFO - Processing file /home/abayturar/airflow-project/venv/lib/python3.12/site-packages/airflow/example_dags/example_trigger_controller_dag.py for tasks to queue
[2026-03-28T19:40:22.700+0500] {logging_mixin.py:188} INFO - [2026-03-28T19:40:22.700+0500] {dagbag.py:545} INFO - Filling up the DagBag from /home/abayturar/airflow-project/venv/lib/python3.12/site-packages/airflow/example_dags/example_trigger_controller_dag.py
[2026-03-28T19:40:22.706+0500] {processor.py:840} INFO - DAG(s) 'example_trigger_controller_dag' retrieved from /home/abayturar/airflow-project/venv/lib/python3.12/site-packages/airflow/example_dags/example_trigger_controller_dag.py
[2026-03-28T19:40:22.721+0500] {logging_mixin.py:188} INFO - [2026-03-28T19:40:22.721+0500] {dag.py:3089} INFO - Sync 1 DAGs
[2026-03-28T19:40:22.734+0500] {logging_mixin.py:188} INFO - [2026-03-28T19:40:22.734+0500] {dag.py:3947} INFO - Setting next_dagrun for example_trigger_controller_dag to 2021-01-01 00:00:00+00:00, run_after=2021-01-01 00:00:00+00:00
[2026-03-28T19:40:22.751+0500] {processor.py:183} INFO - Processing /home/abayturar/airflow-project/venv/lib/python3.12/site-packages/airflow/example_dags/example_trigger_controller_dag.py took 0.059 seconds
[2026-03-28T19:41:06.987+0500] {processor.py:161} INFO - Started process (PID=31573) to work on /home/abayturar/airflow-project/venv/lib/python3.12/site-packages/airflow/example_dags/example_trigger_controller_dag.py
[2026-03-28T19:41:06.987+0500] {processor.py:830} INFO - Processing file /home/abayturar/airflow-project/venv/lib/python3.12/site-packages/airflow/example_dags/example_trigger_controller_dag.py for tasks to queue
[2026-03-28T19:41:06.989+0500] {logging_mixin.py:188} INFO - [2026-03-28T19:41:06.989+0500] {dagbag.py:545} INFO - Filling up the DagBag from /home/abayturar/airflow-project/venv/lib/python3.12/site-packages/airflow/example_dags/example_trigger_controller_dag.py
[2026-03-28T19:41:06.995+0500] {processor.py:840} INFO - DAG(s) 'example_trigger_controller_dag' retrieved from /home/abayturar/airflow-project/venv/lib/python3.12/site-packages/airflow/example_dags/example_trigger_controller_dag.py
[2026-03-28T19:41:07.010+0500] {logging_mixin.py:188} INFO - [2026-03-28T19:41:07.010+0500] {dag.py:3089} INFO - Sync 1 DAGs
[2026-03-28T19:41:07.023+0500] {logging_mixin.py:188} INFO - [2026-03-28T19:41:07.022+0500] {dag.py:3947} INFO - Setting next_dagrun for example_trigger_controller_dag to 2021-01-01 00:00:00+00:00, run_after=2021-01-01 00:00:00+00:00
[2026-03-28T19:41:07.049+0500] {processor.py:183} INFO - Processing /home/abayturar/airflow-project/venv/lib/python3.12/site-packages/airflow/example_dags/example_trigger_controller_dag.py took 0.068 seconds
[2026-03-28T19:41:52.428+0500] {processor.py:161} INFO - Started process (PID=31694) to work on /home/abayturar/airflow-project/venv/lib/python3.12/site-packages/airflow/example_dags/example_trigger_controller_dag.py
[2026-03-28T19:41:52.429+0500] {processor.py:830} INFO - Processing file /home/abayturar/airflow-project/venv/lib/python3.12/site-packages/airflow/example_dags/example_trigger_controller_dag.py for tasks to queue
[2026-03-28T19:41:52.431+0500] {logging_mixin.py:188} INFO - [2026-03-28T19:41:52.431+0500] {dagbag.py:545} INFO - Filling up the DagBag from /home/abayturar/airflow-project/venv/lib/python3.12/site-packages/airflow/example_dags/example_trigger_controller_dag.py
[2026-03-28T19:41:52.436+0500] {processor.py:840} INFO - DAG(s) 'example_trigger_controller_dag' retrieved from /home/abayturar/airflow-project/venv/lib/python3.12/site-packages/airflow/example_dags/example_trigger_controller_dag.py
[2026-03-28T19:41:52.452+0500] {logging_mixin.py:188} INFO - [2026-03-28T19:41:52.452+0500] {dag.py:3089} INFO - Sync 1 DAGs
[2026-03-28T19:41:52.464+0500] {logging_mixin.py:188} INFO - [2026-03-28T19:41:52.464+0500] {dag.py:3947} INFO - Setting next_dagrun for example_trigger_controller_dag to 2021-01-01 00:00:00+00:00, run_after=2021-01-01 00:00:00+00:00
[2026-03-28T19:41:52.492+0500] {processor.py:183} INFO - Processing /home/abayturar/airflow-project/venv/lib/python3.12/site-packages/airflow/example_dags/example_trigger_controller_dag.py took 0.070 seconds
[2026-03-28T19:42:42.293+0500] {processor.py:161} INFO - Started process (PID=31827) to work on /home/abayturar/airflow-project/venv/lib/python3.12/site-packages/airflow/example_dags/example_trigger_controller_dag.py
[2026-03-28T19:42:42.293+0500] {processor.py:830} INFO - Processing file /home/abayturar/airflow-project/venv/lib/python3.12/site-packages/airflow/example_dags/example_trigger_controller_dag.py for tasks to queue
[2026-03-28T19:42:42.295+0500] {logging_mixin.py:188} INFO - [2026-03-28T19:42:42.295+0500] {dagbag.py:545} INFO - Filling up the DagBag from /home/abayturar/airflow-project/venv/lib/python3.12/site-packages/airflow/example_dags/example_trigger_controller_dag.py
[2026-03-28T19:42:42.300+0500] {processor.py:840} INFO - DAG(s) 'example_trigger_controller_dag' retrieved from /home/abayturar/airflow-project/venv/lib/python3.12/site-packages/airflow/example_dags/example_trigger_controller_dag.py
[2026-03-28T19:42:42.315+0500] {logging_mixin.py:188} INFO - [2026-03-28T19:42:42.315+0500] {dag.py:3089} INFO - Sync 1 DAGs
[2026-03-28T19:42:42.329+0500] {logging_mixin.py:188} INFO - [2026-03-28T19:42:42.328+0500] {dag.py:3947} INFO - Setting next_dagrun for example_trigger_controller_dag to 2021-01-01 00:00:00+00:00, run_after=2021-01-01 00:00:00+00:00
[2026-03-28T19:42:42.358+0500] {processor.py:183} INFO - Processing /home/abayturar/airflow-project/venv/lib/python3.12/site-packages/airflow/example_dags/example_trigger_controller_dag.py took 0.071 seconds
[2026-03-28T19:43:33.000+0500] {processor.py:161} INFO - Started process (PID=31962) to work on /home/abayturar/airflow-project/venv/lib/python3.12/site-packages/airflow/example_dags/example_trigger_controller_dag.py
[2026-03-28T19:43:33.001+0500] {processor.py:830} INFO - Processing file /home/abayturar/airflow-project/venv/lib/python3.12/site-packages/airflow/example_dags/example_trigger_controller_dag.py for tasks to queue
[2026-03-28T19:43:33.003+0500] {logging_mixin.py:188} INFO - [2026-03-28T19:43:33.003+0500] {dagbag.py:545} INFO - Filling up the DagBag from /home/abayturar/airflow-project/venv/lib/python3.12/site-packages/airflow/example_dags/example_trigger_controller_dag.py
[2026-03-28T19:43:33.010+0500] {processor.py:840} INFO - DAG(s) 'example_trigger_controller_dag' retrieved from /home/abayturar/airflow-project/venv/lib/python3.12/site-packages/airflow/example_dags/example_trigger_controller_dag.py
[2026-03-28T19:43:33.029+0500] {logging_mixin.py:188} INFO - [2026-03-28T19:43:33.029+0500] {dag.py:3089} INFO - Sync 1 DAGs
[2026-03-28T19:43:33.046+0500] {logging_mixin.py:188} INFO - [2026-03-28T19:43:33.046+0500] {dag.py:3947} INFO - Setting next_dagrun for example_trigger_controller_dag to 2021-01-01 00:00:00+00:00, run_after=2021-01-01 00:00:00+00:00
[2026-03-28T19:43:33.077+0500] {processor.py:183} INFO - Processing /home/abayturar/airflow-project/venv/lib/python3.12/site-packages/airflow/example_dags/example_trigger_controller_dag.py took 0.083 seconds
[2026-03-28T19:44:18.986+0500] {processor.py:161} INFO - Started process (PID=32084) to work on /home/abayturar/airflow-project/venv/lib/python3.12/site-packages/airflow/example_dags/example_trigger_controller_dag.py
[2026-03-28T19:44:18.987+0500] {processor.py:830} INFO - Processing file /home/abayturar/airflow-project/venv/lib/python3.12/site-packages/airflow/example_dags/example_trigger_controller_dag.py for tasks to queue
[2026-03-28T19:44:18.989+0500] {logging_mixin.py:188} INFO - [2026-03-28T19:44:18.988+0500] {dagbag.py:545} INFO - Filling up the DagBag from /home/abayturar/airflow-project/venv/lib/python3.12/site-packages/airflow/example_dags/example_trigger_controller_dag.py
[2026-03-28T19:44:18.994+0500] {processor.py:840} INFO - DAG(s) 'example_trigger_controller_dag' retrieved from /home/abayturar/airflow-project/venv/lib/python3.12/site-packages/airflow/example_dags/example_trigger_controller_dag.py
[2026-03-28T19:44:19.008+0500] {logging_mixin.py:188} INFO - [2026-03-28T19:44:19.008+0500] {dag.py:3089} INFO - Sync 1 DAGs
[2026-03-28T19:44:19.021+0500] {logging_mixin.py:188} INFO - [2026-03-28T19:44:19.020+0500] {dag.py:3947} INFO - Setting next_dagrun for example_trigger_controller_dag to 2021-01-01 00:00:00+00:00, run_after=2021-01-01 00:00:00+00:00
[2026-03-28T19:44:19.035+0500] {processor.py:183} INFO - Processing /home/abayturar/airflow-project/venv/lib/python3.12/site-packages/airflow/example_dags/example_trigger_controller_dag.py took 0.055 seconds
[2026-03-28T19:45:04.745+0500] {processor.py:161} INFO - Started process (PID=32207) to work on /home/abayturar/airflow-project/venv/lib/python3.12/site-packages/airflow/example_dags/example_trigger_controller_dag.py
[2026-03-28T19:45:04.747+0500] {processor.py:830} INFO - Processing file /home/abayturar/airflow-project/venv/lib/python3.12/site-packages/airflow/example_dags/example_trigger_controller_dag.py for tasks to queue
[2026-03-28T19:45:04.749+0500] {logging_mixin.py:188} INFO - [2026-03-28T19:45:04.749+0500] {dagbag.py:545} INFO - Filling up the DagBag from /home/abayturar/airflow-project/venv/lib/python3.12/site-packages/airflow/example_dags/example_trigger_controller_dag.py
[2026-03-28T19:45:04.758+0500] {processor.py:840} INFO - DAG(s) 'example_trigger_controller_dag' retrieved from /home/abayturar/airflow-project/venv/lib/python3.12/site-packages/airflow/example_dags/example_trigger_controller_dag.py
[2026-03-28T19:45:04.780+0500] {logging_mixin.py:188} INFO - [2026-03-28T19:45:04.780+0500] {dag.py:3089} INFO - Sync 1 DAGs
[2026-03-28T19:45:04.802+0500] {logging_mixin.py:188} INFO - [2026-03-28T19:45:04.801+0500] {dag.py:3947} INFO - Setting next_dagrun for example_trigger_controller_dag to 2021-01-01 00:00:00+00:00, run_after=2021-01-01 00:00:00+00:00
[2026-03-28T19:45:04.820+0500] {processor.py:183} INFO - Processing /home/abayturar/airflow-project/venv/lib/python3.12/site-packages/airflow/example_dags/example_trigger_controller_dag.py took 0.082 seconds
