[2026-03-28T15:21:37.814+0500] {processor.py:161} INFO - Started process (PID=11894) to work on /home/abayturar/airflow-project/venv/lib/python3.12/site-packages/airflow/example_dags/example_display_name.py
[2026-03-28T15:21:37.815+0500] {processor.py:830} INFO - Processing file /home/abayturar/airflow-project/venv/lib/python3.12/site-packages/airflow/example_dags/example_display_name.py for tasks to queue
[2026-03-28T15:21:37.816+0500] {logging_mixin.py:188} INFO - [2026-03-28T15:21:37.816+0500] {dagbag.py:545} INFO - Filling up the DagBag from /home/abayturar/airflow-project/venv/lib/python3.12/site-packages/airflow/example_dags/example_display_name.py
[2026-03-28T15:21:37.835+0500] {processor.py:840} INFO - DAG(s) 'example_display_name' retrieved from /home/abayturar/airflow-project/venv/lib/python3.12/site-packages/airflow/example_dags/example_display_name.py
[2026-03-28T15:21:37.926+0500] {logging_mixin.py:188} INFO - [2026-03-28T15:21:37.925+0500] {override.py:1858} INFO - Created Permission View: can edit on DAG:example_display_name
[2026-03-28T15:21:37.934+0500] {logging_mixin.py:188} INFO - [2026-03-28T15:21:37.933+0500] {override.py:1858} INFO - Created Permission View: can read on DAG:example_display_name
[2026-03-28T15:21:37.939+0500] {logging_mixin.py:188} INFO - [2026-03-28T15:21:37.939+0500] {override.py:1858} INFO - Created Permission View: can delete on DAG:example_display_name
[2026-03-28T15:21:37.939+0500] {logging_mixin.py:188} INFO - [2026-03-28T15:21:37.939+0500] {dag.py:3089} INFO - Sync 1 DAGs
[2026-03-28T15:21:37.947+0500] {logging_mixin.py:188} INFO - [2026-03-28T15:21:37.947+0500] {dag.py:3111} INFO - Creating ORM DAG for example_display_name
[2026-03-28T15:21:37.947+0500] {logging_mixin.py:188} INFO - [2026-03-28T15:21:37.947+0500] {dag.py:3947} INFO - Setting next_dagrun for example_display_name to None, run_after=None
[2026-03-28T15:21:37.962+0500] {processor.py:183} INFO - Processing /home/abayturar/airflow-project/venv/lib/python3.12/site-packages/airflow/example_dags/example_display_name.py took 0.153 seconds
[2026-03-28T15:22:35.565+0500] {processor.py:161} INFO - Started process (PID=12062) to work on /home/abayturar/airflow-project/venv/lib/python3.12/site-packages/airflow/example_dags/example_display_name.py
[2026-03-28T15:22:35.566+0500] {processor.py:830} INFO - Processing file /home/abayturar/airflow-project/venv/lib/python3.12/site-packages/airflow/example_dags/example_display_name.py for tasks to queue
[2026-03-28T15:22:35.568+0500] {logging_mixin.py:188} INFO - [2026-03-28T15:22:35.567+0500] {dagbag.py:545} INFO - Filling up the DagBag from /home/abayturar/airflow-project/venv/lib/python3.12/site-packages/airflow/example_dags/example_display_name.py
[2026-03-28T15:22:35.574+0500] {processor.py:840} INFO - DAG(s) 'example_display_name' retrieved from /home/abayturar/airflow-project/venv/lib/python3.12/site-packages/airflow/example_dags/example_display_name.py
[2026-03-28T15:22:35.591+0500] {logging_mixin.py:188} INFO - [2026-03-28T15:22:35.591+0500] {dag.py:3089} INFO - Sync 1 DAGs
[2026-03-28T15:22:35.601+0500] {logging_mixin.py:188} INFO - [2026-03-28T15:22:35.600+0500] {dag.py:3947} INFO - Setting next_dagrun for example_display_name to None, run_after=None
[2026-03-28T15:22:35.629+0500] {processor.py:183} INFO - Processing /home/abayturar/airflow-project/venv/lib/python3.12/site-packages/airflow/example_dags/example_display_name.py took 0.070 seconds
[2026-03-28T15:23:21.164+0500] {processor.py:161} INFO - Started process (PID=12191) to work on /home/abayturar/airflow-project/venv/lib/python3.12/site-packages/airflow/example_dags/example_display_name.py
[2026-03-28T15:23:21.165+0500] {processor.py:830} INFO - Processing file /home/abayturar/airflow-project/venv/lib/python3.12/site-packages/airflow/example_dags/example_display_name.py for tasks to queue
[2026-03-28T15:23:21.167+0500] {logging_mixin.py:188} INFO - [2026-03-28T15:23:21.167+0500] {dagbag.py:545} INFO - Filling up the DagBag from /home/abayturar/airflow-project/venv/lib/python3.12/site-packages/airflow/example_dags/example_display_name.py
[2026-03-28T15:23:21.174+0500] {processor.py:840} INFO - DAG(s) 'example_display_name' retrieved from /home/abayturar/airflow-project/venv/lib/python3.12/site-packages/airflow/example_dags/example_display_name.py
[2026-03-28T15:23:21.192+0500] {logging_mixin.py:188} INFO - [2026-03-28T15:23:21.191+0500] {dag.py:3089} INFO - Sync 1 DAGs
[2026-03-28T15:23:21.202+0500] {logging_mixin.py:188} INFO - [2026-03-28T15:23:21.202+0500] {dag.py:3947} INFO - Setting next_dagrun for example_display_name to None, run_after=None
[2026-03-28T15:23:21.222+0500] {processor.py:183} INFO - Processing /home/abayturar/airflow-project/venv/lib/python3.12/site-packages/airflow/example_dags/example_display_name.py took 0.065 seconds
[2026-03-28T15:24:10.700+0500] {processor.py:161} INFO - Started process (PID=12338) to work on /home/abayturar/airflow-project/venv/lib/python3.12/site-packages/airflow/example_dags/example_display_name.py
[2026-03-28T15:24:10.701+0500] {processor.py:830} INFO - Processing file /home/abayturar/airflow-project/venv/lib/python3.12/site-packages/airflow/example_dags/example_display_name.py for tasks to queue
[2026-03-28T15:24:10.703+0500] {logging_mixin.py:188} INFO - [2026-03-28T15:24:10.703+0500] {dagbag.py:545} INFO - Filling up the DagBag from /home/abayturar/airflow-project/venv/lib/python3.12/site-packages/airflow/example_dags/example_display_name.py
[2026-03-28T15:24:10.709+0500] {processor.py:840} INFO - DAG(s) 'example_display_name' retrieved from /home/abayturar/airflow-project/venv/lib/python3.12/site-packages/airflow/example_dags/example_display_name.py
[2026-03-28T15:24:10.725+0500] {logging_mixin.py:188} INFO - [2026-03-28T15:24:10.725+0500] {dag.py:3089} INFO - Sync 1 DAGs
[2026-03-28T15:24:10.735+0500] {logging_mixin.py:188} INFO - [2026-03-28T15:24:10.735+0500] {dag.py:3947} INFO - Setting next_dagrun for example_display_name to None, run_after=None
[2026-03-28T15:24:10.752+0500] {processor.py:183} INFO - Processing /home/abayturar/airflow-project/venv/lib/python3.12/site-packages/airflow/example_dags/example_display_name.py took 0.057 seconds
[2026-03-28T15:27:22.970+0500] {processor.py:161} INFO - Started process (PID=12840) to work on /home/abayturar/airflow-project/venv/lib/python3.12/site-packages/airflow/example_dags/example_display_name.py
[2026-03-28T15:27:22.971+0500] {processor.py:830} INFO - Processing file /home/abayturar/airflow-project/venv/lib/python3.12/site-packages/airflow/example_dags/example_display_name.py for tasks to queue
[2026-03-28T15:27:22.973+0500] {logging_mixin.py:188} INFO - [2026-03-28T15:27:22.972+0500] {dagbag.py:545} INFO - Filling up the DagBag from /home/abayturar/airflow-project/venv/lib/python3.12/site-packages/airflow/example_dags/example_display_name.py
[2026-03-28T15:27:22.978+0500] {processor.py:840} INFO - DAG(s) 'example_display_name' retrieved from /home/abayturar/airflow-project/venv/lib/python3.12/site-packages/airflow/example_dags/example_display_name.py
[2026-03-28T15:27:23.061+0500] {logging_mixin.py:188} INFO - [2026-03-28T15:27:23.061+0500] {dag.py:3089} INFO - Sync 1 DAGs
[2026-03-28T15:27:23.067+0500] {logging_mixin.py:188} INFO - [2026-03-28T15:27:23.067+0500] {dag.py:3947} INFO - Setting next_dagrun for example_display_name to None, run_after=None
[2026-03-28T15:27:23.093+0500] {processor.py:183} INFO - Processing /home/abayturar/airflow-project/venv/lib/python3.12/site-packages/airflow/example_dags/example_display_name.py took 0.128 seconds
[2026-03-28T18:17:58.752+0500] {processor.py:161} INFO - Started process (PID=17970) to work on /home/abayturar/airflow-project/venv/lib/python3.12/site-packages/airflow/example_dags/example_display_name.py
[2026-03-28T18:17:58.753+0500] {processor.py:830} INFO - Processing file /home/abayturar/airflow-project/venv/lib/python3.12/site-packages/airflow/example_dags/example_display_name.py for tasks to queue
[2026-03-28T18:17:58.755+0500] {logging_mixin.py:188} INFO - [2026-03-28T18:17:58.755+0500] {dagbag.py:545} INFO - Filling up the DagBag from /home/abayturar/airflow-project/venv/lib/python3.12/site-packages/airflow/example_dags/example_display_name.py
[2026-03-28T18:17:58.761+0500] {processor.py:840} INFO - DAG(s) 'example_display_name' retrieved from /home/abayturar/airflow-project/venv/lib/python3.12/site-packages/airflow/example_dags/example_display_name.py
[2026-03-28T18:17:58.872+0500] {logging_mixin.py:188} INFO - [2026-03-28T18:17:58.871+0500] {override.py:1858} INFO - Created Permission View: can edit on DAG:example_display_name
[2026-03-28T18:17:58.882+0500] {logging_mixin.py:188} INFO - [2026-03-28T18:17:58.882+0500] {override.py:1858} INFO - Created Permission View: can delete on DAG:example_display_name
[2026-03-28T18:17:58.889+0500] {logging_mixin.py:188} INFO - [2026-03-28T18:17:58.889+0500] {override.py:1858} INFO - Created Permission View: can read on DAG:example_display_name
[2026-03-28T18:17:58.889+0500] {logging_mixin.py:188} INFO - [2026-03-28T18:17:58.889+0500] {dag.py:3089} INFO - Sync 1 DAGs
[2026-03-28T18:17:58.898+0500] {logging_mixin.py:188} INFO - [2026-03-28T18:17:58.898+0500] {dag.py:3111} INFO - Creating ORM DAG for example_display_name
[2026-03-28T18:17:58.899+0500] {logging_mixin.py:188} INFO - [2026-03-28T18:17:58.899+0500] {dag.py:3947} INFO - Setting next_dagrun for example_display_name to None, run_after=None
[2026-03-28T18:17:58.916+0500] {processor.py:183} INFO - Processing /home/abayturar/airflow-project/venv/lib/python3.12/site-packages/airflow/example_dags/example_display_name.py took 0.169 seconds
[2026-03-28T18:18:58.778+0500] {processor.py:161} INFO - Started process (PID=18148) to work on /home/abayturar/airflow-project/venv/lib/python3.12/site-packages/airflow/example_dags/example_display_name.py
[2026-03-28T18:18:58.779+0500] {processor.py:830} INFO - Processing file /home/abayturar/airflow-project/venv/lib/python3.12/site-packages/airflow/example_dags/example_display_name.py for tasks to queue
[2026-03-28T18:18:58.781+0500] {logging_mixin.py:188} INFO - [2026-03-28T18:18:58.780+0500] {dagbag.py:545} INFO - Filling up the DagBag from /home/abayturar/airflow-project/venv/lib/python3.12/site-packages/airflow/example_dags/example_display_name.py
[2026-03-28T18:18:58.788+0500] {processor.py:840} INFO - DAG(s) 'example_display_name' retrieved from /home/abayturar/airflow-project/venv/lib/python3.12/site-packages/airflow/example_dags/example_display_name.py
[2026-03-28T18:18:58.804+0500] {logging_mixin.py:188} INFO - [2026-03-28T18:18:58.804+0500] {dag.py:3089} INFO - Sync 1 DAGs
[2026-03-28T18:18:58.813+0500] {logging_mixin.py:188} INFO - [2026-03-28T18:18:58.813+0500] {dag.py:3947} INFO - Setting next_dagrun for example_display_name to None, run_after=None
[2026-03-28T18:18:58.841+0500] {processor.py:183} INFO - Processing /home/abayturar/airflow-project/venv/lib/python3.12/site-packages/airflow/example_dags/example_display_name.py took 0.069 seconds
[2026-03-28T18:22:43.698+0500] {processor.py:161} INFO - Started process (PID=18653) to work on /home/abayturar/airflow-project/venv/lib/python3.12/site-packages/airflow/example_dags/example_display_name.py
[2026-03-28T18:22:43.699+0500] {processor.py:830} INFO - Processing file /home/abayturar/airflow-project/venv/lib/python3.12/site-packages/airflow/example_dags/example_display_name.py for tasks to queue
[2026-03-28T18:22:43.700+0500] {logging_mixin.py:188} INFO - [2026-03-28T18:22:43.700+0500] {dagbag.py:545} INFO - Filling up the DagBag from /home/abayturar/airflow-project/venv/lib/python3.12/site-packages/airflow/example_dags/example_display_name.py
[2026-03-28T18:22:43.707+0500] {processor.py:840} INFO - DAG(s) 'example_display_name' retrieved from /home/abayturar/airflow-project/venv/lib/python3.12/site-packages/airflow/example_dags/example_display_name.py
[2026-03-28T18:22:43.725+0500] {logging_mixin.py:188} INFO - [2026-03-28T18:22:43.724+0500] {dag.py:3089} INFO - Sync 1 DAGs
[2026-03-28T18:22:43.735+0500] {logging_mixin.py:188} INFO - [2026-03-28T18:22:43.735+0500] {dag.py:3947} INFO - Setting next_dagrun for example_display_name to None, run_after=None
[2026-03-28T18:22:43.752+0500] {processor.py:183} INFO - Processing /home/abayturar/airflow-project/venv/lib/python3.12/site-packages/airflow/example_dags/example_display_name.py took 0.061 seconds
[2026-03-28T18:23:36.955+0500] {processor.py:161} INFO - Started process (PID=18795) to work on /home/abayturar/airflow-project/venv/lib/python3.12/site-packages/airflow/example_dags/example_display_name.py
[2026-03-28T18:23:36.957+0500] {processor.py:830} INFO - Processing file /home/abayturar/airflow-project/venv/lib/python3.12/site-packages/airflow/example_dags/example_display_name.py for tasks to queue
[2026-03-28T18:23:36.958+0500] {logging_mixin.py:188} INFO - [2026-03-28T18:23:36.958+0500] {dagbag.py:545} INFO - Filling up the DagBag from /home/abayturar/airflow-project/venv/lib/python3.12/site-packages/airflow/example_dags/example_display_name.py
[2026-03-28T18:23:36.965+0500] {processor.py:840} INFO - DAG(s) 'example_display_name' retrieved from /home/abayturar/airflow-project/venv/lib/python3.12/site-packages/airflow/example_dags/example_display_name.py
[2026-03-28T18:23:36.981+0500] {logging_mixin.py:188} INFO - [2026-03-28T18:23:36.981+0500] {dag.py:3089} INFO - Sync 1 DAGs
[2026-03-28T18:23:36.990+0500] {logging_mixin.py:188} INFO - [2026-03-28T18:23:36.990+0500] {dag.py:3947} INFO - Setting next_dagrun for example_display_name to None, run_after=None
[2026-03-28T18:23:37.017+0500] {processor.py:183} INFO - Processing /home/abayturar/airflow-project/venv/lib/python3.12/site-packages/airflow/example_dags/example_display_name.py took 0.068 seconds
[2026-03-28T18:24:29.782+0500] {processor.py:161} INFO - Started process (PID=18936) to work on /home/abayturar/airflow-project/venv/lib/python3.12/site-packages/airflow/example_dags/example_display_name.py
[2026-03-28T18:24:29.783+0500] {processor.py:830} INFO - Processing file /home/abayturar/airflow-project/venv/lib/python3.12/site-packages/airflow/example_dags/example_display_name.py for tasks to queue
[2026-03-28T18:24:29.785+0500] {logging_mixin.py:188} INFO - [2026-03-28T18:24:29.785+0500] {dagbag.py:545} INFO - Filling up the DagBag from /home/abayturar/airflow-project/venv/lib/python3.12/site-packages/airflow/example_dags/example_display_name.py
[2026-03-28T18:24:29.791+0500] {processor.py:840} INFO - DAG(s) 'example_display_name' retrieved from /home/abayturar/airflow-project/venv/lib/python3.12/site-packages/airflow/example_dags/example_display_name.py
[2026-03-28T18:24:29.805+0500] {logging_mixin.py:188} INFO - [2026-03-28T18:24:29.805+0500] {dag.py:3089} INFO - Sync 1 DAGs
[2026-03-28T18:24:29.814+0500] {logging_mixin.py:188} INFO - [2026-03-28T18:24:29.814+0500] {dag.py:3947} INFO - Setting next_dagrun for example_display_name to None, run_after=None
[2026-03-28T18:24:29.841+0500] {processor.py:183} INFO - Processing /home/abayturar/airflow-project/venv/lib/python3.12/site-packages/airflow/example_dags/example_display_name.py took 0.064 seconds
[2026-03-28T18:25:38.334+0500] {processor.py:161} INFO - Started process (PID=19123) to work on /home/abayturar/airflow-project/venv/lib/python3.12/site-packages/airflow/example_dags/example_display_name.py
[2026-03-28T18:25:38.335+0500] {processor.py:830} INFO - Processing file /home/abayturar/airflow-project/venv/lib/python3.12/site-packages/airflow/example_dags/example_display_name.py for tasks to queue
[2026-03-28T18:25:38.337+0500] {logging_mixin.py:188} INFO - [2026-03-28T18:25:38.337+0500] {dagbag.py:545} INFO - Filling up the DagBag from /home/abayturar/airflow-project/venv/lib/python3.12/site-packages/airflow/example_dags/example_display_name.py
[2026-03-28T18:25:38.343+0500] {processor.py:840} INFO - DAG(s) 'example_display_name' retrieved from /home/abayturar/airflow-project/venv/lib/python3.12/site-packages/airflow/example_dags/example_display_name.py
[2026-03-28T18:25:38.357+0500] {logging_mixin.py:188} INFO - [2026-03-28T18:25:38.357+0500] {dag.py:3089} INFO - Sync 1 DAGs
[2026-03-28T18:25:38.366+0500] {logging_mixin.py:188} INFO - [2026-03-28T18:25:38.366+0500] {dag.py:3947} INFO - Setting next_dagrun for example_display_name to None, run_after=None
[2026-03-28T18:25:38.393+0500] {processor.py:183} INFO - Processing /home/abayturar/airflow-project/venv/lib/python3.12/site-packages/airflow/example_dags/example_display_name.py took 0.064 seconds
[2026-03-28T18:26:50.673+0500] {processor.py:161} INFO - Started process (PID=19311) to work on /home/abayturar/airflow-project/venv/lib/python3.12/site-packages/airflow/example_dags/example_display_name.py
[2026-03-28T18:26:50.674+0500] {processor.py:830} INFO - Processing file /home/abayturar/airflow-project/venv/lib/python3.12/site-packages/airflow/example_dags/example_display_name.py for tasks to queue
[2026-03-28T18:26:50.677+0500] {logging_mixin.py:188} INFO - [2026-03-28T18:26:50.676+0500] {dagbag.py:545} INFO - Filling up the DagBag from /home/abayturar/airflow-project/venv/lib/python3.12/site-packages/airflow/example_dags/example_display_name.py
[2026-03-28T18:26:50.683+0500] {processor.py:840} INFO - DAG(s) 'example_display_name' retrieved from /home/abayturar/airflow-project/venv/lib/python3.12/site-packages/airflow/example_dags/example_display_name.py
[2026-03-28T18:26:50.698+0500] {logging_mixin.py:188} INFO - [2026-03-28T18:26:50.697+0500] {dag.py:3089} INFO - Sync 1 DAGs
[2026-03-28T18:26:50.706+0500] {logging_mixin.py:188} INFO - [2026-03-28T18:26:50.706+0500] {dag.py:3947} INFO - Setting next_dagrun for example_display_name to None, run_after=None
[2026-03-28T18:26:50.734+0500] {processor.py:183} INFO - Processing /home/abayturar/airflow-project/venv/lib/python3.12/site-packages/airflow/example_dags/example_display_name.py took 0.069 seconds
[2026-03-28T18:28:05.558+0500] {processor.py:161} INFO - Started process (PID=19530) to work on /home/abayturar/airflow-project/venv/lib/python3.12/site-packages/airflow/example_dags/example_display_name.py
[2026-03-28T18:28:05.560+0500] {processor.py:830} INFO - Processing file /home/abayturar/airflow-project/venv/lib/python3.12/site-packages/airflow/example_dags/example_display_name.py for tasks to queue
[2026-03-28T18:28:05.561+0500] {logging_mixin.py:188} INFO - [2026-03-28T18:28:05.561+0500] {dagbag.py:545} INFO - Filling up the DagBag from /home/abayturar/airflow-project/venv/lib/python3.12/site-packages/airflow/example_dags/example_display_name.py
[2026-03-28T18:28:05.568+0500] {processor.py:840} INFO - DAG(s) 'example_display_name' retrieved from /home/abayturar/airflow-project/venv/lib/python3.12/site-packages/airflow/example_dags/example_display_name.py
[2026-03-28T18:28:05.583+0500] {logging_mixin.py:188} INFO - [2026-03-28T18:28:05.582+0500] {dag.py:3089} INFO - Sync 1 DAGs
[2026-03-28T18:28:05.593+0500] {logging_mixin.py:188} INFO - [2026-03-28T18:28:05.593+0500] {dag.py:3947} INFO - Setting next_dagrun for example_display_name to None, run_after=None
[2026-03-28T18:28:05.621+0500] {processor.py:183} INFO - Processing /home/abayturar/airflow-project/venv/lib/python3.12/site-packages/airflow/example_dags/example_display_name.py took 0.069 seconds
[2026-03-28T18:29:00.023+0500] {processor.py:161} INFO - Started process (PID=19670) to work on /home/abayturar/airflow-project/venv/lib/python3.12/site-packages/airflow/example_dags/example_display_name.py
[2026-03-28T18:29:00.024+0500] {processor.py:830} INFO - Processing file /home/abayturar/airflow-project/venv/lib/python3.12/site-packages/airflow/example_dags/example_display_name.py for tasks to queue
[2026-03-28T18:29:00.026+0500] {logging_mixin.py:188} INFO - [2026-03-28T18:29:00.026+0500] {dagbag.py:545} INFO - Filling up the DagBag from /home/abayturar/airflow-project/venv/lib/python3.12/site-packages/airflow/example_dags/example_display_name.py
[2026-03-28T18:29:00.034+0500] {processor.py:840} INFO - DAG(s) 'example_display_name' retrieved from /home/abayturar/airflow-project/venv/lib/python3.12/site-packages/airflow/example_dags/example_display_name.py
[2026-03-28T18:29:00.051+0500] {logging_mixin.py:188} INFO - [2026-03-28T18:29:00.051+0500] {dag.py:3089} INFO - Sync 1 DAGs
[2026-03-28T18:29:00.062+0500] {logging_mixin.py:188} INFO - [2026-03-28T18:29:00.062+0500] {dag.py:3947} INFO - Setting next_dagrun for example_display_name to None, run_after=None
[2026-03-28T18:29:00.091+0500] {processor.py:183} INFO - Processing /home/abayturar/airflow-project/venv/lib/python3.12/site-packages/airflow/example_dags/example_display_name.py took 0.075 seconds
[2026-03-28T18:30:12.475+0500] {processor.py:161} INFO - Started process (PID=19858) to work on /home/abayturar/airflow-project/venv/lib/python3.12/site-packages/airflow/example_dags/example_display_name.py
[2026-03-28T18:30:12.476+0500] {processor.py:830} INFO - Processing file /home/abayturar/airflow-project/venv/lib/python3.12/site-packages/airflow/example_dags/example_display_name.py for tasks to queue
[2026-03-28T18:30:12.477+0500] {logging_mixin.py:188} INFO - [2026-03-28T18:30:12.477+0500] {dagbag.py:545} INFO - Filling up the DagBag from /home/abayturar/airflow-project/venv/lib/python3.12/site-packages/airflow/example_dags/example_display_name.py
[2026-03-28T18:30:12.485+0500] {processor.py:840} INFO - DAG(s) 'example_display_name' retrieved from /home/abayturar/airflow-project/venv/lib/python3.12/site-packages/airflow/example_dags/example_display_name.py
[2026-03-28T18:30:12.501+0500] {logging_mixin.py:188} INFO - [2026-03-28T18:30:12.501+0500] {dag.py:3089} INFO - Sync 1 DAGs
[2026-03-28T18:30:12.511+0500] {logging_mixin.py:188} INFO - [2026-03-28T18:30:12.511+0500] {dag.py:3947} INFO - Setting next_dagrun for example_display_name to None, run_after=None
[2026-03-28T18:30:12.537+0500] {processor.py:183} INFO - Processing /home/abayturar/airflow-project/venv/lib/python3.12/site-packages/airflow/example_dags/example_display_name.py took 0.069 seconds
[2026-03-28T18:31:20.344+0500] {processor.py:161} INFO - Started process (PID=20053) to work on /home/abayturar/airflow-project/venv/lib/python3.12/site-packages/airflow/example_dags/example_display_name.py
[2026-03-28T18:31:20.345+0500] {processor.py:830} INFO - Processing file /home/abayturar/airflow-project/venv/lib/python3.12/site-packages/airflow/example_dags/example_display_name.py for tasks to queue
[2026-03-28T18:31:20.348+0500] {logging_mixin.py:188} INFO - [2026-03-28T18:31:20.347+0500] {dagbag.py:545} INFO - Filling up the DagBag from /home/abayturar/airflow-project/venv/lib/python3.12/site-packages/airflow/example_dags/example_display_name.py
[2026-03-28T18:31:20.355+0500] {processor.py:840} INFO - DAG(s) 'example_display_name' retrieved from /home/abayturar/airflow-project/venv/lib/python3.12/site-packages/airflow/example_dags/example_display_name.py
[2026-03-28T18:31:20.374+0500] {logging_mixin.py:188} INFO - [2026-03-28T18:31:20.374+0500] {dag.py:3089} INFO - Sync 1 DAGs
[2026-03-28T18:31:20.385+0500] {logging_mixin.py:188} INFO - [2026-03-28T18:31:20.385+0500] {dag.py:3947} INFO - Setting next_dagrun for example_display_name to None, run_after=None
[2026-03-28T18:31:20.403+0500] {processor.py:183} INFO - Processing /home/abayturar/airflow-project/venv/lib/python3.12/site-packages/airflow/example_dags/example_display_name.py took 0.065 seconds
[2026-03-28T18:32:26.113+0500] {processor.py:161} INFO - Started process (PID=20228) to work on /home/abayturar/airflow-project/venv/lib/python3.12/site-packages/airflow/example_dags/example_display_name.py
[2026-03-28T18:32:26.114+0500] {processor.py:830} INFO - Processing file /home/abayturar/airflow-project/venv/lib/python3.12/site-packages/airflow/example_dags/example_display_name.py for tasks to queue
[2026-03-28T18:32:26.116+0500] {logging_mixin.py:188} INFO - [2026-03-28T18:32:26.115+0500] {dagbag.py:545} INFO - Filling up the DagBag from /home/abayturar/airflow-project/venv/lib/python3.12/site-packages/airflow/example_dags/example_display_name.py
[2026-03-28T18:32:26.122+0500] {processor.py:840} INFO - DAG(s) 'example_display_name' retrieved from /home/abayturar/airflow-project/venv/lib/python3.12/site-packages/airflow/example_dags/example_display_name.py
[2026-03-28T18:32:26.136+0500] {logging_mixin.py:188} INFO - [2026-03-28T18:32:26.136+0500] {dag.py:3089} INFO - Sync 1 DAGs
[2026-03-28T18:32:26.144+0500] {logging_mixin.py:188} INFO - [2026-03-28T18:32:26.144+0500] {dag.py:3947} INFO - Setting next_dagrun for example_display_name to None, run_after=None
[2026-03-28T18:32:26.171+0500] {processor.py:183} INFO - Processing /home/abayturar/airflow-project/venv/lib/python3.12/site-packages/airflow/example_dags/example_display_name.py took 0.063 seconds
[2026-03-28T18:33:18.723+0500] {processor.py:161} INFO - Started process (PID=20367) to work on /home/abayturar/airflow-project/venv/lib/python3.12/site-packages/airflow/example_dags/example_display_name.py
[2026-03-28T18:33:18.724+0500] {processor.py:830} INFO - Processing file /home/abayturar/airflow-project/venv/lib/python3.12/site-packages/airflow/example_dags/example_display_name.py for tasks to queue
[2026-03-28T18:33:18.725+0500] {logging_mixin.py:188} INFO - [2026-03-28T18:33:18.725+0500] {dagbag.py:545} INFO - Filling up the DagBag from /home/abayturar/airflow-project/venv/lib/python3.12/site-packages/airflow/example_dags/example_display_name.py
[2026-03-28T18:33:18.731+0500] {processor.py:840} INFO - DAG(s) 'example_display_name' retrieved from /home/abayturar/airflow-project/venv/lib/python3.12/site-packages/airflow/example_dags/example_display_name.py
[2026-03-28T18:33:18.746+0500] {logging_mixin.py:188} INFO - [2026-03-28T18:33:18.746+0500] {dag.py:3089} INFO - Sync 1 DAGs
[2026-03-28T18:33:18.755+0500] {logging_mixin.py:188} INFO - [2026-03-28T18:33:18.755+0500] {dag.py:3947} INFO - Setting next_dagrun for example_display_name to None, run_after=None
[2026-03-28T18:33:18.782+0500] {processor.py:183} INFO - Processing /home/abayturar/airflow-project/venv/lib/python3.12/site-packages/airflow/example_dags/example_display_name.py took 0.065 seconds
[2026-03-28T18:34:11.826+0500] {processor.py:161} INFO - Started process (PID=20520) to work on /home/abayturar/airflow-project/venv/lib/python3.12/site-packages/airflow/example_dags/example_display_name.py
[2026-03-28T18:34:11.827+0500] {processor.py:830} INFO - Processing file /home/abayturar/airflow-project/venv/lib/python3.12/site-packages/airflow/example_dags/example_display_name.py for tasks to queue
[2026-03-28T18:34:11.828+0500] {logging_mixin.py:188} INFO - [2026-03-28T18:34:11.828+0500] {dagbag.py:545} INFO - Filling up the DagBag from /home/abayturar/airflow-project/venv/lib/python3.12/site-packages/airflow/example_dags/example_display_name.py
[2026-03-28T18:34:11.834+0500] {processor.py:840} INFO - DAG(s) 'example_display_name' retrieved from /home/abayturar/airflow-project/venv/lib/python3.12/site-packages/airflow/example_dags/example_display_name.py
[2026-03-28T18:34:11.849+0500] {logging_mixin.py:188} INFO - [2026-03-28T18:34:11.848+0500] {dag.py:3089} INFO - Sync 1 DAGs
[2026-03-28T18:34:11.857+0500] {logging_mixin.py:188} INFO - [2026-03-28T18:34:11.857+0500] {dag.py:3947} INFO - Setting next_dagrun for example_display_name to None, run_after=None
[2026-03-28T18:34:11.883+0500] {processor.py:183} INFO - Processing /home/abayturar/airflow-project/venv/lib/python3.12/site-packages/airflow/example_dags/example_display_name.py took 0.063 seconds
[2026-03-28T18:35:25.103+0500] {processor.py:161} INFO - Started process (PID=20723) to work on /home/abayturar/airflow-project/venv/lib/python3.12/site-packages/airflow/example_dags/example_display_name.py
[2026-03-28T18:35:25.103+0500] {processor.py:830} INFO - Processing file /home/abayturar/airflow-project/venv/lib/python3.12/site-packages/airflow/example_dags/example_display_name.py for tasks to queue
[2026-03-28T18:35:25.105+0500] {logging_mixin.py:188} INFO - [2026-03-28T18:35:25.105+0500] {dagbag.py:545} INFO - Filling up the DagBag from /home/abayturar/airflow-project/venv/lib/python3.12/site-packages/airflow/example_dags/example_display_name.py
[2026-03-28T18:35:25.111+0500] {processor.py:840} INFO - DAG(s) 'example_display_name' retrieved from /home/abayturar/airflow-project/venv/lib/python3.12/site-packages/airflow/example_dags/example_display_name.py
[2026-03-28T18:35:25.126+0500] {logging_mixin.py:188} INFO - [2026-03-28T18:35:25.126+0500] {dag.py:3089} INFO - Sync 1 DAGs
[2026-03-28T18:35:25.134+0500] {logging_mixin.py:188} INFO - [2026-03-28T18:35:25.134+0500] {dag.py:3947} INFO - Setting next_dagrun for example_display_name to None, run_after=None
[2026-03-28T18:35:25.149+0500] {processor.py:183} INFO - Processing /home/abayturar/airflow-project/venv/lib/python3.12/site-packages/airflow/example_dags/example_display_name.py took 0.052 seconds
[2026-03-28T18:36:17.299+0500] {processor.py:161} INFO - Started process (PID=20872) to work on /home/abayturar/airflow-project/venv/lib/python3.12/site-packages/airflow/example_dags/example_display_name.py
[2026-03-28T18:36:17.300+0500] {processor.py:830} INFO - Processing file /home/abayturar/airflow-project/venv/lib/python3.12/site-packages/airflow/example_dags/example_display_name.py for tasks to queue
[2026-03-28T18:36:17.302+0500] {logging_mixin.py:188} INFO - [2026-03-28T18:36:17.301+0500] {dagbag.py:545} INFO - Filling up the DagBag from /home/abayturar/airflow-project/venv/lib/python3.12/site-packages/airflow/example_dags/example_display_name.py
[2026-03-28T18:36:17.311+0500] {processor.py:840} INFO - DAG(s) 'example_display_name' retrieved from /home/abayturar/airflow-project/venv/lib/python3.12/site-packages/airflow/example_dags/example_display_name.py
[2026-03-28T18:36:17.331+0500] {logging_mixin.py:188} INFO - [2026-03-28T18:36:17.330+0500] {dag.py:3089} INFO - Sync 1 DAGs
[2026-03-28T18:36:17.341+0500] {logging_mixin.py:188} INFO - [2026-03-28T18:36:17.341+0500] {dag.py:3947} INFO - Setting next_dagrun for example_display_name to None, run_after=None
[2026-03-28T18:36:17.374+0500] {processor.py:183} INFO - Processing /home/abayturar/airflow-project/venv/lib/python3.12/site-packages/airflow/example_dags/example_display_name.py took 0.081 seconds
[2026-03-28T18:37:13.617+0500] {processor.py:161} INFO - Started process (PID=21032) to work on /home/abayturar/airflow-project/venv/lib/python3.12/site-packages/airflow/example_dags/example_display_name.py
[2026-03-28T18:37:13.618+0500] {processor.py:830} INFO - Processing file /home/abayturar/airflow-project/venv/lib/python3.12/site-packages/airflow/example_dags/example_display_name.py for tasks to queue
[2026-03-28T18:37:13.622+0500] {logging_mixin.py:188} INFO - [2026-03-28T18:37:13.621+0500] {dagbag.py:545} INFO - Filling up the DagBag from /home/abayturar/airflow-project/venv/lib/python3.12/site-packages/airflow/example_dags/example_display_name.py
[2026-03-28T18:37:13.632+0500] {processor.py:840} INFO - DAG(s) 'example_display_name' retrieved from /home/abayturar/airflow-project/venv/lib/python3.12/site-packages/airflow/example_dags/example_display_name.py
[2026-03-28T18:37:13.652+0500] {logging_mixin.py:188} INFO - [2026-03-28T18:37:13.651+0500] {dag.py:3089} INFO - Sync 1 DAGs
[2026-03-28T18:37:13.664+0500] {logging_mixin.py:188} INFO - [2026-03-28T18:37:13.664+0500] {dag.py:3947} INFO - Setting next_dagrun for example_display_name to None, run_after=None
[2026-03-28T18:37:13.699+0500] {processor.py:183} INFO - Processing /home/abayturar/airflow-project/venv/lib/python3.12/site-packages/airflow/example_dags/example_display_name.py took 0.092 seconds
[2026-03-28T18:38:06.676+0500] {processor.py:161} INFO - Started process (PID=21174) to work on /home/abayturar/airflow-project/venv/lib/python3.12/site-packages/airflow/example_dags/example_display_name.py
[2026-03-28T18:38:06.677+0500] {processor.py:830} INFO - Processing file /home/abayturar/airflow-project/venv/lib/python3.12/site-packages/airflow/example_dags/example_display_name.py for tasks to queue
[2026-03-28T18:38:06.679+0500] {logging_mixin.py:188} INFO - [2026-03-28T18:38:06.679+0500] {dagbag.py:545} INFO - Filling up the DagBag from /home/abayturar/airflow-project/venv/lib/python3.12/site-packages/airflow/example_dags/example_display_name.py
[2026-03-28T18:38:06.688+0500] {processor.py:840} INFO - DAG(s) 'example_display_name' retrieved from /home/abayturar/airflow-project/venv/lib/python3.12/site-packages/airflow/example_dags/example_display_name.py
[2026-03-28T18:38:06.706+0500] {logging_mixin.py:188} INFO - [2026-03-28T18:38:06.706+0500] {dag.py:3089} INFO - Sync 1 DAGs
[2026-03-28T18:38:06.716+0500] {logging_mixin.py:188} INFO - [2026-03-28T18:38:06.716+0500] {dag.py:3947} INFO - Setting next_dagrun for example_display_name to None, run_after=None
[2026-03-28T18:38:06.746+0500] {processor.py:183} INFO - Processing /home/abayturar/airflow-project/venv/lib/python3.12/site-packages/airflow/example_dags/example_display_name.py took 0.077 seconds
[2026-03-28T18:39:21.462+0500] {processor.py:161} INFO - Started process (PID=21369) to work on /home/abayturar/airflow-project/venv/lib/python3.12/site-packages/airflow/example_dags/example_display_name.py
[2026-03-28T18:39:21.464+0500] {processor.py:830} INFO - Processing file /home/abayturar/airflow-project/venv/lib/python3.12/site-packages/airflow/example_dags/example_display_name.py for tasks to queue
[2026-03-28T18:39:21.465+0500] {logging_mixin.py:188} INFO - [2026-03-28T18:39:21.465+0500] {dagbag.py:545} INFO - Filling up the DagBag from /home/abayturar/airflow-project/venv/lib/python3.12/site-packages/airflow/example_dags/example_display_name.py
[2026-03-28T18:39:21.472+0500] {processor.py:840} INFO - DAG(s) 'example_display_name' retrieved from /home/abayturar/airflow-project/venv/lib/python3.12/site-packages/airflow/example_dags/example_display_name.py
[2026-03-28T18:39:21.487+0500] {logging_mixin.py:188} INFO - [2026-03-28T18:39:21.486+0500] {dag.py:3089} INFO - Sync 1 DAGs
[2026-03-28T18:39:21.495+0500] {logging_mixin.py:188} INFO - [2026-03-28T18:39:21.495+0500] {dag.py:3947} INFO - Setting next_dagrun for example_display_name to None, run_after=None
[2026-03-28T18:39:21.522+0500] {processor.py:183} INFO - Processing /home/abayturar/airflow-project/venv/lib/python3.12/site-packages/airflow/example_dags/example_display_name.py took 0.068 seconds
[2026-03-28T18:40:11.740+0500] {processor.py:161} INFO - Started process (PID=21504) to work on /home/abayturar/airflow-project/venv/lib/python3.12/site-packages/airflow/example_dags/example_display_name.py
[2026-03-28T18:40:11.741+0500] {processor.py:830} INFO - Processing file /home/abayturar/airflow-project/venv/lib/python3.12/site-packages/airflow/example_dags/example_display_name.py for tasks to queue
[2026-03-28T18:40:11.743+0500] {logging_mixin.py:188} INFO - [2026-03-28T18:40:11.742+0500] {dagbag.py:545} INFO - Filling up the DagBag from /home/abayturar/airflow-project/venv/lib/python3.12/site-packages/airflow/example_dags/example_display_name.py
[2026-03-28T18:40:11.749+0500] {processor.py:840} INFO - DAG(s) 'example_display_name' retrieved from /home/abayturar/airflow-project/venv/lib/python3.12/site-packages/airflow/example_dags/example_display_name.py
[2026-03-28T18:40:11.763+0500] {logging_mixin.py:188} INFO - [2026-03-28T18:40:11.763+0500] {dag.py:3089} INFO - Sync 1 DAGs
[2026-03-28T18:40:11.772+0500] {logging_mixin.py:188} INFO - [2026-03-28T18:40:11.771+0500] {dag.py:3947} INFO - Setting next_dagrun for example_display_name to None, run_after=None
[2026-03-28T18:40:11.800+0500] {processor.py:183} INFO - Processing /home/abayturar/airflow-project/venv/lib/python3.12/site-packages/airflow/example_dags/example_display_name.py took 0.065 seconds
[2026-03-28T18:41:04.560+0500] {processor.py:161} INFO - Started process (PID=21640) to work on /home/abayturar/airflow-project/venv/lib/python3.12/site-packages/airflow/example_dags/example_display_name.py
[2026-03-28T18:41:04.561+0500] {processor.py:830} INFO - Processing file /home/abayturar/airflow-project/venv/lib/python3.12/site-packages/airflow/example_dags/example_display_name.py for tasks to queue
[2026-03-28T18:41:04.563+0500] {logging_mixin.py:188} INFO - [2026-03-28T18:41:04.563+0500] {dagbag.py:545} INFO - Filling up the DagBag from /home/abayturar/airflow-project/venv/lib/python3.12/site-packages/airflow/example_dags/example_display_name.py
[2026-03-28T18:41:04.569+0500] {processor.py:840} INFO - DAG(s) 'example_display_name' retrieved from /home/abayturar/airflow-project/venv/lib/python3.12/site-packages/airflow/example_dags/example_display_name.py
[2026-03-28T18:41:04.584+0500] {logging_mixin.py:188} INFO - [2026-03-28T18:41:04.584+0500] {dag.py:3089} INFO - Sync 1 DAGs
[2026-03-28T18:41:04.594+0500] {logging_mixin.py:188} INFO - [2026-03-28T18:41:04.593+0500] {dag.py:3947} INFO - Setting next_dagrun for example_display_name to None, run_after=None
[2026-03-28T18:41:04.718+0500] {processor.py:183} INFO - Processing /home/abayturar/airflow-project/venv/lib/python3.12/site-packages/airflow/example_dags/example_display_name.py took 0.164 seconds
[2026-03-28T18:42:13.920+0500] {processor.py:161} INFO - Started process (PID=21878) to work on /home/abayturar/airflow-project/venv/lib/python3.12/site-packages/airflow/example_dags/example_display_name.py
[2026-03-28T18:42:13.921+0500] {processor.py:830} INFO - Processing file /home/abayturar/airflow-project/venv/lib/python3.12/site-packages/airflow/example_dags/example_display_name.py for tasks to queue
[2026-03-28T18:42:13.922+0500] {logging_mixin.py:188} INFO - [2026-03-28T18:42:13.922+0500] {dagbag.py:545} INFO - Filling up the DagBag from /home/abayturar/airflow-project/venv/lib/python3.12/site-packages/airflow/example_dags/example_display_name.py
[2026-03-28T18:42:13.929+0500] {processor.py:840} INFO - DAG(s) 'example_display_name' retrieved from /home/abayturar/airflow-project/venv/lib/python3.12/site-packages/airflow/example_dags/example_display_name.py
[2026-03-28T18:42:13.943+0500] {logging_mixin.py:188} INFO - [2026-03-28T18:42:13.943+0500] {dag.py:3089} INFO - Sync 1 DAGs
[2026-03-28T18:42:13.953+0500] {logging_mixin.py:188} INFO - [2026-03-28T18:42:13.953+0500] {dag.py:3947} INFO - Setting next_dagrun for example_display_name to None, run_after=None
[2026-03-28T18:42:13.969+0500] {processor.py:183} INFO - Processing /home/abayturar/airflow-project/venv/lib/python3.12/site-packages/airflow/example_dags/example_display_name.py took 0.055 seconds
[2026-03-28T18:43:08.341+0500] {processor.py:161} INFO - Started process (PID=22044) to work on /home/abayturar/airflow-project/venv/lib/python3.12/site-packages/airflow/example_dags/example_display_name.py
[2026-03-28T18:43:08.342+0500] {processor.py:830} INFO - Processing file /home/abayturar/airflow-project/venv/lib/python3.12/site-packages/airflow/example_dags/example_display_name.py for tasks to queue
[2026-03-28T18:43:08.343+0500] {logging_mixin.py:188} INFO - [2026-03-28T18:43:08.343+0500] {dagbag.py:545} INFO - Filling up the DagBag from /home/abayturar/airflow-project/venv/lib/python3.12/site-packages/airflow/example_dags/example_display_name.py
[2026-03-28T18:43:08.349+0500] {processor.py:840} INFO - DAG(s) 'example_display_name' retrieved from /home/abayturar/airflow-project/venv/lib/python3.12/site-packages/airflow/example_dags/example_display_name.py
[2026-03-28T18:43:08.364+0500] {logging_mixin.py:188} INFO - [2026-03-28T18:43:08.364+0500] {dag.py:3089} INFO - Sync 1 DAGs
[2026-03-28T18:43:08.373+0500] {logging_mixin.py:188} INFO - [2026-03-28T18:43:08.373+0500] {dag.py:3947} INFO - Setting next_dagrun for example_display_name to None, run_after=None
[2026-03-28T18:43:08.400+0500] {processor.py:183} INFO - Processing /home/abayturar/airflow-project/venv/lib/python3.12/site-packages/airflow/example_dags/example_display_name.py took 0.065 seconds
[2026-03-28T18:44:21.111+0500] {processor.py:161} INFO - Started process (PID=22258) to work on /home/abayturar/airflow-project/venv/lib/python3.12/site-packages/airflow/example_dags/example_display_name.py
[2026-03-28T18:44:21.112+0500] {processor.py:830} INFO - Processing file /home/abayturar/airflow-project/venv/lib/python3.12/site-packages/airflow/example_dags/example_display_name.py for tasks to queue
[2026-03-28T18:44:21.114+0500] {logging_mixin.py:188} INFO - [2026-03-28T18:44:21.113+0500] {dagbag.py:545} INFO - Filling up the DagBag from /home/abayturar/airflow-project/venv/lib/python3.12/site-packages/airflow/example_dags/example_display_name.py
[2026-03-28T18:44:21.121+0500] {processor.py:840} INFO - DAG(s) 'example_display_name' retrieved from /home/abayturar/airflow-project/venv/lib/python3.12/site-packages/airflow/example_dags/example_display_name.py
[2026-03-28T18:44:21.137+0500] {logging_mixin.py:188} INFO - [2026-03-28T18:44:21.137+0500] {dag.py:3089} INFO - Sync 1 DAGs
[2026-03-28T18:44:21.147+0500] {logging_mixin.py:188} INFO - [2026-03-28T18:44:21.147+0500] {dag.py:3947} INFO - Setting next_dagrun for example_display_name to None, run_after=None
[2026-03-28T18:44:21.175+0500] {processor.py:183} INFO - Processing /home/abayturar/airflow-project/venv/lib/python3.12/site-packages/airflow/example_dags/example_display_name.py took 0.072 seconds
[2026-03-28T18:45:33.940+0500] {processor.py:161} INFO - Started process (PID=22446) to work on /home/abayturar/airflow-project/venv/lib/python3.12/site-packages/airflow/example_dags/example_display_name.py
[2026-03-28T18:45:33.941+0500] {processor.py:830} INFO - Processing file /home/abayturar/airflow-project/venv/lib/python3.12/site-packages/airflow/example_dags/example_display_name.py for tasks to queue
[2026-03-28T18:45:33.943+0500] {logging_mixin.py:188} INFO - [2026-03-28T18:45:33.942+0500] {dagbag.py:545} INFO - Filling up the DagBag from /home/abayturar/airflow-project/venv/lib/python3.12/site-packages/airflow/example_dags/example_display_name.py
[2026-03-28T18:45:33.949+0500] {processor.py:840} INFO - DAG(s) 'example_display_name' retrieved from /home/abayturar/airflow-project/venv/lib/python3.12/site-packages/airflow/example_dags/example_display_name.py
[2026-03-28T18:45:33.963+0500] {logging_mixin.py:188} INFO - [2026-03-28T18:45:33.963+0500] {dag.py:3089} INFO - Sync 1 DAGs
[2026-03-28T18:45:33.972+0500] {logging_mixin.py:188} INFO - [2026-03-28T18:45:33.971+0500] {dag.py:3947} INFO - Setting next_dagrun for example_display_name to None, run_after=None
[2026-03-28T18:45:33.998+0500] {processor.py:183} INFO - Processing /home/abayturar/airflow-project/venv/lib/python3.12/site-packages/airflow/example_dags/example_display_name.py took 0.064 seconds
[2026-03-28T18:46:45.886+0500] {processor.py:161} INFO - Started process (PID=22641) to work on /home/abayturar/airflow-project/venv/lib/python3.12/site-packages/airflow/example_dags/example_display_name.py
[2026-03-28T18:46:45.887+0500] {processor.py:830} INFO - Processing file /home/abayturar/airflow-project/venv/lib/python3.12/site-packages/airflow/example_dags/example_display_name.py for tasks to queue
[2026-03-28T18:46:45.889+0500] {logging_mixin.py:188} INFO - [2026-03-28T18:46:45.889+0500] {dagbag.py:545} INFO - Filling up the DagBag from /home/abayturar/airflow-project/venv/lib/python3.12/site-packages/airflow/example_dags/example_display_name.py
[2026-03-28T18:46:45.896+0500] {processor.py:840} INFO - DAG(s) 'example_display_name' retrieved from /home/abayturar/airflow-project/venv/lib/python3.12/site-packages/airflow/example_dags/example_display_name.py
[2026-03-28T18:46:45.912+0500] {logging_mixin.py:188} INFO - [2026-03-28T18:46:45.912+0500] {dag.py:3089} INFO - Sync 1 DAGs
[2026-03-28T18:46:45.922+0500] {logging_mixin.py:188} INFO - [2026-03-28T18:46:45.922+0500] {dag.py:3947} INFO - Setting next_dagrun for example_display_name to None, run_after=None
[2026-03-28T18:46:45.951+0500] {processor.py:183} INFO - Processing /home/abayturar/airflow-project/venv/lib/python3.12/site-packages/airflow/example_dags/example_display_name.py took 0.071 seconds
[2026-03-28T18:47:55.663+0500] {processor.py:161} INFO - Started process (PID=22825) to work on /home/abayturar/airflow-project/venv/lib/python3.12/site-packages/airflow/example_dags/example_display_name.py
[2026-03-28T18:47:55.663+0500] {processor.py:830} INFO - Processing file /home/abayturar/airflow-project/venv/lib/python3.12/site-packages/airflow/example_dags/example_display_name.py for tasks to queue
[2026-03-28T18:47:55.665+0500] {logging_mixin.py:188} INFO - [2026-03-28T18:47:55.665+0500] {dagbag.py:545} INFO - Filling up the DagBag from /home/abayturar/airflow-project/venv/lib/python3.12/site-packages/airflow/example_dags/example_display_name.py
[2026-03-28T18:47:55.671+0500] {processor.py:840} INFO - DAG(s) 'example_display_name' retrieved from /home/abayturar/airflow-project/venv/lib/python3.12/site-packages/airflow/example_dags/example_display_name.py
[2026-03-28T18:47:55.688+0500] {logging_mixin.py:188} INFO - [2026-03-28T18:47:55.688+0500] {dag.py:3089} INFO - Sync 1 DAGs
[2026-03-28T18:47:55.698+0500] {logging_mixin.py:188} INFO - [2026-03-28T18:47:55.698+0500] {dag.py:3947} INFO - Setting next_dagrun for example_display_name to None, run_after=None
[2026-03-28T18:47:55.714+0500] {processor.py:183} INFO - Processing /home/abayturar/airflow-project/venv/lib/python3.12/site-packages/airflow/example_dags/example_display_name.py took 0.058 seconds
[2026-03-28T18:48:59.627+0500] {processor.py:161} INFO - Started process (PID=23003) to work on /home/abayturar/airflow-project/venv/lib/python3.12/site-packages/airflow/example_dags/example_display_name.py
[2026-03-28T18:48:59.627+0500] {processor.py:830} INFO - Processing file /home/abayturar/airflow-project/venv/lib/python3.12/site-packages/airflow/example_dags/example_display_name.py for tasks to queue
[2026-03-28T18:48:59.629+0500] {logging_mixin.py:188} INFO - [2026-03-28T18:48:59.629+0500] {dagbag.py:545} INFO - Filling up the DagBag from /home/abayturar/airflow-project/venv/lib/python3.12/site-packages/airflow/example_dags/example_display_name.py
[2026-03-28T18:48:59.635+0500] {processor.py:840} INFO - DAG(s) 'example_display_name' retrieved from /home/abayturar/airflow-project/venv/lib/python3.12/site-packages/airflow/example_dags/example_display_name.py
[2026-03-28T18:48:59.650+0500] {logging_mixin.py:188} INFO - [2026-03-28T18:48:59.649+0500] {dag.py:3089} INFO - Sync 1 DAGs
[2026-03-28T18:48:59.659+0500] {logging_mixin.py:188} INFO - [2026-03-28T18:48:59.659+0500] {dag.py:3947} INFO - Setting next_dagrun for example_display_name to None, run_after=None
[2026-03-28T18:48:59.687+0500] {processor.py:183} INFO - Processing /home/abayturar/airflow-project/venv/lib/python3.12/site-packages/airflow/example_dags/example_display_name.py took 0.066 seconds
[2026-03-28T18:50:08.551+0500] {processor.py:161} INFO - Started process (PID=23183) to work on /home/abayturar/airflow-project/venv/lib/python3.12/site-packages/airflow/example_dags/example_display_name.py
[2026-03-28T18:50:08.552+0500] {processor.py:830} INFO - Processing file /home/abayturar/airflow-project/venv/lib/python3.12/site-packages/airflow/example_dags/example_display_name.py for tasks to queue
[2026-03-28T18:50:08.553+0500] {logging_mixin.py:188} INFO - [2026-03-28T18:50:08.553+0500] {dagbag.py:545} INFO - Filling up the DagBag from /home/abayturar/airflow-project/venv/lib/python3.12/site-packages/airflow/example_dags/example_display_name.py
[2026-03-28T18:50:08.561+0500] {processor.py:840} INFO - DAG(s) 'example_display_name' retrieved from /home/abayturar/airflow-project/venv/lib/python3.12/site-packages/airflow/example_dags/example_display_name.py
[2026-03-28T18:50:08.576+0500] {logging_mixin.py:188} INFO - [2026-03-28T18:50:08.576+0500] {dag.py:3089} INFO - Sync 1 DAGs
[2026-03-28T18:50:08.585+0500] {logging_mixin.py:188} INFO - [2026-03-28T18:50:08.585+0500] {dag.py:3947} INFO - Setting next_dagrun for example_display_name to None, run_after=None
[2026-03-28T18:50:08.601+0500] {processor.py:183} INFO - Processing /home/abayturar/airflow-project/venv/lib/python3.12/site-packages/airflow/example_dags/example_display_name.py took 0.057 seconds
[2026-03-28T18:51:19.683+0500] {processor.py:161} INFO - Started process (PID=23378) to work on /home/abayturar/airflow-project/venv/lib/python3.12/site-packages/airflow/example_dags/example_display_name.py
[2026-03-28T18:51:19.685+0500] {processor.py:830} INFO - Processing file /home/abayturar/airflow-project/venv/lib/python3.12/site-packages/airflow/example_dags/example_display_name.py for tasks to queue
[2026-03-28T18:51:19.686+0500] {logging_mixin.py:188} INFO - [2026-03-28T18:51:19.686+0500] {dagbag.py:545} INFO - Filling up the DagBag from /home/abayturar/airflow-project/venv/lib/python3.12/site-packages/airflow/example_dags/example_display_name.py
[2026-03-28T18:51:19.693+0500] {processor.py:840} INFO - DAG(s) 'example_display_name' retrieved from /home/abayturar/airflow-project/venv/lib/python3.12/site-packages/airflow/example_dags/example_display_name.py
[2026-03-28T18:51:19.710+0500] {logging_mixin.py:188} INFO - [2026-03-28T18:51:19.710+0500] {dag.py:3089} INFO - Sync 1 DAGs
[2026-03-28T18:51:19.720+0500] {logging_mixin.py:188} INFO - [2026-03-28T18:51:19.720+0500] {dag.py:3947} INFO - Setting next_dagrun for example_display_name to None, run_after=None
[2026-03-28T18:51:19.747+0500] {processor.py:183} INFO - Processing /home/abayturar/airflow-project/venv/lib/python3.12/site-packages/airflow/example_dags/example_display_name.py took 0.070 seconds
[2026-03-28T18:52:28.133+0500] {processor.py:161} INFO - Started process (PID=23558) to work on /home/abayturar/airflow-project/venv/lib/python3.12/site-packages/airflow/example_dags/example_display_name.py
[2026-03-28T18:52:28.134+0500] {processor.py:830} INFO - Processing file /home/abayturar/airflow-project/venv/lib/python3.12/site-packages/airflow/example_dags/example_display_name.py for tasks to queue
[2026-03-28T18:52:28.136+0500] {logging_mixin.py:188} INFO - [2026-03-28T18:52:28.135+0500] {dagbag.py:545} INFO - Filling up the DagBag from /home/abayturar/airflow-project/venv/lib/python3.12/site-packages/airflow/example_dags/example_display_name.py
[2026-03-28T18:52:28.142+0500] {processor.py:840} INFO - DAG(s) 'example_display_name' retrieved from /home/abayturar/airflow-project/venv/lib/python3.12/site-packages/airflow/example_dags/example_display_name.py
[2026-03-28T18:52:28.158+0500] {logging_mixin.py:188} INFO - [2026-03-28T18:52:28.158+0500] {dag.py:3089} INFO - Sync 1 DAGs
[2026-03-28T18:52:28.168+0500] {logging_mixin.py:188} INFO - [2026-03-28T18:52:28.168+0500] {dag.py:3947} INFO - Setting next_dagrun for example_display_name to None, run_after=None
[2026-03-28T18:52:28.195+0500] {processor.py:183} INFO - Processing /home/abayturar/airflow-project/venv/lib/python3.12/site-packages/airflow/example_dags/example_display_name.py took 0.069 seconds
[2026-03-28T18:53:36.243+0500] {processor.py:161} INFO - Started process (PID=23744) to work on /home/abayturar/airflow-project/venv/lib/python3.12/site-packages/airflow/example_dags/example_display_name.py
[2026-03-28T18:53:36.245+0500] {processor.py:830} INFO - Processing file /home/abayturar/airflow-project/venv/lib/python3.12/site-packages/airflow/example_dags/example_display_name.py for tasks to queue
[2026-03-28T18:53:36.246+0500] {logging_mixin.py:188} INFO - [2026-03-28T18:53:36.246+0500] {dagbag.py:545} INFO - Filling up the DagBag from /home/abayturar/airflow-project/venv/lib/python3.12/site-packages/airflow/example_dags/example_display_name.py
[2026-03-28T18:53:36.254+0500] {processor.py:840} INFO - DAG(s) 'example_display_name' retrieved from /home/abayturar/airflow-project/venv/lib/python3.12/site-packages/airflow/example_dags/example_display_name.py
[2026-03-28T18:53:36.271+0500] {logging_mixin.py:188} INFO - [2026-03-28T18:53:36.271+0500] {dag.py:3089} INFO - Sync 1 DAGs
[2026-03-28T18:53:36.280+0500] {logging_mixin.py:188} INFO - [2026-03-28T18:53:36.280+0500] {dag.py:3947} INFO - Setting next_dagrun for example_display_name to None, run_after=None
[2026-03-28T18:53:36.297+0500] {processor.py:183} INFO - Processing /home/abayturar/airflow-project/venv/lib/python3.12/site-packages/airflow/example_dags/example_display_name.py took 0.062 seconds
[2026-03-28T18:54:43.591+0500] {processor.py:161} INFO - Started process (PID=23925) to work on /home/abayturar/airflow-project/venv/lib/python3.12/site-packages/airflow/example_dags/example_display_name.py
[2026-03-28T18:54:43.592+0500] {processor.py:830} INFO - Processing file /home/abayturar/airflow-project/venv/lib/python3.12/site-packages/airflow/example_dags/example_display_name.py for tasks to queue
[2026-03-28T18:54:43.594+0500] {logging_mixin.py:188} INFO - [2026-03-28T18:54:43.593+0500] {dagbag.py:545} INFO - Filling up the DagBag from /home/abayturar/airflow-project/venv/lib/python3.12/site-packages/airflow/example_dags/example_display_name.py
[2026-03-28T18:54:43.600+0500] {processor.py:840} INFO - DAG(s) 'example_display_name' retrieved from /home/abayturar/airflow-project/venv/lib/python3.12/site-packages/airflow/example_dags/example_display_name.py
[2026-03-28T18:54:43.615+0500] {logging_mixin.py:188} INFO - [2026-03-28T18:54:43.615+0500] {dag.py:3089} INFO - Sync 1 DAGs
[2026-03-28T18:54:43.626+0500] {logging_mixin.py:188} INFO - [2026-03-28T18:54:43.625+0500] {dag.py:3947} INFO - Setting next_dagrun for example_display_name to None, run_after=None
[2026-03-28T18:54:43.654+0500] {processor.py:183} INFO - Processing /home/abayturar/airflow-project/venv/lib/python3.12/site-packages/airflow/example_dags/example_display_name.py took 0.069 seconds
[2026-03-28T18:55:58.466+0500] {processor.py:161} INFO - Started process (PID=24123) to work on /home/abayturar/airflow-project/venv/lib/python3.12/site-packages/airflow/example_dags/example_display_name.py
[2026-03-28T18:55:58.467+0500] {processor.py:830} INFO - Processing file /home/abayturar/airflow-project/venv/lib/python3.12/site-packages/airflow/example_dags/example_display_name.py for tasks to queue
[2026-03-28T18:55:58.469+0500] {logging_mixin.py:188} INFO - [2026-03-28T18:55:58.469+0500] {dagbag.py:545} INFO - Filling up the DagBag from /home/abayturar/airflow-project/venv/lib/python3.12/site-packages/airflow/example_dags/example_display_name.py
[2026-03-28T18:55:58.476+0500] {processor.py:840} INFO - DAG(s) 'example_display_name' retrieved from /home/abayturar/airflow-project/venv/lib/python3.12/site-packages/airflow/example_dags/example_display_name.py
[2026-03-28T18:55:58.494+0500] {logging_mixin.py:188} INFO - [2026-03-28T18:55:58.494+0500] {dag.py:3089} INFO - Sync 1 DAGs
[2026-03-28T18:55:58.504+0500] {logging_mixin.py:188} INFO - [2026-03-28T18:55:58.504+0500] {dag.py:3947} INFO - Setting next_dagrun for example_display_name to None, run_after=None
[2026-03-28T18:55:58.520+0500] {processor.py:183} INFO - Processing /home/abayturar/airflow-project/venv/lib/python3.12/site-packages/airflow/example_dags/example_display_name.py took 0.061 seconds
[2026-03-28T18:56:51.137+0500] {processor.py:161} INFO - Started process (PID=24259) to work on /home/abayturar/airflow-project/venv/lib/python3.12/site-packages/airflow/example_dags/example_display_name.py
[2026-03-28T18:56:51.139+0500] {processor.py:830} INFO - Processing file /home/abayturar/airflow-project/venv/lib/python3.12/site-packages/airflow/example_dags/example_display_name.py for tasks to queue
[2026-03-28T18:56:51.141+0500] {logging_mixin.py:188} INFO - [2026-03-28T18:56:51.140+0500] {dagbag.py:545} INFO - Filling up the DagBag from /home/abayturar/airflow-project/venv/lib/python3.12/site-packages/airflow/example_dags/example_display_name.py
[2026-03-28T18:56:51.147+0500] {processor.py:840} INFO - DAG(s) 'example_display_name' retrieved from /home/abayturar/airflow-project/venv/lib/python3.12/site-packages/airflow/example_dags/example_display_name.py
[2026-03-28T18:56:51.164+0500] {logging_mixin.py:188} INFO - [2026-03-28T18:56:51.164+0500] {dag.py:3089} INFO - Sync 1 DAGs
[2026-03-28T18:56:51.175+0500] {logging_mixin.py:188} INFO - [2026-03-28T18:56:51.174+0500] {dag.py:3947} INFO - Setting next_dagrun for example_display_name to None, run_after=None
[2026-03-28T18:56:51.192+0500] {processor.py:183} INFO - Processing /home/abayturar/airflow-project/venv/lib/python3.12/site-packages/airflow/example_dags/example_display_name.py took 0.064 seconds
[2026-03-28T18:58:02.575+0500] {processor.py:161} INFO - Started process (PID=24447) to work on /home/abayturar/airflow-project/venv/lib/python3.12/site-packages/airflow/example_dags/example_display_name.py
[2026-03-28T18:58:02.576+0500] {processor.py:830} INFO - Processing file /home/abayturar/airflow-project/venv/lib/python3.12/site-packages/airflow/example_dags/example_display_name.py for tasks to queue
[2026-03-28T18:58:02.578+0500] {logging_mixin.py:188} INFO - [2026-03-28T18:58:02.577+0500] {dagbag.py:545} INFO - Filling up the DagBag from /home/abayturar/airflow-project/venv/lib/python3.12/site-packages/airflow/example_dags/example_display_name.py
[2026-03-28T18:58:02.584+0500] {processor.py:840} INFO - DAG(s) 'example_display_name' retrieved from /home/abayturar/airflow-project/venv/lib/python3.12/site-packages/airflow/example_dags/example_display_name.py
[2026-03-28T18:58:02.599+0500] {logging_mixin.py:188} INFO - [2026-03-28T18:58:02.599+0500] {dag.py:3089} INFO - Sync 1 DAGs
[2026-03-28T18:58:02.609+0500] {logging_mixin.py:188} INFO - [2026-03-28T18:58:02.609+0500] {dag.py:3947} INFO - Setting next_dagrun for example_display_name to None, run_after=None
[2026-03-28T18:58:02.637+0500] {processor.py:183} INFO - Processing /home/abayturar/airflow-project/venv/lib/python3.12/site-packages/airflow/example_dags/example_display_name.py took 0.068 seconds
[2026-03-28T18:59:10.949+0500] {processor.py:161} INFO - Started process (PID=24634) to work on /home/abayturar/airflow-project/venv/lib/python3.12/site-packages/airflow/example_dags/example_display_name.py
[2026-03-28T18:59:10.950+0500] {processor.py:830} INFO - Processing file /home/abayturar/airflow-project/venv/lib/python3.12/site-packages/airflow/example_dags/example_display_name.py for tasks to queue
[2026-03-28T18:59:10.951+0500] {logging_mixin.py:188} INFO - [2026-03-28T18:59:10.951+0500] {dagbag.py:545} INFO - Filling up the DagBag from /home/abayturar/airflow-project/venv/lib/python3.12/site-packages/airflow/example_dags/example_display_name.py
[2026-03-28T18:59:10.957+0500] {processor.py:840} INFO - DAG(s) 'example_display_name' retrieved from /home/abayturar/airflow-project/venv/lib/python3.12/site-packages/airflow/example_dags/example_display_name.py
[2026-03-28T18:59:10.972+0500] {logging_mixin.py:188} INFO - [2026-03-28T18:59:10.971+0500] {dag.py:3089} INFO - Sync 1 DAGs
[2026-03-28T18:59:10.981+0500] {logging_mixin.py:188} INFO - [2026-03-28T18:59:10.981+0500] {dag.py:3947} INFO - Setting next_dagrun for example_display_name to None, run_after=None
[2026-03-28T18:59:10.996+0500] {processor.py:183} INFO - Processing /home/abayturar/airflow-project/venv/lib/python3.12/site-packages/airflow/example_dags/example_display_name.py took 0.053 seconds
[2026-03-28T19:00:22.927+0500] {processor.py:161} INFO - Started process (PID=24824) to work on /home/abayturar/airflow-project/venv/lib/python3.12/site-packages/airflow/example_dags/example_display_name.py
[2026-03-28T19:00:22.927+0500] {processor.py:830} INFO - Processing file /home/abayturar/airflow-project/venv/lib/python3.12/site-packages/airflow/example_dags/example_display_name.py for tasks to queue
[2026-03-28T19:00:22.929+0500] {logging_mixin.py:188} INFO - [2026-03-28T19:00:22.929+0500] {dagbag.py:545} INFO - Filling up the DagBag from /home/abayturar/airflow-project/venv/lib/python3.12/site-packages/airflow/example_dags/example_display_name.py
[2026-03-28T19:00:22.936+0500] {processor.py:840} INFO - DAG(s) 'example_display_name' retrieved from /home/abayturar/airflow-project/venv/lib/python3.12/site-packages/airflow/example_dags/example_display_name.py
[2026-03-28T19:00:22.953+0500] {logging_mixin.py:188} INFO - [2026-03-28T19:00:22.953+0500] {dag.py:3089} INFO - Sync 1 DAGs
[2026-03-28T19:00:22.962+0500] {logging_mixin.py:188} INFO - [2026-03-28T19:00:22.962+0500] {dag.py:3947} INFO - Setting next_dagrun for example_display_name to None, run_after=None
[2026-03-28T19:00:22.990+0500] {processor.py:183} INFO - Processing /home/abayturar/airflow-project/venv/lib/python3.12/site-packages/airflow/example_dags/example_display_name.py took 0.071 seconds
[2026-03-28T19:01:35.230+0500] {processor.py:161} INFO - Started process (PID=25019) to work on /home/abayturar/airflow-project/venv/lib/python3.12/site-packages/airflow/example_dags/example_display_name.py
[2026-03-28T19:01:35.231+0500] {processor.py:830} INFO - Processing file /home/abayturar/airflow-project/venv/lib/python3.12/site-packages/airflow/example_dags/example_display_name.py for tasks to queue
[2026-03-28T19:01:35.232+0500] {logging_mixin.py:188} INFO - [2026-03-28T19:01:35.232+0500] {dagbag.py:545} INFO - Filling up the DagBag from /home/abayturar/airflow-project/venv/lib/python3.12/site-packages/airflow/example_dags/example_display_name.py
[2026-03-28T19:01:35.239+0500] {processor.py:840} INFO - DAG(s) 'example_display_name' retrieved from /home/abayturar/airflow-project/venv/lib/python3.12/site-packages/airflow/example_dags/example_display_name.py
[2026-03-28T19:01:35.256+0500] {logging_mixin.py:188} INFO - [2026-03-28T19:01:35.256+0500] {dag.py:3089} INFO - Sync 1 DAGs
[2026-03-28T19:01:35.266+0500] {logging_mixin.py:188} INFO - [2026-03-28T19:01:35.266+0500] {dag.py:3947} INFO - Setting next_dagrun for example_display_name to None, run_after=None
[2026-03-28T19:01:35.295+0500] {processor.py:183} INFO - Processing /home/abayturar/airflow-project/venv/lib/python3.12/site-packages/airflow/example_dags/example_display_name.py took 0.071 seconds
[2026-03-28T19:02:40.067+0500] {processor.py:161} INFO - Started process (PID=25195) to work on /home/abayturar/airflow-project/venv/lib/python3.12/site-packages/airflow/example_dags/example_display_name.py
[2026-03-28T19:02:40.068+0500] {processor.py:830} INFO - Processing file /home/abayturar/airflow-project/venv/lib/python3.12/site-packages/airflow/example_dags/example_display_name.py for tasks to queue
[2026-03-28T19:02:40.070+0500] {logging_mixin.py:188} INFO - [2026-03-28T19:02:40.069+0500] {dagbag.py:545} INFO - Filling up the DagBag from /home/abayturar/airflow-project/venv/lib/python3.12/site-packages/airflow/example_dags/example_display_name.py
[2026-03-28T19:02:40.077+0500] {processor.py:840} INFO - DAG(s) 'example_display_name' retrieved from /home/abayturar/airflow-project/venv/lib/python3.12/site-packages/airflow/example_dags/example_display_name.py
[2026-03-28T19:02:40.098+0500] {logging_mixin.py:188} INFO - [2026-03-28T19:02:40.097+0500] {dag.py:3089} INFO - Sync 1 DAGs
[2026-03-28T19:02:40.108+0500] {logging_mixin.py:188} INFO - [2026-03-28T19:02:40.108+0500] {dag.py:3947} INFO - Setting next_dagrun for example_display_name to None, run_after=None
[2026-03-28T19:02:40.137+0500] {processor.py:183} INFO - Processing /home/abayturar/airflow-project/venv/lib/python3.12/site-packages/airflow/example_dags/example_display_name.py took 0.077 seconds
[2026-03-28T19:03:46.062+0500] {processor.py:161} INFO - Started process (PID=25376) to work on /home/abayturar/airflow-project/venv/lib/python3.12/site-packages/airflow/example_dags/example_display_name.py
[2026-03-28T19:03:46.063+0500] {processor.py:830} INFO - Processing file /home/abayturar/airflow-project/venv/lib/python3.12/site-packages/airflow/example_dags/example_display_name.py for tasks to queue
[2026-03-28T19:03:46.065+0500] {logging_mixin.py:188} INFO - [2026-03-28T19:03:46.064+0500] {dagbag.py:545} INFO - Filling up the DagBag from /home/abayturar/airflow-project/venv/lib/python3.12/site-packages/airflow/example_dags/example_display_name.py
[2026-03-28T19:03:46.072+0500] {processor.py:840} INFO - DAG(s) 'example_display_name' retrieved from /home/abayturar/airflow-project/venv/lib/python3.12/site-packages/airflow/example_dags/example_display_name.py
[2026-03-28T19:03:46.090+0500] {logging_mixin.py:188} INFO - [2026-03-28T19:03:46.090+0500] {dag.py:3089} INFO - Sync 1 DAGs
[2026-03-28T19:03:46.101+0500] {logging_mixin.py:188} INFO - [2026-03-28T19:03:46.101+0500] {dag.py:3947} INFO - Setting next_dagrun for example_display_name to None, run_after=None
[2026-03-28T19:03:46.132+0500] {processor.py:183} INFO - Processing /home/abayturar/airflow-project/venv/lib/python3.12/site-packages/airflow/example_dags/example_display_name.py took 0.077 seconds
[2026-03-28T19:04:57.077+0500] {processor.py:161} INFO - Started process (PID=25562) to work on /home/abayturar/airflow-project/venv/lib/python3.12/site-packages/airflow/example_dags/example_display_name.py
[2026-03-28T19:04:57.078+0500] {processor.py:830} INFO - Processing file /home/abayturar/airflow-project/venv/lib/python3.12/site-packages/airflow/example_dags/example_display_name.py for tasks to queue
[2026-03-28T19:04:57.080+0500] {logging_mixin.py:188} INFO - [2026-03-28T19:04:57.079+0500] {dagbag.py:545} INFO - Filling up the DagBag from /home/abayturar/airflow-project/venv/lib/python3.12/site-packages/airflow/example_dags/example_display_name.py
[2026-03-28T19:04:57.086+0500] {processor.py:840} INFO - DAG(s) 'example_display_name' retrieved from /home/abayturar/airflow-project/venv/lib/python3.12/site-packages/airflow/example_dags/example_display_name.py
[2026-03-28T19:04:57.102+0500] {logging_mixin.py:188} INFO - [2026-03-28T19:04:57.102+0500] {dag.py:3089} INFO - Sync 1 DAGs
[2026-03-28T19:04:57.114+0500] {logging_mixin.py:188} INFO - [2026-03-28T19:04:57.113+0500] {dag.py:3947} INFO - Setting next_dagrun for example_display_name to None, run_after=None
[2026-03-28T19:04:57.132+0500] {processor.py:183} INFO - Processing /home/abayturar/airflow-project/venv/lib/python3.12/site-packages/airflow/example_dags/example_display_name.py took 0.061 seconds
[2026-03-28T19:06:02.585+0500] {processor.py:161} INFO - Started process (PID=25744) to work on /home/abayturar/airflow-project/venv/lib/python3.12/site-packages/airflow/example_dags/example_display_name.py
[2026-03-28T19:06:02.586+0500] {processor.py:830} INFO - Processing file /home/abayturar/airflow-project/venv/lib/python3.12/site-packages/airflow/example_dags/example_display_name.py for tasks to queue
[2026-03-28T19:06:02.588+0500] {logging_mixin.py:188} INFO - [2026-03-28T19:06:02.587+0500] {dagbag.py:545} INFO - Filling up the DagBag from /home/abayturar/airflow-project/venv/lib/python3.12/site-packages/airflow/example_dags/example_display_name.py
[2026-03-28T19:06:02.594+0500] {processor.py:840} INFO - DAG(s) 'example_display_name' retrieved from /home/abayturar/airflow-project/venv/lib/python3.12/site-packages/airflow/example_dags/example_display_name.py
[2026-03-28T19:06:02.608+0500] {logging_mixin.py:188} INFO - [2026-03-28T19:06:02.608+0500] {dag.py:3089} INFO - Sync 1 DAGs
[2026-03-28T19:06:02.616+0500] {logging_mixin.py:188} INFO - [2026-03-28T19:06:02.616+0500] {dag.py:3947} INFO - Setting next_dagrun for example_display_name to None, run_after=None
[2026-03-28T19:06:02.642+0500] {processor.py:183} INFO - Processing /home/abayturar/airflow-project/venv/lib/python3.12/site-packages/airflow/example_dags/example_display_name.py took 0.063 seconds
[2026-03-28T19:07:05.007+0500] {processor.py:161} INFO - Started process (PID=25913) to work on /home/abayturar/airflow-project/venv/lib/python3.12/site-packages/airflow/example_dags/example_display_name.py
[2026-03-28T19:07:05.009+0500] {processor.py:830} INFO - Processing file /home/abayturar/airflow-project/venv/lib/python3.12/site-packages/airflow/example_dags/example_display_name.py for tasks to queue
[2026-03-28T19:07:05.010+0500] {logging_mixin.py:188} INFO - [2026-03-28T19:07:05.010+0500] {dagbag.py:545} INFO - Filling up the DagBag from /home/abayturar/airflow-project/venv/lib/python3.12/site-packages/airflow/example_dags/example_display_name.py
[2026-03-28T19:07:05.017+0500] {processor.py:840} INFO - DAG(s) 'example_display_name' retrieved from /home/abayturar/airflow-project/venv/lib/python3.12/site-packages/airflow/example_dags/example_display_name.py
[2026-03-28T19:07:05.032+0500] {logging_mixin.py:188} INFO - [2026-03-28T19:07:05.032+0500] {dag.py:3089} INFO - Sync 1 DAGs
[2026-03-28T19:07:05.042+0500] {logging_mixin.py:188} INFO - [2026-03-28T19:07:05.042+0500] {dag.py:3947} INFO - Setting next_dagrun for example_display_name to None, run_after=None
[2026-03-28T19:07:05.069+0500] {processor.py:183} INFO - Processing /home/abayturar/airflow-project/venv/lib/python3.12/site-packages/airflow/example_dags/example_display_name.py took 0.069 seconds
[2026-03-28T19:08:19.522+0500] {processor.py:161} INFO - Started process (PID=26113) to work on /home/abayturar/airflow-project/venv/lib/python3.12/site-packages/airflow/example_dags/example_display_name.py
[2026-03-28T19:08:19.523+0500] {processor.py:830} INFO - Processing file /home/abayturar/airflow-project/venv/lib/python3.12/site-packages/airflow/example_dags/example_display_name.py for tasks to queue
[2026-03-28T19:08:19.525+0500] {logging_mixin.py:188} INFO - [2026-03-28T19:08:19.524+0500] {dagbag.py:545} INFO - Filling up the DagBag from /home/abayturar/airflow-project/venv/lib/python3.12/site-packages/airflow/example_dags/example_display_name.py
[2026-03-28T19:08:19.531+0500] {processor.py:840} INFO - DAG(s) 'example_display_name' retrieved from /home/abayturar/airflow-project/venv/lib/python3.12/site-packages/airflow/example_dags/example_display_name.py
[2026-03-28T19:08:19.547+0500] {logging_mixin.py:188} INFO - [2026-03-28T19:08:19.547+0500] {dag.py:3089} INFO - Sync 1 DAGs
[2026-03-28T19:08:19.556+0500] {logging_mixin.py:188} INFO - [2026-03-28T19:08:19.556+0500] {dag.py:3947} INFO - Setting next_dagrun for example_display_name to None, run_after=None
[2026-03-28T19:08:19.583+0500] {processor.py:183} INFO - Processing /home/abayturar/airflow-project/venv/lib/python3.12/site-packages/airflow/example_dags/example_display_name.py took 0.067 seconds
[2026-03-28T19:09:28.880+0500] {processor.py:161} INFO - Started process (PID=26297) to work on /home/abayturar/airflow-project/venv/lib/python3.12/site-packages/airflow/example_dags/example_display_name.py
[2026-03-28T19:09:28.881+0500] {processor.py:830} INFO - Processing file /home/abayturar/airflow-project/venv/lib/python3.12/site-packages/airflow/example_dags/example_display_name.py for tasks to queue
[2026-03-28T19:09:28.883+0500] {logging_mixin.py:188} INFO - [2026-03-28T19:09:28.882+0500] {dagbag.py:545} INFO - Filling up the DagBag from /home/abayturar/airflow-project/venv/lib/python3.12/site-packages/airflow/example_dags/example_display_name.py
[2026-03-28T19:09:28.891+0500] {processor.py:840} INFO - DAG(s) 'example_display_name' retrieved from /home/abayturar/airflow-project/venv/lib/python3.12/site-packages/airflow/example_dags/example_display_name.py
[2026-03-28T19:09:28.912+0500] {logging_mixin.py:188} INFO - [2026-03-28T19:09:28.912+0500] {dag.py:3089} INFO - Sync 1 DAGs
[2026-03-28T19:09:28.923+0500] {logging_mixin.py:188} INFO - [2026-03-28T19:09:28.923+0500] {dag.py:3947} INFO - Setting next_dagrun for example_display_name to None, run_after=None
[2026-03-28T19:09:28.951+0500] {processor.py:183} INFO - Processing /home/abayturar/airflow-project/venv/lib/python3.12/site-packages/airflow/example_dags/example_display_name.py took 0.080 seconds
[2026-03-28T19:10:38.087+0500] {processor.py:161} INFO - Started process (PID=26485) to work on /home/abayturar/airflow-project/venv/lib/python3.12/site-packages/airflow/example_dags/example_display_name.py
[2026-03-28T19:10:38.088+0500] {processor.py:830} INFO - Processing file /home/abayturar/airflow-project/venv/lib/python3.12/site-packages/airflow/example_dags/example_display_name.py for tasks to queue
[2026-03-28T19:10:38.090+0500] {logging_mixin.py:188} INFO - [2026-03-28T19:10:38.090+0500] {dagbag.py:545} INFO - Filling up the DagBag from /home/abayturar/airflow-project/venv/lib/python3.12/site-packages/airflow/example_dags/example_display_name.py
[2026-03-28T19:10:38.098+0500] {processor.py:840} INFO - DAG(s) 'example_display_name' retrieved from /home/abayturar/airflow-project/venv/lib/python3.12/site-packages/airflow/example_dags/example_display_name.py
[2026-03-28T19:10:38.114+0500] {logging_mixin.py:188} INFO - [2026-03-28T19:10:38.114+0500] {dag.py:3089} INFO - Sync 1 DAGs
[2026-03-28T19:10:38.125+0500] {logging_mixin.py:188} INFO - [2026-03-28T19:10:38.125+0500] {dag.py:3947} INFO - Setting next_dagrun for example_display_name to None, run_after=None
[2026-03-28T19:10:38.143+0500] {processor.py:183} INFO - Processing /home/abayturar/airflow-project/venv/lib/python3.12/site-packages/airflow/example_dags/example_display_name.py took 0.063 seconds
[2026-03-28T19:11:50.257+0500] {processor.py:161} INFO - Started process (PID=26673) to work on /home/abayturar/airflow-project/venv/lib/python3.12/site-packages/airflow/example_dags/example_display_name.py
[2026-03-28T19:11:50.257+0500] {processor.py:830} INFO - Processing file /home/abayturar/airflow-project/venv/lib/python3.12/site-packages/airflow/example_dags/example_display_name.py for tasks to queue
[2026-03-28T19:11:50.259+0500] {logging_mixin.py:188} INFO - [2026-03-28T19:11:50.259+0500] {dagbag.py:545} INFO - Filling up the DagBag from /home/abayturar/airflow-project/venv/lib/python3.12/site-packages/airflow/example_dags/example_display_name.py
[2026-03-28T19:11:50.265+0500] {processor.py:840} INFO - DAG(s) 'example_display_name' retrieved from /home/abayturar/airflow-project/venv/lib/python3.12/site-packages/airflow/example_dags/example_display_name.py
[2026-03-28T19:11:50.280+0500] {logging_mixin.py:188} INFO - [2026-03-28T19:11:50.280+0500] {dag.py:3089} INFO - Sync 1 DAGs
[2026-03-28T19:11:50.289+0500] {logging_mixin.py:188} INFO - [2026-03-28T19:11:50.288+0500] {dag.py:3947} INFO - Setting next_dagrun for example_display_name to None, run_after=None
[2026-03-28T19:11:50.315+0500] {processor.py:183} INFO - Processing /home/abayturar/airflow-project/venv/lib/python3.12/site-packages/airflow/example_dags/example_display_name.py took 0.064 seconds
[2026-03-28T19:13:02.342+0500] {processor.py:161} INFO - Started process (PID=26869) to work on /home/abayturar/airflow-project/venv/lib/python3.12/site-packages/airflow/example_dags/example_display_name.py
[2026-03-28T19:13:02.343+0500] {processor.py:830} INFO - Processing file /home/abayturar/airflow-project/venv/lib/python3.12/site-packages/airflow/example_dags/example_display_name.py for tasks to queue
[2026-03-28T19:13:02.345+0500] {logging_mixin.py:188} INFO - [2026-03-28T19:13:02.344+0500] {dagbag.py:545} INFO - Filling up the DagBag from /home/abayturar/airflow-project/venv/lib/python3.12/site-packages/airflow/example_dags/example_display_name.py
[2026-03-28T19:13:02.351+0500] {processor.py:840} INFO - DAG(s) 'example_display_name' retrieved from /home/abayturar/airflow-project/venv/lib/python3.12/site-packages/airflow/example_dags/example_display_name.py
[2026-03-28T19:13:02.366+0500] {logging_mixin.py:188} INFO - [2026-03-28T19:13:02.366+0500] {dag.py:3089} INFO - Sync 1 DAGs
[2026-03-28T19:13:02.374+0500] {logging_mixin.py:188} INFO - [2026-03-28T19:13:02.374+0500] {dag.py:3947} INFO - Setting next_dagrun for example_display_name to None, run_after=None
[2026-03-28T19:13:02.389+0500] {processor.py:183} INFO - Processing /home/abayturar/airflow-project/venv/lib/python3.12/site-packages/airflow/example_dags/example_display_name.py took 0.053 seconds
[2026-03-28T19:14:12.955+0500] {processor.py:161} INFO - Started process (PID=27057) to work on /home/abayturar/airflow-project/venv/lib/python3.12/site-packages/airflow/example_dags/example_display_name.py
[2026-03-28T19:14:12.956+0500] {processor.py:830} INFO - Processing file /home/abayturar/airflow-project/venv/lib/python3.12/site-packages/airflow/example_dags/example_display_name.py for tasks to queue
[2026-03-28T19:14:12.958+0500] {logging_mixin.py:188} INFO - [2026-03-28T19:14:12.958+0500] {dagbag.py:545} INFO - Filling up the DagBag from /home/abayturar/airflow-project/venv/lib/python3.12/site-packages/airflow/example_dags/example_display_name.py
[2026-03-28T19:14:12.966+0500] {processor.py:840} INFO - DAG(s) 'example_display_name' retrieved from /home/abayturar/airflow-project/venv/lib/python3.12/site-packages/airflow/example_dags/example_display_name.py
[2026-03-28T19:14:12.983+0500] {logging_mixin.py:188} INFO - [2026-03-28T19:14:12.983+0500] {dag.py:3089} INFO - Sync 1 DAGs
[2026-03-28T19:14:12.994+0500] {logging_mixin.py:188} INFO - [2026-03-28T19:14:12.993+0500] {dag.py:3947} INFO - Setting next_dagrun for example_display_name to None, run_after=None
[2026-03-28T19:14:13.026+0500] {processor.py:183} INFO - Processing /home/abayturar/airflow-project/venv/lib/python3.12/site-packages/airflow/example_dags/example_display_name.py took 0.077 seconds
[2026-03-28T19:15:21.972+0500] {processor.py:161} INFO - Started process (PID=27247) to work on /home/abayturar/airflow-project/venv/lib/python3.12/site-packages/airflow/example_dags/example_display_name.py
[2026-03-28T19:15:21.973+0500] {processor.py:830} INFO - Processing file /home/abayturar/airflow-project/venv/lib/python3.12/site-packages/airflow/example_dags/example_display_name.py for tasks to queue
[2026-03-28T19:15:21.975+0500] {logging_mixin.py:188} INFO - [2026-03-28T19:15:21.974+0500] {dagbag.py:545} INFO - Filling up the DagBag from /home/abayturar/airflow-project/venv/lib/python3.12/site-packages/airflow/example_dags/example_display_name.py
[2026-03-28T19:15:21.981+0500] {processor.py:840} INFO - DAG(s) 'example_display_name' retrieved from /home/abayturar/airflow-project/venv/lib/python3.12/site-packages/airflow/example_dags/example_display_name.py
[2026-03-28T19:15:21.996+0500] {logging_mixin.py:188} INFO - [2026-03-28T19:15:21.996+0500] {dag.py:3089} INFO - Sync 1 DAGs
[2026-03-28T19:15:22.005+0500] {logging_mixin.py:188} INFO - [2026-03-28T19:15:22.005+0500] {dag.py:3947} INFO - Setting next_dagrun for example_display_name to None, run_after=None
[2026-03-28T19:15:22.021+0500] {processor.py:183} INFO - Processing /home/abayturar/airflow-project/venv/lib/python3.12/site-packages/airflow/example_dags/example_display_name.py took 0.055 seconds
[2026-03-28T19:16:30.875+0500] {processor.py:161} INFO - Started process (PID=27429) to work on /home/abayturar/airflow-project/venv/lib/python3.12/site-packages/airflow/example_dags/example_display_name.py
[2026-03-28T19:16:30.875+0500] {processor.py:830} INFO - Processing file /home/abayturar/airflow-project/venv/lib/python3.12/site-packages/airflow/example_dags/example_display_name.py for tasks to queue
[2026-03-28T19:16:30.877+0500] {logging_mixin.py:188} INFO - [2026-03-28T19:16:30.877+0500] {dagbag.py:545} INFO - Filling up the DagBag from /home/abayturar/airflow-project/venv/lib/python3.12/site-packages/airflow/example_dags/example_display_name.py
[2026-03-28T19:16:30.883+0500] {processor.py:840} INFO - DAG(s) 'example_display_name' retrieved from /home/abayturar/airflow-project/venv/lib/python3.12/site-packages/airflow/example_dags/example_display_name.py
[2026-03-28T19:16:30.898+0500] {logging_mixin.py:188} INFO - [2026-03-28T19:16:30.898+0500] {dag.py:3089} INFO - Sync 1 DAGs
[2026-03-28T19:16:30.907+0500] {logging_mixin.py:188} INFO - [2026-03-28T19:16:30.907+0500] {dag.py:3947} INFO - Setting next_dagrun for example_display_name to None, run_after=None
[2026-03-28T19:16:30.933+0500] {processor.py:183} INFO - Processing /home/abayturar/airflow-project/venv/lib/python3.12/site-packages/airflow/example_dags/example_display_name.py took 0.065 seconds
[2026-03-28T19:17:41.217+0500] {processor.py:161} INFO - Started process (PID=27621) to work on /home/abayturar/airflow-project/venv/lib/python3.12/site-packages/airflow/example_dags/example_display_name.py
[2026-03-28T19:17:41.218+0500] {processor.py:830} INFO - Processing file /home/abayturar/airflow-project/venv/lib/python3.12/site-packages/airflow/example_dags/example_display_name.py for tasks to queue
[2026-03-28T19:17:41.220+0500] {logging_mixin.py:188} INFO - [2026-03-28T19:17:41.219+0500] {dagbag.py:545} INFO - Filling up the DagBag from /home/abayturar/airflow-project/venv/lib/python3.12/site-packages/airflow/example_dags/example_display_name.py
[2026-03-28T19:17:41.226+0500] {processor.py:840} INFO - DAG(s) 'example_display_name' retrieved from /home/abayturar/airflow-project/venv/lib/python3.12/site-packages/airflow/example_dags/example_display_name.py
[2026-03-28T19:17:41.241+0500] {logging_mixin.py:188} INFO - [2026-03-28T19:17:41.240+0500] {dag.py:3089} INFO - Sync 1 DAGs
[2026-03-28T19:17:41.249+0500] {logging_mixin.py:188} INFO - [2026-03-28T19:17:41.249+0500] {dag.py:3947} INFO - Setting next_dagrun for example_display_name to None, run_after=None
[2026-03-28T19:17:41.276+0500] {processor.py:183} INFO - Processing /home/abayturar/airflow-project/venv/lib/python3.12/site-packages/airflow/example_dags/example_display_name.py took 0.065 seconds
[2026-03-28T19:18:45.584+0500] {processor.py:161} INFO - Started process (PID=27792) to work on /home/abayturar/airflow-project/venv/lib/python3.12/site-packages/airflow/example_dags/example_display_name.py
[2026-03-28T19:18:45.585+0500] {processor.py:830} INFO - Processing file /home/abayturar/airflow-project/venv/lib/python3.12/site-packages/airflow/example_dags/example_display_name.py for tasks to queue
[2026-03-28T19:18:45.587+0500] {logging_mixin.py:188} INFO - [2026-03-28T19:18:45.586+0500] {dagbag.py:545} INFO - Filling up the DagBag from /home/abayturar/airflow-project/venv/lib/python3.12/site-packages/airflow/example_dags/example_display_name.py
[2026-03-28T19:18:45.594+0500] {processor.py:840} INFO - DAG(s) 'example_display_name' retrieved from /home/abayturar/airflow-project/venv/lib/python3.12/site-packages/airflow/example_dags/example_display_name.py
[2026-03-28T19:18:45.610+0500] {logging_mixin.py:188} INFO - [2026-03-28T19:18:45.610+0500] {dag.py:3089} INFO - Sync 1 DAGs
[2026-03-28T19:18:45.620+0500] {logging_mixin.py:188} INFO - [2026-03-28T19:18:45.620+0500] {dag.py:3947} INFO - Setting next_dagrun for example_display_name to None, run_after=None
[2026-03-28T19:18:45.650+0500] {processor.py:183} INFO - Processing /home/abayturar/airflow-project/venv/lib/python3.12/site-packages/airflow/example_dags/example_display_name.py took 0.073 seconds
[2026-03-28T19:19:56.717+0500] {processor.py:161} INFO - Started process (PID=27988) to work on /home/abayturar/airflow-project/venv/lib/python3.12/site-packages/airflow/example_dags/example_display_name.py
[2026-03-28T19:19:56.718+0500] {processor.py:830} INFO - Processing file /home/abayturar/airflow-project/venv/lib/python3.12/site-packages/airflow/example_dags/example_display_name.py for tasks to queue
[2026-03-28T19:19:56.720+0500] {logging_mixin.py:188} INFO - [2026-03-28T19:19:56.719+0500] {dagbag.py:545} INFO - Filling up the DagBag from /home/abayturar/airflow-project/venv/lib/python3.12/site-packages/airflow/example_dags/example_display_name.py
[2026-03-28T19:19:56.726+0500] {processor.py:840} INFO - DAG(s) 'example_display_name' retrieved from /home/abayturar/airflow-project/venv/lib/python3.12/site-packages/airflow/example_dags/example_display_name.py
[2026-03-28T19:19:56.741+0500] {logging_mixin.py:188} INFO - [2026-03-28T19:19:56.740+0500] {dag.py:3089} INFO - Sync 1 DAGs
[2026-03-28T19:19:56.750+0500] {logging_mixin.py:188} INFO - [2026-03-28T19:19:56.750+0500] {dag.py:3947} INFO - Setting next_dagrun for example_display_name to None, run_after=None
[2026-03-28T19:19:56.777+0500] {processor.py:183} INFO - Processing /home/abayturar/airflow-project/venv/lib/python3.12/site-packages/airflow/example_dags/example_display_name.py took 0.066 seconds
[2026-03-28T19:21:06.007+0500] {processor.py:161} INFO - Started process (PID=28170) to work on /home/abayturar/airflow-project/venv/lib/python3.12/site-packages/airflow/example_dags/example_display_name.py
[2026-03-28T19:21:06.008+0500] {processor.py:830} INFO - Processing file /home/abayturar/airflow-project/venv/lib/python3.12/site-packages/airflow/example_dags/example_display_name.py for tasks to queue
[2026-03-28T19:21:06.009+0500] {logging_mixin.py:188} INFO - [2026-03-28T19:21:06.009+0500] {dagbag.py:545} INFO - Filling up the DagBag from /home/abayturar/airflow-project/venv/lib/python3.12/site-packages/airflow/example_dags/example_display_name.py
[2026-03-28T19:21:06.016+0500] {processor.py:840} INFO - DAG(s) 'example_display_name' retrieved from /home/abayturar/airflow-project/venv/lib/python3.12/site-packages/airflow/example_dags/example_display_name.py
[2026-03-28T19:21:06.030+0500] {logging_mixin.py:188} INFO - [2026-03-28T19:21:06.030+0500] {dag.py:3089} INFO - Sync 1 DAGs
[2026-03-28T19:21:06.038+0500] {logging_mixin.py:188} INFO - [2026-03-28T19:21:06.038+0500] {dag.py:3947} INFO - Setting next_dagrun for example_display_name to None, run_after=None
[2026-03-28T19:21:06.066+0500] {processor.py:183} INFO - Processing /home/abayturar/airflow-project/venv/lib/python3.12/site-packages/airflow/example_dags/example_display_name.py took 0.065 seconds
[2026-03-28T19:22:11.458+0500] {processor.py:161} INFO - Started process (PID=28389) to work on /home/abayturar/airflow-project/venv/lib/python3.12/site-packages/airflow/example_dags/example_display_name.py
[2026-03-28T19:22:11.459+0500] {processor.py:830} INFO - Processing file /home/abayturar/airflow-project/venv/lib/python3.12/site-packages/airflow/example_dags/example_display_name.py for tasks to queue
[2026-03-28T19:22:11.461+0500] {logging_mixin.py:188} INFO - [2026-03-28T19:22:11.460+0500] {dagbag.py:545} INFO - Filling up the DagBag from /home/abayturar/airflow-project/venv/lib/python3.12/site-packages/airflow/example_dags/example_display_name.py
[2026-03-28T19:22:11.467+0500] {processor.py:840} INFO - DAG(s) 'example_display_name' retrieved from /home/abayturar/airflow-project/venv/lib/python3.12/site-packages/airflow/example_dags/example_display_name.py
[2026-03-28T19:22:11.481+0500] {logging_mixin.py:188} INFO - [2026-03-28T19:22:11.481+0500] {dag.py:3089} INFO - Sync 1 DAGs
[2026-03-28T19:22:11.490+0500] {logging_mixin.py:188} INFO - [2026-03-28T19:22:11.490+0500] {dag.py:3947} INFO - Setting next_dagrun for example_display_name to None, run_after=None
[2026-03-28T19:22:11.518+0500] {processor.py:183} INFO - Processing /home/abayturar/airflow-project/venv/lib/python3.12/site-packages/airflow/example_dags/example_display_name.py took 0.066 seconds
[2026-03-28T19:23:18.504+0500] {processor.py:161} INFO - Started process (PID=28568) to work on /home/abayturar/airflow-project/venv/lib/python3.12/site-packages/airflow/example_dags/example_display_name.py
[2026-03-28T19:23:18.505+0500] {processor.py:830} INFO - Processing file /home/abayturar/airflow-project/venv/lib/python3.12/site-packages/airflow/example_dags/example_display_name.py for tasks to queue
[2026-03-28T19:23:18.507+0500] {logging_mixin.py:188} INFO - [2026-03-28T19:23:18.507+0500] {dagbag.py:545} INFO - Filling up the DagBag from /home/abayturar/airflow-project/venv/lib/python3.12/site-packages/airflow/example_dags/example_display_name.py
[2026-03-28T19:23:18.515+0500] {processor.py:840} INFO - DAG(s) 'example_display_name' retrieved from /home/abayturar/airflow-project/venv/lib/python3.12/site-packages/airflow/example_dags/example_display_name.py
[2026-03-28T19:23:18.533+0500] {logging_mixin.py:188} INFO - [2026-03-28T19:23:18.533+0500] {dag.py:3089} INFO - Sync 1 DAGs
[2026-03-28T19:23:18.546+0500] {logging_mixin.py:188} INFO - [2026-03-28T19:23:18.546+0500] {dag.py:3947} INFO - Setting next_dagrun for example_display_name to None, run_after=None
[2026-03-28T19:23:18.576+0500] {processor.py:183} INFO - Processing /home/abayturar/airflow-project/venv/lib/python3.12/site-packages/airflow/example_dags/example_display_name.py took 0.079 seconds
[2026-03-28T19:24:28.685+0500] {processor.py:161} INFO - Started process (PID=28760) to work on /home/abayturar/airflow-project/venv/lib/python3.12/site-packages/airflow/example_dags/example_display_name.py
[2026-03-28T19:24:28.686+0500] {processor.py:830} INFO - Processing file /home/abayturar/airflow-project/venv/lib/python3.12/site-packages/airflow/example_dags/example_display_name.py for tasks to queue
[2026-03-28T19:24:28.689+0500] {logging_mixin.py:188} INFO - [2026-03-28T19:24:28.688+0500] {dagbag.py:545} INFO - Filling up the DagBag from /home/abayturar/airflow-project/venv/lib/python3.12/site-packages/airflow/example_dags/example_display_name.py
[2026-03-28T19:24:28.700+0500] {processor.py:840} INFO - DAG(s) 'example_display_name' retrieved from /home/abayturar/airflow-project/venv/lib/python3.12/site-packages/airflow/example_dags/example_display_name.py
[2026-03-28T19:24:28.719+0500] {logging_mixin.py:188} INFO - [2026-03-28T19:24:28.719+0500] {dag.py:3089} INFO - Sync 1 DAGs
[2026-03-28T19:24:28.730+0500] {logging_mixin.py:188} INFO - [2026-03-28T19:24:28.730+0500] {dag.py:3947} INFO - Setting next_dagrun for example_display_name to None, run_after=None
[2026-03-28T19:24:28.762+0500] {processor.py:183} INFO - Processing /home/abayturar/airflow-project/venv/lib/python3.12/site-packages/airflow/example_dags/example_display_name.py took 0.087 seconds
[2026-03-28T19:25:37.488+0500] {processor.py:161} INFO - Started process (PID=28940) to work on /home/abayturar/airflow-project/venv/lib/python3.12/site-packages/airflow/example_dags/example_display_name.py
[2026-03-28T19:25:37.489+0500] {processor.py:830} INFO - Processing file /home/abayturar/airflow-project/venv/lib/python3.12/site-packages/airflow/example_dags/example_display_name.py for tasks to queue
[2026-03-28T19:25:37.490+0500] {logging_mixin.py:188} INFO - [2026-03-28T19:25:37.490+0500] {dagbag.py:545} INFO - Filling up the DagBag from /home/abayturar/airflow-project/venv/lib/python3.12/site-packages/airflow/example_dags/example_display_name.py
[2026-03-28T19:25:37.497+0500] {processor.py:840} INFO - DAG(s) 'example_display_name' retrieved from /home/abayturar/airflow-project/venv/lib/python3.12/site-packages/airflow/example_dags/example_display_name.py
[2026-03-28T19:25:37.514+0500] {logging_mixin.py:188} INFO - [2026-03-28T19:25:37.514+0500] {dag.py:3089} INFO - Sync 1 DAGs
[2026-03-28T19:25:37.523+0500] {logging_mixin.py:188} INFO - [2026-03-28T19:25:37.523+0500] {dag.py:3947} INFO - Setting next_dagrun for example_display_name to None, run_after=None
[2026-03-28T19:25:37.550+0500] {processor.py:183} INFO - Processing /home/abayturar/airflow-project/venv/lib/python3.12/site-packages/airflow/example_dags/example_display_name.py took 0.069 seconds
[2026-03-28T19:26:46.825+0500] {processor.py:161} INFO - Started process (PID=29132) to work on /home/abayturar/airflow-project/venv/lib/python3.12/site-packages/airflow/example_dags/example_display_name.py
[2026-03-28T19:26:46.826+0500] {processor.py:830} INFO - Processing file /home/abayturar/airflow-project/venv/lib/python3.12/site-packages/airflow/example_dags/example_display_name.py for tasks to queue
[2026-03-28T19:26:46.828+0500] {logging_mixin.py:188} INFO - [2026-03-28T19:26:46.827+0500] {dagbag.py:545} INFO - Filling up the DagBag from /home/abayturar/airflow-project/venv/lib/python3.12/site-packages/airflow/example_dags/example_display_name.py
[2026-03-28T19:26:46.834+0500] {processor.py:840} INFO - DAG(s) 'example_display_name' retrieved from /home/abayturar/airflow-project/venv/lib/python3.12/site-packages/airflow/example_dags/example_display_name.py
[2026-03-28T19:26:46.848+0500] {logging_mixin.py:188} INFO - [2026-03-28T19:26:46.848+0500] {dag.py:3089} INFO - Sync 1 DAGs
[2026-03-28T19:26:46.857+0500] {logging_mixin.py:188} INFO - [2026-03-28T19:26:46.856+0500] {dag.py:3947} INFO - Setting next_dagrun for example_display_name to None, run_after=None
[2026-03-28T19:26:46.871+0500] {processor.py:183} INFO - Processing /home/abayturar/airflow-project/venv/lib/python3.12/site-packages/airflow/example_dags/example_display_name.py took 0.052 seconds
[2026-03-28T19:27:59.063+0500] {processor.py:161} INFO - Started process (PID=29322) to work on /home/abayturar/airflow-project/venv/lib/python3.12/site-packages/airflow/example_dags/example_display_name.py
[2026-03-28T19:27:59.064+0500] {processor.py:830} INFO - Processing file /home/abayturar/airflow-project/venv/lib/python3.12/site-packages/airflow/example_dags/example_display_name.py for tasks to queue
[2026-03-28T19:27:59.066+0500] {logging_mixin.py:188} INFO - [2026-03-28T19:27:59.065+0500] {dagbag.py:545} INFO - Filling up the DagBag from /home/abayturar/airflow-project/venv/lib/python3.12/site-packages/airflow/example_dags/example_display_name.py
[2026-03-28T19:27:59.072+0500] {processor.py:840} INFO - DAG(s) 'example_display_name' retrieved from /home/abayturar/airflow-project/venv/lib/python3.12/site-packages/airflow/example_dags/example_display_name.py
[2026-03-28T19:27:59.088+0500] {logging_mixin.py:188} INFO - [2026-03-28T19:27:59.088+0500] {dag.py:3089} INFO - Sync 1 DAGs
[2026-03-28T19:27:59.098+0500] {logging_mixin.py:188} INFO - [2026-03-28T19:27:59.098+0500] {dag.py:3947} INFO - Setting next_dagrun for example_display_name to None, run_after=None
[2026-03-28T19:27:59.129+0500] {processor.py:183} INFO - Processing /home/abayturar/airflow-project/venv/lib/python3.12/site-packages/airflow/example_dags/example_display_name.py took 0.071 seconds
[2026-03-28T19:29:12.585+0500] {processor.py:161} INFO - Started process (PID=29590) to work on /home/abayturar/airflow-project/venv/lib/python3.12/site-packages/airflow/example_dags/example_display_name.py
[2026-03-28T19:29:12.585+0500] {processor.py:830} INFO - Processing file /home/abayturar/airflow-project/venv/lib/python3.12/site-packages/airflow/example_dags/example_display_name.py for tasks to queue
[2026-03-28T19:29:12.587+0500] {logging_mixin.py:188} INFO - [2026-03-28T19:29:12.587+0500] {dagbag.py:545} INFO - Filling up the DagBag from /home/abayturar/airflow-project/venv/lib/python3.12/site-packages/airflow/example_dags/example_display_name.py
[2026-03-28T19:29:12.594+0500] {processor.py:840} INFO - DAG(s) 'example_display_name' retrieved from /home/abayturar/airflow-project/venv/lib/python3.12/site-packages/airflow/example_dags/example_display_name.py
[2026-03-28T19:29:12.610+0500] {logging_mixin.py:188} INFO - [2026-03-28T19:29:12.610+0500] {dag.py:3089} INFO - Sync 1 DAGs
[2026-03-28T19:29:12.620+0500] {logging_mixin.py:188} INFO - [2026-03-28T19:29:12.620+0500] {dag.py:3947} INFO - Setting next_dagrun for example_display_name to None, run_after=None
[2026-03-28T19:29:12.647+0500] {processor.py:183} INFO - Processing /home/abayturar/airflow-project/venv/lib/python3.12/site-packages/airflow/example_dags/example_display_name.py took 0.070 seconds
[2026-03-28T19:30:28.560+0500] {processor.py:161} INFO - Started process (PID=29812) to work on /home/abayturar/airflow-project/venv/lib/python3.12/site-packages/airflow/example_dags/example_display_name.py
[2026-03-28T19:30:28.561+0500] {processor.py:830} INFO - Processing file /home/abayturar/airflow-project/venv/lib/python3.12/site-packages/airflow/example_dags/example_display_name.py for tasks to queue
[2026-03-28T19:30:28.562+0500] {logging_mixin.py:188} INFO - [2026-03-28T19:30:28.562+0500] {dagbag.py:545} INFO - Filling up the DagBag from /home/abayturar/airflow-project/venv/lib/python3.12/site-packages/airflow/example_dags/example_display_name.py
[2026-03-28T19:30:28.569+0500] {processor.py:840} INFO - DAG(s) 'example_display_name' retrieved from /home/abayturar/airflow-project/venv/lib/python3.12/site-packages/airflow/example_dags/example_display_name.py
[2026-03-28T19:30:28.585+0500] {logging_mixin.py:188} INFO - [2026-03-28T19:30:28.585+0500] {dag.py:3089} INFO - Sync 1 DAGs
[2026-03-28T19:30:28.595+0500] {logging_mixin.py:188} INFO - [2026-03-28T19:30:28.595+0500] {dag.py:3947} INFO - Setting next_dagrun for example_display_name to None, run_after=None
[2026-03-28T19:30:28.623+0500] {processor.py:183} INFO - Processing /home/abayturar/airflow-project/venv/lib/python3.12/site-packages/airflow/example_dags/example_display_name.py took 0.070 seconds
[2026-03-28T19:31:19.377+0500] {processor.py:161} INFO - Started process (PID=29958) to work on /home/abayturar/airflow-project/venv/lib/python3.12/site-packages/airflow/example_dags/example_display_name.py
[2026-03-28T19:31:19.378+0500] {processor.py:830} INFO - Processing file /home/abayturar/airflow-project/venv/lib/python3.12/site-packages/airflow/example_dags/example_display_name.py for tasks to queue
[2026-03-28T19:31:19.380+0500] {logging_mixin.py:188} INFO - [2026-03-28T19:31:19.380+0500] {dagbag.py:545} INFO - Filling up the DagBag from /home/abayturar/airflow-project/venv/lib/python3.12/site-packages/airflow/example_dags/example_display_name.py
[2026-03-28T19:31:19.387+0500] {processor.py:840} INFO - DAG(s) 'example_display_name' retrieved from /home/abayturar/airflow-project/venv/lib/python3.12/site-packages/airflow/example_dags/example_display_name.py
[2026-03-28T19:31:19.403+0500] {logging_mixin.py:188} INFO - [2026-03-28T19:31:19.403+0500] {dag.py:3089} INFO - Sync 1 DAGs
[2026-03-28T19:31:19.412+0500] {logging_mixin.py:188} INFO - [2026-03-28T19:31:19.412+0500] {dag.py:3947} INFO - Setting next_dagrun for example_display_name to None, run_after=None
[2026-03-28T19:31:19.431+0500] {processor.py:183} INFO - Processing /home/abayturar/airflow-project/venv/lib/python3.12/site-packages/airflow/example_dags/example_display_name.py took 0.061 seconds
[2026-03-28T19:32:10.299+0500] {processor.py:161} INFO - Started process (PID=30108) to work on /home/abayturar/airflow-project/venv/lib/python3.12/site-packages/airflow/example_dags/example_display_name.py
[2026-03-28T19:32:10.301+0500] {processor.py:830} INFO - Processing file /home/abayturar/airflow-project/venv/lib/python3.12/site-packages/airflow/example_dags/example_display_name.py for tasks to queue
[2026-03-28T19:32:10.303+0500] {logging_mixin.py:188} INFO - [2026-03-28T19:32:10.303+0500] {dagbag.py:545} INFO - Filling up the DagBag from /home/abayturar/airflow-project/venv/lib/python3.12/site-packages/airflow/example_dags/example_display_name.py
[2026-03-28T19:32:10.310+0500] {processor.py:840} INFO - DAG(s) 'example_display_name' retrieved from /home/abayturar/airflow-project/venv/lib/python3.12/site-packages/airflow/example_dags/example_display_name.py
[2026-03-28T19:32:10.325+0500] {logging_mixin.py:188} INFO - [2026-03-28T19:32:10.325+0500] {dag.py:3089} INFO - Sync 1 DAGs
[2026-03-28T19:32:10.334+0500] {logging_mixin.py:188} INFO - [2026-03-28T19:32:10.334+0500] {dag.py:3947} INFO - Setting next_dagrun for example_display_name to None, run_after=None
[2026-03-28T19:32:10.349+0500] {processor.py:183} INFO - Processing /home/abayturar/airflow-project/venv/lib/python3.12/site-packages/airflow/example_dags/example_display_name.py took 0.056 seconds
[2026-03-28T19:33:03.884+0500] {processor.py:161} INFO - Started process (PID=30257) to work on /home/abayturar/airflow-project/venv/lib/python3.12/site-packages/airflow/example_dags/example_display_name.py
[2026-03-28T19:33:03.885+0500] {processor.py:830} INFO - Processing file /home/abayturar/airflow-project/venv/lib/python3.12/site-packages/airflow/example_dags/example_display_name.py for tasks to queue
[2026-03-28T19:33:03.888+0500] {logging_mixin.py:188} INFO - [2026-03-28T19:33:03.887+0500] {dagbag.py:545} INFO - Filling up the DagBag from /home/abayturar/airflow-project/venv/lib/python3.12/site-packages/airflow/example_dags/example_display_name.py
[2026-03-28T19:33:03.895+0500] {processor.py:840} INFO - DAG(s) 'example_display_name' retrieved from /home/abayturar/airflow-project/venv/lib/python3.12/site-packages/airflow/example_dags/example_display_name.py
[2026-03-28T19:33:03.911+0500] {logging_mixin.py:188} INFO - [2026-03-28T19:33:03.911+0500] {dag.py:3089} INFO - Sync 1 DAGs
[2026-03-28T19:33:03.920+0500] {logging_mixin.py:188} INFO - [2026-03-28T19:33:03.920+0500] {dag.py:3947} INFO - Setting next_dagrun for example_display_name to None, run_after=None
[2026-03-28T19:33:03.936+0500] {processor.py:183} INFO - Processing /home/abayturar/airflow-project/venv/lib/python3.12/site-packages/airflow/example_dags/example_display_name.py took 0.058 seconds
[2026-03-28T19:33:55.373+0500] {processor.py:161} INFO - Started process (PID=30409) to work on /home/abayturar/airflow-project/venv/lib/python3.12/site-packages/airflow/example_dags/example_display_name.py
[2026-03-28T19:33:55.374+0500] {processor.py:830} INFO - Processing file /home/abayturar/airflow-project/venv/lib/python3.12/site-packages/airflow/example_dags/example_display_name.py for tasks to queue
[2026-03-28T19:33:55.376+0500] {logging_mixin.py:188} INFO - [2026-03-28T19:33:55.376+0500] {dagbag.py:545} INFO - Filling up the DagBag from /home/abayturar/airflow-project/venv/lib/python3.12/site-packages/airflow/example_dags/example_display_name.py
[2026-03-28T19:33:55.383+0500] {processor.py:840} INFO - DAG(s) 'example_display_name' retrieved from /home/abayturar/airflow-project/venv/lib/python3.12/site-packages/airflow/example_dags/example_display_name.py
[2026-03-28T19:33:55.402+0500] {logging_mixin.py:188} INFO - [2026-03-28T19:33:55.401+0500] {dag.py:3089} INFO - Sync 1 DAGs
[2026-03-28T19:33:55.412+0500] {logging_mixin.py:188} INFO - [2026-03-28T19:33:55.412+0500] {dag.py:3947} INFO - Setting next_dagrun for example_display_name to None, run_after=None
[2026-03-28T19:33:55.428+0500] {processor.py:183} INFO - Processing /home/abayturar/airflow-project/venv/lib/python3.12/site-packages/airflow/example_dags/example_display_name.py took 0.064 seconds
[2026-03-28T19:35:53.334+0500] {processor.py:161} INFO - Started process (PID=30716) to work on /home/abayturar/airflow-project/venv/lib/python3.12/site-packages/airflow/example_dags/example_display_name.py
[2026-03-28T19:35:53.335+0500] {processor.py:830} INFO - Processing file /home/abayturar/airflow-project/venv/lib/python3.12/site-packages/airflow/example_dags/example_display_name.py for tasks to queue
[2026-03-28T19:35:53.336+0500] {logging_mixin.py:188} INFO - [2026-03-28T19:35:53.336+0500] {dagbag.py:545} INFO - Filling up the DagBag from /home/abayturar/airflow-project/venv/lib/python3.12/site-packages/airflow/example_dags/example_display_name.py
[2026-03-28T19:35:53.342+0500] {processor.py:840} INFO - DAG(s) 'example_display_name' retrieved from /home/abayturar/airflow-project/venv/lib/python3.12/site-packages/airflow/example_dags/example_display_name.py
[2026-03-28T19:35:53.358+0500] {logging_mixin.py:188} INFO - [2026-03-28T19:35:53.358+0500] {dag.py:3089} INFO - Sync 1 DAGs
[2026-03-28T19:35:53.368+0500] {logging_mixin.py:188} INFO - [2026-03-28T19:35:53.367+0500] {dag.py:3947} INFO - Setting next_dagrun for example_display_name to None, run_after=None
[2026-03-28T19:35:53.395+0500] {processor.py:183} INFO - Processing /home/abayturar/airflow-project/venv/lib/python3.12/site-packages/airflow/example_dags/example_display_name.py took 0.067 seconds
[2026-03-28T19:36:45.636+0500] {processor.py:161} INFO - Started process (PID=30860) to work on /home/abayturar/airflow-project/venv/lib/python3.12/site-packages/airflow/example_dags/example_display_name.py
[2026-03-28T19:36:45.637+0500] {processor.py:830} INFO - Processing file /home/abayturar/airflow-project/venv/lib/python3.12/site-packages/airflow/example_dags/example_display_name.py for tasks to queue
[2026-03-28T19:36:45.639+0500] {logging_mixin.py:188} INFO - [2026-03-28T19:36:45.638+0500] {dagbag.py:545} INFO - Filling up the DagBag from /home/abayturar/airflow-project/venv/lib/python3.12/site-packages/airflow/example_dags/example_display_name.py
[2026-03-28T19:36:45.645+0500] {processor.py:840} INFO - DAG(s) 'example_display_name' retrieved from /home/abayturar/airflow-project/venv/lib/python3.12/site-packages/airflow/example_dags/example_display_name.py
[2026-03-28T19:36:45.662+0500] {logging_mixin.py:188} INFO - [2026-03-28T19:36:45.662+0500] {dag.py:3089} INFO - Sync 1 DAGs
[2026-03-28T19:36:45.673+0500] {logging_mixin.py:188} INFO - [2026-03-28T19:36:45.672+0500] {dag.py:3947} INFO - Setting next_dagrun for example_display_name to None, run_after=None
[2026-03-28T19:36:45.700+0500] {processor.py:183} INFO - Processing /home/abayturar/airflow-project/venv/lib/python3.12/site-packages/airflow/example_dags/example_display_name.py took 0.071 seconds
[2026-03-28T19:37:38.723+0500] {processor.py:161} INFO - Started process (PID=31003) to work on /home/abayturar/airflow-project/venv/lib/python3.12/site-packages/airflow/example_dags/example_display_name.py
[2026-03-28T19:37:38.725+0500] {processor.py:830} INFO - Processing file /home/abayturar/airflow-project/venv/lib/python3.12/site-packages/airflow/example_dags/example_display_name.py for tasks to queue
[2026-03-28T19:37:38.728+0500] {logging_mixin.py:188} INFO - [2026-03-28T19:37:38.728+0500] {dagbag.py:545} INFO - Filling up the DagBag from /home/abayturar/airflow-project/venv/lib/python3.12/site-packages/airflow/example_dags/example_display_name.py
[2026-03-28T19:37:38.737+0500] {processor.py:840} INFO - DAG(s) 'example_display_name' retrieved from /home/abayturar/airflow-project/venv/lib/python3.12/site-packages/airflow/example_dags/example_display_name.py
[2026-03-28T19:37:38.753+0500] {logging_mixin.py:188} INFO - [2026-03-28T19:37:38.753+0500] {dag.py:3089} INFO - Sync 1 DAGs
[2026-03-28T19:37:38.763+0500] {logging_mixin.py:188} INFO - [2026-03-28T19:37:38.763+0500] {dag.py:3947} INFO - Setting next_dagrun for example_display_name to None, run_after=None
[2026-03-28T19:37:38.792+0500] {processor.py:183} INFO - Processing /home/abayturar/airflow-project/venv/lib/python3.12/site-packages/airflow/example_dags/example_display_name.py took 0.077 seconds
[2026-03-28T19:38:46.082+0500] {processor.py:161} INFO - Started process (PID=31190) to work on /home/abayturar/airflow-project/venv/lib/python3.12/site-packages/airflow/example_dags/example_display_name.py
[2026-03-28T19:38:46.083+0500] {processor.py:830} INFO - Processing file /home/abayturar/airflow-project/venv/lib/python3.12/site-packages/airflow/example_dags/example_display_name.py for tasks to queue
[2026-03-28T19:38:46.085+0500] {logging_mixin.py:188} INFO - [2026-03-28T19:38:46.084+0500] {dagbag.py:545} INFO - Filling up the DagBag from /home/abayturar/airflow-project/venv/lib/python3.12/site-packages/airflow/example_dags/example_display_name.py
[2026-03-28T19:38:46.091+0500] {processor.py:840} INFO - DAG(s) 'example_display_name' retrieved from /home/abayturar/airflow-project/venv/lib/python3.12/site-packages/airflow/example_dags/example_display_name.py
[2026-03-28T19:38:46.107+0500] {logging_mixin.py:188} INFO - [2026-03-28T19:38:46.106+0500] {dag.py:3089} INFO - Sync 1 DAGs
[2026-03-28T19:38:46.116+0500] {logging_mixin.py:188} INFO - [2026-03-28T19:38:46.115+0500] {dag.py:3947} INFO - Setting next_dagrun for example_display_name to None, run_after=None
[2026-03-28T19:38:46.143+0500] {processor.py:183} INFO - Processing /home/abayturar/airflow-project/venv/lib/python3.12/site-packages/airflow/example_dags/example_display_name.py took 0.067 seconds
[2026-03-28T19:39:53.012+0500] {processor.py:161} INFO - Started process (PID=31370) to work on /home/abayturar/airflow-project/venv/lib/python3.12/site-packages/airflow/example_dags/example_display_name.py
[2026-03-28T19:39:53.013+0500] {processor.py:830} INFO - Processing file /home/abayturar/airflow-project/venv/lib/python3.12/site-packages/airflow/example_dags/example_display_name.py for tasks to queue
[2026-03-28T19:39:53.015+0500] {logging_mixin.py:188} INFO - [2026-03-28T19:39:53.014+0500] {dagbag.py:545} INFO - Filling up the DagBag from /home/abayturar/airflow-project/venv/lib/python3.12/site-packages/airflow/example_dags/example_display_name.py
[2026-03-28T19:39:53.021+0500] {processor.py:840} INFO - DAG(s) 'example_display_name' retrieved from /home/abayturar/airflow-project/venv/lib/python3.12/site-packages/airflow/example_dags/example_display_name.py
[2026-03-28T19:39:53.036+0500] {logging_mixin.py:188} INFO - [2026-03-28T19:39:53.036+0500] {dag.py:3089} INFO - Sync 1 DAGs
[2026-03-28T19:39:53.049+0500] {logging_mixin.py:188} INFO - [2026-03-28T19:39:53.049+0500] {dag.py:3947} INFO - Setting next_dagrun for example_display_name to None, run_after=None
[2026-03-28T19:39:53.078+0500] {processor.py:183} INFO - Processing /home/abayturar/airflow-project/venv/lib/python3.12/site-packages/airflow/example_dags/example_display_name.py took 0.073 seconds
[2026-03-28T19:41:02.145+0500] {processor.py:161} INFO - Started process (PID=31558) to work on /home/abayturar/airflow-project/venv/lib/python3.12/site-packages/airflow/example_dags/example_display_name.py
[2026-03-28T19:41:02.146+0500] {processor.py:830} INFO - Processing file /home/abayturar/airflow-project/venv/lib/python3.12/site-packages/airflow/example_dags/example_display_name.py for tasks to queue
[2026-03-28T19:41:02.148+0500] {logging_mixin.py:188} INFO - [2026-03-28T19:41:02.147+0500] {dagbag.py:545} INFO - Filling up the DagBag from /home/abayturar/airflow-project/venv/lib/python3.12/site-packages/airflow/example_dags/example_display_name.py
[2026-03-28T19:41:02.155+0500] {processor.py:840} INFO - DAG(s) 'example_display_name' retrieved from /home/abayturar/airflow-project/venv/lib/python3.12/site-packages/airflow/example_dags/example_display_name.py
[2026-03-28T19:41:02.174+0500] {logging_mixin.py:188} INFO - [2026-03-28T19:41:02.174+0500] {dag.py:3089} INFO - Sync 1 DAGs
[2026-03-28T19:41:02.185+0500] {logging_mixin.py:188} INFO - [2026-03-28T19:41:02.185+0500] {dag.py:3947} INFO - Setting next_dagrun for example_display_name to None, run_after=None
[2026-03-28T19:41:02.202+0500] {processor.py:183} INFO - Processing /home/abayturar/airflow-project/venv/lib/python3.12/site-packages/airflow/example_dags/example_display_name.py took 0.063 seconds
[2026-03-28T19:42:09.600+0500] {processor.py:161} INFO - Started process (PID=31738) to work on /home/abayturar/airflow-project/venv/lib/python3.12/site-packages/airflow/example_dags/example_display_name.py
[2026-03-28T19:42:09.601+0500] {processor.py:830} INFO - Processing file /home/abayturar/airflow-project/venv/lib/python3.12/site-packages/airflow/example_dags/example_display_name.py for tasks to queue
[2026-03-28T19:42:09.605+0500] {logging_mixin.py:188} INFO - [2026-03-28T19:42:09.604+0500] {dagbag.py:545} INFO - Filling up the DagBag from /home/abayturar/airflow-project/venv/lib/python3.12/site-packages/airflow/example_dags/example_display_name.py
[2026-03-28T19:42:09.618+0500] {processor.py:840} INFO - DAG(s) 'example_display_name' retrieved from /home/abayturar/airflow-project/venv/lib/python3.12/site-packages/airflow/example_dags/example_display_name.py
[2026-03-28T19:42:09.642+0500] {logging_mixin.py:188} INFO - [2026-03-28T19:42:09.641+0500] {dag.py:3089} INFO - Sync 1 DAGs
[2026-03-28T19:42:09.653+0500] {logging_mixin.py:188} INFO - [2026-03-28T19:42:09.652+0500] {dag.py:3947} INFO - Setting next_dagrun for example_display_name to None, run_after=None
[2026-03-28T19:42:09.674+0500] {processor.py:183} INFO - Processing /home/abayturar/airflow-project/venv/lib/python3.12/site-packages/airflow/example_dags/example_display_name.py took 0.083 seconds
[2026-03-28T19:43:03.289+0500] {processor.py:161} INFO - Started process (PID=31879) to work on /home/abayturar/airflow-project/venv/lib/python3.12/site-packages/airflow/example_dags/example_display_name.py
[2026-03-28T19:43:03.290+0500] {processor.py:830} INFO - Processing file /home/abayturar/airflow-project/venv/lib/python3.12/site-packages/airflow/example_dags/example_display_name.py for tasks to queue
[2026-03-28T19:43:03.291+0500] {logging_mixin.py:188} INFO - [2026-03-28T19:43:03.291+0500] {dagbag.py:545} INFO - Filling up the DagBag from /home/abayturar/airflow-project/venv/lib/python3.12/site-packages/airflow/example_dags/example_display_name.py
[2026-03-28T19:43:03.298+0500] {processor.py:840} INFO - DAG(s) 'example_display_name' retrieved from /home/abayturar/airflow-project/venv/lib/python3.12/site-packages/airflow/example_dags/example_display_name.py
[2026-03-28T19:43:03.313+0500] {logging_mixin.py:188} INFO - [2026-03-28T19:43:03.313+0500] {dag.py:3089} INFO - Sync 1 DAGs
[2026-03-28T19:43:03.322+0500] {logging_mixin.py:188} INFO - [2026-03-28T19:43:03.322+0500] {dag.py:3947} INFO - Setting next_dagrun for example_display_name to None, run_after=None
[2026-03-28T19:43:03.352+0500] {processor.py:183} INFO - Processing /home/abayturar/airflow-project/venv/lib/python3.12/site-packages/airflow/example_dags/example_display_name.py took 0.069 seconds
[2026-03-28T19:44:14.715+0500] {processor.py:161} INFO - Started process (PID=32074) to work on /home/abayturar/airflow-project/venv/lib/python3.12/site-packages/airflow/example_dags/example_display_name.py
[2026-03-28T19:44:14.716+0500] {processor.py:830} INFO - Processing file /home/abayturar/airflow-project/venv/lib/python3.12/site-packages/airflow/example_dags/example_display_name.py for tasks to queue
[2026-03-28T19:44:14.717+0500] {logging_mixin.py:188} INFO - [2026-03-28T19:44:14.717+0500] {dagbag.py:545} INFO - Filling up the DagBag from /home/abayturar/airflow-project/venv/lib/python3.12/site-packages/airflow/example_dags/example_display_name.py
[2026-03-28T19:44:14.724+0500] {processor.py:840} INFO - DAG(s) 'example_display_name' retrieved from /home/abayturar/airflow-project/venv/lib/python3.12/site-packages/airflow/example_dags/example_display_name.py
[2026-03-28T19:44:14.738+0500] {logging_mixin.py:188} INFO - [2026-03-28T19:44:14.738+0500] {dag.py:3089} INFO - Sync 1 DAGs
[2026-03-28T19:44:14.746+0500] {logging_mixin.py:188} INFO - [2026-03-28T19:44:14.746+0500] {dag.py:3947} INFO - Setting next_dagrun for example_display_name to None, run_after=None
[2026-03-28T19:44:14.772+0500] {processor.py:183} INFO - Processing /home/abayturar/airflow-project/venv/lib/python3.12/site-packages/airflow/example_dags/example_display_name.py took 0.063 seconds
