[2026-03-28T15:21:17.759+0500] {processor.py:161} INFO - Started process (PID=11845) to work on /home/abayturar/airflow-project/venv/lib/python3.12/site-packages/airflow/example_dags/example_short_circuit_operator.py
[2026-03-28T15:21:17.760+0500] {processor.py:830} INFO - Processing file /home/abayturar/airflow-project/venv/lib/python3.12/site-packages/airflow/example_dags/example_short_circuit_operator.py for tasks to queue
[2026-03-28T15:21:17.762+0500] {logging_mixin.py:188} INFO - [2026-03-28T15:21:17.762+0500] {dagbag.py:545} INFO - Filling up the DagBag from /home/abayturar/airflow-project/venv/lib/python3.12/site-packages/airflow/example_dags/example_short_circuit_operator.py
[2026-03-28T15:21:17.769+0500] {processor.py:840} INFO - DAG(s) 'example_short_circuit_operator' retrieved from /home/abayturar/airflow-project/venv/lib/python3.12/site-packages/airflow/example_dags/example_short_circuit_operator.py
[2026-03-28T15:21:17.856+0500] {logging_mixin.py:188} INFO - [2026-03-28T15:21:17.855+0500] {override.py:1858} INFO - Created Permission View: can edit on DAG:example_short_circuit_operator
[2026-03-28T15:21:17.863+0500] {logging_mixin.py:188} INFO - [2026-03-28T15:21:17.863+0500] {override.py:1858} INFO - Created Permission View: can read on DAG:example_short_circuit_operator
[2026-03-28T15:21:17.869+0500] {logging_mixin.py:188} INFO - [2026-03-28T15:21:17.869+0500] {override.py:1858} INFO - Created Permission View: can delete on DAG:example_short_circuit_operator
[2026-03-28T15:21:17.870+0500] {logging_mixin.py:188} INFO - [2026-03-28T15:21:17.869+0500] {dag.py:3089} INFO - Sync 1 DAGs
[2026-03-28T15:21:17.876+0500] {logging_mixin.py:188} INFO - [2026-03-28T15:21:17.876+0500] {dag.py:3111} INFO - Creating ORM DAG for example_short_circuit_operator
[2026-03-28T15:21:17.882+0500] {logging_mixin.py:188} INFO - [2026-03-28T15:21:17.881+0500] {dag.py:3947} INFO - Setting next_dagrun for example_short_circuit_operator to 2026-03-27 00:00:00+00:00, run_after=2026-03-28 00:00:00+00:00
[2026-03-28T15:21:17.895+0500] {processor.py:183} INFO - Processing /home/abayturar/airflow-project/venv/lib/python3.12/site-packages/airflow/example_dags/example_short_circuit_operator.py took 0.142 seconds
[2026-03-28T15:22:11.415+0500] {processor.py:161} INFO - Started process (PID=11991) to work on /home/abayturar/airflow-project/venv/lib/python3.12/site-packages/airflow/example_dags/example_short_circuit_operator.py
[2026-03-28T15:22:11.416+0500] {processor.py:830} INFO - Processing file /home/abayturar/airflow-project/venv/lib/python3.12/site-packages/airflow/example_dags/example_short_circuit_operator.py for tasks to queue
[2026-03-28T15:22:11.418+0500] {logging_mixin.py:188} INFO - [2026-03-28T15:22:11.417+0500] {dagbag.py:545} INFO - Filling up the DagBag from /home/abayturar/airflow-project/venv/lib/python3.12/site-packages/airflow/example_dags/example_short_circuit_operator.py
[2026-03-28T15:22:11.424+0500] {processor.py:840} INFO - DAG(s) 'example_short_circuit_operator' retrieved from /home/abayturar/airflow-project/venv/lib/python3.12/site-packages/airflow/example_dags/example_short_circuit_operator.py
[2026-03-28T15:22:11.440+0500] {logging_mixin.py:188} INFO - [2026-03-28T15:22:11.440+0500] {dag.py:3089} INFO - Sync 1 DAGs
[2026-03-28T15:22:11.453+0500] {logging_mixin.py:188} INFO - [2026-03-28T15:22:11.453+0500] {dag.py:3947} INFO - Setting next_dagrun for example_short_circuit_operator to 2026-03-27 00:00:00+00:00, run_after=2026-03-28 00:00:00+00:00
[2026-03-28T15:22:11.480+0500] {processor.py:183} INFO - Processing /home/abayturar/airflow-project/venv/lib/python3.12/site-packages/airflow/example_dags/example_short_circuit_operator.py took 0.070 seconds
[2026-03-28T15:23:00.014+0500] {processor.py:161} INFO - Started process (PID=12136) to work on /home/abayturar/airflow-project/venv/lib/python3.12/site-packages/airflow/example_dags/example_short_circuit_operator.py
[2026-03-28T15:23:00.016+0500] {processor.py:830} INFO - Processing file /home/abayturar/airflow-project/venv/lib/python3.12/site-packages/airflow/example_dags/example_short_circuit_operator.py for tasks to queue
[2026-03-28T15:23:00.018+0500] {logging_mixin.py:188} INFO - [2026-03-28T15:23:00.017+0500] {dagbag.py:545} INFO - Filling up the DagBag from /home/abayturar/airflow-project/venv/lib/python3.12/site-packages/airflow/example_dags/example_short_circuit_operator.py
[2026-03-28T15:23:00.026+0500] {processor.py:840} INFO - DAG(s) 'example_short_circuit_operator' retrieved from /home/abayturar/airflow-project/venv/lib/python3.12/site-packages/airflow/example_dags/example_short_circuit_operator.py
[2026-03-28T15:23:00.045+0500] {logging_mixin.py:188} INFO - [2026-03-28T15:23:00.045+0500] {dag.py:3089} INFO - Sync 1 DAGs
[2026-03-28T15:23:00.061+0500] {logging_mixin.py:188} INFO - [2026-03-28T15:23:00.061+0500] {dag.py:3947} INFO - Setting next_dagrun for example_short_circuit_operator to 2026-03-27 00:00:00+00:00, run_after=2026-03-28 00:00:00+00:00
[2026-03-28T15:23:00.092+0500] {processor.py:183} INFO - Processing /home/abayturar/airflow-project/venv/lib/python3.12/site-packages/airflow/example_dags/example_short_circuit_operator.py took 0.085 seconds
[2026-03-28T15:23:46.879+0500] {processor.py:161} INFO - Started process (PID=12268) to work on /home/abayturar/airflow-project/venv/lib/python3.12/site-packages/airflow/example_dags/example_short_circuit_operator.py
[2026-03-28T15:23:46.880+0500] {processor.py:830} INFO - Processing file /home/abayturar/airflow-project/venv/lib/python3.12/site-packages/airflow/example_dags/example_short_circuit_operator.py for tasks to queue
[2026-03-28T15:23:46.881+0500] {logging_mixin.py:188} INFO - [2026-03-28T15:23:46.881+0500] {dagbag.py:545} INFO - Filling up the DagBag from /home/abayturar/airflow-project/venv/lib/python3.12/site-packages/airflow/example_dags/example_short_circuit_operator.py
[2026-03-28T15:23:46.888+0500] {processor.py:840} INFO - DAG(s) 'example_short_circuit_operator' retrieved from /home/abayturar/airflow-project/venv/lib/python3.12/site-packages/airflow/example_dags/example_short_circuit_operator.py
[2026-03-28T15:23:46.905+0500] {logging_mixin.py:188} INFO - [2026-03-28T15:23:46.905+0500] {dag.py:3089} INFO - Sync 1 DAGs
[2026-03-28T15:23:46.919+0500] {logging_mixin.py:188} INFO - [2026-03-28T15:23:46.919+0500] {dag.py:3947} INFO - Setting next_dagrun for example_short_circuit_operator to 2026-03-27 00:00:00+00:00, run_after=2026-03-28 00:00:00+00:00
[2026-03-28T15:23:46.945+0500] {processor.py:183} INFO - Processing /home/abayturar/airflow-project/venv/lib/python3.12/site-packages/airflow/example_dags/example_short_circuit_operator.py took 0.072 seconds
[2026-03-28T15:24:35.989+0500] {processor.py:161} INFO - Started process (PID=12409) to work on /home/abayturar/airflow-project/venv/lib/python3.12/site-packages/airflow/example_dags/example_short_circuit_operator.py
[2026-03-28T15:24:35.990+0500] {processor.py:830} INFO - Processing file /home/abayturar/airflow-project/venv/lib/python3.12/site-packages/airflow/example_dags/example_short_circuit_operator.py for tasks to queue
[2026-03-28T15:24:35.992+0500] {logging_mixin.py:188} INFO - [2026-03-28T15:24:35.992+0500] {dagbag.py:545} INFO - Filling up the DagBag from /home/abayturar/airflow-project/venv/lib/python3.12/site-packages/airflow/example_dags/example_short_circuit_operator.py
[2026-03-28T15:24:36.001+0500] {processor.py:840} INFO - DAG(s) 'example_short_circuit_operator' retrieved from /home/abayturar/airflow-project/venv/lib/python3.12/site-packages/airflow/example_dags/example_short_circuit_operator.py
[2026-03-28T15:24:36.020+0500] {logging_mixin.py:188} INFO - [2026-03-28T15:24:36.020+0500] {dag.py:3089} INFO - Sync 1 DAGs
[2026-03-28T15:24:36.036+0500] {logging_mixin.py:188} INFO - [2026-03-28T15:24:36.035+0500] {dag.py:3947} INFO - Setting next_dagrun for example_short_circuit_operator to 2026-03-27 00:00:00+00:00, run_after=2026-03-28 00:00:00+00:00
[2026-03-28T15:24:36.065+0500] {processor.py:183} INFO - Processing /home/abayturar/airflow-project/venv/lib/python3.12/site-packages/airflow/example_dags/example_short_circuit_operator.py took 0.084 seconds
[2026-03-28T15:25:57.111+0500] {processor.py:161} INFO - Started process (PID=12609) to work on /home/abayturar/airflow-project/venv/lib/python3.12/site-packages/airflow/example_dags/example_short_circuit_operator.py
[2026-03-28T15:25:57.112+0500] {processor.py:830} INFO - Processing file /home/abayturar/airflow-project/venv/lib/python3.12/site-packages/airflow/example_dags/example_short_circuit_operator.py for tasks to queue
[2026-03-28T15:25:57.114+0500] {logging_mixin.py:188} INFO - [2026-03-28T15:25:57.113+0500] {dagbag.py:545} INFO - Filling up the DagBag from /home/abayturar/airflow-project/venv/lib/python3.12/site-packages/airflow/example_dags/example_short_circuit_operator.py
[2026-03-28T15:25:57.122+0500] {processor.py:840} INFO - DAG(s) 'example_short_circuit_operator' retrieved from /home/abayturar/airflow-project/venv/lib/python3.12/site-packages/airflow/example_dags/example_short_circuit_operator.py
[2026-03-28T15:25:57.143+0500] {logging_mixin.py:188} INFO - [2026-03-28T15:25:57.143+0500] {dag.py:3089} INFO - Sync 1 DAGs
[2026-03-28T15:25:57.159+0500] {logging_mixin.py:188} INFO - [2026-03-28T15:25:57.159+0500] {dag.py:3947} INFO - Setting next_dagrun for example_short_circuit_operator to 2026-03-27 00:00:00+00:00, run_after=2026-03-28 00:00:00+00:00
[2026-03-28T15:25:57.190+0500] {processor.py:183} INFO - Processing /home/abayturar/airflow-project/venv/lib/python3.12/site-packages/airflow/example_dags/example_short_circuit_operator.py took 0.085 seconds
[2026-03-28T15:27:02.284+0500] {processor.py:161} INFO - Started process (PID=12789) to work on /home/abayturar/airflow-project/venv/lib/python3.12/site-packages/airflow/example_dags/example_short_circuit_operator.py
[2026-03-28T15:27:02.285+0500] {processor.py:830} INFO - Processing file /home/abayturar/airflow-project/venv/lib/python3.12/site-packages/airflow/example_dags/example_short_circuit_operator.py for tasks to queue
[2026-03-28T15:27:02.286+0500] {logging_mixin.py:188} INFO - [2026-03-28T15:27:02.286+0500] {dagbag.py:545} INFO - Filling up the DagBag from /home/abayturar/airflow-project/venv/lib/python3.12/site-packages/airflow/example_dags/example_short_circuit_operator.py
[2026-03-28T15:27:02.292+0500] {processor.py:840} INFO - DAG(s) 'example_short_circuit_operator' retrieved from /home/abayturar/airflow-project/venv/lib/python3.12/site-packages/airflow/example_dags/example_short_circuit_operator.py
[2026-03-28T15:27:02.301+0500] {logging_mixin.py:188} INFO - [2026-03-28T15:27:02.301+0500] {dag.py:3089} INFO - Sync 1 DAGs
[2026-03-28T15:27:02.315+0500] {logging_mixin.py:188} INFO - [2026-03-28T15:27:02.315+0500] {dag.py:3947} INFO - Setting next_dagrun for example_short_circuit_operator to 2026-03-27 00:00:00+00:00, run_after=2026-03-28 00:00:00+00:00
[2026-03-28T15:27:02.330+0500] {processor.py:183} INFO - Processing /home/abayturar/airflow-project/venv/lib/python3.12/site-packages/airflow/example_dags/example_short_circuit_operator.py took 0.052 seconds
[2026-03-28T18:17:37.835+0500] {processor.py:161} INFO - Started process (PID=17916) to work on /home/abayturar/airflow-project/venv/lib/python3.12/site-packages/airflow/example_dags/example_short_circuit_operator.py
[2026-03-28T18:17:37.836+0500] {processor.py:830} INFO - Processing file /home/abayturar/airflow-project/venv/lib/python3.12/site-packages/airflow/example_dags/example_short_circuit_operator.py for tasks to queue
[2026-03-28T18:17:37.838+0500] {logging_mixin.py:188} INFO - [2026-03-28T18:17:37.838+0500] {dagbag.py:545} INFO - Filling up the DagBag from /home/abayturar/airflow-project/venv/lib/python3.12/site-packages/airflow/example_dags/example_short_circuit_operator.py
[2026-03-28T18:17:37.848+0500] {processor.py:840} INFO - DAG(s) 'example_short_circuit_operator' retrieved from /home/abayturar/airflow-project/venv/lib/python3.12/site-packages/airflow/example_dags/example_short_circuit_operator.py
[2026-03-28T18:17:37.971+0500] {logging_mixin.py:188} INFO - [2026-03-28T18:17:37.970+0500] {override.py:1858} INFO - Created Permission View: can edit on DAG:example_short_circuit_operator
[2026-03-28T18:17:37.980+0500] {logging_mixin.py:188} INFO - [2026-03-28T18:17:37.979+0500] {override.py:1858} INFO - Created Permission View: can delete on DAG:example_short_circuit_operator
[2026-03-28T18:17:37.987+0500] {logging_mixin.py:188} INFO - [2026-03-28T18:17:37.986+0500] {override.py:1858} INFO - Created Permission View: can read on DAG:example_short_circuit_operator
[2026-03-28T18:17:37.987+0500] {logging_mixin.py:188} INFO - [2026-03-28T18:17:37.987+0500] {dag.py:3089} INFO - Sync 1 DAGs
[2026-03-28T18:17:37.996+0500] {logging_mixin.py:188} INFO - [2026-03-28T18:17:37.995+0500] {dag.py:3111} INFO - Creating ORM DAG for example_short_circuit_operator
[2026-03-28T18:17:38.003+0500] {logging_mixin.py:188} INFO - [2026-03-28T18:17:38.003+0500] {dag.py:3947} INFO - Setting next_dagrun for example_short_circuit_operator to 2026-03-27 00:00:00+00:00, run_after=2026-03-28 00:00:00+00:00
[2026-03-28T18:17:38.019+0500] {processor.py:183} INFO - Processing /home/abayturar/airflow-project/venv/lib/python3.12/site-packages/airflow/example_dags/example_short_circuit_operator.py took 0.192 seconds
[2026-03-28T18:18:32.044+0500] {processor.py:161} INFO - Started process (PID=18060) to work on /home/abayturar/airflow-project/venv/lib/python3.12/site-packages/airflow/example_dags/example_short_circuit_operator.py
[2026-03-28T18:18:32.045+0500] {processor.py:830} INFO - Processing file /home/abayturar/airflow-project/venv/lib/python3.12/site-packages/airflow/example_dags/example_short_circuit_operator.py for tasks to queue
[2026-03-28T18:18:32.047+0500] {logging_mixin.py:188} INFO - [2026-03-28T18:18:32.046+0500] {dagbag.py:545} INFO - Filling up the DagBag from /home/abayturar/airflow-project/venv/lib/python3.12/site-packages/airflow/example_dags/example_short_circuit_operator.py
[2026-03-28T18:18:32.055+0500] {processor.py:840} INFO - DAG(s) 'example_short_circuit_operator' retrieved from /home/abayturar/airflow-project/venv/lib/python3.12/site-packages/airflow/example_dags/example_short_circuit_operator.py
[2026-03-28T18:18:32.075+0500] {logging_mixin.py:188} INFO - [2026-03-28T18:18:32.075+0500] {dag.py:3089} INFO - Sync 1 DAGs
[2026-03-28T18:18:32.092+0500] {logging_mixin.py:188} INFO - [2026-03-28T18:18:32.091+0500] {dag.py:3947} INFO - Setting next_dagrun for example_short_circuit_operator to 2026-03-27 00:00:00+00:00, run_after=2026-03-28 00:00:00+00:00
[2026-03-28T18:18:32.120+0500] {processor.py:183} INFO - Processing /home/abayturar/airflow-project/venv/lib/python3.12/site-packages/airflow/example_dags/example_short_circuit_operator.py took 0.083 seconds
[2026-03-28T18:22:24.399+0500] {processor.py:161} INFO - Started process (PID=18596) to work on /home/abayturar/airflow-project/venv/lib/python3.12/site-packages/airflow/example_dags/example_short_circuit_operator.py
[2026-03-28T18:22:24.400+0500] {processor.py:830} INFO - Processing file /home/abayturar/airflow-project/venv/lib/python3.12/site-packages/airflow/example_dags/example_short_circuit_operator.py for tasks to queue
[2026-03-28T18:22:24.402+0500] {logging_mixin.py:188} INFO - [2026-03-28T18:22:24.401+0500] {dagbag.py:545} INFO - Filling up the DagBag from /home/abayturar/airflow-project/venv/lib/python3.12/site-packages/airflow/example_dags/example_short_circuit_operator.py
[2026-03-28T18:22:24.409+0500] {processor.py:840} INFO - DAG(s) 'example_short_circuit_operator' retrieved from /home/abayturar/airflow-project/venv/lib/python3.12/site-packages/airflow/example_dags/example_short_circuit_operator.py
[2026-03-28T18:22:24.428+0500] {logging_mixin.py:188} INFO - [2026-03-28T18:22:24.428+0500] {dag.py:3089} INFO - Sync 1 DAGs
[2026-03-28T18:22:24.443+0500] {logging_mixin.py:188} INFO - [2026-03-28T18:22:24.443+0500] {dag.py:3947} INFO - Setting next_dagrun for example_short_circuit_operator to 2026-03-27 00:00:00+00:00, run_after=2026-03-28 00:00:00+00:00
[2026-03-28T18:22:24.461+0500] {processor.py:183} INFO - Processing /home/abayturar/airflow-project/venv/lib/python3.12/site-packages/airflow/example_dags/example_short_circuit_operator.py took 0.068 seconds
[2026-03-28T18:23:17.320+0500] {processor.py:161} INFO - Started process (PID=18747) to work on /home/abayturar/airflow-project/venv/lib/python3.12/site-packages/airflow/example_dags/example_short_circuit_operator.py
[2026-03-28T18:23:17.321+0500] {processor.py:830} INFO - Processing file /home/abayturar/airflow-project/venv/lib/python3.12/site-packages/airflow/example_dags/example_short_circuit_operator.py for tasks to queue
[2026-03-28T18:23:17.323+0500] {logging_mixin.py:188} INFO - [2026-03-28T18:23:17.322+0500] {dagbag.py:545} INFO - Filling up the DagBag from /home/abayturar/airflow-project/venv/lib/python3.12/site-packages/airflow/example_dags/example_short_circuit_operator.py
[2026-03-28T18:23:17.330+0500] {processor.py:840} INFO - DAG(s) 'example_short_circuit_operator' retrieved from /home/abayturar/airflow-project/venv/lib/python3.12/site-packages/airflow/example_dags/example_short_circuit_operator.py
[2026-03-28T18:23:17.347+0500] {logging_mixin.py:188} INFO - [2026-03-28T18:23:17.347+0500] {dag.py:3089} INFO - Sync 1 DAGs
[2026-03-28T18:23:17.362+0500] {logging_mixin.py:188} INFO - [2026-03-28T18:23:17.362+0500] {dag.py:3947} INFO - Setting next_dagrun for example_short_circuit_operator to 2026-03-27 00:00:00+00:00, run_after=2026-03-28 00:00:00+00:00
[2026-03-28T18:23:17.379+0500] {processor.py:183} INFO - Processing /home/abayturar/airflow-project/venv/lib/python3.12/site-packages/airflow/example_dags/example_short_circuit_operator.py took 0.065 seconds
[2026-03-28T18:24:10.536+0500] {processor.py:161} INFO - Started process (PID=18885) to work on /home/abayturar/airflow-project/venv/lib/python3.12/site-packages/airflow/example_dags/example_short_circuit_operator.py
[2026-03-28T18:24:10.537+0500] {processor.py:830} INFO - Processing file /home/abayturar/airflow-project/venv/lib/python3.12/site-packages/airflow/example_dags/example_short_circuit_operator.py for tasks to queue
[2026-03-28T18:24:10.538+0500] {logging_mixin.py:188} INFO - [2026-03-28T18:24:10.538+0500] {dagbag.py:545} INFO - Filling up the DagBag from /home/abayturar/airflow-project/venv/lib/python3.12/site-packages/airflow/example_dags/example_short_circuit_operator.py
[2026-03-28T18:24:10.546+0500] {processor.py:840} INFO - DAG(s) 'example_short_circuit_operator' retrieved from /home/abayturar/airflow-project/venv/lib/python3.12/site-packages/airflow/example_dags/example_short_circuit_operator.py
[2026-03-28T18:24:10.563+0500] {logging_mixin.py:188} INFO - [2026-03-28T18:24:10.563+0500] {dag.py:3089} INFO - Sync 1 DAGs
[2026-03-28T18:24:10.579+0500] {logging_mixin.py:188} INFO - [2026-03-28T18:24:10.578+0500] {dag.py:3947} INFO - Setting next_dagrun for example_short_circuit_operator to 2026-03-27 00:00:00+00:00, run_after=2026-03-28 00:00:00+00:00
[2026-03-28T18:24:10.594+0500] {processor.py:183} INFO - Processing /home/abayturar/airflow-project/venv/lib/python3.12/site-packages/airflow/example_dags/example_short_circuit_operator.py took 0.064 seconds
[2026-03-28T18:24:57.479+0500] {processor.py:161} INFO - Started process (PID=19012) to work on /home/abayturar/airflow-project/venv/lib/python3.12/site-packages/airflow/example_dags/example_short_circuit_operator.py
[2026-03-28T18:24:57.480+0500] {processor.py:830} INFO - Processing file /home/abayturar/airflow-project/venv/lib/python3.12/site-packages/airflow/example_dags/example_short_circuit_operator.py for tasks to queue
[2026-03-28T18:24:57.482+0500] {logging_mixin.py:188} INFO - [2026-03-28T18:24:57.482+0500] {dagbag.py:545} INFO - Filling up the DagBag from /home/abayturar/airflow-project/venv/lib/python3.12/site-packages/airflow/example_dags/example_short_circuit_operator.py
[2026-03-28T18:24:57.491+0500] {processor.py:840} INFO - DAG(s) 'example_short_circuit_operator' retrieved from /home/abayturar/airflow-project/venv/lib/python3.12/site-packages/airflow/example_dags/example_short_circuit_operator.py
[2026-03-28T18:24:57.510+0500] {logging_mixin.py:188} INFO - [2026-03-28T18:24:57.510+0500] {dag.py:3089} INFO - Sync 1 DAGs
[2026-03-28T18:24:57.527+0500] {logging_mixin.py:188} INFO - [2026-03-28T18:24:57.527+0500] {dag.py:3947} INFO - Setting next_dagrun for example_short_circuit_operator to 2026-03-27 00:00:00+00:00, run_after=2026-03-28 00:00:00+00:00
[2026-03-28T18:24:57.545+0500] {processor.py:183} INFO - Processing /home/abayturar/airflow-project/venv/lib/python3.12/site-packages/airflow/example_dags/example_short_circuit_operator.py took 0.074 seconds
[2026-03-28T18:25:44.196+0500] {processor.py:161} INFO - Started process (PID=19138) to work on /home/abayturar/airflow-project/venv/lib/python3.12/site-packages/airflow/example_dags/example_short_circuit_operator.py
[2026-03-28T18:25:44.197+0500] {processor.py:830} INFO - Processing file /home/abayturar/airflow-project/venv/lib/python3.12/site-packages/airflow/example_dags/example_short_circuit_operator.py for tasks to queue
[2026-03-28T18:25:44.198+0500] {logging_mixin.py:188} INFO - [2026-03-28T18:25:44.198+0500] {dagbag.py:545} INFO - Filling up the DagBag from /home/abayturar/airflow-project/venv/lib/python3.12/site-packages/airflow/example_dags/example_short_circuit_operator.py
[2026-03-28T18:25:44.206+0500] {processor.py:840} INFO - DAG(s) 'example_short_circuit_operator' retrieved from /home/abayturar/airflow-project/venv/lib/python3.12/site-packages/airflow/example_dags/example_short_circuit_operator.py
[2026-03-28T18:25:44.223+0500] {logging_mixin.py:188} INFO - [2026-03-28T18:25:44.223+0500] {dag.py:3089} INFO - Sync 1 DAGs
[2026-03-28T18:25:44.239+0500] {logging_mixin.py:188} INFO - [2026-03-28T18:25:44.238+0500] {dag.py:3947} INFO - Setting next_dagrun for example_short_circuit_operator to 2026-03-27 00:00:00+00:00, run_after=2026-03-28 00:00:00+00:00
[2026-03-28T18:25:44.268+0500] {processor.py:183} INFO - Processing /home/abayturar/airflow-project/venv/lib/python3.12/site-packages/airflow/example_dags/example_short_circuit_operator.py took 0.078 seconds
[2026-03-28T18:26:32.009+0500] {processor.py:161} INFO - Started process (PID=19265) to work on /home/abayturar/airflow-project/venv/lib/python3.12/site-packages/airflow/example_dags/example_short_circuit_operator.py
[2026-03-28T18:26:32.010+0500] {processor.py:830} INFO - Processing file /home/abayturar/airflow-project/venv/lib/python3.12/site-packages/airflow/example_dags/example_short_circuit_operator.py for tasks to queue
[2026-03-28T18:26:32.012+0500] {logging_mixin.py:188} INFO - [2026-03-28T18:26:32.011+0500] {dagbag.py:545} INFO - Filling up the DagBag from /home/abayturar/airflow-project/venv/lib/python3.12/site-packages/airflow/example_dags/example_short_circuit_operator.py
[2026-03-28T18:26:32.019+0500] {processor.py:840} INFO - DAG(s) 'example_short_circuit_operator' retrieved from /home/abayturar/airflow-project/venv/lib/python3.12/site-packages/airflow/example_dags/example_short_circuit_operator.py
[2026-03-28T18:26:32.036+0500] {logging_mixin.py:188} INFO - [2026-03-28T18:26:32.036+0500] {dag.py:3089} INFO - Sync 1 DAGs
[2026-03-28T18:26:32.052+0500] {logging_mixin.py:188} INFO - [2026-03-28T18:26:32.051+0500] {dag.py:3947} INFO - Setting next_dagrun for example_short_circuit_operator to 2026-03-27 00:00:00+00:00, run_after=2026-03-28 00:00:00+00:00
[2026-03-28T18:26:32.077+0500] {processor.py:183} INFO - Processing /home/abayturar/airflow-project/venv/lib/python3.12/site-packages/airflow/example_dags/example_short_circuit_operator.py took 0.073 seconds
[2026-03-28T18:27:21.615+0500] {processor.py:161} INFO - Started process (PID=19396) to work on /home/abayturar/airflow-project/venv/lib/python3.12/site-packages/airflow/example_dags/example_short_circuit_operator.py
[2026-03-28T18:27:21.616+0500] {processor.py:830} INFO - Processing file /home/abayturar/airflow-project/venv/lib/python3.12/site-packages/airflow/example_dags/example_short_circuit_operator.py for tasks to queue
[2026-03-28T18:27:21.617+0500] {logging_mixin.py:188} INFO - [2026-03-28T18:27:21.617+0500] {dagbag.py:545} INFO - Filling up the DagBag from /home/abayturar/airflow-project/venv/lib/python3.12/site-packages/airflow/example_dags/example_short_circuit_operator.py
[2026-03-28T18:27:21.624+0500] {processor.py:840} INFO - DAG(s) 'example_short_circuit_operator' retrieved from /home/abayturar/airflow-project/venv/lib/python3.12/site-packages/airflow/example_dags/example_short_circuit_operator.py
[2026-03-28T18:27:21.639+0500] {logging_mixin.py:188} INFO - [2026-03-28T18:27:21.639+0500] {dag.py:3089} INFO - Sync 1 DAGs
[2026-03-28T18:27:21.652+0500] {logging_mixin.py:188} INFO - [2026-03-28T18:27:21.652+0500] {dag.py:3947} INFO - Setting next_dagrun for example_short_circuit_operator to 2026-03-27 00:00:00+00:00, run_after=2026-03-28 00:00:00+00:00
[2026-03-28T18:27:21.679+0500] {processor.py:183} INFO - Processing /home/abayturar/airflow-project/venv/lib/python3.12/site-packages/airflow/example_dags/example_short_circuit_operator.py took 0.070 seconds
[2026-03-28T18:28:15.713+0500] {processor.py:161} INFO - Started process (PID=19555) to work on /home/abayturar/airflow-project/venv/lib/python3.12/site-packages/airflow/example_dags/example_short_circuit_operator.py
[2026-03-28T18:28:15.714+0500] {processor.py:830} INFO - Processing file /home/abayturar/airflow-project/venv/lib/python3.12/site-packages/airflow/example_dags/example_short_circuit_operator.py for tasks to queue
[2026-03-28T18:28:15.717+0500] {logging_mixin.py:188} INFO - [2026-03-28T18:28:15.716+0500] {dagbag.py:545} INFO - Filling up the DagBag from /home/abayturar/airflow-project/venv/lib/python3.12/site-packages/airflow/example_dags/example_short_circuit_operator.py
[2026-03-28T18:28:15.725+0500] {processor.py:840} INFO - DAG(s) 'example_short_circuit_operator' retrieved from /home/abayturar/airflow-project/venv/lib/python3.12/site-packages/airflow/example_dags/example_short_circuit_operator.py
[2026-03-28T18:28:15.744+0500] {logging_mixin.py:188} INFO - [2026-03-28T18:28:15.744+0500] {dag.py:3089} INFO - Sync 1 DAGs
[2026-03-28T18:28:15.762+0500] {logging_mixin.py:188} INFO - [2026-03-28T18:28:15.761+0500] {dag.py:3947} INFO - Setting next_dagrun for example_short_circuit_operator to 2026-03-27 00:00:00+00:00, run_after=2026-03-28 00:00:00+00:00
[2026-03-28T18:28:15.779+0500] {processor.py:183} INFO - Processing /home/abayturar/airflow-project/venv/lib/python3.12/site-packages/airflow/example_dags/example_short_circuit_operator.py took 0.073 seconds
[2026-03-28T18:29:08.171+0500] {processor.py:161} INFO - Started process (PID=19690) to work on /home/abayturar/airflow-project/venv/lib/python3.12/site-packages/airflow/example_dags/example_short_circuit_operator.py
[2026-03-28T18:29:08.172+0500] {processor.py:830} INFO - Processing file /home/abayturar/airflow-project/venv/lib/python3.12/site-packages/airflow/example_dags/example_short_circuit_operator.py for tasks to queue
[2026-03-28T18:29:08.174+0500] {logging_mixin.py:188} INFO - [2026-03-28T18:29:08.174+0500] {dagbag.py:545} INFO - Filling up the DagBag from /home/abayturar/airflow-project/venv/lib/python3.12/site-packages/airflow/example_dags/example_short_circuit_operator.py
[2026-03-28T18:29:08.182+0500] {processor.py:840} INFO - DAG(s) 'example_short_circuit_operator' retrieved from /home/abayturar/airflow-project/venv/lib/python3.12/site-packages/airflow/example_dags/example_short_circuit_operator.py
[2026-03-28T18:29:08.199+0500] {logging_mixin.py:188} INFO - [2026-03-28T18:29:08.199+0500] {dag.py:3089} INFO - Sync 1 DAGs
[2026-03-28T18:29:08.213+0500] {logging_mixin.py:188} INFO - [2026-03-28T18:29:08.213+0500] {dag.py:3947} INFO - Setting next_dagrun for example_short_circuit_operator to 2026-03-27 00:00:00+00:00, run_after=2026-03-28 00:00:00+00:00
[2026-03-28T18:29:08.229+0500] {processor.py:183} INFO - Processing /home/abayturar/airflow-project/venv/lib/python3.12/site-packages/airflow/example_dags/example_short_circuit_operator.py took 0.064 seconds
[2026-03-28T18:29:58.044+0500] {processor.py:161} INFO - Started process (PID=19823) to work on /home/abayturar/airflow-project/venv/lib/python3.12/site-packages/airflow/example_dags/example_short_circuit_operator.py
[2026-03-28T18:29:58.045+0500] {processor.py:830} INFO - Processing file /home/abayturar/airflow-project/venv/lib/python3.12/site-packages/airflow/example_dags/example_short_circuit_operator.py for tasks to queue
[2026-03-28T18:29:58.047+0500] {logging_mixin.py:188} INFO - [2026-03-28T18:29:58.047+0500] {dagbag.py:545} INFO - Filling up the DagBag from /home/abayturar/airflow-project/venv/lib/python3.12/site-packages/airflow/example_dags/example_short_circuit_operator.py
[2026-03-28T18:29:58.054+0500] {processor.py:840} INFO - DAG(s) 'example_short_circuit_operator' retrieved from /home/abayturar/airflow-project/venv/lib/python3.12/site-packages/airflow/example_dags/example_short_circuit_operator.py
[2026-03-28T18:29:58.072+0500] {logging_mixin.py:188} INFO - [2026-03-28T18:29:58.071+0500] {dag.py:3089} INFO - Sync 1 DAGs
[2026-03-28T18:29:58.085+0500] {logging_mixin.py:188} INFO - [2026-03-28T18:29:58.085+0500] {dag.py:3947} INFO - Setting next_dagrun for example_short_circuit_operator to 2026-03-27 00:00:00+00:00, run_after=2026-03-28 00:00:00+00:00
[2026-03-28T18:29:58.101+0500] {processor.py:183} INFO - Processing /home/abayturar/airflow-project/venv/lib/python3.12/site-packages/airflow/example_dags/example_short_circuit_operator.py took 0.063 seconds
[2026-03-28T18:30:45.622+0500] {processor.py:161} INFO - Started process (PID=19948) to work on /home/abayturar/airflow-project/venv/lib/python3.12/site-packages/airflow/example_dags/example_short_circuit_operator.py
[2026-03-28T18:30:45.623+0500] {processor.py:830} INFO - Processing file /home/abayturar/airflow-project/venv/lib/python3.12/site-packages/airflow/example_dags/example_short_circuit_operator.py for tasks to queue
[2026-03-28T18:30:45.625+0500] {logging_mixin.py:188} INFO - [2026-03-28T18:30:45.625+0500] {dagbag.py:545} INFO - Filling up the DagBag from /home/abayturar/airflow-project/venv/lib/python3.12/site-packages/airflow/example_dags/example_short_circuit_operator.py
[2026-03-28T18:30:45.633+0500] {processor.py:840} INFO - DAG(s) 'example_short_circuit_operator' retrieved from /home/abayturar/airflow-project/venv/lib/python3.12/site-packages/airflow/example_dags/example_short_circuit_operator.py
[2026-03-28T18:30:45.649+0500] {logging_mixin.py:188} INFO - [2026-03-28T18:30:45.649+0500] {dag.py:3089} INFO - Sync 1 DAGs
[2026-03-28T18:30:45.663+0500] {logging_mixin.py:188} INFO - [2026-03-28T18:30:45.663+0500] {dag.py:3947} INFO - Setting next_dagrun for example_short_circuit_operator to 2026-03-27 00:00:00+00:00, run_after=2026-03-28 00:00:00+00:00
[2026-03-28T18:30:45.678+0500] {processor.py:183} INFO - Processing /home/abayturar/airflow-project/venv/lib/python3.12/site-packages/airflow/example_dags/example_short_circuit_operator.py took 0.062 seconds
[2026-03-28T18:31:30.650+0500] {processor.py:161} INFO - Started process (PID=20079) to work on /home/abayturar/airflow-project/venv/lib/python3.12/site-packages/airflow/example_dags/example_short_circuit_operator.py
[2026-03-28T18:31:30.651+0500] {processor.py:830} INFO - Processing file /home/abayturar/airflow-project/venv/lib/python3.12/site-packages/airflow/example_dags/example_short_circuit_operator.py for tasks to queue
[2026-03-28T18:31:30.653+0500] {logging_mixin.py:188} INFO - [2026-03-28T18:31:30.652+0500] {dagbag.py:545} INFO - Filling up the DagBag from /home/abayturar/airflow-project/venv/lib/python3.12/site-packages/airflow/example_dags/example_short_circuit_operator.py
[2026-03-28T18:31:30.659+0500] {processor.py:840} INFO - DAG(s) 'example_short_circuit_operator' retrieved from /home/abayturar/airflow-project/venv/lib/python3.12/site-packages/airflow/example_dags/example_short_circuit_operator.py
[2026-03-28T18:31:30.675+0500] {logging_mixin.py:188} INFO - [2026-03-28T18:31:30.675+0500] {dag.py:3089} INFO - Sync 1 DAGs
[2026-03-28T18:31:30.689+0500] {logging_mixin.py:188} INFO - [2026-03-28T18:31:30.689+0500] {dag.py:3947} INFO - Setting next_dagrun for example_short_circuit_operator to 2026-03-27 00:00:00+00:00, run_after=2026-03-28 00:00:00+00:00
[2026-03-28T18:31:30.704+0500] {processor.py:183} INFO - Processing /home/abayturar/airflow-project/venv/lib/python3.12/site-packages/airflow/example_dags/example_short_circuit_operator.py took 0.059 seconds
[2026-03-28T18:32:14.657+0500] {processor.py:161} INFO - Started process (PID=20201) to work on /home/abayturar/airflow-project/venv/lib/python3.12/site-packages/airflow/example_dags/example_short_circuit_operator.py
[2026-03-28T18:32:14.658+0500] {processor.py:830} INFO - Processing file /home/abayturar/airflow-project/venv/lib/python3.12/site-packages/airflow/example_dags/example_short_circuit_operator.py for tasks to queue
[2026-03-28T18:32:14.660+0500] {logging_mixin.py:188} INFO - [2026-03-28T18:32:14.660+0500] {dagbag.py:545} INFO - Filling up the DagBag from /home/abayturar/airflow-project/venv/lib/python3.12/site-packages/airflow/example_dags/example_short_circuit_operator.py
[2026-03-28T18:32:14.669+0500] {processor.py:840} INFO - DAG(s) 'example_short_circuit_operator' retrieved from /home/abayturar/airflow-project/venv/lib/python3.12/site-packages/airflow/example_dags/example_short_circuit_operator.py
[2026-03-28T18:32:14.689+0500] {logging_mixin.py:188} INFO - [2026-03-28T18:32:14.688+0500] {dag.py:3089} INFO - Sync 1 DAGs
[2026-03-28T18:32:14.704+0500] {logging_mixin.py:188} INFO - [2026-03-28T18:32:14.704+0500] {dag.py:3947} INFO - Setting next_dagrun for example_short_circuit_operator to 2026-03-27 00:00:00+00:00, run_after=2026-03-28 00:00:00+00:00
[2026-03-28T18:32:14.734+0500] {processor.py:183} INFO - Processing /home/abayturar/airflow-project/venv/lib/python3.12/site-packages/airflow/example_dags/example_short_circuit_operator.py took 0.084 seconds
[2026-03-28T18:33:03.547+0500] {processor.py:161} INFO - Started process (PID=20327) to work on /home/abayturar/airflow-project/venv/lib/python3.12/site-packages/airflow/example_dags/example_short_circuit_operator.py
[2026-03-28T18:33:03.547+0500] {processor.py:830} INFO - Processing file /home/abayturar/airflow-project/venv/lib/python3.12/site-packages/airflow/example_dags/example_short_circuit_operator.py for tasks to queue
[2026-03-28T18:33:03.549+0500] {logging_mixin.py:188} INFO - [2026-03-28T18:33:03.549+0500] {dagbag.py:545} INFO - Filling up the DagBag from /home/abayturar/airflow-project/venv/lib/python3.12/site-packages/airflow/example_dags/example_short_circuit_operator.py
[2026-03-28T18:33:03.557+0500] {processor.py:840} INFO - DAG(s) 'example_short_circuit_operator' retrieved from /home/abayturar/airflow-project/venv/lib/python3.12/site-packages/airflow/example_dags/example_short_circuit_operator.py
[2026-03-28T18:33:03.574+0500] {logging_mixin.py:188} INFO - [2026-03-28T18:33:03.574+0500] {dag.py:3089} INFO - Sync 1 DAGs
[2026-03-28T18:33:03.594+0500] {logging_mixin.py:188} INFO - [2026-03-28T18:33:03.594+0500] {dag.py:3947} INFO - Setting next_dagrun for example_short_circuit_operator to 2026-03-27 00:00:00+00:00, run_after=2026-03-28 00:00:00+00:00
[2026-03-28T18:33:03.626+0500] {processor.py:183} INFO - Processing /home/abayturar/airflow-project/venv/lib/python3.12/site-packages/airflow/example_dags/example_short_circuit_operator.py took 0.086 seconds
[2026-03-28T18:33:56.693+0500] {processor.py:161} INFO - Started process (PID=20467) to work on /home/abayturar/airflow-project/venv/lib/python3.12/site-packages/airflow/example_dags/example_short_circuit_operator.py
[2026-03-28T18:33:56.693+0500] {processor.py:830} INFO - Processing file /home/abayturar/airflow-project/venv/lib/python3.12/site-packages/airflow/example_dags/example_short_circuit_operator.py for tasks to queue
[2026-03-28T18:33:56.695+0500] {logging_mixin.py:188} INFO - [2026-03-28T18:33:56.695+0500] {dagbag.py:545} INFO - Filling up the DagBag from /home/abayturar/airflow-project/venv/lib/python3.12/site-packages/airflow/example_dags/example_short_circuit_operator.py
[2026-03-28T18:33:56.702+0500] {processor.py:840} INFO - DAG(s) 'example_short_circuit_operator' retrieved from /home/abayturar/airflow-project/venv/lib/python3.12/site-packages/airflow/example_dags/example_short_circuit_operator.py
[2026-03-28T18:33:56.718+0500] {logging_mixin.py:188} INFO - [2026-03-28T18:33:56.718+0500] {dag.py:3089} INFO - Sync 1 DAGs
[2026-03-28T18:33:56.732+0500] {logging_mixin.py:188} INFO - [2026-03-28T18:33:56.732+0500] {dag.py:3947} INFO - Setting next_dagrun for example_short_circuit_operator to 2026-03-27 00:00:00+00:00, run_after=2026-03-28 00:00:00+00:00
[2026-03-28T18:33:56.760+0500] {processor.py:183} INFO - Processing /home/abayturar/airflow-project/venv/lib/python3.12/site-packages/airflow/example_dags/example_short_circuit_operator.py took 0.073 seconds
[2026-03-28T18:34:48.347+0500] {processor.py:161} INFO - Started process (PID=20619) to work on /home/abayturar/airflow-project/venv/lib/python3.12/site-packages/airflow/example_dags/example_short_circuit_operator.py
[2026-03-28T18:34:48.348+0500] {processor.py:830} INFO - Processing file /home/abayturar/airflow-project/venv/lib/python3.12/site-packages/airflow/example_dags/example_short_circuit_operator.py for tasks to queue
[2026-03-28T18:34:48.349+0500] {logging_mixin.py:188} INFO - [2026-03-28T18:34:48.349+0500] {dagbag.py:545} INFO - Filling up the DagBag from /home/abayturar/airflow-project/venv/lib/python3.12/site-packages/airflow/example_dags/example_short_circuit_operator.py
[2026-03-28T18:34:48.356+0500] {processor.py:840} INFO - DAG(s) 'example_short_circuit_operator' retrieved from /home/abayturar/airflow-project/venv/lib/python3.12/site-packages/airflow/example_dags/example_short_circuit_operator.py
[2026-03-28T18:34:48.372+0500] {logging_mixin.py:188} INFO - [2026-03-28T18:34:48.372+0500] {dag.py:3089} INFO - Sync 1 DAGs
[2026-03-28T18:34:48.385+0500] {logging_mixin.py:188} INFO - [2026-03-28T18:34:48.385+0500] {dag.py:3947} INFO - Setting next_dagrun for example_short_circuit_operator to 2026-03-27 00:00:00+00:00, run_after=2026-03-28 00:00:00+00:00
[2026-03-28T18:34:48.400+0500] {processor.py:183} INFO - Processing /home/abayturar/airflow-project/venv/lib/python3.12/site-packages/airflow/example_dags/example_short_circuit_operator.py took 0.059 seconds
[2026-03-28T18:35:38.198+0500] {processor.py:161} INFO - Started process (PID=20759) to work on /home/abayturar/airflow-project/venv/lib/python3.12/site-packages/airflow/example_dags/example_short_circuit_operator.py
[2026-03-28T18:35:38.199+0500] {processor.py:830} INFO - Processing file /home/abayturar/airflow-project/venv/lib/python3.12/site-packages/airflow/example_dags/example_short_circuit_operator.py for tasks to queue
[2026-03-28T18:35:38.201+0500] {logging_mixin.py:188} INFO - [2026-03-28T18:35:38.200+0500] {dagbag.py:545} INFO - Filling up the DagBag from /home/abayturar/airflow-project/venv/lib/python3.12/site-packages/airflow/example_dags/example_short_circuit_operator.py
[2026-03-28T18:35:38.208+0500] {processor.py:840} INFO - DAG(s) 'example_short_circuit_operator' retrieved from /home/abayturar/airflow-project/venv/lib/python3.12/site-packages/airflow/example_dags/example_short_circuit_operator.py
[2026-03-28T18:35:38.223+0500] {logging_mixin.py:188} INFO - [2026-03-28T18:35:38.223+0500] {dag.py:3089} INFO - Sync 1 DAGs
[2026-03-28T18:35:38.237+0500] {logging_mixin.py:188} INFO - [2026-03-28T18:35:38.236+0500] {dag.py:3947} INFO - Setting next_dagrun for example_short_circuit_operator to 2026-03-27 00:00:00+00:00, run_after=2026-03-28 00:00:00+00:00
[2026-03-28T18:35:38.264+0500] {processor.py:183} INFO - Processing /home/abayturar/airflow-project/venv/lib/python3.12/site-packages/airflow/example_dags/example_short_circuit_operator.py took 0.071 seconds
[2026-03-28T18:36:32.193+0500] {processor.py:161} INFO - Started process (PID=20914) to work on /home/abayturar/airflow-project/venv/lib/python3.12/site-packages/airflow/example_dags/example_short_circuit_operator.py
[2026-03-28T18:36:32.194+0500] {processor.py:830} INFO - Processing file /home/abayturar/airflow-project/venv/lib/python3.12/site-packages/airflow/example_dags/example_short_circuit_operator.py for tasks to queue
[2026-03-28T18:36:32.196+0500] {logging_mixin.py:188} INFO - [2026-03-28T18:36:32.196+0500] {dagbag.py:545} INFO - Filling up the DagBag from /home/abayturar/airflow-project/venv/lib/python3.12/site-packages/airflow/example_dags/example_short_circuit_operator.py
[2026-03-28T18:36:32.204+0500] {processor.py:840} INFO - DAG(s) 'example_short_circuit_operator' retrieved from /home/abayturar/airflow-project/venv/lib/python3.12/site-packages/airflow/example_dags/example_short_circuit_operator.py
[2026-03-28T18:36:32.225+0500] {logging_mixin.py:188} INFO - [2026-03-28T18:36:32.225+0500] {dag.py:3089} INFO - Sync 1 DAGs
[2026-03-28T18:36:32.241+0500] {logging_mixin.py:188} INFO - [2026-03-28T18:36:32.241+0500] {dag.py:3947} INFO - Setting next_dagrun for example_short_circuit_operator to 2026-03-27 00:00:00+00:00, run_after=2026-03-28 00:00:00+00:00
[2026-03-28T18:36:32.258+0500] {processor.py:183} INFO - Processing /home/abayturar/airflow-project/venv/lib/python3.12/site-packages/airflow/example_dags/example_short_circuit_operator.py took 0.072 seconds
[2026-03-28T18:37:25.913+0500] {processor.py:161} INFO - Started process (PID=21064) to work on /home/abayturar/airflow-project/venv/lib/python3.12/site-packages/airflow/example_dags/example_short_circuit_operator.py
[2026-03-28T18:37:25.914+0500] {processor.py:830} INFO - Processing file /home/abayturar/airflow-project/venv/lib/python3.12/site-packages/airflow/example_dags/example_short_circuit_operator.py for tasks to queue
[2026-03-28T18:37:25.916+0500] {logging_mixin.py:188} INFO - [2026-03-28T18:37:25.916+0500] {dagbag.py:545} INFO - Filling up the DagBag from /home/abayturar/airflow-project/venv/lib/python3.12/site-packages/airflow/example_dags/example_short_circuit_operator.py
[2026-03-28T18:37:25.923+0500] {processor.py:840} INFO - DAG(s) 'example_short_circuit_operator' retrieved from /home/abayturar/airflow-project/venv/lib/python3.12/site-packages/airflow/example_dags/example_short_circuit_operator.py
[2026-03-28T18:37:25.940+0500] {logging_mixin.py:188} INFO - [2026-03-28T18:37:25.940+0500] {dag.py:3089} INFO - Sync 1 DAGs
[2026-03-28T18:37:25.958+0500] {logging_mixin.py:188} INFO - [2026-03-28T18:37:25.958+0500] {dag.py:3947} INFO - Setting next_dagrun for example_short_circuit_operator to 2026-03-27 00:00:00+00:00, run_after=2026-03-28 00:00:00+00:00
[2026-03-28T18:37:25.978+0500] {processor.py:183} INFO - Processing /home/abayturar/airflow-project/venv/lib/python3.12/site-packages/airflow/example_dags/example_short_circuit_operator.py took 0.072 seconds
[2026-03-28T18:38:15.675+0500] {processor.py:161} INFO - Started process (PID=21195) to work on /home/abayturar/airflow-project/venv/lib/python3.12/site-packages/airflow/example_dags/example_short_circuit_operator.py
[2026-03-28T18:38:15.676+0500] {processor.py:830} INFO - Processing file /home/abayturar/airflow-project/venv/lib/python3.12/site-packages/airflow/example_dags/example_short_circuit_operator.py for tasks to queue
[2026-03-28T18:38:15.678+0500] {logging_mixin.py:188} INFO - [2026-03-28T18:38:15.677+0500] {dagbag.py:545} INFO - Filling up the DagBag from /home/abayturar/airflow-project/venv/lib/python3.12/site-packages/airflow/example_dags/example_short_circuit_operator.py
[2026-03-28T18:38:15.686+0500] {processor.py:840} INFO - DAG(s) 'example_short_circuit_operator' retrieved from /home/abayturar/airflow-project/venv/lib/python3.12/site-packages/airflow/example_dags/example_short_circuit_operator.py
[2026-03-28T18:38:15.703+0500] {logging_mixin.py:188} INFO - [2026-03-28T18:38:15.703+0500] {dag.py:3089} INFO - Sync 1 DAGs
[2026-03-28T18:38:15.725+0500] {logging_mixin.py:188} INFO - [2026-03-28T18:38:15.725+0500] {dag.py:3947} INFO - Setting next_dagrun for example_short_circuit_operator to 2026-03-27 00:00:00+00:00, run_after=2026-03-28 00:00:00+00:00
[2026-03-28T18:38:15.759+0500] {processor.py:183} INFO - Processing /home/abayturar/airflow-project/venv/lib/python3.12/site-packages/airflow/example_dags/example_short_circuit_operator.py took 0.091 seconds
[2026-03-28T18:39:07.682+0500] {processor.py:161} INFO - Started process (PID=21333) to work on /home/abayturar/airflow-project/venv/lib/python3.12/site-packages/airflow/example_dags/example_short_circuit_operator.py
[2026-03-28T18:39:07.683+0500] {processor.py:830} INFO - Processing file /home/abayturar/airflow-project/venv/lib/python3.12/site-packages/airflow/example_dags/example_short_circuit_operator.py for tasks to queue
[2026-03-28T18:39:07.684+0500] {logging_mixin.py:188} INFO - [2026-03-28T18:39:07.684+0500] {dagbag.py:545} INFO - Filling up the DagBag from /home/abayturar/airflow-project/venv/lib/python3.12/site-packages/airflow/example_dags/example_short_circuit_operator.py
[2026-03-28T18:39:07.693+0500] {processor.py:840} INFO - DAG(s) 'example_short_circuit_operator' retrieved from /home/abayturar/airflow-project/venv/lib/python3.12/site-packages/airflow/example_dags/example_short_circuit_operator.py
[2026-03-28T18:39:07.711+0500] {logging_mixin.py:188} INFO - [2026-03-28T18:39:07.711+0500] {dag.py:3089} INFO - Sync 1 DAGs
[2026-03-28T18:39:07.725+0500] {logging_mixin.py:188} INFO - [2026-03-28T18:39:07.725+0500] {dag.py:3947} INFO - Setting next_dagrun for example_short_circuit_operator to 2026-03-27 00:00:00+00:00, run_after=2026-03-28 00:00:00+00:00
[2026-03-28T18:39:07.752+0500] {processor.py:183} INFO - Processing /home/abayturar/airflow-project/venv/lib/python3.12/site-packages/airflow/example_dags/example_short_circuit_operator.py took 0.078 seconds
[2026-03-28T18:39:57.550+0500] {processor.py:161} INFO - Started process (PID=21469) to work on /home/abayturar/airflow-project/venv/lib/python3.12/site-packages/airflow/example_dags/example_short_circuit_operator.py
[2026-03-28T18:39:57.551+0500] {processor.py:830} INFO - Processing file /home/abayturar/airflow-project/venv/lib/python3.12/site-packages/airflow/example_dags/example_short_circuit_operator.py for tasks to queue
[2026-03-28T18:39:57.553+0500] {logging_mixin.py:188} INFO - [2026-03-28T18:39:57.553+0500] {dagbag.py:545} INFO - Filling up the DagBag from /home/abayturar/airflow-project/venv/lib/python3.12/site-packages/airflow/example_dags/example_short_circuit_operator.py
[2026-03-28T18:39:57.560+0500] {processor.py:840} INFO - DAG(s) 'example_short_circuit_operator' retrieved from /home/abayturar/airflow-project/venv/lib/python3.12/site-packages/airflow/example_dags/example_short_circuit_operator.py
[2026-03-28T18:39:57.579+0500] {logging_mixin.py:188} INFO - [2026-03-28T18:39:57.578+0500] {dag.py:3089} INFO - Sync 1 DAGs
[2026-03-28T18:39:57.593+0500] {logging_mixin.py:188} INFO - [2026-03-28T18:39:57.593+0500] {dag.py:3947} INFO - Setting next_dagrun for example_short_circuit_operator to 2026-03-27 00:00:00+00:00, run_after=2026-03-28 00:00:00+00:00
[2026-03-28T18:39:57.622+0500] {processor.py:183} INFO - Processing /home/abayturar/airflow-project/venv/lib/python3.12/site-packages/airflow/example_dags/example_short_circuit_operator.py took 0.078 seconds
[2026-03-28T18:40:50.207+0500] {processor.py:161} INFO - Started process (PID=21604) to work on /home/abayturar/airflow-project/venv/lib/python3.12/site-packages/airflow/example_dags/example_short_circuit_operator.py
[2026-03-28T18:40:50.208+0500] {processor.py:830} INFO - Processing file /home/abayturar/airflow-project/venv/lib/python3.12/site-packages/airflow/example_dags/example_short_circuit_operator.py for tasks to queue
[2026-03-28T18:40:50.210+0500] {logging_mixin.py:188} INFO - [2026-03-28T18:40:50.209+0500] {dagbag.py:545} INFO - Filling up the DagBag from /home/abayturar/airflow-project/venv/lib/python3.12/site-packages/airflow/example_dags/example_short_circuit_operator.py
[2026-03-28T18:40:50.217+0500] {processor.py:840} INFO - DAG(s) 'example_short_circuit_operator' retrieved from /home/abayturar/airflow-project/venv/lib/python3.12/site-packages/airflow/example_dags/example_short_circuit_operator.py
[2026-03-28T18:40:50.233+0500] {logging_mixin.py:188} INFO - [2026-03-28T18:40:50.233+0500] {dag.py:3089} INFO - Sync 1 DAGs
[2026-03-28T18:40:50.246+0500] {logging_mixin.py:188} INFO - [2026-03-28T18:40:50.246+0500] {dag.py:3947} INFO - Setting next_dagrun for example_short_circuit_operator to 2026-03-27 00:00:00+00:00, run_after=2026-03-28 00:00:00+00:00
[2026-03-28T18:40:50.352+0500] {processor.py:183} INFO - Processing /home/abayturar/airflow-project/venv/lib/python3.12/site-packages/airflow/example_dags/example_short_circuit_operator.py took 0.151 seconds
[2026-03-28T18:42:00.865+0500] {processor.py:161} INFO - Started process (PID=21843) to work on /home/abayturar/airflow-project/venv/lib/python3.12/site-packages/airflow/example_dags/example_short_circuit_operator.py
[2026-03-28T18:42:00.866+0500] {processor.py:830} INFO - Processing file /home/abayturar/airflow-project/venv/lib/python3.12/site-packages/airflow/example_dags/example_short_circuit_operator.py for tasks to queue
[2026-03-28T18:42:00.868+0500] {logging_mixin.py:188} INFO - [2026-03-28T18:42:00.868+0500] {dagbag.py:545} INFO - Filling up the DagBag from /home/abayturar/airflow-project/venv/lib/python3.12/site-packages/airflow/example_dags/example_short_circuit_operator.py
[2026-03-28T18:42:00.875+0500] {processor.py:840} INFO - DAG(s) 'example_short_circuit_operator' retrieved from /home/abayturar/airflow-project/venv/lib/python3.12/site-packages/airflow/example_dags/example_short_circuit_operator.py
[2026-03-28T18:42:00.893+0500] {logging_mixin.py:188} INFO - [2026-03-28T18:42:00.893+0500] {dag.py:3089} INFO - Sync 1 DAGs
[2026-03-28T18:42:00.908+0500] {logging_mixin.py:188} INFO - [2026-03-28T18:42:00.908+0500] {dag.py:3947} INFO - Setting next_dagrun for example_short_circuit_operator to 2026-03-27 00:00:00+00:00, run_after=2026-03-28 00:00:00+00:00
[2026-03-28T18:42:00.929+0500] {processor.py:183} INFO - Processing /home/abayturar/airflow-project/venv/lib/python3.12/site-packages/airflow/example_dags/example_short_circuit_operator.py took 0.071 seconds
[2026-03-28T18:42:55.351+0500] {processor.py:161} INFO - Started process (PID=21988) to work on /home/abayturar/airflow-project/venv/lib/python3.12/site-packages/airflow/example_dags/example_short_circuit_operator.py
[2026-03-28T18:42:55.353+0500] {processor.py:830} INFO - Processing file /home/abayturar/airflow-project/venv/lib/python3.12/site-packages/airflow/example_dags/example_short_circuit_operator.py for tasks to queue
[2026-03-28T18:42:55.354+0500] {logging_mixin.py:188} INFO - [2026-03-28T18:42:55.354+0500] {dagbag.py:545} INFO - Filling up the DagBag from /home/abayturar/airflow-project/venv/lib/python3.12/site-packages/airflow/example_dags/example_short_circuit_operator.py
[2026-03-28T18:42:55.361+0500] {processor.py:840} INFO - DAG(s) 'example_short_circuit_operator' retrieved from /home/abayturar/airflow-project/venv/lib/python3.12/site-packages/airflow/example_dags/example_short_circuit_operator.py
[2026-03-28T18:42:55.379+0500] {logging_mixin.py:188} INFO - [2026-03-28T18:42:55.378+0500] {dag.py:3089} INFO - Sync 1 DAGs
[2026-03-28T18:42:55.393+0500] {logging_mixin.py:188} INFO - [2026-03-28T18:42:55.393+0500] {dag.py:3947} INFO - Setting next_dagrun for example_short_circuit_operator to 2026-03-27 00:00:00+00:00, run_after=2026-03-28 00:00:00+00:00
[2026-03-28T18:42:55.421+0500] {processor.py:183} INFO - Processing /home/abayturar/airflow-project/venv/lib/python3.12/site-packages/airflow/example_dags/example_short_circuit_operator.py took 0.077 seconds
[2026-03-28T18:43:43.649+0500] {processor.py:161} INFO - Started process (PID=22155) to work on /home/abayturar/airflow-project/venv/lib/python3.12/site-packages/airflow/example_dags/example_short_circuit_operator.py
[2026-03-28T18:43:43.650+0500] {processor.py:830} INFO - Processing file /home/abayturar/airflow-project/venv/lib/python3.12/site-packages/airflow/example_dags/example_short_circuit_operator.py for tasks to queue
[2026-03-28T18:43:43.651+0500] {logging_mixin.py:188} INFO - [2026-03-28T18:43:43.651+0500] {dagbag.py:545} INFO - Filling up the DagBag from /home/abayturar/airflow-project/venv/lib/python3.12/site-packages/airflow/example_dags/example_short_circuit_operator.py
[2026-03-28T18:43:43.659+0500] {processor.py:840} INFO - DAG(s) 'example_short_circuit_operator' retrieved from /home/abayturar/airflow-project/venv/lib/python3.12/site-packages/airflow/example_dags/example_short_circuit_operator.py
[2026-03-28T18:43:43.677+0500] {logging_mixin.py:188} INFO - [2026-03-28T18:43:43.677+0500] {dag.py:3089} INFO - Sync 1 DAGs
[2026-03-28T18:43:43.792+0500] {logging_mixin.py:188} INFO - [2026-03-28T18:43:43.792+0500] {dag.py:3947} INFO - Setting next_dagrun for example_short_circuit_operator to 2026-03-27 00:00:00+00:00, run_after=2026-03-28 00:00:00+00:00
[2026-03-28T18:43:43.818+0500] {processor.py:183} INFO - Processing /home/abayturar/airflow-project/venv/lib/python3.12/site-packages/airflow/example_dags/example_short_circuit_operator.py took 0.176 seconds
[2026-03-28T18:44:34.178+0500] {processor.py:161} INFO - Started process (PID=22289) to work on /home/abayturar/airflow-project/venv/lib/python3.12/site-packages/airflow/example_dags/example_short_circuit_operator.py
[2026-03-28T18:44:34.179+0500] {processor.py:830} INFO - Processing file /home/abayturar/airflow-project/venv/lib/python3.12/site-packages/airflow/example_dags/example_short_circuit_operator.py for tasks to queue
[2026-03-28T18:44:34.182+0500] {logging_mixin.py:188} INFO - [2026-03-28T18:44:34.181+0500] {dagbag.py:545} INFO - Filling up the DagBag from /home/abayturar/airflow-project/venv/lib/python3.12/site-packages/airflow/example_dags/example_short_circuit_operator.py
[2026-03-28T18:44:34.189+0500] {processor.py:840} INFO - DAG(s) 'example_short_circuit_operator' retrieved from /home/abayturar/airflow-project/venv/lib/python3.12/site-packages/airflow/example_dags/example_short_circuit_operator.py
[2026-03-28T18:44:34.208+0500] {logging_mixin.py:188} INFO - [2026-03-28T18:44:34.208+0500] {dag.py:3089} INFO - Sync 1 DAGs
[2026-03-28T18:44:34.230+0500] {logging_mixin.py:188} INFO - [2026-03-28T18:44:34.229+0500] {dag.py:3947} INFO - Setting next_dagrun for example_short_circuit_operator to 2026-03-27 00:00:00+00:00, run_after=2026-03-28 00:00:00+00:00
[2026-03-28T18:44:34.267+0500] {processor.py:183} INFO - Processing /home/abayturar/airflow-project/venv/lib/python3.12/site-packages/airflow/example_dags/example_short_circuit_operator.py took 0.095 seconds
[2026-03-28T18:45:23.801+0500] {processor.py:161} INFO - Started process (PID=22421) to work on /home/abayturar/airflow-project/venv/lib/python3.12/site-packages/airflow/example_dags/example_short_circuit_operator.py
[2026-03-28T18:45:23.802+0500] {processor.py:830} INFO - Processing file /home/abayturar/airflow-project/venv/lib/python3.12/site-packages/airflow/example_dags/example_short_circuit_operator.py for tasks to queue
[2026-03-28T18:45:23.804+0500] {logging_mixin.py:188} INFO - [2026-03-28T18:45:23.803+0500] {dagbag.py:545} INFO - Filling up the DagBag from /home/abayturar/airflow-project/venv/lib/python3.12/site-packages/airflow/example_dags/example_short_circuit_operator.py
[2026-03-28T18:45:23.811+0500] {processor.py:840} INFO - DAG(s) 'example_short_circuit_operator' retrieved from /home/abayturar/airflow-project/venv/lib/python3.12/site-packages/airflow/example_dags/example_short_circuit_operator.py
[2026-03-28T18:45:23.826+0500] {logging_mixin.py:188} INFO - [2026-03-28T18:45:23.826+0500] {dag.py:3089} INFO - Sync 1 DAGs
[2026-03-28T18:45:23.841+0500] {logging_mixin.py:188} INFO - [2026-03-28T18:45:23.841+0500] {dag.py:3947} INFO - Setting next_dagrun for example_short_circuit_operator to 2026-03-27 00:00:00+00:00, run_after=2026-03-28 00:00:00+00:00
[2026-03-28T18:45:23.869+0500] {processor.py:183} INFO - Processing /home/abayturar/airflow-project/venv/lib/python3.12/site-packages/airflow/example_dags/example_short_circuit_operator.py took 0.073 seconds
[2026-03-28T18:46:12.231+0500] {processor.py:161} INFO - Started process (PID=22551) to work on /home/abayturar/airflow-project/venv/lib/python3.12/site-packages/airflow/example_dags/example_short_circuit_operator.py
[2026-03-28T18:46:12.231+0500] {processor.py:830} INFO - Processing file /home/abayturar/airflow-project/venv/lib/python3.12/site-packages/airflow/example_dags/example_short_circuit_operator.py for tasks to queue
[2026-03-28T18:46:12.233+0500] {logging_mixin.py:188} INFO - [2026-03-28T18:46:12.233+0500] {dagbag.py:545} INFO - Filling up the DagBag from /home/abayturar/airflow-project/venv/lib/python3.12/site-packages/airflow/example_dags/example_short_circuit_operator.py
[2026-03-28T18:46:12.241+0500] {processor.py:840} INFO - DAG(s) 'example_short_circuit_operator' retrieved from /home/abayturar/airflow-project/venv/lib/python3.12/site-packages/airflow/example_dags/example_short_circuit_operator.py
[2026-03-28T18:46:12.258+0500] {logging_mixin.py:188} INFO - [2026-03-28T18:46:12.258+0500] {dag.py:3089} INFO - Sync 1 DAGs
[2026-03-28T18:46:12.272+0500] {logging_mixin.py:188} INFO - [2026-03-28T18:46:12.272+0500] {dag.py:3947} INFO - Setting next_dagrun for example_short_circuit_operator to 2026-03-27 00:00:00+00:00, run_after=2026-03-28 00:00:00+00:00
[2026-03-28T18:46:12.299+0500] {processor.py:183} INFO - Processing /home/abayturar/airflow-project/venv/lib/python3.12/site-packages/airflow/example_dags/example_short_circuit_operator.py took 0.074 seconds
[2026-03-28T18:46:58.832+0500] {processor.py:161} INFO - Started process (PID=22674) to work on /home/abayturar/airflow-project/venv/lib/python3.12/site-packages/airflow/example_dags/example_short_circuit_operator.py
[2026-03-28T18:46:58.832+0500] {processor.py:830} INFO - Processing file /home/abayturar/airflow-project/venv/lib/python3.12/site-packages/airflow/example_dags/example_short_circuit_operator.py for tasks to queue
[2026-03-28T18:46:58.834+0500] {logging_mixin.py:188} INFO - [2026-03-28T18:46:58.834+0500] {dagbag.py:545} INFO - Filling up the DagBag from /home/abayturar/airflow-project/venv/lib/python3.12/site-packages/airflow/example_dags/example_short_circuit_operator.py
[2026-03-28T18:46:58.842+0500] {processor.py:840} INFO - DAG(s) 'example_short_circuit_operator' retrieved from /home/abayturar/airflow-project/venv/lib/python3.12/site-packages/airflow/example_dags/example_short_circuit_operator.py
[2026-03-28T18:46:58.858+0500] {logging_mixin.py:188} INFO - [2026-03-28T18:46:58.858+0500] {dag.py:3089} INFO - Sync 1 DAGs
[2026-03-28T18:46:58.872+0500] {logging_mixin.py:188} INFO - [2026-03-28T18:46:58.872+0500] {dag.py:3947} INFO - Setting next_dagrun for example_short_circuit_operator to 2026-03-27 00:00:00+00:00, run_after=2026-03-28 00:00:00+00:00
[2026-03-28T18:46:58.890+0500] {processor.py:183} INFO - Processing /home/abayturar/airflow-project/venv/lib/python3.12/site-packages/airflow/example_dags/example_short_circuit_operator.py took 0.065 seconds
[2026-03-28T18:47:45.527+0500] {processor.py:161} INFO - Started process (PID=22800) to work on /home/abayturar/airflow-project/venv/lib/python3.12/site-packages/airflow/example_dags/example_short_circuit_operator.py
[2026-03-28T18:47:45.528+0500] {processor.py:830} INFO - Processing file /home/abayturar/airflow-project/venv/lib/python3.12/site-packages/airflow/example_dags/example_short_circuit_operator.py for tasks to queue
[2026-03-28T18:47:45.531+0500] {logging_mixin.py:188} INFO - [2026-03-28T18:47:45.530+0500] {dagbag.py:545} INFO - Filling up the DagBag from /home/abayturar/airflow-project/venv/lib/python3.12/site-packages/airflow/example_dags/example_short_circuit_operator.py
[2026-03-28T18:47:45.542+0500] {processor.py:840} INFO - DAG(s) 'example_short_circuit_operator' retrieved from /home/abayturar/airflow-project/venv/lib/python3.12/site-packages/airflow/example_dags/example_short_circuit_operator.py
[2026-03-28T18:47:45.566+0500] {logging_mixin.py:188} INFO - [2026-03-28T18:47:45.565+0500] {dag.py:3089} INFO - Sync 1 DAGs
[2026-03-28T18:47:45.581+0500] {logging_mixin.py:188} INFO - [2026-03-28T18:47:45.581+0500] {dag.py:3947} INFO - Setting next_dagrun for example_short_circuit_operator to 2026-03-27 00:00:00+00:00, run_after=2026-03-28 00:00:00+00:00
[2026-03-28T18:47:45.597+0500] {processor.py:183} INFO - Processing /home/abayturar/airflow-project/venv/lib/python3.12/site-packages/airflow/example_dags/example_short_circuit_operator.py took 0.079 seconds
[2026-03-28T18:48:30.788+0500] {processor.py:161} INFO - Started process (PID=22923) to work on /home/abayturar/airflow-project/venv/lib/python3.12/site-packages/airflow/example_dags/example_short_circuit_operator.py
[2026-03-28T18:48:30.788+0500] {processor.py:830} INFO - Processing file /home/abayturar/airflow-project/venv/lib/python3.12/site-packages/airflow/example_dags/example_short_circuit_operator.py for tasks to queue
[2026-03-28T18:48:30.790+0500] {logging_mixin.py:188} INFO - [2026-03-28T18:48:30.790+0500] {dagbag.py:545} INFO - Filling up the DagBag from /home/abayturar/airflow-project/venv/lib/python3.12/site-packages/airflow/example_dags/example_short_circuit_operator.py
[2026-03-28T18:48:30.797+0500] {processor.py:840} INFO - DAG(s) 'example_short_circuit_operator' retrieved from /home/abayturar/airflow-project/venv/lib/python3.12/site-packages/airflow/example_dags/example_short_circuit_operator.py
[2026-03-28T18:48:30.814+0500] {logging_mixin.py:188} INFO - [2026-03-28T18:48:30.814+0500] {dag.py:3089} INFO - Sync 1 DAGs
[2026-03-28T18:48:30.827+0500] {logging_mixin.py:188} INFO - [2026-03-28T18:48:30.827+0500] {dag.py:3947} INFO - Setting next_dagrun for example_short_circuit_operator to 2026-03-27 00:00:00+00:00, run_after=2026-03-28 00:00:00+00:00
[2026-03-28T18:48:30.854+0500] {processor.py:183} INFO - Processing /home/abayturar/airflow-project/venv/lib/python3.12/site-packages/airflow/example_dags/example_short_circuit_operator.py took 0.072 seconds
[2026-03-28T18:49:13.827+0500] {processor.py:161} INFO - Started process (PID=23038) to work on /home/abayturar/airflow-project/venv/lib/python3.12/site-packages/airflow/example_dags/example_short_circuit_operator.py
[2026-03-28T18:49:13.828+0500] {processor.py:830} INFO - Processing file /home/abayturar/airflow-project/venv/lib/python3.12/site-packages/airflow/example_dags/example_short_circuit_operator.py for tasks to queue
[2026-03-28T18:49:13.830+0500] {logging_mixin.py:188} INFO - [2026-03-28T18:49:13.830+0500] {dagbag.py:545} INFO - Filling up the DagBag from /home/abayturar/airflow-project/venv/lib/python3.12/site-packages/airflow/example_dags/example_short_circuit_operator.py
[2026-03-28T18:49:13.838+0500] {processor.py:840} INFO - DAG(s) 'example_short_circuit_operator' retrieved from /home/abayturar/airflow-project/venv/lib/python3.12/site-packages/airflow/example_dags/example_short_circuit_operator.py
[2026-03-28T18:49:13.856+0500] {logging_mixin.py:188} INFO - [2026-03-28T18:49:13.856+0500] {dag.py:3089} INFO - Sync 1 DAGs
[2026-03-28T18:49:13.871+0500] {logging_mixin.py:188} INFO - [2026-03-28T18:49:13.870+0500] {dag.py:3947} INFO - Setting next_dagrun for example_short_circuit_operator to 2026-03-27 00:00:00+00:00, run_after=2026-03-28 00:00:00+00:00
[2026-03-28T18:49:13.888+0500] {processor.py:183} INFO - Processing /home/abayturar/airflow-project/venv/lib/python3.12/site-packages/airflow/example_dags/example_short_circuit_operator.py took 0.067 seconds
[2026-03-28T18:50:00.040+0500] {processor.py:161} INFO - Started process (PID=23162) to work on /home/abayturar/airflow-project/venv/lib/python3.12/site-packages/airflow/example_dags/example_short_circuit_operator.py
[2026-03-28T18:50:00.041+0500] {processor.py:830} INFO - Processing file /home/abayturar/airflow-project/venv/lib/python3.12/site-packages/airflow/example_dags/example_short_circuit_operator.py for tasks to queue
[2026-03-28T18:50:00.042+0500] {logging_mixin.py:188} INFO - [2026-03-28T18:50:00.042+0500] {dagbag.py:545} INFO - Filling up the DagBag from /home/abayturar/airflow-project/venv/lib/python3.12/site-packages/airflow/example_dags/example_short_circuit_operator.py
[2026-03-28T18:50:00.050+0500] {processor.py:840} INFO - DAG(s) 'example_short_circuit_operator' retrieved from /home/abayturar/airflow-project/venv/lib/python3.12/site-packages/airflow/example_dags/example_short_circuit_operator.py
[2026-03-28T18:50:00.068+0500] {logging_mixin.py:188} INFO - [2026-03-28T18:50:00.067+0500] {dag.py:3089} INFO - Sync 1 DAGs
[2026-03-28T18:50:00.083+0500] {logging_mixin.py:188} INFO - [2026-03-28T18:50:00.082+0500] {dag.py:3947} INFO - Setting next_dagrun for example_short_circuit_operator to 2026-03-27 00:00:00+00:00, run_after=2026-03-28 00:00:00+00:00
[2026-03-28T18:50:00.109+0500] {processor.py:183} INFO - Processing /home/abayturar/airflow-project/venv/lib/python3.12/site-packages/airflow/example_dags/example_short_circuit_operator.py took 0.075 seconds
[2026-03-28T18:50:45.404+0500] {processor.py:161} INFO - Started process (PID=23283) to work on /home/abayturar/airflow-project/venv/lib/python3.12/site-packages/airflow/example_dags/example_short_circuit_operator.py
[2026-03-28T18:50:45.405+0500] {processor.py:830} INFO - Processing file /home/abayturar/airflow-project/venv/lib/python3.12/site-packages/airflow/example_dags/example_short_circuit_operator.py for tasks to queue
[2026-03-28T18:50:45.407+0500] {logging_mixin.py:188} INFO - [2026-03-28T18:50:45.407+0500] {dagbag.py:545} INFO - Filling up the DagBag from /home/abayturar/airflow-project/venv/lib/python3.12/site-packages/airflow/example_dags/example_short_circuit_operator.py
[2026-03-28T18:50:45.414+0500] {processor.py:840} INFO - DAG(s) 'example_short_circuit_operator' retrieved from /home/abayturar/airflow-project/venv/lib/python3.12/site-packages/airflow/example_dags/example_short_circuit_operator.py
[2026-03-28T18:50:45.431+0500] {logging_mixin.py:188} INFO - [2026-03-28T18:50:45.431+0500] {dag.py:3089} INFO - Sync 1 DAGs
[2026-03-28T18:50:45.447+0500] {logging_mixin.py:188} INFO - [2026-03-28T18:50:45.447+0500] {dag.py:3947} INFO - Setting next_dagrun for example_short_circuit_operator to 2026-03-27 00:00:00+00:00, run_after=2026-03-28 00:00:00+00:00
[2026-03-28T18:50:45.473+0500] {processor.py:183} INFO - Processing /home/abayturar/airflow-project/venv/lib/python3.12/site-packages/airflow/example_dags/example_short_circuit_operator.py took 0.075 seconds
[2026-03-28T18:51:33.937+0500] {processor.py:161} INFO - Started process (PID=23414) to work on /home/abayturar/airflow-project/venv/lib/python3.12/site-packages/airflow/example_dags/example_short_circuit_operator.py
[2026-03-28T18:51:33.938+0500] {processor.py:830} INFO - Processing file /home/abayturar/airflow-project/venv/lib/python3.12/site-packages/airflow/example_dags/example_short_circuit_operator.py for tasks to queue
[2026-03-28T18:51:33.940+0500] {logging_mixin.py:188} INFO - [2026-03-28T18:51:33.940+0500] {dagbag.py:545} INFO - Filling up the DagBag from /home/abayturar/airflow-project/venv/lib/python3.12/site-packages/airflow/example_dags/example_short_circuit_operator.py
[2026-03-28T18:51:33.949+0500] {processor.py:840} INFO - DAG(s) 'example_short_circuit_operator' retrieved from /home/abayturar/airflow-project/venv/lib/python3.12/site-packages/airflow/example_dags/example_short_circuit_operator.py
[2026-03-28T18:51:33.968+0500] {logging_mixin.py:188} INFO - [2026-03-28T18:51:33.968+0500] {dag.py:3089} INFO - Sync 1 DAGs
[2026-03-28T18:51:33.983+0500] {logging_mixin.py:188} INFO - [2026-03-28T18:51:33.983+0500] {dag.py:3947} INFO - Setting next_dagrun for example_short_circuit_operator to 2026-03-27 00:00:00+00:00, run_after=2026-03-28 00:00:00+00:00
[2026-03-28T18:51:34.012+0500] {processor.py:183} INFO - Processing /home/abayturar/airflow-project/venv/lib/python3.12/site-packages/airflow/example_dags/example_short_circuit_operator.py took 0.082 seconds
[2026-03-28T18:52:19.549+0500] {processor.py:161} INFO - Started process (PID=23538) to work on /home/abayturar/airflow-project/venv/lib/python3.12/site-packages/airflow/example_dags/example_short_circuit_operator.py
[2026-03-28T18:52:19.550+0500] {processor.py:830} INFO - Processing file /home/abayturar/airflow-project/venv/lib/python3.12/site-packages/airflow/example_dags/example_short_circuit_operator.py for tasks to queue
[2026-03-28T18:52:19.551+0500] {logging_mixin.py:188} INFO - [2026-03-28T18:52:19.551+0500] {dagbag.py:545} INFO - Filling up the DagBag from /home/abayturar/airflow-project/venv/lib/python3.12/site-packages/airflow/example_dags/example_short_circuit_operator.py
[2026-03-28T18:52:19.558+0500] {processor.py:840} INFO - DAG(s) 'example_short_circuit_operator' retrieved from /home/abayturar/airflow-project/venv/lib/python3.12/site-packages/airflow/example_dags/example_short_circuit_operator.py
[2026-03-28T18:52:19.575+0500] {logging_mixin.py:188} INFO - [2026-03-28T18:52:19.575+0500] {dag.py:3089} INFO - Sync 1 DAGs
[2026-03-28T18:52:19.589+0500] {logging_mixin.py:188} INFO - [2026-03-28T18:52:19.589+0500] {dag.py:3947} INFO - Setting next_dagrun for example_short_circuit_operator to 2026-03-27 00:00:00+00:00, run_after=2026-03-28 00:00:00+00:00
[2026-03-28T18:52:19.616+0500] {processor.py:183} INFO - Processing /home/abayturar/airflow-project/venv/lib/python3.12/site-packages/airflow/example_dags/example_short_circuit_operator.py took 0.074 seconds
[2026-03-28T18:53:04.090+0500] {processor.py:161} INFO - Started process (PID=23660) to work on /home/abayturar/airflow-project/venv/lib/python3.12/site-packages/airflow/example_dags/example_short_circuit_operator.py
[2026-03-28T18:53:04.091+0500] {processor.py:830} INFO - Processing file /home/abayturar/airflow-project/venv/lib/python3.12/site-packages/airflow/example_dags/example_short_circuit_operator.py for tasks to queue
[2026-03-28T18:53:04.092+0500] {logging_mixin.py:188} INFO - [2026-03-28T18:53:04.092+0500] {dagbag.py:545} INFO - Filling up the DagBag from /home/abayturar/airflow-project/venv/lib/python3.12/site-packages/airflow/example_dags/example_short_circuit_operator.py
[2026-03-28T18:53:04.100+0500] {processor.py:840} INFO - DAG(s) 'example_short_circuit_operator' retrieved from /home/abayturar/airflow-project/venv/lib/python3.12/site-packages/airflow/example_dags/example_short_circuit_operator.py
[2026-03-28T18:53:04.117+0500] {logging_mixin.py:188} INFO - [2026-03-28T18:53:04.117+0500] {dag.py:3089} INFO - Sync 1 DAGs
[2026-03-28T18:53:04.131+0500] {logging_mixin.py:188} INFO - [2026-03-28T18:53:04.131+0500] {dag.py:3947} INFO - Setting next_dagrun for example_short_circuit_operator to 2026-03-27 00:00:00+00:00, run_after=2026-03-28 00:00:00+00:00
[2026-03-28T18:53:04.160+0500] {processor.py:183} INFO - Processing /home/abayturar/airflow-project/venv/lib/python3.12/site-packages/airflow/example_dags/example_short_circuit_operator.py took 0.076 seconds
[2026-03-28T18:53:50.266+0500] {processor.py:161} INFO - Started process (PID=23780) to work on /home/abayturar/airflow-project/venv/lib/python3.12/site-packages/airflow/example_dags/example_short_circuit_operator.py
[2026-03-28T18:53:50.267+0500] {processor.py:830} INFO - Processing file /home/abayturar/airflow-project/venv/lib/python3.12/site-packages/airflow/example_dags/example_short_circuit_operator.py for tasks to queue
[2026-03-28T18:53:50.269+0500] {logging_mixin.py:188} INFO - [2026-03-28T18:53:50.269+0500] {dagbag.py:545} INFO - Filling up the DagBag from /home/abayturar/airflow-project/venv/lib/python3.12/site-packages/airflow/example_dags/example_short_circuit_operator.py
[2026-03-28T18:53:50.276+0500] {processor.py:840} INFO - DAG(s) 'example_short_circuit_operator' retrieved from /home/abayturar/airflow-project/venv/lib/python3.12/site-packages/airflow/example_dags/example_short_circuit_operator.py
[2026-03-28T18:53:50.293+0500] {logging_mixin.py:188} INFO - [2026-03-28T18:53:50.292+0500] {dag.py:3089} INFO - Sync 1 DAGs
[2026-03-28T18:53:50.307+0500] {logging_mixin.py:188} INFO - [2026-03-28T18:53:50.307+0500] {dag.py:3947} INFO - Setting next_dagrun for example_short_circuit_operator to 2026-03-27 00:00:00+00:00, run_after=2026-03-28 00:00:00+00:00
[2026-03-28T18:53:50.334+0500] {processor.py:183} INFO - Processing /home/abayturar/airflow-project/venv/lib/python3.12/site-packages/airflow/example_dags/example_short_circuit_operator.py took 0.074 seconds
[2026-03-28T18:54:34.550+0500] {processor.py:161} INFO - Started process (PID=23903) to work on /home/abayturar/airflow-project/venv/lib/python3.12/site-packages/airflow/example_dags/example_short_circuit_operator.py
[2026-03-28T18:54:34.550+0500] {processor.py:830} INFO - Processing file /home/abayturar/airflow-project/venv/lib/python3.12/site-packages/airflow/example_dags/example_short_circuit_operator.py for tasks to queue
[2026-03-28T18:54:34.552+0500] {logging_mixin.py:188} INFO - [2026-03-28T18:54:34.552+0500] {dagbag.py:545} INFO - Filling up the DagBag from /home/abayturar/airflow-project/venv/lib/python3.12/site-packages/airflow/example_dags/example_short_circuit_operator.py
[2026-03-28T18:54:34.559+0500] {processor.py:840} INFO - DAG(s) 'example_short_circuit_operator' retrieved from /home/abayturar/airflow-project/venv/lib/python3.12/site-packages/airflow/example_dags/example_short_circuit_operator.py
[2026-03-28T18:54:34.576+0500] {logging_mixin.py:188} INFO - [2026-03-28T18:54:34.576+0500] {dag.py:3089} INFO - Sync 1 DAGs
[2026-03-28T18:54:34.591+0500] {logging_mixin.py:188} INFO - [2026-03-28T18:54:34.591+0500] {dag.py:3947} INFO - Setting next_dagrun for example_short_circuit_operator to 2026-03-27 00:00:00+00:00, run_after=2026-03-28 00:00:00+00:00
[2026-03-28T18:54:34.618+0500] {processor.py:183} INFO - Processing /home/abayturar/airflow-project/venv/lib/python3.12/site-packages/airflow/example_dags/example_short_circuit_operator.py took 0.075 seconds
[2026-03-28T18:55:21.404+0500] {processor.py:161} INFO - Started process (PID=24024) to work on /home/abayturar/airflow-project/venv/lib/python3.12/site-packages/airflow/example_dags/example_short_circuit_operator.py
[2026-03-28T18:55:21.405+0500] {processor.py:830} INFO - Processing file /home/abayturar/airflow-project/venv/lib/python3.12/site-packages/airflow/example_dags/example_short_circuit_operator.py for tasks to queue
[2026-03-28T18:55:21.407+0500] {logging_mixin.py:188} INFO - [2026-03-28T18:55:21.406+0500] {dagbag.py:545} INFO - Filling up the DagBag from /home/abayturar/airflow-project/venv/lib/python3.12/site-packages/airflow/example_dags/example_short_circuit_operator.py
[2026-03-28T18:55:21.417+0500] {processor.py:840} INFO - DAG(s) 'example_short_circuit_operator' retrieved from /home/abayturar/airflow-project/venv/lib/python3.12/site-packages/airflow/example_dags/example_short_circuit_operator.py
[2026-03-28T18:55:21.444+0500] {logging_mixin.py:188} INFO - [2026-03-28T18:55:21.443+0500] {dag.py:3089} INFO - Sync 1 DAGs
[2026-03-28T18:55:21.471+0500] {logging_mixin.py:188} INFO - [2026-03-28T18:55:21.470+0500] {dag.py:3947} INFO - Setting next_dagrun for example_short_circuit_operator to 2026-03-27 00:00:00+00:00, run_after=2026-03-28 00:00:00+00:00
[2026-03-28T18:55:21.501+0500] {processor.py:183} INFO - Processing /home/abayturar/airflow-project/venv/lib/python3.12/site-packages/airflow/example_dags/example_short_circuit_operator.py took 0.107 seconds
[2026-03-28T18:56:14.593+0500] {processor.py:161} INFO - Started process (PID=24163) to work on /home/abayturar/airflow-project/venv/lib/python3.12/site-packages/airflow/example_dags/example_short_circuit_operator.py
[2026-03-28T18:56:14.594+0500] {processor.py:830} INFO - Processing file /home/abayturar/airflow-project/venv/lib/python3.12/site-packages/airflow/example_dags/example_short_circuit_operator.py for tasks to queue
[2026-03-28T18:56:14.596+0500] {logging_mixin.py:188} INFO - [2026-03-28T18:56:14.595+0500] {dagbag.py:545} INFO - Filling up the DagBag from /home/abayturar/airflow-project/venv/lib/python3.12/site-packages/airflow/example_dags/example_short_circuit_operator.py
[2026-03-28T18:56:14.603+0500] {processor.py:840} INFO - DAG(s) 'example_short_circuit_operator' retrieved from /home/abayturar/airflow-project/venv/lib/python3.12/site-packages/airflow/example_dags/example_short_circuit_operator.py
[2026-03-28T18:56:14.622+0500] {logging_mixin.py:188} INFO - [2026-03-28T18:56:14.622+0500] {dag.py:3089} INFO - Sync 1 DAGs
[2026-03-28T18:56:14.638+0500] {logging_mixin.py:188} INFO - [2026-03-28T18:56:14.638+0500] {dag.py:3947} INFO - Setting next_dagrun for example_short_circuit_operator to 2026-03-27 00:00:00+00:00, run_after=2026-03-28 00:00:00+00:00
[2026-03-28T18:56:14.670+0500] {processor.py:183} INFO - Processing /home/abayturar/airflow-project/venv/lib/python3.12/site-packages/airflow/example_dags/example_short_circuit_operator.py took 0.083 seconds
[2026-03-28T18:57:05.130+0500] {processor.py:161} INFO - Started process (PID=24296) to work on /home/abayturar/airflow-project/venv/lib/python3.12/site-packages/airflow/example_dags/example_short_circuit_operator.py
[2026-03-28T18:57:05.130+0500] {processor.py:830} INFO - Processing file /home/abayturar/airflow-project/venv/lib/python3.12/site-packages/airflow/example_dags/example_short_circuit_operator.py for tasks to queue
[2026-03-28T18:57:05.132+0500] {logging_mixin.py:188} INFO - [2026-03-28T18:57:05.132+0500] {dagbag.py:545} INFO - Filling up the DagBag from /home/abayturar/airflow-project/venv/lib/python3.12/site-packages/airflow/example_dags/example_short_circuit_operator.py
[2026-03-28T18:57:05.140+0500] {processor.py:840} INFO - DAG(s) 'example_short_circuit_operator' retrieved from /home/abayturar/airflow-project/venv/lib/python3.12/site-packages/airflow/example_dags/example_short_circuit_operator.py
[2026-03-28T18:57:05.156+0500] {logging_mixin.py:188} INFO - [2026-03-28T18:57:05.155+0500] {dag.py:3089} INFO - Sync 1 DAGs
[2026-03-28T18:57:05.169+0500] {logging_mixin.py:188} INFO - [2026-03-28T18:57:05.169+0500] {dag.py:3947} INFO - Setting next_dagrun for example_short_circuit_operator to 2026-03-27 00:00:00+00:00, run_after=2026-03-28 00:00:00+00:00
[2026-03-28T18:57:05.195+0500] {processor.py:183} INFO - Processing /home/abayturar/airflow-project/venv/lib/python3.12/site-packages/airflow/example_dags/example_short_circuit_operator.py took 0.071 seconds
[2026-03-28T18:57:52.846+0500] {processor.py:161} INFO - Started process (PID=24422) to work on /home/abayturar/airflow-project/venv/lib/python3.12/site-packages/airflow/example_dags/example_short_circuit_operator.py
[2026-03-28T18:57:52.847+0500] {processor.py:830} INFO - Processing file /home/abayturar/airflow-project/venv/lib/python3.12/site-packages/airflow/example_dags/example_short_circuit_operator.py for tasks to queue
[2026-03-28T18:57:52.849+0500] {logging_mixin.py:188} INFO - [2026-03-28T18:57:52.849+0500] {dagbag.py:545} INFO - Filling up the DagBag from /home/abayturar/airflow-project/venv/lib/python3.12/site-packages/airflow/example_dags/example_short_circuit_operator.py
[2026-03-28T18:57:52.859+0500] {processor.py:840} INFO - DAG(s) 'example_short_circuit_operator' retrieved from /home/abayturar/airflow-project/venv/lib/python3.12/site-packages/airflow/example_dags/example_short_circuit_operator.py
[2026-03-28T18:57:52.880+0500] {logging_mixin.py:188} INFO - [2026-03-28T18:57:52.879+0500] {dag.py:3089} INFO - Sync 1 DAGs
[2026-03-28T18:57:52.893+0500] {logging_mixin.py:188} INFO - [2026-03-28T18:57:52.893+0500] {dag.py:3947} INFO - Setting next_dagrun for example_short_circuit_operator to 2026-03-27 00:00:00+00:00, run_after=2026-03-28 00:00:00+00:00
[2026-03-28T18:57:52.921+0500] {processor.py:183} INFO - Processing /home/abayturar/airflow-project/venv/lib/python3.12/site-packages/airflow/example_dags/example_short_circuit_operator.py took 0.082 seconds
[2026-03-28T18:58:40.440+0500] {processor.py:161} INFO - Started process (PID=24552) to work on /home/abayturar/airflow-project/venv/lib/python3.12/site-packages/airflow/example_dags/example_short_circuit_operator.py
[2026-03-28T18:58:40.441+0500] {processor.py:830} INFO - Processing file /home/abayturar/airflow-project/venv/lib/python3.12/site-packages/airflow/example_dags/example_short_circuit_operator.py for tasks to queue
[2026-03-28T18:58:40.443+0500] {logging_mixin.py:188} INFO - [2026-03-28T18:58:40.443+0500] {dagbag.py:545} INFO - Filling up the DagBag from /home/abayturar/airflow-project/venv/lib/python3.12/site-packages/airflow/example_dags/example_short_circuit_operator.py
[2026-03-28T18:58:40.454+0500] {processor.py:840} INFO - DAG(s) 'example_short_circuit_operator' retrieved from /home/abayturar/airflow-project/venv/lib/python3.12/site-packages/airflow/example_dags/example_short_circuit_operator.py
[2026-03-28T18:58:40.475+0500] {logging_mixin.py:188} INFO - [2026-03-28T18:58:40.475+0500] {dag.py:3089} INFO - Sync 1 DAGs
[2026-03-28T18:58:40.492+0500] {logging_mixin.py:188} INFO - [2026-03-28T18:58:40.492+0500] {dag.py:3947} INFO - Setting next_dagrun for example_short_circuit_operator to 2026-03-27 00:00:00+00:00, run_after=2026-03-28 00:00:00+00:00
[2026-03-28T18:58:40.512+0500] {processor.py:183} INFO - Processing /home/abayturar/airflow-project/venv/lib/python3.12/site-packages/airflow/example_dags/example_short_circuit_operator.py took 0.080 seconds
[2026-03-28T18:59:26.318+0500] {processor.py:161} INFO - Started process (PID=24674) to work on /home/abayturar/airflow-project/venv/lib/python3.12/site-packages/airflow/example_dags/example_short_circuit_operator.py
[2026-03-28T18:59:26.319+0500] {processor.py:830} INFO - Processing file /home/abayturar/airflow-project/venv/lib/python3.12/site-packages/airflow/example_dags/example_short_circuit_operator.py for tasks to queue
[2026-03-28T18:59:26.321+0500] {logging_mixin.py:188} INFO - [2026-03-28T18:59:26.321+0500] {dagbag.py:545} INFO - Filling up the DagBag from /home/abayturar/airflow-project/venv/lib/python3.12/site-packages/airflow/example_dags/example_short_circuit_operator.py
[2026-03-28T18:59:26.330+0500] {processor.py:840} INFO - DAG(s) 'example_short_circuit_operator' retrieved from /home/abayturar/airflow-project/venv/lib/python3.12/site-packages/airflow/example_dags/example_short_circuit_operator.py
[2026-03-28T18:59:26.350+0500] {logging_mixin.py:188} INFO - [2026-03-28T18:59:26.350+0500] {dag.py:3089} INFO - Sync 1 DAGs
[2026-03-28T18:59:26.365+0500] {logging_mixin.py:188} INFO - [2026-03-28T18:59:26.365+0500] {dag.py:3947} INFO - Setting next_dagrun for example_short_circuit_operator to 2026-03-27 00:00:00+00:00, run_after=2026-03-28 00:00:00+00:00
[2026-03-28T18:59:26.392+0500] {processor.py:183} INFO - Processing /home/abayturar/airflow-project/venv/lib/python3.12/site-packages/airflow/example_dags/example_short_circuit_operator.py took 0.080 seconds
[2026-03-28T19:00:14.356+0500] {processor.py:161} INFO - Started process (PID=24802) to work on /home/abayturar/airflow-project/venv/lib/python3.12/site-packages/airflow/example_dags/example_short_circuit_operator.py
[2026-03-28T19:00:14.357+0500] {processor.py:830} INFO - Processing file /home/abayturar/airflow-project/venv/lib/python3.12/site-packages/airflow/example_dags/example_short_circuit_operator.py for tasks to queue
[2026-03-28T19:00:14.359+0500] {logging_mixin.py:188} INFO - [2026-03-28T19:00:14.359+0500] {dagbag.py:545} INFO - Filling up the DagBag from /home/abayturar/airflow-project/venv/lib/python3.12/site-packages/airflow/example_dags/example_short_circuit_operator.py
[2026-03-28T19:00:14.368+0500] {processor.py:840} INFO - DAG(s) 'example_short_circuit_operator' retrieved from /home/abayturar/airflow-project/venv/lib/python3.12/site-packages/airflow/example_dags/example_short_circuit_operator.py
[2026-03-28T19:00:14.392+0500] {logging_mixin.py:188} INFO - [2026-03-28T19:00:14.392+0500] {dag.py:3089} INFO - Sync 1 DAGs
[2026-03-28T19:00:14.414+0500] {logging_mixin.py:188} INFO - [2026-03-28T19:00:14.414+0500] {dag.py:3947} INFO - Setting next_dagrun for example_short_circuit_operator to 2026-03-27 00:00:00+00:00, run_after=2026-03-28 00:00:00+00:00
[2026-03-28T19:00:14.444+0500] {processor.py:183} INFO - Processing /home/abayturar/airflow-project/venv/lib/python3.12/site-packages/airflow/example_dags/example_short_circuit_operator.py took 0.095 seconds
[2026-03-28T19:00:59.750+0500] {processor.py:161} INFO - Started process (PID=24925) to work on /home/abayturar/airflow-project/venv/lib/python3.12/site-packages/airflow/example_dags/example_short_circuit_operator.py
[2026-03-28T19:00:59.751+0500] {processor.py:830} INFO - Processing file /home/abayturar/airflow-project/venv/lib/python3.12/site-packages/airflow/example_dags/example_short_circuit_operator.py for tasks to queue
[2026-03-28T19:00:59.753+0500] {logging_mixin.py:188} INFO - [2026-03-28T19:00:59.753+0500] {dagbag.py:545} INFO - Filling up the DagBag from /home/abayturar/airflow-project/venv/lib/python3.12/site-packages/airflow/example_dags/example_short_circuit_operator.py
[2026-03-28T19:00:59.762+0500] {processor.py:840} INFO - DAG(s) 'example_short_circuit_operator' retrieved from /home/abayturar/airflow-project/venv/lib/python3.12/site-packages/airflow/example_dags/example_short_circuit_operator.py
[2026-03-28T19:00:59.783+0500] {logging_mixin.py:188} INFO - [2026-03-28T19:00:59.783+0500] {dag.py:3089} INFO - Sync 1 DAGs
[2026-03-28T19:00:59.801+0500] {logging_mixin.py:188} INFO - [2026-03-28T19:00:59.800+0500] {dag.py:3947} INFO - Setting next_dagrun for example_short_circuit_operator to 2026-03-27 00:00:00+00:00, run_after=2026-03-28 00:00:00+00:00
[2026-03-28T19:00:59.831+0500] {processor.py:183} INFO - Processing /home/abayturar/airflow-project/venv/lib/python3.12/site-packages/airflow/example_dags/example_short_circuit_operator.py took 0.087 seconds
[2026-03-28T19:01:49.255+0500] {processor.py:161} INFO - Started process (PID=25056) to work on /home/abayturar/airflow-project/venv/lib/python3.12/site-packages/airflow/example_dags/example_short_circuit_operator.py
[2026-03-28T19:01:49.256+0500] {processor.py:830} INFO - Processing file /home/abayturar/airflow-project/venv/lib/python3.12/site-packages/airflow/example_dags/example_short_circuit_operator.py for tasks to queue
[2026-03-28T19:01:49.258+0500] {logging_mixin.py:188} INFO - [2026-03-28T19:01:49.257+0500] {dagbag.py:545} INFO - Filling up the DagBag from /home/abayturar/airflow-project/venv/lib/python3.12/site-packages/airflow/example_dags/example_short_circuit_operator.py
[2026-03-28T19:01:49.265+0500] {processor.py:840} INFO - DAG(s) 'example_short_circuit_operator' retrieved from /home/abayturar/airflow-project/venv/lib/python3.12/site-packages/airflow/example_dags/example_short_circuit_operator.py
[2026-03-28T19:01:49.283+0500] {logging_mixin.py:188} INFO - [2026-03-28T19:01:49.282+0500] {dag.py:3089} INFO - Sync 1 DAGs
[2026-03-28T19:01:49.297+0500] {logging_mixin.py:188} INFO - [2026-03-28T19:01:49.297+0500] {dag.py:3947} INFO - Setting next_dagrun for example_short_circuit_operator to 2026-03-27 00:00:00+00:00, run_after=2026-03-28 00:00:00+00:00
[2026-03-28T19:01:49.312+0500] {processor.py:183} INFO - Processing /home/abayturar/airflow-project/venv/lib/python3.12/site-packages/airflow/example_dags/example_short_circuit_operator.py took 0.063 seconds
[2026-03-28T19:02:33.658+0500] {processor.py:161} INFO - Started process (PID=25178) to work on /home/abayturar/airflow-project/venv/lib/python3.12/site-packages/airflow/example_dags/example_short_circuit_operator.py
[2026-03-28T19:02:33.659+0500] {processor.py:830} INFO - Processing file /home/abayturar/airflow-project/venv/lib/python3.12/site-packages/airflow/example_dags/example_short_circuit_operator.py for tasks to queue
[2026-03-28T19:02:33.660+0500] {logging_mixin.py:188} INFO - [2026-03-28T19:02:33.660+0500] {dagbag.py:545} INFO - Filling up the DagBag from /home/abayturar/airflow-project/venv/lib/python3.12/site-packages/airflow/example_dags/example_short_circuit_operator.py
[2026-03-28T19:02:33.668+0500] {processor.py:840} INFO - DAG(s) 'example_short_circuit_operator' retrieved from /home/abayturar/airflow-project/venv/lib/python3.12/site-packages/airflow/example_dags/example_short_circuit_operator.py
[2026-03-28T19:02:33.687+0500] {logging_mixin.py:188} INFO - [2026-03-28T19:02:33.687+0500] {dag.py:3089} INFO - Sync 1 DAGs
[2026-03-28T19:02:33.703+0500] {logging_mixin.py:188} INFO - [2026-03-28T19:02:33.703+0500] {dag.py:3947} INFO - Setting next_dagrun for example_short_circuit_operator to 2026-03-27 00:00:00+00:00, run_after=2026-03-28 00:00:00+00:00
[2026-03-28T19:02:33.731+0500] {processor.py:183} INFO - Processing /home/abayturar/airflow-project/venv/lib/python3.12/site-packages/airflow/example_dags/example_short_circuit_operator.py took 0.080 seconds
[2026-03-28T19:03:15.285+0500] {processor.py:161} INFO - Started process (PID=25291) to work on /home/abayturar/airflow-project/venv/lib/python3.12/site-packages/airflow/example_dags/example_short_circuit_operator.py
[2026-03-28T19:03:15.286+0500] {processor.py:830} INFO - Processing file /home/abayturar/airflow-project/venv/lib/python3.12/site-packages/airflow/example_dags/example_short_circuit_operator.py for tasks to queue
[2026-03-28T19:03:15.288+0500] {logging_mixin.py:188} INFO - [2026-03-28T19:03:15.287+0500] {dagbag.py:545} INFO - Filling up the DagBag from /home/abayturar/airflow-project/venv/lib/python3.12/site-packages/airflow/example_dags/example_short_circuit_operator.py
[2026-03-28T19:03:15.296+0500] {processor.py:840} INFO - DAG(s) 'example_short_circuit_operator' retrieved from /home/abayturar/airflow-project/venv/lib/python3.12/site-packages/airflow/example_dags/example_short_circuit_operator.py
[2026-03-28T19:03:15.313+0500] {logging_mixin.py:188} INFO - [2026-03-28T19:03:15.313+0500] {dag.py:3089} INFO - Sync 1 DAGs
[2026-03-28T19:03:15.328+0500] {logging_mixin.py:188} INFO - [2026-03-28T19:03:15.327+0500] {dag.py:3947} INFO - Setting next_dagrun for example_short_circuit_operator to 2026-03-27 00:00:00+00:00, run_after=2026-03-28 00:00:00+00:00
[2026-03-28T19:03:15.355+0500] {processor.py:183} INFO - Processing /home/abayturar/airflow-project/venv/lib/python3.12/site-packages/airflow/example_dags/example_short_circuit_operator.py took 0.076 seconds
[2026-03-28T19:03:59.929+0500] {processor.py:161} INFO - Started process (PID=25413) to work on /home/abayturar/airflow-project/venv/lib/python3.12/site-packages/airflow/example_dags/example_short_circuit_operator.py
[2026-03-28T19:03:59.930+0500] {processor.py:830} INFO - Processing file /home/abayturar/airflow-project/venv/lib/python3.12/site-packages/airflow/example_dags/example_short_circuit_operator.py for tasks to queue
[2026-03-28T19:03:59.931+0500] {logging_mixin.py:188} INFO - [2026-03-28T19:03:59.931+0500] {dagbag.py:545} INFO - Filling up the DagBag from /home/abayturar/airflow-project/venv/lib/python3.12/site-packages/airflow/example_dags/example_short_circuit_operator.py
[2026-03-28T19:03:59.939+0500] {processor.py:840} INFO - DAG(s) 'example_short_circuit_operator' retrieved from /home/abayturar/airflow-project/venv/lib/python3.12/site-packages/airflow/example_dags/example_short_circuit_operator.py
[2026-03-28T19:03:59.955+0500] {logging_mixin.py:188} INFO - [2026-03-28T19:03:59.955+0500] {dag.py:3089} INFO - Sync 1 DAGs
[2026-03-28T19:03:59.969+0500] {logging_mixin.py:188} INFO - [2026-03-28T19:03:59.969+0500] {dag.py:3947} INFO - Setting next_dagrun for example_short_circuit_operator to 2026-03-27 00:00:00+00:00, run_after=2026-03-28 00:00:00+00:00
[2026-03-28T19:04:00.001+0500] {processor.py:183} INFO - Processing /home/abayturar/airflow-project/venv/lib/python3.12/site-packages/airflow/example_dags/example_short_circuit_operator.py took 0.078 seconds
[2026-03-28T19:04:49.070+0500] {processor.py:161} INFO - Started process (PID=25543) to work on /home/abayturar/airflow-project/venv/lib/python3.12/site-packages/airflow/example_dags/example_short_circuit_operator.py
[2026-03-28T19:04:49.071+0500] {processor.py:830} INFO - Processing file /home/abayturar/airflow-project/venv/lib/python3.12/site-packages/airflow/example_dags/example_short_circuit_operator.py for tasks to queue
[2026-03-28T19:04:49.073+0500] {logging_mixin.py:188} INFO - [2026-03-28T19:04:49.072+0500] {dagbag.py:545} INFO - Filling up the DagBag from /home/abayturar/airflow-project/venv/lib/python3.12/site-packages/airflow/example_dags/example_short_circuit_operator.py
[2026-03-28T19:04:49.080+0500] {processor.py:840} INFO - DAG(s) 'example_short_circuit_operator' retrieved from /home/abayturar/airflow-project/venv/lib/python3.12/site-packages/airflow/example_dags/example_short_circuit_operator.py
[2026-03-28T19:04:49.096+0500] {logging_mixin.py:188} INFO - [2026-03-28T19:04:49.096+0500] {dag.py:3089} INFO - Sync 1 DAGs
[2026-03-28T19:04:49.109+0500] {logging_mixin.py:188} INFO - [2026-03-28T19:04:49.109+0500] {dag.py:3947} INFO - Setting next_dagrun for example_short_circuit_operator to 2026-03-27 00:00:00+00:00, run_after=2026-03-28 00:00:00+00:00
[2026-03-28T19:04:49.124+0500] {processor.py:183} INFO - Processing /home/abayturar/airflow-project/venv/lib/python3.12/site-packages/airflow/example_dags/example_short_circuit_operator.py took 0.059 seconds
[2026-03-28T19:05:33.055+0500] {processor.py:161} INFO - Started process (PID=25662) to work on /home/abayturar/airflow-project/venv/lib/python3.12/site-packages/airflow/example_dags/example_short_circuit_operator.py
[2026-03-28T19:05:33.056+0500] {processor.py:830} INFO - Processing file /home/abayturar/airflow-project/venv/lib/python3.12/site-packages/airflow/example_dags/example_short_circuit_operator.py for tasks to queue
[2026-03-28T19:05:33.058+0500] {logging_mixin.py:188} INFO - [2026-03-28T19:05:33.058+0500] {dagbag.py:545} INFO - Filling up the DagBag from /home/abayturar/airflow-project/venv/lib/python3.12/site-packages/airflow/example_dags/example_short_circuit_operator.py
[2026-03-28T19:05:33.067+0500] {processor.py:840} INFO - DAG(s) 'example_short_circuit_operator' retrieved from /home/abayturar/airflow-project/venv/lib/python3.12/site-packages/airflow/example_dags/example_short_circuit_operator.py
[2026-03-28T19:05:33.091+0500] {logging_mixin.py:188} INFO - [2026-03-28T19:05:33.091+0500] {dag.py:3089} INFO - Sync 1 DAGs
[2026-03-28T19:05:33.112+0500] {logging_mixin.py:188} INFO - [2026-03-28T19:05:33.112+0500] {dag.py:3947} INFO - Setting next_dagrun for example_short_circuit_operator to 2026-03-27 00:00:00+00:00, run_after=2026-03-28 00:00:00+00:00
[2026-03-28T19:05:33.143+0500] {processor.py:183} INFO - Processing /home/abayturar/airflow-project/venv/lib/python3.12/site-packages/airflow/example_dags/example_short_circuit_operator.py took 0.098 seconds
[2026-03-28T19:06:16.606+0500] {processor.py:161} INFO - Started process (PID=25780) to work on /home/abayturar/airflow-project/venv/lib/python3.12/site-packages/airflow/example_dags/example_short_circuit_operator.py
[2026-03-28T19:06:16.607+0500] {processor.py:830} INFO - Processing file /home/abayturar/airflow-project/venv/lib/python3.12/site-packages/airflow/example_dags/example_short_circuit_operator.py for tasks to queue
[2026-03-28T19:06:16.609+0500] {logging_mixin.py:188} INFO - [2026-03-28T19:06:16.609+0500] {dagbag.py:545} INFO - Filling up the DagBag from /home/abayturar/airflow-project/venv/lib/python3.12/site-packages/airflow/example_dags/example_short_circuit_operator.py
[2026-03-28T19:06:16.617+0500] {processor.py:840} INFO - DAG(s) 'example_short_circuit_operator' retrieved from /home/abayturar/airflow-project/venv/lib/python3.12/site-packages/airflow/example_dags/example_short_circuit_operator.py
[2026-03-28T19:06:16.633+0500] {logging_mixin.py:188} INFO - [2026-03-28T19:06:16.633+0500] {dag.py:3089} INFO - Sync 1 DAGs
[2026-03-28T19:06:16.647+0500] {logging_mixin.py:188} INFO - [2026-03-28T19:06:16.647+0500] {dag.py:3947} INFO - Setting next_dagrun for example_short_circuit_operator to 2026-03-27 00:00:00+00:00, run_after=2026-03-28 00:00:00+00:00
[2026-03-28T19:06:16.674+0500] {processor.py:183} INFO - Processing /home/abayturar/airflow-project/venv/lib/python3.12/site-packages/airflow/example_dags/example_short_circuit_operator.py took 0.074 seconds
[2026-03-28T19:06:58.082+0500] {processor.py:161} INFO - Started process (PID=25892) to work on /home/abayturar/airflow-project/venv/lib/python3.12/site-packages/airflow/example_dags/example_short_circuit_operator.py
[2026-03-28T19:06:58.083+0500] {processor.py:830} INFO - Processing file /home/abayturar/airflow-project/venv/lib/python3.12/site-packages/airflow/example_dags/example_short_circuit_operator.py for tasks to queue
[2026-03-28T19:06:58.085+0500] {logging_mixin.py:188} INFO - [2026-03-28T19:06:58.085+0500] {dagbag.py:545} INFO - Filling up the DagBag from /home/abayturar/airflow-project/venv/lib/python3.12/site-packages/airflow/example_dags/example_short_circuit_operator.py
[2026-03-28T19:06:58.094+0500] {processor.py:840} INFO - DAG(s) 'example_short_circuit_operator' retrieved from /home/abayturar/airflow-project/venv/lib/python3.12/site-packages/airflow/example_dags/example_short_circuit_operator.py
[2026-03-28T19:06:58.111+0500] {logging_mixin.py:188} INFO - [2026-03-28T19:06:58.111+0500] {dag.py:3089} INFO - Sync 1 DAGs
[2026-03-28T19:06:58.125+0500] {logging_mixin.py:188} INFO - [2026-03-28T19:06:58.125+0500] {dag.py:3947} INFO - Setting next_dagrun for example_short_circuit_operator to 2026-03-27 00:00:00+00:00, run_after=2026-03-28 00:00:00+00:00
[2026-03-28T19:06:58.154+0500] {processor.py:183} INFO - Processing /home/abayturar/airflow-project/venv/lib/python3.12/site-packages/airflow/example_dags/example_short_circuit_operator.py took 0.078 seconds
[2026-03-28T19:07:44.891+0500] {processor.py:161} INFO - Started process (PID=26019) to work on /home/abayturar/airflow-project/venv/lib/python3.12/site-packages/airflow/example_dags/example_short_circuit_operator.py
[2026-03-28T19:07:44.892+0500] {processor.py:830} INFO - Processing file /home/abayturar/airflow-project/venv/lib/python3.12/site-packages/airflow/example_dags/example_short_circuit_operator.py for tasks to queue
[2026-03-28T19:07:44.895+0500] {logging_mixin.py:188} INFO - [2026-03-28T19:07:44.895+0500] {dagbag.py:545} INFO - Filling up the DagBag from /home/abayturar/airflow-project/venv/lib/python3.12/site-packages/airflow/example_dags/example_short_circuit_operator.py
[2026-03-28T19:07:44.904+0500] {processor.py:840} INFO - DAG(s) 'example_short_circuit_operator' retrieved from /home/abayturar/airflow-project/venv/lib/python3.12/site-packages/airflow/example_dags/example_short_circuit_operator.py
[2026-03-28T19:07:44.923+0500] {logging_mixin.py:188} INFO - [2026-03-28T19:07:44.923+0500] {dag.py:3089} INFO - Sync 1 DAGs
[2026-03-28T19:07:44.938+0500] {logging_mixin.py:188} INFO - [2026-03-28T19:07:44.938+0500] {dag.py:3947} INFO - Setting next_dagrun for example_short_circuit_operator to 2026-03-27 00:00:00+00:00, run_after=2026-03-28 00:00:00+00:00
[2026-03-28T19:07:44.958+0500] {processor.py:183} INFO - Processing /home/abayturar/airflow-project/venv/lib/python3.12/site-packages/airflow/example_dags/example_short_circuit_operator.py took 0.075 seconds
[2026-03-28T19:08:33.812+0500] {processor.py:161} INFO - Started process (PID=26149) to work on /home/abayturar/airflow-project/venv/lib/python3.12/site-packages/airflow/example_dags/example_short_circuit_operator.py
[2026-03-28T19:08:33.813+0500] {processor.py:830} INFO - Processing file /home/abayturar/airflow-project/venv/lib/python3.12/site-packages/airflow/example_dags/example_short_circuit_operator.py for tasks to queue
[2026-03-28T19:08:33.815+0500] {logging_mixin.py:188} INFO - [2026-03-28T19:08:33.814+0500] {dagbag.py:545} INFO - Filling up the DagBag from /home/abayturar/airflow-project/venv/lib/python3.12/site-packages/airflow/example_dags/example_short_circuit_operator.py
[2026-03-28T19:08:33.823+0500] {processor.py:840} INFO - DAG(s) 'example_short_circuit_operator' retrieved from /home/abayturar/airflow-project/venv/lib/python3.12/site-packages/airflow/example_dags/example_short_circuit_operator.py
[2026-03-28T19:08:33.840+0500] {logging_mixin.py:188} INFO - [2026-03-28T19:08:33.840+0500] {dag.py:3089} INFO - Sync 1 DAGs
[2026-03-28T19:08:33.855+0500] {logging_mixin.py:188} INFO - [2026-03-28T19:08:33.855+0500] {dag.py:3947} INFO - Setting next_dagrun for example_short_circuit_operator to 2026-03-27 00:00:00+00:00, run_after=2026-03-28 00:00:00+00:00
[2026-03-28T19:08:33.873+0500] {processor.py:183} INFO - Processing /home/abayturar/airflow-project/venv/lib/python3.12/site-packages/airflow/example_dags/example_short_circuit_operator.py took 0.067 seconds
[2026-03-28T19:09:21.413+0500] {processor.py:161} INFO - Started process (PID=26277) to work on /home/abayturar/airflow-project/venv/lib/python3.12/site-packages/airflow/example_dags/example_short_circuit_operator.py
[2026-03-28T19:09:21.414+0500] {processor.py:830} INFO - Processing file /home/abayturar/airflow-project/venv/lib/python3.12/site-packages/airflow/example_dags/example_short_circuit_operator.py for tasks to queue
[2026-03-28T19:09:21.416+0500] {logging_mixin.py:188} INFO - [2026-03-28T19:09:21.415+0500] {dagbag.py:545} INFO - Filling up the DagBag from /home/abayturar/airflow-project/venv/lib/python3.12/site-packages/airflow/example_dags/example_short_circuit_operator.py
[2026-03-28T19:09:21.423+0500] {processor.py:840} INFO - DAG(s) 'example_short_circuit_operator' retrieved from /home/abayturar/airflow-project/venv/lib/python3.12/site-packages/airflow/example_dags/example_short_circuit_operator.py
[2026-03-28T19:09:21.440+0500] {logging_mixin.py:188} INFO - [2026-03-28T19:09:21.440+0500] {dag.py:3089} INFO - Sync 1 DAGs
[2026-03-28T19:09:21.455+0500] {logging_mixin.py:188} INFO - [2026-03-28T19:09:21.455+0500] {dag.py:3947} INFO - Setting next_dagrun for example_short_circuit_operator to 2026-03-27 00:00:00+00:00, run_after=2026-03-28 00:00:00+00:00
[2026-03-28T19:09:21.483+0500] {processor.py:183} INFO - Processing /home/abayturar/airflow-project/venv/lib/python3.12/site-packages/airflow/example_dags/example_short_circuit_operator.py took 0.076 seconds
[2026-03-28T19:10:05.508+0500] {processor.py:161} INFO - Started process (PID=26396) to work on /home/abayturar/airflow-project/venv/lib/python3.12/site-packages/airflow/example_dags/example_short_circuit_operator.py
[2026-03-28T19:10:05.509+0500] {processor.py:830} INFO - Processing file /home/abayturar/airflow-project/venv/lib/python3.12/site-packages/airflow/example_dags/example_short_circuit_operator.py for tasks to queue
[2026-03-28T19:10:05.511+0500] {logging_mixin.py:188} INFO - [2026-03-28T19:10:05.511+0500] {dagbag.py:545} INFO - Filling up the DagBag from /home/abayturar/airflow-project/venv/lib/python3.12/site-packages/airflow/example_dags/example_short_circuit_operator.py
[2026-03-28T19:10:05.520+0500] {processor.py:840} INFO - DAG(s) 'example_short_circuit_operator' retrieved from /home/abayturar/airflow-project/venv/lib/python3.12/site-packages/airflow/example_dags/example_short_circuit_operator.py
[2026-03-28T19:10:05.540+0500] {logging_mixin.py:188} INFO - [2026-03-28T19:10:05.540+0500] {dag.py:3089} INFO - Sync 1 DAGs
[2026-03-28T19:10:05.556+0500] {logging_mixin.py:188} INFO - [2026-03-28T19:10:05.555+0500] {dag.py:3947} INFO - Setting next_dagrun for example_short_circuit_operator to 2026-03-27 00:00:00+00:00, run_after=2026-03-28 00:00:00+00:00
[2026-03-28T19:10:05.573+0500] {processor.py:183} INFO - Processing /home/abayturar/airflow-project/venv/lib/python3.12/site-packages/airflow/example_dags/example_short_circuit_operator.py took 0.071 seconds
[2026-03-28T19:10:53.501+0500] {processor.py:161} INFO - Started process (PID=26524) to work on /home/abayturar/airflow-project/venv/lib/python3.12/site-packages/airflow/example_dags/example_short_circuit_operator.py
[2026-03-28T19:10:53.502+0500] {processor.py:830} INFO - Processing file /home/abayturar/airflow-project/venv/lib/python3.12/site-packages/airflow/example_dags/example_short_circuit_operator.py for tasks to queue
[2026-03-28T19:10:53.504+0500] {logging_mixin.py:188} INFO - [2026-03-28T19:10:53.503+0500] {dagbag.py:545} INFO - Filling up the DagBag from /home/abayturar/airflow-project/venv/lib/python3.12/site-packages/airflow/example_dags/example_short_circuit_operator.py
[2026-03-28T19:10:53.512+0500] {processor.py:840} INFO - DAG(s) 'example_short_circuit_operator' retrieved from /home/abayturar/airflow-project/venv/lib/python3.12/site-packages/airflow/example_dags/example_short_circuit_operator.py
[2026-03-28T19:10:53.528+0500] {logging_mixin.py:188} INFO - [2026-03-28T19:10:53.528+0500] {dag.py:3089} INFO - Sync 1 DAGs
[2026-03-28T19:10:53.542+0500] {logging_mixin.py:188} INFO - [2026-03-28T19:10:53.542+0500] {dag.py:3947} INFO - Setting next_dagrun for example_short_circuit_operator to 2026-03-27 00:00:00+00:00, run_after=2026-03-28 00:00:00+00:00
[2026-03-28T19:10:53.568+0500] {processor.py:183} INFO - Processing /home/abayturar/airflow-project/venv/lib/python3.12/site-packages/airflow/example_dags/example_short_circuit_operator.py took 0.073 seconds
[2026-03-28T19:11:42.258+0500] {processor.py:161} INFO - Started process (PID=26652) to work on /home/abayturar/airflow-project/venv/lib/python3.12/site-packages/airflow/example_dags/example_short_circuit_operator.py
[2026-03-28T19:11:42.258+0500] {processor.py:830} INFO - Processing file /home/abayturar/airflow-project/venv/lib/python3.12/site-packages/airflow/example_dags/example_short_circuit_operator.py for tasks to queue
[2026-03-28T19:11:42.260+0500] {logging_mixin.py:188} INFO - [2026-03-28T19:11:42.260+0500] {dagbag.py:545} INFO - Filling up the DagBag from /home/abayturar/airflow-project/venv/lib/python3.12/site-packages/airflow/example_dags/example_short_circuit_operator.py
[2026-03-28T19:11:42.268+0500] {processor.py:840} INFO - DAG(s) 'example_short_circuit_operator' retrieved from /home/abayturar/airflow-project/venv/lib/python3.12/site-packages/airflow/example_dags/example_short_circuit_operator.py
[2026-03-28T19:11:42.285+0500] {logging_mixin.py:188} INFO - [2026-03-28T19:11:42.285+0500] {dag.py:3089} INFO - Sync 1 DAGs
[2026-03-28T19:11:42.300+0500] {logging_mixin.py:188} INFO - [2026-03-28T19:11:42.300+0500] {dag.py:3947} INFO - Setting next_dagrun for example_short_circuit_operator to 2026-03-27 00:00:00+00:00, run_after=2026-03-28 00:00:00+00:00
[2026-03-28T19:11:42.316+0500] {processor.py:183} INFO - Processing /home/abayturar/airflow-project/venv/lib/python3.12/site-packages/airflow/example_dags/example_short_circuit_operator.py took 0.064 seconds
[2026-03-28T19:12:28.400+0500] {processor.py:161} INFO - Started process (PID=26778) to work on /home/abayturar/airflow-project/venv/lib/python3.12/site-packages/airflow/example_dags/example_short_circuit_operator.py
[2026-03-28T19:12:28.401+0500] {processor.py:830} INFO - Processing file /home/abayturar/airflow-project/venv/lib/python3.12/site-packages/airflow/example_dags/example_short_circuit_operator.py for tasks to queue
[2026-03-28T19:12:28.402+0500] {logging_mixin.py:188} INFO - [2026-03-28T19:12:28.402+0500] {dagbag.py:545} INFO - Filling up the DagBag from /home/abayturar/airflow-project/venv/lib/python3.12/site-packages/airflow/example_dags/example_short_circuit_operator.py
[2026-03-28T19:12:28.410+0500] {processor.py:840} INFO - DAG(s) 'example_short_circuit_operator' retrieved from /home/abayturar/airflow-project/venv/lib/python3.12/site-packages/airflow/example_dags/example_short_circuit_operator.py
[2026-03-28T19:12:28.427+0500] {logging_mixin.py:188} INFO - [2026-03-28T19:12:28.427+0500] {dag.py:3089} INFO - Sync 1 DAGs
[2026-03-28T19:12:28.441+0500] {logging_mixin.py:188} INFO - [2026-03-28T19:12:28.441+0500] {dag.py:3947} INFO - Setting next_dagrun for example_short_circuit_operator to 2026-03-27 00:00:00+00:00, run_after=2026-03-28 00:00:00+00:00
[2026-03-28T19:12:28.468+0500] {processor.py:183} INFO - Processing /home/abayturar/airflow-project/venv/lib/python3.12/site-packages/airflow/example_dags/example_short_circuit_operator.py took 0.074 seconds
[2026-03-28T19:13:17.200+0500] {processor.py:161} INFO - Started process (PID=26905) to work on /home/abayturar/airflow-project/venv/lib/python3.12/site-packages/airflow/example_dags/example_short_circuit_operator.py
[2026-03-28T19:13:17.201+0500] {processor.py:830} INFO - Processing file /home/abayturar/airflow-project/venv/lib/python3.12/site-packages/airflow/example_dags/example_short_circuit_operator.py for tasks to queue
[2026-03-28T19:13:17.203+0500] {logging_mixin.py:188} INFO - [2026-03-28T19:13:17.202+0500] {dagbag.py:545} INFO - Filling up the DagBag from /home/abayturar/airflow-project/venv/lib/python3.12/site-packages/airflow/example_dags/example_short_circuit_operator.py
[2026-03-28T19:13:17.210+0500] {processor.py:840} INFO - DAG(s) 'example_short_circuit_operator' retrieved from /home/abayturar/airflow-project/venv/lib/python3.12/site-packages/airflow/example_dags/example_short_circuit_operator.py
[2026-03-28T19:13:17.226+0500] {logging_mixin.py:188} INFO - [2026-03-28T19:13:17.226+0500] {dag.py:3089} INFO - Sync 1 DAGs
[2026-03-28T19:13:17.240+0500] {logging_mixin.py:188} INFO - [2026-03-28T19:13:17.240+0500] {dag.py:3947} INFO - Setting next_dagrun for example_short_circuit_operator to 2026-03-27 00:00:00+00:00, run_after=2026-03-28 00:00:00+00:00
[2026-03-28T19:13:17.257+0500] {processor.py:183} INFO - Processing /home/abayturar/airflow-project/venv/lib/python3.12/site-packages/airflow/example_dags/example_short_circuit_operator.py took 0.063 seconds
[2026-03-28T19:14:03.136+0500] {processor.py:161} INFO - Started process (PID=27031) to work on /home/abayturar/airflow-project/venv/lib/python3.12/site-packages/airflow/example_dags/example_short_circuit_operator.py
[2026-03-28T19:14:03.138+0500] {processor.py:830} INFO - Processing file /home/abayturar/airflow-project/venv/lib/python3.12/site-packages/airflow/example_dags/example_short_circuit_operator.py for tasks to queue
[2026-03-28T19:14:03.141+0500] {logging_mixin.py:188} INFO - [2026-03-28T19:14:03.140+0500] {dagbag.py:545} INFO - Filling up the DagBag from /home/abayturar/airflow-project/venv/lib/python3.12/site-packages/airflow/example_dags/example_short_circuit_operator.py
[2026-03-28T19:14:03.151+0500] {processor.py:840} INFO - DAG(s) 'example_short_circuit_operator' retrieved from /home/abayturar/airflow-project/venv/lib/python3.12/site-packages/airflow/example_dags/example_short_circuit_operator.py
[2026-03-28T19:14:03.177+0500] {logging_mixin.py:188} INFO - [2026-03-28T19:14:03.177+0500] {dag.py:3089} INFO - Sync 1 DAGs
[2026-03-28T19:14:03.236+0500] {logging_mixin.py:188} INFO - [2026-03-28T19:14:03.236+0500] {dag.py:3947} INFO - Setting next_dagrun for example_short_circuit_operator to 2026-03-27 00:00:00+00:00, run_after=2026-03-28 00:00:00+00:00
[2026-03-28T19:14:03.270+0500] {processor.py:183} INFO - Processing /home/abayturar/airflow-project/venv/lib/python3.12/site-packages/airflow/example_dags/example_short_circuit_operator.py took 0.144 seconds
[2026-03-28T19:14:50.986+0500] {processor.py:161} INFO - Started process (PID=27160) to work on /home/abayturar/airflow-project/venv/lib/python3.12/site-packages/airflow/example_dags/example_short_circuit_operator.py
[2026-03-28T19:14:50.987+0500] {processor.py:830} INFO - Processing file /home/abayturar/airflow-project/venv/lib/python3.12/site-packages/airflow/example_dags/example_short_circuit_operator.py for tasks to queue
[2026-03-28T19:14:50.989+0500] {logging_mixin.py:188} INFO - [2026-03-28T19:14:50.989+0500] {dagbag.py:545} INFO - Filling up the DagBag from /home/abayturar/airflow-project/venv/lib/python3.12/site-packages/airflow/example_dags/example_short_circuit_operator.py
[2026-03-28T19:14:50.997+0500] {processor.py:840} INFO - DAG(s) 'example_short_circuit_operator' retrieved from /home/abayturar/airflow-project/venv/lib/python3.12/site-packages/airflow/example_dags/example_short_circuit_operator.py
[2026-03-28T19:14:51.014+0500] {logging_mixin.py:188} INFO - [2026-03-28T19:14:51.014+0500] {dag.py:3089} INFO - Sync 1 DAGs
[2026-03-28T19:14:51.029+0500] {logging_mixin.py:188} INFO - [2026-03-28T19:14:51.029+0500] {dag.py:3947} INFO - Setting next_dagrun for example_short_circuit_operator to 2026-03-27 00:00:00+00:00, run_after=2026-03-28 00:00:00+00:00
[2026-03-28T19:14:51.045+0500] {processor.py:183} INFO - Processing /home/abayturar/airflow-project/venv/lib/python3.12/site-packages/airflow/example_dags/example_short_circuit_operator.py took 0.066 seconds
[2026-03-28T19:15:36.832+0500] {processor.py:161} INFO - Started process (PID=27283) to work on /home/abayturar/airflow-project/venv/lib/python3.12/site-packages/airflow/example_dags/example_short_circuit_operator.py
[2026-03-28T19:15:36.833+0500] {processor.py:830} INFO - Processing file /home/abayturar/airflow-project/venv/lib/python3.12/site-packages/airflow/example_dags/example_short_circuit_operator.py for tasks to queue
[2026-03-28T19:15:36.835+0500] {logging_mixin.py:188} INFO - [2026-03-28T19:15:36.834+0500] {dagbag.py:545} INFO - Filling up the DagBag from /home/abayturar/airflow-project/venv/lib/python3.12/site-packages/airflow/example_dags/example_short_circuit_operator.py
[2026-03-28T19:15:36.844+0500] {processor.py:840} INFO - DAG(s) 'example_short_circuit_operator' retrieved from /home/abayturar/airflow-project/venv/lib/python3.12/site-packages/airflow/example_dags/example_short_circuit_operator.py
[2026-03-28T19:15:36.860+0500] {logging_mixin.py:188} INFO - [2026-03-28T19:15:36.860+0500] {dag.py:3089} INFO - Sync 1 DAGs
[2026-03-28T19:15:36.874+0500] {logging_mixin.py:188} INFO - [2026-03-28T19:15:36.874+0500] {dag.py:3947} INFO - Setting next_dagrun for example_short_circuit_operator to 2026-03-27 00:00:00+00:00, run_after=2026-03-28 00:00:00+00:00
[2026-03-28T19:15:36.902+0500] {processor.py:183} INFO - Processing /home/abayturar/airflow-project/venv/lib/python3.12/site-packages/airflow/example_dags/example_short_circuit_operator.py took 0.076 seconds
[2026-03-28T19:16:21.274+0500] {processor.py:161} INFO - Started process (PID=27404) to work on /home/abayturar/airflow-project/venv/lib/python3.12/site-packages/airflow/example_dags/example_short_circuit_operator.py
[2026-03-28T19:16:21.275+0500] {processor.py:830} INFO - Processing file /home/abayturar/airflow-project/venv/lib/python3.12/site-packages/airflow/example_dags/example_short_circuit_operator.py for tasks to queue
[2026-03-28T19:16:21.276+0500] {logging_mixin.py:188} INFO - [2026-03-28T19:16:21.276+0500] {dagbag.py:545} INFO - Filling up the DagBag from /home/abayturar/airflow-project/venv/lib/python3.12/site-packages/airflow/example_dags/example_short_circuit_operator.py
[2026-03-28T19:16:21.284+0500] {processor.py:840} INFO - DAG(s) 'example_short_circuit_operator' retrieved from /home/abayturar/airflow-project/venv/lib/python3.12/site-packages/airflow/example_dags/example_short_circuit_operator.py
[2026-03-28T19:16:21.301+0500] {logging_mixin.py:188} INFO - [2026-03-28T19:16:21.301+0500] {dag.py:3089} INFO - Sync 1 DAGs
[2026-03-28T19:16:21.315+0500] {logging_mixin.py:188} INFO - [2026-03-28T19:16:21.315+0500] {dag.py:3947} INFO - Setting next_dagrun for example_short_circuit_operator to 2026-03-27 00:00:00+00:00, run_after=2026-03-28 00:00:00+00:00
[2026-03-28T19:16:21.341+0500] {processor.py:183} INFO - Processing /home/abayturar/airflow-project/venv/lib/python3.12/site-packages/airflow/example_dags/example_short_circuit_operator.py took 0.074 seconds
[2026-03-28T19:17:08.528+0500] {processor.py:161} INFO - Started process (PID=27530) to work on /home/abayturar/airflow-project/venv/lib/python3.12/site-packages/airflow/example_dags/example_short_circuit_operator.py
[2026-03-28T19:17:08.529+0500] {processor.py:830} INFO - Processing file /home/abayturar/airflow-project/venv/lib/python3.12/site-packages/airflow/example_dags/example_short_circuit_operator.py for tasks to queue
[2026-03-28T19:17:08.531+0500] {logging_mixin.py:188} INFO - [2026-03-28T19:17:08.531+0500] {dagbag.py:545} INFO - Filling up the DagBag from /home/abayturar/airflow-project/venv/lib/python3.12/site-packages/airflow/example_dags/example_short_circuit_operator.py
[2026-03-28T19:17:08.541+0500] {processor.py:840} INFO - DAG(s) 'example_short_circuit_operator' retrieved from /home/abayturar/airflow-project/venv/lib/python3.12/site-packages/airflow/example_dags/example_short_circuit_operator.py
[2026-03-28T19:17:08.564+0500] {logging_mixin.py:188} INFO - [2026-03-28T19:17:08.564+0500] {dag.py:3089} INFO - Sync 1 DAGs
[2026-03-28T19:17:08.583+0500] {logging_mixin.py:188} INFO - [2026-03-28T19:17:08.583+0500] {dag.py:3947} INFO - Setting next_dagrun for example_short_circuit_operator to 2026-03-27 00:00:00+00:00, run_after=2026-03-28 00:00:00+00:00
[2026-03-28T19:17:08.613+0500] {processor.py:183} INFO - Processing /home/abayturar/airflow-project/venv/lib/python3.12/site-packages/airflow/example_dags/example_short_circuit_operator.py took 0.093 seconds
[2026-03-28T19:17:55.199+0500] {processor.py:161} INFO - Started process (PID=27657) to work on /home/abayturar/airflow-project/venv/lib/python3.12/site-packages/airflow/example_dags/example_short_circuit_operator.py
[2026-03-28T19:17:55.200+0500] {processor.py:830} INFO - Processing file /home/abayturar/airflow-project/venv/lib/python3.12/site-packages/airflow/example_dags/example_short_circuit_operator.py for tasks to queue
[2026-03-28T19:17:55.201+0500] {logging_mixin.py:188} INFO - [2026-03-28T19:17:55.201+0500] {dagbag.py:545} INFO - Filling up the DagBag from /home/abayturar/airflow-project/venv/lib/python3.12/site-packages/airflow/example_dags/example_short_circuit_operator.py
[2026-03-28T19:17:55.208+0500] {processor.py:840} INFO - DAG(s) 'example_short_circuit_operator' retrieved from /home/abayturar/airflow-project/venv/lib/python3.12/site-packages/airflow/example_dags/example_short_circuit_operator.py
[2026-03-28T19:17:55.225+0500] {logging_mixin.py:188} INFO - [2026-03-28T19:17:55.225+0500] {dag.py:3089} INFO - Sync 1 DAGs
[2026-03-28T19:17:55.239+0500] {logging_mixin.py:188} INFO - [2026-03-28T19:17:55.239+0500] {dag.py:3947} INFO - Setting next_dagrun for example_short_circuit_operator to 2026-03-27 00:00:00+00:00, run_after=2026-03-28 00:00:00+00:00
[2026-03-28T19:17:55.253+0500] {processor.py:183} INFO - Processing /home/abayturar/airflow-project/venv/lib/python3.12/site-packages/airflow/example_dags/example_short_circuit_operator.py took 0.061 seconds
[2026-03-28T19:18:38.137+0500] {processor.py:161} INFO - Started process (PID=27772) to work on /home/abayturar/airflow-project/venv/lib/python3.12/site-packages/airflow/example_dags/example_short_circuit_operator.py
[2026-03-28T19:18:38.138+0500] {processor.py:830} INFO - Processing file /home/abayturar/airflow-project/venv/lib/python3.12/site-packages/airflow/example_dags/example_short_circuit_operator.py for tasks to queue
[2026-03-28T19:18:38.139+0500] {logging_mixin.py:188} INFO - [2026-03-28T19:18:38.139+0500] {dagbag.py:545} INFO - Filling up the DagBag from /home/abayturar/airflow-project/venv/lib/python3.12/site-packages/airflow/example_dags/example_short_circuit_operator.py
[2026-03-28T19:18:38.146+0500] {processor.py:840} INFO - DAG(s) 'example_short_circuit_operator' retrieved from /home/abayturar/airflow-project/venv/lib/python3.12/site-packages/airflow/example_dags/example_short_circuit_operator.py
[2026-03-28T19:18:38.163+0500] {logging_mixin.py:188} INFO - [2026-03-28T19:18:38.163+0500] {dag.py:3089} INFO - Sync 1 DAGs
[2026-03-28T19:18:38.177+0500] {logging_mixin.py:188} INFO - [2026-03-28T19:18:38.177+0500] {dag.py:3947} INFO - Setting next_dagrun for example_short_circuit_operator to 2026-03-27 00:00:00+00:00, run_after=2026-03-28 00:00:00+00:00
[2026-03-28T19:18:38.203+0500] {processor.py:183} INFO - Processing /home/abayturar/airflow-project/venv/lib/python3.12/site-packages/airflow/example_dags/example_short_circuit_operator.py took 0.073 seconds
[2026-03-28T19:19:24.180+0500] {processor.py:161} INFO - Started process (PID=27896) to work on /home/abayturar/airflow-project/venv/lib/python3.12/site-packages/airflow/example_dags/example_short_circuit_operator.py
[2026-03-28T19:19:24.181+0500] {processor.py:830} INFO - Processing file /home/abayturar/airflow-project/venv/lib/python3.12/site-packages/airflow/example_dags/example_short_circuit_operator.py for tasks to queue
[2026-03-28T19:19:24.183+0500] {logging_mixin.py:188} INFO - [2026-03-28T19:19:24.182+0500] {dagbag.py:545} INFO - Filling up the DagBag from /home/abayturar/airflow-project/venv/lib/python3.12/site-packages/airflow/example_dags/example_short_circuit_operator.py
[2026-03-28T19:19:24.192+0500] {processor.py:840} INFO - DAG(s) 'example_short_circuit_operator' retrieved from /home/abayturar/airflow-project/venv/lib/python3.12/site-packages/airflow/example_dags/example_short_circuit_operator.py
[2026-03-28T19:19:24.209+0500] {logging_mixin.py:188} INFO - [2026-03-28T19:19:24.209+0500] {dag.py:3089} INFO - Sync 1 DAGs
[2026-03-28T19:19:24.224+0500] {logging_mixin.py:188} INFO - [2026-03-28T19:19:24.224+0500] {dag.py:3947} INFO - Setting next_dagrun for example_short_circuit_operator to 2026-03-27 00:00:00+00:00, run_after=2026-03-28 00:00:00+00:00
[2026-03-28T19:19:24.240+0500] {processor.py:183} INFO - Processing /home/abayturar/airflow-project/venv/lib/python3.12/site-packages/airflow/example_dags/example_short_circuit_operator.py took 0.067 seconds
[2026-03-28T19:20:12.151+0500] {processor.py:161} INFO - Started process (PID=28025) to work on /home/abayturar/airflow-project/venv/lib/python3.12/site-packages/airflow/example_dags/example_short_circuit_operator.py
[2026-03-28T19:20:12.152+0500] {processor.py:830} INFO - Processing file /home/abayturar/airflow-project/venv/lib/python3.12/site-packages/airflow/example_dags/example_short_circuit_operator.py for tasks to queue
[2026-03-28T19:20:12.154+0500] {logging_mixin.py:188} INFO - [2026-03-28T19:20:12.154+0500] {dagbag.py:545} INFO - Filling up the DagBag from /home/abayturar/airflow-project/venv/lib/python3.12/site-packages/airflow/example_dags/example_short_circuit_operator.py
[2026-03-28T19:20:12.162+0500] {processor.py:840} INFO - DAG(s) 'example_short_circuit_operator' retrieved from /home/abayturar/airflow-project/venv/lib/python3.12/site-packages/airflow/example_dags/example_short_circuit_operator.py
[2026-03-28T19:20:12.180+0500] {logging_mixin.py:188} INFO - [2026-03-28T19:20:12.180+0500] {dag.py:3089} INFO - Sync 1 DAGs
[2026-03-28T19:20:12.194+0500] {logging_mixin.py:188} INFO - [2026-03-28T19:20:12.194+0500] {dag.py:3947} INFO - Setting next_dagrun for example_short_circuit_operator to 2026-03-27 00:00:00+00:00, run_after=2026-03-28 00:00:00+00:00
[2026-03-28T19:20:12.209+0500] {processor.py:183} INFO - Processing /home/abayturar/airflow-project/venv/lib/python3.12/site-packages/airflow/example_dags/example_short_circuit_operator.py took 0.065 seconds
[2026-03-28T19:20:58.297+0500] {processor.py:161} INFO - Started process (PID=28152) to work on /home/abayturar/airflow-project/venv/lib/python3.12/site-packages/airflow/example_dags/example_short_circuit_operator.py
[2026-03-28T19:20:58.298+0500] {processor.py:830} INFO - Processing file /home/abayturar/airflow-project/venv/lib/python3.12/site-packages/airflow/example_dags/example_short_circuit_operator.py for tasks to queue
[2026-03-28T19:20:58.300+0500] {logging_mixin.py:188} INFO - [2026-03-28T19:20:58.299+0500] {dagbag.py:545} INFO - Filling up the DagBag from /home/abayturar/airflow-project/venv/lib/python3.12/site-packages/airflow/example_dags/example_short_circuit_operator.py
[2026-03-28T19:20:58.307+0500] {processor.py:840} INFO - DAG(s) 'example_short_circuit_operator' retrieved from /home/abayturar/airflow-project/venv/lib/python3.12/site-packages/airflow/example_dags/example_short_circuit_operator.py
[2026-03-28T19:20:58.322+0500] {logging_mixin.py:188} INFO - [2026-03-28T19:20:58.322+0500] {dag.py:3089} INFO - Sync 1 DAGs
[2026-03-28T19:20:58.336+0500] {logging_mixin.py:188} INFO - [2026-03-28T19:20:58.336+0500] {dag.py:3947} INFO - Setting next_dagrun for example_short_circuit_operator to 2026-03-27 00:00:00+00:00, run_after=2026-03-28 00:00:00+00:00
[2026-03-28T19:20:58.356+0500] {processor.py:183} INFO - Processing /home/abayturar/airflow-project/venv/lib/python3.12/site-packages/airflow/example_dags/example_short_circuit_operator.py took 0.065 seconds
[2026-03-28T19:21:43.459+0500] {processor.py:161} INFO - Started process (PID=28307) to work on /home/abayturar/airflow-project/venv/lib/python3.12/site-packages/airflow/example_dags/example_short_circuit_operator.py
[2026-03-28T19:21:43.459+0500] {processor.py:830} INFO - Processing file /home/abayturar/airflow-project/venv/lib/python3.12/site-packages/airflow/example_dags/example_short_circuit_operator.py for tasks to queue
[2026-03-28T19:21:43.461+0500] {logging_mixin.py:188} INFO - [2026-03-28T19:21:43.461+0500] {dagbag.py:545} INFO - Filling up the DagBag from /home/abayturar/airflow-project/venv/lib/python3.12/site-packages/airflow/example_dags/example_short_circuit_operator.py
[2026-03-28T19:21:43.469+0500] {processor.py:840} INFO - DAG(s) 'example_short_circuit_operator' retrieved from /home/abayturar/airflow-project/venv/lib/python3.12/site-packages/airflow/example_dags/example_short_circuit_operator.py
[2026-03-28T19:21:43.487+0500] {logging_mixin.py:188} INFO - [2026-03-28T19:21:43.487+0500] {dag.py:3089} INFO - Sync 1 DAGs
[2026-03-28T19:21:43.505+0500] {logging_mixin.py:188} INFO - [2026-03-28T19:21:43.505+0500] {dag.py:3947} INFO - Setting next_dagrun for example_short_circuit_operator to 2026-03-27 00:00:00+00:00, run_after=2026-03-28 00:00:00+00:00
[2026-03-28T19:21:43.526+0500] {processor.py:183} INFO - Processing /home/abayturar/airflow-project/venv/lib/python3.12/site-packages/airflow/example_dags/example_short_circuit_operator.py took 0.074 seconds
[2026-03-28T19:22:25.576+0500] {processor.py:161} INFO - Started process (PID=28426) to work on /home/abayturar/airflow-project/venv/lib/python3.12/site-packages/airflow/example_dags/example_short_circuit_operator.py
[2026-03-28T19:22:25.577+0500] {processor.py:830} INFO - Processing file /home/abayturar/airflow-project/venv/lib/python3.12/site-packages/airflow/example_dags/example_short_circuit_operator.py for tasks to queue
[2026-03-28T19:22:25.579+0500] {logging_mixin.py:188} INFO - [2026-03-28T19:22:25.578+0500] {dagbag.py:545} INFO - Filling up the DagBag from /home/abayturar/airflow-project/venv/lib/python3.12/site-packages/airflow/example_dags/example_short_circuit_operator.py
[2026-03-28T19:22:25.586+0500] {processor.py:840} INFO - DAG(s) 'example_short_circuit_operator' retrieved from /home/abayturar/airflow-project/venv/lib/python3.12/site-packages/airflow/example_dags/example_short_circuit_operator.py
[2026-03-28T19:22:25.602+0500] {logging_mixin.py:188} INFO - [2026-03-28T19:22:25.602+0500] {dag.py:3089} INFO - Sync 1 DAGs
[2026-03-28T19:22:25.616+0500] {logging_mixin.py:188} INFO - [2026-03-28T19:22:25.616+0500] {dag.py:3947} INFO - Setting next_dagrun for example_short_circuit_operator to 2026-03-27 00:00:00+00:00, run_after=2026-03-28 00:00:00+00:00
[2026-03-28T19:22:25.633+0500] {processor.py:183} INFO - Processing /home/abayturar/airflow-project/venv/lib/python3.12/site-packages/airflow/example_dags/example_short_circuit_operator.py took 0.062 seconds
[2026-03-28T19:23:09.454+0500] {processor.py:161} INFO - Started process (PID=28543) to work on /home/abayturar/airflow-project/venv/lib/python3.12/site-packages/airflow/example_dags/example_short_circuit_operator.py
[2026-03-28T19:23:09.455+0500] {processor.py:830} INFO - Processing file /home/abayturar/airflow-project/venv/lib/python3.12/site-packages/airflow/example_dags/example_short_circuit_operator.py for tasks to queue
[2026-03-28T19:23:09.456+0500] {logging_mixin.py:188} INFO - [2026-03-28T19:23:09.456+0500] {dagbag.py:545} INFO - Filling up the DagBag from /home/abayturar/airflow-project/venv/lib/python3.12/site-packages/airflow/example_dags/example_short_circuit_operator.py
[2026-03-28T19:23:09.463+0500] {processor.py:840} INFO - DAG(s) 'example_short_circuit_operator' retrieved from /home/abayturar/airflow-project/venv/lib/python3.12/site-packages/airflow/example_dags/example_short_circuit_operator.py
[2026-03-28T19:23:09.479+0500] {logging_mixin.py:188} INFO - [2026-03-28T19:23:09.479+0500] {dag.py:3089} INFO - Sync 1 DAGs
[2026-03-28T19:23:09.493+0500] {logging_mixin.py:188} INFO - [2026-03-28T19:23:09.493+0500] {dag.py:3947} INFO - Setting next_dagrun for example_short_circuit_operator to 2026-03-27 00:00:00+00:00, run_after=2026-03-28 00:00:00+00:00
[2026-03-28T19:23:09.519+0500] {processor.py:183} INFO - Processing /home/abayturar/airflow-project/venv/lib/python3.12/site-packages/airflow/example_dags/example_short_circuit_operator.py took 0.071 seconds
[2026-03-28T19:23:55.968+0500] {processor.py:161} INFO - Started process (PID=28670) to work on /home/abayturar/airflow-project/venv/lib/python3.12/site-packages/airflow/example_dags/example_short_circuit_operator.py
[2026-03-28T19:23:55.969+0500] {processor.py:830} INFO - Processing file /home/abayturar/airflow-project/venv/lib/python3.12/site-packages/airflow/example_dags/example_short_circuit_operator.py for tasks to queue
[2026-03-28T19:23:55.971+0500] {logging_mixin.py:188} INFO - [2026-03-28T19:23:55.970+0500] {dagbag.py:545} INFO - Filling up the DagBag from /home/abayturar/airflow-project/venv/lib/python3.12/site-packages/airflow/example_dags/example_short_circuit_operator.py
[2026-03-28T19:23:55.979+0500] {processor.py:840} INFO - DAG(s) 'example_short_circuit_operator' retrieved from /home/abayturar/airflow-project/venv/lib/python3.12/site-packages/airflow/example_dags/example_short_circuit_operator.py
[2026-03-28T19:23:55.998+0500] {logging_mixin.py:188} INFO - [2026-03-28T19:23:55.998+0500] {dag.py:3089} INFO - Sync 1 DAGs
[2026-03-28T19:23:56.016+0500] {logging_mixin.py:188} INFO - [2026-03-28T19:23:56.016+0500] {dag.py:3947} INFO - Setting next_dagrun for example_short_circuit_operator to 2026-03-27 00:00:00+00:00, run_after=2026-03-28 00:00:00+00:00
[2026-03-28T19:23:56.046+0500] {processor.py:183} INFO - Processing /home/abayturar/airflow-project/venv/lib/python3.12/site-packages/airflow/example_dags/example_short_circuit_operator.py took 0.085 seconds
[2026-03-28T19:24:42.749+0500] {processor.py:161} INFO - Started process (PID=28797) to work on /home/abayturar/airflow-project/venv/lib/python3.12/site-packages/airflow/example_dags/example_short_circuit_operator.py
[2026-03-28T19:24:42.750+0500] {processor.py:830} INFO - Processing file /home/abayturar/airflow-project/venv/lib/python3.12/site-packages/airflow/example_dags/example_short_circuit_operator.py for tasks to queue
[2026-03-28T19:24:42.752+0500] {logging_mixin.py:188} INFO - [2026-03-28T19:24:42.751+0500] {dagbag.py:545} INFO - Filling up the DagBag from /home/abayturar/airflow-project/venv/lib/python3.12/site-packages/airflow/example_dags/example_short_circuit_operator.py
[2026-03-28T19:24:42.759+0500] {processor.py:840} INFO - DAG(s) 'example_short_circuit_operator' retrieved from /home/abayturar/airflow-project/venv/lib/python3.12/site-packages/airflow/example_dags/example_short_circuit_operator.py
[2026-03-28T19:24:42.774+0500] {logging_mixin.py:188} INFO - [2026-03-28T19:24:42.774+0500] {dag.py:3089} INFO - Sync 1 DAGs
[2026-03-28T19:24:42.788+0500] {logging_mixin.py:188} INFO - [2026-03-28T19:24:42.788+0500] {dag.py:3947} INFO - Setting next_dagrun for example_short_circuit_operator to 2026-03-27 00:00:00+00:00, run_after=2026-03-28 00:00:00+00:00
[2026-03-28T19:24:42.804+0500] {processor.py:183} INFO - Processing /home/abayturar/airflow-project/venv/lib/python3.12/site-packages/airflow/example_dags/example_short_circuit_operator.py took 0.060 seconds
[2026-03-28T19:25:29.470+0500] {processor.py:161} INFO - Started process (PID=28919) to work on /home/abayturar/airflow-project/venv/lib/python3.12/site-packages/airflow/example_dags/example_short_circuit_operator.py
[2026-03-28T19:25:29.471+0500] {processor.py:830} INFO - Processing file /home/abayturar/airflow-project/venv/lib/python3.12/site-packages/airflow/example_dags/example_short_circuit_operator.py for tasks to queue
[2026-03-28T19:25:29.472+0500] {logging_mixin.py:188} INFO - [2026-03-28T19:25:29.472+0500] {dagbag.py:545} INFO - Filling up the DagBag from /home/abayturar/airflow-project/venv/lib/python3.12/site-packages/airflow/example_dags/example_short_circuit_operator.py
[2026-03-28T19:25:29.479+0500] {processor.py:840} INFO - DAG(s) 'example_short_circuit_operator' retrieved from /home/abayturar/airflow-project/venv/lib/python3.12/site-packages/airflow/example_dags/example_short_circuit_operator.py
[2026-03-28T19:25:29.496+0500] {logging_mixin.py:188} INFO - [2026-03-28T19:25:29.495+0500] {dag.py:3089} INFO - Sync 1 DAGs
[2026-03-28T19:25:29.509+0500] {logging_mixin.py:188} INFO - [2026-03-28T19:25:29.509+0500] {dag.py:3947} INFO - Setting next_dagrun for example_short_circuit_operator to 2026-03-27 00:00:00+00:00, run_after=2026-03-28 00:00:00+00:00
[2026-03-28T19:25:29.535+0500] {processor.py:183} INFO - Processing /home/abayturar/airflow-project/venv/lib/python3.12/site-packages/airflow/example_dags/example_short_circuit_operator.py took 0.072 seconds
[2026-03-28T19:26:15.809+0500] {processor.py:161} INFO - Started process (PID=29046) to work on /home/abayturar/airflow-project/venv/lib/python3.12/site-packages/airflow/example_dags/example_short_circuit_operator.py
[2026-03-28T19:26:15.810+0500] {processor.py:830} INFO - Processing file /home/abayturar/airflow-project/venv/lib/python3.12/site-packages/airflow/example_dags/example_short_circuit_operator.py for tasks to queue
[2026-03-28T19:26:15.813+0500] {logging_mixin.py:188} INFO - [2026-03-28T19:26:15.812+0500] {dagbag.py:545} INFO - Filling up the DagBag from /home/abayturar/airflow-project/venv/lib/python3.12/site-packages/airflow/example_dags/example_short_circuit_operator.py
[2026-03-28T19:26:15.821+0500] {processor.py:840} INFO - DAG(s) 'example_short_circuit_operator' retrieved from /home/abayturar/airflow-project/venv/lib/python3.12/site-packages/airflow/example_dags/example_short_circuit_operator.py
[2026-03-28T19:26:15.839+0500] {logging_mixin.py:188} INFO - [2026-03-28T19:26:15.838+0500] {dag.py:3089} INFO - Sync 1 DAGs
[2026-03-28T19:26:15.854+0500] {logging_mixin.py:188} INFO - [2026-03-28T19:26:15.854+0500] {dag.py:3947} INFO - Setting next_dagrun for example_short_circuit_operator to 2026-03-27 00:00:00+00:00, run_after=2026-03-28 00:00:00+00:00
[2026-03-28T19:26:15.883+0500] {processor.py:183} INFO - Processing /home/abayturar/airflow-project/venv/lib/python3.12/site-packages/airflow/example_dags/example_short_circuit_operator.py took 0.082 seconds
[2026-03-28T19:27:00.821+0500] {processor.py:161} INFO - Started process (PID=29170) to work on /home/abayturar/airflow-project/venv/lib/python3.12/site-packages/airflow/example_dags/example_short_circuit_operator.py
[2026-03-28T19:27:00.822+0500] {processor.py:830} INFO - Processing file /home/abayturar/airflow-project/venv/lib/python3.12/site-packages/airflow/example_dags/example_short_circuit_operator.py for tasks to queue
[2026-03-28T19:27:00.824+0500] {logging_mixin.py:188} INFO - [2026-03-28T19:27:00.823+0500] {dagbag.py:545} INFO - Filling up the DagBag from /home/abayturar/airflow-project/venv/lib/python3.12/site-packages/airflow/example_dags/example_short_circuit_operator.py
[2026-03-28T19:27:00.831+0500] {processor.py:840} INFO - DAG(s) 'example_short_circuit_operator' retrieved from /home/abayturar/airflow-project/venv/lib/python3.12/site-packages/airflow/example_dags/example_short_circuit_operator.py
[2026-03-28T19:27:00.847+0500] {logging_mixin.py:188} INFO - [2026-03-28T19:27:00.847+0500] {dag.py:3089} INFO - Sync 1 DAGs
[2026-03-28T19:27:00.861+0500] {logging_mixin.py:188} INFO - [2026-03-28T19:27:00.861+0500] {dag.py:3947} INFO - Setting next_dagrun for example_short_circuit_operator to 2026-03-27 00:00:00+00:00, run_after=2026-03-28 00:00:00+00:00
[2026-03-28T19:27:00.889+0500] {processor.py:183} INFO - Processing /home/abayturar/airflow-project/venv/lib/python3.12/site-packages/airflow/example_dags/example_short_circuit_operator.py took 0.074 seconds
[2026-03-28T19:27:50.122+0500] {processor.py:161} INFO - Started process (PID=29300) to work on /home/abayturar/airflow-project/venv/lib/python3.12/site-packages/airflow/example_dags/example_short_circuit_operator.py
[2026-03-28T19:27:50.124+0500] {processor.py:830} INFO - Processing file /home/abayturar/airflow-project/venv/lib/python3.12/site-packages/airflow/example_dags/example_short_circuit_operator.py for tasks to queue
[2026-03-28T19:27:50.127+0500] {logging_mixin.py:188} INFO - [2026-03-28T19:27:50.127+0500] {dagbag.py:545} INFO - Filling up the DagBag from /home/abayturar/airflow-project/venv/lib/python3.12/site-packages/airflow/example_dags/example_short_circuit_operator.py
[2026-03-28T19:27:50.136+0500] {processor.py:840} INFO - DAG(s) 'example_short_circuit_operator' retrieved from /home/abayturar/airflow-project/venv/lib/python3.12/site-packages/airflow/example_dags/example_short_circuit_operator.py
[2026-03-28T19:27:50.162+0500] {logging_mixin.py:188} INFO - [2026-03-28T19:27:50.162+0500] {dag.py:3089} INFO - Sync 1 DAGs
[2026-03-28T19:27:50.185+0500] {logging_mixin.py:188} INFO - [2026-03-28T19:27:50.185+0500] {dag.py:3947} INFO - Setting next_dagrun for example_short_circuit_operator to 2026-03-27 00:00:00+00:00, run_after=2026-03-28 00:00:00+00:00
[2026-03-28T19:27:50.209+0500] {processor.py:183} INFO - Processing /home/abayturar/airflow-project/venv/lib/python3.12/site-packages/airflow/example_dags/example_short_circuit_operator.py took 0.095 seconds
[2026-03-28T19:28:37.627+0500] {processor.py:161} INFO - Started process (PID=29427) to work on /home/abayturar/airflow-project/venv/lib/python3.12/site-packages/airflow/example_dags/example_short_circuit_operator.py
[2026-03-28T19:28:37.628+0500] {processor.py:830} INFO - Processing file /home/abayturar/airflow-project/venv/lib/python3.12/site-packages/airflow/example_dags/example_short_circuit_operator.py for tasks to queue
[2026-03-28T19:28:37.630+0500] {logging_mixin.py:188} INFO - [2026-03-28T19:28:37.630+0500] {dagbag.py:545} INFO - Filling up the DagBag from /home/abayturar/airflow-project/venv/lib/python3.12/site-packages/airflow/example_dags/example_short_circuit_operator.py
[2026-03-28T19:28:37.637+0500] {processor.py:840} INFO - DAG(s) 'example_short_circuit_operator' retrieved from /home/abayturar/airflow-project/venv/lib/python3.12/site-packages/airflow/example_dags/example_short_circuit_operator.py
[2026-03-28T19:28:37.655+0500] {logging_mixin.py:188} INFO - [2026-03-28T19:28:37.655+0500] {dag.py:3089} INFO - Sync 1 DAGs
[2026-03-28T19:28:37.670+0500] {logging_mixin.py:188} INFO - [2026-03-28T19:28:37.670+0500] {dag.py:3947} INFO - Setting next_dagrun for example_short_circuit_operator to 2026-03-27 00:00:00+00:00, run_after=2026-03-28 00:00:00+00:00
[2026-03-28T19:28:37.699+0500] {processor.py:183} INFO - Processing /home/abayturar/airflow-project/venv/lib/python3.12/site-packages/airflow/example_dags/example_short_circuit_operator.py took 0.078 seconds
[2026-03-28T19:29:26.489+0500] {processor.py:161} INFO - Started process (PID=29628) to work on /home/abayturar/airflow-project/venv/lib/python3.12/site-packages/airflow/example_dags/example_short_circuit_operator.py
[2026-03-28T19:29:26.490+0500] {processor.py:830} INFO - Processing file /home/abayturar/airflow-project/venv/lib/python3.12/site-packages/airflow/example_dags/example_short_circuit_operator.py for tasks to queue
[2026-03-28T19:29:26.492+0500] {logging_mixin.py:188} INFO - [2026-03-28T19:29:26.492+0500] {dagbag.py:545} INFO - Filling up the DagBag from /home/abayturar/airflow-project/venv/lib/python3.12/site-packages/airflow/example_dags/example_short_circuit_operator.py
[2026-03-28T19:29:26.502+0500] {processor.py:840} INFO - DAG(s) 'example_short_circuit_operator' retrieved from /home/abayturar/airflow-project/venv/lib/python3.12/site-packages/airflow/example_dags/example_short_circuit_operator.py
[2026-03-28T19:29:26.521+0500] {logging_mixin.py:188} INFO - [2026-03-28T19:29:26.520+0500] {dag.py:3089} INFO - Sync 1 DAGs
[2026-03-28T19:29:26.537+0500] {logging_mixin.py:188} INFO - [2026-03-28T19:29:26.537+0500] {dag.py:3947} INFO - Setting next_dagrun for example_short_circuit_operator to 2026-03-27 00:00:00+00:00, run_after=2026-03-28 00:00:00+00:00
[2026-03-28T19:29:26.556+0500] {processor.py:183} INFO - Processing /home/abayturar/airflow-project/venv/lib/python3.12/site-packages/airflow/example_dags/example_short_circuit_operator.py took 0.074 seconds
[2026-03-28T19:30:11.418+0500] {processor.py:161} INFO - Started process (PID=29747) to work on /home/abayturar/airflow-project/venv/lib/python3.12/site-packages/airflow/example_dags/example_short_circuit_operator.py
[2026-03-28T19:30:11.419+0500] {processor.py:830} INFO - Processing file /home/abayturar/airflow-project/venv/lib/python3.12/site-packages/airflow/example_dags/example_short_circuit_operator.py for tasks to queue
[2026-03-28T19:30:11.420+0500] {logging_mixin.py:188} INFO - [2026-03-28T19:30:11.420+0500] {dagbag.py:545} INFO - Filling up the DagBag from /home/abayturar/airflow-project/venv/lib/python3.12/site-packages/airflow/example_dags/example_short_circuit_operator.py
[2026-03-28T19:30:11.429+0500] {processor.py:840} INFO - DAG(s) 'example_short_circuit_operator' retrieved from /home/abayturar/airflow-project/venv/lib/python3.12/site-packages/airflow/example_dags/example_short_circuit_operator.py
[2026-03-28T19:30:11.448+0500] {logging_mixin.py:188} INFO - [2026-03-28T19:30:11.448+0500] {dag.py:3089} INFO - Sync 1 DAGs
[2026-03-28T19:30:11.463+0500] {logging_mixin.py:188} INFO - [2026-03-28T19:30:11.463+0500] {dag.py:3947} INFO - Setting next_dagrun for example_short_circuit_operator to 2026-03-27 00:00:00+00:00, run_after=2026-03-28 00:00:00+00:00
[2026-03-28T19:30:11.481+0500] {processor.py:183} INFO - Processing /home/abayturar/airflow-project/venv/lib/python3.12/site-packages/airflow/example_dags/example_short_circuit_operator.py took 0.070 seconds
[2026-03-28T19:31:11.067+0500] {processor.py:161} INFO - Started process (PID=29936) to work on /home/abayturar/airflow-project/venv/lib/python3.12/site-packages/airflow/example_dags/example_short_circuit_operator.py
[2026-03-28T19:31:11.068+0500] {processor.py:830} INFO - Processing file /home/abayturar/airflow-project/venv/lib/python3.12/site-packages/airflow/example_dags/example_short_circuit_operator.py for tasks to queue
[2026-03-28T19:31:11.069+0500] {logging_mixin.py:188} INFO - [2026-03-28T19:31:11.069+0500] {dagbag.py:545} INFO - Filling up the DagBag from /home/abayturar/airflow-project/venv/lib/python3.12/site-packages/airflow/example_dags/example_short_circuit_operator.py
[2026-03-28T19:31:11.078+0500] {processor.py:840} INFO - DAG(s) 'example_short_circuit_operator' retrieved from /home/abayturar/airflow-project/venv/lib/python3.12/site-packages/airflow/example_dags/example_short_circuit_operator.py
[2026-03-28T19:31:11.096+0500] {logging_mixin.py:188} INFO - [2026-03-28T19:31:11.095+0500] {dag.py:3089} INFO - Sync 1 DAGs
[2026-03-28T19:31:11.111+0500] {logging_mixin.py:188} INFO - [2026-03-28T19:31:11.111+0500] {dag.py:3947} INFO - Setting next_dagrun for example_short_circuit_operator to 2026-03-27 00:00:00+00:00, run_after=2026-03-28 00:00:00+00:00
[2026-03-28T19:31:11.128+0500] {processor.py:183} INFO - Processing /home/abayturar/airflow-project/venv/lib/python3.12/site-packages/airflow/example_dags/example_short_circuit_operator.py took 0.069 seconds
[2026-03-28T19:32:03.146+0500] {processor.py:161} INFO - Started process (PID=30090) to work on /home/abayturar/airflow-project/venv/lib/python3.12/site-packages/airflow/example_dags/example_short_circuit_operator.py
[2026-03-28T19:32:03.147+0500] {processor.py:830} INFO - Processing file /home/abayturar/airflow-project/venv/lib/python3.12/site-packages/airflow/example_dags/example_short_circuit_operator.py for tasks to queue
[2026-03-28T19:32:03.148+0500] {logging_mixin.py:188} INFO - [2026-03-28T19:32:03.148+0500] {dagbag.py:545} INFO - Filling up the DagBag from /home/abayturar/airflow-project/venv/lib/python3.12/site-packages/airflow/example_dags/example_short_circuit_operator.py
[2026-03-28T19:32:03.156+0500] {processor.py:840} INFO - DAG(s) 'example_short_circuit_operator' retrieved from /home/abayturar/airflow-project/venv/lib/python3.12/site-packages/airflow/example_dags/example_short_circuit_operator.py
[2026-03-28T19:32:03.173+0500] {logging_mixin.py:188} INFO - [2026-03-28T19:32:03.173+0500] {dag.py:3089} INFO - Sync 1 DAGs
[2026-03-28T19:32:03.188+0500] {logging_mixin.py:188} INFO - [2026-03-28T19:32:03.188+0500] {dag.py:3947} INFO - Setting next_dagrun for example_short_circuit_operator to 2026-03-27 00:00:00+00:00, run_after=2026-03-28 00:00:00+00:00
[2026-03-28T19:32:03.203+0500] {processor.py:183} INFO - Processing /home/abayturar/airflow-project/venv/lib/python3.12/site-packages/airflow/example_dags/example_short_circuit_operator.py took 0.065 seconds
[2026-03-28T19:32:39.089+0500] {processor.py:161} INFO - Started process (PID=30190) to work on /home/abayturar/airflow-project/venv/lib/python3.12/site-packages/airflow/example_dags/example_short_circuit_operator.py
[2026-03-28T19:32:39.090+0500] {processor.py:830} INFO - Processing file /home/abayturar/airflow-project/venv/lib/python3.12/site-packages/airflow/example_dags/example_short_circuit_operator.py for tasks to queue
[2026-03-28T19:32:39.091+0500] {logging_mixin.py:188} INFO - [2026-03-28T19:32:39.091+0500] {dagbag.py:545} INFO - Filling up the DagBag from /home/abayturar/airflow-project/venv/lib/python3.12/site-packages/airflow/example_dags/example_short_circuit_operator.py
[2026-03-28T19:32:39.098+0500] {processor.py:840} INFO - DAG(s) 'example_short_circuit_operator' retrieved from /home/abayturar/airflow-project/venv/lib/python3.12/site-packages/airflow/example_dags/example_short_circuit_operator.py
[2026-03-28T19:32:39.116+0500] {logging_mixin.py:188} INFO - [2026-03-28T19:32:39.115+0500] {dag.py:3089} INFO - Sync 1 DAGs
[2026-03-28T19:32:39.130+0500] {logging_mixin.py:188} INFO - [2026-03-28T19:32:39.130+0500] {dag.py:3947} INFO - Setting next_dagrun for example_short_circuit_operator to 2026-03-27 00:00:00+00:00, run_after=2026-03-28 00:00:00+00:00
[2026-03-28T19:32:39.146+0500] {processor.py:183} INFO - Processing /home/abayturar/airflow-project/venv/lib/python3.12/site-packages/airflow/example_dags/example_short_circuit_operator.py took 0.063 seconds
[2026-03-28T19:33:29.246+0500] {processor.py:161} INFO - Started process (PID=30332) to work on /home/abayturar/airflow-project/venv/lib/python3.12/site-packages/airflow/example_dags/example_short_circuit_operator.py
[2026-03-28T19:33:29.247+0500] {processor.py:830} INFO - Processing file /home/abayturar/airflow-project/venv/lib/python3.12/site-packages/airflow/example_dags/example_short_circuit_operator.py for tasks to queue
[2026-03-28T19:33:29.249+0500] {logging_mixin.py:188} INFO - [2026-03-28T19:33:29.249+0500] {dagbag.py:545} INFO - Filling up the DagBag from /home/abayturar/airflow-project/venv/lib/python3.12/site-packages/airflow/example_dags/example_short_circuit_operator.py
[2026-03-28T19:33:29.256+0500] {processor.py:840} INFO - DAG(s) 'example_short_circuit_operator' retrieved from /home/abayturar/airflow-project/venv/lib/python3.12/site-packages/airflow/example_dags/example_short_circuit_operator.py
[2026-03-28T19:33:29.273+0500] {logging_mixin.py:188} INFO - [2026-03-28T19:33:29.273+0500] {dag.py:3089} INFO - Sync 1 DAGs
[2026-03-28T19:33:29.286+0500] {logging_mixin.py:188} INFO - [2026-03-28T19:33:29.286+0500] {dag.py:3947} INFO - Setting next_dagrun for example_short_circuit_operator to 2026-03-27 00:00:00+00:00, run_after=2026-03-28 00:00:00+00:00
[2026-03-28T19:33:29.301+0500] {processor.py:183} INFO - Processing /home/abayturar/airflow-project/venv/lib/python3.12/site-packages/airflow/example_dags/example_short_circuit_operator.py took 0.062 seconds
[2026-03-28T19:35:22.304+0500] {processor.py:161} INFO - Started process (PID=30590) to work on /home/abayturar/airflow-project/venv/lib/python3.12/site-packages/airflow/example_dags/example_short_circuit_operator.py
[2026-03-28T19:35:22.305+0500] {processor.py:830} INFO - Processing file /home/abayturar/airflow-project/venv/lib/python3.12/site-packages/airflow/example_dags/example_short_circuit_operator.py for tasks to queue
[2026-03-28T19:35:22.307+0500] {logging_mixin.py:188} INFO - [2026-03-28T19:35:22.306+0500] {dagbag.py:545} INFO - Filling up the DagBag from /home/abayturar/airflow-project/venv/lib/python3.12/site-packages/airflow/example_dags/example_short_circuit_operator.py
[2026-03-28T19:35:22.315+0500] {processor.py:840} INFO - DAG(s) 'example_short_circuit_operator' retrieved from /home/abayturar/airflow-project/venv/lib/python3.12/site-packages/airflow/example_dags/example_short_circuit_operator.py
[2026-03-28T19:35:22.334+0500] {logging_mixin.py:188} INFO - [2026-03-28T19:35:22.334+0500] {dag.py:3089} INFO - Sync 1 DAGs
[2026-03-28T19:35:22.348+0500] {logging_mixin.py:188} INFO - [2026-03-28T19:35:22.348+0500] {dag.py:3947} INFO - Setting next_dagrun for example_short_circuit_operator to 2026-03-27 00:00:00+00:00, run_after=2026-03-28 00:00:00+00:00
[2026-03-28T19:35:22.364+0500] {processor.py:183} INFO - Processing /home/abayturar/airflow-project/venv/lib/python3.12/site-packages/airflow/example_dags/example_short_circuit_operator.py took 0.066 seconds
[2026-03-28T19:36:26.382+0500] {processor.py:161} INFO - Started process (PID=30807) to work on /home/abayturar/airflow-project/venv/lib/python3.12/site-packages/airflow/example_dags/example_short_circuit_operator.py
[2026-03-28T19:36:26.383+0500] {processor.py:830} INFO - Processing file /home/abayturar/airflow-project/venv/lib/python3.12/site-packages/airflow/example_dags/example_short_circuit_operator.py for tasks to queue
[2026-03-28T19:36:26.384+0500] {logging_mixin.py:188} INFO - [2026-03-28T19:36:26.384+0500] {dagbag.py:545} INFO - Filling up the DagBag from /home/abayturar/airflow-project/venv/lib/python3.12/site-packages/airflow/example_dags/example_short_circuit_operator.py
[2026-03-28T19:36:26.392+0500] {processor.py:840} INFO - DAG(s) 'example_short_circuit_operator' retrieved from /home/abayturar/airflow-project/venv/lib/python3.12/site-packages/airflow/example_dags/example_short_circuit_operator.py
[2026-03-28T19:36:26.410+0500] {logging_mixin.py:188} INFO - [2026-03-28T19:36:26.410+0500] {dag.py:3089} INFO - Sync 1 DAGs
[2026-03-28T19:36:26.426+0500] {logging_mixin.py:188} INFO - [2026-03-28T19:36:26.426+0500] {dag.py:3947} INFO - Setting next_dagrun for example_short_circuit_operator to 2026-03-27 00:00:00+00:00, run_after=2026-03-28 00:00:00+00:00
[2026-03-28T19:36:26.457+0500] {processor.py:183} INFO - Processing /home/abayturar/airflow-project/venv/lib/python3.12/site-packages/airflow/example_dags/example_short_circuit_operator.py took 0.082 seconds
[2026-03-28T19:37:18.439+0500] {processor.py:161} INFO - Started process (PID=30950) to work on /home/abayturar/airflow-project/venv/lib/python3.12/site-packages/airflow/example_dags/example_short_circuit_operator.py
[2026-03-28T19:37:18.440+0500] {processor.py:830} INFO - Processing file /home/abayturar/airflow-project/venv/lib/python3.12/site-packages/airflow/example_dags/example_short_circuit_operator.py for tasks to queue
[2026-03-28T19:37:18.441+0500] {logging_mixin.py:188} INFO - [2026-03-28T19:37:18.441+0500] {dagbag.py:545} INFO - Filling up the DagBag from /home/abayturar/airflow-project/venv/lib/python3.12/site-packages/airflow/example_dags/example_short_circuit_operator.py
[2026-03-28T19:37:18.449+0500] {processor.py:840} INFO - DAG(s) 'example_short_circuit_operator' retrieved from /home/abayturar/airflow-project/venv/lib/python3.12/site-packages/airflow/example_dags/example_short_circuit_operator.py
[2026-03-28T19:37:18.465+0500] {logging_mixin.py:188} INFO - [2026-03-28T19:37:18.465+0500] {dag.py:3089} INFO - Sync 1 DAGs
[2026-03-28T19:37:18.482+0500] {logging_mixin.py:188} INFO - [2026-03-28T19:37:18.482+0500] {dag.py:3947} INFO - Setting next_dagrun for example_short_circuit_operator to 2026-03-27 00:00:00+00:00, run_after=2026-03-28 00:00:00+00:00
[2026-03-28T19:37:18.511+0500] {processor.py:183} INFO - Processing /home/abayturar/airflow-project/venv/lib/python3.12/site-packages/airflow/example_dags/example_short_circuit_operator.py took 0.078 seconds
[2026-03-28T19:38:11.203+0500] {processor.py:161} INFO - Started process (PID=31090) to work on /home/abayturar/airflow-project/venv/lib/python3.12/site-packages/airflow/example_dags/example_short_circuit_operator.py
[2026-03-28T19:38:11.204+0500] {processor.py:830} INFO - Processing file /home/abayturar/airflow-project/venv/lib/python3.12/site-packages/airflow/example_dags/example_short_circuit_operator.py for tasks to queue
[2026-03-28T19:38:11.207+0500] {logging_mixin.py:188} INFO - [2026-03-28T19:38:11.206+0500] {dagbag.py:545} INFO - Filling up the DagBag from /home/abayturar/airflow-project/venv/lib/python3.12/site-packages/airflow/example_dags/example_short_circuit_operator.py
[2026-03-28T19:38:11.216+0500] {processor.py:840} INFO - DAG(s) 'example_short_circuit_operator' retrieved from /home/abayturar/airflow-project/venv/lib/python3.12/site-packages/airflow/example_dags/example_short_circuit_operator.py
[2026-03-28T19:38:11.238+0500] {logging_mixin.py:188} INFO - [2026-03-28T19:38:11.237+0500] {dag.py:3089} INFO - Sync 1 DAGs
[2026-03-28T19:38:11.253+0500] {logging_mixin.py:188} INFO - [2026-03-28T19:38:11.253+0500] {dag.py:3947} INFO - Setting next_dagrun for example_short_circuit_operator to 2026-03-27 00:00:00+00:00, run_after=2026-03-28 00:00:00+00:00
[2026-03-28T19:38:11.282+0500] {processor.py:183} INFO - Processing /home/abayturar/airflow-project/venv/lib/python3.12/site-packages/airflow/example_dags/example_short_circuit_operator.py took 0.089 seconds
[2026-03-28T19:38:57.391+0500] {processor.py:161} INFO - Started process (PID=31219) to work on /home/abayturar/airflow-project/venv/lib/python3.12/site-packages/airflow/example_dags/example_short_circuit_operator.py
[2026-03-28T19:38:57.392+0500] {processor.py:830} INFO - Processing file /home/abayturar/airflow-project/venv/lib/python3.12/site-packages/airflow/example_dags/example_short_circuit_operator.py for tasks to queue
[2026-03-28T19:38:57.395+0500] {logging_mixin.py:188} INFO - [2026-03-28T19:38:57.394+0500] {dagbag.py:545} INFO - Filling up the DagBag from /home/abayturar/airflow-project/venv/lib/python3.12/site-packages/airflow/example_dags/example_short_circuit_operator.py
[2026-03-28T19:38:57.405+0500] {processor.py:840} INFO - DAG(s) 'example_short_circuit_operator' retrieved from /home/abayturar/airflow-project/venv/lib/python3.12/site-packages/airflow/example_dags/example_short_circuit_operator.py
[2026-03-28T19:38:57.424+0500] {logging_mixin.py:188} INFO - [2026-03-28T19:38:57.424+0500] {dag.py:3089} INFO - Sync 1 DAGs
[2026-03-28T19:38:57.440+0500] {logging_mixin.py:188} INFO - [2026-03-28T19:38:57.440+0500] {dag.py:3947} INFO - Setting next_dagrun for example_short_circuit_operator to 2026-03-27 00:00:00+00:00, run_after=2026-03-28 00:00:00+00:00
[2026-03-28T19:38:57.469+0500] {processor.py:183} INFO - Processing /home/abayturar/airflow-project/venv/lib/python3.12/site-packages/airflow/example_dags/example_short_circuit_operator.py took 0.086 seconds
[2026-03-28T19:39:42.252+0500] {processor.py:161} INFO - Started process (PID=31344) to work on /home/abayturar/airflow-project/venv/lib/python3.12/site-packages/airflow/example_dags/example_short_circuit_operator.py
[2026-03-28T19:39:42.253+0500] {processor.py:830} INFO - Processing file /home/abayturar/airflow-project/venv/lib/python3.12/site-packages/airflow/example_dags/example_short_circuit_operator.py for tasks to queue
[2026-03-28T19:39:42.255+0500] {logging_mixin.py:188} INFO - [2026-03-28T19:39:42.255+0500] {dagbag.py:545} INFO - Filling up the DagBag from /home/abayturar/airflow-project/venv/lib/python3.12/site-packages/airflow/example_dags/example_short_circuit_operator.py
[2026-03-28T19:39:42.264+0500] {processor.py:840} INFO - DAG(s) 'example_short_circuit_operator' retrieved from /home/abayturar/airflow-project/venv/lib/python3.12/site-packages/airflow/example_dags/example_short_circuit_operator.py
[2026-03-28T19:39:42.283+0500] {logging_mixin.py:188} INFO - [2026-03-28T19:39:42.283+0500] {dag.py:3089} INFO - Sync 1 DAGs
[2026-03-28T19:39:42.299+0500] {logging_mixin.py:188} INFO - [2026-03-28T19:39:42.299+0500] {dag.py:3947} INFO - Setting next_dagrun for example_short_circuit_operator to 2026-03-27 00:00:00+00:00, run_after=2026-03-28 00:00:00+00:00
[2026-03-28T19:39:42.327+0500] {processor.py:183} INFO - Processing /home/abayturar/airflow-project/venv/lib/python3.12/site-packages/airflow/example_dags/example_short_circuit_operator.py took 0.082 seconds
[2026-03-28T19:40:28.986+0500] {processor.py:161} INFO - Started process (PID=31466) to work on /home/abayturar/airflow-project/venv/lib/python3.12/site-packages/airflow/example_dags/example_short_circuit_operator.py
[2026-03-28T19:40:28.987+0500] {processor.py:830} INFO - Processing file /home/abayturar/airflow-project/venv/lib/python3.12/site-packages/airflow/example_dags/example_short_circuit_operator.py for tasks to queue
[2026-03-28T19:40:28.990+0500] {logging_mixin.py:188} INFO - [2026-03-28T19:40:28.989+0500] {dagbag.py:545} INFO - Filling up the DagBag from /home/abayturar/airflow-project/venv/lib/python3.12/site-packages/airflow/example_dags/example_short_circuit_operator.py
[2026-03-28T19:40:28.996+0500] {processor.py:840} INFO - DAG(s) 'example_short_circuit_operator' retrieved from /home/abayturar/airflow-project/venv/lib/python3.12/site-packages/airflow/example_dags/example_short_circuit_operator.py
[2026-03-28T19:40:29.014+0500] {logging_mixin.py:188} INFO - [2026-03-28T19:40:29.014+0500] {dag.py:3089} INFO - Sync 1 DAGs
[2026-03-28T19:40:29.028+0500] {logging_mixin.py:188} INFO - [2026-03-28T19:40:29.028+0500] {dag.py:3947} INFO - Setting next_dagrun for example_short_circuit_operator to 2026-03-27 00:00:00+00:00, run_after=2026-03-28 00:00:00+00:00
[2026-03-28T19:40:29.055+0500] {processor.py:183} INFO - Processing /home/abayturar/airflow-project/venv/lib/python3.12/site-packages/airflow/example_dags/example_short_circuit_operator.py took 0.075 seconds
[2026-03-28T19:41:12.440+0500] {processor.py:161} INFO - Started process (PID=31586) to work on /home/abayturar/airflow-project/venv/lib/python3.12/site-packages/airflow/example_dags/example_short_circuit_operator.py
[2026-03-28T19:41:12.441+0500] {processor.py:830} INFO - Processing file /home/abayturar/airflow-project/venv/lib/python3.12/site-packages/airflow/example_dags/example_short_circuit_operator.py for tasks to queue
[2026-03-28T19:41:12.443+0500] {logging_mixin.py:188} INFO - [2026-03-28T19:41:12.443+0500] {dagbag.py:545} INFO - Filling up the DagBag from /home/abayturar/airflow-project/venv/lib/python3.12/site-packages/airflow/example_dags/example_short_circuit_operator.py
[2026-03-28T19:41:12.451+0500] {processor.py:840} INFO - DAG(s) 'example_short_circuit_operator' retrieved from /home/abayturar/airflow-project/venv/lib/python3.12/site-packages/airflow/example_dags/example_short_circuit_operator.py
[2026-03-28T19:41:12.469+0500] {logging_mixin.py:188} INFO - [2026-03-28T19:41:12.469+0500] {dag.py:3089} INFO - Sync 1 DAGs
[2026-03-28T19:41:12.483+0500] {logging_mixin.py:188} INFO - [2026-03-28T19:41:12.483+0500] {dag.py:3947} INFO - Setting next_dagrun for example_short_circuit_operator to 2026-03-27 00:00:00+00:00, run_after=2026-03-28 00:00:00+00:00
[2026-03-28T19:41:12.510+0500] {processor.py:183} INFO - Processing /home/abayturar/airflow-project/venv/lib/python3.12/site-packages/airflow/example_dags/example_short_circuit_operator.py took 0.078 seconds
[2026-03-28T19:41:58.709+0500] {processor.py:161} INFO - Started process (PID=31709) to work on /home/abayturar/airflow-project/venv/lib/python3.12/site-packages/airflow/example_dags/example_short_circuit_operator.py
[2026-03-28T19:41:58.710+0500] {processor.py:830} INFO - Processing file /home/abayturar/airflow-project/venv/lib/python3.12/site-packages/airflow/example_dags/example_short_circuit_operator.py for tasks to queue
[2026-03-28T19:41:58.712+0500] {logging_mixin.py:188} INFO - [2026-03-28T19:41:58.711+0500] {dagbag.py:545} INFO - Filling up the DagBag from /home/abayturar/airflow-project/venv/lib/python3.12/site-packages/airflow/example_dags/example_short_circuit_operator.py
[2026-03-28T19:41:58.719+0500] {processor.py:840} INFO - DAG(s) 'example_short_circuit_operator' retrieved from /home/abayturar/airflow-project/venv/lib/python3.12/site-packages/airflow/example_dags/example_short_circuit_operator.py
[2026-03-28T19:41:58.736+0500] {logging_mixin.py:188} INFO - [2026-03-28T19:41:58.736+0500] {dag.py:3089} INFO - Sync 1 DAGs
[2026-03-28T19:41:58.750+0500] {logging_mixin.py:188} INFO - [2026-03-28T19:41:58.750+0500] {dag.py:3947} INFO - Setting next_dagrun for example_short_circuit_operator to 2026-03-27 00:00:00+00:00, run_after=2026-03-28 00:00:00+00:00
[2026-03-28T19:41:58.778+0500] {processor.py:183} INFO - Processing /home/abayturar/airflow-project/venv/lib/python3.12/site-packages/airflow/example_dags/example_short_circuit_operator.py took 0.075 seconds
[2026-03-28T19:42:47.921+0500] {processor.py:161} INFO - Started process (PID=31842) to work on /home/abayturar/airflow-project/venv/lib/python3.12/site-packages/airflow/example_dags/example_short_circuit_operator.py
[2026-03-28T19:42:47.922+0500] {processor.py:830} INFO - Processing file /home/abayturar/airflow-project/venv/lib/python3.12/site-packages/airflow/example_dags/example_short_circuit_operator.py for tasks to queue
[2026-03-28T19:42:47.924+0500] {logging_mixin.py:188} INFO - [2026-03-28T19:42:47.924+0500] {dagbag.py:545} INFO - Filling up the DagBag from /home/abayturar/airflow-project/venv/lib/python3.12/site-packages/airflow/example_dags/example_short_circuit_operator.py
[2026-03-28T19:42:47.931+0500] {processor.py:840} INFO - DAG(s) 'example_short_circuit_operator' retrieved from /home/abayturar/airflow-project/venv/lib/python3.12/site-packages/airflow/example_dags/example_short_circuit_operator.py
[2026-03-28T19:42:47.947+0500] {logging_mixin.py:188} INFO - [2026-03-28T19:42:47.947+0500] {dag.py:3089} INFO - Sync 1 DAGs
[2026-03-28T19:42:47.961+0500] {logging_mixin.py:188} INFO - [2026-03-28T19:42:47.961+0500] {dag.py:3947} INFO - Setting next_dagrun for example_short_circuit_operator to 2026-03-27 00:00:00+00:00, run_after=2026-03-28 00:00:00+00:00
[2026-03-28T19:42:47.991+0500] {processor.py:183} INFO - Processing /home/abayturar/airflow-project/venv/lib/python3.12/site-packages/airflow/example_dags/example_short_circuit_operator.py took 0.075 seconds
[2026-03-28T19:43:39.296+0500] {processor.py:161} INFO - Started process (PID=31977) to work on /home/abayturar/airflow-project/venv/lib/python3.12/site-packages/airflow/example_dags/example_short_circuit_operator.py
[2026-03-28T19:43:39.297+0500] {processor.py:830} INFO - Processing file /home/abayturar/airflow-project/venv/lib/python3.12/site-packages/airflow/example_dags/example_short_circuit_operator.py for tasks to queue
[2026-03-28T19:43:39.299+0500] {logging_mixin.py:188} INFO - [2026-03-28T19:43:39.298+0500] {dagbag.py:545} INFO - Filling up the DagBag from /home/abayturar/airflow-project/venv/lib/python3.12/site-packages/airflow/example_dags/example_short_circuit_operator.py
[2026-03-28T19:43:39.307+0500] {processor.py:840} INFO - DAG(s) 'example_short_circuit_operator' retrieved from /home/abayturar/airflow-project/venv/lib/python3.12/site-packages/airflow/example_dags/example_short_circuit_operator.py
[2026-03-28T19:43:39.326+0500] {logging_mixin.py:188} INFO - [2026-03-28T19:43:39.326+0500] {dag.py:3089} INFO - Sync 1 DAGs
[2026-03-28T19:43:39.342+0500] {logging_mixin.py:188} INFO - [2026-03-28T19:43:39.342+0500] {dag.py:3947} INFO - Setting next_dagrun for example_short_circuit_operator to 2026-03-27 00:00:00+00:00, run_after=2026-03-28 00:00:00+00:00
[2026-03-28T19:43:39.361+0500] {processor.py:183} INFO - Processing /home/abayturar/airflow-project/venv/lib/python3.12/site-packages/airflow/example_dags/example_short_circuit_operator.py took 0.073 seconds
[2026-03-28T19:44:23.875+0500] {processor.py:161} INFO - Started process (PID=32097) to work on /home/abayturar/airflow-project/venv/lib/python3.12/site-packages/airflow/example_dags/example_short_circuit_operator.py
[2026-03-28T19:44:23.876+0500] {processor.py:830} INFO - Processing file /home/abayturar/airflow-project/venv/lib/python3.12/site-packages/airflow/example_dags/example_short_circuit_operator.py for tasks to queue
[2026-03-28T19:44:23.878+0500] {logging_mixin.py:188} INFO - [2026-03-28T19:44:23.877+0500] {dagbag.py:545} INFO - Filling up the DagBag from /home/abayturar/airflow-project/venv/lib/python3.12/site-packages/airflow/example_dags/example_short_circuit_operator.py
[2026-03-28T19:44:23.887+0500] {processor.py:840} INFO - DAG(s) 'example_short_circuit_operator' retrieved from /home/abayturar/airflow-project/venv/lib/python3.12/site-packages/airflow/example_dags/example_short_circuit_operator.py
[2026-03-28T19:44:23.907+0500] {logging_mixin.py:188} INFO - [2026-03-28T19:44:23.907+0500] {dag.py:3089} INFO - Sync 1 DAGs
[2026-03-28T19:44:23.922+0500] {logging_mixin.py:188} INFO - [2026-03-28T19:44:23.922+0500] {dag.py:3947} INFO - Setting next_dagrun for example_short_circuit_operator to 2026-03-27 00:00:00+00:00, run_after=2026-03-28 00:00:00+00:00
[2026-03-28T19:44:23.937+0500] {processor.py:183} INFO - Processing /home/abayturar/airflow-project/venv/lib/python3.12/site-packages/airflow/example_dags/example_short_circuit_operator.py took 0.069 seconds
