[2026-03-28T15:21:18.987+0500] {processor.py:161} INFO - Started process (PID=11846) to work on /home/abayturar/airflow-project/venv/lib/python3.12/site-packages/airflow/example_dags/example_short_circuit_decorator.py
[2026-03-28T15:21:18.988+0500] {processor.py:830} INFO - Processing file /home/abayturar/airflow-project/venv/lib/python3.12/site-packages/airflow/example_dags/example_short_circuit_decorator.py for tasks to queue
[2026-03-28T15:21:18.989+0500] {logging_mixin.py:188} INFO - [2026-03-28T15:21:18.989+0500] {dagbag.py:545} INFO - Filling up the DagBag from /home/abayturar/airflow-project/venv/lib/python3.12/site-packages/airflow/example_dags/example_short_circuit_decorator.py
[2026-03-28T15:21:18.998+0500] {processor.py:840} INFO - DAG(s) 'example_short_circuit_decorator' retrieved from /home/abayturar/airflow-project/venv/lib/python3.12/site-packages/airflow/example_dags/example_short_circuit_decorator.py
[2026-03-28T15:21:19.092+0500] {logging_mixin.py:188} INFO - [2026-03-28T15:21:19.092+0500] {override.py:1858} INFO - Created Permission View: can edit on DAG:example_short_circuit_decorator
[2026-03-28T15:21:19.099+0500] {logging_mixin.py:188} INFO - [2026-03-28T15:21:19.099+0500] {override.py:1858} INFO - Created Permission View: can read on DAG:example_short_circuit_decorator
[2026-03-28T15:21:19.105+0500] {logging_mixin.py:188} INFO - [2026-03-28T15:21:19.104+0500] {override.py:1858} INFO - Created Permission View: can delete on DAG:example_short_circuit_decorator
[2026-03-28T15:21:19.105+0500] {logging_mixin.py:188} INFO - [2026-03-28T15:21:19.105+0500] {dag.py:3089} INFO - Sync 1 DAGs
[2026-03-28T15:21:19.113+0500] {logging_mixin.py:188} INFO - [2026-03-28T15:21:19.112+0500] {dag.py:3111} INFO - Creating ORM DAG for example_short_circuit_decorator
[2026-03-28T15:21:19.118+0500] {logging_mixin.py:188} INFO - [2026-03-28T15:21:19.118+0500] {dag.py:3947} INFO - Setting next_dagrun for example_short_circuit_decorator to 2026-03-27 00:00:00+00:00, run_after=2026-03-28 00:00:00+00:00
[2026-03-28T15:21:19.133+0500] {processor.py:183} INFO - Processing /home/abayturar/airflow-project/venv/lib/python3.12/site-packages/airflow/example_dags/example_short_circuit_decorator.py took 0.152 seconds
[2026-03-28T15:22:12.560+0500] {processor.py:161} INFO - Started process (PID=11992) to work on /home/abayturar/airflow-project/venv/lib/python3.12/site-packages/airflow/example_dags/example_short_circuit_decorator.py
[2026-03-28T15:22:12.561+0500] {processor.py:830} INFO - Processing file /home/abayturar/airflow-project/venv/lib/python3.12/site-packages/airflow/example_dags/example_short_circuit_decorator.py for tasks to queue
[2026-03-28T15:22:12.563+0500] {logging_mixin.py:188} INFO - [2026-03-28T15:22:12.562+0500] {dagbag.py:545} INFO - Filling up the DagBag from /home/abayturar/airflow-project/venv/lib/python3.12/site-packages/airflow/example_dags/example_short_circuit_decorator.py
[2026-03-28T15:22:12.571+0500] {processor.py:840} INFO - DAG(s) 'example_short_circuit_decorator' retrieved from /home/abayturar/airflow-project/venv/lib/python3.12/site-packages/airflow/example_dags/example_short_circuit_decorator.py
[2026-03-28T15:22:12.592+0500] {logging_mixin.py:188} INFO - [2026-03-28T15:22:12.591+0500] {dag.py:3089} INFO - Sync 1 DAGs
[2026-03-28T15:22:12.607+0500] {logging_mixin.py:188} INFO - [2026-03-28T15:22:12.607+0500] {dag.py:3947} INFO - Setting next_dagrun for example_short_circuit_decorator to 2026-03-27 00:00:00+00:00, run_after=2026-03-28 00:00:00+00:00
[2026-03-28T15:22:12.638+0500] {processor.py:183} INFO - Processing /home/abayturar/airflow-project/venv/lib/python3.12/site-packages/airflow/example_dags/example_short_circuit_decorator.py took 0.084 seconds
[2026-03-28T15:23:01.032+0500] {processor.py:161} INFO - Started process (PID=12140) to work on /home/abayturar/airflow-project/venv/lib/python3.12/site-packages/airflow/example_dags/example_short_circuit_decorator.py
[2026-03-28T15:23:01.033+0500] {processor.py:830} INFO - Processing file /home/abayturar/airflow-project/venv/lib/python3.12/site-packages/airflow/example_dags/example_short_circuit_decorator.py for tasks to queue
[2026-03-28T15:23:01.035+0500] {logging_mixin.py:188} INFO - [2026-03-28T15:23:01.035+0500] {dagbag.py:545} INFO - Filling up the DagBag from /home/abayturar/airflow-project/venv/lib/python3.12/site-packages/airflow/example_dags/example_short_circuit_decorator.py
[2026-03-28T15:23:01.043+0500] {processor.py:840} INFO - DAG(s) 'example_short_circuit_decorator' retrieved from /home/abayturar/airflow-project/venv/lib/python3.12/site-packages/airflow/example_dags/example_short_circuit_decorator.py
[2026-03-28T15:23:01.062+0500] {logging_mixin.py:188} INFO - [2026-03-28T15:23:01.062+0500] {dag.py:3089} INFO - Sync 1 DAGs
[2026-03-28T15:23:01.079+0500] {logging_mixin.py:188} INFO - [2026-03-28T15:23:01.078+0500] {dag.py:3947} INFO - Setting next_dagrun for example_short_circuit_decorator to 2026-03-27 00:00:00+00:00, run_after=2026-03-28 00:00:00+00:00
[2026-03-28T15:23:01.095+0500] {processor.py:183} INFO - Processing /home/abayturar/airflow-project/venv/lib/python3.12/site-packages/airflow/example_dags/example_short_circuit_decorator.py took 0.070 seconds
[2026-03-28T15:23:47.901+0500] {processor.py:161} INFO - Started process (PID=12269) to work on /home/abayturar/airflow-project/venv/lib/python3.12/site-packages/airflow/example_dags/example_short_circuit_decorator.py
[2026-03-28T15:23:47.902+0500] {processor.py:830} INFO - Processing file /home/abayturar/airflow-project/venv/lib/python3.12/site-packages/airflow/example_dags/example_short_circuit_decorator.py for tasks to queue
[2026-03-28T15:23:47.903+0500] {logging_mixin.py:188} INFO - [2026-03-28T15:23:47.903+0500] {dagbag.py:545} INFO - Filling up the DagBag from /home/abayturar/airflow-project/venv/lib/python3.12/site-packages/airflow/example_dags/example_short_circuit_decorator.py
[2026-03-28T15:23:47.912+0500] {processor.py:840} INFO - DAG(s) 'example_short_circuit_decorator' retrieved from /home/abayturar/airflow-project/venv/lib/python3.12/site-packages/airflow/example_dags/example_short_circuit_decorator.py
[2026-03-28T15:23:47.929+0500] {logging_mixin.py:188} INFO - [2026-03-28T15:23:47.929+0500] {dag.py:3089} INFO - Sync 1 DAGs
[2026-03-28T15:23:47.943+0500] {logging_mixin.py:188} INFO - [2026-03-28T15:23:47.943+0500] {dag.py:3947} INFO - Setting next_dagrun for example_short_circuit_decorator to 2026-03-27 00:00:00+00:00, run_after=2026-03-28 00:00:00+00:00
[2026-03-28T15:23:47.970+0500] {processor.py:183} INFO - Processing /home/abayturar/airflow-project/venv/lib/python3.12/site-packages/airflow/example_dags/example_short_circuit_decorator.py took 0.075 seconds
[2026-03-28T15:24:37.009+0500] {processor.py:161} INFO - Started process (PID=12410) to work on /home/abayturar/airflow-project/venv/lib/python3.12/site-packages/airflow/example_dags/example_short_circuit_decorator.py
[2026-03-28T15:24:37.010+0500] {processor.py:830} INFO - Processing file /home/abayturar/airflow-project/venv/lib/python3.12/site-packages/airflow/example_dags/example_short_circuit_decorator.py for tasks to queue
[2026-03-28T15:24:37.012+0500] {logging_mixin.py:188} INFO - [2026-03-28T15:24:37.011+0500] {dagbag.py:545} INFO - Filling up the DagBag from /home/abayturar/airflow-project/venv/lib/python3.12/site-packages/airflow/example_dags/example_short_circuit_decorator.py
[2026-03-28T15:24:37.020+0500] {processor.py:840} INFO - DAG(s) 'example_short_circuit_decorator' retrieved from /home/abayturar/airflow-project/venv/lib/python3.12/site-packages/airflow/example_dags/example_short_circuit_decorator.py
[2026-03-28T15:24:37.036+0500] {logging_mixin.py:188} INFO - [2026-03-28T15:24:37.036+0500] {dag.py:3089} INFO - Sync 1 DAGs
[2026-03-28T15:24:37.051+0500] {logging_mixin.py:188} INFO - [2026-03-28T15:24:37.051+0500] {dag.py:3947} INFO - Setting next_dagrun for example_short_circuit_decorator to 2026-03-27 00:00:00+00:00, run_after=2026-03-28 00:00:00+00:00
[2026-03-28T15:24:37.079+0500] {processor.py:183} INFO - Processing /home/abayturar/airflow-project/venv/lib/python3.12/site-packages/airflow/example_dags/example_short_circuit_decorator.py took 0.077 seconds
[2026-03-28T15:25:58.252+0500] {processor.py:161} INFO - Started process (PID=12613) to work on /home/abayturar/airflow-project/venv/lib/python3.12/site-packages/airflow/example_dags/example_short_circuit_decorator.py
[2026-03-28T15:25:58.252+0500] {processor.py:830} INFO - Processing file /home/abayturar/airflow-project/venv/lib/python3.12/site-packages/airflow/example_dags/example_short_circuit_decorator.py for tasks to queue
[2026-03-28T15:25:58.254+0500] {logging_mixin.py:188} INFO - [2026-03-28T15:25:58.254+0500] {dagbag.py:545} INFO - Filling up the DagBag from /home/abayturar/airflow-project/venv/lib/python3.12/site-packages/airflow/example_dags/example_short_circuit_decorator.py
[2026-03-28T15:25:58.264+0500] {processor.py:840} INFO - DAG(s) 'example_short_circuit_decorator' retrieved from /home/abayturar/airflow-project/venv/lib/python3.12/site-packages/airflow/example_dags/example_short_circuit_decorator.py
[2026-03-28T15:25:58.285+0500] {logging_mixin.py:188} INFO - [2026-03-28T15:25:58.284+0500] {dag.py:3089} INFO - Sync 1 DAGs
[2026-03-28T15:25:58.299+0500] {logging_mixin.py:188} INFO - [2026-03-28T15:25:58.299+0500] {dag.py:3947} INFO - Setting next_dagrun for example_short_circuit_decorator to 2026-03-27 00:00:00+00:00, run_after=2026-03-28 00:00:00+00:00
[2026-03-28T15:25:58.318+0500] {processor.py:183} INFO - Processing /home/abayturar/airflow-project/venv/lib/python3.12/site-packages/airflow/example_dags/example_short_circuit_decorator.py took 0.073 seconds
[2026-03-28T15:27:03.427+0500] {processor.py:161} INFO - Started process (PID=12790) to work on /home/abayturar/airflow-project/venv/lib/python3.12/site-packages/airflow/example_dags/example_short_circuit_decorator.py
[2026-03-28T15:27:03.428+0500] {processor.py:830} INFO - Processing file /home/abayturar/airflow-project/venv/lib/python3.12/site-packages/airflow/example_dags/example_short_circuit_decorator.py for tasks to queue
[2026-03-28T15:27:03.429+0500] {logging_mixin.py:188} INFO - [2026-03-28T15:27:03.429+0500] {dagbag.py:545} INFO - Filling up the DagBag from /home/abayturar/airflow-project/venv/lib/python3.12/site-packages/airflow/example_dags/example_short_circuit_decorator.py
[2026-03-28T15:27:03.437+0500] {processor.py:840} INFO - DAG(s) 'example_short_circuit_decorator' retrieved from /home/abayturar/airflow-project/venv/lib/python3.12/site-packages/airflow/example_dags/example_short_circuit_decorator.py
[2026-03-28T15:27:03.446+0500] {logging_mixin.py:188} INFO - [2026-03-28T15:27:03.446+0500] {dag.py:3089} INFO - Sync 1 DAGs
[2026-03-28T15:27:03.461+0500] {logging_mixin.py:188} INFO - [2026-03-28T15:27:03.461+0500] {dag.py:3947} INFO - Setting next_dagrun for example_short_circuit_decorator to 2026-03-27 00:00:00+00:00, run_after=2026-03-28 00:00:00+00:00
[2026-03-28T15:27:03.475+0500] {processor.py:183} INFO - Processing /home/abayturar/airflow-project/venv/lib/python3.12/site-packages/airflow/example_dags/example_short_circuit_decorator.py took 0.055 seconds
[2026-03-28T18:17:39.075+0500] {processor.py:161} INFO - Started process (PID=17920) to work on /home/abayturar/airflow-project/venv/lib/python3.12/site-packages/airflow/example_dags/example_short_circuit_decorator.py
[2026-03-28T18:17:39.076+0500] {processor.py:830} INFO - Processing file /home/abayturar/airflow-project/venv/lib/python3.12/site-packages/airflow/example_dags/example_short_circuit_decorator.py for tasks to queue
[2026-03-28T18:17:39.077+0500] {logging_mixin.py:188} INFO - [2026-03-28T18:17:39.077+0500] {dagbag.py:545} INFO - Filling up the DagBag from /home/abayturar/airflow-project/venv/lib/python3.12/site-packages/airflow/example_dags/example_short_circuit_decorator.py
[2026-03-28T18:17:39.086+0500] {processor.py:840} INFO - DAG(s) 'example_short_circuit_decorator' retrieved from /home/abayturar/airflow-project/venv/lib/python3.12/site-packages/airflow/example_dags/example_short_circuit_decorator.py
[2026-03-28T18:17:39.176+0500] {logging_mixin.py:188} INFO - [2026-03-28T18:17:39.176+0500] {override.py:1858} INFO - Created Permission View: can edit on DAG:example_short_circuit_decorator
[2026-03-28T18:17:39.183+0500] {logging_mixin.py:188} INFO - [2026-03-28T18:17:39.183+0500] {override.py:1858} INFO - Created Permission View: can delete on DAG:example_short_circuit_decorator
[2026-03-28T18:17:39.188+0500] {logging_mixin.py:188} INFO - [2026-03-28T18:17:39.188+0500] {override.py:1858} INFO - Created Permission View: can read on DAG:example_short_circuit_decorator
[2026-03-28T18:17:39.189+0500] {logging_mixin.py:188} INFO - [2026-03-28T18:17:39.189+0500] {dag.py:3089} INFO - Sync 1 DAGs
[2026-03-28T18:17:39.195+0500] {logging_mixin.py:188} INFO - [2026-03-28T18:17:39.195+0500] {dag.py:3111} INFO - Creating ORM DAG for example_short_circuit_decorator
[2026-03-28T18:17:39.201+0500] {logging_mixin.py:188} INFO - [2026-03-28T18:17:39.201+0500] {dag.py:3947} INFO - Setting next_dagrun for example_short_circuit_decorator to 2026-03-27 00:00:00+00:00, run_after=2026-03-28 00:00:00+00:00
[2026-03-28T18:17:39.214+0500] {processor.py:183} INFO - Processing /home/abayturar/airflow-project/venv/lib/python3.12/site-packages/airflow/example_dags/example_short_circuit_decorator.py took 0.145 seconds
[2026-03-28T18:18:32.714+0500] {processor.py:161} INFO - Started process (PID=18061) to work on /home/abayturar/airflow-project/venv/lib/python3.12/site-packages/airflow/example_dags/example_short_circuit_decorator.py
[2026-03-28T18:18:32.715+0500] {processor.py:830} INFO - Processing file /home/abayturar/airflow-project/venv/lib/python3.12/site-packages/airflow/example_dags/example_short_circuit_decorator.py for tasks to queue
[2026-03-28T18:18:32.716+0500] {logging_mixin.py:188} INFO - [2026-03-28T18:18:32.716+0500] {dagbag.py:545} INFO - Filling up the DagBag from /home/abayturar/airflow-project/venv/lib/python3.12/site-packages/airflow/example_dags/example_short_circuit_decorator.py
[2026-03-28T18:18:32.725+0500] {processor.py:840} INFO - DAG(s) 'example_short_circuit_decorator' retrieved from /home/abayturar/airflow-project/venv/lib/python3.12/site-packages/airflow/example_dags/example_short_circuit_decorator.py
[2026-03-28T18:18:32.743+0500] {logging_mixin.py:188} INFO - [2026-03-28T18:18:32.743+0500] {dag.py:3089} INFO - Sync 1 DAGs
[2026-03-28T18:18:32.758+0500] {logging_mixin.py:188} INFO - [2026-03-28T18:18:32.758+0500] {dag.py:3947} INFO - Setting next_dagrun for example_short_circuit_decorator to 2026-03-27 00:00:00+00:00, run_after=2026-03-28 00:00:00+00:00
[2026-03-28T18:18:32.775+0500] {processor.py:183} INFO - Processing /home/abayturar/airflow-project/venv/lib/python3.12/site-packages/airflow/example_dags/example_short_circuit_decorator.py took 0.069 seconds
[2026-03-28T18:22:25.541+0500] {processor.py:161} INFO - Started process (PID=18597) to work on /home/abayturar/airflow-project/venv/lib/python3.12/site-packages/airflow/example_dags/example_short_circuit_decorator.py
[2026-03-28T18:22:25.542+0500] {processor.py:830} INFO - Processing file /home/abayturar/airflow-project/venv/lib/python3.12/site-packages/airflow/example_dags/example_short_circuit_decorator.py for tasks to queue
[2026-03-28T18:22:25.543+0500] {logging_mixin.py:188} INFO - [2026-03-28T18:22:25.543+0500] {dagbag.py:545} INFO - Filling up the DagBag from /home/abayturar/airflow-project/venv/lib/python3.12/site-packages/airflow/example_dags/example_short_circuit_decorator.py
[2026-03-28T18:22:25.552+0500] {processor.py:840} INFO - DAG(s) 'example_short_circuit_decorator' retrieved from /home/abayturar/airflow-project/venv/lib/python3.12/site-packages/airflow/example_dags/example_short_circuit_decorator.py
[2026-03-28T18:22:25.569+0500] {logging_mixin.py:188} INFO - [2026-03-28T18:22:25.569+0500] {dag.py:3089} INFO - Sync 1 DAGs
[2026-03-28T18:22:25.582+0500] {logging_mixin.py:188} INFO - [2026-03-28T18:22:25.582+0500] {dag.py:3947} INFO - Setting next_dagrun for example_short_circuit_decorator to 2026-03-27 00:00:00+00:00, run_after=2026-03-28 00:00:00+00:00
[2026-03-28T18:22:25.610+0500] {processor.py:183} INFO - Processing /home/abayturar/airflow-project/venv/lib/python3.12/site-packages/airflow/example_dags/example_short_circuit_decorator.py took 0.076 seconds
[2026-03-28T18:23:18.471+0500] {processor.py:161} INFO - Started process (PID=18748) to work on /home/abayturar/airflow-project/venv/lib/python3.12/site-packages/airflow/example_dags/example_short_circuit_decorator.py
[2026-03-28T18:23:18.472+0500] {processor.py:830} INFO - Processing file /home/abayturar/airflow-project/venv/lib/python3.12/site-packages/airflow/example_dags/example_short_circuit_decorator.py for tasks to queue
[2026-03-28T18:23:18.474+0500] {logging_mixin.py:188} INFO - [2026-03-28T18:23:18.474+0500] {dagbag.py:545} INFO - Filling up the DagBag from /home/abayturar/airflow-project/venv/lib/python3.12/site-packages/airflow/example_dags/example_short_circuit_decorator.py
[2026-03-28T18:23:18.485+0500] {processor.py:840} INFO - DAG(s) 'example_short_circuit_decorator' retrieved from /home/abayturar/airflow-project/venv/lib/python3.12/site-packages/airflow/example_dags/example_short_circuit_decorator.py
[2026-03-28T18:23:18.504+0500] {logging_mixin.py:188} INFO - [2026-03-28T18:23:18.504+0500] {dag.py:3089} INFO - Sync 1 DAGs
[2026-03-28T18:23:18.519+0500] {logging_mixin.py:188} INFO - [2026-03-28T18:23:18.519+0500] {dag.py:3947} INFO - Setting next_dagrun for example_short_circuit_decorator to 2026-03-27 00:00:00+00:00, run_after=2026-03-28 00:00:00+00:00
[2026-03-28T18:23:18.536+0500] {processor.py:183} INFO - Processing /home/abayturar/airflow-project/venv/lib/python3.12/site-packages/airflow/example_dags/example_short_circuit_decorator.py took 0.072 seconds
[2026-03-28T18:24:11.685+0500] {processor.py:161} INFO - Started process (PID=18889) to work on /home/abayturar/airflow-project/venv/lib/python3.12/site-packages/airflow/example_dags/example_short_circuit_decorator.py
[2026-03-28T18:24:11.686+0500] {processor.py:830} INFO - Processing file /home/abayturar/airflow-project/venv/lib/python3.12/site-packages/airflow/example_dags/example_short_circuit_decorator.py for tasks to queue
[2026-03-28T18:24:11.688+0500] {logging_mixin.py:188} INFO - [2026-03-28T18:24:11.687+0500] {dagbag.py:545} INFO - Filling up the DagBag from /home/abayturar/airflow-project/venv/lib/python3.12/site-packages/airflow/example_dags/example_short_circuit_decorator.py
[2026-03-28T18:24:11.697+0500] {processor.py:840} INFO - DAG(s) 'example_short_circuit_decorator' retrieved from /home/abayturar/airflow-project/venv/lib/python3.12/site-packages/airflow/example_dags/example_short_circuit_decorator.py
[2026-03-28T18:24:11.714+0500] {logging_mixin.py:188} INFO - [2026-03-28T18:24:11.713+0500] {dag.py:3089} INFO - Sync 1 DAGs
[2026-03-28T18:24:11.729+0500] {logging_mixin.py:188} INFO - [2026-03-28T18:24:11.729+0500] {dag.py:3947} INFO - Setting next_dagrun for example_short_circuit_decorator to 2026-03-27 00:00:00+00:00, run_after=2026-03-28 00:00:00+00:00
[2026-03-28T18:24:11.745+0500] {processor.py:183} INFO - Processing /home/abayturar/airflow-project/venv/lib/python3.12/site-packages/airflow/example_dags/example_short_circuit_decorator.py took 0.067 seconds
[2026-03-28T18:24:58.634+0500] {processor.py:161} INFO - Started process (PID=19016) to work on /home/abayturar/airflow-project/venv/lib/python3.12/site-packages/airflow/example_dags/example_short_circuit_decorator.py
[2026-03-28T18:24:58.635+0500] {processor.py:830} INFO - Processing file /home/abayturar/airflow-project/venv/lib/python3.12/site-packages/airflow/example_dags/example_short_circuit_decorator.py for tasks to queue
[2026-03-28T18:24:58.636+0500] {logging_mixin.py:188} INFO - [2026-03-28T18:24:58.636+0500] {dagbag.py:545} INFO - Filling up the DagBag from /home/abayturar/airflow-project/venv/lib/python3.12/site-packages/airflow/example_dags/example_short_circuit_decorator.py
[2026-03-28T18:24:58.646+0500] {processor.py:840} INFO - DAG(s) 'example_short_circuit_decorator' retrieved from /home/abayturar/airflow-project/venv/lib/python3.12/site-packages/airflow/example_dags/example_short_circuit_decorator.py
[2026-03-28T18:24:58.666+0500] {logging_mixin.py:188} INFO - [2026-03-28T18:24:58.665+0500] {dag.py:3089} INFO - Sync 1 DAGs
[2026-03-28T18:24:58.682+0500] {logging_mixin.py:188} INFO - [2026-03-28T18:24:58.682+0500] {dag.py:3947} INFO - Setting next_dagrun for example_short_circuit_decorator to 2026-03-27 00:00:00+00:00, run_after=2026-03-28 00:00:00+00:00
[2026-03-28T18:24:58.712+0500] {processor.py:183} INFO - Processing /home/abayturar/airflow-project/venv/lib/python3.12/site-packages/airflow/example_dags/example_short_circuit_decorator.py took 0.086 seconds
[2026-03-28T18:25:45.153+0500] {processor.py:161} INFO - Started process (PID=19139) to work on /home/abayturar/airflow-project/venv/lib/python3.12/site-packages/airflow/example_dags/example_short_circuit_decorator.py
[2026-03-28T18:25:45.154+0500] {processor.py:830} INFO - Processing file /home/abayturar/airflow-project/venv/lib/python3.12/site-packages/airflow/example_dags/example_short_circuit_decorator.py for tasks to queue
[2026-03-28T18:25:45.156+0500] {logging_mixin.py:188} INFO - [2026-03-28T18:25:45.155+0500] {dagbag.py:545} INFO - Filling up the DagBag from /home/abayturar/airflow-project/venv/lib/python3.12/site-packages/airflow/example_dags/example_short_circuit_decorator.py
[2026-03-28T18:25:45.165+0500] {processor.py:840} INFO - DAG(s) 'example_short_circuit_decorator' retrieved from /home/abayturar/airflow-project/venv/lib/python3.12/site-packages/airflow/example_dags/example_short_circuit_decorator.py
[2026-03-28T18:25:45.182+0500] {logging_mixin.py:188} INFO - [2026-03-28T18:25:45.182+0500] {dag.py:3089} INFO - Sync 1 DAGs
[2026-03-28T18:25:45.197+0500] {logging_mixin.py:188} INFO - [2026-03-28T18:25:45.197+0500] {dag.py:3947} INFO - Setting next_dagrun for example_short_circuit_decorator to 2026-03-27 00:00:00+00:00, run_after=2026-03-28 00:00:00+00:00
[2026-03-28T18:25:45.226+0500] {processor.py:183} INFO - Processing /home/abayturar/airflow-project/venv/lib/python3.12/site-packages/airflow/example_dags/example_short_circuit_decorator.py took 0.080 seconds
[2026-03-28T18:26:33.162+0500] {processor.py:161} INFO - Started process (PID=19269) to work on /home/abayturar/airflow-project/venv/lib/python3.12/site-packages/airflow/example_dags/example_short_circuit_decorator.py
[2026-03-28T18:26:33.163+0500] {processor.py:830} INFO - Processing file /home/abayturar/airflow-project/venv/lib/python3.12/site-packages/airflow/example_dags/example_short_circuit_decorator.py for tasks to queue
[2026-03-28T18:26:33.165+0500] {logging_mixin.py:188} INFO - [2026-03-28T18:26:33.165+0500] {dagbag.py:545} INFO - Filling up the DagBag from /home/abayturar/airflow-project/venv/lib/python3.12/site-packages/airflow/example_dags/example_short_circuit_decorator.py
[2026-03-28T18:26:33.174+0500] {processor.py:840} INFO - DAG(s) 'example_short_circuit_decorator' retrieved from /home/abayturar/airflow-project/venv/lib/python3.12/site-packages/airflow/example_dags/example_short_circuit_decorator.py
[2026-03-28T18:26:33.190+0500] {logging_mixin.py:188} INFO - [2026-03-28T18:26:33.190+0500] {dag.py:3089} INFO - Sync 1 DAGs
[2026-03-28T18:26:33.204+0500] {logging_mixin.py:188} INFO - [2026-03-28T18:26:33.204+0500] {dag.py:3947} INFO - Setting next_dagrun for example_short_circuit_decorator to 2026-03-27 00:00:00+00:00, run_after=2026-03-28 00:00:00+00:00
[2026-03-28T18:26:33.231+0500] {processor.py:183} INFO - Processing /home/abayturar/airflow-project/venv/lib/python3.12/site-packages/airflow/example_dags/example_short_circuit_decorator.py took 0.075 seconds
[2026-03-28T18:27:22.552+0500] {processor.py:161} INFO - Started process (PID=19400) to work on /home/abayturar/airflow-project/venv/lib/python3.12/site-packages/airflow/example_dags/example_short_circuit_decorator.py
[2026-03-28T18:27:22.553+0500] {processor.py:830} INFO - Processing file /home/abayturar/airflow-project/venv/lib/python3.12/site-packages/airflow/example_dags/example_short_circuit_decorator.py for tasks to queue
[2026-03-28T18:27:22.554+0500] {logging_mixin.py:188} INFO - [2026-03-28T18:27:22.554+0500] {dagbag.py:545} INFO - Filling up the DagBag from /home/abayturar/airflow-project/venv/lib/python3.12/site-packages/airflow/example_dags/example_short_circuit_decorator.py
[2026-03-28T18:27:22.564+0500] {processor.py:840} INFO - DAG(s) 'example_short_circuit_decorator' retrieved from /home/abayturar/airflow-project/venv/lib/python3.12/site-packages/airflow/example_dags/example_short_circuit_decorator.py
[2026-03-28T18:27:22.585+0500] {logging_mixin.py:188} INFO - [2026-03-28T18:27:22.585+0500] {dag.py:3089} INFO - Sync 1 DAGs
[2026-03-28T18:27:22.600+0500] {logging_mixin.py:188} INFO - [2026-03-28T18:27:22.600+0500] {dag.py:3947} INFO - Setting next_dagrun for example_short_circuit_decorator to 2026-03-27 00:00:00+00:00, run_after=2026-03-28 00:00:00+00:00
[2026-03-28T18:27:22.615+0500] {processor.py:183} INFO - Processing /home/abayturar/airflow-project/venv/lib/python3.12/site-packages/airflow/example_dags/example_short_circuit_decorator.py took 0.070 seconds
[2026-03-28T18:28:16.627+0500] {processor.py:161} INFO - Started process (PID=19557) to work on /home/abayturar/airflow-project/venv/lib/python3.12/site-packages/airflow/example_dags/example_short_circuit_decorator.py
[2026-03-28T18:28:16.628+0500] {processor.py:830} INFO - Processing file /home/abayturar/airflow-project/venv/lib/python3.12/site-packages/airflow/example_dags/example_short_circuit_decorator.py for tasks to queue
[2026-03-28T18:28:16.630+0500] {logging_mixin.py:188} INFO - [2026-03-28T18:28:16.629+0500] {dagbag.py:545} INFO - Filling up the DagBag from /home/abayturar/airflow-project/venv/lib/python3.12/site-packages/airflow/example_dags/example_short_circuit_decorator.py
[2026-03-28T18:28:16.639+0500] {processor.py:840} INFO - DAG(s) 'example_short_circuit_decorator' retrieved from /home/abayturar/airflow-project/venv/lib/python3.12/site-packages/airflow/example_dags/example_short_circuit_decorator.py
[2026-03-28T18:28:16.657+0500] {logging_mixin.py:188} INFO - [2026-03-28T18:28:16.657+0500] {dag.py:3089} INFO - Sync 1 DAGs
[2026-03-28T18:28:16.673+0500] {logging_mixin.py:188} INFO - [2026-03-28T18:28:16.673+0500] {dag.py:3947} INFO - Setting next_dagrun for example_short_circuit_decorator to 2026-03-27 00:00:00+00:00, run_after=2026-03-28 00:00:00+00:00
[2026-03-28T18:28:16.701+0500] {processor.py:183} INFO - Processing /home/abayturar/airflow-project/venv/lib/python3.12/site-packages/airflow/example_dags/example_short_circuit_decorator.py took 0.081 seconds
[2026-03-28T18:29:09.326+0500] {processor.py:161} INFO - Started process (PID=19694) to work on /home/abayturar/airflow-project/venv/lib/python3.12/site-packages/airflow/example_dags/example_short_circuit_decorator.py
[2026-03-28T18:29:09.327+0500] {processor.py:830} INFO - Processing file /home/abayturar/airflow-project/venv/lib/python3.12/site-packages/airflow/example_dags/example_short_circuit_decorator.py for tasks to queue
[2026-03-28T18:29:09.330+0500] {logging_mixin.py:188} INFO - [2026-03-28T18:29:09.329+0500] {dagbag.py:545} INFO - Filling up the DagBag from /home/abayturar/airflow-project/venv/lib/python3.12/site-packages/airflow/example_dags/example_short_circuit_decorator.py
[2026-03-28T18:29:09.338+0500] {processor.py:840} INFO - DAG(s) 'example_short_circuit_decorator' retrieved from /home/abayturar/airflow-project/venv/lib/python3.12/site-packages/airflow/example_dags/example_short_circuit_decorator.py
[2026-03-28T18:29:09.356+0500] {logging_mixin.py:188} INFO - [2026-03-28T18:29:09.355+0500] {dag.py:3089} INFO - Sync 1 DAGs
[2026-03-28T18:29:09.371+0500] {logging_mixin.py:188} INFO - [2026-03-28T18:29:09.370+0500] {dag.py:3947} INFO - Setting next_dagrun for example_short_circuit_decorator to 2026-03-27 00:00:00+00:00, run_after=2026-03-28 00:00:00+00:00
[2026-03-28T18:29:09.387+0500] {processor.py:183} INFO - Processing /home/abayturar/airflow-project/venv/lib/python3.12/site-packages/airflow/example_dags/example_short_circuit_decorator.py took 0.067 seconds
[2026-03-28T18:29:59.190+0500] {processor.py:161} INFO - Started process (PID=19827) to work on /home/abayturar/airflow-project/venv/lib/python3.12/site-packages/airflow/example_dags/example_short_circuit_decorator.py
[2026-03-28T18:29:59.191+0500] {processor.py:830} INFO - Processing file /home/abayturar/airflow-project/venv/lib/python3.12/site-packages/airflow/example_dags/example_short_circuit_decorator.py for tasks to queue
[2026-03-28T18:29:59.192+0500] {logging_mixin.py:188} INFO - [2026-03-28T18:29:59.192+0500] {dagbag.py:545} INFO - Filling up the DagBag from /home/abayturar/airflow-project/venv/lib/python3.12/site-packages/airflow/example_dags/example_short_circuit_decorator.py
[2026-03-28T18:29:59.200+0500] {processor.py:840} INFO - DAG(s) 'example_short_circuit_decorator' retrieved from /home/abayturar/airflow-project/venv/lib/python3.12/site-packages/airflow/example_dags/example_short_circuit_decorator.py
[2026-03-28T18:29:59.217+0500] {logging_mixin.py:188} INFO - [2026-03-28T18:29:59.217+0500] {dag.py:3089} INFO - Sync 1 DAGs
[2026-03-28T18:29:59.230+0500] {logging_mixin.py:188} INFO - [2026-03-28T18:29:59.230+0500] {dag.py:3947} INFO - Setting next_dagrun for example_short_circuit_decorator to 2026-03-27 00:00:00+00:00, run_after=2026-03-28 00:00:00+00:00
[2026-03-28T18:29:59.256+0500] {processor.py:183} INFO - Processing /home/abayturar/airflow-project/venv/lib/python3.12/site-packages/airflow/example_dags/example_short_circuit_decorator.py took 0.072 seconds
[2026-03-28T18:30:45.951+0500] {processor.py:161} INFO - Started process (PID=19952) to work on /home/abayturar/airflow-project/venv/lib/python3.12/site-packages/airflow/example_dags/example_short_circuit_decorator.py
[2026-03-28T18:30:45.952+0500] {processor.py:830} INFO - Processing file /home/abayturar/airflow-project/venv/lib/python3.12/site-packages/airflow/example_dags/example_short_circuit_decorator.py for tasks to queue
[2026-03-28T18:30:45.954+0500] {logging_mixin.py:188} INFO - [2026-03-28T18:30:45.953+0500] {dagbag.py:545} INFO - Filling up the DagBag from /home/abayturar/airflow-project/venv/lib/python3.12/site-packages/airflow/example_dags/example_short_circuit_decorator.py
[2026-03-28T18:30:45.961+0500] {processor.py:840} INFO - DAG(s) 'example_short_circuit_decorator' retrieved from /home/abayturar/airflow-project/venv/lib/python3.12/site-packages/airflow/example_dags/example_short_circuit_decorator.py
[2026-03-28T18:30:45.978+0500] {logging_mixin.py:188} INFO - [2026-03-28T18:30:45.978+0500] {dag.py:3089} INFO - Sync 1 DAGs
[2026-03-28T18:30:45.992+0500] {logging_mixin.py:188} INFO - [2026-03-28T18:30:45.991+0500] {dag.py:3947} INFO - Setting next_dagrun for example_short_circuit_decorator to 2026-03-27 00:00:00+00:00, run_after=2026-03-28 00:00:00+00:00
[2026-03-28T18:30:46.018+0500] {processor.py:183} INFO - Processing /home/abayturar/airflow-project/venv/lib/python3.12/site-packages/airflow/example_dags/example_short_circuit_decorator.py took 0.073 seconds
[2026-03-28T18:31:31.412+0500] {processor.py:161} INFO - Started process (PID=20083) to work on /home/abayturar/airflow-project/venv/lib/python3.12/site-packages/airflow/example_dags/example_short_circuit_decorator.py
[2026-03-28T18:31:31.413+0500] {processor.py:830} INFO - Processing file /home/abayturar/airflow-project/venv/lib/python3.12/site-packages/airflow/example_dags/example_short_circuit_decorator.py for tasks to queue
[2026-03-28T18:31:31.416+0500] {logging_mixin.py:188} INFO - [2026-03-28T18:31:31.415+0500] {dagbag.py:545} INFO - Filling up the DagBag from /home/abayturar/airflow-project/venv/lib/python3.12/site-packages/airflow/example_dags/example_short_circuit_decorator.py
[2026-03-28T18:31:31.430+0500] {processor.py:840} INFO - DAG(s) 'example_short_circuit_decorator' retrieved from /home/abayturar/airflow-project/venv/lib/python3.12/site-packages/airflow/example_dags/example_short_circuit_decorator.py
[2026-03-28T18:31:31.458+0500] {logging_mixin.py:188} INFO - [2026-03-28T18:31:31.457+0500] {dag.py:3089} INFO - Sync 1 DAGs
[2026-03-28T18:31:31.480+0500] {logging_mixin.py:188} INFO - [2026-03-28T18:31:31.480+0500] {dag.py:3947} INFO - Setting next_dagrun for example_short_circuit_decorator to 2026-03-27 00:00:00+00:00, run_after=2026-03-28 00:00:00+00:00
[2026-03-28T18:31:31.508+0500] {processor.py:183} INFO - Processing /home/abayturar/airflow-project/venv/lib/python3.12/site-packages/airflow/example_dags/example_short_circuit_decorator.py took 0.105 seconds
[2026-03-28T18:32:15.801+0500] {processor.py:161} INFO - Started process (PID=20202) to work on /home/abayturar/airflow-project/venv/lib/python3.12/site-packages/airflow/example_dags/example_short_circuit_decorator.py
[2026-03-28T18:32:15.801+0500] {processor.py:830} INFO - Processing file /home/abayturar/airflow-project/venv/lib/python3.12/site-packages/airflow/example_dags/example_short_circuit_decorator.py for tasks to queue
[2026-03-28T18:32:15.803+0500] {logging_mixin.py:188} INFO - [2026-03-28T18:32:15.803+0500] {dagbag.py:545} INFO - Filling up the DagBag from /home/abayturar/airflow-project/venv/lib/python3.12/site-packages/airflow/example_dags/example_short_circuit_decorator.py
[2026-03-28T18:32:15.811+0500] {processor.py:840} INFO - DAG(s) 'example_short_circuit_decorator' retrieved from /home/abayturar/airflow-project/venv/lib/python3.12/site-packages/airflow/example_dags/example_short_circuit_decorator.py
[2026-03-28T18:32:15.828+0500] {logging_mixin.py:188} INFO - [2026-03-28T18:32:15.828+0500] {dag.py:3089} INFO - Sync 1 DAGs
[2026-03-28T18:32:15.841+0500] {logging_mixin.py:188} INFO - [2026-03-28T18:32:15.841+0500] {dag.py:3947} INFO - Setting next_dagrun for example_short_circuit_decorator to 2026-03-27 00:00:00+00:00, run_after=2026-03-28 00:00:00+00:00
[2026-03-28T18:32:15.868+0500] {processor.py:183} INFO - Processing /home/abayturar/airflow-project/venv/lib/python3.12/site-packages/airflow/example_dags/example_short_circuit_decorator.py took 0.074 seconds
[2026-03-28T18:33:04.726+0500] {processor.py:161} INFO - Started process (PID=20331) to work on /home/abayturar/airflow-project/venv/lib/python3.12/site-packages/airflow/example_dags/example_short_circuit_decorator.py
[2026-03-28T18:33:04.729+0500] {processor.py:830} INFO - Processing file /home/abayturar/airflow-project/venv/lib/python3.12/site-packages/airflow/example_dags/example_short_circuit_decorator.py for tasks to queue
[2026-03-28T18:33:04.733+0500] {logging_mixin.py:188} INFO - [2026-03-28T18:33:04.732+0500] {dagbag.py:545} INFO - Filling up the DagBag from /home/abayturar/airflow-project/venv/lib/python3.12/site-packages/airflow/example_dags/example_short_circuit_decorator.py
[2026-03-28T18:33:04.764+0500] {processor.py:840} INFO - DAG(s) 'example_short_circuit_decorator' retrieved from /home/abayturar/airflow-project/venv/lib/python3.12/site-packages/airflow/example_dags/example_short_circuit_decorator.py
[2026-03-28T18:33:04.798+0500] {logging_mixin.py:188} INFO - [2026-03-28T18:33:04.798+0500] {dag.py:3089} INFO - Sync 1 DAGs
[2026-03-28T18:33:04.819+0500] {logging_mixin.py:188} INFO - [2026-03-28T18:33:04.818+0500] {dag.py:3947} INFO - Setting next_dagrun for example_short_circuit_decorator to 2026-03-27 00:00:00+00:00, run_after=2026-03-28 00:00:00+00:00
[2026-03-28T18:33:04.838+0500] {processor.py:183} INFO - Processing /home/abayturar/airflow-project/venv/lib/python3.12/site-packages/airflow/example_dags/example_short_circuit_decorator.py took 0.154 seconds
[2026-03-28T18:33:57.544+0500] {processor.py:161} INFO - Started process (PID=20471) to work on /home/abayturar/airflow-project/venv/lib/python3.12/site-packages/airflow/example_dags/example_short_circuit_decorator.py
[2026-03-28T18:33:57.545+0500] {processor.py:830} INFO - Processing file /home/abayturar/airflow-project/venv/lib/python3.12/site-packages/airflow/example_dags/example_short_circuit_decorator.py for tasks to queue
[2026-03-28T18:33:57.547+0500] {logging_mixin.py:188} INFO - [2026-03-28T18:33:57.547+0500] {dagbag.py:545} INFO - Filling up the DagBag from /home/abayturar/airflow-project/venv/lib/python3.12/site-packages/airflow/example_dags/example_short_circuit_decorator.py
[2026-03-28T18:33:57.557+0500] {processor.py:840} INFO - DAG(s) 'example_short_circuit_decorator' retrieved from /home/abayturar/airflow-project/venv/lib/python3.12/site-packages/airflow/example_dags/example_short_circuit_decorator.py
[2026-03-28T18:33:57.579+0500] {logging_mixin.py:188} INFO - [2026-03-28T18:33:57.578+0500] {dag.py:3089} INFO - Sync 1 DAGs
[2026-03-28T18:33:57.597+0500] {logging_mixin.py:188} INFO - [2026-03-28T18:33:57.597+0500] {dag.py:3947} INFO - Setting next_dagrun for example_short_circuit_decorator to 2026-03-27 00:00:00+00:00, run_after=2026-03-28 00:00:00+00:00
[2026-03-28T18:33:57.631+0500] {processor.py:183} INFO - Processing /home/abayturar/airflow-project/venv/lib/python3.12/site-packages/airflow/example_dags/example_short_circuit_decorator.py took 0.094 seconds
[2026-03-28T18:34:49.065+0500] {processor.py:161} INFO - Started process (PID=20623) to work on /home/abayturar/airflow-project/venv/lib/python3.12/site-packages/airflow/example_dags/example_short_circuit_decorator.py
[2026-03-28T18:34:49.065+0500] {processor.py:830} INFO - Processing file /home/abayturar/airflow-project/venv/lib/python3.12/site-packages/airflow/example_dags/example_short_circuit_decorator.py for tasks to queue
[2026-03-28T18:34:49.067+0500] {logging_mixin.py:188} INFO - [2026-03-28T18:34:49.067+0500] {dagbag.py:545} INFO - Filling up the DagBag from /home/abayturar/airflow-project/venv/lib/python3.12/site-packages/airflow/example_dags/example_short_circuit_decorator.py
[2026-03-28T18:34:49.075+0500] {processor.py:840} INFO - DAG(s) 'example_short_circuit_decorator' retrieved from /home/abayturar/airflow-project/venv/lib/python3.12/site-packages/airflow/example_dags/example_short_circuit_decorator.py
[2026-03-28T18:34:49.091+0500] {logging_mixin.py:188} INFO - [2026-03-28T18:34:49.091+0500] {dag.py:3089} INFO - Sync 1 DAGs
[2026-03-28T18:34:49.105+0500] {logging_mixin.py:188} INFO - [2026-03-28T18:34:49.105+0500] {dag.py:3947} INFO - Setting next_dagrun for example_short_circuit_decorator to 2026-03-27 00:00:00+00:00, run_after=2026-03-28 00:00:00+00:00
[2026-03-28T18:34:49.127+0500] {processor.py:183} INFO - Processing /home/abayturar/airflow-project/venv/lib/python3.12/site-packages/airflow/example_dags/example_short_circuit_decorator.py took 0.068 seconds
[2026-03-28T18:35:39.343+0500] {processor.py:161} INFO - Started process (PID=20760) to work on /home/abayturar/airflow-project/venv/lib/python3.12/site-packages/airflow/example_dags/example_short_circuit_decorator.py
[2026-03-28T18:35:39.344+0500] {processor.py:830} INFO - Processing file /home/abayturar/airflow-project/venv/lib/python3.12/site-packages/airflow/example_dags/example_short_circuit_decorator.py for tasks to queue
[2026-03-28T18:35:39.346+0500] {logging_mixin.py:188} INFO - [2026-03-28T18:35:39.346+0500] {dagbag.py:545} INFO - Filling up the DagBag from /home/abayturar/airflow-project/venv/lib/python3.12/site-packages/airflow/example_dags/example_short_circuit_decorator.py
[2026-03-28T18:35:39.355+0500] {processor.py:840} INFO - DAG(s) 'example_short_circuit_decorator' retrieved from /home/abayturar/airflow-project/venv/lib/python3.12/site-packages/airflow/example_dags/example_short_circuit_decorator.py
[2026-03-28T18:35:39.372+0500] {logging_mixin.py:188} INFO - [2026-03-28T18:35:39.372+0500] {dag.py:3089} INFO - Sync 1 DAGs
[2026-03-28T18:35:39.387+0500] {logging_mixin.py:188} INFO - [2026-03-28T18:35:39.386+0500] {dag.py:3947} INFO - Setting next_dagrun for example_short_circuit_decorator to 2026-03-27 00:00:00+00:00, run_after=2026-03-28 00:00:00+00:00
[2026-03-28T18:35:39.414+0500] {processor.py:183} INFO - Processing /home/abayturar/airflow-project/venv/lib/python3.12/site-packages/airflow/example_dags/example_short_circuit_decorator.py took 0.077 seconds
[2026-03-28T18:36:33.342+0500] {processor.py:161} INFO - Started process (PID=20915) to work on /home/abayturar/airflow-project/venv/lib/python3.12/site-packages/airflow/example_dags/example_short_circuit_decorator.py
[2026-03-28T18:36:33.342+0500] {processor.py:830} INFO - Processing file /home/abayturar/airflow-project/venv/lib/python3.12/site-packages/airflow/example_dags/example_short_circuit_decorator.py for tasks to queue
[2026-03-28T18:36:33.344+0500] {logging_mixin.py:188} INFO - [2026-03-28T18:36:33.344+0500] {dagbag.py:545} INFO - Filling up the DagBag from /home/abayturar/airflow-project/venv/lib/python3.12/site-packages/airflow/example_dags/example_short_circuit_decorator.py
[2026-03-28T18:36:33.353+0500] {processor.py:840} INFO - DAG(s) 'example_short_circuit_decorator' retrieved from /home/abayturar/airflow-project/venv/lib/python3.12/site-packages/airflow/example_dags/example_short_circuit_decorator.py
[2026-03-28T18:36:33.371+0500] {logging_mixin.py:188} INFO - [2026-03-28T18:36:33.371+0500] {dag.py:3089} INFO - Sync 1 DAGs
[2026-03-28T18:36:33.386+0500] {logging_mixin.py:188} INFO - [2026-03-28T18:36:33.385+0500] {dag.py:3947} INFO - Setting next_dagrun for example_short_circuit_decorator to 2026-03-27 00:00:00+00:00, run_after=2026-03-28 00:00:00+00:00
[2026-03-28T18:36:33.404+0500] {processor.py:183} INFO - Processing /home/abayturar/airflow-project/venv/lib/python3.12/site-packages/airflow/example_dags/example_short_circuit_decorator.py took 0.069 seconds
[2026-03-28T18:37:27.060+0500] {processor.py:161} INFO - Started process (PID=21065) to work on /home/abayturar/airflow-project/venv/lib/python3.12/site-packages/airflow/example_dags/example_short_circuit_decorator.py
[2026-03-28T18:37:27.062+0500] {processor.py:830} INFO - Processing file /home/abayturar/airflow-project/venv/lib/python3.12/site-packages/airflow/example_dags/example_short_circuit_decorator.py for tasks to queue
[2026-03-28T18:37:27.064+0500] {logging_mixin.py:188} INFO - [2026-03-28T18:37:27.064+0500] {dagbag.py:545} INFO - Filling up the DagBag from /home/abayturar/airflow-project/venv/lib/python3.12/site-packages/airflow/example_dags/example_short_circuit_decorator.py
[2026-03-28T18:37:27.075+0500] {processor.py:840} INFO - DAG(s) 'example_short_circuit_decorator' retrieved from /home/abayturar/airflow-project/venv/lib/python3.12/site-packages/airflow/example_dags/example_short_circuit_decorator.py
[2026-03-28T18:37:27.100+0500] {logging_mixin.py:188} INFO - [2026-03-28T18:37:27.099+0500] {dag.py:3089} INFO - Sync 1 DAGs
[2026-03-28T18:37:27.123+0500] {logging_mixin.py:188} INFO - [2026-03-28T18:37:27.123+0500] {dag.py:3947} INFO - Setting next_dagrun for example_short_circuit_decorator to 2026-03-27 00:00:00+00:00, run_after=2026-03-28 00:00:00+00:00
[2026-03-28T18:37:27.143+0500] {processor.py:183} INFO - Processing /home/abayturar/airflow-project/venv/lib/python3.12/site-packages/airflow/example_dags/example_short_circuit_decorator.py took 0.090 seconds
[2026-03-28T18:38:16.828+0500] {processor.py:161} INFO - Started process (PID=21200) to work on /home/abayturar/airflow-project/venv/lib/python3.12/site-packages/airflow/example_dags/example_short_circuit_decorator.py
[2026-03-28T18:38:16.829+0500] {processor.py:830} INFO - Processing file /home/abayturar/airflow-project/venv/lib/python3.12/site-packages/airflow/example_dags/example_short_circuit_decorator.py for tasks to queue
[2026-03-28T18:38:16.831+0500] {logging_mixin.py:188} INFO - [2026-03-28T18:38:16.831+0500] {dagbag.py:545} INFO - Filling up the DagBag from /home/abayturar/airflow-project/venv/lib/python3.12/site-packages/airflow/example_dags/example_short_circuit_decorator.py
[2026-03-28T18:38:16.839+0500] {processor.py:840} INFO - DAG(s) 'example_short_circuit_decorator' retrieved from /home/abayturar/airflow-project/venv/lib/python3.12/site-packages/airflow/example_dags/example_short_circuit_decorator.py
[2026-03-28T18:38:16.856+0500] {logging_mixin.py:188} INFO - [2026-03-28T18:38:16.855+0500] {dag.py:3089} INFO - Sync 1 DAGs
[2026-03-28T18:38:16.870+0500] {logging_mixin.py:188} INFO - [2026-03-28T18:38:16.869+0500] {dag.py:3947} INFO - Setting next_dagrun for example_short_circuit_decorator to 2026-03-27 00:00:00+00:00, run_after=2026-03-28 00:00:00+00:00
[2026-03-28T18:38:16.887+0500] {processor.py:183} INFO - Processing /home/abayturar/airflow-project/venv/lib/python3.12/site-packages/airflow/example_dags/example_short_circuit_decorator.py took 0.065 seconds
[2026-03-28T18:39:08.735+0500] {processor.py:161} INFO - Started process (PID=21337) to work on /home/abayturar/airflow-project/venv/lib/python3.12/site-packages/airflow/example_dags/example_short_circuit_decorator.py
[2026-03-28T18:39:08.736+0500] {processor.py:830} INFO - Processing file /home/abayturar/airflow-project/venv/lib/python3.12/site-packages/airflow/example_dags/example_short_circuit_decorator.py for tasks to queue
[2026-03-28T18:39:08.739+0500] {logging_mixin.py:188} INFO - [2026-03-28T18:39:08.738+0500] {dagbag.py:545} INFO - Filling up the DagBag from /home/abayturar/airflow-project/venv/lib/python3.12/site-packages/airflow/example_dags/example_short_circuit_decorator.py
[2026-03-28T18:39:08.749+0500] {processor.py:840} INFO - DAG(s) 'example_short_circuit_decorator' retrieved from /home/abayturar/airflow-project/venv/lib/python3.12/site-packages/airflow/example_dags/example_short_circuit_decorator.py
[2026-03-28T18:39:08.769+0500] {logging_mixin.py:188} INFO - [2026-03-28T18:39:08.769+0500] {dag.py:3089} INFO - Sync 1 DAGs
[2026-03-28T18:39:08.785+0500] {logging_mixin.py:188} INFO - [2026-03-28T18:39:08.784+0500] {dag.py:3947} INFO - Setting next_dagrun for example_short_circuit_decorator to 2026-03-27 00:00:00+00:00, run_after=2026-03-28 00:00:00+00:00
[2026-03-28T18:39:08.800+0500] {processor.py:183} INFO - Processing /home/abayturar/airflow-project/venv/lib/python3.12/site-packages/airflow/example_dags/example_short_circuit_decorator.py took 0.071 seconds
[2026-03-28T18:39:58.702+0500] {processor.py:161} INFO - Started process (PID=21470) to work on /home/abayturar/airflow-project/venv/lib/python3.12/site-packages/airflow/example_dags/example_short_circuit_decorator.py
[2026-03-28T18:39:58.703+0500] {processor.py:830} INFO - Processing file /home/abayturar/airflow-project/venv/lib/python3.12/site-packages/airflow/example_dags/example_short_circuit_decorator.py for tasks to queue
[2026-03-28T18:39:58.705+0500] {logging_mixin.py:188} INFO - [2026-03-28T18:39:58.705+0500] {dagbag.py:545} INFO - Filling up the DagBag from /home/abayturar/airflow-project/venv/lib/python3.12/site-packages/airflow/example_dags/example_short_circuit_decorator.py
[2026-03-28T18:39:58.713+0500] {processor.py:840} INFO - DAG(s) 'example_short_circuit_decorator' retrieved from /home/abayturar/airflow-project/venv/lib/python3.12/site-packages/airflow/example_dags/example_short_circuit_decorator.py
[2026-03-28T18:39:58.731+0500] {logging_mixin.py:188} INFO - [2026-03-28T18:39:58.731+0500] {dag.py:3089} INFO - Sync 1 DAGs
[2026-03-28T18:39:58.746+0500] {logging_mixin.py:188} INFO - [2026-03-28T18:39:58.746+0500] {dag.py:3947} INFO - Setting next_dagrun for example_short_circuit_decorator to 2026-03-27 00:00:00+00:00, run_after=2026-03-28 00:00:00+00:00
[2026-03-28T18:39:58.774+0500] {processor.py:183} INFO - Processing /home/abayturar/airflow-project/venv/lib/python3.12/site-packages/airflow/example_dags/example_short_circuit_decorator.py took 0.077 seconds
[2026-03-28T18:40:51.463+0500] {processor.py:161} INFO - Started process (PID=21608) to work on /home/abayturar/airflow-project/venv/lib/python3.12/site-packages/airflow/example_dags/example_short_circuit_decorator.py
[2026-03-28T18:40:51.464+0500] {processor.py:830} INFO - Processing file /home/abayturar/airflow-project/venv/lib/python3.12/site-packages/airflow/example_dags/example_short_circuit_decorator.py for tasks to queue
[2026-03-28T18:40:51.467+0500] {logging_mixin.py:188} INFO - [2026-03-28T18:40:51.466+0500] {dagbag.py:545} INFO - Filling up the DagBag from /home/abayturar/airflow-project/venv/lib/python3.12/site-packages/airflow/example_dags/example_short_circuit_decorator.py
[2026-03-28T18:40:51.478+0500] {processor.py:840} INFO - DAG(s) 'example_short_circuit_decorator' retrieved from /home/abayturar/airflow-project/venv/lib/python3.12/site-packages/airflow/example_dags/example_short_circuit_decorator.py
[2026-03-28T18:40:51.498+0500] {logging_mixin.py:188} INFO - [2026-03-28T18:40:51.498+0500] {dag.py:3089} INFO - Sync 1 DAGs
[2026-03-28T18:40:51.516+0500] {logging_mixin.py:188} INFO - [2026-03-28T18:40:51.515+0500] {dag.py:3947} INFO - Setting next_dagrun for example_short_circuit_decorator to 2026-03-27 00:00:00+00:00, run_after=2026-03-28 00:00:00+00:00
[2026-03-28T18:40:51.642+0500] {processor.py:183} INFO - Processing /home/abayturar/airflow-project/venv/lib/python3.12/site-packages/airflow/example_dags/example_short_circuit_decorator.py took 0.186 seconds
[2026-03-28T18:42:02.006+0500] {processor.py:161} INFO - Started process (PID=21847) to work on /home/abayturar/airflow-project/venv/lib/python3.12/site-packages/airflow/example_dags/example_short_circuit_decorator.py
[2026-03-28T18:42:02.007+0500] {processor.py:830} INFO - Processing file /home/abayturar/airflow-project/venv/lib/python3.12/site-packages/airflow/example_dags/example_short_circuit_decorator.py for tasks to queue
[2026-03-28T18:42:02.009+0500] {logging_mixin.py:188} INFO - [2026-03-28T18:42:02.009+0500] {dagbag.py:545} INFO - Filling up the DagBag from /home/abayturar/airflow-project/venv/lib/python3.12/site-packages/airflow/example_dags/example_short_circuit_decorator.py
[2026-03-28T18:42:02.019+0500] {processor.py:840} INFO - DAG(s) 'example_short_circuit_decorator' retrieved from /home/abayturar/airflow-project/venv/lib/python3.12/site-packages/airflow/example_dags/example_short_circuit_decorator.py
[2026-03-28T18:42:02.036+0500] {logging_mixin.py:188} INFO - [2026-03-28T18:42:02.036+0500] {dag.py:3089} INFO - Sync 1 DAGs
[2026-03-28T18:42:02.051+0500] {logging_mixin.py:188} INFO - [2026-03-28T18:42:02.051+0500] {dag.py:3947} INFO - Setting next_dagrun for example_short_circuit_decorator to 2026-03-27 00:00:00+00:00, run_after=2026-03-28 00:00:00+00:00
[2026-03-28T18:42:02.067+0500] {processor.py:183} INFO - Processing /home/abayturar/airflow-project/venv/lib/python3.12/site-packages/airflow/example_dags/example_short_circuit_decorator.py took 0.067 seconds
[2026-03-28T18:42:55.663+0500] {processor.py:161} INFO - Started process (PID=21989) to work on /home/abayturar/airflow-project/venv/lib/python3.12/site-packages/airflow/example_dags/example_short_circuit_decorator.py
[2026-03-28T18:42:55.663+0500] {processor.py:830} INFO - Processing file /home/abayturar/airflow-project/venv/lib/python3.12/site-packages/airflow/example_dags/example_short_circuit_decorator.py for tasks to queue
[2026-03-28T18:42:55.665+0500] {logging_mixin.py:188} INFO - [2026-03-28T18:42:55.665+0500] {dagbag.py:545} INFO - Filling up the DagBag from /home/abayturar/airflow-project/venv/lib/python3.12/site-packages/airflow/example_dags/example_short_circuit_decorator.py
[2026-03-28T18:42:55.673+0500] {processor.py:840} INFO - DAG(s) 'example_short_circuit_decorator' retrieved from /home/abayturar/airflow-project/venv/lib/python3.12/site-packages/airflow/example_dags/example_short_circuit_decorator.py
[2026-03-28T18:42:55.689+0500] {logging_mixin.py:188} INFO - [2026-03-28T18:42:55.689+0500] {dag.py:3089} INFO - Sync 1 DAGs
[2026-03-28T18:42:55.703+0500] {logging_mixin.py:188} INFO - [2026-03-28T18:42:55.703+0500] {dag.py:3947} INFO - Setting next_dagrun for example_short_circuit_decorator to 2026-03-27 00:00:00+00:00, run_after=2026-03-28 00:00:00+00:00
[2026-03-28T18:42:55.731+0500] {processor.py:183} INFO - Processing /home/abayturar/airflow-project/venv/lib/python3.12/site-packages/airflow/example_dags/example_short_circuit_decorator.py took 0.074 seconds
[2026-03-28T18:43:44.897+0500] {processor.py:161} INFO - Started process (PID=22159) to work on /home/abayturar/airflow-project/venv/lib/python3.12/site-packages/airflow/example_dags/example_short_circuit_decorator.py
[2026-03-28T18:43:44.897+0500] {processor.py:830} INFO - Processing file /home/abayturar/airflow-project/venv/lib/python3.12/site-packages/airflow/example_dags/example_short_circuit_decorator.py for tasks to queue
[2026-03-28T18:43:44.899+0500] {logging_mixin.py:188} INFO - [2026-03-28T18:43:44.899+0500] {dagbag.py:545} INFO - Filling up the DagBag from /home/abayturar/airflow-project/venv/lib/python3.12/site-packages/airflow/example_dags/example_short_circuit_decorator.py
[2026-03-28T18:43:44.908+0500] {processor.py:840} INFO - DAG(s) 'example_short_circuit_decorator' retrieved from /home/abayturar/airflow-project/venv/lib/python3.12/site-packages/airflow/example_dags/example_short_circuit_decorator.py
[2026-03-28T18:43:44.926+0500] {logging_mixin.py:188} INFO - [2026-03-28T18:43:44.926+0500] {dag.py:3089} INFO - Sync 1 DAGs
[2026-03-28T18:43:45.082+0500] {logging_mixin.py:188} INFO - [2026-03-28T18:43:45.082+0500] {dag.py:3947} INFO - Setting next_dagrun for example_short_circuit_decorator to 2026-03-27 00:00:00+00:00, run_after=2026-03-28 00:00:00+00:00
[2026-03-28T18:43:45.120+0500] {processor.py:183} INFO - Processing /home/abayturar/airflow-project/venv/lib/python3.12/site-packages/airflow/example_dags/example_short_circuit_decorator.py took 0.230 seconds
[2026-03-28T18:44:35.343+0500] {processor.py:161} INFO - Started process (PID=22290) to work on /home/abayturar/airflow-project/venv/lib/python3.12/site-packages/airflow/example_dags/example_short_circuit_decorator.py
[2026-03-28T18:44:35.344+0500] {processor.py:830} INFO - Processing file /home/abayturar/airflow-project/venv/lib/python3.12/site-packages/airflow/example_dags/example_short_circuit_decorator.py for tasks to queue
[2026-03-28T18:44:35.345+0500] {logging_mixin.py:188} INFO - [2026-03-28T18:44:35.345+0500] {dagbag.py:545} INFO - Filling up the DagBag from /home/abayturar/airflow-project/venv/lib/python3.12/site-packages/airflow/example_dags/example_short_circuit_decorator.py
[2026-03-28T18:44:35.353+0500] {processor.py:840} INFO - DAG(s) 'example_short_circuit_decorator' retrieved from /home/abayturar/airflow-project/venv/lib/python3.12/site-packages/airflow/example_dags/example_short_circuit_decorator.py
[2026-03-28T18:44:35.370+0500] {logging_mixin.py:188} INFO - [2026-03-28T18:44:35.370+0500] {dag.py:3089} INFO - Sync 1 DAGs
[2026-03-28T18:44:35.385+0500] {logging_mixin.py:188} INFO - [2026-03-28T18:44:35.385+0500] {dag.py:3947} INFO - Setting next_dagrun for example_short_circuit_decorator to 2026-03-27 00:00:00+00:00, run_after=2026-03-28 00:00:00+00:00
[2026-03-28T18:44:35.413+0500] {processor.py:183} INFO - Processing /home/abayturar/airflow-project/venv/lib/python3.12/site-packages/airflow/example_dags/example_short_circuit_decorator.py took 0.077 seconds
[2026-03-28T18:45:24.941+0500] {processor.py:161} INFO - Started process (PID=22425) to work on /home/abayturar/airflow-project/venv/lib/python3.12/site-packages/airflow/example_dags/example_short_circuit_decorator.py
[2026-03-28T18:45:24.942+0500] {processor.py:830} INFO - Processing file /home/abayturar/airflow-project/venv/lib/python3.12/site-packages/airflow/example_dags/example_short_circuit_decorator.py for tasks to queue
[2026-03-28T18:45:24.944+0500] {logging_mixin.py:188} INFO - [2026-03-28T18:45:24.944+0500] {dagbag.py:545} INFO - Filling up the DagBag from /home/abayturar/airflow-project/venv/lib/python3.12/site-packages/airflow/example_dags/example_short_circuit_decorator.py
[2026-03-28T18:45:24.952+0500] {processor.py:840} INFO - DAG(s) 'example_short_circuit_decorator' retrieved from /home/abayturar/airflow-project/venv/lib/python3.12/site-packages/airflow/example_dags/example_short_circuit_decorator.py
[2026-03-28T18:45:24.968+0500] {logging_mixin.py:188} INFO - [2026-03-28T18:45:24.968+0500] {dag.py:3089} INFO - Sync 1 DAGs
[2026-03-28T18:45:24.982+0500] {logging_mixin.py:188} INFO - [2026-03-28T18:45:24.982+0500] {dag.py:3947} INFO - Setting next_dagrun for example_short_circuit_decorator to 2026-03-27 00:00:00+00:00, run_after=2026-03-28 00:00:00+00:00
[2026-03-28T18:45:24.999+0500] {processor.py:183} INFO - Processing /home/abayturar/airflow-project/venv/lib/python3.12/site-packages/airflow/example_dags/example_short_circuit_decorator.py took 0.064 seconds
[2026-03-28T18:46:13.089+0500] {processor.py:161} INFO - Started process (PID=22552) to work on /home/abayturar/airflow-project/venv/lib/python3.12/site-packages/airflow/example_dags/example_short_circuit_decorator.py
[2026-03-28T18:46:13.090+0500] {processor.py:830} INFO - Processing file /home/abayturar/airflow-project/venv/lib/python3.12/site-packages/airflow/example_dags/example_short_circuit_decorator.py for tasks to queue
[2026-03-28T18:46:13.094+0500] {logging_mixin.py:188} INFO - [2026-03-28T18:46:13.093+0500] {dagbag.py:545} INFO - Filling up the DagBag from /home/abayturar/airflow-project/venv/lib/python3.12/site-packages/airflow/example_dags/example_short_circuit_decorator.py
[2026-03-28T18:46:13.102+0500] {processor.py:840} INFO - DAG(s) 'example_short_circuit_decorator' retrieved from /home/abayturar/airflow-project/venv/lib/python3.12/site-packages/airflow/example_dags/example_short_circuit_decorator.py
[2026-03-28T18:46:13.120+0500] {logging_mixin.py:188} INFO - [2026-03-28T18:46:13.120+0500] {dag.py:3089} INFO - Sync 1 DAGs
[2026-03-28T18:46:13.139+0500] {logging_mixin.py:188} INFO - [2026-03-28T18:46:13.138+0500] {dag.py:3947} INFO - Setting next_dagrun for example_short_circuit_decorator to 2026-03-27 00:00:00+00:00, run_after=2026-03-28 00:00:00+00:00
[2026-03-28T18:46:13.167+0500] {processor.py:183} INFO - Processing /home/abayturar/airflow-project/venv/lib/python3.12/site-packages/airflow/example_dags/example_short_circuit_decorator.py took 0.086 seconds
[2026-03-28T18:46:59.816+0500] {processor.py:161} INFO - Started process (PID=22678) to work on /home/abayturar/airflow-project/venv/lib/python3.12/site-packages/airflow/example_dags/example_short_circuit_decorator.py
[2026-03-28T18:46:59.817+0500] {processor.py:830} INFO - Processing file /home/abayturar/airflow-project/venv/lib/python3.12/site-packages/airflow/example_dags/example_short_circuit_decorator.py for tasks to queue
[2026-03-28T18:46:59.818+0500] {logging_mixin.py:188} INFO - [2026-03-28T18:46:59.818+0500] {dagbag.py:545} INFO - Filling up the DagBag from /home/abayturar/airflow-project/venv/lib/python3.12/site-packages/airflow/example_dags/example_short_circuit_decorator.py
[2026-03-28T18:46:59.826+0500] {processor.py:840} INFO - DAG(s) 'example_short_circuit_decorator' retrieved from /home/abayturar/airflow-project/venv/lib/python3.12/site-packages/airflow/example_dags/example_short_circuit_decorator.py
[2026-03-28T18:46:59.842+0500] {logging_mixin.py:188} INFO - [2026-03-28T18:46:59.842+0500] {dag.py:3089} INFO - Sync 1 DAGs
[2026-03-28T18:46:59.856+0500] {logging_mixin.py:188} INFO - [2026-03-28T18:46:59.856+0500] {dag.py:3947} INFO - Setting next_dagrun for example_short_circuit_decorator to 2026-03-27 00:00:00+00:00, run_after=2026-03-28 00:00:00+00:00
[2026-03-28T18:46:59.886+0500] {processor.py:183} INFO - Processing /home/abayturar/airflow-project/venv/lib/python3.12/site-packages/airflow/example_dags/example_short_circuit_decorator.py took 0.076 seconds
[2026-03-28T18:47:46.662+0500] {processor.py:161} INFO - Started process (PID=22804) to work on /home/abayturar/airflow-project/venv/lib/python3.12/site-packages/airflow/example_dags/example_short_circuit_decorator.py
[2026-03-28T18:47:46.663+0500] {processor.py:830} INFO - Processing file /home/abayturar/airflow-project/venv/lib/python3.12/site-packages/airflow/example_dags/example_short_circuit_decorator.py for tasks to queue
[2026-03-28T18:47:46.664+0500] {logging_mixin.py:188} INFO - [2026-03-28T18:47:46.664+0500] {dagbag.py:545} INFO - Filling up the DagBag from /home/abayturar/airflow-project/venv/lib/python3.12/site-packages/airflow/example_dags/example_short_circuit_decorator.py
[2026-03-28T18:47:46.673+0500] {processor.py:840} INFO - DAG(s) 'example_short_circuit_decorator' retrieved from /home/abayturar/airflow-project/venv/lib/python3.12/site-packages/airflow/example_dags/example_short_circuit_decorator.py
[2026-03-28T18:47:46.689+0500] {logging_mixin.py:188} INFO - [2026-03-28T18:47:46.689+0500] {dag.py:3089} INFO - Sync 1 DAGs
[2026-03-28T18:47:46.703+0500] {logging_mixin.py:188} INFO - [2026-03-28T18:47:46.703+0500] {dag.py:3947} INFO - Setting next_dagrun for example_short_circuit_decorator to 2026-03-27 00:00:00+00:00, run_after=2026-03-28 00:00:00+00:00
[2026-03-28T18:47:46.718+0500] {processor.py:183} INFO - Processing /home/abayturar/airflow-project/venv/lib/python3.12/site-packages/airflow/example_dags/example_short_circuit_decorator.py took 0.062 seconds
[2026-03-28T18:48:31.478+0500] {processor.py:161} INFO - Started process (PID=22924) to work on /home/abayturar/airflow-project/venv/lib/python3.12/site-packages/airflow/example_dags/example_short_circuit_decorator.py
[2026-03-28T18:48:31.479+0500] {processor.py:830} INFO - Processing file /home/abayturar/airflow-project/venv/lib/python3.12/site-packages/airflow/example_dags/example_short_circuit_decorator.py for tasks to queue
[2026-03-28T18:48:31.481+0500] {logging_mixin.py:188} INFO - [2026-03-28T18:48:31.480+0500] {dagbag.py:545} INFO - Filling up the DagBag from /home/abayturar/airflow-project/venv/lib/python3.12/site-packages/airflow/example_dags/example_short_circuit_decorator.py
[2026-03-28T18:48:31.489+0500] {processor.py:840} INFO - DAG(s) 'example_short_circuit_decorator' retrieved from /home/abayturar/airflow-project/venv/lib/python3.12/site-packages/airflow/example_dags/example_short_circuit_decorator.py
[2026-03-28T18:48:31.506+0500] {logging_mixin.py:188} INFO - [2026-03-28T18:48:31.506+0500] {dag.py:3089} INFO - Sync 1 DAGs
[2026-03-28T18:48:31.520+0500] {logging_mixin.py:188} INFO - [2026-03-28T18:48:31.520+0500] {dag.py:3947} INFO - Setting next_dagrun for example_short_circuit_decorator to 2026-03-27 00:00:00+00:00, run_after=2026-03-28 00:00:00+00:00
[2026-03-28T18:48:31.535+0500] {processor.py:183} INFO - Processing /home/abayturar/airflow-project/venv/lib/python3.12/site-packages/airflow/example_dags/example_short_circuit_decorator.py took 0.063 seconds
[2026-03-28T18:49:14.963+0500] {processor.py:161} INFO - Started process (PID=23039) to work on /home/abayturar/airflow-project/venv/lib/python3.12/site-packages/airflow/example_dags/example_short_circuit_decorator.py
[2026-03-28T18:49:14.963+0500] {processor.py:830} INFO - Processing file /home/abayturar/airflow-project/venv/lib/python3.12/site-packages/airflow/example_dags/example_short_circuit_decorator.py for tasks to queue
[2026-03-28T18:49:14.965+0500] {logging_mixin.py:188} INFO - [2026-03-28T18:49:14.965+0500] {dagbag.py:545} INFO - Filling up the DagBag from /home/abayturar/airflow-project/venv/lib/python3.12/site-packages/airflow/example_dags/example_short_circuit_decorator.py
[2026-03-28T18:49:14.974+0500] {processor.py:840} INFO - DAG(s) 'example_short_circuit_decorator' retrieved from /home/abayturar/airflow-project/venv/lib/python3.12/site-packages/airflow/example_dags/example_short_circuit_decorator.py
[2026-03-28T18:49:14.991+0500] {logging_mixin.py:188} INFO - [2026-03-28T18:49:14.990+0500] {dag.py:3089} INFO - Sync 1 DAGs
[2026-03-28T18:49:15.005+0500] {logging_mixin.py:188} INFO - [2026-03-28T18:49:15.005+0500] {dag.py:3947} INFO - Setting next_dagrun for example_short_circuit_decorator to 2026-03-27 00:00:00+00:00, run_after=2026-03-28 00:00:00+00:00
[2026-03-28T18:49:15.020+0500] {processor.py:183} INFO - Processing /home/abayturar/airflow-project/venv/lib/python3.12/site-packages/airflow/example_dags/example_short_circuit_decorator.py took 0.064 seconds
[2026-03-28T18:50:00.348+0500] {processor.py:161} INFO - Started process (PID=23163) to work on /home/abayturar/airflow-project/venv/lib/python3.12/site-packages/airflow/example_dags/example_short_circuit_decorator.py
[2026-03-28T18:50:00.349+0500] {processor.py:830} INFO - Processing file /home/abayturar/airflow-project/venv/lib/python3.12/site-packages/airflow/example_dags/example_short_circuit_decorator.py for tasks to queue
[2026-03-28T18:50:00.351+0500] {logging_mixin.py:188} INFO - [2026-03-28T18:50:00.351+0500] {dagbag.py:545} INFO - Filling up the DagBag from /home/abayturar/airflow-project/venv/lib/python3.12/site-packages/airflow/example_dags/example_short_circuit_decorator.py
[2026-03-28T18:50:00.359+0500] {processor.py:840} INFO - DAG(s) 'example_short_circuit_decorator' retrieved from /home/abayturar/airflow-project/venv/lib/python3.12/site-packages/airflow/example_dags/example_short_circuit_decorator.py
[2026-03-28T18:50:00.375+0500] {logging_mixin.py:188} INFO - [2026-03-28T18:50:00.375+0500] {dag.py:3089} INFO - Sync 1 DAGs
[2026-03-28T18:50:00.391+0500] {logging_mixin.py:188} INFO - [2026-03-28T18:50:00.391+0500] {dag.py:3947} INFO - Setting next_dagrun for example_short_circuit_decorator to 2026-03-27 00:00:00+00:00, run_after=2026-03-28 00:00:00+00:00
[2026-03-28T18:50:00.409+0500] {processor.py:183} INFO - Processing /home/abayturar/airflow-project/venv/lib/python3.12/site-packages/airflow/example_dags/example_short_circuit_decorator.py took 0.067 seconds
[2026-03-28T18:50:46.215+0500] {processor.py:161} INFO - Started process (PID=23287) to work on /home/abayturar/airflow-project/venv/lib/python3.12/site-packages/airflow/example_dags/example_short_circuit_decorator.py
[2026-03-28T18:50:46.216+0500] {processor.py:830} INFO - Processing file /home/abayturar/airflow-project/venv/lib/python3.12/site-packages/airflow/example_dags/example_short_circuit_decorator.py for tasks to queue
[2026-03-28T18:50:46.218+0500] {logging_mixin.py:188} INFO - [2026-03-28T18:50:46.217+0500] {dagbag.py:545} INFO - Filling up the DagBag from /home/abayturar/airflow-project/venv/lib/python3.12/site-packages/airflow/example_dags/example_short_circuit_decorator.py
[2026-03-28T18:50:46.227+0500] {processor.py:840} INFO - DAG(s) 'example_short_circuit_decorator' retrieved from /home/abayturar/airflow-project/venv/lib/python3.12/site-packages/airflow/example_dags/example_short_circuit_decorator.py
[2026-03-28T18:50:46.245+0500] {logging_mixin.py:188} INFO - [2026-03-28T18:50:46.245+0500] {dag.py:3089} INFO - Sync 1 DAGs
[2026-03-28T18:50:46.261+0500] {logging_mixin.py:188} INFO - [2026-03-28T18:50:46.261+0500] {dag.py:3947} INFO - Setting next_dagrun for example_short_circuit_decorator to 2026-03-27 00:00:00+00:00, run_after=2026-03-28 00:00:00+00:00
[2026-03-28T18:50:46.289+0500] {processor.py:183} INFO - Processing /home/abayturar/airflow-project/venv/lib/python3.12/site-packages/airflow/example_dags/example_short_circuit_decorator.py took 0.082 seconds
[2026-03-28T18:51:35.080+0500] {processor.py:161} INFO - Started process (PID=23415) to work on /home/abayturar/airflow-project/venv/lib/python3.12/site-packages/airflow/example_dags/example_short_circuit_decorator.py
[2026-03-28T18:51:35.081+0500] {processor.py:830} INFO - Processing file /home/abayturar/airflow-project/venv/lib/python3.12/site-packages/airflow/example_dags/example_short_circuit_decorator.py for tasks to queue
[2026-03-28T18:51:35.083+0500] {logging_mixin.py:188} INFO - [2026-03-28T18:51:35.083+0500] {dagbag.py:545} INFO - Filling up the DagBag from /home/abayturar/airflow-project/venv/lib/python3.12/site-packages/airflow/example_dags/example_short_circuit_decorator.py
[2026-03-28T18:51:35.093+0500] {processor.py:840} INFO - DAG(s) 'example_short_circuit_decorator' retrieved from /home/abayturar/airflow-project/venv/lib/python3.12/site-packages/airflow/example_dags/example_short_circuit_decorator.py
[2026-03-28T18:51:35.112+0500] {logging_mixin.py:188} INFO - [2026-03-28T18:51:35.111+0500] {dag.py:3089} INFO - Sync 1 DAGs
[2026-03-28T18:51:35.130+0500] {logging_mixin.py:188} INFO - [2026-03-28T18:51:35.130+0500] {dag.py:3947} INFO - Setting next_dagrun for example_short_circuit_decorator to 2026-03-27 00:00:00+00:00, run_after=2026-03-28 00:00:00+00:00
[2026-03-28T18:51:35.162+0500] {processor.py:183} INFO - Processing /home/abayturar/airflow-project/venv/lib/python3.12/site-packages/airflow/example_dags/example_short_circuit_decorator.py took 0.089 seconds
[2026-03-28T18:52:20.694+0500] {processor.py:161} INFO - Started process (PID=23542) to work on /home/abayturar/airflow-project/venv/lib/python3.12/site-packages/airflow/example_dags/example_short_circuit_decorator.py
[2026-03-28T18:52:20.695+0500] {processor.py:830} INFO - Processing file /home/abayturar/airflow-project/venv/lib/python3.12/site-packages/airflow/example_dags/example_short_circuit_decorator.py for tasks to queue
[2026-03-28T18:52:20.697+0500] {logging_mixin.py:188} INFO - [2026-03-28T18:52:20.696+0500] {dagbag.py:545} INFO - Filling up the DagBag from /home/abayturar/airflow-project/venv/lib/python3.12/site-packages/airflow/example_dags/example_short_circuit_decorator.py
[2026-03-28T18:52:20.707+0500] {processor.py:840} INFO - DAG(s) 'example_short_circuit_decorator' retrieved from /home/abayturar/airflow-project/venv/lib/python3.12/site-packages/airflow/example_dags/example_short_circuit_decorator.py
[2026-03-28T18:52:20.728+0500] {logging_mixin.py:188} INFO - [2026-03-28T18:52:20.728+0500] {dag.py:3089} INFO - Sync 1 DAGs
[2026-03-28T18:52:20.748+0500] {logging_mixin.py:188} INFO - [2026-03-28T18:52:20.748+0500] {dag.py:3947} INFO - Setting next_dagrun for example_short_circuit_decorator to 2026-03-27 00:00:00+00:00, run_after=2026-03-28 00:00:00+00:00
[2026-03-28T18:52:20.767+0500] {processor.py:183} INFO - Processing /home/abayturar/airflow-project/venv/lib/python3.12/site-packages/airflow/example_dags/example_short_circuit_decorator.py took 0.080 seconds
[2026-03-28T18:53:05.236+0500] {processor.py:161} INFO - Started process (PID=23661) to work on /home/abayturar/airflow-project/venv/lib/python3.12/site-packages/airflow/example_dags/example_short_circuit_decorator.py
[2026-03-28T18:53:05.237+0500] {processor.py:830} INFO - Processing file /home/abayturar/airflow-project/venv/lib/python3.12/site-packages/airflow/example_dags/example_short_circuit_decorator.py for tasks to queue
[2026-03-28T18:53:05.239+0500] {logging_mixin.py:188} INFO - [2026-03-28T18:53:05.238+0500] {dagbag.py:545} INFO - Filling up the DagBag from /home/abayturar/airflow-project/venv/lib/python3.12/site-packages/airflow/example_dags/example_short_circuit_decorator.py
[2026-03-28T18:53:05.248+0500] {processor.py:840} INFO - DAG(s) 'example_short_circuit_decorator' retrieved from /home/abayturar/airflow-project/venv/lib/python3.12/site-packages/airflow/example_dags/example_short_circuit_decorator.py
[2026-03-28T18:53:05.265+0500] {logging_mixin.py:188} INFO - [2026-03-28T18:53:05.264+0500] {dag.py:3089} INFO - Sync 1 DAGs
[2026-03-28T18:53:05.279+0500] {logging_mixin.py:188} INFO - [2026-03-28T18:53:05.279+0500] {dag.py:3947} INFO - Setting next_dagrun for example_short_circuit_decorator to 2026-03-27 00:00:00+00:00, run_after=2026-03-28 00:00:00+00:00
[2026-03-28T18:53:05.306+0500] {processor.py:183} INFO - Processing /home/abayturar/airflow-project/venv/lib/python3.12/site-packages/airflow/example_dags/example_short_circuit_decorator.py took 0.076 seconds
[2026-03-28T18:53:50.545+0500] {processor.py:161} INFO - Started process (PID=23781) to work on /home/abayturar/airflow-project/venv/lib/python3.12/site-packages/airflow/example_dags/example_short_circuit_decorator.py
[2026-03-28T18:53:50.546+0500] {processor.py:830} INFO - Processing file /home/abayturar/airflow-project/venv/lib/python3.12/site-packages/airflow/example_dags/example_short_circuit_decorator.py for tasks to queue
[2026-03-28T18:53:50.547+0500] {logging_mixin.py:188} INFO - [2026-03-28T18:53:50.547+0500] {dagbag.py:545} INFO - Filling up the DagBag from /home/abayturar/airflow-project/venv/lib/python3.12/site-packages/airflow/example_dags/example_short_circuit_decorator.py
[2026-03-28T18:53:50.556+0500] {processor.py:840} INFO - DAG(s) 'example_short_circuit_decorator' retrieved from /home/abayturar/airflow-project/venv/lib/python3.12/site-packages/airflow/example_dags/example_short_circuit_decorator.py
[2026-03-28T18:53:50.572+0500] {logging_mixin.py:188} INFO - [2026-03-28T18:53:50.572+0500] {dag.py:3089} INFO - Sync 1 DAGs
[2026-03-28T18:53:50.585+0500] {logging_mixin.py:188} INFO - [2026-03-28T18:53:50.585+0500] {dag.py:3947} INFO - Setting next_dagrun for example_short_circuit_decorator to 2026-03-27 00:00:00+00:00, run_after=2026-03-28 00:00:00+00:00
[2026-03-28T18:53:50.613+0500] {processor.py:183} INFO - Processing /home/abayturar/airflow-project/venv/lib/python3.12/site-packages/airflow/example_dags/example_short_circuit_decorator.py took 0.074 seconds
[2026-03-28T18:54:35.690+0500] {processor.py:161} INFO - Started process (PID=23904) to work on /home/abayturar/airflow-project/venv/lib/python3.12/site-packages/airflow/example_dags/example_short_circuit_decorator.py
[2026-03-28T18:54:35.690+0500] {processor.py:830} INFO - Processing file /home/abayturar/airflow-project/venv/lib/python3.12/site-packages/airflow/example_dags/example_short_circuit_decorator.py for tasks to queue
[2026-03-28T18:54:35.692+0500] {logging_mixin.py:188} INFO - [2026-03-28T18:54:35.692+0500] {dagbag.py:545} INFO - Filling up the DagBag from /home/abayturar/airflow-project/venv/lib/python3.12/site-packages/airflow/example_dags/example_short_circuit_decorator.py
[2026-03-28T18:54:35.701+0500] {processor.py:840} INFO - DAG(s) 'example_short_circuit_decorator' retrieved from /home/abayturar/airflow-project/venv/lib/python3.12/site-packages/airflow/example_dags/example_short_circuit_decorator.py
[2026-03-28T18:54:35.719+0500] {logging_mixin.py:188} INFO - [2026-03-28T18:54:35.719+0500] {dag.py:3089} INFO - Sync 1 DAGs
[2026-03-28T18:54:35.734+0500] {logging_mixin.py:188} INFO - [2026-03-28T18:54:35.733+0500] {dag.py:3947} INFO - Setting next_dagrun for example_short_circuit_decorator to 2026-03-27 00:00:00+00:00, run_after=2026-03-28 00:00:00+00:00
[2026-03-28T18:54:35.751+0500] {processor.py:183} INFO - Processing /home/abayturar/airflow-project/venv/lib/python3.12/site-packages/airflow/example_dags/example_short_circuit_decorator.py took 0.068 seconds
[2026-03-28T18:55:22.377+0500] {processor.py:161} INFO - Started process (PID=24028) to work on /home/abayturar/airflow-project/venv/lib/python3.12/site-packages/airflow/example_dags/example_short_circuit_decorator.py
[2026-03-28T18:55:22.378+0500] {processor.py:830} INFO - Processing file /home/abayturar/airflow-project/venv/lib/python3.12/site-packages/airflow/example_dags/example_short_circuit_decorator.py for tasks to queue
[2026-03-28T18:55:22.380+0500] {logging_mixin.py:188} INFO - [2026-03-28T18:55:22.379+0500] {dagbag.py:545} INFO - Filling up the DagBag from /home/abayturar/airflow-project/venv/lib/python3.12/site-packages/airflow/example_dags/example_short_circuit_decorator.py
[2026-03-28T18:55:22.393+0500] {processor.py:840} INFO - DAG(s) 'example_short_circuit_decorator' retrieved from /home/abayturar/airflow-project/venv/lib/python3.12/site-packages/airflow/example_dags/example_short_circuit_decorator.py
[2026-03-28T18:55:22.426+0500] {logging_mixin.py:188} INFO - [2026-03-28T18:55:22.426+0500] {dag.py:3089} INFO - Sync 1 DAGs
[2026-03-28T18:55:22.450+0500] {logging_mixin.py:188} INFO - [2026-03-28T18:55:22.450+0500] {dag.py:3947} INFO - Setting next_dagrun for example_short_circuit_decorator to 2026-03-27 00:00:00+00:00, run_after=2026-03-28 00:00:00+00:00
[2026-03-28T18:55:22.487+0500] {processor.py:183} INFO - Processing /home/abayturar/airflow-project/venv/lib/python3.12/site-packages/airflow/example_dags/example_short_circuit_decorator.py took 0.121 seconds
[2026-03-28T18:56:15.737+0500] {processor.py:161} INFO - Started process (PID=24164) to work on /home/abayturar/airflow-project/venv/lib/python3.12/site-packages/airflow/example_dags/example_short_circuit_decorator.py
[2026-03-28T18:56:15.738+0500] {processor.py:830} INFO - Processing file /home/abayturar/airflow-project/venv/lib/python3.12/site-packages/airflow/example_dags/example_short_circuit_decorator.py for tasks to queue
[2026-03-28T18:56:15.739+0500] {logging_mixin.py:188} INFO - [2026-03-28T18:56:15.739+0500] {dagbag.py:545} INFO - Filling up the DagBag from /home/abayturar/airflow-project/venv/lib/python3.12/site-packages/airflow/example_dags/example_short_circuit_decorator.py
[2026-03-28T18:56:15.748+0500] {processor.py:840} INFO - DAG(s) 'example_short_circuit_decorator' retrieved from /home/abayturar/airflow-project/venv/lib/python3.12/site-packages/airflow/example_dags/example_short_circuit_decorator.py
[2026-03-28T18:56:15.764+0500] {logging_mixin.py:188} INFO - [2026-03-28T18:56:15.764+0500] {dag.py:3089} INFO - Sync 1 DAGs
[2026-03-28T18:56:15.778+0500] {logging_mixin.py:188} INFO - [2026-03-28T18:56:15.778+0500] {dag.py:3947} INFO - Setting next_dagrun for example_short_circuit_decorator to 2026-03-27 00:00:00+00:00, run_after=2026-03-28 00:00:00+00:00
[2026-03-28T18:56:15.795+0500] {processor.py:183} INFO - Processing /home/abayturar/airflow-project/venv/lib/python3.12/site-packages/airflow/example_dags/example_short_circuit_decorator.py took 0.064 seconds
[2026-03-28T18:57:06.269+0500] {processor.py:161} INFO - Started process (PID=24300) to work on /home/abayturar/airflow-project/venv/lib/python3.12/site-packages/airflow/example_dags/example_short_circuit_decorator.py
[2026-03-28T18:57:06.270+0500] {processor.py:830} INFO - Processing file /home/abayturar/airflow-project/venv/lib/python3.12/site-packages/airflow/example_dags/example_short_circuit_decorator.py for tasks to queue
[2026-03-28T18:57:06.272+0500] {logging_mixin.py:188} INFO - [2026-03-28T18:57:06.271+0500] {dagbag.py:545} INFO - Filling up the DagBag from /home/abayturar/airflow-project/venv/lib/python3.12/site-packages/airflow/example_dags/example_short_circuit_decorator.py
[2026-03-28T18:57:06.280+0500] {processor.py:840} INFO - DAG(s) 'example_short_circuit_decorator' retrieved from /home/abayturar/airflow-project/venv/lib/python3.12/site-packages/airflow/example_dags/example_short_circuit_decorator.py
[2026-03-28T18:57:06.296+0500] {logging_mixin.py:188} INFO - [2026-03-28T18:57:06.296+0500] {dag.py:3089} INFO - Sync 1 DAGs
[2026-03-28T18:57:06.310+0500] {logging_mixin.py:188} INFO - [2026-03-28T18:57:06.310+0500] {dag.py:3947} INFO - Setting next_dagrun for example_short_circuit_decorator to 2026-03-27 00:00:00+00:00, run_after=2026-03-28 00:00:00+00:00
[2026-03-28T18:57:06.335+0500] {processor.py:183} INFO - Processing /home/abayturar/airflow-project/venv/lib/python3.12/site-packages/airflow/example_dags/example_short_circuit_decorator.py took 0.072 seconds
[2026-03-28T18:57:53.985+0500] {processor.py:161} INFO - Started process (PID=24426) to work on /home/abayturar/airflow-project/venv/lib/python3.12/site-packages/airflow/example_dags/example_short_circuit_decorator.py
[2026-03-28T18:57:53.986+0500] {processor.py:830} INFO - Processing file /home/abayturar/airflow-project/venv/lib/python3.12/site-packages/airflow/example_dags/example_short_circuit_decorator.py for tasks to queue
[2026-03-28T18:57:53.987+0500] {logging_mixin.py:188} INFO - [2026-03-28T18:57:53.987+0500] {dagbag.py:545} INFO - Filling up the DagBag from /home/abayturar/airflow-project/venv/lib/python3.12/site-packages/airflow/example_dags/example_short_circuit_decorator.py
[2026-03-28T18:57:53.996+0500] {processor.py:840} INFO - DAG(s) 'example_short_circuit_decorator' retrieved from /home/abayturar/airflow-project/venv/lib/python3.12/site-packages/airflow/example_dags/example_short_circuit_decorator.py
[2026-03-28T18:57:54.014+0500] {logging_mixin.py:188} INFO - [2026-03-28T18:57:54.013+0500] {dag.py:3089} INFO - Sync 1 DAGs
[2026-03-28T18:57:54.028+0500] {logging_mixin.py:188} INFO - [2026-03-28T18:57:54.027+0500] {dag.py:3947} INFO - Setting next_dagrun for example_short_circuit_decorator to 2026-03-27 00:00:00+00:00, run_after=2026-03-28 00:00:00+00:00
[2026-03-28T18:57:54.053+0500] {processor.py:183} INFO - Processing /home/abayturar/airflow-project/venv/lib/python3.12/site-packages/airflow/example_dags/example_short_circuit_decorator.py took 0.074 seconds
[2026-03-28T18:58:41.586+0500] {processor.py:161} INFO - Started process (PID=24553) to work on /home/abayturar/airflow-project/venv/lib/python3.12/site-packages/airflow/example_dags/example_short_circuit_decorator.py
[2026-03-28T18:58:41.587+0500] {processor.py:830} INFO - Processing file /home/abayturar/airflow-project/venv/lib/python3.12/site-packages/airflow/example_dags/example_short_circuit_decorator.py for tasks to queue
[2026-03-28T18:58:41.588+0500] {logging_mixin.py:188} INFO - [2026-03-28T18:58:41.588+0500] {dagbag.py:545} INFO - Filling up the DagBag from /home/abayturar/airflow-project/venv/lib/python3.12/site-packages/airflow/example_dags/example_short_circuit_decorator.py
[2026-03-28T18:58:41.597+0500] {processor.py:840} INFO - DAG(s) 'example_short_circuit_decorator' retrieved from /home/abayturar/airflow-project/venv/lib/python3.12/site-packages/airflow/example_dags/example_short_circuit_decorator.py
[2026-03-28T18:58:41.615+0500] {logging_mixin.py:188} INFO - [2026-03-28T18:58:41.615+0500] {dag.py:3089} INFO - Sync 1 DAGs
[2026-03-28T18:58:41.632+0500] {logging_mixin.py:188} INFO - [2026-03-28T18:58:41.632+0500] {dag.py:3947} INFO - Setting next_dagrun for example_short_circuit_decorator to 2026-03-27 00:00:00+00:00, run_after=2026-03-28 00:00:00+00:00
[2026-03-28T18:58:41.661+0500] {processor.py:183} INFO - Processing /home/abayturar/airflow-project/venv/lib/python3.12/site-packages/airflow/example_dags/example_short_circuit_decorator.py took 0.082 seconds
[2026-03-28T18:59:27.074+0500] {processor.py:161} INFO - Started process (PID=24675) to work on /home/abayturar/airflow-project/venv/lib/python3.12/site-packages/airflow/example_dags/example_short_circuit_decorator.py
[2026-03-28T18:59:27.075+0500] {processor.py:830} INFO - Processing file /home/abayturar/airflow-project/venv/lib/python3.12/site-packages/airflow/example_dags/example_short_circuit_decorator.py for tasks to queue
[2026-03-28T18:59:27.076+0500] {logging_mixin.py:188} INFO - [2026-03-28T18:59:27.076+0500] {dagbag.py:545} INFO - Filling up the DagBag from /home/abayturar/airflow-project/venv/lib/python3.12/site-packages/airflow/example_dags/example_short_circuit_decorator.py
[2026-03-28T18:59:27.086+0500] {processor.py:840} INFO - DAG(s) 'example_short_circuit_decorator' retrieved from /home/abayturar/airflow-project/venv/lib/python3.12/site-packages/airflow/example_dags/example_short_circuit_decorator.py
[2026-03-28T18:59:27.107+0500] {logging_mixin.py:188} INFO - [2026-03-28T18:59:27.107+0500] {dag.py:3089} INFO - Sync 1 DAGs
[2026-03-28T18:59:27.125+0500] {logging_mixin.py:188} INFO - [2026-03-28T18:59:27.125+0500] {dag.py:3947} INFO - Setting next_dagrun for example_short_circuit_decorator to 2026-03-27 00:00:00+00:00, run_after=2026-03-28 00:00:00+00:00
[2026-03-28T18:59:27.155+0500] {processor.py:183} INFO - Processing /home/abayturar/airflow-project/venv/lib/python3.12/site-packages/airflow/example_dags/example_short_circuit_decorator.py took 0.088 seconds
[2026-03-28T19:00:15.496+0500] {processor.py:161} INFO - Started process (PID=24806) to work on /home/abayturar/airflow-project/venv/lib/python3.12/site-packages/airflow/example_dags/example_short_circuit_decorator.py
[2026-03-28T19:00:15.497+0500] {processor.py:830} INFO - Processing file /home/abayturar/airflow-project/venv/lib/python3.12/site-packages/airflow/example_dags/example_short_circuit_decorator.py for tasks to queue
[2026-03-28T19:00:15.499+0500] {logging_mixin.py:188} INFO - [2026-03-28T19:00:15.499+0500] {dagbag.py:545} INFO - Filling up the DagBag from /home/abayturar/airflow-project/venv/lib/python3.12/site-packages/airflow/example_dags/example_short_circuit_decorator.py
[2026-03-28T19:00:15.507+0500] {processor.py:840} INFO - DAG(s) 'example_short_circuit_decorator' retrieved from /home/abayturar/airflow-project/venv/lib/python3.12/site-packages/airflow/example_dags/example_short_circuit_decorator.py
[2026-03-28T19:00:15.524+0500] {logging_mixin.py:188} INFO - [2026-03-28T19:00:15.524+0500] {dag.py:3089} INFO - Sync 1 DAGs
[2026-03-28T19:00:15.538+0500] {logging_mixin.py:188} INFO - [2026-03-28T19:00:15.538+0500] {dag.py:3947} INFO - Setting next_dagrun for example_short_circuit_decorator to 2026-03-27 00:00:00+00:00, run_after=2026-03-28 00:00:00+00:00
[2026-03-28T19:00:15.565+0500] {processor.py:183} INFO - Processing /home/abayturar/airflow-project/venv/lib/python3.12/site-packages/airflow/example_dags/example_short_circuit_decorator.py took 0.074 seconds
[2026-03-28T19:01:00.893+0500] {processor.py:161} INFO - Started process (PID=24929) to work on /home/abayturar/airflow-project/venv/lib/python3.12/site-packages/airflow/example_dags/example_short_circuit_decorator.py
[2026-03-28T19:01:00.894+0500] {processor.py:830} INFO - Processing file /home/abayturar/airflow-project/venv/lib/python3.12/site-packages/airflow/example_dags/example_short_circuit_decorator.py for tasks to queue
[2026-03-28T19:01:00.896+0500] {logging_mixin.py:188} INFO - [2026-03-28T19:01:00.896+0500] {dagbag.py:545} INFO - Filling up the DagBag from /home/abayturar/airflow-project/venv/lib/python3.12/site-packages/airflow/example_dags/example_short_circuit_decorator.py
[2026-03-28T19:01:00.906+0500] {processor.py:840} INFO - DAG(s) 'example_short_circuit_decorator' retrieved from /home/abayturar/airflow-project/venv/lib/python3.12/site-packages/airflow/example_dags/example_short_circuit_decorator.py
[2026-03-28T19:01:00.923+0500] {logging_mixin.py:188} INFO - [2026-03-28T19:01:00.923+0500] {dag.py:3089} INFO - Sync 1 DAGs
[2026-03-28T19:01:00.938+0500] {logging_mixin.py:188} INFO - [2026-03-28T19:01:00.938+0500] {dag.py:3947} INFO - Setting next_dagrun for example_short_circuit_decorator to 2026-03-27 00:00:00+00:00, run_after=2026-03-28 00:00:00+00:00
[2026-03-28T19:01:00.965+0500] {processor.py:183} INFO - Processing /home/abayturar/airflow-project/venv/lib/python3.12/site-packages/airflow/example_dags/example_short_circuit_decorator.py took 0.078 seconds
[2026-03-28T19:01:50.395+0500] {processor.py:161} INFO - Started process (PID=25060) to work on /home/abayturar/airflow-project/venv/lib/python3.12/site-packages/airflow/example_dags/example_short_circuit_decorator.py
[2026-03-28T19:01:50.396+0500] {processor.py:830} INFO - Processing file /home/abayturar/airflow-project/venv/lib/python3.12/site-packages/airflow/example_dags/example_short_circuit_decorator.py for tasks to queue
[2026-03-28T19:01:50.398+0500] {logging_mixin.py:188} INFO - [2026-03-28T19:01:50.397+0500] {dagbag.py:545} INFO - Filling up the DagBag from /home/abayturar/airflow-project/venv/lib/python3.12/site-packages/airflow/example_dags/example_short_circuit_decorator.py
[2026-03-28T19:01:50.407+0500] {processor.py:840} INFO - DAG(s) 'example_short_circuit_decorator' retrieved from /home/abayturar/airflow-project/venv/lib/python3.12/site-packages/airflow/example_dags/example_short_circuit_decorator.py
[2026-03-28T19:01:50.424+0500] {logging_mixin.py:188} INFO - [2026-03-28T19:01:50.424+0500] {dag.py:3089} INFO - Sync 1 DAGs
[2026-03-28T19:01:50.440+0500] {logging_mixin.py:188} INFO - [2026-03-28T19:01:50.440+0500] {dag.py:3947} INFO - Setting next_dagrun for example_short_circuit_decorator to 2026-03-27 00:00:00+00:00, run_after=2026-03-28 00:00:00+00:00
[2026-03-28T19:01:50.467+0500] {processor.py:183} INFO - Processing /home/abayturar/airflow-project/venv/lib/python3.12/site-packages/airflow/example_dags/example_short_circuit_decorator.py took 0.079 seconds
[2026-03-28T19:02:34.797+0500] {processor.py:161} INFO - Started process (PID=25179) to work on /home/abayturar/airflow-project/venv/lib/python3.12/site-packages/airflow/example_dags/example_short_circuit_decorator.py
[2026-03-28T19:02:34.799+0500] {processor.py:830} INFO - Processing file /home/abayturar/airflow-project/venv/lib/python3.12/site-packages/airflow/example_dags/example_short_circuit_decorator.py for tasks to queue
[2026-03-28T19:02:34.801+0500] {logging_mixin.py:188} INFO - [2026-03-28T19:02:34.801+0500] {dagbag.py:545} INFO - Filling up the DagBag from /home/abayturar/airflow-project/venv/lib/python3.12/site-packages/airflow/example_dags/example_short_circuit_decorator.py
[2026-03-28T19:02:34.811+0500] {processor.py:840} INFO - DAG(s) 'example_short_circuit_decorator' retrieved from /home/abayturar/airflow-project/venv/lib/python3.12/site-packages/airflow/example_dags/example_short_circuit_decorator.py
[2026-03-28T19:02:34.831+0500] {logging_mixin.py:188} INFO - [2026-03-28T19:02:34.831+0500] {dag.py:3089} INFO - Sync 1 DAGs
[2026-03-28T19:02:34.848+0500] {logging_mixin.py:188} INFO - [2026-03-28T19:02:34.847+0500] {dag.py:3947} INFO - Setting next_dagrun for example_short_circuit_decorator to 2026-03-27 00:00:00+00:00, run_after=2026-03-28 00:00:00+00:00
[2026-03-28T19:02:34.875+0500] {processor.py:183} INFO - Processing /home/abayturar/airflow-project/venv/lib/python3.12/site-packages/airflow/example_dags/example_short_circuit_decorator.py took 0.085 seconds
[2026-03-28T19:03:16.424+0500] {processor.py:161} INFO - Started process (PID=25295) to work on /home/abayturar/airflow-project/venv/lib/python3.12/site-packages/airflow/example_dags/example_short_circuit_decorator.py
[2026-03-28T19:03:16.425+0500] {processor.py:830} INFO - Processing file /home/abayturar/airflow-project/venv/lib/python3.12/site-packages/airflow/example_dags/example_short_circuit_decorator.py for tasks to queue
[2026-03-28T19:03:16.426+0500] {logging_mixin.py:188} INFO - [2026-03-28T19:03:16.426+0500] {dagbag.py:545} INFO - Filling up the DagBag from /home/abayturar/airflow-project/venv/lib/python3.12/site-packages/airflow/example_dags/example_short_circuit_decorator.py
[2026-03-28T19:03:16.436+0500] {processor.py:840} INFO - DAG(s) 'example_short_circuit_decorator' retrieved from /home/abayturar/airflow-project/venv/lib/python3.12/site-packages/airflow/example_dags/example_short_circuit_decorator.py
[2026-03-28T19:03:16.456+0500] {logging_mixin.py:188} INFO - [2026-03-28T19:03:16.455+0500] {dag.py:3089} INFO - Sync 1 DAGs
[2026-03-28T19:03:16.477+0500] {logging_mixin.py:188} INFO - [2026-03-28T19:03:16.477+0500] {dag.py:3947} INFO - Setting next_dagrun for example_short_circuit_decorator to 2026-03-27 00:00:00+00:00, run_after=2026-03-28 00:00:00+00:00
[2026-03-28T19:03:16.499+0500] {processor.py:183} INFO - Processing /home/abayturar/airflow-project/venv/lib/python3.12/site-packages/airflow/example_dags/example_short_circuit_decorator.py took 0.081 seconds
[2026-03-28T19:04:00.465+0500] {processor.py:161} INFO - Started process (PID=25414) to work on /home/abayturar/airflow-project/venv/lib/python3.12/site-packages/airflow/example_dags/example_short_circuit_decorator.py
[2026-03-28T19:04:00.466+0500] {processor.py:830} INFO - Processing file /home/abayturar/airflow-project/venv/lib/python3.12/site-packages/airflow/example_dags/example_short_circuit_decorator.py for tasks to queue
[2026-03-28T19:04:00.468+0500] {logging_mixin.py:188} INFO - [2026-03-28T19:04:00.467+0500] {dagbag.py:545} INFO - Filling up the DagBag from /home/abayturar/airflow-project/venv/lib/python3.12/site-packages/airflow/example_dags/example_short_circuit_decorator.py
[2026-03-28T19:04:00.476+0500] {processor.py:840} INFO - DAG(s) 'example_short_circuit_decorator' retrieved from /home/abayturar/airflow-project/venv/lib/python3.12/site-packages/airflow/example_dags/example_short_circuit_decorator.py
[2026-03-28T19:04:00.493+0500] {logging_mixin.py:188} INFO - [2026-03-28T19:04:00.493+0500] {dag.py:3089} INFO - Sync 1 DAGs
[2026-03-28T19:04:00.508+0500] {logging_mixin.py:188} INFO - [2026-03-28T19:04:00.507+0500] {dag.py:3947} INFO - Setting next_dagrun for example_short_circuit_decorator to 2026-03-27 00:00:00+00:00, run_after=2026-03-28 00:00:00+00:00
[2026-03-28T19:04:00.537+0500] {processor.py:183} INFO - Processing /home/abayturar/airflow-project/venv/lib/python3.12/site-packages/airflow/example_dags/example_short_circuit_decorator.py took 0.078 seconds
[2026-03-28T19:04:50.207+0500] {processor.py:161} INFO - Started process (PID=25544) to work on /home/abayturar/airflow-project/venv/lib/python3.12/site-packages/airflow/example_dags/example_short_circuit_decorator.py
[2026-03-28T19:04:50.208+0500] {processor.py:830} INFO - Processing file /home/abayturar/airflow-project/venv/lib/python3.12/site-packages/airflow/example_dags/example_short_circuit_decorator.py for tasks to queue
[2026-03-28T19:04:50.210+0500] {logging_mixin.py:188} INFO - [2026-03-28T19:04:50.209+0500] {dagbag.py:545} INFO - Filling up the DagBag from /home/abayturar/airflow-project/venv/lib/python3.12/site-packages/airflow/example_dags/example_short_circuit_decorator.py
[2026-03-28T19:04:50.218+0500] {processor.py:840} INFO - DAG(s) 'example_short_circuit_decorator' retrieved from /home/abayturar/airflow-project/venv/lib/python3.12/site-packages/airflow/example_dags/example_short_circuit_decorator.py
[2026-03-28T19:04:50.235+0500] {logging_mixin.py:188} INFO - [2026-03-28T19:04:50.235+0500] {dag.py:3089} INFO - Sync 1 DAGs
[2026-03-28T19:04:50.249+0500] {logging_mixin.py:188} INFO - [2026-03-28T19:04:50.249+0500] {dag.py:3947} INFO - Setting next_dagrun for example_short_circuit_decorator to 2026-03-27 00:00:00+00:00, run_after=2026-03-28 00:00:00+00:00
[2026-03-28T19:04:50.275+0500] {processor.py:183} INFO - Processing /home/abayturar/airflow-project/venv/lib/python3.12/site-packages/airflow/example_dags/example_short_circuit_decorator.py took 0.073 seconds
[2026-03-28T19:05:34.295+0500] {processor.py:161} INFO - Started process (PID=25666) to work on /home/abayturar/airflow-project/venv/lib/python3.12/site-packages/airflow/example_dags/example_short_circuit_decorator.py
[2026-03-28T19:05:34.296+0500] {processor.py:830} INFO - Processing file /home/abayturar/airflow-project/venv/lib/python3.12/site-packages/airflow/example_dags/example_short_circuit_decorator.py for tasks to queue
[2026-03-28T19:05:34.298+0500] {logging_mixin.py:188} INFO - [2026-03-28T19:05:34.297+0500] {dagbag.py:545} INFO - Filling up the DagBag from /home/abayturar/airflow-project/venv/lib/python3.12/site-packages/airflow/example_dags/example_short_circuit_decorator.py
[2026-03-28T19:05:34.306+0500] {processor.py:840} INFO - DAG(s) 'example_short_circuit_decorator' retrieved from /home/abayturar/airflow-project/venv/lib/python3.12/site-packages/airflow/example_dags/example_short_circuit_decorator.py
[2026-03-28T19:05:34.324+0500] {logging_mixin.py:188} INFO - [2026-03-28T19:05:34.324+0500] {dag.py:3089} INFO - Sync 1 DAGs
[2026-03-28T19:05:34.338+0500] {logging_mixin.py:188} INFO - [2026-03-28T19:05:34.337+0500] {dag.py:3947} INFO - Setting next_dagrun for example_short_circuit_decorator to 2026-03-27 00:00:00+00:00, run_after=2026-03-28 00:00:00+00:00
[2026-03-28T19:05:34.365+0500] {processor.py:183} INFO - Processing /home/abayturar/airflow-project/venv/lib/python3.12/site-packages/airflow/example_dags/example_short_circuit_decorator.py took 0.076 seconds
[2026-03-28T19:06:17.748+0500] {processor.py:161} INFO - Started process (PID=25784) to work on /home/abayturar/airflow-project/venv/lib/python3.12/site-packages/airflow/example_dags/example_short_circuit_decorator.py
[2026-03-28T19:06:17.749+0500] {processor.py:830} INFO - Processing file /home/abayturar/airflow-project/venv/lib/python3.12/site-packages/airflow/example_dags/example_short_circuit_decorator.py for tasks to queue
[2026-03-28T19:06:17.752+0500] {logging_mixin.py:188} INFO - [2026-03-28T19:06:17.751+0500] {dagbag.py:545} INFO - Filling up the DagBag from /home/abayturar/airflow-project/venv/lib/python3.12/site-packages/airflow/example_dags/example_short_circuit_decorator.py
[2026-03-28T19:06:17.761+0500] {processor.py:840} INFO - DAG(s) 'example_short_circuit_decorator' retrieved from /home/abayturar/airflow-project/venv/lib/python3.12/site-packages/airflow/example_dags/example_short_circuit_decorator.py
[2026-03-28T19:06:17.779+0500] {logging_mixin.py:188} INFO - [2026-03-28T19:06:17.779+0500] {dag.py:3089} INFO - Sync 1 DAGs
[2026-03-28T19:06:17.795+0500] {logging_mixin.py:188} INFO - [2026-03-28T19:06:17.794+0500] {dag.py:3947} INFO - Setting next_dagrun for example_short_circuit_decorator to 2026-03-27 00:00:00+00:00, run_after=2026-03-28 00:00:00+00:00
[2026-03-28T19:06:17.811+0500] {processor.py:183} INFO - Processing /home/abayturar/airflow-project/venv/lib/python3.12/site-packages/airflow/example_dags/example_short_circuit_decorator.py took 0.069 seconds
[2026-03-28T19:06:59.224+0500] {processor.py:161} INFO - Started process (PID=25897) to work on /home/abayturar/airflow-project/venv/lib/python3.12/site-packages/airflow/example_dags/example_short_circuit_decorator.py
[2026-03-28T19:06:59.225+0500] {processor.py:830} INFO - Processing file /home/abayturar/airflow-project/venv/lib/python3.12/site-packages/airflow/example_dags/example_short_circuit_decorator.py for tasks to queue
[2026-03-28T19:06:59.227+0500] {logging_mixin.py:188} INFO - [2026-03-28T19:06:59.226+0500] {dagbag.py:545} INFO - Filling up the DagBag from /home/abayturar/airflow-project/venv/lib/python3.12/site-packages/airflow/example_dags/example_short_circuit_decorator.py
[2026-03-28T19:06:59.235+0500] {processor.py:840} INFO - DAG(s) 'example_short_circuit_decorator' retrieved from /home/abayturar/airflow-project/venv/lib/python3.12/site-packages/airflow/example_dags/example_short_circuit_decorator.py
[2026-03-28T19:06:59.254+0500] {logging_mixin.py:188} INFO - [2026-03-28T19:06:59.254+0500] {dag.py:3089} INFO - Sync 1 DAGs
[2026-03-28T19:06:59.269+0500] {logging_mixin.py:188} INFO - [2026-03-28T19:06:59.269+0500] {dag.py:3947} INFO - Setting next_dagrun for example_short_circuit_decorator to 2026-03-27 00:00:00+00:00, run_after=2026-03-28 00:00:00+00:00
[2026-03-28T19:06:59.297+0500] {processor.py:183} INFO - Processing /home/abayturar/airflow-project/venv/lib/python3.12/site-packages/airflow/example_dags/example_short_circuit_decorator.py took 0.080 seconds
[2026-03-28T19:07:46.028+0500] {processor.py:161} INFO - Started process (PID=26023) to work on /home/abayturar/airflow-project/venv/lib/python3.12/site-packages/airflow/example_dags/example_short_circuit_decorator.py
[2026-03-28T19:07:46.029+0500] {processor.py:830} INFO - Processing file /home/abayturar/airflow-project/venv/lib/python3.12/site-packages/airflow/example_dags/example_short_circuit_decorator.py for tasks to queue
[2026-03-28T19:07:46.031+0500] {logging_mixin.py:188} INFO - [2026-03-28T19:07:46.030+0500] {dagbag.py:545} INFO - Filling up the DagBag from /home/abayturar/airflow-project/venv/lib/python3.12/site-packages/airflow/example_dags/example_short_circuit_decorator.py
[2026-03-28T19:07:46.039+0500] {processor.py:840} INFO - DAG(s) 'example_short_circuit_decorator' retrieved from /home/abayturar/airflow-project/venv/lib/python3.12/site-packages/airflow/example_dags/example_short_circuit_decorator.py
[2026-03-28T19:07:46.056+0500] {logging_mixin.py:188} INFO - [2026-03-28T19:07:46.056+0500] {dag.py:3089} INFO - Sync 1 DAGs
[2026-03-28T19:07:46.070+0500] {logging_mixin.py:188} INFO - [2026-03-28T19:07:46.070+0500] {dag.py:3947} INFO - Setting next_dagrun for example_short_circuit_decorator to 2026-03-27 00:00:00+00:00, run_after=2026-03-28 00:00:00+00:00
[2026-03-28T19:07:46.086+0500] {processor.py:183} INFO - Processing /home/abayturar/airflow-project/venv/lib/python3.12/site-packages/airflow/example_dags/example_short_circuit_decorator.py took 0.064 seconds
[2026-03-28T19:08:34.407+0500] {processor.py:161} INFO - Started process (PID=26150) to work on /home/abayturar/airflow-project/venv/lib/python3.12/site-packages/airflow/example_dags/example_short_circuit_decorator.py
[2026-03-28T19:08:34.408+0500] {processor.py:830} INFO - Processing file /home/abayturar/airflow-project/venv/lib/python3.12/site-packages/airflow/example_dags/example_short_circuit_decorator.py for tasks to queue
[2026-03-28T19:08:34.410+0500] {logging_mixin.py:188} INFO - [2026-03-28T19:08:34.409+0500] {dagbag.py:545} INFO - Filling up the DagBag from /home/abayturar/airflow-project/venv/lib/python3.12/site-packages/airflow/example_dags/example_short_circuit_decorator.py
[2026-03-28T19:08:34.419+0500] {processor.py:840} INFO - DAG(s) 'example_short_circuit_decorator' retrieved from /home/abayturar/airflow-project/venv/lib/python3.12/site-packages/airflow/example_dags/example_short_circuit_decorator.py
[2026-03-28T19:08:34.437+0500] {logging_mixin.py:188} INFO - [2026-03-28T19:08:34.437+0500] {dag.py:3089} INFO - Sync 1 DAGs
[2026-03-28T19:08:34.451+0500] {logging_mixin.py:188} INFO - [2026-03-28T19:08:34.450+0500] {dag.py:3947} INFO - Setting next_dagrun for example_short_circuit_decorator to 2026-03-27 00:00:00+00:00, run_after=2026-03-28 00:00:00+00:00
[2026-03-28T19:08:34.478+0500] {processor.py:183} INFO - Processing /home/abayturar/airflow-project/venv/lib/python3.12/site-packages/airflow/example_dags/example_short_circuit_decorator.py took 0.077 seconds
[2026-03-28T19:09:22.556+0500] {processor.py:161} INFO - Started process (PID=26278) to work on /home/abayturar/airflow-project/venv/lib/python3.12/site-packages/airflow/example_dags/example_short_circuit_decorator.py
[2026-03-28T19:09:22.557+0500] {processor.py:830} INFO - Processing file /home/abayturar/airflow-project/venv/lib/python3.12/site-packages/airflow/example_dags/example_short_circuit_decorator.py for tasks to queue
[2026-03-28T19:09:22.559+0500] {logging_mixin.py:188} INFO - [2026-03-28T19:09:22.559+0500] {dagbag.py:545} INFO - Filling up the DagBag from /home/abayturar/airflow-project/venv/lib/python3.12/site-packages/airflow/example_dags/example_short_circuit_decorator.py
[2026-03-28T19:09:22.569+0500] {processor.py:840} INFO - DAG(s) 'example_short_circuit_decorator' retrieved from /home/abayturar/airflow-project/venv/lib/python3.12/site-packages/airflow/example_dags/example_short_circuit_decorator.py
[2026-03-28T19:09:22.587+0500] {logging_mixin.py:188} INFO - [2026-03-28T19:09:22.587+0500] {dag.py:3089} INFO - Sync 1 DAGs
[2026-03-28T19:09:22.607+0500] {logging_mixin.py:188} INFO - [2026-03-28T19:09:22.607+0500] {dag.py:3947} INFO - Setting next_dagrun for example_short_circuit_decorator to 2026-03-27 00:00:00+00:00, run_after=2026-03-28 00:00:00+00:00
[2026-03-28T19:09:22.628+0500] {processor.py:183} INFO - Processing /home/abayturar/airflow-project/venv/lib/python3.12/site-packages/airflow/example_dags/example_short_circuit_decorator.py took 0.078 seconds
[2026-03-28T19:10:06.662+0500] {processor.py:161} INFO - Started process (PID=26400) to work on /home/abayturar/airflow-project/venv/lib/python3.12/site-packages/airflow/example_dags/example_short_circuit_decorator.py
[2026-03-28T19:10:06.663+0500] {processor.py:830} INFO - Processing file /home/abayturar/airflow-project/venv/lib/python3.12/site-packages/airflow/example_dags/example_short_circuit_decorator.py for tasks to queue
[2026-03-28T19:10:06.666+0500] {logging_mixin.py:188} INFO - [2026-03-28T19:10:06.665+0500] {dagbag.py:545} INFO - Filling up the DagBag from /home/abayturar/airflow-project/venv/lib/python3.12/site-packages/airflow/example_dags/example_short_circuit_decorator.py
[2026-03-28T19:10:06.681+0500] {processor.py:840} INFO - DAG(s) 'example_short_circuit_decorator' retrieved from /home/abayturar/airflow-project/venv/lib/python3.12/site-packages/airflow/example_dags/example_short_circuit_decorator.py
[2026-03-28T19:10:06.703+0500] {logging_mixin.py:188} INFO - [2026-03-28T19:10:06.703+0500] {dag.py:3089} INFO - Sync 1 DAGs
[2026-03-28T19:10:06.723+0500] {logging_mixin.py:188} INFO - [2026-03-28T19:10:06.723+0500] {dag.py:3947} INFO - Setting next_dagrun for example_short_circuit_decorator to 2026-03-27 00:00:00+00:00, run_after=2026-03-28 00:00:00+00:00
[2026-03-28T19:10:06.753+0500] {processor.py:183} INFO - Processing /home/abayturar/airflow-project/venv/lib/python3.12/site-packages/airflow/example_dags/example_short_circuit_decorator.py took 0.101 seconds
[2026-03-28T19:10:54.665+0500] {processor.py:161} INFO - Started process (PID=26525) to work on /home/abayturar/airflow-project/venv/lib/python3.12/site-packages/airflow/example_dags/example_short_circuit_decorator.py
[2026-03-28T19:10:54.666+0500] {processor.py:830} INFO - Processing file /home/abayturar/airflow-project/venv/lib/python3.12/site-packages/airflow/example_dags/example_short_circuit_decorator.py for tasks to queue
[2026-03-28T19:10:54.669+0500] {logging_mixin.py:188} INFO - [2026-03-28T19:10:54.668+0500] {dagbag.py:545} INFO - Filling up the DagBag from /home/abayturar/airflow-project/venv/lib/python3.12/site-packages/airflow/example_dags/example_short_circuit_decorator.py
[2026-03-28T19:10:54.681+0500] {processor.py:840} INFO - DAG(s) 'example_short_circuit_decorator' retrieved from /home/abayturar/airflow-project/venv/lib/python3.12/site-packages/airflow/example_dags/example_short_circuit_decorator.py
[2026-03-28T19:10:54.705+0500] {logging_mixin.py:188} INFO - [2026-03-28T19:10:54.705+0500] {dag.py:3089} INFO - Sync 1 DAGs
[2026-03-28T19:10:54.725+0500] {logging_mixin.py:188} INFO - [2026-03-28T19:10:54.725+0500] {dag.py:3947} INFO - Setting next_dagrun for example_short_circuit_decorator to 2026-03-27 00:00:00+00:00, run_after=2026-03-28 00:00:00+00:00
[2026-03-28T19:10:54.756+0500] {processor.py:183} INFO - Processing /home/abayturar/airflow-project/venv/lib/python3.12/site-packages/airflow/example_dags/example_short_circuit_decorator.py took 0.099 seconds
[2026-03-28T19:11:42.653+0500] {processor.py:161} INFO - Started process (PID=26653) to work on /home/abayturar/airflow-project/venv/lib/python3.12/site-packages/airflow/example_dags/example_short_circuit_decorator.py
[2026-03-28T19:11:42.654+0500] {processor.py:830} INFO - Processing file /home/abayturar/airflow-project/venv/lib/python3.12/site-packages/airflow/example_dags/example_short_circuit_decorator.py for tasks to queue
[2026-03-28T19:11:42.656+0500] {logging_mixin.py:188} INFO - [2026-03-28T19:11:42.656+0500] {dagbag.py:545} INFO - Filling up the DagBag from /home/abayturar/airflow-project/venv/lib/python3.12/site-packages/airflow/example_dags/example_short_circuit_decorator.py
[2026-03-28T19:11:42.665+0500] {processor.py:840} INFO - DAG(s) 'example_short_circuit_decorator' retrieved from /home/abayturar/airflow-project/venv/lib/python3.12/site-packages/airflow/example_dags/example_short_circuit_decorator.py
[2026-03-28T19:11:42.683+0500] {logging_mixin.py:188} INFO - [2026-03-28T19:11:42.683+0500] {dag.py:3089} INFO - Sync 1 DAGs
[2026-03-28T19:11:42.699+0500] {logging_mixin.py:188} INFO - [2026-03-28T19:11:42.699+0500] {dag.py:3947} INFO - Setting next_dagrun for example_short_circuit_decorator to 2026-03-27 00:00:00+00:00, run_after=2026-03-28 00:00:00+00:00
[2026-03-28T19:11:42.729+0500] {processor.py:183} INFO - Processing /home/abayturar/airflow-project/venv/lib/python3.12/site-packages/airflow/example_dags/example_short_circuit_decorator.py took 0.082 seconds
[2026-03-28T19:12:29.544+0500] {processor.py:161} INFO - Started process (PID=26779) to work on /home/abayturar/airflow-project/venv/lib/python3.12/site-packages/airflow/example_dags/example_short_circuit_decorator.py
[2026-03-28T19:12:29.545+0500] {processor.py:830} INFO - Processing file /home/abayturar/airflow-project/venv/lib/python3.12/site-packages/airflow/example_dags/example_short_circuit_decorator.py for tasks to queue
[2026-03-28T19:12:29.546+0500] {logging_mixin.py:188} INFO - [2026-03-28T19:12:29.546+0500] {dagbag.py:545} INFO - Filling up the DagBag from /home/abayturar/airflow-project/venv/lib/python3.12/site-packages/airflow/example_dags/example_short_circuit_decorator.py
[2026-03-28T19:12:29.555+0500] {processor.py:840} INFO - DAG(s) 'example_short_circuit_decorator' retrieved from /home/abayturar/airflow-project/venv/lib/python3.12/site-packages/airflow/example_dags/example_short_circuit_decorator.py
[2026-03-28T19:12:29.571+0500] {logging_mixin.py:188} INFO - [2026-03-28T19:12:29.571+0500] {dag.py:3089} INFO - Sync 1 DAGs
[2026-03-28T19:12:29.585+0500] {logging_mixin.py:188} INFO - [2026-03-28T19:12:29.584+0500] {dag.py:3947} INFO - Setting next_dagrun for example_short_circuit_decorator to 2026-03-27 00:00:00+00:00, run_after=2026-03-28 00:00:00+00:00
[2026-03-28T19:12:29.611+0500] {processor.py:183} INFO - Processing /home/abayturar/airflow-project/venv/lib/python3.12/site-packages/airflow/example_dags/example_short_circuit_decorator.py took 0.073 seconds
[2026-03-28T19:13:17.787+0500] {processor.py:161} INFO - Started process (PID=26909) to work on /home/abayturar/airflow-project/venv/lib/python3.12/site-packages/airflow/example_dags/example_short_circuit_decorator.py
[2026-03-28T19:13:17.788+0500] {processor.py:830} INFO - Processing file /home/abayturar/airflow-project/venv/lib/python3.12/site-packages/airflow/example_dags/example_short_circuit_decorator.py for tasks to queue
[2026-03-28T19:13:17.790+0500] {logging_mixin.py:188} INFO - [2026-03-28T19:13:17.789+0500] {dagbag.py:545} INFO - Filling up the DagBag from /home/abayturar/airflow-project/venv/lib/python3.12/site-packages/airflow/example_dags/example_short_circuit_decorator.py
[2026-03-28T19:13:17.798+0500] {processor.py:840} INFO - DAG(s) 'example_short_circuit_decorator' retrieved from /home/abayturar/airflow-project/venv/lib/python3.12/site-packages/airflow/example_dags/example_short_circuit_decorator.py
[2026-03-28T19:13:17.813+0500] {logging_mixin.py:188} INFO - [2026-03-28T19:13:17.813+0500] {dag.py:3089} INFO - Sync 1 DAGs
[2026-03-28T19:13:17.826+0500] {logging_mixin.py:188} INFO - [2026-03-28T19:13:17.826+0500] {dag.py:3947} INFO - Setting next_dagrun for example_short_circuit_decorator to 2026-03-27 00:00:00+00:00, run_after=2026-03-28 00:00:00+00:00
[2026-03-28T19:13:17.852+0500] {processor.py:183} INFO - Processing /home/abayturar/airflow-project/venv/lib/python3.12/site-packages/airflow/example_dags/example_short_circuit_decorator.py took 0.071 seconds
[2026-03-28T19:14:03.827+0500] {processor.py:161} INFO - Started process (PID=27032) to work on /home/abayturar/airflow-project/venv/lib/python3.12/site-packages/airflow/example_dags/example_short_circuit_decorator.py
[2026-03-28T19:14:03.828+0500] {processor.py:830} INFO - Processing file /home/abayturar/airflow-project/venv/lib/python3.12/site-packages/airflow/example_dags/example_short_circuit_decorator.py for tasks to queue
[2026-03-28T19:14:03.829+0500] {logging_mixin.py:188} INFO - [2026-03-28T19:14:03.829+0500] {dagbag.py:545} INFO - Filling up the DagBag from /home/abayturar/airflow-project/venv/lib/python3.12/site-packages/airflow/example_dags/example_short_circuit_decorator.py
[2026-03-28T19:14:03.839+0500] {processor.py:840} INFO - DAG(s) 'example_short_circuit_decorator' retrieved from /home/abayturar/airflow-project/venv/lib/python3.12/site-packages/airflow/example_dags/example_short_circuit_decorator.py
[2026-03-28T19:14:03.855+0500] {logging_mixin.py:188} INFO - [2026-03-28T19:14:03.855+0500] {dag.py:3089} INFO - Sync 1 DAGs
[2026-03-28T19:14:03.872+0500] {logging_mixin.py:188} INFO - [2026-03-28T19:14:03.871+0500] {dag.py:3947} INFO - Setting next_dagrun for example_short_circuit_decorator to 2026-03-27 00:00:00+00:00, run_after=2026-03-28 00:00:00+00:00
[2026-03-28T19:14:03.899+0500] {processor.py:183} INFO - Processing /home/abayturar/airflow-project/venv/lib/python3.12/site-packages/airflow/example_dags/example_short_circuit_decorator.py took 0.078 seconds
[2026-03-28T19:14:52.134+0500] {processor.py:161} INFO - Started process (PID=27164) to work on /home/abayturar/airflow-project/venv/lib/python3.12/site-packages/airflow/example_dags/example_short_circuit_decorator.py
[2026-03-28T19:14:52.135+0500] {processor.py:830} INFO - Processing file /home/abayturar/airflow-project/venv/lib/python3.12/site-packages/airflow/example_dags/example_short_circuit_decorator.py for tasks to queue
[2026-03-28T19:14:52.137+0500] {logging_mixin.py:188} INFO - [2026-03-28T19:14:52.136+0500] {dagbag.py:545} INFO - Filling up the DagBag from /home/abayturar/airflow-project/venv/lib/python3.12/site-packages/airflow/example_dags/example_short_circuit_decorator.py
[2026-03-28T19:14:52.146+0500] {processor.py:840} INFO - DAG(s) 'example_short_circuit_decorator' retrieved from /home/abayturar/airflow-project/venv/lib/python3.12/site-packages/airflow/example_dags/example_short_circuit_decorator.py
[2026-03-28T19:14:52.165+0500] {logging_mixin.py:188} INFO - [2026-03-28T19:14:52.165+0500] {dag.py:3089} INFO - Sync 1 DAGs
[2026-03-28T19:14:52.181+0500] {logging_mixin.py:188} INFO - [2026-03-28T19:14:52.181+0500] {dag.py:3947} INFO - Setting next_dagrun for example_short_circuit_decorator to 2026-03-27 00:00:00+00:00, run_after=2026-03-28 00:00:00+00:00
[2026-03-28T19:14:52.211+0500] {processor.py:183} INFO - Processing /home/abayturar/airflow-project/venv/lib/python3.12/site-packages/airflow/example_dags/example_short_circuit_decorator.py took 0.084 seconds
[2026-03-28T19:15:37.408+0500] {processor.py:161} INFO - Started process (PID=27287) to work on /home/abayturar/airflow-project/venv/lib/python3.12/site-packages/airflow/example_dags/example_short_circuit_decorator.py
[2026-03-28T19:15:37.408+0500] {processor.py:830} INFO - Processing file /home/abayturar/airflow-project/venv/lib/python3.12/site-packages/airflow/example_dags/example_short_circuit_decorator.py for tasks to queue
[2026-03-28T19:15:37.410+0500] {logging_mixin.py:188} INFO - [2026-03-28T19:15:37.410+0500] {dagbag.py:545} INFO - Filling up the DagBag from /home/abayturar/airflow-project/venv/lib/python3.12/site-packages/airflow/example_dags/example_short_circuit_decorator.py
[2026-03-28T19:15:37.418+0500] {processor.py:840} INFO - DAG(s) 'example_short_circuit_decorator' retrieved from /home/abayturar/airflow-project/venv/lib/python3.12/site-packages/airflow/example_dags/example_short_circuit_decorator.py
[2026-03-28T19:15:37.435+0500] {logging_mixin.py:188} INFO - [2026-03-28T19:15:37.435+0500] {dag.py:3089} INFO - Sync 1 DAGs
[2026-03-28T19:15:37.448+0500] {logging_mixin.py:188} INFO - [2026-03-28T19:15:37.448+0500] {dag.py:3947} INFO - Setting next_dagrun for example_short_circuit_decorator to 2026-03-27 00:00:00+00:00, run_after=2026-03-28 00:00:00+00:00
[2026-03-28T19:15:37.464+0500] {processor.py:183} INFO - Processing /home/abayturar/airflow-project/venv/lib/python3.12/site-packages/airflow/example_dags/example_short_circuit_decorator.py took 0.062 seconds
[2026-03-28T19:16:22.423+0500] {processor.py:161} INFO - Started process (PID=27405) to work on /home/abayturar/airflow-project/venv/lib/python3.12/site-packages/airflow/example_dags/example_short_circuit_decorator.py
[2026-03-28T19:16:22.424+0500] {processor.py:830} INFO - Processing file /home/abayturar/airflow-project/venv/lib/python3.12/site-packages/airflow/example_dags/example_short_circuit_decorator.py for tasks to queue
[2026-03-28T19:16:22.429+0500] {logging_mixin.py:188} INFO - [2026-03-28T19:16:22.428+0500] {dagbag.py:545} INFO - Filling up the DagBag from /home/abayturar/airflow-project/venv/lib/python3.12/site-packages/airflow/example_dags/example_short_circuit_decorator.py
[2026-03-28T19:16:22.440+0500] {processor.py:840} INFO - DAG(s) 'example_short_circuit_decorator' retrieved from /home/abayturar/airflow-project/venv/lib/python3.12/site-packages/airflow/example_dags/example_short_circuit_decorator.py
[2026-03-28T19:16:22.461+0500] {logging_mixin.py:188} INFO - [2026-03-28T19:16:22.461+0500] {dag.py:3089} INFO - Sync 1 DAGs
[2026-03-28T19:16:22.479+0500] {logging_mixin.py:188} INFO - [2026-03-28T19:16:22.479+0500] {dag.py:3947} INFO - Setting next_dagrun for example_short_circuit_decorator to 2026-03-27 00:00:00+00:00, run_after=2026-03-28 00:00:00+00:00
[2026-03-28T19:16:22.500+0500] {processor.py:183} INFO - Processing /home/abayturar/airflow-project/venv/lib/python3.12/site-packages/airflow/example_dags/example_short_circuit_decorator.py took 0.086 seconds
[2026-03-28T19:17:09.772+0500] {processor.py:161} INFO - Started process (PID=27531) to work on /home/abayturar/airflow-project/venv/lib/python3.12/site-packages/airflow/example_dags/example_short_circuit_decorator.py
[2026-03-28T19:17:09.773+0500] {processor.py:830} INFO - Processing file /home/abayturar/airflow-project/venv/lib/python3.12/site-packages/airflow/example_dags/example_short_circuit_decorator.py for tasks to queue
[2026-03-28T19:17:09.775+0500] {logging_mixin.py:188} INFO - [2026-03-28T19:17:09.775+0500] {dagbag.py:545} INFO - Filling up the DagBag from /home/abayturar/airflow-project/venv/lib/python3.12/site-packages/airflow/example_dags/example_short_circuit_decorator.py
[2026-03-28T19:17:09.790+0500] {processor.py:840} INFO - DAG(s) 'example_short_circuit_decorator' retrieved from /home/abayturar/airflow-project/venv/lib/python3.12/site-packages/airflow/example_dags/example_short_circuit_decorator.py
[2026-03-28T19:17:09.810+0500] {logging_mixin.py:188} INFO - [2026-03-28T19:17:09.810+0500] {dag.py:3089} INFO - Sync 1 DAGs
[2026-03-28T19:17:09.827+0500] {logging_mixin.py:188} INFO - [2026-03-28T19:17:09.826+0500] {dag.py:3947} INFO - Setting next_dagrun for example_short_circuit_decorator to 2026-03-27 00:00:00+00:00, run_after=2026-03-28 00:00:00+00:00
[2026-03-28T19:17:09.856+0500] {processor.py:183} INFO - Processing /home/abayturar/airflow-project/venv/lib/python3.12/site-packages/airflow/example_dags/example_short_circuit_decorator.py took 0.092 seconds
[2026-03-28T19:17:56.341+0500] {processor.py:161} INFO - Started process (PID=27658) to work on /home/abayturar/airflow-project/venv/lib/python3.12/site-packages/airflow/example_dags/example_short_circuit_decorator.py
[2026-03-28T19:17:56.342+0500] {processor.py:830} INFO - Processing file /home/abayturar/airflow-project/venv/lib/python3.12/site-packages/airflow/example_dags/example_short_circuit_decorator.py for tasks to queue
[2026-03-28T19:17:56.344+0500] {logging_mixin.py:188} INFO - [2026-03-28T19:17:56.344+0500] {dagbag.py:545} INFO - Filling up the DagBag from /home/abayturar/airflow-project/venv/lib/python3.12/site-packages/airflow/example_dags/example_short_circuit_decorator.py
[2026-03-28T19:17:56.352+0500] {processor.py:840} INFO - DAG(s) 'example_short_circuit_decorator' retrieved from /home/abayturar/airflow-project/venv/lib/python3.12/site-packages/airflow/example_dags/example_short_circuit_decorator.py
[2026-03-28T19:17:56.368+0500] {logging_mixin.py:188} INFO - [2026-03-28T19:17:56.368+0500] {dag.py:3089} INFO - Sync 1 DAGs
[2026-03-28T19:17:56.381+0500] {logging_mixin.py:188} INFO - [2026-03-28T19:17:56.381+0500] {dag.py:3947} INFO - Setting next_dagrun for example_short_circuit_decorator to 2026-03-27 00:00:00+00:00, run_after=2026-03-28 00:00:00+00:00
[2026-03-28T19:17:56.409+0500] {processor.py:183} INFO - Processing /home/abayturar/airflow-project/venv/lib/python3.12/site-packages/airflow/example_dags/example_short_circuit_decorator.py took 0.073 seconds
[2026-03-28T19:18:39.281+0500] {processor.py:161} INFO - Started process (PID=27777) to work on /home/abayturar/airflow-project/venv/lib/python3.12/site-packages/airflow/example_dags/example_short_circuit_decorator.py
[2026-03-28T19:18:39.282+0500] {processor.py:830} INFO - Processing file /home/abayturar/airflow-project/venv/lib/python3.12/site-packages/airflow/example_dags/example_short_circuit_decorator.py for tasks to queue
[2026-03-28T19:18:39.284+0500] {logging_mixin.py:188} INFO - [2026-03-28T19:18:39.284+0500] {dagbag.py:545} INFO - Filling up the DagBag from /home/abayturar/airflow-project/venv/lib/python3.12/site-packages/airflow/example_dags/example_short_circuit_decorator.py
[2026-03-28T19:18:39.292+0500] {processor.py:840} INFO - DAG(s) 'example_short_circuit_decorator' retrieved from /home/abayturar/airflow-project/venv/lib/python3.12/site-packages/airflow/example_dags/example_short_circuit_decorator.py
[2026-03-28T19:18:39.312+0500] {logging_mixin.py:188} INFO - [2026-03-28T19:18:39.312+0500] {dag.py:3089} INFO - Sync 1 DAGs
[2026-03-28T19:18:39.328+0500] {logging_mixin.py:188} INFO - [2026-03-28T19:18:39.327+0500] {dag.py:3947} INFO - Setting next_dagrun for example_short_circuit_decorator to 2026-03-27 00:00:00+00:00, run_after=2026-03-28 00:00:00+00:00
[2026-03-28T19:18:39.343+0500] {processor.py:183} INFO - Processing /home/abayturar/airflow-project/venv/lib/python3.12/site-packages/airflow/example_dags/example_short_circuit_decorator.py took 0.068 seconds
[2026-03-28T19:19:24.694+0500] {processor.py:161} INFO - Started process (PID=27897) to work on /home/abayturar/airflow-project/venv/lib/python3.12/site-packages/airflow/example_dags/example_short_circuit_decorator.py
[2026-03-28T19:19:24.695+0500] {processor.py:830} INFO - Processing file /home/abayturar/airflow-project/venv/lib/python3.12/site-packages/airflow/example_dags/example_short_circuit_decorator.py for tasks to queue
[2026-03-28T19:19:24.697+0500] {logging_mixin.py:188} INFO - [2026-03-28T19:19:24.696+0500] {dagbag.py:545} INFO - Filling up the DagBag from /home/abayturar/airflow-project/venv/lib/python3.12/site-packages/airflow/example_dags/example_short_circuit_decorator.py
[2026-03-28T19:19:24.705+0500] {processor.py:840} INFO - DAG(s) 'example_short_circuit_decorator' retrieved from /home/abayturar/airflow-project/venv/lib/python3.12/site-packages/airflow/example_dags/example_short_circuit_decorator.py
[2026-03-28T19:19:24.721+0500] {logging_mixin.py:188} INFO - [2026-03-28T19:19:24.721+0500] {dag.py:3089} INFO - Sync 1 DAGs
[2026-03-28T19:19:24.735+0500] {logging_mixin.py:188} INFO - [2026-03-28T19:19:24.735+0500] {dag.py:3947} INFO - Setting next_dagrun for example_short_circuit_decorator to 2026-03-27 00:00:00+00:00, run_after=2026-03-28 00:00:00+00:00
[2026-03-28T19:19:24.761+0500] {processor.py:183} INFO - Processing /home/abayturar/airflow-project/venv/lib/python3.12/site-packages/airflow/example_dags/example_short_circuit_decorator.py took 0.073 seconds
[2026-03-28T19:20:13.288+0500] {processor.py:161} INFO - Started process (PID=28029) to work on /home/abayturar/airflow-project/venv/lib/python3.12/site-packages/airflow/example_dags/example_short_circuit_decorator.py
[2026-03-28T19:20:13.289+0500] {processor.py:830} INFO - Processing file /home/abayturar/airflow-project/venv/lib/python3.12/site-packages/airflow/example_dags/example_short_circuit_decorator.py for tasks to queue
[2026-03-28T19:20:13.291+0500] {logging_mixin.py:188} INFO - [2026-03-28T19:20:13.290+0500] {dagbag.py:545} INFO - Filling up the DagBag from /home/abayturar/airflow-project/venv/lib/python3.12/site-packages/airflow/example_dags/example_short_circuit_decorator.py
[2026-03-28T19:20:13.299+0500] {processor.py:840} INFO - DAG(s) 'example_short_circuit_decorator' retrieved from /home/abayturar/airflow-project/venv/lib/python3.12/site-packages/airflow/example_dags/example_short_circuit_decorator.py
[2026-03-28T19:20:13.315+0500] {logging_mixin.py:188} INFO - [2026-03-28T19:20:13.314+0500] {dag.py:3089} INFO - Sync 1 DAGs
[2026-03-28T19:20:13.328+0500] {logging_mixin.py:188} INFO - [2026-03-28T19:20:13.328+0500] {dag.py:3947} INFO - Setting next_dagrun for example_short_circuit_decorator to 2026-03-27 00:00:00+00:00, run_after=2026-03-28 00:00:00+00:00
[2026-03-28T19:20:13.355+0500] {processor.py:183} INFO - Processing /home/abayturar/airflow-project/venv/lib/python3.12/site-packages/airflow/example_dags/example_short_circuit_decorator.py took 0.073 seconds
[2026-03-28T19:20:59.434+0500] {processor.py:161} INFO - Started process (PID=28154) to work on /home/abayturar/airflow-project/venv/lib/python3.12/site-packages/airflow/example_dags/example_short_circuit_decorator.py
[2026-03-28T19:20:59.435+0500] {processor.py:830} INFO - Processing file /home/abayturar/airflow-project/venv/lib/python3.12/site-packages/airflow/example_dags/example_short_circuit_decorator.py for tasks to queue
[2026-03-28T19:20:59.437+0500] {logging_mixin.py:188} INFO - [2026-03-28T19:20:59.436+0500] {dagbag.py:545} INFO - Filling up the DagBag from /home/abayturar/airflow-project/venv/lib/python3.12/site-packages/airflow/example_dags/example_short_circuit_decorator.py
[2026-03-28T19:20:59.445+0500] {processor.py:840} INFO - DAG(s) 'example_short_circuit_decorator' retrieved from /home/abayturar/airflow-project/venv/lib/python3.12/site-packages/airflow/example_dags/example_short_circuit_decorator.py
[2026-03-28T19:20:59.462+0500] {logging_mixin.py:188} INFO - [2026-03-28T19:20:59.462+0500] {dag.py:3089} INFO - Sync 1 DAGs
[2026-03-28T19:20:59.476+0500] {logging_mixin.py:188} INFO - [2026-03-28T19:20:59.476+0500] {dag.py:3947} INFO - Setting next_dagrun for example_short_circuit_decorator to 2026-03-27 00:00:00+00:00, run_after=2026-03-28 00:00:00+00:00
[2026-03-28T19:20:59.504+0500] {processor.py:183} INFO - Processing /home/abayturar/airflow-project/venv/lib/python3.12/site-packages/airflow/example_dags/example_short_circuit_decorator.py took 0.075 seconds
[2026-03-28T19:21:44.605+0500] {processor.py:161} INFO - Started process (PID=28311) to work on /home/abayturar/airflow-project/venv/lib/python3.12/site-packages/airflow/example_dags/example_short_circuit_decorator.py
[2026-03-28T19:21:44.606+0500] {processor.py:830} INFO - Processing file /home/abayturar/airflow-project/venv/lib/python3.12/site-packages/airflow/example_dags/example_short_circuit_decorator.py for tasks to queue
[2026-03-28T19:21:44.607+0500] {logging_mixin.py:188} INFO - [2026-03-28T19:21:44.607+0500] {dagbag.py:545} INFO - Filling up the DagBag from /home/abayturar/airflow-project/venv/lib/python3.12/site-packages/airflow/example_dags/example_short_circuit_decorator.py
[2026-03-28T19:21:44.616+0500] {processor.py:840} INFO - DAG(s) 'example_short_circuit_decorator' retrieved from /home/abayturar/airflow-project/venv/lib/python3.12/site-packages/airflow/example_dags/example_short_circuit_decorator.py
[2026-03-28T19:21:44.633+0500] {logging_mixin.py:188} INFO - [2026-03-28T19:21:44.633+0500] {dag.py:3089} INFO - Sync 1 DAGs
[2026-03-28T19:21:44.647+0500] {logging_mixin.py:188} INFO - [2026-03-28T19:21:44.647+0500] {dag.py:3947} INFO - Setting next_dagrun for example_short_circuit_decorator to 2026-03-27 00:00:00+00:00, run_after=2026-03-28 00:00:00+00:00
[2026-03-28T19:21:44.671+0500] {processor.py:183} INFO - Processing /home/abayturar/airflow-project/venv/lib/python3.12/site-packages/airflow/example_dags/example_short_circuit_decorator.py took 0.073 seconds
[2026-03-28T19:22:26.716+0500] {processor.py:161} INFO - Started process (PID=28430) to work on /home/abayturar/airflow-project/venv/lib/python3.12/site-packages/airflow/example_dags/example_short_circuit_decorator.py
[2026-03-28T19:22:26.716+0500] {processor.py:830} INFO - Processing file /home/abayturar/airflow-project/venv/lib/python3.12/site-packages/airflow/example_dags/example_short_circuit_decorator.py for tasks to queue
[2026-03-28T19:22:26.718+0500] {logging_mixin.py:188} INFO - [2026-03-28T19:22:26.718+0500] {dagbag.py:545} INFO - Filling up the DagBag from /home/abayturar/airflow-project/venv/lib/python3.12/site-packages/airflow/example_dags/example_short_circuit_decorator.py
[2026-03-28T19:22:26.727+0500] {processor.py:840} INFO - DAG(s) 'example_short_circuit_decorator' retrieved from /home/abayturar/airflow-project/venv/lib/python3.12/site-packages/airflow/example_dags/example_short_circuit_decorator.py
[2026-03-28T19:22:26.742+0500] {logging_mixin.py:188} INFO - [2026-03-28T19:22:26.742+0500] {dag.py:3089} INFO - Sync 1 DAGs
[2026-03-28T19:22:26.755+0500] {logging_mixin.py:188} INFO - [2026-03-28T19:22:26.755+0500] {dag.py:3947} INFO - Setting next_dagrun for example_short_circuit_decorator to 2026-03-27 00:00:00+00:00, run_after=2026-03-28 00:00:00+00:00
[2026-03-28T19:22:26.781+0500] {processor.py:183} INFO - Processing /home/abayturar/airflow-project/venv/lib/python3.12/site-packages/airflow/example_dags/example_short_circuit_decorator.py took 0.071 seconds
[2026-03-28T19:23:10.593+0500] {processor.py:161} INFO - Started process (PID=28547) to work on /home/abayturar/airflow-project/venv/lib/python3.12/site-packages/airflow/example_dags/example_short_circuit_decorator.py
[2026-03-28T19:23:10.594+0500] {processor.py:830} INFO - Processing file /home/abayturar/airflow-project/venv/lib/python3.12/site-packages/airflow/example_dags/example_short_circuit_decorator.py for tasks to queue
[2026-03-28T19:23:10.596+0500] {logging_mixin.py:188} INFO - [2026-03-28T19:23:10.595+0500] {dagbag.py:545} INFO - Filling up the DagBag from /home/abayturar/airflow-project/venv/lib/python3.12/site-packages/airflow/example_dags/example_short_circuit_decorator.py
[2026-03-28T19:23:10.605+0500] {processor.py:840} INFO - DAG(s) 'example_short_circuit_decorator' retrieved from /home/abayturar/airflow-project/venv/lib/python3.12/site-packages/airflow/example_dags/example_short_circuit_decorator.py
[2026-03-28T19:23:10.621+0500] {logging_mixin.py:188} INFO - [2026-03-28T19:23:10.621+0500] {dag.py:3089} INFO - Sync 1 DAGs
[2026-03-28T19:23:10.636+0500] {logging_mixin.py:188} INFO - [2026-03-28T19:23:10.636+0500] {dag.py:3947} INFO - Setting next_dagrun for example_short_circuit_decorator to 2026-03-27 00:00:00+00:00, run_after=2026-03-28 00:00:00+00:00
[2026-03-28T19:23:10.652+0500] {processor.py:183} INFO - Processing /home/abayturar/airflow-project/venv/lib/python3.12/site-packages/airflow/example_dags/example_short_circuit_decorator.py took 0.066 seconds
[2026-03-28T19:23:57.094+0500] {processor.py:161} INFO - Started process (PID=28671) to work on /home/abayturar/airflow-project/venv/lib/python3.12/site-packages/airflow/example_dags/example_short_circuit_decorator.py
[2026-03-28T19:23:57.095+0500] {processor.py:830} INFO - Processing file /home/abayturar/airflow-project/venv/lib/python3.12/site-packages/airflow/example_dags/example_short_circuit_decorator.py for tasks to queue
[2026-03-28T19:23:57.098+0500] {logging_mixin.py:188} INFO - [2026-03-28T19:23:57.097+0500] {dagbag.py:545} INFO - Filling up the DagBag from /home/abayturar/airflow-project/venv/lib/python3.12/site-packages/airflow/example_dags/example_short_circuit_decorator.py
[2026-03-28T19:23:57.112+0500] {processor.py:840} INFO - DAG(s) 'example_short_circuit_decorator' retrieved from /home/abayturar/airflow-project/venv/lib/python3.12/site-packages/airflow/example_dags/example_short_circuit_decorator.py
[2026-03-28T19:23:57.132+0500] {logging_mixin.py:188} INFO - [2026-03-28T19:23:57.132+0500] {dag.py:3089} INFO - Sync 1 DAGs
[2026-03-28T19:23:57.148+0500] {logging_mixin.py:188} INFO - [2026-03-28T19:23:57.148+0500] {dag.py:3947} INFO - Setting next_dagrun for example_short_circuit_decorator to 2026-03-27 00:00:00+00:00, run_after=2026-03-28 00:00:00+00:00
[2026-03-28T19:23:57.168+0500] {processor.py:183} INFO - Processing /home/abayturar/airflow-project/venv/lib/python3.12/site-packages/airflow/example_dags/example_short_circuit_decorator.py took 0.083 seconds
[2026-03-28T19:24:43.887+0500] {processor.py:161} INFO - Started process (PID=28798) to work on /home/abayturar/airflow-project/venv/lib/python3.12/site-packages/airflow/example_dags/example_short_circuit_decorator.py
[2026-03-28T19:24:43.888+0500] {processor.py:830} INFO - Processing file /home/abayturar/airflow-project/venv/lib/python3.12/site-packages/airflow/example_dags/example_short_circuit_decorator.py for tasks to queue
[2026-03-28T19:24:43.890+0500] {logging_mixin.py:188} INFO - [2026-03-28T19:24:43.889+0500] {dagbag.py:545} INFO - Filling up the DagBag from /home/abayturar/airflow-project/venv/lib/python3.12/site-packages/airflow/example_dags/example_short_circuit_decorator.py
[2026-03-28T19:24:43.898+0500] {processor.py:840} INFO - DAG(s) 'example_short_circuit_decorator' retrieved from /home/abayturar/airflow-project/venv/lib/python3.12/site-packages/airflow/example_dags/example_short_circuit_decorator.py
[2026-03-28T19:24:43.914+0500] {logging_mixin.py:188} INFO - [2026-03-28T19:24:43.914+0500] {dag.py:3089} INFO - Sync 1 DAGs
[2026-03-28T19:24:43.928+0500] {logging_mixin.py:188} INFO - [2026-03-28T19:24:43.928+0500] {dag.py:3947} INFO - Setting next_dagrun for example_short_circuit_decorator to 2026-03-27 00:00:00+00:00, run_after=2026-03-28 00:00:00+00:00
[2026-03-28T19:24:43.955+0500] {processor.py:183} INFO - Processing /home/abayturar/airflow-project/venv/lib/python3.12/site-packages/airflow/example_dags/example_short_circuit_decorator.py took 0.073 seconds
[2026-03-28T19:25:30.609+0500] {processor.py:161} INFO - Started process (PID=28923) to work on /home/abayturar/airflow-project/venv/lib/python3.12/site-packages/airflow/example_dags/example_short_circuit_decorator.py
[2026-03-28T19:25:30.610+0500] {processor.py:830} INFO - Processing file /home/abayturar/airflow-project/venv/lib/python3.12/site-packages/airflow/example_dags/example_short_circuit_decorator.py for tasks to queue
[2026-03-28T19:25:30.611+0500] {logging_mixin.py:188} INFO - [2026-03-28T19:25:30.611+0500] {dagbag.py:545} INFO - Filling up the DagBag from /home/abayturar/airflow-project/venv/lib/python3.12/site-packages/airflow/example_dags/example_short_circuit_decorator.py
[2026-03-28T19:25:30.619+0500] {processor.py:840} INFO - DAG(s) 'example_short_circuit_decorator' retrieved from /home/abayturar/airflow-project/venv/lib/python3.12/site-packages/airflow/example_dags/example_short_circuit_decorator.py
[2026-03-28T19:25:30.635+0500] {logging_mixin.py:188} INFO - [2026-03-28T19:25:30.635+0500] {dag.py:3089} INFO - Sync 1 DAGs
[2026-03-28T19:25:30.648+0500] {logging_mixin.py:188} INFO - [2026-03-28T19:25:30.648+0500] {dag.py:3947} INFO - Setting next_dagrun for example_short_circuit_decorator to 2026-03-27 00:00:00+00:00, run_after=2026-03-28 00:00:00+00:00
[2026-03-28T19:25:30.674+0500] {processor.py:183} INFO - Processing /home/abayturar/airflow-project/venv/lib/python3.12/site-packages/airflow/example_dags/example_short_circuit_decorator.py took 0.071 seconds
[2026-03-28T19:26:16.945+0500] {processor.py:161} INFO - Started process (PID=29047) to work on /home/abayturar/airflow-project/venv/lib/python3.12/site-packages/airflow/example_dags/example_short_circuit_decorator.py
[2026-03-28T19:26:16.946+0500] {processor.py:830} INFO - Processing file /home/abayturar/airflow-project/venv/lib/python3.12/site-packages/airflow/example_dags/example_short_circuit_decorator.py for tasks to queue
[2026-03-28T19:26:16.948+0500] {logging_mixin.py:188} INFO - [2026-03-28T19:26:16.948+0500] {dagbag.py:545} INFO - Filling up the DagBag from /home/abayturar/airflow-project/venv/lib/python3.12/site-packages/airflow/example_dags/example_short_circuit_decorator.py
[2026-03-28T19:26:16.957+0500] {processor.py:840} INFO - DAG(s) 'example_short_circuit_decorator' retrieved from /home/abayturar/airflow-project/venv/lib/python3.12/site-packages/airflow/example_dags/example_short_circuit_decorator.py
[2026-03-28T19:26:16.973+0500] {logging_mixin.py:188} INFO - [2026-03-28T19:26:16.973+0500] {dag.py:3089} INFO - Sync 1 DAGs
[2026-03-28T19:26:16.987+0500] {logging_mixin.py:188} INFO - [2026-03-28T19:26:16.987+0500] {dag.py:3947} INFO - Setting next_dagrun for example_short_circuit_decorator to 2026-03-27 00:00:00+00:00, run_after=2026-03-28 00:00:00+00:00
[2026-03-28T19:26:17.015+0500] {processor.py:183} INFO - Processing /home/abayturar/airflow-project/venv/lib/python3.12/site-packages/airflow/example_dags/example_short_circuit_decorator.py took 0.075 seconds
[2026-03-28T19:27:01.993+0500] {processor.py:161} INFO - Started process (PID=29171) to work on /home/abayturar/airflow-project/venv/lib/python3.12/site-packages/airflow/example_dags/example_short_circuit_decorator.py
[2026-03-28T19:27:01.994+0500] {processor.py:830} INFO - Processing file /home/abayturar/airflow-project/venv/lib/python3.12/site-packages/airflow/example_dags/example_short_circuit_decorator.py for tasks to queue
[2026-03-28T19:27:01.995+0500] {logging_mixin.py:188} INFO - [2026-03-28T19:27:01.995+0500] {dagbag.py:545} INFO - Filling up the DagBag from /home/abayturar/airflow-project/venv/lib/python3.12/site-packages/airflow/example_dags/example_short_circuit_decorator.py
[2026-03-28T19:27:02.005+0500] {processor.py:840} INFO - DAG(s) 'example_short_circuit_decorator' retrieved from /home/abayturar/airflow-project/venv/lib/python3.12/site-packages/airflow/example_dags/example_short_circuit_decorator.py
[2026-03-28T19:27:02.023+0500] {logging_mixin.py:188} INFO - [2026-03-28T19:27:02.023+0500] {dag.py:3089} INFO - Sync 1 DAGs
[2026-03-28T19:27:02.037+0500] {logging_mixin.py:188} INFO - [2026-03-28T19:27:02.037+0500] {dag.py:3947} INFO - Setting next_dagrun for example_short_circuit_decorator to 2026-03-27 00:00:00+00:00, run_after=2026-03-28 00:00:00+00:00
[2026-03-28T19:27:02.064+0500] {processor.py:183} INFO - Processing /home/abayturar/airflow-project/venv/lib/python3.12/site-packages/airflow/example_dags/example_short_circuit_decorator.py took 0.077 seconds
[2026-03-28T19:27:50.290+0500] {processor.py:161} INFO - Started process (PID=29301) to work on /home/abayturar/airflow-project/venv/lib/python3.12/site-packages/airflow/example_dags/example_short_circuit_decorator.py
[2026-03-28T19:27:50.291+0500] {processor.py:830} INFO - Processing file /home/abayturar/airflow-project/venv/lib/python3.12/site-packages/airflow/example_dags/example_short_circuit_decorator.py for tasks to queue
[2026-03-28T19:27:50.293+0500] {logging_mixin.py:188} INFO - [2026-03-28T19:27:50.293+0500] {dagbag.py:545} INFO - Filling up the DagBag from /home/abayturar/airflow-project/venv/lib/python3.12/site-packages/airflow/example_dags/example_short_circuit_decorator.py
[2026-03-28T19:27:50.303+0500] {processor.py:840} INFO - DAG(s) 'example_short_circuit_decorator' retrieved from /home/abayturar/airflow-project/venv/lib/python3.12/site-packages/airflow/example_dags/example_short_circuit_decorator.py
[2026-03-28T19:27:50.321+0500] {logging_mixin.py:188} INFO - [2026-03-28T19:27:50.321+0500] {dag.py:3089} INFO - Sync 1 DAGs
[2026-03-28T19:27:50.339+0500] {logging_mixin.py:188} INFO - [2026-03-28T19:27:50.338+0500] {dag.py:3947} INFO - Setting next_dagrun for example_short_circuit_decorator to 2026-03-27 00:00:00+00:00, run_after=2026-03-28 00:00:00+00:00
[2026-03-28T19:27:50.357+0500] {processor.py:183} INFO - Processing /home/abayturar/airflow-project/venv/lib/python3.12/site-packages/airflow/example_dags/example_short_circuit_decorator.py took 0.075 seconds
[2026-03-28T19:28:38.772+0500] {processor.py:161} INFO - Started process (PID=29428) to work on /home/abayturar/airflow-project/venv/lib/python3.12/site-packages/airflow/example_dags/example_short_circuit_decorator.py
[2026-03-28T19:28:38.773+0500] {processor.py:830} INFO - Processing file /home/abayturar/airflow-project/venv/lib/python3.12/site-packages/airflow/example_dags/example_short_circuit_decorator.py for tasks to queue
[2026-03-28T19:28:38.776+0500] {logging_mixin.py:188} INFO - [2026-03-28T19:28:38.776+0500] {dagbag.py:545} INFO - Filling up the DagBag from /home/abayturar/airflow-project/venv/lib/python3.12/site-packages/airflow/example_dags/example_short_circuit_decorator.py
[2026-03-28T19:28:38.787+0500] {processor.py:840} INFO - DAG(s) 'example_short_circuit_decorator' retrieved from /home/abayturar/airflow-project/venv/lib/python3.12/site-packages/airflow/example_dags/example_short_circuit_decorator.py
[2026-03-28T19:28:38.805+0500] {logging_mixin.py:188} INFO - [2026-03-28T19:28:38.805+0500] {dag.py:3089} INFO - Sync 1 DAGs
[2026-03-28T19:28:38.823+0500] {logging_mixin.py:188} INFO - [2026-03-28T19:28:38.823+0500] {dag.py:3947} INFO - Setting next_dagrun for example_short_circuit_decorator to 2026-03-27 00:00:00+00:00, run_after=2026-03-28 00:00:00+00:00
[2026-03-28T19:28:38.840+0500] {processor.py:183} INFO - Processing /home/abayturar/airflow-project/venv/lib/python3.12/site-packages/airflow/example_dags/example_short_circuit_decorator.py took 0.075 seconds
[2026-03-28T19:29:27.633+0500] {processor.py:161} INFO - Started process (PID=29629) to work on /home/abayturar/airflow-project/venv/lib/python3.12/site-packages/airflow/example_dags/example_short_circuit_decorator.py
[2026-03-28T19:29:27.634+0500] {processor.py:830} INFO - Processing file /home/abayturar/airflow-project/venv/lib/python3.12/site-packages/airflow/example_dags/example_short_circuit_decorator.py for tasks to queue
[2026-03-28T19:29:27.636+0500] {logging_mixin.py:188} INFO - [2026-03-28T19:29:27.636+0500] {dagbag.py:545} INFO - Filling up the DagBag from /home/abayturar/airflow-project/venv/lib/python3.12/site-packages/airflow/example_dags/example_short_circuit_decorator.py
[2026-03-28T19:29:27.646+0500] {processor.py:840} INFO - DAG(s) 'example_short_circuit_decorator' retrieved from /home/abayturar/airflow-project/venv/lib/python3.12/site-packages/airflow/example_dags/example_short_circuit_decorator.py
[2026-03-28T19:29:27.670+0500] {logging_mixin.py:188} INFO - [2026-03-28T19:29:27.669+0500] {dag.py:3089} INFO - Sync 1 DAGs
[2026-03-28T19:29:27.687+0500] {logging_mixin.py:188} INFO - [2026-03-28T19:29:27.687+0500] {dag.py:3947} INFO - Setting next_dagrun for example_short_circuit_decorator to 2026-03-27 00:00:00+00:00, run_after=2026-03-28 00:00:00+00:00
[2026-03-28T19:29:27.719+0500] {processor.py:183} INFO - Processing /home/abayturar/airflow-project/venv/lib/python3.12/site-packages/airflow/example_dags/example_short_circuit_decorator.py took 0.093 seconds
[2026-03-28T19:30:12.555+0500] {processor.py:161} INFO - Started process (PID=29751) to work on /home/abayturar/airflow-project/venv/lib/python3.12/site-packages/airflow/example_dags/example_short_circuit_decorator.py
[2026-03-28T19:30:12.556+0500] {processor.py:830} INFO - Processing file /home/abayturar/airflow-project/venv/lib/python3.12/site-packages/airflow/example_dags/example_short_circuit_decorator.py for tasks to queue
[2026-03-28T19:30:12.558+0500] {logging_mixin.py:188} INFO - [2026-03-28T19:30:12.557+0500] {dagbag.py:545} INFO - Filling up the DagBag from /home/abayturar/airflow-project/venv/lib/python3.12/site-packages/airflow/example_dags/example_short_circuit_decorator.py
[2026-03-28T19:30:12.566+0500] {processor.py:840} INFO - DAG(s) 'example_short_circuit_decorator' retrieved from /home/abayturar/airflow-project/venv/lib/python3.12/site-packages/airflow/example_dags/example_short_circuit_decorator.py
[2026-03-28T19:30:12.581+0500] {logging_mixin.py:188} INFO - [2026-03-28T19:30:12.581+0500] {dag.py:3089} INFO - Sync 1 DAGs
[2026-03-28T19:30:12.594+0500] {logging_mixin.py:188} INFO - [2026-03-28T19:30:12.594+0500] {dag.py:3947} INFO - Setting next_dagrun for example_short_circuit_decorator to 2026-03-27 00:00:00+00:00, run_after=2026-03-28 00:00:00+00:00
[2026-03-28T19:30:12.609+0500] {processor.py:183} INFO - Processing /home/abayturar/airflow-project/venv/lib/python3.12/site-packages/airflow/example_dags/example_short_circuit_decorator.py took 0.059 seconds
[2026-03-28T19:31:12.109+0500] {processor.py:161} INFO - Started process (PID=29940) to work on /home/abayturar/airflow-project/venv/lib/python3.12/site-packages/airflow/example_dags/example_short_circuit_decorator.py
[2026-03-28T19:31:12.110+0500] {processor.py:830} INFO - Processing file /home/abayturar/airflow-project/venv/lib/python3.12/site-packages/airflow/example_dags/example_short_circuit_decorator.py for tasks to queue
[2026-03-28T19:31:12.112+0500] {logging_mixin.py:188} INFO - [2026-03-28T19:31:12.111+0500] {dagbag.py:545} INFO - Filling up the DagBag from /home/abayturar/airflow-project/venv/lib/python3.12/site-packages/airflow/example_dags/example_short_circuit_decorator.py
[2026-03-28T19:31:12.122+0500] {processor.py:840} INFO - DAG(s) 'example_short_circuit_decorator' retrieved from /home/abayturar/airflow-project/venv/lib/python3.12/site-packages/airflow/example_dags/example_short_circuit_decorator.py
[2026-03-28T19:31:12.140+0500] {logging_mixin.py:188} INFO - [2026-03-28T19:31:12.140+0500] {dag.py:3089} INFO - Sync 1 DAGs
[2026-03-28T19:31:12.155+0500] {logging_mixin.py:188} INFO - [2026-03-28T19:31:12.155+0500] {dag.py:3947} INFO - Setting next_dagrun for example_short_circuit_decorator to 2026-03-27 00:00:00+00:00, run_after=2026-03-28 00:00:00+00:00
[2026-03-28T19:31:12.172+0500] {processor.py:183} INFO - Processing /home/abayturar/airflow-project/venv/lib/python3.12/site-packages/airflow/example_dags/example_short_circuit_decorator.py took 0.070 seconds
[2026-03-28T19:32:04.186+0500] {processor.py:161} INFO - Started process (PID=30091) to work on /home/abayturar/airflow-project/venv/lib/python3.12/site-packages/airflow/example_dags/example_short_circuit_decorator.py
[2026-03-28T19:32:04.187+0500] {processor.py:830} INFO - Processing file /home/abayturar/airflow-project/venv/lib/python3.12/site-packages/airflow/example_dags/example_short_circuit_decorator.py for tasks to queue
[2026-03-28T19:32:04.189+0500] {logging_mixin.py:188} INFO - [2026-03-28T19:32:04.188+0500] {dagbag.py:545} INFO - Filling up the DagBag from /home/abayturar/airflow-project/venv/lib/python3.12/site-packages/airflow/example_dags/example_short_circuit_decorator.py
[2026-03-28T19:32:04.198+0500] {processor.py:840} INFO - DAG(s) 'example_short_circuit_decorator' retrieved from /home/abayturar/airflow-project/venv/lib/python3.12/site-packages/airflow/example_dags/example_short_circuit_decorator.py
[2026-03-28T19:32:04.214+0500] {logging_mixin.py:188} INFO - [2026-03-28T19:32:04.214+0500] {dag.py:3089} INFO - Sync 1 DAGs
[2026-03-28T19:32:04.227+0500] {logging_mixin.py:188} INFO - [2026-03-28T19:32:04.227+0500] {dag.py:3947} INFO - Setting next_dagrun for example_short_circuit_decorator to 2026-03-27 00:00:00+00:00, run_after=2026-03-28 00:00:00+00:00
[2026-03-28T19:32:04.245+0500] {processor.py:183} INFO - Processing /home/abayturar/airflow-project/venv/lib/python3.12/site-packages/airflow/example_dags/example_short_circuit_decorator.py took 0.065 seconds
[2026-03-28T19:32:56.043+0500] {processor.py:161} INFO - Started process (PID=30236) to work on /home/abayturar/airflow-project/venv/lib/python3.12/site-packages/airflow/example_dags/example_short_circuit_decorator.py
[2026-03-28T19:32:56.044+0500] {processor.py:830} INFO - Processing file /home/abayturar/airflow-project/venv/lib/python3.12/site-packages/airflow/example_dags/example_short_circuit_decorator.py for tasks to queue
[2026-03-28T19:32:56.046+0500] {logging_mixin.py:188} INFO - [2026-03-28T19:32:56.046+0500] {dagbag.py:545} INFO - Filling up the DagBag from /home/abayturar/airflow-project/venv/lib/python3.12/site-packages/airflow/example_dags/example_short_circuit_decorator.py
[2026-03-28T19:32:56.056+0500] {processor.py:840} INFO - DAG(s) 'example_short_circuit_decorator' retrieved from /home/abayturar/airflow-project/venv/lib/python3.12/site-packages/airflow/example_dags/example_short_circuit_decorator.py
[2026-03-28T19:32:56.073+0500] {logging_mixin.py:188} INFO - [2026-03-28T19:32:56.073+0500] {dag.py:3089} INFO - Sync 1 DAGs
[2026-03-28T19:32:56.087+0500] {logging_mixin.py:188} INFO - [2026-03-28T19:32:56.087+0500] {dag.py:3947} INFO - Setting next_dagrun for example_short_circuit_decorator to 2026-03-27 00:00:00+00:00, run_after=2026-03-28 00:00:00+00:00
[2026-03-28T19:32:56.102+0500] {processor.py:183} INFO - Processing /home/abayturar/airflow-project/venv/lib/python3.12/site-packages/airflow/example_dags/example_short_circuit_decorator.py took 0.066 seconds
[2026-03-28T19:33:47.310+0500] {processor.py:161} INFO - Started process (PID=30388) to work on /home/abayturar/airflow-project/venv/lib/python3.12/site-packages/airflow/example_dags/example_short_circuit_decorator.py
[2026-03-28T19:33:47.311+0500] {processor.py:830} INFO - Processing file /home/abayturar/airflow-project/venv/lib/python3.12/site-packages/airflow/example_dags/example_short_circuit_decorator.py for tasks to queue
[2026-03-28T19:33:47.313+0500] {logging_mixin.py:188} INFO - [2026-03-28T19:33:47.313+0500] {dagbag.py:545} INFO - Filling up the DagBag from /home/abayturar/airflow-project/venv/lib/python3.12/site-packages/airflow/example_dags/example_short_circuit_decorator.py
[2026-03-28T19:33:47.322+0500] {processor.py:840} INFO - DAG(s) 'example_short_circuit_decorator' retrieved from /home/abayturar/airflow-project/venv/lib/python3.12/site-packages/airflow/example_dags/example_short_circuit_decorator.py
[2026-03-28T19:33:47.338+0500] {logging_mixin.py:188} INFO - [2026-03-28T19:33:47.338+0500] {dag.py:3089} INFO - Sync 1 DAGs
[2026-03-28T19:33:47.352+0500] {logging_mixin.py:188} INFO - [2026-03-28T19:33:47.352+0500] {dag.py:3947} INFO - Setting next_dagrun for example_short_circuit_decorator to 2026-03-27 00:00:00+00:00, run_after=2026-03-28 00:00:00+00:00
[2026-03-28T19:33:47.369+0500] {processor.py:183} INFO - Processing /home/abayturar/airflow-project/venv/lib/python3.12/site-packages/airflow/example_dags/example_short_circuit_decorator.py took 0.064 seconds
[2026-03-28T19:35:22.616+0500] {processor.py:161} INFO - Started process (PID=30594) to work on /home/abayturar/airflow-project/venv/lib/python3.12/site-packages/airflow/example_dags/example_short_circuit_decorator.py
[2026-03-28T19:35:22.617+0500] {processor.py:830} INFO - Processing file /home/abayturar/airflow-project/venv/lib/python3.12/site-packages/airflow/example_dags/example_short_circuit_decorator.py for tasks to queue
[2026-03-28T19:35:22.620+0500] {logging_mixin.py:188} INFO - [2026-03-28T19:35:22.620+0500] {dagbag.py:545} INFO - Filling up the DagBag from /home/abayturar/airflow-project/venv/lib/python3.12/site-packages/airflow/example_dags/example_short_circuit_decorator.py
[2026-03-28T19:35:22.630+0500] {processor.py:840} INFO - DAG(s) 'example_short_circuit_decorator' retrieved from /home/abayturar/airflow-project/venv/lib/python3.12/site-packages/airflow/example_dags/example_short_circuit_decorator.py
[2026-03-28T19:35:22.650+0500] {logging_mixin.py:188} INFO - [2026-03-28T19:35:22.650+0500] {dag.py:3089} INFO - Sync 1 DAGs
[2026-03-28T19:35:22.666+0500] {logging_mixin.py:188} INFO - [2026-03-28T19:35:22.666+0500] {dag.py:3947} INFO - Setting next_dagrun for example_short_circuit_decorator to 2026-03-27 00:00:00+00:00, run_after=2026-03-28 00:00:00+00:00
[2026-03-28T19:35:22.684+0500] {processor.py:183} INFO - Processing /home/abayturar/airflow-project/venv/lib/python3.12/site-packages/airflow/example_dags/example_short_circuit_decorator.py took 0.074 seconds
[2026-03-28T19:36:26.910+0500] {processor.py:161} INFO - Started process (PID=30811) to work on /home/abayturar/airflow-project/venv/lib/python3.12/site-packages/airflow/example_dags/example_short_circuit_decorator.py
[2026-03-28T19:36:26.911+0500] {processor.py:830} INFO - Processing file /home/abayturar/airflow-project/venv/lib/python3.12/site-packages/airflow/example_dags/example_short_circuit_decorator.py for tasks to queue
[2026-03-28T19:36:26.912+0500] {logging_mixin.py:188} INFO - [2026-03-28T19:36:26.912+0500] {dagbag.py:545} INFO - Filling up the DagBag from /home/abayturar/airflow-project/venv/lib/python3.12/site-packages/airflow/example_dags/example_short_circuit_decorator.py
[2026-03-28T19:36:26.921+0500] {processor.py:840} INFO - DAG(s) 'example_short_circuit_decorator' retrieved from /home/abayturar/airflow-project/venv/lib/python3.12/site-packages/airflow/example_dags/example_short_circuit_decorator.py
[2026-03-28T19:36:26.939+0500] {logging_mixin.py:188} INFO - [2026-03-28T19:36:26.938+0500] {dag.py:3089} INFO - Sync 1 DAGs
[2026-03-28T19:36:26.953+0500] {logging_mixin.py:188} INFO - [2026-03-28T19:36:26.953+0500] {dag.py:3947} INFO - Setting next_dagrun for example_short_circuit_decorator to 2026-03-27 00:00:00+00:00, run_after=2026-03-28 00:00:00+00:00
[2026-03-28T19:36:26.981+0500] {processor.py:183} INFO - Processing /home/abayturar/airflow-project/venv/lib/python3.12/site-packages/airflow/example_dags/example_short_circuit_decorator.py took 0.077 seconds
[2026-03-28T19:37:18.856+0500] {processor.py:161} INFO - Started process (PID=30951) to work on /home/abayturar/airflow-project/venv/lib/python3.12/site-packages/airflow/example_dags/example_short_circuit_decorator.py
[2026-03-28T19:37:18.857+0500] {processor.py:830} INFO - Processing file /home/abayturar/airflow-project/venv/lib/python3.12/site-packages/airflow/example_dags/example_short_circuit_decorator.py for tasks to queue
[2026-03-28T19:37:18.858+0500] {logging_mixin.py:188} INFO - [2026-03-28T19:37:18.858+0500] {dagbag.py:545} INFO - Filling up the DagBag from /home/abayturar/airflow-project/venv/lib/python3.12/site-packages/airflow/example_dags/example_short_circuit_decorator.py
[2026-03-28T19:37:18.868+0500] {processor.py:840} INFO - DAG(s) 'example_short_circuit_decorator' retrieved from /home/abayturar/airflow-project/venv/lib/python3.12/site-packages/airflow/example_dags/example_short_circuit_decorator.py
[2026-03-28T19:37:18.888+0500] {logging_mixin.py:188} INFO - [2026-03-28T19:37:18.887+0500] {dag.py:3089} INFO - Sync 1 DAGs
[2026-03-28T19:37:18.902+0500] {logging_mixin.py:188} INFO - [2026-03-28T19:37:18.902+0500] {dag.py:3947} INFO - Setting next_dagrun for example_short_circuit_decorator to 2026-03-27 00:00:00+00:00, run_after=2026-03-28 00:00:00+00:00
[2026-03-28T19:37:18.928+0500] {processor.py:183} INFO - Processing /home/abayturar/airflow-project/venv/lib/python3.12/site-packages/airflow/example_dags/example_short_circuit_decorator.py took 0.079 seconds
[2026-03-28T19:38:12.338+0500] {processor.py:161} INFO - Started process (PID=31094) to work on /home/abayturar/airflow-project/venv/lib/python3.12/site-packages/airflow/example_dags/example_short_circuit_decorator.py
[2026-03-28T19:38:12.339+0500] {processor.py:830} INFO - Processing file /home/abayturar/airflow-project/venv/lib/python3.12/site-packages/airflow/example_dags/example_short_circuit_decorator.py for tasks to queue
[2026-03-28T19:38:12.340+0500] {logging_mixin.py:188} INFO - [2026-03-28T19:38:12.340+0500] {dagbag.py:545} INFO - Filling up the DagBag from /home/abayturar/airflow-project/venv/lib/python3.12/site-packages/airflow/example_dags/example_short_circuit_decorator.py
[2026-03-28T19:38:12.349+0500] {processor.py:840} INFO - DAG(s) 'example_short_circuit_decorator' retrieved from /home/abayturar/airflow-project/venv/lib/python3.12/site-packages/airflow/example_dags/example_short_circuit_decorator.py
[2026-03-28T19:38:12.365+0500] {logging_mixin.py:188} INFO - [2026-03-28T19:38:12.365+0500] {dag.py:3089} INFO - Sync 1 DAGs
[2026-03-28T19:38:12.378+0500] {logging_mixin.py:188} INFO - [2026-03-28T19:38:12.378+0500] {dag.py:3947} INFO - Setting next_dagrun for example_short_circuit_decorator to 2026-03-27 00:00:00+00:00, run_after=2026-03-28 00:00:00+00:00
[2026-03-28T19:38:12.404+0500] {processor.py:183} INFO - Processing /home/abayturar/airflow-project/venv/lib/python3.12/site-packages/airflow/example_dags/example_short_circuit_decorator.py took 0.072 seconds
[2026-03-28T19:38:58.532+0500] {processor.py:161} INFO - Started process (PID=31220) to work on /home/abayturar/airflow-project/venv/lib/python3.12/site-packages/airflow/example_dags/example_short_circuit_decorator.py
[2026-03-28T19:38:58.533+0500] {processor.py:830} INFO - Processing file /home/abayturar/airflow-project/venv/lib/python3.12/site-packages/airflow/example_dags/example_short_circuit_decorator.py for tasks to queue
[2026-03-28T19:38:58.535+0500] {logging_mixin.py:188} INFO - [2026-03-28T19:38:58.535+0500] {dagbag.py:545} INFO - Filling up the DagBag from /home/abayturar/airflow-project/venv/lib/python3.12/site-packages/airflow/example_dags/example_short_circuit_decorator.py
[2026-03-28T19:38:58.547+0500] {processor.py:840} INFO - DAG(s) 'example_short_circuit_decorator' retrieved from /home/abayturar/airflow-project/venv/lib/python3.12/site-packages/airflow/example_dags/example_short_circuit_decorator.py
[2026-03-28T19:38:58.567+0500] {logging_mixin.py:188} INFO - [2026-03-28T19:38:58.567+0500] {dag.py:3089} INFO - Sync 1 DAGs
[2026-03-28T19:38:58.583+0500] {logging_mixin.py:188} INFO - [2026-03-28T19:38:58.583+0500] {dag.py:3947} INFO - Setting next_dagrun for example_short_circuit_decorator to 2026-03-27 00:00:00+00:00, run_after=2026-03-28 00:00:00+00:00
[2026-03-28T19:38:58.611+0500] {processor.py:183} INFO - Processing /home/abayturar/airflow-project/venv/lib/python3.12/site-packages/airflow/example_dags/example_short_circuit_decorator.py took 0.085 seconds
[2026-03-28T19:39:42.721+0500] {processor.py:161} INFO - Started process (PID=31345) to work on /home/abayturar/airflow-project/venv/lib/python3.12/site-packages/airflow/example_dags/example_short_circuit_decorator.py
[2026-03-28T19:39:42.722+0500] {processor.py:830} INFO - Processing file /home/abayturar/airflow-project/venv/lib/python3.12/site-packages/airflow/example_dags/example_short_circuit_decorator.py for tasks to queue
[2026-03-28T19:39:42.723+0500] {logging_mixin.py:188} INFO - [2026-03-28T19:39:42.723+0500] {dagbag.py:545} INFO - Filling up the DagBag from /home/abayturar/airflow-project/venv/lib/python3.12/site-packages/airflow/example_dags/example_short_circuit_decorator.py
[2026-03-28T19:39:42.732+0500] {processor.py:840} INFO - DAG(s) 'example_short_circuit_decorator' retrieved from /home/abayturar/airflow-project/venv/lib/python3.12/site-packages/airflow/example_dags/example_short_circuit_decorator.py
[2026-03-28T19:39:42.750+0500] {logging_mixin.py:188} INFO - [2026-03-28T19:39:42.750+0500] {dag.py:3089} INFO - Sync 1 DAGs
[2026-03-28T19:39:42.763+0500] {logging_mixin.py:188} INFO - [2026-03-28T19:39:42.763+0500] {dag.py:3947} INFO - Setting next_dagrun for example_short_circuit_decorator to 2026-03-27 00:00:00+00:00, run_after=2026-03-28 00:00:00+00:00
[2026-03-28T19:39:42.790+0500] {processor.py:183} INFO - Processing /home/abayturar/airflow-project/venv/lib/python3.12/site-packages/airflow/example_dags/example_short_circuit_decorator.py took 0.075 seconds
[2026-03-28T19:40:30.131+0500] {processor.py:161} INFO - Started process (PID=31470) to work on /home/abayturar/airflow-project/venv/lib/python3.12/site-packages/airflow/example_dags/example_short_circuit_decorator.py
[2026-03-28T19:40:30.132+0500] {processor.py:830} INFO - Processing file /home/abayturar/airflow-project/venv/lib/python3.12/site-packages/airflow/example_dags/example_short_circuit_decorator.py for tasks to queue
[2026-03-28T19:40:30.134+0500] {logging_mixin.py:188} INFO - [2026-03-28T19:40:30.133+0500] {dagbag.py:545} INFO - Filling up the DagBag from /home/abayturar/airflow-project/venv/lib/python3.12/site-packages/airflow/example_dags/example_short_circuit_decorator.py
[2026-03-28T19:40:30.142+0500] {processor.py:840} INFO - DAG(s) 'example_short_circuit_decorator' retrieved from /home/abayturar/airflow-project/venv/lib/python3.12/site-packages/airflow/example_dags/example_short_circuit_decorator.py
[2026-03-28T19:40:30.158+0500] {logging_mixin.py:188} INFO - [2026-03-28T19:40:30.158+0500] {dag.py:3089} INFO - Sync 1 DAGs
[2026-03-28T19:40:30.172+0500] {logging_mixin.py:188} INFO - [2026-03-28T19:40:30.171+0500] {dag.py:3947} INFO - Setting next_dagrun for example_short_circuit_decorator to 2026-03-27 00:00:00+00:00, run_after=2026-03-28 00:00:00+00:00
[2026-03-28T19:40:30.187+0500] {processor.py:183} INFO - Processing /home/abayturar/airflow-project/venv/lib/python3.12/site-packages/airflow/example_dags/example_short_circuit_decorator.py took 0.061 seconds
[2026-03-28T19:41:13.576+0500] {processor.py:161} INFO - Started process (PID=31589) to work on /home/abayturar/airflow-project/venv/lib/python3.12/site-packages/airflow/example_dags/example_short_circuit_decorator.py
[2026-03-28T19:41:13.577+0500] {processor.py:830} INFO - Processing file /home/abayturar/airflow-project/venv/lib/python3.12/site-packages/airflow/example_dags/example_short_circuit_decorator.py for tasks to queue
[2026-03-28T19:41:13.579+0500] {logging_mixin.py:188} INFO - [2026-03-28T19:41:13.578+0500] {dagbag.py:545} INFO - Filling up the DagBag from /home/abayturar/airflow-project/venv/lib/python3.12/site-packages/airflow/example_dags/example_short_circuit_decorator.py
[2026-03-28T19:41:13.587+0500] {processor.py:840} INFO - DAG(s) 'example_short_circuit_decorator' retrieved from /home/abayturar/airflow-project/venv/lib/python3.12/site-packages/airflow/example_dags/example_short_circuit_decorator.py
[2026-03-28T19:41:13.604+0500] {logging_mixin.py:188} INFO - [2026-03-28T19:41:13.604+0500] {dag.py:3089} INFO - Sync 1 DAGs
[2026-03-28T19:41:13.618+0500] {logging_mixin.py:188} INFO - [2026-03-28T19:41:13.618+0500] {dag.py:3947} INFO - Setting next_dagrun for example_short_circuit_decorator to 2026-03-27 00:00:00+00:00, run_after=2026-03-28 00:00:00+00:00
[2026-03-28T19:41:13.645+0500] {processor.py:183} INFO - Processing /home/abayturar/airflow-project/venv/lib/python3.12/site-packages/airflow/example_dags/example_short_circuit_decorator.py took 0.074 seconds
[2026-03-28T19:41:59.447+0500] {processor.py:161} INFO - Started process (PID=31710) to work on /home/abayturar/airflow-project/venv/lib/python3.12/site-packages/airflow/example_dags/example_short_circuit_decorator.py
[2026-03-28T19:41:59.448+0500] {processor.py:830} INFO - Processing file /home/abayturar/airflow-project/venv/lib/python3.12/site-packages/airflow/example_dags/example_short_circuit_decorator.py for tasks to queue
[2026-03-28T19:41:59.450+0500] {logging_mixin.py:188} INFO - [2026-03-28T19:41:59.450+0500] {dagbag.py:545} INFO - Filling up the DagBag from /home/abayturar/airflow-project/venv/lib/python3.12/site-packages/airflow/example_dags/example_short_circuit_decorator.py
[2026-03-28T19:41:59.459+0500] {processor.py:840} INFO - DAG(s) 'example_short_circuit_decorator' retrieved from /home/abayturar/airflow-project/venv/lib/python3.12/site-packages/airflow/example_dags/example_short_circuit_decorator.py
[2026-03-28T19:41:59.477+0500] {logging_mixin.py:188} INFO - [2026-03-28T19:41:59.477+0500] {dag.py:3089} INFO - Sync 1 DAGs
[2026-03-28T19:41:59.493+0500] {logging_mixin.py:188} INFO - [2026-03-28T19:41:59.492+0500] {dag.py:3947} INFO - Setting next_dagrun for example_short_circuit_decorator to 2026-03-27 00:00:00+00:00, run_after=2026-03-28 00:00:00+00:00
[2026-03-28T19:41:59.509+0500] {processor.py:183} INFO - Processing /home/abayturar/airflow-project/venv/lib/python3.12/site-packages/airflow/example_dags/example_short_circuit_decorator.py took 0.067 seconds
[2026-03-28T19:42:49.069+0500] {processor.py:161} INFO - Started process (PID=31843) to work on /home/abayturar/airflow-project/venv/lib/python3.12/site-packages/airflow/example_dags/example_short_circuit_decorator.py
[2026-03-28T19:42:49.070+0500] {processor.py:830} INFO - Processing file /home/abayturar/airflow-project/venv/lib/python3.12/site-packages/airflow/example_dags/example_short_circuit_decorator.py for tasks to queue
[2026-03-28T19:42:49.071+0500] {logging_mixin.py:188} INFO - [2026-03-28T19:42:49.071+0500] {dagbag.py:545} INFO - Filling up the DagBag from /home/abayturar/airflow-project/venv/lib/python3.12/site-packages/airflow/example_dags/example_short_circuit_decorator.py
[2026-03-28T19:42:49.079+0500] {processor.py:840} INFO - DAG(s) 'example_short_circuit_decorator' retrieved from /home/abayturar/airflow-project/venv/lib/python3.12/site-packages/airflow/example_dags/example_short_circuit_decorator.py
[2026-03-28T19:42:49.096+0500] {logging_mixin.py:188} INFO - [2026-03-28T19:42:49.096+0500] {dag.py:3089} INFO - Sync 1 DAGs
[2026-03-28T19:42:49.110+0500] {logging_mixin.py:188} INFO - [2026-03-28T19:42:49.110+0500] {dag.py:3947} INFO - Setting next_dagrun for example_short_circuit_decorator to 2026-03-27 00:00:00+00:00, run_after=2026-03-28 00:00:00+00:00
[2026-03-28T19:42:49.137+0500] {processor.py:183} INFO - Processing /home/abayturar/airflow-project/venv/lib/python3.12/site-packages/airflow/example_dags/example_short_circuit_decorator.py took 0.074 seconds
[2026-03-28T19:43:40.445+0500] {processor.py:161} INFO - Started process (PID=31979) to work on /home/abayturar/airflow-project/venv/lib/python3.12/site-packages/airflow/example_dags/example_short_circuit_decorator.py
[2026-03-28T19:43:40.446+0500] {processor.py:830} INFO - Processing file /home/abayturar/airflow-project/venv/lib/python3.12/site-packages/airflow/example_dags/example_short_circuit_decorator.py for tasks to queue
[2026-03-28T19:43:40.447+0500] {logging_mixin.py:188} INFO - [2026-03-28T19:43:40.447+0500] {dagbag.py:545} INFO - Filling up the DagBag from /home/abayturar/airflow-project/venv/lib/python3.12/site-packages/airflow/example_dags/example_short_circuit_decorator.py
[2026-03-28T19:43:40.457+0500] {processor.py:840} INFO - DAG(s) 'example_short_circuit_decorator' retrieved from /home/abayturar/airflow-project/venv/lib/python3.12/site-packages/airflow/example_dags/example_short_circuit_decorator.py
[2026-03-28T19:43:40.475+0500] {logging_mixin.py:188} INFO - [2026-03-28T19:43:40.475+0500] {dag.py:3089} INFO - Sync 1 DAGs
[2026-03-28T19:43:40.490+0500] {logging_mixin.py:188} INFO - [2026-03-28T19:43:40.490+0500] {dag.py:3947} INFO - Setting next_dagrun for example_short_circuit_decorator to 2026-03-27 00:00:00+00:00, run_after=2026-03-28 00:00:00+00:00
[2026-03-28T19:43:40.508+0500] {processor.py:183} INFO - Processing /home/abayturar/airflow-project/venv/lib/python3.12/site-packages/airflow/example_dags/example_short_circuit_decorator.py took 0.070 seconds
[2026-03-28T19:44:25.013+0500] {processor.py:161} INFO - Started process (PID=32101) to work on /home/abayturar/airflow-project/venv/lib/python3.12/site-packages/airflow/example_dags/example_short_circuit_decorator.py
[2026-03-28T19:44:25.014+0500] {processor.py:830} INFO - Processing file /home/abayturar/airflow-project/venv/lib/python3.12/site-packages/airflow/example_dags/example_short_circuit_decorator.py for tasks to queue
[2026-03-28T19:44:25.016+0500] {logging_mixin.py:188} INFO - [2026-03-28T19:44:25.016+0500] {dagbag.py:545} INFO - Filling up the DagBag from /home/abayturar/airflow-project/venv/lib/python3.12/site-packages/airflow/example_dags/example_short_circuit_decorator.py
[2026-03-28T19:44:25.024+0500] {processor.py:840} INFO - DAG(s) 'example_short_circuit_decorator' retrieved from /home/abayturar/airflow-project/venv/lib/python3.12/site-packages/airflow/example_dags/example_short_circuit_decorator.py
[2026-03-28T19:44:25.041+0500] {logging_mixin.py:188} INFO - [2026-03-28T19:44:25.041+0500] {dag.py:3089} INFO - Sync 1 DAGs
[2026-03-28T19:44:25.054+0500] {logging_mixin.py:188} INFO - [2026-03-28T19:44:25.054+0500] {dag.py:3947} INFO - Setting next_dagrun for example_short_circuit_decorator to 2026-03-27 00:00:00+00:00, run_after=2026-03-28 00:00:00+00:00
[2026-03-28T19:44:25.080+0500] {processor.py:183} INFO - Processing /home/abayturar/airflow-project/venv/lib/python3.12/site-packages/airflow/example_dags/example_short_circuit_decorator.py took 0.073 seconds
