[2026-03-28T15:21:39.055+0500] {processor.py:161} INFO - Started process (PID=11898) to work on /home/abayturar/airflow-project/venv/lib/python3.12/site-packages/airflow/example_dags/example_dag_decorator.py
[2026-03-28T15:21:39.061+0500] {processor.py:830} INFO - Processing file /home/abayturar/airflow-project/venv/lib/python3.12/site-packages/airflow/example_dags/example_dag_decorator.py for tasks to queue
[2026-03-28T15:21:39.063+0500] {logging_mixin.py:188} INFO - [2026-03-28T15:21:39.062+0500] {dagbag.py:545} INFO - Filling up the DagBag from /home/abayturar/airflow-project/venv/lib/python3.12/site-packages/airflow/example_dags/example_dag_decorator.py
[2026-03-28T15:21:39.141+0500] {processor.py:840} INFO - DAG(s) 'example_dag_decorator' retrieved from /home/abayturar/airflow-project/venv/lib/python3.12/site-packages/airflow/example_dags/example_dag_decorator.py
[2026-03-28T15:21:39.230+0500] {logging_mixin.py:188} INFO - [2026-03-28T15:21:39.230+0500] {override.py:1858} INFO - Created Permission View: can edit on DAG:example_dag_decorator
[2026-03-28T15:21:39.238+0500] {logging_mixin.py:188} INFO - [2026-03-28T15:21:39.237+0500] {override.py:1858} INFO - Created Permission View: can read on DAG:example_dag_decorator
[2026-03-28T15:21:39.243+0500] {logging_mixin.py:188} INFO - [2026-03-28T15:21:39.243+0500] {override.py:1858} INFO - Created Permission View: can delete on DAG:example_dag_decorator
[2026-03-28T15:21:39.243+0500] {logging_mixin.py:188} INFO - [2026-03-28T15:21:39.243+0500] {dag.py:3089} INFO - Sync 1 DAGs
[2026-03-28T15:21:39.251+0500] {logging_mixin.py:188} INFO - [2026-03-28T15:21:39.251+0500] {dag.py:3111} INFO - Creating ORM DAG for example_dag_decorator
[2026-03-28T15:21:39.251+0500] {logging_mixin.py:188} INFO - [2026-03-28T15:21:39.251+0500] {dag.py:3947} INFO - Setting next_dagrun for example_dag_decorator to None, run_after=None
[2026-03-28T15:21:39.266+0500] {processor.py:183} INFO - Processing /home/abayturar/airflow-project/venv/lib/python3.12/site-packages/airflow/example_dags/example_dag_decorator.py took 0.217 seconds
[2026-03-28T15:22:36.722+0500] {processor.py:161} INFO - Started process (PID=12067) to work on /home/abayturar/airflow-project/venv/lib/python3.12/site-packages/airflow/example_dags/example_dag_decorator.py
[2026-03-28T15:22:36.723+0500] {processor.py:830} INFO - Processing file /home/abayturar/airflow-project/venv/lib/python3.12/site-packages/airflow/example_dags/example_dag_decorator.py for tasks to queue
[2026-03-28T15:22:36.724+0500] {logging_mixin.py:188} INFO - [2026-03-28T15:22:36.724+0500] {dagbag.py:545} INFO - Filling up the DagBag from /home/abayturar/airflow-project/venv/lib/python3.12/site-packages/airflow/example_dags/example_dag_decorator.py
[2026-03-28T15:22:36.803+0500] {processor.py:840} INFO - DAG(s) 'example_dag_decorator' retrieved from /home/abayturar/airflow-project/venv/lib/python3.12/site-packages/airflow/example_dags/example_dag_decorator.py
[2026-03-28T15:22:36.889+0500] {logging_mixin.py:188} INFO - [2026-03-28T15:22:36.889+0500] {dag.py:3089} INFO - Sync 1 DAGs
[2026-03-28T15:22:36.896+0500] {logging_mixin.py:188} INFO - [2026-03-28T15:22:36.896+0500] {dag.py:3947} INFO - Setting next_dagrun for example_dag_decorator to None, run_after=None
[2026-03-28T15:22:36.913+0500] {processor.py:183} INFO - Processing /home/abayturar/airflow-project/venv/lib/python3.12/site-packages/airflow/example_dags/example_dag_decorator.py took 0.197 seconds
[2026-03-28T15:23:31.251+0500] {processor.py:161} INFO - Started process (PID=12226) to work on /home/abayturar/airflow-project/venv/lib/python3.12/site-packages/airflow/example_dags/example_dag_decorator.py
[2026-03-28T15:23:31.252+0500] {processor.py:830} INFO - Processing file /home/abayturar/airflow-project/venv/lib/python3.12/site-packages/airflow/example_dags/example_dag_decorator.py for tasks to queue
[2026-03-28T15:23:31.254+0500] {logging_mixin.py:188} INFO - [2026-03-28T15:23:31.254+0500] {dagbag.py:545} INFO - Filling up the DagBag from /home/abayturar/airflow-project/venv/lib/python3.12/site-packages/airflow/example_dags/example_dag_decorator.py
[2026-03-28T15:23:31.339+0500] {processor.py:840} INFO - DAG(s) 'example_dag_decorator' retrieved from /home/abayturar/airflow-project/venv/lib/python3.12/site-packages/airflow/example_dags/example_dag_decorator.py
[2026-03-28T15:23:31.431+0500] {logging_mixin.py:188} INFO - [2026-03-28T15:23:31.431+0500] {dag.py:3089} INFO - Sync 1 DAGs
[2026-03-28T15:23:31.440+0500] {logging_mixin.py:188} INFO - [2026-03-28T15:23:31.440+0500] {dag.py:3947} INFO - Setting next_dagrun for example_dag_decorator to None, run_after=None
[2026-03-28T15:23:31.472+0500] {processor.py:183} INFO - Processing /home/abayturar/airflow-project/venv/lib/python3.12/site-packages/airflow/example_dags/example_dag_decorator.py took 0.227 seconds
[2026-03-28T15:24:21.584+0500] {processor.py:161} INFO - Started process (PID=12370) to work on /home/abayturar/airflow-project/venv/lib/python3.12/site-packages/airflow/example_dags/example_dag_decorator.py
[2026-03-28T15:24:21.585+0500] {processor.py:830} INFO - Processing file /home/abayturar/airflow-project/venv/lib/python3.12/site-packages/airflow/example_dags/example_dag_decorator.py for tasks to queue
[2026-03-28T15:24:21.587+0500] {logging_mixin.py:188} INFO - [2026-03-28T15:24:21.586+0500] {dagbag.py:545} INFO - Filling up the DagBag from /home/abayturar/airflow-project/venv/lib/python3.12/site-packages/airflow/example_dags/example_dag_decorator.py
[2026-03-28T15:24:21.668+0500] {processor.py:840} INFO - DAG(s) 'example_dag_decorator' retrieved from /home/abayturar/airflow-project/venv/lib/python3.12/site-packages/airflow/example_dags/example_dag_decorator.py
[2026-03-28T15:24:21.757+0500] {logging_mixin.py:188} INFO - [2026-03-28T15:24:21.756+0500] {dag.py:3089} INFO - Sync 1 DAGs
[2026-03-28T15:24:21.763+0500] {logging_mixin.py:188} INFO - [2026-03-28T15:24:21.763+0500] {dag.py:3947} INFO - Setting next_dagrun for example_dag_decorator to None, run_after=None
[2026-03-28T15:24:21.790+0500] {processor.py:183} INFO - Processing /home/abayturar/airflow-project/venv/lib/python3.12/site-packages/airflow/example_dags/example_dag_decorator.py took 0.212 seconds
[2026-03-28T15:27:24.215+0500] {processor.py:161} INFO - Started process (PID=12841) to work on /home/abayturar/airflow-project/venv/lib/python3.12/site-packages/airflow/example_dags/example_dag_decorator.py
[2026-03-28T15:27:24.216+0500] {processor.py:830} INFO - Processing file /home/abayturar/airflow-project/venv/lib/python3.12/site-packages/airflow/example_dags/example_dag_decorator.py for tasks to queue
[2026-03-28T15:27:24.218+0500] {logging_mixin.py:188} INFO - [2026-03-28T15:27:24.217+0500] {dagbag.py:545} INFO - Filling up the DagBag from /home/abayturar/airflow-project/venv/lib/python3.12/site-packages/airflow/example_dags/example_dag_decorator.py
[2026-03-28T15:27:24.289+0500] {processor.py:840} INFO - DAG(s) 'example_dag_decorator' retrieved from /home/abayturar/airflow-project/venv/lib/python3.12/site-packages/airflow/example_dags/example_dag_decorator.py
[2026-03-28T15:27:24.367+0500] {logging_mixin.py:188} INFO - [2026-03-28T15:27:24.367+0500] {dag.py:3089} INFO - Sync 1 DAGs
[2026-03-28T15:27:24.374+0500] {logging_mixin.py:188} INFO - [2026-03-28T15:27:24.373+0500] {dag.py:3947} INFO - Setting next_dagrun for example_dag_decorator to None, run_after=None
[2026-03-28T15:27:24.391+0500] {processor.py:183} INFO - Processing /home/abayturar/airflow-project/venv/lib/python3.12/site-packages/airflow/example_dags/example_dag_decorator.py took 0.181 seconds
[2026-03-28T18:17:59.996+0500] {processor.py:161} INFO - Started process (PID=17971) to work on /home/abayturar/airflow-project/venv/lib/python3.12/site-packages/airflow/example_dags/example_dag_decorator.py
[2026-03-28T18:17:59.997+0500] {processor.py:830} INFO - Processing file /home/abayturar/airflow-project/venv/lib/python3.12/site-packages/airflow/example_dags/example_dag_decorator.py for tasks to queue
[2026-03-28T18:17:59.999+0500] {logging_mixin.py:188} INFO - [2026-03-28T18:17:59.999+0500] {dagbag.py:545} INFO - Filling up the DagBag from /home/abayturar/airflow-project/venv/lib/python3.12/site-packages/airflow/example_dags/example_dag_decorator.py
[2026-03-28T18:18:00.078+0500] {processor.py:840} INFO - DAG(s) 'example_dag_decorator' retrieved from /home/abayturar/airflow-project/venv/lib/python3.12/site-packages/airflow/example_dags/example_dag_decorator.py
[2026-03-28T18:18:00.175+0500] {logging_mixin.py:188} INFO - [2026-03-28T18:18:00.174+0500] {override.py:1858} INFO - Created Permission View: can edit on DAG:example_dag_decorator
[2026-03-28T18:18:00.182+0500] {logging_mixin.py:188} INFO - [2026-03-28T18:18:00.182+0500] {override.py:1858} INFO - Created Permission View: can delete on DAG:example_dag_decorator
[2026-03-28T18:18:00.188+0500] {logging_mixin.py:188} INFO - [2026-03-28T18:18:00.188+0500] {override.py:1858} INFO - Created Permission View: can read on DAG:example_dag_decorator
[2026-03-28T18:18:00.188+0500] {logging_mixin.py:188} INFO - [2026-03-28T18:18:00.188+0500] {dag.py:3089} INFO - Sync 1 DAGs
[2026-03-28T18:18:00.194+0500] {logging_mixin.py:188} INFO - [2026-03-28T18:18:00.194+0500] {dag.py:3111} INFO - Creating ORM DAG for example_dag_decorator
[2026-03-28T18:18:00.195+0500] {logging_mixin.py:188} INFO - [2026-03-28T18:18:00.195+0500] {dag.py:3947} INFO - Setting next_dagrun for example_dag_decorator to None, run_after=None
[2026-03-28T18:18:00.208+0500] {processor.py:183} INFO - Processing /home/abayturar/airflow-project/venv/lib/python3.12/site-packages/airflow/example_dags/example_dag_decorator.py took 0.217 seconds
[2026-03-28T18:18:59.915+0500] {processor.py:161} INFO - Started process (PID=18149) to work on /home/abayturar/airflow-project/venv/lib/python3.12/site-packages/airflow/example_dags/example_dag_decorator.py
[2026-03-28T18:18:59.916+0500] {processor.py:830} INFO - Processing file /home/abayturar/airflow-project/venv/lib/python3.12/site-packages/airflow/example_dags/example_dag_decorator.py for tasks to queue
[2026-03-28T18:18:59.918+0500] {logging_mixin.py:188} INFO - [2026-03-28T18:18:59.917+0500] {dagbag.py:545} INFO - Filling up the DagBag from /home/abayturar/airflow-project/venv/lib/python3.12/site-packages/airflow/example_dags/example_dag_decorator.py
[2026-03-28T18:18:59.992+0500] {processor.py:840} INFO - DAG(s) 'example_dag_decorator' retrieved from /home/abayturar/airflow-project/venv/lib/python3.12/site-packages/airflow/example_dags/example_dag_decorator.py
[2026-03-28T18:19:00.089+0500] {logging_mixin.py:188} INFO - [2026-03-28T18:19:00.089+0500] {dag.py:3089} INFO - Sync 1 DAGs
[2026-03-28T18:19:00.097+0500] {logging_mixin.py:188} INFO - [2026-03-28T18:19:00.097+0500] {dag.py:3947} INFO - Setting next_dagrun for example_dag_decorator to None, run_after=None
[2026-03-28T18:19:00.128+0500] {processor.py:183} INFO - Processing /home/abayturar/airflow-project/venv/lib/python3.12/site-packages/airflow/example_dags/example_dag_decorator.py took 0.219 seconds
[2026-03-28T18:22:44.850+0500] {processor.py:161} INFO - Started process (PID=18657) to work on /home/abayturar/airflow-project/venv/lib/python3.12/site-packages/airflow/example_dags/example_dag_decorator.py
[2026-03-28T18:22:44.851+0500] {processor.py:830} INFO - Processing file /home/abayturar/airflow-project/venv/lib/python3.12/site-packages/airflow/example_dags/example_dag_decorator.py for tasks to queue
[2026-03-28T18:22:44.854+0500] {logging_mixin.py:188} INFO - [2026-03-28T18:22:44.853+0500] {dagbag.py:545} INFO - Filling up the DagBag from /home/abayturar/airflow-project/venv/lib/python3.12/site-packages/airflow/example_dags/example_dag_decorator.py
[2026-03-28T18:22:44.933+0500] {processor.py:840} INFO - DAG(s) 'example_dag_decorator' retrieved from /home/abayturar/airflow-project/venv/lib/python3.12/site-packages/airflow/example_dags/example_dag_decorator.py
[2026-03-28T18:22:45.020+0500] {logging_mixin.py:188} INFO - [2026-03-28T18:22:45.020+0500] {dag.py:3089} INFO - Sync 1 DAGs
[2026-03-28T18:22:45.027+0500] {logging_mixin.py:188} INFO - [2026-03-28T18:22:45.027+0500] {dag.py:3947} INFO - Setting next_dagrun for example_dag_decorator to None, run_after=None
[2026-03-28T18:22:45.058+0500] {processor.py:183} INFO - Processing /home/abayturar/airflow-project/venv/lib/python3.12/site-packages/airflow/example_dags/example_dag_decorator.py took 0.214 seconds
[2026-03-28T18:23:38.100+0500] {processor.py:161} INFO - Started process (PID=18799) to work on /home/abayturar/airflow-project/venv/lib/python3.12/site-packages/airflow/example_dags/example_dag_decorator.py
[2026-03-28T18:23:38.101+0500] {processor.py:830} INFO - Processing file /home/abayturar/airflow-project/venv/lib/python3.12/site-packages/airflow/example_dags/example_dag_decorator.py for tasks to queue
[2026-03-28T18:23:38.103+0500] {logging_mixin.py:188} INFO - [2026-03-28T18:23:38.102+0500] {dagbag.py:545} INFO - Filling up the DagBag from /home/abayturar/airflow-project/venv/lib/python3.12/site-packages/airflow/example_dags/example_dag_decorator.py
[2026-03-28T18:23:38.208+0500] {processor.py:840} INFO - DAG(s) 'example_dag_decorator' retrieved from /home/abayturar/airflow-project/venv/lib/python3.12/site-packages/airflow/example_dags/example_dag_decorator.py
[2026-03-28T18:23:38.300+0500] {logging_mixin.py:188} INFO - [2026-03-28T18:23:38.300+0500] {dag.py:3089} INFO - Sync 1 DAGs
[2026-03-28T18:23:38.307+0500] {logging_mixin.py:188} INFO - [2026-03-28T18:23:38.307+0500] {dag.py:3947} INFO - Setting next_dagrun for example_dag_decorator to None, run_after=None
[2026-03-28T18:23:38.341+0500] {processor.py:183} INFO - Processing /home/abayturar/airflow-project/venv/lib/python3.12/site-packages/airflow/example_dags/example_dag_decorator.py took 0.246 seconds
[2026-03-28T18:24:49.644+0500] {processor.py:161} INFO - Started process (PID=18990) to work on /home/abayturar/airflow-project/venv/lib/python3.12/site-packages/airflow/example_dags/example_dag_decorator.py
[2026-03-28T18:24:49.645+0500] {processor.py:830} INFO - Processing file /home/abayturar/airflow-project/venv/lib/python3.12/site-packages/airflow/example_dags/example_dag_decorator.py for tasks to queue
[2026-03-28T18:24:49.647+0500] {logging_mixin.py:188} INFO - [2026-03-28T18:24:49.646+0500] {dagbag.py:545} INFO - Filling up the DagBag from /home/abayturar/airflow-project/venv/lib/python3.12/site-packages/airflow/example_dags/example_dag_decorator.py
[2026-03-28T18:24:49.730+0500] {processor.py:840} INFO - DAG(s) 'example_dag_decorator' retrieved from /home/abayturar/airflow-project/venv/lib/python3.12/site-packages/airflow/example_dags/example_dag_decorator.py
[2026-03-28T18:24:49.864+0500] {logging_mixin.py:188} INFO - [2026-03-28T18:24:49.864+0500] {dag.py:3089} INFO - Sync 1 DAGs
[2026-03-28T18:24:49.872+0500] {logging_mixin.py:188} INFO - [2026-03-28T18:24:49.872+0500] {dag.py:3947} INFO - Setting next_dagrun for example_dag_decorator to None, run_after=None
[2026-03-28T18:24:49.891+0500] {processor.py:183} INFO - Processing /home/abayturar/airflow-project/venv/lib/python3.12/site-packages/airflow/example_dags/example_dag_decorator.py took 0.253 seconds
[2026-03-28T18:25:57.409+0500] {processor.py:161} INFO - Started process (PID=19171) to work on /home/abayturar/airflow-project/venv/lib/python3.12/site-packages/airflow/example_dags/example_dag_decorator.py
[2026-03-28T18:25:57.410+0500] {processor.py:830} INFO - Processing file /home/abayturar/airflow-project/venv/lib/python3.12/site-packages/airflow/example_dags/example_dag_decorator.py for tasks to queue
[2026-03-28T18:25:57.412+0500] {logging_mixin.py:188} INFO - [2026-03-28T18:25:57.411+0500] {dagbag.py:545} INFO - Filling up the DagBag from /home/abayturar/airflow-project/venv/lib/python3.12/site-packages/airflow/example_dags/example_dag_decorator.py
[2026-03-28T18:25:57.488+0500] {processor.py:840} INFO - DAG(s) 'example_dag_decorator' retrieved from /home/abayturar/airflow-project/venv/lib/python3.12/site-packages/airflow/example_dags/example_dag_decorator.py
[2026-03-28T18:25:57.572+0500] {logging_mixin.py:188} INFO - [2026-03-28T18:25:57.572+0500] {dag.py:3089} INFO - Sync 1 DAGs
[2026-03-28T18:25:57.578+0500] {logging_mixin.py:188} INFO - [2026-03-28T18:25:57.578+0500] {dag.py:3947} INFO - Setting next_dagrun for example_dag_decorator to None, run_after=None
[2026-03-28T18:25:57.604+0500] {processor.py:183} INFO - Processing /home/abayturar/airflow-project/venv/lib/python3.12/site-packages/airflow/example_dags/example_dag_decorator.py took 0.201 seconds
[2026-03-28T18:27:08.918+0500] {processor.py:161} INFO - Started process (PID=19365) to work on /home/abayturar/airflow-project/venv/lib/python3.12/site-packages/airflow/example_dags/example_dag_decorator.py
[2026-03-28T18:27:08.919+0500] {processor.py:830} INFO - Processing file /home/abayturar/airflow-project/venv/lib/python3.12/site-packages/airflow/example_dags/example_dag_decorator.py for tasks to queue
[2026-03-28T18:27:08.921+0500] {logging_mixin.py:188} INFO - [2026-03-28T18:27:08.920+0500] {dagbag.py:545} INFO - Filling up the DagBag from /home/abayturar/airflow-project/venv/lib/python3.12/site-packages/airflow/example_dags/example_dag_decorator.py
[2026-03-28T18:27:09.000+0500] {processor.py:840} INFO - DAG(s) 'example_dag_decorator' retrieved from /home/abayturar/airflow-project/venv/lib/python3.12/site-packages/airflow/example_dags/example_dag_decorator.py
[2026-03-28T18:27:09.196+0500] {logging_mixin.py:188} INFO - [2026-03-28T18:27:09.196+0500] {dag.py:3089} INFO - Sync 1 DAGs
[2026-03-28T18:27:09.201+0500] {logging_mixin.py:188} INFO - [2026-03-28T18:27:09.201+0500] {dag.py:3947} INFO - Setting next_dagrun for example_dag_decorator to None, run_after=None
[2026-03-28T18:27:09.225+0500] {processor.py:183} INFO - Processing /home/abayturar/airflow-project/venv/lib/python3.12/site-packages/airflow/example_dags/example_dag_decorator.py took 0.313 seconds
[2026-03-28T18:28:06.009+0500] {processor.py:161} INFO - Started process (PID=19531) to work on /home/abayturar/airflow-project/venv/lib/python3.12/site-packages/airflow/example_dags/example_dag_decorator.py
[2026-03-28T18:28:06.009+0500] {processor.py:830} INFO - Processing file /home/abayturar/airflow-project/venv/lib/python3.12/site-packages/airflow/example_dags/example_dag_decorator.py for tasks to queue
[2026-03-28T18:28:06.011+0500] {logging_mixin.py:188} INFO - [2026-03-28T18:28:06.011+0500] {dagbag.py:545} INFO - Filling up the DagBag from /home/abayturar/airflow-project/venv/lib/python3.12/site-packages/airflow/example_dags/example_dag_decorator.py
[2026-03-28T18:28:06.096+0500] {processor.py:840} INFO - DAG(s) 'example_dag_decorator' retrieved from /home/abayturar/airflow-project/venv/lib/python3.12/site-packages/airflow/example_dags/example_dag_decorator.py
[2026-03-28T18:28:06.292+0500] {logging_mixin.py:188} INFO - [2026-03-28T18:28:06.292+0500] {dag.py:3089} INFO - Sync 1 DAGs
[2026-03-28T18:28:06.298+0500] {logging_mixin.py:188} INFO - [2026-03-28T18:28:06.298+0500] {dag.py:3947} INFO - Setting next_dagrun for example_dag_decorator to None, run_after=None
[2026-03-28T18:28:06.314+0500] {processor.py:183} INFO - Processing /home/abayturar/airflow-project/venv/lib/python3.12/site-packages/airflow/example_dags/example_dag_decorator.py took 0.312 seconds
[2026-03-28T18:29:23.102+0500] {processor.py:161} INFO - Started process (PID=19726) to work on /home/abayturar/airflow-project/venv/lib/python3.12/site-packages/airflow/example_dags/example_dag_decorator.py
[2026-03-28T18:29:23.103+0500] {processor.py:830} INFO - Processing file /home/abayturar/airflow-project/venv/lib/python3.12/site-packages/airflow/example_dags/example_dag_decorator.py for tasks to queue
[2026-03-28T18:29:23.105+0500] {logging_mixin.py:188} INFO - [2026-03-28T18:29:23.105+0500] {dagbag.py:545} INFO - Filling up the DagBag from /home/abayturar/airflow-project/venv/lib/python3.12/site-packages/airflow/example_dags/example_dag_decorator.py
[2026-03-28T18:29:23.183+0500] {processor.py:840} INFO - DAG(s) 'example_dag_decorator' retrieved from /home/abayturar/airflow-project/venv/lib/python3.12/site-packages/airflow/example_dags/example_dag_decorator.py
[2026-03-28T18:29:23.200+0500] {logging_mixin.py:188} INFO - [2026-03-28T18:29:23.200+0500] {dag.py:3089} INFO - Sync 1 DAGs
[2026-03-28T18:29:23.208+0500] {logging_mixin.py:188} INFO - [2026-03-28T18:29:23.208+0500] {dag.py:3947} INFO - Setting next_dagrun for example_dag_decorator to None, run_after=None
[2026-03-28T18:29:23.235+0500] {processor.py:183} INFO - Processing /home/abayturar/airflow-project/venv/lib/python3.12/site-packages/airflow/example_dags/example_dag_decorator.py took 0.140 seconds
[2026-03-28T18:30:13.618+0500] {processor.py:161} INFO - Started process (PID=19862) to work on /home/abayturar/airflow-project/venv/lib/python3.12/site-packages/airflow/example_dags/example_dag_decorator.py
[2026-03-28T18:30:13.619+0500] {processor.py:830} INFO - Processing file /home/abayturar/airflow-project/venv/lib/python3.12/site-packages/airflow/example_dags/example_dag_decorator.py for tasks to queue
[2026-03-28T18:30:13.621+0500] {logging_mixin.py:188} INFO - [2026-03-28T18:30:13.621+0500] {dagbag.py:545} INFO - Filling up the DagBag from /home/abayturar/airflow-project/venv/lib/python3.12/site-packages/airflow/example_dags/example_dag_decorator.py
[2026-03-28T18:30:13.753+0500] {processor.py:840} INFO - DAG(s) 'example_dag_decorator' retrieved from /home/abayturar/airflow-project/venv/lib/python3.12/site-packages/airflow/example_dags/example_dag_decorator.py
[2026-03-28T18:30:13.949+0500] {logging_mixin.py:188} INFO - [2026-03-28T18:30:13.949+0500] {dag.py:3089} INFO - Sync 1 DAGs
[2026-03-28T18:30:13.955+0500] {logging_mixin.py:188} INFO - [2026-03-28T18:30:13.954+0500] {dag.py:3947} INFO - Setting next_dagrun for example_dag_decorator to None, run_after=None
[2026-03-28T18:30:13.982+0500] {processor.py:183} INFO - Processing /home/abayturar/airflow-project/venv/lib/python3.12/site-packages/airflow/example_dags/example_dag_decorator.py took 0.370 seconds
[2026-03-28T18:31:21.496+0500] {processor.py:161} INFO - Started process (PID=20057) to work on /home/abayturar/airflow-project/venv/lib/python3.12/site-packages/airflow/example_dags/example_dag_decorator.py
[2026-03-28T18:31:21.497+0500] {processor.py:830} INFO - Processing file /home/abayturar/airflow-project/venv/lib/python3.12/site-packages/airflow/example_dags/example_dag_decorator.py for tasks to queue
[2026-03-28T18:31:21.500+0500] {logging_mixin.py:188} INFO - [2026-03-28T18:31:21.499+0500] {dagbag.py:545} INFO - Filling up the DagBag from /home/abayturar/airflow-project/venv/lib/python3.12/site-packages/airflow/example_dags/example_dag_decorator.py
[2026-03-28T18:31:21.582+0500] {processor.py:840} INFO - DAG(s) 'example_dag_decorator' retrieved from /home/abayturar/airflow-project/venv/lib/python3.12/site-packages/airflow/example_dags/example_dag_decorator.py
[2026-03-28T18:31:21.772+0500] {logging_mixin.py:188} INFO - [2026-03-28T18:31:21.772+0500] {dag.py:3089} INFO - Sync 1 DAGs
[2026-03-28T18:31:21.779+0500] {logging_mixin.py:188} INFO - [2026-03-28T18:31:21.779+0500] {dag.py:3947} INFO - Setting next_dagrun for example_dag_decorator to None, run_after=None
[2026-03-28T18:31:21.808+0500] {processor.py:183} INFO - Processing /home/abayturar/airflow-project/venv/lib/python3.12/site-packages/airflow/example_dags/example_dag_decorator.py took 0.318 seconds
[2026-03-28T18:32:27.256+0500] {processor.py:161} INFO - Started process (PID=20232) to work on /home/abayturar/airflow-project/venv/lib/python3.12/site-packages/airflow/example_dags/example_dag_decorator.py
[2026-03-28T18:32:27.257+0500] {processor.py:830} INFO - Processing file /home/abayturar/airflow-project/venv/lib/python3.12/site-packages/airflow/example_dags/example_dag_decorator.py for tasks to queue
[2026-03-28T18:32:27.259+0500] {logging_mixin.py:188} INFO - [2026-03-28T18:32:27.259+0500] {dagbag.py:545} INFO - Filling up the DagBag from /home/abayturar/airflow-project/venv/lib/python3.12/site-packages/airflow/example_dags/example_dag_decorator.py
[2026-03-28T18:32:27.331+0500] {processor.py:840} INFO - DAG(s) 'example_dag_decorator' retrieved from /home/abayturar/airflow-project/venv/lib/python3.12/site-packages/airflow/example_dags/example_dag_decorator.py
[2026-03-28T18:32:27.500+0500] {logging_mixin.py:188} INFO - [2026-03-28T18:32:27.500+0500] {dag.py:3089} INFO - Sync 1 DAGs
[2026-03-28T18:32:27.505+0500] {logging_mixin.py:188} INFO - [2026-03-28T18:32:27.505+0500] {dag.py:3947} INFO - Setting next_dagrun for example_dag_decorator to None, run_after=None
[2026-03-28T18:32:27.518+0500] {processor.py:183} INFO - Processing /home/abayturar/airflow-project/venv/lib/python3.12/site-packages/airflow/example_dags/example_dag_decorator.py took 0.268 seconds
[2026-03-28T18:33:43.232+0500] {processor.py:161} INFO - Started process (PID=20435) to work on /home/abayturar/airflow-project/venv/lib/python3.12/site-packages/airflow/example_dags/example_dag_decorator.py
[2026-03-28T18:33:43.233+0500] {processor.py:830} INFO - Processing file /home/abayturar/airflow-project/venv/lib/python3.12/site-packages/airflow/example_dags/example_dag_decorator.py for tasks to queue
[2026-03-28T18:33:43.235+0500] {logging_mixin.py:188} INFO - [2026-03-28T18:33:43.234+0500] {dagbag.py:545} INFO - Filling up the DagBag from /home/abayturar/airflow-project/venv/lib/python3.12/site-packages/airflow/example_dags/example_dag_decorator.py
[2026-03-28T18:33:43.304+0500] {processor.py:840} INFO - DAG(s) 'example_dag_decorator' retrieved from /home/abayturar/airflow-project/venv/lib/python3.12/site-packages/airflow/example_dags/example_dag_decorator.py
[2026-03-28T18:33:43.478+0500] {logging_mixin.py:188} INFO - [2026-03-28T18:33:43.478+0500] {dag.py:3089} INFO - Sync 1 DAGs
[2026-03-28T18:33:43.483+0500] {logging_mixin.py:188} INFO - [2026-03-28T18:33:43.483+0500] {dag.py:3947} INFO - Setting next_dagrun for example_dag_decorator to None, run_after=None
[2026-03-28T18:33:43.509+0500] {processor.py:183} INFO - Processing /home/abayturar/airflow-project/venv/lib/python3.12/site-packages/airflow/example_dags/example_dag_decorator.py took 0.282 seconds
[2026-03-28T18:34:34.762+0500] {processor.py:161} INFO - Started process (PID=20587) to work on /home/abayturar/airflow-project/venv/lib/python3.12/site-packages/airflow/example_dags/example_dag_decorator.py
[2026-03-28T18:34:34.763+0500] {processor.py:830} INFO - Processing file /home/abayturar/airflow-project/venv/lib/python3.12/site-packages/airflow/example_dags/example_dag_decorator.py for tasks to queue
[2026-03-28T18:34:34.765+0500] {logging_mixin.py:188} INFO - [2026-03-28T18:34:34.764+0500] {dagbag.py:545} INFO - Filling up the DagBag from /home/abayturar/airflow-project/venv/lib/python3.12/site-packages/airflow/example_dags/example_dag_decorator.py
[2026-03-28T18:34:34.840+0500] {processor.py:840} INFO - DAG(s) 'example_dag_decorator' retrieved from /home/abayturar/airflow-project/venv/lib/python3.12/site-packages/airflow/example_dags/example_dag_decorator.py
[2026-03-28T18:34:35.009+0500] {logging_mixin.py:188} INFO - [2026-03-28T18:34:35.008+0500] {dag.py:3089} INFO - Sync 1 DAGs
[2026-03-28T18:34:35.013+0500] {logging_mixin.py:188} INFO - [2026-03-28T18:34:35.013+0500] {dag.py:3947} INFO - Setting next_dagrun for example_dag_decorator to None, run_after=None
[2026-03-28T18:34:35.026+0500] {processor.py:183} INFO - Processing /home/abayturar/airflow-project/venv/lib/python3.12/site-packages/airflow/example_dags/example_dag_decorator.py took 0.269 seconds
[2026-03-28T18:35:25.419+0500] {processor.py:161} INFO - Started process (PID=20724) to work on /home/abayturar/airflow-project/venv/lib/python3.12/site-packages/airflow/example_dags/example_dag_decorator.py
[2026-03-28T18:35:25.420+0500] {processor.py:830} INFO - Processing file /home/abayturar/airflow-project/venv/lib/python3.12/site-packages/airflow/example_dags/example_dag_decorator.py for tasks to queue
[2026-03-28T18:35:25.421+0500] {logging_mixin.py:188} INFO - [2026-03-28T18:35:25.421+0500] {dagbag.py:545} INFO - Filling up the DagBag from /home/abayturar/airflow-project/venv/lib/python3.12/site-packages/airflow/example_dags/example_dag_decorator.py
[2026-03-28T18:35:25.490+0500] {processor.py:840} INFO - DAG(s) 'example_dag_decorator' retrieved from /home/abayturar/airflow-project/venv/lib/python3.12/site-packages/airflow/example_dags/example_dag_decorator.py
[2026-03-28T18:35:25.659+0500] {logging_mixin.py:188} INFO - [2026-03-28T18:35:25.659+0500] {dag.py:3089} INFO - Sync 1 DAGs
[2026-03-28T18:35:25.664+0500] {logging_mixin.py:188} INFO - [2026-03-28T18:35:25.664+0500] {dag.py:3947} INFO - Setting next_dagrun for example_dag_decorator to None, run_after=None
[2026-03-28T18:35:25.677+0500] {processor.py:183} INFO - Processing /home/abayturar/airflow-project/venv/lib/python3.12/site-packages/airflow/example_dags/example_dag_decorator.py took 0.264 seconds
[2026-03-28T18:36:18.444+0500] {processor.py:161} INFO - Started process (PID=20873) to work on /home/abayturar/airflow-project/venv/lib/python3.12/site-packages/airflow/example_dags/example_dag_decorator.py
[2026-03-28T18:36:18.445+0500] {processor.py:830} INFO - Processing file /home/abayturar/airflow-project/venv/lib/python3.12/site-packages/airflow/example_dags/example_dag_decorator.py for tasks to queue
[2026-03-28T18:36:18.447+0500] {logging_mixin.py:188} INFO - [2026-03-28T18:36:18.446+0500] {dagbag.py:545} INFO - Filling up the DagBag from /home/abayturar/airflow-project/venv/lib/python3.12/site-packages/airflow/example_dags/example_dag_decorator.py
[2026-03-28T18:36:18.622+0500] {processor.py:840} INFO - DAG(s) 'example_dag_decorator' retrieved from /home/abayturar/airflow-project/venv/lib/python3.12/site-packages/airflow/example_dags/example_dag_decorator.py
[2026-03-28T18:36:18.697+0500] {logging_mixin.py:188} INFO - [2026-03-28T18:36:18.697+0500] {dag.py:3089} INFO - Sync 1 DAGs
[2026-03-28T18:36:18.703+0500] {logging_mixin.py:188} INFO - [2026-03-28T18:36:18.703+0500] {dag.py:3947} INFO - Setting next_dagrun for example_dag_decorator to None, run_after=None
[2026-03-28T18:36:18.728+0500] {processor.py:183} INFO - Processing /home/abayturar/airflow-project/venv/lib/python3.12/site-packages/airflow/example_dags/example_dag_decorator.py took 0.290 seconds
[2026-03-28T18:37:14.302+0500] {processor.py:161} INFO - Started process (PID=21033) to work on /home/abayturar/airflow-project/venv/lib/python3.12/site-packages/airflow/example_dags/example_dag_decorator.py
[2026-03-28T18:37:14.303+0500] {processor.py:830} INFO - Processing file /home/abayturar/airflow-project/venv/lib/python3.12/site-packages/airflow/example_dags/example_dag_decorator.py for tasks to queue
[2026-03-28T18:37:14.304+0500] {logging_mixin.py:188} INFO - [2026-03-28T18:37:14.304+0500] {dagbag.py:545} INFO - Filling up the DagBag from /home/abayturar/airflow-project/venv/lib/python3.12/site-packages/airflow/example_dags/example_dag_decorator.py
[2026-03-28T18:37:14.377+0500] {processor.py:840} INFO - DAG(s) 'example_dag_decorator' retrieved from /home/abayturar/airflow-project/venv/lib/python3.12/site-packages/airflow/example_dags/example_dag_decorator.py
[2026-03-28T18:37:14.539+0500] {logging_mixin.py:188} INFO - [2026-03-28T18:37:14.539+0500] {dag.py:3089} INFO - Sync 1 DAGs
[2026-03-28T18:37:14.544+0500] {logging_mixin.py:188} INFO - [2026-03-28T18:37:14.544+0500] {dag.py:3947} INFO - Setting next_dagrun for example_dag_decorator to None, run_after=None
[2026-03-28T18:37:14.568+0500] {processor.py:183} INFO - Processing /home/abayturar/airflow-project/venv/lib/python3.12/site-packages/airflow/example_dags/example_dag_decorator.py took 0.272 seconds
[2026-03-28T18:38:07.825+0500] {processor.py:161} INFO - Started process (PID=21175) to work on /home/abayturar/airflow-project/venv/lib/python3.12/site-packages/airflow/example_dags/example_dag_decorator.py
[2026-03-28T18:38:07.826+0500] {processor.py:830} INFO - Processing file /home/abayturar/airflow-project/venv/lib/python3.12/site-packages/airflow/example_dags/example_dag_decorator.py for tasks to queue
[2026-03-28T18:38:07.827+0500] {logging_mixin.py:188} INFO - [2026-03-28T18:38:07.827+0500] {dagbag.py:545} INFO - Filling up the DagBag from /home/abayturar/airflow-project/venv/lib/python3.12/site-packages/airflow/example_dags/example_dag_decorator.py
[2026-03-28T18:38:07.895+0500] {processor.py:840} INFO - DAG(s) 'example_dag_decorator' retrieved from /home/abayturar/airflow-project/venv/lib/python3.12/site-packages/airflow/example_dags/example_dag_decorator.py
[2026-03-28T18:38:08.059+0500] {logging_mixin.py:188} INFO - [2026-03-28T18:38:08.059+0500] {dag.py:3089} INFO - Sync 1 DAGs
[2026-03-28T18:38:08.065+0500] {logging_mixin.py:188} INFO - [2026-03-28T18:38:08.065+0500] {dag.py:3947} INFO - Setting next_dagrun for example_dag_decorator to None, run_after=None
[2026-03-28T18:38:08.091+0500] {processor.py:183} INFO - Processing /home/abayturar/airflow-project/venv/lib/python3.12/site-packages/airflow/example_dags/example_dag_decorator.py took 0.272 seconds
[2026-03-28T18:39:22.610+0500] {processor.py:161} INFO - Started process (PID=21373) to work on /home/abayturar/airflow-project/venv/lib/python3.12/site-packages/airflow/example_dags/example_dag_decorator.py
[2026-03-28T18:39:22.610+0500] {processor.py:830} INFO - Processing file /home/abayturar/airflow-project/venv/lib/python3.12/site-packages/airflow/example_dags/example_dag_decorator.py for tasks to queue
[2026-03-28T18:39:22.612+0500] {logging_mixin.py:188} INFO - [2026-03-28T18:39:22.612+0500] {dagbag.py:545} INFO - Filling up the DagBag from /home/abayturar/airflow-project/venv/lib/python3.12/site-packages/airflow/example_dags/example_dag_decorator.py
[2026-03-28T18:39:22.779+0500] {processor.py:840} INFO - DAG(s) 'example_dag_decorator' retrieved from /home/abayturar/airflow-project/venv/lib/python3.12/site-packages/airflow/example_dags/example_dag_decorator.py
[2026-03-28T18:39:22.854+0500] {logging_mixin.py:188} INFO - [2026-03-28T18:39:22.854+0500] {dag.py:3089} INFO - Sync 1 DAGs
[2026-03-28T18:39:22.859+0500] {logging_mixin.py:188} INFO - [2026-03-28T18:39:22.859+0500] {dag.py:3947} INFO - Setting next_dagrun for example_dag_decorator to None, run_after=None
[2026-03-28T18:39:22.872+0500] {processor.py:183} INFO - Processing /home/abayturar/airflow-project/venv/lib/python3.12/site-packages/airflow/example_dags/example_dag_decorator.py took 0.268 seconds
[2026-03-28T18:40:37.751+0500] {processor.py:161} INFO - Started process (PID=21574) to work on /home/abayturar/airflow-project/venv/lib/python3.12/site-packages/airflow/example_dags/example_dag_decorator.py
[2026-03-28T18:40:37.752+0500] {processor.py:830} INFO - Processing file /home/abayturar/airflow-project/venv/lib/python3.12/site-packages/airflow/example_dags/example_dag_decorator.py for tasks to queue
[2026-03-28T18:40:37.754+0500] {logging_mixin.py:188} INFO - [2026-03-28T18:40:37.753+0500] {dagbag.py:545} INFO - Filling up the DagBag from /home/abayturar/airflow-project/venv/lib/python3.12/site-packages/airflow/example_dags/example_dag_decorator.py
[2026-03-28T18:40:37.930+0500] {processor.py:840} INFO - DAG(s) 'example_dag_decorator' retrieved from /home/abayturar/airflow-project/venv/lib/python3.12/site-packages/airflow/example_dags/example_dag_decorator.py
[2026-03-28T18:40:38.008+0500] {logging_mixin.py:188} INFO - [2026-03-28T18:40:38.008+0500] {dag.py:3089} INFO - Sync 1 DAGs
[2026-03-28T18:40:38.014+0500] {logging_mixin.py:188} INFO - [2026-03-28T18:40:38.014+0500] {dag.py:3947} INFO - Setting next_dagrun for example_dag_decorator to None, run_after=None
[2026-03-28T18:40:38.039+0500] {processor.py:183} INFO - Processing /home/abayturar/airflow-project/venv/lib/python3.12/site-packages/airflow/example_dags/example_dag_decorator.py took 0.295 seconds
[2026-03-28T18:41:41.414+0500] {processor.py:161} INFO - Started process (PID=21788) to work on /home/abayturar/airflow-project/venv/lib/python3.12/site-packages/airflow/example_dags/example_dag_decorator.py
[2026-03-28T18:41:41.415+0500] {processor.py:830} INFO - Processing file /home/abayturar/airflow-project/venv/lib/python3.12/site-packages/airflow/example_dags/example_dag_decorator.py for tasks to queue
[2026-03-28T18:41:41.417+0500] {logging_mixin.py:188} INFO - [2026-03-28T18:41:41.416+0500] {dagbag.py:545} INFO - Filling up the DagBag from /home/abayturar/airflow-project/venv/lib/python3.12/site-packages/airflow/example_dags/example_dag_decorator.py
[2026-03-28T18:41:41.584+0500] {processor.py:840} INFO - DAG(s) 'example_dag_decorator' retrieved from /home/abayturar/airflow-project/venv/lib/python3.12/site-packages/airflow/example_dags/example_dag_decorator.py
[2026-03-28T18:41:41.653+0500] {logging_mixin.py:188} INFO - [2026-03-28T18:41:41.653+0500] {dag.py:3089} INFO - Sync 1 DAGs
[2026-03-28T18:41:41.658+0500] {logging_mixin.py:188} INFO - [2026-03-28T18:41:41.658+0500] {dag.py:3947} INFO - Setting next_dagrun for example_dag_decorator to None, run_after=None
[2026-03-28T18:41:41.683+0500] {processor.py:183} INFO - Processing /home/abayturar/airflow-project/venv/lib/python3.12/site-packages/airflow/example_dags/example_dag_decorator.py took 0.275 seconds
[2026-03-28T18:42:39.915+0500] {processor.py:161} INFO - Started process (PID=21947) to work on /home/abayturar/airflow-project/venv/lib/python3.12/site-packages/airflow/example_dags/example_dag_decorator.py
[2026-03-28T18:42:39.916+0500] {processor.py:830} INFO - Processing file /home/abayturar/airflow-project/venv/lib/python3.12/site-packages/airflow/example_dags/example_dag_decorator.py for tasks to queue
[2026-03-28T18:42:39.919+0500] {logging_mixin.py:188} INFO - [2026-03-28T18:42:39.918+0500] {dagbag.py:545} INFO - Filling up the DagBag from /home/abayturar/airflow-project/venv/lib/python3.12/site-packages/airflow/example_dags/example_dag_decorator.py
[2026-03-28T18:42:40.131+0500] {processor.py:840} INFO - DAG(s) 'example_dag_decorator' retrieved from /home/abayturar/airflow-project/venv/lib/python3.12/site-packages/airflow/example_dags/example_dag_decorator.py
[2026-03-28T18:42:40.231+0500] {logging_mixin.py:188} INFO - [2026-03-28T18:42:40.231+0500] {dag.py:3089} INFO - Sync 1 DAGs
[2026-03-28T18:42:40.241+0500] {logging_mixin.py:188} INFO - [2026-03-28T18:42:40.240+0500] {dag.py:3947} INFO - Setting next_dagrun for example_dag_decorator to None, run_after=None
[2026-03-28T18:42:40.271+0500] {processor.py:183} INFO - Processing /home/abayturar/airflow-project/venv/lib/python3.12/site-packages/airflow/example_dags/example_dag_decorator.py took 0.363 seconds
[2026-03-28T18:43:26.562+0500] {processor.py:161} INFO - Started process (PID=22114) to work on /home/abayturar/airflow-project/venv/lib/python3.12/site-packages/airflow/example_dags/example_dag_decorator.py
[2026-03-28T18:43:26.563+0500] {processor.py:830} INFO - Processing file /home/abayturar/airflow-project/venv/lib/python3.12/site-packages/airflow/example_dags/example_dag_decorator.py for tasks to queue
[2026-03-28T18:43:26.565+0500] {logging_mixin.py:188} INFO - [2026-03-28T18:43:26.564+0500] {dagbag.py:545} INFO - Filling up the DagBag from /home/abayturar/airflow-project/venv/lib/python3.12/site-packages/airflow/example_dags/example_dag_decorator.py
[2026-03-28T18:43:26.757+0500] {processor.py:840} INFO - DAG(s) 'example_dag_decorator' retrieved from /home/abayturar/airflow-project/venv/lib/python3.12/site-packages/airflow/example_dags/example_dag_decorator.py
[2026-03-28T18:43:26.832+0500] {logging_mixin.py:188} INFO - [2026-03-28T18:43:26.832+0500] {dag.py:3089} INFO - Sync 1 DAGs
[2026-03-28T18:43:26.837+0500] {logging_mixin.py:188} INFO - [2026-03-28T18:43:26.837+0500] {dag.py:3947} INFO - Setting next_dagrun for example_dag_decorator to None, run_after=None
[2026-03-28T18:43:26.862+0500] {processor.py:183} INFO - Processing /home/abayturar/airflow-project/venv/lib/python3.12/site-packages/airflow/example_dags/example_dag_decorator.py took 0.306 seconds
[2026-03-28T18:44:22.247+0500] {processor.py:161} INFO - Started process (PID=22259) to work on /home/abayturar/airflow-project/venv/lib/python3.12/site-packages/airflow/example_dags/example_dag_decorator.py
[2026-03-28T18:44:22.248+0500] {processor.py:830} INFO - Processing file /home/abayturar/airflow-project/venv/lib/python3.12/site-packages/airflow/example_dags/example_dag_decorator.py for tasks to queue
[2026-03-28T18:44:22.249+0500] {logging_mixin.py:188} INFO - [2026-03-28T18:44:22.249+0500] {dagbag.py:545} INFO - Filling up the DagBag from /home/abayturar/airflow-project/venv/lib/python3.12/site-packages/airflow/example_dags/example_dag_decorator.py
[2026-03-28T18:44:22.336+0500] {processor.py:840} INFO - DAG(s) 'example_dag_decorator' retrieved from /home/abayturar/airflow-project/venv/lib/python3.12/site-packages/airflow/example_dags/example_dag_decorator.py
[2026-03-28T18:44:22.425+0500] {logging_mixin.py:188} INFO - [2026-03-28T18:44:22.425+0500] {dag.py:3089} INFO - Sync 1 DAGs
[2026-03-28T18:44:22.433+0500] {logging_mixin.py:188} INFO - [2026-03-28T18:44:22.433+0500] {dag.py:3947} INFO - Setting next_dagrun for example_dag_decorator to None, run_after=None
[2026-03-28T18:44:22.460+0500] {processor.py:183} INFO - Processing /home/abayturar/airflow-project/venv/lib/python3.12/site-packages/airflow/example_dags/example_dag_decorator.py took 0.220 seconds
[2026-03-28T18:45:35.084+0500] {processor.py:161} INFO - Started process (PID=22450) to work on /home/abayturar/airflow-project/venv/lib/python3.12/site-packages/airflow/example_dags/example_dag_decorator.py
[2026-03-28T18:45:35.085+0500] {processor.py:830} INFO - Processing file /home/abayturar/airflow-project/venv/lib/python3.12/site-packages/airflow/example_dags/example_dag_decorator.py for tasks to queue
[2026-03-28T18:45:35.087+0500] {logging_mixin.py:188} INFO - [2026-03-28T18:45:35.086+0500] {dagbag.py:545} INFO - Filling up the DagBag from /home/abayturar/airflow-project/venv/lib/python3.12/site-packages/airflow/example_dags/example_dag_decorator.py
[2026-03-28T18:45:35.159+0500] {processor.py:840} INFO - DAG(s) 'example_dag_decorator' retrieved from /home/abayturar/airflow-project/venv/lib/python3.12/site-packages/airflow/example_dags/example_dag_decorator.py
[2026-03-28T18:45:35.243+0500] {logging_mixin.py:188} INFO - [2026-03-28T18:45:35.243+0500] {dag.py:3089} INFO - Sync 1 DAGs
[2026-03-28T18:45:35.252+0500] {logging_mixin.py:188} INFO - [2026-03-28T18:45:35.252+0500] {dag.py:3947} INFO - Setting next_dagrun for example_dag_decorator to None, run_after=None
[2026-03-28T18:45:35.281+0500] {processor.py:183} INFO - Processing /home/abayturar/airflow-project/venv/lib/python3.12/site-packages/airflow/example_dags/example_dag_decorator.py took 0.203 seconds
[2026-03-28T18:46:47.044+0500] {processor.py:161} INFO - Started process (PID=22645) to work on /home/abayturar/airflow-project/venv/lib/python3.12/site-packages/airflow/example_dags/example_dag_decorator.py
[2026-03-28T18:46:47.046+0500] {processor.py:830} INFO - Processing file /home/abayturar/airflow-project/venv/lib/python3.12/site-packages/airflow/example_dags/example_dag_decorator.py for tasks to queue
[2026-03-28T18:46:47.049+0500] {logging_mixin.py:188} INFO - [2026-03-28T18:46:47.048+0500] {dagbag.py:545} INFO - Filling up the DagBag from /home/abayturar/airflow-project/venv/lib/python3.12/site-packages/airflow/example_dags/example_dag_decorator.py
[2026-03-28T18:46:47.143+0500] {processor.py:840} INFO - DAG(s) 'example_dag_decorator' retrieved from /home/abayturar/airflow-project/venv/lib/python3.12/site-packages/airflow/example_dags/example_dag_decorator.py
[2026-03-28T18:46:47.222+0500] {logging_mixin.py:188} INFO - [2026-03-28T18:46:47.221+0500] {dag.py:3089} INFO - Sync 1 DAGs
[2026-03-28T18:46:47.228+0500] {logging_mixin.py:188} INFO - [2026-03-28T18:46:47.228+0500] {dag.py:3947} INFO - Setting next_dagrun for example_dag_decorator to None, run_after=None
[2026-03-28T18:46:47.253+0500] {processor.py:183} INFO - Processing /home/abayturar/airflow-project/venv/lib/python3.12/site-packages/airflow/example_dags/example_dag_decorator.py took 0.219 seconds
[2026-03-28T18:47:56.802+0500] {processor.py:161} INFO - Started process (PID=22826) to work on /home/abayturar/airflow-project/venv/lib/python3.12/site-packages/airflow/example_dags/example_dag_decorator.py
[2026-03-28T18:47:56.803+0500] {processor.py:830} INFO - Processing file /home/abayturar/airflow-project/venv/lib/python3.12/site-packages/airflow/example_dags/example_dag_decorator.py for tasks to queue
[2026-03-28T18:47:56.804+0500] {logging_mixin.py:188} INFO - [2026-03-28T18:47:56.804+0500] {dagbag.py:545} INFO - Filling up the DagBag from /home/abayturar/airflow-project/venv/lib/python3.12/site-packages/airflow/example_dags/example_dag_decorator.py
[2026-03-28T18:47:56.887+0500] {processor.py:840} INFO - DAG(s) 'example_dag_decorator' retrieved from /home/abayturar/airflow-project/venv/lib/python3.12/site-packages/airflow/example_dags/example_dag_decorator.py
[2026-03-28T18:47:56.976+0500] {logging_mixin.py:188} INFO - [2026-03-28T18:47:56.976+0500] {dag.py:3089} INFO - Sync 1 DAGs
[2026-03-28T18:47:56.982+0500] {logging_mixin.py:188} INFO - [2026-03-28T18:47:56.982+0500] {dag.py:3947} INFO - Setting next_dagrun for example_dag_decorator to None, run_after=None
[2026-03-28T18:47:57.010+0500] {processor.py:183} INFO - Processing /home/abayturar/airflow-project/venv/lib/python3.12/site-packages/airflow/example_dags/example_dag_decorator.py took 0.215 seconds
[2026-03-28T18:49:00.110+0500] {processor.py:161} INFO - Started process (PID=23004) to work on /home/abayturar/airflow-project/venv/lib/python3.12/site-packages/airflow/example_dags/example_dag_decorator.py
[2026-03-28T18:49:00.111+0500] {processor.py:830} INFO - Processing file /home/abayturar/airflow-project/venv/lib/python3.12/site-packages/airflow/example_dags/example_dag_decorator.py for tasks to queue
[2026-03-28T18:49:00.113+0500] {logging_mixin.py:188} INFO - [2026-03-28T18:49:00.112+0500] {dagbag.py:545} INFO - Filling up the DagBag from /home/abayturar/airflow-project/venv/lib/python3.12/site-packages/airflow/example_dags/example_dag_decorator.py
[2026-03-28T18:49:00.187+0500] {processor.py:840} INFO - DAG(s) 'example_dag_decorator' retrieved from /home/abayturar/airflow-project/venv/lib/python3.12/site-packages/airflow/example_dags/example_dag_decorator.py
[2026-03-28T18:49:00.202+0500] {logging_mixin.py:188} INFO - [2026-03-28T18:49:00.202+0500] {dag.py:3089} INFO - Sync 1 DAGs
[2026-03-28T18:49:00.212+0500] {logging_mixin.py:188} INFO - [2026-03-28T18:49:00.211+0500] {dag.py:3947} INFO - Setting next_dagrun for example_dag_decorator to None, run_after=None
[2026-03-28T18:49:00.240+0500] {processor.py:183} INFO - Processing /home/abayturar/airflow-project/venv/lib/python3.12/site-packages/airflow/example_dags/example_dag_decorator.py took 0.136 seconds
[2026-03-28T18:50:09.290+0500] {processor.py:161} INFO - Started process (PID=23187) to work on /home/abayturar/airflow-project/venv/lib/python3.12/site-packages/airflow/example_dags/example_dag_decorator.py
[2026-03-28T18:50:09.291+0500] {processor.py:830} INFO - Processing file /home/abayturar/airflow-project/venv/lib/python3.12/site-packages/airflow/example_dags/example_dag_decorator.py for tasks to queue
[2026-03-28T18:50:09.292+0500] {logging_mixin.py:188} INFO - [2026-03-28T18:50:09.292+0500] {dagbag.py:545} INFO - Filling up the DagBag from /home/abayturar/airflow-project/venv/lib/python3.12/site-packages/airflow/example_dags/example_dag_decorator.py
[2026-03-28T18:50:09.364+0500] {processor.py:840} INFO - DAG(s) 'example_dag_decorator' retrieved from /home/abayturar/airflow-project/venv/lib/python3.12/site-packages/airflow/example_dags/example_dag_decorator.py
[2026-03-28T18:50:09.443+0500] {logging_mixin.py:188} INFO - [2026-03-28T18:50:09.442+0500] {dag.py:3089} INFO - Sync 1 DAGs
[2026-03-28T18:50:09.448+0500] {logging_mixin.py:188} INFO - [2026-03-28T18:50:09.448+0500] {dag.py:3947} INFO - Setting next_dagrun for example_dag_decorator to None, run_after=None
[2026-03-28T18:50:09.476+0500] {processor.py:183} INFO - Processing /home/abayturar/airflow-project/venv/lib/python3.12/site-packages/airflow/example_dags/example_dag_decorator.py took 0.193 seconds
[2026-03-28T18:51:20.829+0500] {processor.py:161} INFO - Started process (PID=23379) to work on /home/abayturar/airflow-project/venv/lib/python3.12/site-packages/airflow/example_dags/example_dag_decorator.py
[2026-03-28T18:51:20.830+0500] {processor.py:830} INFO - Processing file /home/abayturar/airflow-project/venv/lib/python3.12/site-packages/airflow/example_dags/example_dag_decorator.py for tasks to queue
[2026-03-28T18:51:20.831+0500] {logging_mixin.py:188} INFO - [2026-03-28T18:51:20.831+0500] {dagbag.py:545} INFO - Filling up the DagBag from /home/abayturar/airflow-project/venv/lib/python3.12/site-packages/airflow/example_dags/example_dag_decorator.py
[2026-03-28T18:51:20.947+0500] {processor.py:840} INFO - DAG(s) 'example_dag_decorator' retrieved from /home/abayturar/airflow-project/venv/lib/python3.12/site-packages/airflow/example_dags/example_dag_decorator.py
[2026-03-28T18:51:21.036+0500] {logging_mixin.py:188} INFO - [2026-03-28T18:51:21.036+0500] {dag.py:3089} INFO - Sync 1 DAGs
[2026-03-28T18:51:21.043+0500] {logging_mixin.py:188} INFO - [2026-03-28T18:51:21.043+0500] {dag.py:3947} INFO - Setting next_dagrun for example_dag_decorator to None, run_after=None
[2026-03-28T18:51:21.071+0500] {processor.py:183} INFO - Processing /home/abayturar/airflow-project/venv/lib/python3.12/site-packages/airflow/example_dags/example_dag_decorator.py took 0.250 seconds
[2026-03-28T18:52:29.282+0500] {processor.py:161} INFO - Started process (PID=23562) to work on /home/abayturar/airflow-project/venv/lib/python3.12/site-packages/airflow/example_dags/example_dag_decorator.py
[2026-03-28T18:52:29.283+0500] {processor.py:830} INFO - Processing file /home/abayturar/airflow-project/venv/lib/python3.12/site-packages/airflow/example_dags/example_dag_decorator.py for tasks to queue
[2026-03-28T18:52:29.286+0500] {logging_mixin.py:188} INFO - [2026-03-28T18:52:29.285+0500] {dagbag.py:545} INFO - Filling up the DagBag from /home/abayturar/airflow-project/venv/lib/python3.12/site-packages/airflow/example_dags/example_dag_decorator.py
[2026-03-28T18:52:29.372+0500] {processor.py:840} INFO - DAG(s) 'example_dag_decorator' retrieved from /home/abayturar/airflow-project/venv/lib/python3.12/site-packages/airflow/example_dags/example_dag_decorator.py
[2026-03-28T18:52:29.463+0500] {logging_mixin.py:188} INFO - [2026-03-28T18:52:29.462+0500] {dag.py:3089} INFO - Sync 1 DAGs
[2026-03-28T18:52:29.471+0500] {logging_mixin.py:188} INFO - [2026-03-28T18:52:29.470+0500] {dag.py:3947} INFO - Setting next_dagrun for example_dag_decorator to None, run_after=None
[2026-03-28T18:52:29.501+0500] {processor.py:183} INFO - Processing /home/abayturar/airflow-project/venv/lib/python3.12/site-packages/airflow/example_dags/example_dag_decorator.py took 0.225 seconds
[2026-03-28T18:53:37.381+0500] {processor.py:161} INFO - Started process (PID=23749) to work on /home/abayturar/airflow-project/venv/lib/python3.12/site-packages/airflow/example_dags/example_dag_decorator.py
[2026-03-28T18:53:37.382+0500] {processor.py:830} INFO - Processing file /home/abayturar/airflow-project/venv/lib/python3.12/site-packages/airflow/example_dags/example_dag_decorator.py for tasks to queue
[2026-03-28T18:53:37.383+0500] {logging_mixin.py:188} INFO - [2026-03-28T18:53:37.383+0500] {dagbag.py:545} INFO - Filling up the DagBag from /home/abayturar/airflow-project/venv/lib/python3.12/site-packages/airflow/example_dags/example_dag_decorator.py
[2026-03-28T18:53:37.461+0500] {processor.py:840} INFO - DAG(s) 'example_dag_decorator' retrieved from /home/abayturar/airflow-project/venv/lib/python3.12/site-packages/airflow/example_dags/example_dag_decorator.py
[2026-03-28T18:53:37.555+0500] {logging_mixin.py:188} INFO - [2026-03-28T18:53:37.555+0500] {dag.py:3089} INFO - Sync 1 DAGs
[2026-03-28T18:53:37.562+0500] {logging_mixin.py:188} INFO - [2026-03-28T18:53:37.562+0500] {dag.py:3947} INFO - Setting next_dagrun for example_dag_decorator to None, run_after=None
[2026-03-28T18:53:37.588+0500] {processor.py:183} INFO - Processing /home/abayturar/airflow-project/venv/lib/python3.12/site-packages/airflow/example_dags/example_dag_decorator.py took 0.214 seconds
[2026-03-28T18:54:44.734+0500] {processor.py:161} INFO - Started process (PID=23926) to work on /home/abayturar/airflow-project/venv/lib/python3.12/site-packages/airflow/example_dags/example_dag_decorator.py
[2026-03-28T18:54:44.735+0500] {processor.py:830} INFO - Processing file /home/abayturar/airflow-project/venv/lib/python3.12/site-packages/airflow/example_dags/example_dag_decorator.py for tasks to queue
[2026-03-28T18:54:44.737+0500] {logging_mixin.py:188} INFO - [2026-03-28T18:54:44.737+0500] {dagbag.py:545} INFO - Filling up the DagBag from /home/abayturar/airflow-project/venv/lib/python3.12/site-packages/airflow/example_dags/example_dag_decorator.py
[2026-03-28T18:54:44.825+0500] {processor.py:840} INFO - DAG(s) 'example_dag_decorator' retrieved from /home/abayturar/airflow-project/venv/lib/python3.12/site-packages/airflow/example_dags/example_dag_decorator.py
[2026-03-28T18:54:44.911+0500] {logging_mixin.py:188} INFO - [2026-03-28T18:54:44.911+0500] {dag.py:3089} INFO - Sync 1 DAGs
[2026-03-28T18:54:44.917+0500] {logging_mixin.py:188} INFO - [2026-03-28T18:54:44.917+0500] {dag.py:3947} INFO - Setting next_dagrun for example_dag_decorator to None, run_after=None
[2026-03-28T18:54:44.946+0500] {processor.py:183} INFO - Processing /home/abayturar/airflow-project/venv/lib/python3.12/site-packages/airflow/example_dags/example_dag_decorator.py took 0.219 seconds
[2026-03-28T18:55:59.638+0500] {processor.py:161} INFO - Started process (PID=24124) to work on /home/abayturar/airflow-project/venv/lib/python3.12/site-packages/airflow/example_dags/example_dag_decorator.py
[2026-03-28T18:55:59.640+0500] {processor.py:830} INFO - Processing file /home/abayturar/airflow-project/venv/lib/python3.12/site-packages/airflow/example_dags/example_dag_decorator.py for tasks to queue
[2026-03-28T18:55:59.643+0500] {logging_mixin.py:188} INFO - [2026-03-28T18:55:59.642+0500] {dagbag.py:545} INFO - Filling up the DagBag from /home/abayturar/airflow-project/venv/lib/python3.12/site-packages/airflow/example_dags/example_dag_decorator.py
[2026-03-28T18:55:59.738+0500] {processor.py:840} INFO - DAG(s) 'example_dag_decorator' retrieved from /home/abayturar/airflow-project/venv/lib/python3.12/site-packages/airflow/example_dags/example_dag_decorator.py
[2026-03-28T18:55:59.829+0500] {logging_mixin.py:188} INFO - [2026-03-28T18:55:59.829+0500] {dag.py:3089} INFO - Sync 1 DAGs
[2026-03-28T18:55:59.836+0500] {logging_mixin.py:188} INFO - [2026-03-28T18:55:59.836+0500] {dag.py:3947} INFO - Setting next_dagrun for example_dag_decorator to None, run_after=None
[2026-03-28T18:55:59.853+0500] {processor.py:183} INFO - Processing /home/abayturar/airflow-project/venv/lib/python3.12/site-packages/airflow/example_dags/example_dag_decorator.py took 0.233 seconds
[2026-03-28T18:56:51.623+0500] {processor.py:161} INFO - Started process (PID=24263) to work on /home/abayturar/airflow-project/venv/lib/python3.12/site-packages/airflow/example_dags/example_dag_decorator.py
[2026-03-28T18:56:51.623+0500] {processor.py:830} INFO - Processing file /home/abayturar/airflow-project/venv/lib/python3.12/site-packages/airflow/example_dags/example_dag_decorator.py for tasks to queue
[2026-03-28T18:56:51.625+0500] {logging_mixin.py:188} INFO - [2026-03-28T18:56:51.625+0500] {dagbag.py:545} INFO - Filling up the DagBag from /home/abayturar/airflow-project/venv/lib/python3.12/site-packages/airflow/example_dags/example_dag_decorator.py
[2026-03-28T18:56:51.714+0500] {processor.py:840} INFO - DAG(s) 'example_dag_decorator' retrieved from /home/abayturar/airflow-project/venv/lib/python3.12/site-packages/airflow/example_dags/example_dag_decorator.py
[2026-03-28T18:56:51.804+0500] {logging_mixin.py:188} INFO - [2026-03-28T18:56:51.804+0500] {dag.py:3089} INFO - Sync 1 DAGs
[2026-03-28T18:56:51.811+0500] {logging_mixin.py:188} INFO - [2026-03-28T18:56:51.811+0500] {dag.py:3947} INFO - Setting next_dagrun for example_dag_decorator to None, run_after=None
[2026-03-28T18:56:51.840+0500] {processor.py:183} INFO - Processing /home/abayturar/airflow-project/venv/lib/python3.12/site-packages/airflow/example_dags/example_dag_decorator.py took 0.225 seconds
[2026-03-28T18:58:03.716+0500] {processor.py:161} INFO - Started process (PID=24451) to work on /home/abayturar/airflow-project/venv/lib/python3.12/site-packages/airflow/example_dags/example_dag_decorator.py
[2026-03-28T18:58:03.717+0500] {processor.py:830} INFO - Processing file /home/abayturar/airflow-project/venv/lib/python3.12/site-packages/airflow/example_dags/example_dag_decorator.py for tasks to queue
[2026-03-28T18:58:03.718+0500] {logging_mixin.py:188} INFO - [2026-03-28T18:58:03.718+0500] {dagbag.py:545} INFO - Filling up the DagBag from /home/abayturar/airflow-project/venv/lib/python3.12/site-packages/airflow/example_dags/example_dag_decorator.py
[2026-03-28T18:58:03.799+0500] {processor.py:840} INFO - DAG(s) 'example_dag_decorator' retrieved from /home/abayturar/airflow-project/venv/lib/python3.12/site-packages/airflow/example_dags/example_dag_decorator.py
[2026-03-28T18:58:03.885+0500] {logging_mixin.py:188} INFO - [2026-03-28T18:58:03.885+0500] {dag.py:3089} INFO - Sync 1 DAGs
[2026-03-28T18:58:03.891+0500] {logging_mixin.py:188} INFO - [2026-03-28T18:58:03.891+0500] {dag.py:3947} INFO - Setting next_dagrun for example_dag_decorator to None, run_after=None
[2026-03-28T18:58:03.908+0500] {processor.py:183} INFO - Processing /home/abayturar/airflow-project/venv/lib/python3.12/site-packages/airflow/example_dags/example_dag_decorator.py took 0.198 seconds
[2026-03-28T18:59:11.420+0500] {processor.py:161} INFO - Started process (PID=24638) to work on /home/abayturar/airflow-project/venv/lib/python3.12/site-packages/airflow/example_dags/example_dag_decorator.py
[2026-03-28T18:59:11.420+0500] {processor.py:830} INFO - Processing file /home/abayturar/airflow-project/venv/lib/python3.12/site-packages/airflow/example_dags/example_dag_decorator.py for tasks to queue
[2026-03-28T18:59:11.422+0500] {logging_mixin.py:188} INFO - [2026-03-28T18:59:11.422+0500] {dagbag.py:545} INFO - Filling up the DagBag from /home/abayturar/airflow-project/venv/lib/python3.12/site-packages/airflow/example_dags/example_dag_decorator.py
[2026-03-28T18:59:11.505+0500] {processor.py:840} INFO - DAG(s) 'example_dag_decorator' retrieved from /home/abayturar/airflow-project/venv/lib/python3.12/site-packages/airflow/example_dags/example_dag_decorator.py
[2026-03-28T18:59:11.595+0500] {logging_mixin.py:188} INFO - [2026-03-28T18:59:11.594+0500] {dag.py:3089} INFO - Sync 1 DAGs
[2026-03-28T18:59:11.601+0500] {logging_mixin.py:188} INFO - [2026-03-28T18:59:11.601+0500] {dag.py:3947} INFO - Setting next_dagrun for example_dag_decorator to None, run_after=None
[2026-03-28T18:59:11.629+0500] {processor.py:183} INFO - Processing /home/abayturar/airflow-project/venv/lib/python3.12/site-packages/airflow/example_dags/example_dag_decorator.py took 0.216 seconds
[2026-03-28T19:00:23.500+0500] {processor.py:161} INFO - Started process (PID=24828) to work on /home/abayturar/airflow-project/venv/lib/python3.12/site-packages/airflow/example_dags/example_dag_decorator.py
[2026-03-28T19:00:23.501+0500] {processor.py:830} INFO - Processing file /home/abayturar/airflow-project/venv/lib/python3.12/site-packages/airflow/example_dags/example_dag_decorator.py for tasks to queue
[2026-03-28T19:00:23.503+0500] {logging_mixin.py:188} INFO - [2026-03-28T19:00:23.502+0500] {dagbag.py:545} INFO - Filling up the DagBag from /home/abayturar/airflow-project/venv/lib/python3.12/site-packages/airflow/example_dags/example_dag_decorator.py
[2026-03-28T19:00:23.585+0500] {processor.py:840} INFO - DAG(s) 'example_dag_decorator' retrieved from /home/abayturar/airflow-project/venv/lib/python3.12/site-packages/airflow/example_dags/example_dag_decorator.py
[2026-03-28T19:00:23.667+0500] {logging_mixin.py:188} INFO - [2026-03-28T19:00:23.667+0500] {dag.py:3089} INFO - Sync 1 DAGs
[2026-03-28T19:00:23.675+0500] {logging_mixin.py:188} INFO - [2026-03-28T19:00:23.675+0500] {dag.py:3947} INFO - Setting next_dagrun for example_dag_decorator to None, run_after=None
[2026-03-28T19:00:23.701+0500] {processor.py:183} INFO - Processing /home/abayturar/airflow-project/venv/lib/python3.12/site-packages/airflow/example_dags/example_dag_decorator.py took 0.208 seconds
[2026-03-28T19:01:35.803+0500] {processor.py:161} INFO - Started process (PID=25023) to work on /home/abayturar/airflow-project/venv/lib/python3.12/site-packages/airflow/example_dags/example_dag_decorator.py
[2026-03-28T19:01:35.804+0500] {processor.py:830} INFO - Processing file /home/abayturar/airflow-project/venv/lib/python3.12/site-packages/airflow/example_dags/example_dag_decorator.py for tasks to queue
[2026-03-28T19:01:35.806+0500] {logging_mixin.py:188} INFO - [2026-03-28T19:01:35.805+0500] {dagbag.py:545} INFO - Filling up the DagBag from /home/abayturar/airflow-project/venv/lib/python3.12/site-packages/airflow/example_dags/example_dag_decorator.py
[2026-03-28T19:01:35.883+0500] {processor.py:840} INFO - DAG(s) 'example_dag_decorator' retrieved from /home/abayturar/airflow-project/venv/lib/python3.12/site-packages/airflow/example_dags/example_dag_decorator.py
[2026-03-28T19:01:35.963+0500] {logging_mixin.py:188} INFO - [2026-03-28T19:01:35.962+0500] {dag.py:3089} INFO - Sync 1 DAGs
[2026-03-28T19:01:35.968+0500] {logging_mixin.py:188} INFO - [2026-03-28T19:01:35.968+0500] {dag.py:3947} INFO - Setting next_dagrun for example_dag_decorator to None, run_after=None
[2026-03-28T19:01:35.994+0500] {processor.py:183} INFO - Processing /home/abayturar/airflow-project/venv/lib/python3.12/site-packages/airflow/example_dags/example_dag_decorator.py took 0.197 seconds
[2026-03-28T19:02:41.220+0500] {processor.py:161} INFO - Started process (PID=25196) to work on /home/abayturar/airflow-project/venv/lib/python3.12/site-packages/airflow/example_dags/example_dag_decorator.py
[2026-03-28T19:02:41.222+0500] {processor.py:830} INFO - Processing file /home/abayturar/airflow-project/venv/lib/python3.12/site-packages/airflow/example_dags/example_dag_decorator.py for tasks to queue
[2026-03-28T19:02:41.224+0500] {logging_mixin.py:188} INFO - [2026-03-28T19:02:41.224+0500] {dagbag.py:545} INFO - Filling up the DagBag from /home/abayturar/airflow-project/venv/lib/python3.12/site-packages/airflow/example_dags/example_dag_decorator.py
[2026-03-28T19:02:41.312+0500] {processor.py:840} INFO - DAG(s) 'example_dag_decorator' retrieved from /home/abayturar/airflow-project/venv/lib/python3.12/site-packages/airflow/example_dags/example_dag_decorator.py
[2026-03-28T19:02:41.405+0500] {logging_mixin.py:188} INFO - [2026-03-28T19:02:41.405+0500] {dag.py:3089} INFO - Sync 1 DAGs
[2026-03-28T19:02:41.412+0500] {logging_mixin.py:188} INFO - [2026-03-28T19:02:41.412+0500] {dag.py:3947} INFO - Setting next_dagrun for example_dag_decorator to None, run_after=None
[2026-03-28T19:02:41.439+0500] {processor.py:183} INFO - Processing /home/abayturar/airflow-project/venv/lib/python3.12/site-packages/airflow/example_dags/example_dag_decorator.py took 0.226 seconds
[2026-03-28T19:03:47.206+0500] {processor.py:161} INFO - Started process (PID=25379) to work on /home/abayturar/airflow-project/venv/lib/python3.12/site-packages/airflow/example_dags/example_dag_decorator.py
[2026-03-28T19:03:47.207+0500] {processor.py:830} INFO - Processing file /home/abayturar/airflow-project/venv/lib/python3.12/site-packages/airflow/example_dags/example_dag_decorator.py for tasks to queue
[2026-03-28T19:03:47.209+0500] {logging_mixin.py:188} INFO - [2026-03-28T19:03:47.209+0500] {dagbag.py:545} INFO - Filling up the DagBag from /home/abayturar/airflow-project/venv/lib/python3.12/site-packages/airflow/example_dags/example_dag_decorator.py
[2026-03-28T19:03:47.290+0500] {processor.py:840} INFO - DAG(s) 'example_dag_decorator' retrieved from /home/abayturar/airflow-project/venv/lib/python3.12/site-packages/airflow/example_dags/example_dag_decorator.py
[2026-03-28T19:03:47.372+0500] {logging_mixin.py:188} INFO - [2026-03-28T19:03:47.371+0500] {dag.py:3089} INFO - Sync 1 DAGs
[2026-03-28T19:03:47.380+0500] {logging_mixin.py:188} INFO - [2026-03-28T19:03:47.380+0500] {dag.py:3947} INFO - Setting next_dagrun for example_dag_decorator to None, run_after=None
[2026-03-28T19:03:47.401+0500] {processor.py:183} INFO - Processing /home/abayturar/airflow-project/venv/lib/python3.12/site-packages/airflow/example_dags/example_dag_decorator.py took 0.202 seconds
[2026-03-28T19:04:58.221+0500] {processor.py:161} INFO - Started process (PID=25567) to work on /home/abayturar/airflow-project/venv/lib/python3.12/site-packages/airflow/example_dags/example_dag_decorator.py
[2026-03-28T19:04:58.222+0500] {processor.py:830} INFO - Processing file /home/abayturar/airflow-project/venv/lib/python3.12/site-packages/airflow/example_dags/example_dag_decorator.py for tasks to queue
[2026-03-28T19:04:58.224+0500] {logging_mixin.py:188} INFO - [2026-03-28T19:04:58.223+0500] {dagbag.py:545} INFO - Filling up the DagBag from /home/abayturar/airflow-project/venv/lib/python3.12/site-packages/airflow/example_dags/example_dag_decorator.py
[2026-03-28T19:04:58.298+0500] {processor.py:840} INFO - DAG(s) 'example_dag_decorator' retrieved from /home/abayturar/airflow-project/venv/lib/python3.12/site-packages/airflow/example_dags/example_dag_decorator.py
[2026-03-28T19:04:58.377+0500] {logging_mixin.py:188} INFO - [2026-03-28T19:04:58.377+0500] {dag.py:3089} INFO - Sync 1 DAGs
[2026-03-28T19:04:58.383+0500] {logging_mixin.py:188} INFO - [2026-03-28T19:04:58.383+0500] {dag.py:3947} INFO - Setting next_dagrun for example_dag_decorator to None, run_after=None
[2026-03-28T19:04:58.409+0500] {processor.py:183} INFO - Processing /home/abayturar/airflow-project/venv/lib/python3.12/site-packages/airflow/example_dags/example_dag_decorator.py took 0.194 seconds
[2026-03-28T19:06:03.726+0500] {processor.py:161} INFO - Started process (PID=25748) to work on /home/abayturar/airflow-project/venv/lib/python3.12/site-packages/airflow/example_dags/example_dag_decorator.py
[2026-03-28T19:06:03.727+0500] {processor.py:830} INFO - Processing file /home/abayturar/airflow-project/venv/lib/python3.12/site-packages/airflow/example_dags/example_dag_decorator.py for tasks to queue
[2026-03-28T19:06:03.728+0500] {logging_mixin.py:188} INFO - [2026-03-28T19:06:03.728+0500] {dagbag.py:545} INFO - Filling up the DagBag from /home/abayturar/airflow-project/venv/lib/python3.12/site-packages/airflow/example_dags/example_dag_decorator.py
[2026-03-28T19:06:03.799+0500] {processor.py:840} INFO - DAG(s) 'example_dag_decorator' retrieved from /home/abayturar/airflow-project/venv/lib/python3.12/site-packages/airflow/example_dags/example_dag_decorator.py
[2026-03-28T19:06:03.882+0500] {logging_mixin.py:188} INFO - [2026-03-28T19:06:03.881+0500] {dag.py:3089} INFO - Sync 1 DAGs
[2026-03-28T19:06:03.888+0500] {logging_mixin.py:188} INFO - [2026-03-28T19:06:03.887+0500] {dag.py:3947} INFO - Setting next_dagrun for example_dag_decorator to None, run_after=None
[2026-03-28T19:06:03.913+0500] {processor.py:183} INFO - Processing /home/abayturar/airflow-project/venv/lib/python3.12/site-packages/airflow/example_dags/example_dag_decorator.py took 0.193 seconds
[2026-03-28T19:07:05.750+0500] {processor.py:161} INFO - Started process (PID=25914) to work on /home/abayturar/airflow-project/venv/lib/python3.12/site-packages/airflow/example_dags/example_dag_decorator.py
[2026-03-28T19:07:05.751+0500] {processor.py:830} INFO - Processing file /home/abayturar/airflow-project/venv/lib/python3.12/site-packages/airflow/example_dags/example_dag_decorator.py for tasks to queue
[2026-03-28T19:07:05.753+0500] {logging_mixin.py:188} INFO - [2026-03-28T19:07:05.752+0500] {dagbag.py:545} INFO - Filling up the DagBag from /home/abayturar/airflow-project/venv/lib/python3.12/site-packages/airflow/example_dags/example_dag_decorator.py
[2026-03-28T19:07:05.823+0500] {processor.py:840} INFO - DAG(s) 'example_dag_decorator' retrieved from /home/abayturar/airflow-project/venv/lib/python3.12/site-packages/airflow/example_dags/example_dag_decorator.py
[2026-03-28T19:07:05.915+0500] {logging_mixin.py:188} INFO - [2026-03-28T19:07:05.915+0500] {dag.py:3089} INFO - Sync 1 DAGs
[2026-03-28T19:07:05.921+0500] {logging_mixin.py:188} INFO - [2026-03-28T19:07:05.920+0500] {dag.py:3947} INFO - Setting next_dagrun for example_dag_decorator to None, run_after=None
[2026-03-28T19:07:05.946+0500] {processor.py:183} INFO - Processing /home/abayturar/airflow-project/venv/lib/python3.12/site-packages/airflow/example_dags/example_dag_decorator.py took 0.202 seconds
[2026-03-28T19:08:20.662+0500] {processor.py:161} INFO - Started process (PID=26114) to work on /home/abayturar/airflow-project/venv/lib/python3.12/site-packages/airflow/example_dags/example_dag_decorator.py
[2026-03-28T19:08:20.663+0500] {processor.py:830} INFO - Processing file /home/abayturar/airflow-project/venv/lib/python3.12/site-packages/airflow/example_dags/example_dag_decorator.py for tasks to queue
[2026-03-28T19:08:20.665+0500] {logging_mixin.py:188} INFO - [2026-03-28T19:08:20.665+0500] {dagbag.py:545} INFO - Filling up the DagBag from /home/abayturar/airflow-project/venv/lib/python3.12/site-packages/airflow/example_dags/example_dag_decorator.py
[2026-03-28T19:08:20.753+0500] {processor.py:840} INFO - DAG(s) 'example_dag_decorator' retrieved from /home/abayturar/airflow-project/venv/lib/python3.12/site-packages/airflow/example_dags/example_dag_decorator.py
[2026-03-28T19:08:20.865+0500] {logging_mixin.py:188} INFO - [2026-03-28T19:08:20.865+0500] {dag.py:3089} INFO - Sync 1 DAGs
[2026-03-28T19:08:20.872+0500] {logging_mixin.py:188} INFO - [2026-03-28T19:08:20.872+0500] {dag.py:3947} INFO - Setting next_dagrun for example_dag_decorator to None, run_after=None
[2026-03-28T19:08:20.891+0500] {processor.py:183} INFO - Processing /home/abayturar/airflow-project/venv/lib/python3.12/site-packages/airflow/example_dags/example_dag_decorator.py took 0.235 seconds
[2026-03-28T19:09:30.019+0500] {processor.py:161} INFO - Started process (PID=26298) to work on /home/abayturar/airflow-project/venv/lib/python3.12/site-packages/airflow/example_dags/example_dag_decorator.py
[2026-03-28T19:09:30.019+0500] {processor.py:830} INFO - Processing file /home/abayturar/airflow-project/venv/lib/python3.12/site-packages/airflow/example_dags/example_dag_decorator.py for tasks to queue
[2026-03-28T19:09:30.021+0500] {logging_mixin.py:188} INFO - [2026-03-28T19:09:30.021+0500] {dagbag.py:545} INFO - Filling up the DagBag from /home/abayturar/airflow-project/venv/lib/python3.12/site-packages/airflow/example_dags/example_dag_decorator.py
[2026-03-28T19:09:30.110+0500] {processor.py:840} INFO - DAG(s) 'example_dag_decorator' retrieved from /home/abayturar/airflow-project/venv/lib/python3.12/site-packages/airflow/example_dags/example_dag_decorator.py
[2026-03-28T19:09:30.200+0500] {logging_mixin.py:188} INFO - [2026-03-28T19:09:30.200+0500] {dag.py:3089} INFO - Sync 1 DAGs
[2026-03-28T19:09:30.206+0500] {logging_mixin.py:188} INFO - [2026-03-28T19:09:30.206+0500] {dag.py:3947} INFO - Setting next_dagrun for example_dag_decorator to None, run_after=None
[2026-03-28T19:09:30.236+0500] {processor.py:183} INFO - Processing /home/abayturar/airflow-project/venv/lib/python3.12/site-packages/airflow/example_dags/example_dag_decorator.py took 0.224 seconds
[2026-03-28T19:10:39.234+0500] {processor.py:161} INFO - Started process (PID=26489) to work on /home/abayturar/airflow-project/venv/lib/python3.12/site-packages/airflow/example_dags/example_dag_decorator.py
[2026-03-28T19:10:39.235+0500] {processor.py:830} INFO - Processing file /home/abayturar/airflow-project/venv/lib/python3.12/site-packages/airflow/example_dags/example_dag_decorator.py for tasks to queue
[2026-03-28T19:10:39.237+0500] {logging_mixin.py:188} INFO - [2026-03-28T19:10:39.236+0500] {dagbag.py:545} INFO - Filling up the DagBag from /home/abayturar/airflow-project/venv/lib/python3.12/site-packages/airflow/example_dags/example_dag_decorator.py
[2026-03-28T19:10:39.313+0500] {processor.py:840} INFO - DAG(s) 'example_dag_decorator' retrieved from /home/abayturar/airflow-project/venv/lib/python3.12/site-packages/airflow/example_dags/example_dag_decorator.py
[2026-03-28T19:10:39.406+0500] {logging_mixin.py:188} INFO - [2026-03-28T19:10:39.406+0500] {dag.py:3089} INFO - Sync 1 DAGs
[2026-03-28T19:10:39.414+0500] {logging_mixin.py:188} INFO - [2026-03-28T19:10:39.414+0500] {dag.py:3947} INFO - Setting next_dagrun for example_dag_decorator to None, run_after=None
[2026-03-28T19:10:39.447+0500] {processor.py:183} INFO - Processing /home/abayturar/airflow-project/venv/lib/python3.12/site-packages/airflow/example_dags/example_dag_decorator.py took 0.219 seconds
[2026-03-28T19:11:51.405+0500] {processor.py:161} INFO - Started process (PID=26677) to work on /home/abayturar/airflow-project/venv/lib/python3.12/site-packages/airflow/example_dags/example_dag_decorator.py
[2026-03-28T19:11:51.406+0500] {processor.py:830} INFO - Processing file /home/abayturar/airflow-project/venv/lib/python3.12/site-packages/airflow/example_dags/example_dag_decorator.py for tasks to queue
[2026-03-28T19:11:51.408+0500] {logging_mixin.py:188} INFO - [2026-03-28T19:11:51.408+0500] {dagbag.py:545} INFO - Filling up the DagBag from /home/abayturar/airflow-project/venv/lib/python3.12/site-packages/airflow/example_dags/example_dag_decorator.py
[2026-03-28T19:11:51.492+0500] {processor.py:840} INFO - DAG(s) 'example_dag_decorator' retrieved from /home/abayturar/airflow-project/venv/lib/python3.12/site-packages/airflow/example_dags/example_dag_decorator.py
[2026-03-28T19:11:51.579+0500] {logging_mixin.py:188} INFO - [2026-03-28T19:11:51.579+0500] {dag.py:3089} INFO - Sync 1 DAGs
[2026-03-28T19:11:51.585+0500] {logging_mixin.py:188} INFO - [2026-03-28T19:11:51.585+0500] {dag.py:3947} INFO - Setting next_dagrun for example_dag_decorator to None, run_after=None
[2026-03-28T19:11:51.612+0500] {processor.py:183} INFO - Processing /home/abayturar/airflow-project/venv/lib/python3.12/site-packages/airflow/example_dags/example_dag_decorator.py took 0.214 seconds
[2026-03-28T19:13:03.485+0500] {processor.py:161} INFO - Started process (PID=26873) to work on /home/abayturar/airflow-project/venv/lib/python3.12/site-packages/airflow/example_dags/example_dag_decorator.py
[2026-03-28T19:13:03.486+0500] {processor.py:830} INFO - Processing file /home/abayturar/airflow-project/venv/lib/python3.12/site-packages/airflow/example_dags/example_dag_decorator.py for tasks to queue
[2026-03-28T19:13:03.487+0500] {logging_mixin.py:188} INFO - [2026-03-28T19:13:03.487+0500] {dagbag.py:545} INFO - Filling up the DagBag from /home/abayturar/airflow-project/venv/lib/python3.12/site-packages/airflow/example_dags/example_dag_decorator.py
[2026-03-28T19:13:03.563+0500] {processor.py:840} INFO - DAG(s) 'example_dag_decorator' retrieved from /home/abayturar/airflow-project/venv/lib/python3.12/site-packages/airflow/example_dags/example_dag_decorator.py
[2026-03-28T19:13:03.644+0500] {logging_mixin.py:188} INFO - [2026-03-28T19:13:03.643+0500] {dag.py:3089} INFO - Sync 1 DAGs
[2026-03-28T19:13:03.650+0500] {logging_mixin.py:188} INFO - [2026-03-28T19:13:03.649+0500] {dag.py:3947} INFO - Setting next_dagrun for example_dag_decorator to None, run_after=None
[2026-03-28T19:13:03.677+0500] {processor.py:183} INFO - Processing /home/abayturar/airflow-project/venv/lib/python3.12/site-packages/airflow/example_dags/example_dag_decorator.py took 0.199 seconds
[2026-03-28T19:14:14.098+0500] {processor.py:161} INFO - Started process (PID=27058) to work on /home/abayturar/airflow-project/venv/lib/python3.12/site-packages/airflow/example_dags/example_dag_decorator.py
[2026-03-28T19:14:14.099+0500] {processor.py:830} INFO - Processing file /home/abayturar/airflow-project/venv/lib/python3.12/site-packages/airflow/example_dags/example_dag_decorator.py for tasks to queue
[2026-03-28T19:14:14.101+0500] {logging_mixin.py:188} INFO - [2026-03-28T19:14:14.100+0500] {dagbag.py:545} INFO - Filling up the DagBag from /home/abayturar/airflow-project/venv/lib/python3.12/site-packages/airflow/example_dags/example_dag_decorator.py
[2026-03-28T19:14:14.177+0500] {processor.py:840} INFO - DAG(s) 'example_dag_decorator' retrieved from /home/abayturar/airflow-project/venv/lib/python3.12/site-packages/airflow/example_dags/example_dag_decorator.py
[2026-03-28T19:14:14.262+0500] {logging_mixin.py:188} INFO - [2026-03-28T19:14:14.262+0500] {dag.py:3089} INFO - Sync 1 DAGs
[2026-03-28T19:14:14.270+0500] {logging_mixin.py:188} INFO - [2026-03-28T19:14:14.270+0500] {dag.py:3947} INFO - Setting next_dagrun for example_dag_decorator to None, run_after=None
[2026-03-28T19:14:14.287+0500] {processor.py:183} INFO - Processing /home/abayturar/airflow-project/venv/lib/python3.12/site-packages/airflow/example_dags/example_dag_decorator.py took 0.195 seconds
[2026-03-28T19:15:23.124+0500] {processor.py:161} INFO - Started process (PID=27251) to work on /home/abayturar/airflow-project/venv/lib/python3.12/site-packages/airflow/example_dags/example_dag_decorator.py
[2026-03-28T19:15:23.125+0500] {processor.py:830} INFO - Processing file /home/abayturar/airflow-project/venv/lib/python3.12/site-packages/airflow/example_dags/example_dag_decorator.py for tasks to queue
[2026-03-28T19:15:23.128+0500] {logging_mixin.py:188} INFO - [2026-03-28T19:15:23.127+0500] {dagbag.py:545} INFO - Filling up the DagBag from /home/abayturar/airflow-project/venv/lib/python3.12/site-packages/airflow/example_dags/example_dag_decorator.py
[2026-03-28T19:15:23.217+0500] {processor.py:840} INFO - DAG(s) 'example_dag_decorator' retrieved from /home/abayturar/airflow-project/venv/lib/python3.12/site-packages/airflow/example_dags/example_dag_decorator.py
[2026-03-28T19:15:23.310+0500] {logging_mixin.py:188} INFO - [2026-03-28T19:15:23.310+0500] {dag.py:3089} INFO - Sync 1 DAGs
[2026-03-28T19:15:23.319+0500] {logging_mixin.py:188} INFO - [2026-03-28T19:15:23.318+0500] {dag.py:3947} INFO - Setting next_dagrun for example_dag_decorator to None, run_after=None
[2026-03-28T19:15:23.340+0500] {processor.py:183} INFO - Processing /home/abayturar/airflow-project/venv/lib/python3.12/site-packages/airflow/example_dags/example_dag_decorator.py took 0.223 seconds
[2026-03-28T19:16:32.017+0500] {processor.py:161} INFO - Started process (PID=27430) to work on /home/abayturar/airflow-project/venv/lib/python3.12/site-packages/airflow/example_dags/example_dag_decorator.py
[2026-03-28T19:16:32.018+0500] {processor.py:830} INFO - Processing file /home/abayturar/airflow-project/venv/lib/python3.12/site-packages/airflow/example_dags/example_dag_decorator.py for tasks to queue
[2026-03-28T19:16:32.020+0500] {logging_mixin.py:188} INFO - [2026-03-28T19:16:32.019+0500] {dagbag.py:545} INFO - Filling up the DagBag from /home/abayturar/airflow-project/venv/lib/python3.12/site-packages/airflow/example_dags/example_dag_decorator.py
[2026-03-28T19:16:32.092+0500] {processor.py:840} INFO - DAG(s) 'example_dag_decorator' retrieved from /home/abayturar/airflow-project/venv/lib/python3.12/site-packages/airflow/example_dags/example_dag_decorator.py
[2026-03-28T19:16:32.193+0500] {logging_mixin.py:188} INFO - [2026-03-28T19:16:32.192+0500] {dag.py:3089} INFO - Sync 1 DAGs
[2026-03-28T19:16:32.204+0500] {logging_mixin.py:188} INFO - [2026-03-28T19:16:32.204+0500] {dag.py:3947} INFO - Setting next_dagrun for example_dag_decorator to None, run_after=None
[2026-03-28T19:16:32.239+0500] {processor.py:183} INFO - Processing /home/abayturar/airflow-project/venv/lib/python3.12/site-packages/airflow/example_dags/example_dag_decorator.py took 0.229 seconds
[2026-03-28T19:17:41.404+0500] {processor.py:161} INFO - Started process (PID=27622) to work on /home/abayturar/airflow-project/venv/lib/python3.12/site-packages/airflow/example_dags/example_dag_decorator.py
[2026-03-28T19:17:41.404+0500] {processor.py:830} INFO - Processing file /home/abayturar/airflow-project/venv/lib/python3.12/site-packages/airflow/example_dags/example_dag_decorator.py for tasks to queue
[2026-03-28T19:17:41.406+0500] {logging_mixin.py:188} INFO - [2026-03-28T19:17:41.406+0500] {dagbag.py:545} INFO - Filling up the DagBag from /home/abayturar/airflow-project/venv/lib/python3.12/site-packages/airflow/example_dags/example_dag_decorator.py
[2026-03-28T19:17:41.478+0500] {processor.py:840} INFO - DAG(s) 'example_dag_decorator' retrieved from /home/abayturar/airflow-project/venv/lib/python3.12/site-packages/airflow/example_dags/example_dag_decorator.py
[2026-03-28T19:17:41.560+0500] {logging_mixin.py:188} INFO - [2026-03-28T19:17:41.560+0500] {dag.py:3089} INFO - Sync 1 DAGs
[2026-03-28T19:17:41.566+0500] {logging_mixin.py:188} INFO - [2026-03-28T19:17:41.566+0500] {dag.py:3947} INFO - Setting next_dagrun for example_dag_decorator to None, run_after=None
[2026-03-28T19:17:41.593+0500] {processor.py:183} INFO - Processing /home/abayturar/airflow-project/venv/lib/python3.12/site-packages/airflow/example_dags/example_dag_decorator.py took 0.195 seconds
[2026-03-28T19:18:46.722+0500] {processor.py:161} INFO - Started process (PID=27796) to work on /home/abayturar/airflow-project/venv/lib/python3.12/site-packages/airflow/example_dags/example_dag_decorator.py
[2026-03-28T19:18:46.723+0500] {processor.py:830} INFO - Processing file /home/abayturar/airflow-project/venv/lib/python3.12/site-packages/airflow/example_dags/example_dag_decorator.py for tasks to queue
[2026-03-28T19:18:46.725+0500] {logging_mixin.py:188} INFO - [2026-03-28T19:18:46.724+0500] {dagbag.py:545} INFO - Filling up the DagBag from /home/abayturar/airflow-project/venv/lib/python3.12/site-packages/airflow/example_dags/example_dag_decorator.py
[2026-03-28T19:18:46.797+0500] {processor.py:840} INFO - DAG(s) 'example_dag_decorator' retrieved from /home/abayturar/airflow-project/venv/lib/python3.12/site-packages/airflow/example_dags/example_dag_decorator.py
[2026-03-28T19:18:46.878+0500] {logging_mixin.py:188} INFO - [2026-03-28T19:18:46.878+0500] {dag.py:3089} INFO - Sync 1 DAGs
[2026-03-28T19:18:46.884+0500] {logging_mixin.py:188} INFO - [2026-03-28T19:18:46.884+0500] {dag.py:3947} INFO - Setting next_dagrun for example_dag_decorator to None, run_after=None
[2026-03-28T19:18:46.910+0500] {processor.py:183} INFO - Processing /home/abayturar/airflow-project/venv/lib/python3.12/site-packages/airflow/example_dags/example_dag_decorator.py took 0.194 seconds
[2026-03-28T19:19:57.856+0500] {processor.py:161} INFO - Started process (PID=27989) to work on /home/abayturar/airflow-project/venv/lib/python3.12/site-packages/airflow/example_dags/example_dag_decorator.py
[2026-03-28T19:19:57.857+0500] {processor.py:830} INFO - Processing file /home/abayturar/airflow-project/venv/lib/python3.12/site-packages/airflow/example_dags/example_dag_decorator.py for tasks to queue
[2026-03-28T19:19:57.858+0500] {logging_mixin.py:188} INFO - [2026-03-28T19:19:57.858+0500] {dagbag.py:545} INFO - Filling up the DagBag from /home/abayturar/airflow-project/venv/lib/python3.12/site-packages/airflow/example_dags/example_dag_decorator.py
[2026-03-28T19:19:57.934+0500] {processor.py:840} INFO - DAG(s) 'example_dag_decorator' retrieved from /home/abayturar/airflow-project/venv/lib/python3.12/site-packages/airflow/example_dags/example_dag_decorator.py
[2026-03-28T19:19:58.016+0500] {logging_mixin.py:188} INFO - [2026-03-28T19:19:58.016+0500] {dag.py:3089} INFO - Sync 1 DAGs
[2026-03-28T19:19:58.021+0500] {logging_mixin.py:188} INFO - [2026-03-28T19:19:58.021+0500] {dag.py:3947} INFO - Setting next_dagrun for example_dag_decorator to None, run_after=None
[2026-03-28T19:19:58.048+0500] {processor.py:183} INFO - Processing /home/abayturar/airflow-project/venv/lib/python3.12/site-packages/airflow/example_dags/example_dag_decorator.py took 0.198 seconds
[2026-03-28T19:21:07.144+0500] {processor.py:161} INFO - Started process (PID=28174) to work on /home/abayturar/airflow-project/venv/lib/python3.12/site-packages/airflow/example_dags/example_dag_decorator.py
[2026-03-28T19:21:07.144+0500] {processor.py:830} INFO - Processing file /home/abayturar/airflow-project/venv/lib/python3.12/site-packages/airflow/example_dags/example_dag_decorator.py for tasks to queue
[2026-03-28T19:21:07.146+0500] {logging_mixin.py:188} INFO - [2026-03-28T19:21:07.146+0500] {dagbag.py:545} INFO - Filling up the DagBag from /home/abayturar/airflow-project/venv/lib/python3.12/site-packages/airflow/example_dags/example_dag_decorator.py
[2026-03-28T19:21:07.217+0500] {processor.py:840} INFO - DAG(s) 'example_dag_decorator' retrieved from /home/abayturar/airflow-project/venv/lib/python3.12/site-packages/airflow/example_dags/example_dag_decorator.py
[2026-03-28T19:21:07.297+0500] {logging_mixin.py:188} INFO - [2026-03-28T19:21:07.297+0500] {dag.py:3089} INFO - Sync 1 DAGs
[2026-03-28T19:21:07.303+0500] {logging_mixin.py:188} INFO - [2026-03-28T19:21:07.303+0500] {dag.py:3947} INFO - Setting next_dagrun for example_dag_decorator to None, run_after=None
[2026-03-28T19:21:07.329+0500] {processor.py:183} INFO - Processing /home/abayturar/airflow-project/venv/lib/python3.12/site-packages/airflow/example_dags/example_dag_decorator.py took 0.191 seconds
[2026-03-28T19:22:12.595+0500] {processor.py:161} INFO - Started process (PID=28393) to work on /home/abayturar/airflow-project/venv/lib/python3.12/site-packages/airflow/example_dags/example_dag_decorator.py
[2026-03-28T19:22:12.596+0500] {processor.py:830} INFO - Processing file /home/abayturar/airflow-project/venv/lib/python3.12/site-packages/airflow/example_dags/example_dag_decorator.py for tasks to queue
[2026-03-28T19:22:12.598+0500] {logging_mixin.py:188} INFO - [2026-03-28T19:22:12.597+0500] {dagbag.py:545} INFO - Filling up the DagBag from /home/abayturar/airflow-project/venv/lib/python3.12/site-packages/airflow/example_dags/example_dag_decorator.py
[2026-03-28T19:22:12.670+0500] {processor.py:840} INFO - DAG(s) 'example_dag_decorator' retrieved from /home/abayturar/airflow-project/venv/lib/python3.12/site-packages/airflow/example_dags/example_dag_decorator.py
[2026-03-28T19:22:12.751+0500] {logging_mixin.py:188} INFO - [2026-03-28T19:22:12.750+0500] {dag.py:3089} INFO - Sync 1 DAGs
[2026-03-28T19:22:12.757+0500] {logging_mixin.py:188} INFO - [2026-03-28T19:22:12.756+0500] {dag.py:3947} INFO - Setting next_dagrun for example_dag_decorator to None, run_after=None
[2026-03-28T19:22:12.782+0500] {processor.py:183} INFO - Processing /home/abayturar/airflow-project/venv/lib/python3.12/site-packages/airflow/example_dags/example_dag_decorator.py took 0.193 seconds
[2026-03-28T19:23:19.643+0500] {processor.py:161} INFO - Started process (PID=28569) to work on /home/abayturar/airflow-project/venv/lib/python3.12/site-packages/airflow/example_dags/example_dag_decorator.py
[2026-03-28T19:23:19.644+0500] {processor.py:830} INFO - Processing file /home/abayturar/airflow-project/venv/lib/python3.12/site-packages/airflow/example_dags/example_dag_decorator.py for tasks to queue
[2026-03-28T19:23:19.646+0500] {logging_mixin.py:188} INFO - [2026-03-28T19:23:19.646+0500] {dagbag.py:545} INFO - Filling up the DagBag from /home/abayturar/airflow-project/venv/lib/python3.12/site-packages/airflow/example_dags/example_dag_decorator.py
[2026-03-28T19:23:19.746+0500] {processor.py:840} INFO - DAG(s) 'example_dag_decorator' retrieved from /home/abayturar/airflow-project/venv/lib/python3.12/site-packages/airflow/example_dags/example_dag_decorator.py
[2026-03-28T19:23:19.831+0500] {logging_mixin.py:188} INFO - [2026-03-28T19:23:19.831+0500] {dag.py:3089} INFO - Sync 1 DAGs
[2026-03-28T19:23:19.837+0500] {logging_mixin.py:188} INFO - [2026-03-28T19:23:19.837+0500] {dag.py:3947} INFO - Setting next_dagrun for example_dag_decorator to None, run_after=None
[2026-03-28T19:23:19.852+0500] {processor.py:183} INFO - Processing /home/abayturar/airflow-project/venv/lib/python3.12/site-packages/airflow/example_dags/example_dag_decorator.py took 0.216 seconds
[2026-03-28T19:24:28.926+0500] {processor.py:161} INFO - Started process (PID=28761) to work on /home/abayturar/airflow-project/venv/lib/python3.12/site-packages/airflow/example_dags/example_dag_decorator.py
[2026-03-28T19:24:28.927+0500] {processor.py:830} INFO - Processing file /home/abayturar/airflow-project/venv/lib/python3.12/site-packages/airflow/example_dags/example_dag_decorator.py for tasks to queue
[2026-03-28T19:24:28.929+0500] {logging_mixin.py:188} INFO - [2026-03-28T19:24:28.928+0500] {dagbag.py:545} INFO - Filling up the DagBag from /home/abayturar/airflow-project/venv/lib/python3.12/site-packages/airflow/example_dags/example_dag_decorator.py
[2026-03-28T19:24:29.000+0500] {processor.py:840} INFO - DAG(s) 'example_dag_decorator' retrieved from /home/abayturar/airflow-project/venv/lib/python3.12/site-packages/airflow/example_dags/example_dag_decorator.py
[2026-03-28T19:24:29.015+0500] {logging_mixin.py:188} INFO - [2026-03-28T19:24:29.015+0500] {dag.py:3089} INFO - Sync 1 DAGs
[2026-03-28T19:24:29.024+0500] {logging_mixin.py:188} INFO - [2026-03-28T19:24:29.024+0500] {dag.py:3947} INFO - Setting next_dagrun for example_dag_decorator to None, run_after=None
[2026-03-28T19:24:29.039+0500] {processor.py:183} INFO - Processing /home/abayturar/airflow-project/venv/lib/python3.12/site-packages/airflow/example_dags/example_dag_decorator.py took 0.119 seconds
[2026-03-28T19:25:38.470+0500] {processor.py:161} INFO - Started process (PID=28944) to work on /home/abayturar/airflow-project/venv/lib/python3.12/site-packages/airflow/example_dags/example_dag_decorator.py
[2026-03-28T19:25:38.471+0500] {processor.py:830} INFO - Processing file /home/abayturar/airflow-project/venv/lib/python3.12/site-packages/airflow/example_dags/example_dag_decorator.py for tasks to queue
[2026-03-28T19:25:38.472+0500] {logging_mixin.py:188} INFO - [2026-03-28T19:25:38.472+0500] {dagbag.py:545} INFO - Filling up the DagBag from /home/abayturar/airflow-project/venv/lib/python3.12/site-packages/airflow/example_dags/example_dag_decorator.py
[2026-03-28T19:25:38.548+0500] {processor.py:840} INFO - DAG(s) 'example_dag_decorator' retrieved from /home/abayturar/airflow-project/venv/lib/python3.12/site-packages/airflow/example_dags/example_dag_decorator.py
[2026-03-28T19:25:38.631+0500] {logging_mixin.py:188} INFO - [2026-03-28T19:25:38.631+0500] {dag.py:3089} INFO - Sync 1 DAGs
[2026-03-28T19:25:38.638+0500] {logging_mixin.py:188} INFO - [2026-03-28T19:25:38.638+0500] {dag.py:3947} INFO - Setting next_dagrun for example_dag_decorator to None, run_after=None
[2026-03-28T19:25:38.667+0500] {processor.py:183} INFO - Processing /home/abayturar/airflow-project/venv/lib/python3.12/site-packages/airflow/example_dags/example_dag_decorator.py took 0.203 seconds
[2026-03-28T19:26:47.965+0500] {processor.py:161} INFO - Started process (PID=29136) to work on /home/abayturar/airflow-project/venv/lib/python3.12/site-packages/airflow/example_dags/example_dag_decorator.py
[2026-03-28T19:26:47.966+0500] {processor.py:830} INFO - Processing file /home/abayturar/airflow-project/venv/lib/python3.12/site-packages/airflow/example_dags/example_dag_decorator.py for tasks to queue
[2026-03-28T19:26:47.967+0500] {logging_mixin.py:188} INFO - [2026-03-28T19:26:47.967+0500] {dagbag.py:545} INFO - Filling up the DagBag from /home/abayturar/airflow-project/venv/lib/python3.12/site-packages/airflow/example_dags/example_dag_decorator.py
[2026-03-28T19:26:48.039+0500] {processor.py:840} INFO - DAG(s) 'example_dag_decorator' retrieved from /home/abayturar/airflow-project/venv/lib/python3.12/site-packages/airflow/example_dags/example_dag_decorator.py
[2026-03-28T19:26:48.225+0500] {logging_mixin.py:188} INFO - [2026-03-28T19:26:48.224+0500] {dag.py:3089} INFO - Sync 1 DAGs
[2026-03-28T19:26:48.231+0500] {logging_mixin.py:188} INFO - [2026-03-28T19:26:48.231+0500] {dag.py:3947} INFO - Setting next_dagrun for example_dag_decorator to None, run_after=None
[2026-03-28T19:26:48.248+0500] {processor.py:183} INFO - Processing /home/abayturar/airflow-project/venv/lib/python3.12/site-packages/airflow/example_dags/example_dag_decorator.py took 0.290 seconds
[2026-03-28T19:28:00.202+0500] {processor.py:161} INFO - Started process (PID=29327) to work on /home/abayturar/airflow-project/venv/lib/python3.12/site-packages/airflow/example_dags/example_dag_decorator.py
[2026-03-28T19:28:00.204+0500] {processor.py:830} INFO - Processing file /home/abayturar/airflow-project/venv/lib/python3.12/site-packages/airflow/example_dags/example_dag_decorator.py for tasks to queue
[2026-03-28T19:28:00.205+0500] {logging_mixin.py:188} INFO - [2026-03-28T19:28:00.205+0500] {dagbag.py:545} INFO - Filling up the DagBag from /home/abayturar/airflow-project/venv/lib/python3.12/site-packages/airflow/example_dags/example_dag_decorator.py
[2026-03-28T19:28:00.309+0500] {processor.py:840} INFO - DAG(s) 'example_dag_decorator' retrieved from /home/abayturar/airflow-project/venv/lib/python3.12/site-packages/airflow/example_dags/example_dag_decorator.py
[2026-03-28T19:28:00.508+0500] {logging_mixin.py:188} INFO - [2026-03-28T19:28:00.508+0500] {dag.py:3089} INFO - Sync 1 DAGs
[2026-03-28T19:28:00.513+0500] {logging_mixin.py:188} INFO - [2026-03-28T19:28:00.513+0500] {dag.py:3947} INFO - Setting next_dagrun for example_dag_decorator to None, run_after=None
[2026-03-28T19:28:00.527+0500] {processor.py:183} INFO - Processing /home/abayturar/airflow-project/venv/lib/python3.12/site-packages/airflow/example_dags/example_dag_decorator.py took 0.331 seconds
[2026-03-28T19:29:13.728+0500] {processor.py:161} INFO - Started process (PID=29591) to work on /home/abayturar/airflow-project/venv/lib/python3.12/site-packages/airflow/example_dags/example_dag_decorator.py
[2026-03-28T19:29:13.728+0500] {processor.py:830} INFO - Processing file /home/abayturar/airflow-project/venv/lib/python3.12/site-packages/airflow/example_dags/example_dag_decorator.py for tasks to queue
[2026-03-28T19:29:13.730+0500] {logging_mixin.py:188} INFO - [2026-03-28T19:29:13.730+0500] {dagbag.py:545} INFO - Filling up the DagBag from /home/abayturar/airflow-project/venv/lib/python3.12/site-packages/airflow/example_dags/example_dag_decorator.py
[2026-03-28T19:29:13.808+0500] {processor.py:840} INFO - DAG(s) 'example_dag_decorator' retrieved from /home/abayturar/airflow-project/venv/lib/python3.12/site-packages/airflow/example_dags/example_dag_decorator.py
[2026-03-28T19:29:13.977+0500] {logging_mixin.py:188} INFO - [2026-03-28T19:29:13.977+0500] {dag.py:3089} INFO - Sync 1 DAGs
[2026-03-28T19:29:13.982+0500] {logging_mixin.py:188} INFO - [2026-03-28T19:29:13.982+0500] {dag.py:3947} INFO - Setting next_dagrun for example_dag_decorator to None, run_after=None
[2026-03-28T19:29:14.008+0500] {processor.py:183} INFO - Processing /home/abayturar/airflow-project/venv/lib/python3.12/site-packages/airflow/example_dags/example_dag_decorator.py took 0.287 seconds
[2026-03-28T19:30:29.700+0500] {processor.py:161} INFO - Started process (PID=29813) to work on /home/abayturar/airflow-project/venv/lib/python3.12/site-packages/airflow/example_dags/example_dag_decorator.py
[2026-03-28T19:30:29.701+0500] {processor.py:830} INFO - Processing file /home/abayturar/airflow-project/venv/lib/python3.12/site-packages/airflow/example_dags/example_dag_decorator.py for tasks to queue
[2026-03-28T19:30:29.702+0500] {logging_mixin.py:188} INFO - [2026-03-28T19:30:29.702+0500] {dagbag.py:545} INFO - Filling up the DagBag from /home/abayturar/airflow-project/venv/lib/python3.12/site-packages/airflow/example_dags/example_dag_decorator.py
[2026-03-28T19:30:29.782+0500] {processor.py:840} INFO - DAG(s) 'example_dag_decorator' retrieved from /home/abayturar/airflow-project/venv/lib/python3.12/site-packages/airflow/example_dags/example_dag_decorator.py
[2026-03-28T19:30:29.958+0500] {logging_mixin.py:188} INFO - [2026-03-28T19:30:29.958+0500] {dag.py:3089} INFO - Sync 1 DAGs
[2026-03-28T19:30:29.964+0500] {logging_mixin.py:188} INFO - [2026-03-28T19:30:29.964+0500] {dag.py:3947} INFO - Setting next_dagrun for example_dag_decorator to None, run_after=None
[2026-03-28T19:30:29.990+0500] {processor.py:183} INFO - Processing /home/abayturar/airflow-project/venv/lib/python3.12/site-packages/airflow/example_dags/example_dag_decorator.py took 0.296 seconds
[2026-03-28T19:31:19.812+0500] {processor.py:161} INFO - Started process (PID=29962) to work on /home/abayturar/airflow-project/venv/lib/python3.12/site-packages/airflow/example_dags/example_dag_decorator.py
[2026-03-28T19:31:19.813+0500] {processor.py:830} INFO - Processing file /home/abayturar/airflow-project/venv/lib/python3.12/site-packages/airflow/example_dags/example_dag_decorator.py for tasks to queue
[2026-03-28T19:31:19.815+0500] {logging_mixin.py:188} INFO - [2026-03-28T19:31:19.814+0500] {dagbag.py:545} INFO - Filling up the DagBag from /home/abayturar/airflow-project/venv/lib/python3.12/site-packages/airflow/example_dags/example_dag_decorator.py
[2026-03-28T19:31:19.902+0500] {processor.py:840} INFO - DAG(s) 'example_dag_decorator' retrieved from /home/abayturar/airflow-project/venv/lib/python3.12/site-packages/airflow/example_dags/example_dag_decorator.py
[2026-03-28T19:31:20.102+0500] {logging_mixin.py:188} INFO - [2026-03-28T19:31:20.102+0500] {dag.py:3089} INFO - Sync 1 DAGs
[2026-03-28T19:31:20.108+0500] {logging_mixin.py:188} INFO - [2026-03-28T19:31:20.108+0500] {dag.py:3947} INFO - Setting next_dagrun for example_dag_decorator to None, run_after=None
[2026-03-28T19:31:20.128+0500] {processor.py:183} INFO - Processing /home/abayturar/airflow-project/venv/lib/python3.12/site-packages/airflow/example_dags/example_dag_decorator.py took 0.325 seconds
[2026-03-28T19:32:11.338+0500] {processor.py:161} INFO - Started process (PID=30112) to work on /home/abayturar/airflow-project/venv/lib/python3.12/site-packages/airflow/example_dags/example_dag_decorator.py
[2026-03-28T19:32:11.339+0500] {processor.py:830} INFO - Processing file /home/abayturar/airflow-project/venv/lib/python3.12/site-packages/airflow/example_dags/example_dag_decorator.py for tasks to queue
[2026-03-28T19:32:11.341+0500] {logging_mixin.py:188} INFO - [2026-03-28T19:32:11.341+0500] {dagbag.py:545} INFO - Filling up the DagBag from /home/abayturar/airflow-project/venv/lib/python3.12/site-packages/airflow/example_dags/example_dag_decorator.py
[2026-03-28T19:32:11.420+0500] {processor.py:840} INFO - DAG(s) 'example_dag_decorator' retrieved from /home/abayturar/airflow-project/venv/lib/python3.12/site-packages/airflow/example_dags/example_dag_decorator.py
[2026-03-28T19:32:11.608+0500] {logging_mixin.py:188} INFO - [2026-03-28T19:32:11.607+0500] {dag.py:3089} INFO - Sync 1 DAGs
[2026-03-28T19:32:11.613+0500] {logging_mixin.py:188} INFO - [2026-03-28T19:32:11.613+0500] {dag.py:3947} INFO - Setting next_dagrun for example_dag_decorator to None, run_after=None
[2026-03-28T19:32:11.640+0500] {processor.py:183} INFO - Processing /home/abayturar/airflow-project/venv/lib/python3.12/site-packages/airflow/example_dags/example_dag_decorator.py took 0.308 seconds
[2026-03-28T19:33:04.933+0500] {processor.py:161} INFO - Started process (PID=30261) to work on /home/abayturar/airflow-project/venv/lib/python3.12/site-packages/airflow/example_dags/example_dag_decorator.py
[2026-03-28T19:33:04.934+0500] {processor.py:830} INFO - Processing file /home/abayturar/airflow-project/venv/lib/python3.12/site-packages/airflow/example_dags/example_dag_decorator.py for tasks to queue
[2026-03-28T19:33:04.936+0500] {logging_mixin.py:188} INFO - [2026-03-28T19:33:04.935+0500] {dagbag.py:545} INFO - Filling up the DagBag from /home/abayturar/airflow-project/venv/lib/python3.12/site-packages/airflow/example_dags/example_dag_decorator.py
[2026-03-28T19:33:05.018+0500] {processor.py:840} INFO - DAG(s) 'example_dag_decorator' retrieved from /home/abayturar/airflow-project/venv/lib/python3.12/site-packages/airflow/example_dags/example_dag_decorator.py
[2026-03-28T19:33:05.189+0500] {logging_mixin.py:188} INFO - [2026-03-28T19:33:05.189+0500] {dag.py:3089} INFO - Sync 1 DAGs
[2026-03-28T19:33:05.194+0500] {logging_mixin.py:188} INFO - [2026-03-28T19:33:05.194+0500] {dag.py:3947} INFO - Setting next_dagrun for example_dag_decorator to None, run_after=None
[2026-03-28T19:33:05.218+0500] {processor.py:183} INFO - Processing /home/abayturar/airflow-project/venv/lib/python3.12/site-packages/airflow/example_dags/example_dag_decorator.py took 0.292 seconds
[2026-03-28T19:33:55.538+0500] {processor.py:161} INFO - Started process (PID=30410) to work on /home/abayturar/airflow-project/venv/lib/python3.12/site-packages/airflow/example_dags/example_dag_decorator.py
[2026-03-28T19:33:55.539+0500] {processor.py:830} INFO - Processing file /home/abayturar/airflow-project/venv/lib/python3.12/site-packages/airflow/example_dags/example_dag_decorator.py for tasks to queue
[2026-03-28T19:33:55.542+0500] {logging_mixin.py:188} INFO - [2026-03-28T19:33:55.541+0500] {dagbag.py:545} INFO - Filling up the DagBag from /home/abayturar/airflow-project/venv/lib/python3.12/site-packages/airflow/example_dags/example_dag_decorator.py
[2026-03-28T19:33:55.737+0500] {processor.py:840} INFO - DAG(s) 'example_dag_decorator' retrieved from /home/abayturar/airflow-project/venv/lib/python3.12/site-packages/airflow/example_dags/example_dag_decorator.py
[2026-03-28T19:33:55.821+0500] {logging_mixin.py:188} INFO - [2026-03-28T19:33:55.820+0500] {dag.py:3089} INFO - Sync 1 DAGs
[2026-03-28T19:33:55.830+0500] {logging_mixin.py:188} INFO - [2026-03-28T19:33:55.829+0500] {dag.py:3947} INFO - Setting next_dagrun for example_dag_decorator to None, run_after=None
[2026-03-28T19:33:55.862+0500] {processor.py:183} INFO - Processing /home/abayturar/airflow-project/venv/lib/python3.12/site-packages/airflow/example_dags/example_dag_decorator.py took 0.333 seconds
[2026-03-28T19:35:53.560+0500] {processor.py:161} INFO - Started process (PID=30720) to work on /home/abayturar/airflow-project/venv/lib/python3.12/site-packages/airflow/example_dags/example_dag_decorator.py
[2026-03-28T19:35:53.561+0500] {processor.py:830} INFO - Processing file /home/abayturar/airflow-project/venv/lib/python3.12/site-packages/airflow/example_dags/example_dag_decorator.py for tasks to queue
[2026-03-28T19:35:53.562+0500] {logging_mixin.py:188} INFO - [2026-03-28T19:35:53.562+0500] {dagbag.py:545} INFO - Filling up the DagBag from /home/abayturar/airflow-project/venv/lib/python3.12/site-packages/airflow/example_dags/example_dag_decorator.py
[2026-03-28T19:35:53.636+0500] {processor.py:840} INFO - DAG(s) 'example_dag_decorator' retrieved from /home/abayturar/airflow-project/venv/lib/python3.12/site-packages/airflow/example_dags/example_dag_decorator.py
[2026-03-28T19:35:53.716+0500] {logging_mixin.py:188} INFO - [2026-03-28T19:35:53.716+0500] {dag.py:3089} INFO - Sync 1 DAGs
[2026-03-28T19:35:53.722+0500] {logging_mixin.py:188} INFO - [2026-03-28T19:35:53.721+0500] {dag.py:3947} INFO - Setting next_dagrun for example_dag_decorator to None, run_after=None
[2026-03-28T19:35:53.736+0500] {processor.py:183} INFO - Processing /home/abayturar/airflow-project/venv/lib/python3.12/site-packages/airflow/example_dags/example_dag_decorator.py took 0.184 seconds
[2026-03-28T19:36:46.779+0500] {processor.py:161} INFO - Started process (PID=30861) to work on /home/abayturar/airflow-project/venv/lib/python3.12/site-packages/airflow/example_dags/example_dag_decorator.py
[2026-03-28T19:36:46.780+0500] {processor.py:830} INFO - Processing file /home/abayturar/airflow-project/venv/lib/python3.12/site-packages/airflow/example_dags/example_dag_decorator.py for tasks to queue
[2026-03-28T19:36:46.781+0500] {logging_mixin.py:188} INFO - [2026-03-28T19:36:46.781+0500] {dagbag.py:545} INFO - Filling up the DagBag from /home/abayturar/airflow-project/venv/lib/python3.12/site-packages/airflow/example_dags/example_dag_decorator.py
[2026-03-28T19:36:46.865+0500] {processor.py:840} INFO - DAG(s) 'example_dag_decorator' retrieved from /home/abayturar/airflow-project/venv/lib/python3.12/site-packages/airflow/example_dags/example_dag_decorator.py
[2026-03-28T19:36:46.968+0500] {logging_mixin.py:188} INFO - [2026-03-28T19:36:46.968+0500] {dag.py:3089} INFO - Sync 1 DAGs
[2026-03-28T19:36:46.981+0500] {logging_mixin.py:188} INFO - [2026-03-28T19:36:46.980+0500] {dag.py:3947} INFO - Setting next_dagrun for example_dag_decorator to None, run_after=None
[2026-03-28T19:36:47.019+0500] {processor.py:183} INFO - Processing /home/abayturar/airflow-project/venv/lib/python3.12/site-packages/airflow/example_dags/example_dag_decorator.py took 0.247 seconds
[2026-03-28T19:37:39.064+0500] {processor.py:161} INFO - Started process (PID=31004) to work on /home/abayturar/airflow-project/venv/lib/python3.12/site-packages/airflow/example_dags/example_dag_decorator.py
[2026-03-28T19:37:39.065+0500] {processor.py:830} INFO - Processing file /home/abayturar/airflow-project/venv/lib/python3.12/site-packages/airflow/example_dags/example_dag_decorator.py for tasks to queue
[2026-03-28T19:37:39.067+0500] {logging_mixin.py:188} INFO - [2026-03-28T19:37:39.067+0500] {dagbag.py:545} INFO - Filling up the DagBag from /home/abayturar/airflow-project/venv/lib/python3.12/site-packages/airflow/example_dags/example_dag_decorator.py
[2026-03-28T19:37:39.138+0500] {processor.py:840} INFO - DAG(s) 'example_dag_decorator' retrieved from /home/abayturar/airflow-project/venv/lib/python3.12/site-packages/airflow/example_dags/example_dag_decorator.py
[2026-03-28T19:37:39.220+0500] {logging_mixin.py:188} INFO - [2026-03-28T19:37:39.220+0500] {dag.py:3089} INFO - Sync 1 DAGs
[2026-03-28T19:37:39.227+0500] {logging_mixin.py:188} INFO - [2026-03-28T19:37:39.226+0500] {dag.py:3947} INFO - Setting next_dagrun for example_dag_decorator to None, run_after=None
[2026-03-28T19:37:39.242+0500] {processor.py:183} INFO - Processing /home/abayturar/airflow-project/venv/lib/python3.12/site-packages/airflow/example_dags/example_dag_decorator.py took 0.183 seconds
[2026-03-28T19:38:47.233+0500] {processor.py:161} INFO - Started process (PID=31194) to work on /home/abayturar/airflow-project/venv/lib/python3.12/site-packages/airflow/example_dags/example_dag_decorator.py
[2026-03-28T19:38:47.234+0500] {processor.py:830} INFO - Processing file /home/abayturar/airflow-project/venv/lib/python3.12/site-packages/airflow/example_dags/example_dag_decorator.py for tasks to queue
[2026-03-28T19:38:47.235+0500] {logging_mixin.py:188} INFO - [2026-03-28T19:38:47.235+0500] {dagbag.py:545} INFO - Filling up the DagBag from /home/abayturar/airflow-project/venv/lib/python3.12/site-packages/airflow/example_dags/example_dag_decorator.py
[2026-03-28T19:38:47.312+0500] {processor.py:840} INFO - DAG(s) 'example_dag_decorator' retrieved from /home/abayturar/airflow-project/venv/lib/python3.12/site-packages/airflow/example_dags/example_dag_decorator.py
[2026-03-28T19:38:47.398+0500] {logging_mixin.py:188} INFO - [2026-03-28T19:38:47.398+0500] {dag.py:3089} INFO - Sync 1 DAGs
[2026-03-28T19:38:47.404+0500] {logging_mixin.py:188} INFO - [2026-03-28T19:38:47.404+0500] {dag.py:3947} INFO - Setting next_dagrun for example_dag_decorator to None, run_after=None
[2026-03-28T19:38:47.432+0500] {processor.py:183} INFO - Processing /home/abayturar/airflow-project/venv/lib/python3.12/site-packages/airflow/example_dags/example_dag_decorator.py took 0.205 seconds
[2026-03-28T19:39:54.156+0500] {processor.py:161} INFO - Started process (PID=31371) to work on /home/abayturar/airflow-project/venv/lib/python3.12/site-packages/airflow/example_dags/example_dag_decorator.py
[2026-03-28T19:39:54.157+0500] {processor.py:830} INFO - Processing file /home/abayturar/airflow-project/venv/lib/python3.12/site-packages/airflow/example_dags/example_dag_decorator.py for tasks to queue
[2026-03-28T19:39:54.159+0500] {logging_mixin.py:188} INFO - [2026-03-28T19:39:54.158+0500] {dagbag.py:545} INFO - Filling up the DagBag from /home/abayturar/airflow-project/venv/lib/python3.12/site-packages/airflow/example_dags/example_dag_decorator.py
[2026-03-28T19:39:54.249+0500] {processor.py:840} INFO - DAG(s) 'example_dag_decorator' retrieved from /home/abayturar/airflow-project/venv/lib/python3.12/site-packages/airflow/example_dags/example_dag_decorator.py
[2026-03-28T19:39:54.481+0500] {logging_mixin.py:188} INFO - [2026-03-28T19:39:54.480+0500] {dag.py:3089} INFO - Sync 1 DAGs
[2026-03-28T19:39:54.489+0500] {logging_mixin.py:188} INFO - [2026-03-28T19:39:54.489+0500] {dag.py:3947} INFO - Setting next_dagrun for example_dag_decorator to None, run_after=None
[2026-03-28T19:39:54.507+0500] {processor.py:183} INFO - Processing /home/abayturar/airflow-project/venv/lib/python3.12/site-packages/airflow/example_dags/example_dag_decorator.py took 0.357 seconds
[2026-03-28T19:41:02.440+0500] {processor.py:161} INFO - Started process (PID=31562) to work on /home/abayturar/airflow-project/venv/lib/python3.12/site-packages/airflow/example_dags/example_dag_decorator.py
[2026-03-28T19:41:02.441+0500] {processor.py:830} INFO - Processing file /home/abayturar/airflow-project/venv/lib/python3.12/site-packages/airflow/example_dags/example_dag_decorator.py for tasks to queue
[2026-03-28T19:41:02.443+0500] {logging_mixin.py:188} INFO - [2026-03-28T19:41:02.442+0500] {dagbag.py:545} INFO - Filling up the DagBag from /home/abayturar/airflow-project/venv/lib/python3.12/site-packages/airflow/example_dags/example_dag_decorator.py
[2026-03-28T19:41:02.512+0500] {processor.py:840} INFO - DAG(s) 'example_dag_decorator' retrieved from /home/abayturar/airflow-project/venv/lib/python3.12/site-packages/airflow/example_dags/example_dag_decorator.py
[2026-03-28T19:41:02.594+0500] {logging_mixin.py:188} INFO - [2026-03-28T19:41:02.594+0500] {dag.py:3089} INFO - Sync 1 DAGs
[2026-03-28T19:41:02.683+0500] {logging_mixin.py:188} INFO - [2026-03-28T19:41:02.683+0500] {dag.py:3947} INFO - Setting next_dagrun for example_dag_decorator to None, run_after=None
[2026-03-28T19:41:02.707+0500] {processor.py:183} INFO - Processing /home/abayturar/airflow-project/venv/lib/python3.12/site-packages/airflow/example_dags/example_dag_decorator.py took 0.273 seconds
[2026-03-28T19:42:10.736+0500] {processor.py:161} INFO - Started process (PID=31742) to work on /home/abayturar/airflow-project/venv/lib/python3.12/site-packages/airflow/example_dags/example_dag_decorator.py
[2026-03-28T19:42:10.737+0500] {processor.py:830} INFO - Processing file /home/abayturar/airflow-project/venv/lib/python3.12/site-packages/airflow/example_dags/example_dag_decorator.py for tasks to queue
[2026-03-28T19:42:10.738+0500] {logging_mixin.py:188} INFO - [2026-03-28T19:42:10.738+0500] {dagbag.py:545} INFO - Filling up the DagBag from /home/abayturar/airflow-project/venv/lib/python3.12/site-packages/airflow/example_dags/example_dag_decorator.py
[2026-03-28T19:42:10.811+0500] {processor.py:840} INFO - DAG(s) 'example_dag_decorator' retrieved from /home/abayturar/airflow-project/venv/lib/python3.12/site-packages/airflow/example_dags/example_dag_decorator.py
[2026-03-28T19:42:10.894+0500] {logging_mixin.py:188} INFO - [2026-03-28T19:42:10.894+0500] {dag.py:3089} INFO - Sync 1 DAGs
[2026-03-28T19:42:10.991+0500] {logging_mixin.py:188} INFO - [2026-03-28T19:42:10.990+0500] {dag.py:3947} INFO - Setting next_dagrun for example_dag_decorator to None, run_after=None
[2026-03-28T19:42:11.016+0500] {processor.py:183} INFO - Processing /home/abayturar/airflow-project/venv/lib/python3.12/site-packages/airflow/example_dags/example_dag_decorator.py took 0.286 seconds
[2026-03-28T19:43:04.447+0500] {processor.py:161} INFO - Started process (PID=31883) to work on /home/abayturar/airflow-project/venv/lib/python3.12/site-packages/airflow/example_dags/example_dag_decorator.py
[2026-03-28T19:43:04.448+0500] {processor.py:830} INFO - Processing file /home/abayturar/airflow-project/venv/lib/python3.12/site-packages/airflow/example_dags/example_dag_decorator.py for tasks to queue
[2026-03-28T19:43:04.451+0500] {logging_mixin.py:188} INFO - [2026-03-28T19:43:04.451+0500] {dagbag.py:545} INFO - Filling up the DagBag from /home/abayturar/airflow-project/venv/lib/python3.12/site-packages/airflow/example_dags/example_dag_decorator.py
[2026-03-28T19:43:04.544+0500] {processor.py:840} INFO - DAG(s) 'example_dag_decorator' retrieved from /home/abayturar/airflow-project/venv/lib/python3.12/site-packages/airflow/example_dags/example_dag_decorator.py
[2026-03-28T19:43:04.707+0500] {logging_mixin.py:188} INFO - [2026-03-28T19:43:04.707+0500] {dag.py:3089} INFO - Sync 1 DAGs
[2026-03-28T19:43:04.712+0500] {logging_mixin.py:188} INFO - [2026-03-28T19:43:04.712+0500] {dag.py:3947} INFO - Setting next_dagrun for example_dag_decorator to None, run_after=None
[2026-03-28T19:43:04.736+0500] {processor.py:183} INFO - Processing /home/abayturar/airflow-project/venv/lib/python3.12/site-packages/airflow/example_dags/example_dag_decorator.py took 0.297 seconds
[2026-03-28T19:44:15.344+0500] {processor.py:161} INFO - Started process (PID=32075) to work on /home/abayturar/airflow-project/venv/lib/python3.12/site-packages/airflow/example_dags/example_dag_decorator.py
[2026-03-28T19:44:15.345+0500] {processor.py:830} INFO - Processing file /home/abayturar/airflow-project/venv/lib/python3.12/site-packages/airflow/example_dags/example_dag_decorator.py for tasks to queue
[2026-03-28T19:44:15.346+0500] {logging_mixin.py:188} INFO - [2026-03-28T19:44:15.346+0500] {dagbag.py:545} INFO - Filling up the DagBag from /home/abayturar/airflow-project/venv/lib/python3.12/site-packages/airflow/example_dags/example_dag_decorator.py
[2026-03-28T19:44:15.416+0500] {processor.py:840} INFO - DAG(s) 'example_dag_decorator' retrieved from /home/abayturar/airflow-project/venv/lib/python3.12/site-packages/airflow/example_dags/example_dag_decorator.py
[2026-03-28T19:44:15.579+0500] {logging_mixin.py:188} INFO - [2026-03-28T19:44:15.579+0500] {dag.py:3089} INFO - Sync 1 DAGs
[2026-03-28T19:44:15.584+0500] {logging_mixin.py:188} INFO - [2026-03-28T19:44:15.584+0500] {dag.py:3947} INFO - Setting next_dagrun for example_dag_decorator to None, run_after=None
[2026-03-28T19:44:15.608+0500] {processor.py:183} INFO - Processing /home/abayturar/airflow-project/venv/lib/python3.12/site-packages/airflow/example_dags/example_dag_decorator.py took 0.270 seconds
