[2026-03-28T15:21:12.668+0500] {processor.py:161} INFO - Started process (PID=11831) to work on /home/abayturar/airflow-project/venv/lib/python3.12/site-packages/airflow/example_dags/example_task_group.py
[2026-03-28T15:21:12.669+0500] {processor.py:830} INFO - Processing file /home/abayturar/airflow-project/venv/lib/python3.12/site-packages/airflow/example_dags/example_task_group.py for tasks to queue
[2026-03-28T15:21:12.671+0500] {logging_mixin.py:188} INFO - [2026-03-28T15:21:12.670+0500] {dagbag.py:545} INFO - Filling up the DagBag from /home/abayturar/airflow-project/venv/lib/python3.12/site-packages/airflow/example_dags/example_task_group.py
[2026-03-28T15:21:12.693+0500] {processor.py:840} INFO - DAG(s) 'example_task_group' retrieved from /home/abayturar/airflow-project/venv/lib/python3.12/site-packages/airflow/example_dags/example_task_group.py
[2026-03-28T15:21:12.786+0500] {logging_mixin.py:188} INFO - [2026-03-28T15:21:12.786+0500] {override.py:1858} INFO - Created Permission View: can edit on DAG:example_task_group
[2026-03-28T15:21:12.793+0500] {logging_mixin.py:188} INFO - [2026-03-28T15:21:12.793+0500] {override.py:1858} INFO - Created Permission View: can read on DAG:example_task_group
[2026-03-28T15:21:12.798+0500] {logging_mixin.py:188} INFO - [2026-03-28T15:21:12.798+0500] {override.py:1858} INFO - Created Permission View: can delete on DAG:example_task_group
[2026-03-28T15:21:12.798+0500] {logging_mixin.py:188} INFO - [2026-03-28T15:21:12.798+0500] {dag.py:3089} INFO - Sync 1 DAGs
[2026-03-28T15:21:12.806+0500] {logging_mixin.py:188} INFO - [2026-03-28T15:21:12.805+0500] {dag.py:3111} INFO - Creating ORM DAG for example_task_group
[2026-03-28T15:21:12.814+0500] {logging_mixin.py:188} INFO - [2026-03-28T15:21:12.814+0500] {dag.py:3947} INFO - Setting next_dagrun for example_task_group to 2026-03-27 00:00:00+00:00, run_after=2026-03-28 00:00:00+00:00
[2026-03-28T15:21:12.827+0500] {processor.py:183} INFO - Processing /home/abayturar/airflow-project/venv/lib/python3.12/site-packages/airflow/example_dags/example_task_group.py took 0.165 seconds
[2026-03-28T15:22:08.569+0500] {processor.py:161} INFO - Started process (PID=11980) to work on /home/abayturar/airflow-project/venv/lib/python3.12/site-packages/airflow/example_dags/example_task_group.py
[2026-03-28T15:22:08.570+0500] {processor.py:830} INFO - Processing file /home/abayturar/airflow-project/venv/lib/python3.12/site-packages/airflow/example_dags/example_task_group.py for tasks to queue
[2026-03-28T15:22:08.572+0500] {logging_mixin.py:188} INFO - [2026-03-28T15:22:08.572+0500] {dagbag.py:545} INFO - Filling up the DagBag from /home/abayturar/airflow-project/venv/lib/python3.12/site-packages/airflow/example_dags/example_task_group.py
[2026-03-28T15:22:08.580+0500] {processor.py:840} INFO - DAG(s) 'example_task_group' retrieved from /home/abayturar/airflow-project/venv/lib/python3.12/site-packages/airflow/example_dags/example_task_group.py
[2026-03-28T15:22:08.599+0500] {logging_mixin.py:188} INFO - [2026-03-28T15:22:08.598+0500] {dag.py:3089} INFO - Sync 1 DAGs
[2026-03-28T15:22:08.616+0500] {logging_mixin.py:188} INFO - [2026-03-28T15:22:08.616+0500] {dag.py:3947} INFO - Setting next_dagrun for example_task_group to 2026-03-27 00:00:00+00:00, run_after=2026-03-28 00:00:00+00:00
[2026-03-28T15:22:08.648+0500] {processor.py:183} INFO - Processing /home/abayturar/airflow-project/venv/lib/python3.12/site-packages/airflow/example_dags/example_task_group.py took 0.087 seconds
[2026-03-28T15:22:56.767+0500] {processor.py:161} INFO - Started process (PID=12129) to work on /home/abayturar/airflow-project/venv/lib/python3.12/site-packages/airflow/example_dags/example_task_group.py
[2026-03-28T15:22:56.768+0500] {processor.py:830} INFO - Processing file /home/abayturar/airflow-project/venv/lib/python3.12/site-packages/airflow/example_dags/example_task_group.py for tasks to queue
[2026-03-28T15:22:56.770+0500] {logging_mixin.py:188} INFO - [2026-03-28T15:22:56.770+0500] {dagbag.py:545} INFO - Filling up the DagBag from /home/abayturar/airflow-project/venv/lib/python3.12/site-packages/airflow/example_dags/example_task_group.py
[2026-03-28T15:22:56.776+0500] {processor.py:840} INFO - DAG(s) 'example_task_group' retrieved from /home/abayturar/airflow-project/venv/lib/python3.12/site-packages/airflow/example_dags/example_task_group.py
[2026-03-28T15:22:56.791+0500] {logging_mixin.py:188} INFO - [2026-03-28T15:22:56.791+0500] {dag.py:3089} INFO - Sync 1 DAGs
[2026-03-28T15:22:56.805+0500] {logging_mixin.py:188} INFO - [2026-03-28T15:22:56.805+0500] {dag.py:3947} INFO - Setting next_dagrun for example_task_group to 2026-03-27 00:00:00+00:00, run_after=2026-03-28 00:00:00+00:00
[2026-03-28T15:22:56.832+0500] {processor.py:183} INFO - Processing /home/abayturar/airflow-project/venv/lib/python3.12/site-packages/airflow/example_dags/example_task_group.py took 0.070 seconds
[2026-03-28T15:23:43.280+0500] {processor.py:161} INFO - Started process (PID=12258) to work on /home/abayturar/airflow-project/venv/lib/python3.12/site-packages/airflow/example_dags/example_task_group.py
[2026-03-28T15:23:43.280+0500] {processor.py:830} INFO - Processing file /home/abayturar/airflow-project/venv/lib/python3.12/site-packages/airflow/example_dags/example_task_group.py for tasks to queue
[2026-03-28T15:23:43.282+0500] {logging_mixin.py:188} INFO - [2026-03-28T15:23:43.282+0500] {dagbag.py:545} INFO - Filling up the DagBag from /home/abayturar/airflow-project/venv/lib/python3.12/site-packages/airflow/example_dags/example_task_group.py
[2026-03-28T15:23:43.290+0500] {processor.py:840} INFO - DAG(s) 'example_task_group' retrieved from /home/abayturar/airflow-project/venv/lib/python3.12/site-packages/airflow/example_dags/example_task_group.py
[2026-03-28T15:23:43.307+0500] {logging_mixin.py:188} INFO - [2026-03-28T15:23:43.307+0500] {dag.py:3089} INFO - Sync 1 DAGs
[2026-03-28T15:23:43.321+0500] {logging_mixin.py:188} INFO - [2026-03-28T15:23:43.321+0500] {dag.py:3947} INFO - Setting next_dagrun for example_task_group to 2026-03-27 00:00:00+00:00, run_after=2026-03-28 00:00:00+00:00
[2026-03-28T15:23:43.338+0500] {processor.py:183} INFO - Processing /home/abayturar/airflow-project/venv/lib/python3.12/site-packages/airflow/example_dags/example_task_group.py took 0.065 seconds
[2026-03-28T15:24:32.700+0500] {processor.py:161} INFO - Started process (PID=12399) to work on /home/abayturar/airflow-project/venv/lib/python3.12/site-packages/airflow/example_dags/example_task_group.py
[2026-03-28T15:24:32.701+0500] {processor.py:830} INFO - Processing file /home/abayturar/airflow-project/venv/lib/python3.12/site-packages/airflow/example_dags/example_task_group.py for tasks to queue
[2026-03-28T15:24:32.702+0500] {logging_mixin.py:188} INFO - [2026-03-28T15:24:32.702+0500] {dagbag.py:545} INFO - Filling up the DagBag from /home/abayturar/airflow-project/venv/lib/python3.12/site-packages/airflow/example_dags/example_task_group.py
[2026-03-28T15:24:32.710+0500] {processor.py:840} INFO - DAG(s) 'example_task_group' retrieved from /home/abayturar/airflow-project/venv/lib/python3.12/site-packages/airflow/example_dags/example_task_group.py
[2026-03-28T15:24:32.728+0500] {logging_mixin.py:188} INFO - [2026-03-28T15:24:32.728+0500] {dag.py:3089} INFO - Sync 1 DAGs
[2026-03-28T15:24:32.743+0500] {logging_mixin.py:188} INFO - [2026-03-28T15:24:32.743+0500] {dag.py:3947} INFO - Setting next_dagrun for example_task_group to 2026-03-27 00:00:00+00:00, run_after=2026-03-28 00:00:00+00:00
[2026-03-28T15:24:32.774+0500] {processor.py:183} INFO - Processing /home/abayturar/airflow-project/venv/lib/python3.12/site-packages/airflow/example_dags/example_task_group.py took 0.080 seconds
[2026-03-28T15:25:52.989+0500] {processor.py:161} INFO - Started process (PID=12598) to work on /home/abayturar/airflow-project/venv/lib/python3.12/site-packages/airflow/example_dags/example_task_group.py
[2026-03-28T15:25:52.990+0500] {processor.py:830} INFO - Processing file /home/abayturar/airflow-project/venv/lib/python3.12/site-packages/airflow/example_dags/example_task_group.py for tasks to queue
[2026-03-28T15:25:52.992+0500] {logging_mixin.py:188} INFO - [2026-03-28T15:25:52.992+0500] {dagbag.py:545} INFO - Filling up the DagBag from /home/abayturar/airflow-project/venv/lib/python3.12/site-packages/airflow/example_dags/example_task_group.py
[2026-03-28T15:25:53.002+0500] {processor.py:840} INFO - DAG(s) 'example_task_group' retrieved from /home/abayturar/airflow-project/venv/lib/python3.12/site-packages/airflow/example_dags/example_task_group.py
[2026-03-28T15:25:53.021+0500] {logging_mixin.py:188} INFO - [2026-03-28T15:25:53.021+0500] {dag.py:3089} INFO - Sync 1 DAGs
[2026-03-28T15:25:53.035+0500] {logging_mixin.py:188} INFO - [2026-03-28T15:25:53.035+0500] {dag.py:3947} INFO - Setting next_dagrun for example_task_group to 2026-03-27 00:00:00+00:00, run_after=2026-03-28 00:00:00+00:00
[2026-03-28T15:25:53.052+0500] {processor.py:183} INFO - Processing /home/abayturar/airflow-project/venv/lib/python3.12/site-packages/airflow/example_dags/example_task_group.py took 0.069 seconds
[2026-03-28T15:26:59.422+0500] {processor.py:161} INFO - Started process (PID=12779) to work on /home/abayturar/airflow-project/venv/lib/python3.12/site-packages/airflow/example_dags/example_task_group.py
[2026-03-28T15:26:59.423+0500] {processor.py:830} INFO - Processing file /home/abayturar/airflow-project/venv/lib/python3.12/site-packages/airflow/example_dags/example_task_group.py for tasks to queue
[2026-03-28T15:26:59.425+0500] {logging_mixin.py:188} INFO - [2026-03-28T15:26:59.424+0500] {dagbag.py:545} INFO - Filling up the DagBag from /home/abayturar/airflow-project/venv/lib/python3.12/site-packages/airflow/example_dags/example_task_group.py
[2026-03-28T15:26:59.434+0500] {processor.py:840} INFO - DAG(s) 'example_task_group' retrieved from /home/abayturar/airflow-project/venv/lib/python3.12/site-packages/airflow/example_dags/example_task_group.py
[2026-03-28T15:26:59.444+0500] {logging_mixin.py:188} INFO - [2026-03-28T15:26:59.444+0500] {dag.py:3089} INFO - Sync 1 DAGs
[2026-03-28T15:26:59.459+0500] {logging_mixin.py:188} INFO - [2026-03-28T15:26:59.459+0500] {dag.py:3947} INFO - Setting next_dagrun for example_task_group to 2026-03-27 00:00:00+00:00, run_after=2026-03-28 00:00:00+00:00
[2026-03-28T15:26:59.485+0500] {processor.py:183} INFO - Processing /home/abayturar/airflow-project/venv/lib/python3.12/site-packages/airflow/example_dags/example_task_group.py took 0.068 seconds
[2026-03-28T18:17:33.703+0500] {processor.py:161} INFO - Started process (PID=17905) to work on /home/abayturar/airflow-project/venv/lib/python3.12/site-packages/airflow/example_dags/example_task_group.py
[2026-03-28T18:17:33.704+0500] {processor.py:830} INFO - Processing file /home/abayturar/airflow-project/venv/lib/python3.12/site-packages/airflow/example_dags/example_task_group.py for tasks to queue
[2026-03-28T18:17:33.705+0500] {logging_mixin.py:188} INFO - [2026-03-28T18:17:33.705+0500] {dagbag.py:545} INFO - Filling up the DagBag from /home/abayturar/airflow-project/venv/lib/python3.12/site-packages/airflow/example_dags/example_task_group.py
[2026-03-28T18:17:33.715+0500] {processor.py:840} INFO - DAG(s) 'example_task_group' retrieved from /home/abayturar/airflow-project/venv/lib/python3.12/site-packages/airflow/example_dags/example_task_group.py
[2026-03-28T18:17:33.805+0500] {logging_mixin.py:188} INFO - [2026-03-28T18:17:33.804+0500] {override.py:1858} INFO - Created Permission View: can edit on DAG:example_task_group
[2026-03-28T18:17:33.812+0500] {logging_mixin.py:188} INFO - [2026-03-28T18:17:33.811+0500] {override.py:1858} INFO - Created Permission View: can delete on DAG:example_task_group
[2026-03-28T18:17:33.817+0500] {logging_mixin.py:188} INFO - [2026-03-28T18:17:33.816+0500] {override.py:1858} INFO - Created Permission View: can read on DAG:example_task_group
[2026-03-28T18:17:33.817+0500] {logging_mixin.py:188} INFO - [2026-03-28T18:17:33.817+0500] {dag.py:3089} INFO - Sync 1 DAGs
[2026-03-28T18:17:33.824+0500] {logging_mixin.py:188} INFO - [2026-03-28T18:17:33.823+0500] {dag.py:3111} INFO - Creating ORM DAG for example_task_group
[2026-03-28T18:17:33.829+0500] {logging_mixin.py:188} INFO - [2026-03-28T18:17:33.829+0500] {dag.py:3947} INFO - Setting next_dagrun for example_task_group to 2026-03-27 00:00:00+00:00, run_after=2026-03-28 00:00:00+00:00
[2026-03-28T18:17:33.842+0500] {processor.py:183} INFO - Processing /home/abayturar/airflow-project/venv/lib/python3.12/site-packages/airflow/example_dags/example_task_group.py took 0.145 seconds
[2026-03-28T18:18:27.563+0500] {processor.py:161} INFO - Started process (PID=18050) to work on /home/abayturar/airflow-project/venv/lib/python3.12/site-packages/airflow/example_dags/example_task_group.py
[2026-03-28T18:18:27.564+0500] {processor.py:830} INFO - Processing file /home/abayturar/airflow-project/venv/lib/python3.12/site-packages/airflow/example_dags/example_task_group.py for tasks to queue
[2026-03-28T18:18:27.565+0500] {logging_mixin.py:188} INFO - [2026-03-28T18:18:27.565+0500] {dagbag.py:545} INFO - Filling up the DagBag from /home/abayturar/airflow-project/venv/lib/python3.12/site-packages/airflow/example_dags/example_task_group.py
[2026-03-28T18:18:27.572+0500] {processor.py:840} INFO - DAG(s) 'example_task_group' retrieved from /home/abayturar/airflow-project/venv/lib/python3.12/site-packages/airflow/example_dags/example_task_group.py
[2026-03-28T18:18:27.588+0500] {logging_mixin.py:188} INFO - [2026-03-28T18:18:27.588+0500] {dag.py:3089} INFO - Sync 1 DAGs
[2026-03-28T18:18:27.603+0500] {logging_mixin.py:188} INFO - [2026-03-28T18:18:27.603+0500] {dag.py:3947} INFO - Setting next_dagrun for example_task_group to 2026-03-27 00:00:00+00:00, run_after=2026-03-28 00:00:00+00:00
[2026-03-28T18:18:27.631+0500] {processor.py:183} INFO - Processing /home/abayturar/airflow-project/venv/lib/python3.12/site-packages/airflow/example_dags/example_task_group.py took 0.073 seconds
[2026-03-28T18:19:20.510+0500] {processor.py:161} INFO - Started process (PID=18211) to work on /home/abayturar/airflow-project/venv/lib/python3.12/site-packages/airflow/example_dags/example_task_group.py
[2026-03-28T18:19:20.511+0500] {processor.py:830} INFO - Processing file /home/abayturar/airflow-project/venv/lib/python3.12/site-packages/airflow/example_dags/example_task_group.py for tasks to queue
[2026-03-28T18:19:20.513+0500] {logging_mixin.py:188} INFO - [2026-03-28T18:19:20.513+0500] {dagbag.py:545} INFO - Filling up the DagBag from /home/abayturar/airflow-project/venv/lib/python3.12/site-packages/airflow/example_dags/example_task_group.py
[2026-03-28T18:19:20.520+0500] {processor.py:840} INFO - DAG(s) 'example_task_group' retrieved from /home/abayturar/airflow-project/venv/lib/python3.12/site-packages/airflow/example_dags/example_task_group.py
[2026-03-28T18:19:20.535+0500] {logging_mixin.py:188} INFO - [2026-03-28T18:19:20.535+0500] {dag.py:3089} INFO - Sync 1 DAGs
[2026-03-28T18:19:20.548+0500] {logging_mixin.py:188} INFO - [2026-03-28T18:19:20.548+0500] {dag.py:3947} INFO - Setting next_dagrun for example_task_group to 2026-03-27 00:00:00+00:00, run_after=2026-03-28 00:00:00+00:00
[2026-03-28T18:19:20.575+0500] {processor.py:183} INFO - Processing /home/abayturar/airflow-project/venv/lib/python3.12/site-packages/airflow/example_dags/example_task_group.py took 0.070 seconds
[2026-03-28T18:19:47.587+0500] {processor.py:161} INFO - Started process (PID=18288) to work on /home/abayturar/airflow-project/venv/lib/python3.12/site-packages/airflow/example_dags/example_task_group.py
[2026-03-28T18:19:47.588+0500] {processor.py:830} INFO - Processing file /home/abayturar/airflow-project/venv/lib/python3.12/site-packages/airflow/example_dags/example_task_group.py for tasks to queue
[2026-03-28T18:19:47.590+0500] {logging_mixin.py:188} INFO - [2026-03-28T18:19:47.590+0500] {dagbag.py:545} INFO - Filling up the DagBag from /home/abayturar/airflow-project/venv/lib/python3.12/site-packages/airflow/example_dags/example_task_group.py
[2026-03-28T18:19:47.600+0500] {processor.py:840} INFO - DAG(s) 'example_task_group' retrieved from /home/abayturar/airflow-project/venv/lib/python3.12/site-packages/airflow/example_dags/example_task_group.py
[2026-03-28T18:19:47.617+0500] {logging_mixin.py:188} INFO - [2026-03-28T18:19:47.617+0500] {dag.py:3089} INFO - Sync 1 DAGs
[2026-03-28T18:19:47.630+0500] {logging_mixin.py:188} INFO - [2026-03-28T18:19:47.630+0500] {dag.py:3947} INFO - Setting next_dagrun for example_task_group to 2026-03-27 00:00:00+00:00, run_after=2026-03-28 00:00:00+00:00
[2026-03-28T18:19:47.661+0500] {processor.py:183} INFO - Processing /home/abayturar/airflow-project/venv/lib/python3.12/site-packages/airflow/example_dags/example_task_group.py took 0.079 seconds
[2026-03-28T18:22:13.271+0500] {processor.py:161} INFO - Started process (PID=18545) to work on /home/abayturar/airflow-project/venv/lib/python3.12/site-packages/airflow/example_dags/example_task_group.py
[2026-03-28T18:22:13.272+0500] {processor.py:830} INFO - Processing file /home/abayturar/airflow-project/venv/lib/python3.12/site-packages/airflow/example_dags/example_task_group.py for tasks to queue
[2026-03-28T18:22:13.274+0500] {logging_mixin.py:188} INFO - [2026-03-28T18:22:13.274+0500] {dagbag.py:545} INFO - Filling up the DagBag from /home/abayturar/airflow-project/venv/lib/python3.12/site-packages/airflow/example_dags/example_task_group.py
[2026-03-28T18:22:13.287+0500] {processor.py:840} INFO - DAG(s) 'example_task_group' retrieved from /home/abayturar/airflow-project/venv/lib/python3.12/site-packages/airflow/example_dags/example_task_group.py
[2026-03-28T18:22:13.306+0500] {logging_mixin.py:188} INFO - [2026-03-28T18:22:13.306+0500] {dag.py:3089} INFO - Sync 1 DAGs
[2026-03-28T18:22:13.323+0500] {logging_mixin.py:188} INFO - [2026-03-28T18:22:13.323+0500] {dag.py:3947} INFO - Setting next_dagrun for example_task_group to 2026-03-27 00:00:00+00:00, run_after=2026-03-28 00:00:00+00:00
[2026-03-28T18:22:13.344+0500] {processor.py:183} INFO - Processing /home/abayturar/airflow-project/venv/lib/python3.12/site-packages/airflow/example_dags/example_task_group.py took 0.080 seconds
[2026-03-28T18:23:12.570+0500] {processor.py:161} INFO - Started process (PID=18733) to work on /home/abayturar/airflow-project/venv/lib/python3.12/site-packages/airflow/example_dags/example_task_group.py
[2026-03-28T18:23:12.572+0500] {processor.py:830} INFO - Processing file /home/abayturar/airflow-project/venv/lib/python3.12/site-packages/airflow/example_dags/example_task_group.py for tasks to queue
[2026-03-28T18:23:12.575+0500] {logging_mixin.py:188} INFO - [2026-03-28T18:23:12.574+0500] {dagbag.py:545} INFO - Filling up the DagBag from /home/abayturar/airflow-project/venv/lib/python3.12/site-packages/airflow/example_dags/example_task_group.py
[2026-03-28T18:23:12.584+0500] {processor.py:840} INFO - DAG(s) 'example_task_group' retrieved from /home/abayturar/airflow-project/venv/lib/python3.12/site-packages/airflow/example_dags/example_task_group.py
[2026-03-28T18:23:12.604+0500] {logging_mixin.py:188} INFO - [2026-03-28T18:23:12.604+0500] {dag.py:3089} INFO - Sync 1 DAGs
[2026-03-28T18:23:12.624+0500] {logging_mixin.py:188} INFO - [2026-03-28T18:23:12.624+0500] {dag.py:3947} INFO - Setting next_dagrun for example_task_group to 2026-03-27 00:00:00+00:00, run_after=2026-03-28 00:00:00+00:00
[2026-03-28T18:23:12.668+0500] {processor.py:183} INFO - Processing /home/abayturar/airflow-project/venv/lib/python3.12/site-packages/airflow/example_dags/example_task_group.py took 0.105 seconds
[2026-03-28T18:23:59.237+0500] {processor.py:161} INFO - Started process (PID=18859) to work on /home/abayturar/airflow-project/venv/lib/python3.12/site-packages/airflow/example_dags/example_task_group.py
[2026-03-28T18:23:59.238+0500] {processor.py:830} INFO - Processing file /home/abayturar/airflow-project/venv/lib/python3.12/site-packages/airflow/example_dags/example_task_group.py for tasks to queue
[2026-03-28T18:23:59.240+0500] {logging_mixin.py:188} INFO - [2026-03-28T18:23:59.240+0500] {dagbag.py:545} INFO - Filling up the DagBag from /home/abayturar/airflow-project/venv/lib/python3.12/site-packages/airflow/example_dags/example_task_group.py
[2026-03-28T18:23:59.247+0500] {processor.py:840} INFO - DAG(s) 'example_task_group' retrieved from /home/abayturar/airflow-project/venv/lib/python3.12/site-packages/airflow/example_dags/example_task_group.py
[2026-03-28T18:23:59.263+0500] {logging_mixin.py:188} INFO - [2026-03-28T18:23:59.263+0500] {dag.py:3089} INFO - Sync 1 DAGs
[2026-03-28T18:23:59.277+0500] {logging_mixin.py:188} INFO - [2026-03-28T18:23:59.276+0500] {dag.py:3947} INFO - Setting next_dagrun for example_task_group to 2026-03-27 00:00:00+00:00, run_after=2026-03-28 00:00:00+00:00
[2026-03-28T18:23:59.306+0500] {processor.py:183} INFO - Processing /home/abayturar/airflow-project/venv/lib/python3.12/site-packages/airflow/example_dags/example_task_group.py took 0.075 seconds
[2026-03-28T18:24:48.492+0500] {processor.py:161} INFO - Started process (PID=18989) to work on /home/abayturar/airflow-project/venv/lib/python3.12/site-packages/airflow/example_dags/example_task_group.py
[2026-03-28T18:24:48.493+0500] {processor.py:830} INFO - Processing file /home/abayturar/airflow-project/venv/lib/python3.12/site-packages/airflow/example_dags/example_task_group.py for tasks to queue
[2026-03-28T18:24:48.495+0500] {logging_mixin.py:188} INFO - [2026-03-28T18:24:48.494+0500] {dagbag.py:545} INFO - Filling up the DagBag from /home/abayturar/airflow-project/venv/lib/python3.12/site-packages/airflow/example_dags/example_task_group.py
[2026-03-28T18:24:48.502+0500] {processor.py:840} INFO - DAG(s) 'example_task_group' retrieved from /home/abayturar/airflow-project/venv/lib/python3.12/site-packages/airflow/example_dags/example_task_group.py
[2026-03-28T18:24:48.517+0500] {logging_mixin.py:188} INFO - [2026-03-28T18:24:48.517+0500] {dag.py:3089} INFO - Sync 1 DAGs
[2026-03-28T18:24:48.532+0500] {logging_mixin.py:188} INFO - [2026-03-28T18:24:48.532+0500] {dag.py:3947} INFO - Setting next_dagrun for example_task_group to 2026-03-27 00:00:00+00:00, run_after=2026-03-28 00:00:00+00:00
[2026-03-28T18:24:48.548+0500] {processor.py:183} INFO - Processing /home/abayturar/airflow-project/venv/lib/python3.12/site-packages/airflow/example_dags/example_task_group.py took 0.061 seconds
[2026-03-28T18:25:39.936+0500] {processor.py:161} INFO - Started process (PID=19128) to work on /home/abayturar/airflow-project/venv/lib/python3.12/site-packages/airflow/example_dags/example_task_group.py
[2026-03-28T18:25:39.936+0500] {processor.py:830} INFO - Processing file /home/abayturar/airflow-project/venv/lib/python3.12/site-packages/airflow/example_dags/example_task_group.py for tasks to queue
[2026-03-28T18:25:39.938+0500] {logging_mixin.py:188} INFO - [2026-03-28T18:25:39.938+0500] {dagbag.py:545} INFO - Filling up the DagBag from /home/abayturar/airflow-project/venv/lib/python3.12/site-packages/airflow/example_dags/example_task_group.py
[2026-03-28T18:25:39.946+0500] {processor.py:840} INFO - DAG(s) 'example_task_group' retrieved from /home/abayturar/airflow-project/venv/lib/python3.12/site-packages/airflow/example_dags/example_task_group.py
[2026-03-28T18:25:39.963+0500] {logging_mixin.py:188} INFO - [2026-03-28T18:25:39.962+0500] {dag.py:3089} INFO - Sync 1 DAGs
[2026-03-28T18:25:39.978+0500] {logging_mixin.py:188} INFO - [2026-03-28T18:25:39.978+0500] {dag.py:3947} INFO - Setting next_dagrun for example_task_group to 2026-03-27 00:00:00+00:00, run_after=2026-03-28 00:00:00+00:00
[2026-03-28T18:25:40.010+0500] {processor.py:183} INFO - Processing /home/abayturar/airflow-project/venv/lib/python3.12/site-packages/airflow/example_dags/example_task_group.py took 0.080 seconds
[2026-03-28T18:26:28.495+0500] {processor.py:161} INFO - Started process (PID=19255) to work on /home/abayturar/airflow-project/venv/lib/python3.12/site-packages/airflow/example_dags/example_task_group.py
[2026-03-28T18:26:28.496+0500] {processor.py:830} INFO - Processing file /home/abayturar/airflow-project/venv/lib/python3.12/site-packages/airflow/example_dags/example_task_group.py for tasks to queue
[2026-03-28T18:26:28.498+0500] {logging_mixin.py:188} INFO - [2026-03-28T18:26:28.498+0500] {dagbag.py:545} INFO - Filling up the DagBag from /home/abayturar/airflow-project/venv/lib/python3.12/site-packages/airflow/example_dags/example_task_group.py
[2026-03-28T18:26:28.506+0500] {processor.py:840} INFO - DAG(s) 'example_task_group' retrieved from /home/abayturar/airflow-project/venv/lib/python3.12/site-packages/airflow/example_dags/example_task_group.py
[2026-03-28T18:26:28.524+0500] {logging_mixin.py:188} INFO - [2026-03-28T18:26:28.524+0500] {dag.py:3089} INFO - Sync 1 DAGs
[2026-03-28T18:26:28.541+0500] {logging_mixin.py:188} INFO - [2026-03-28T18:26:28.541+0500] {dag.py:3947} INFO - Setting next_dagrun for example_task_group to 2026-03-27 00:00:00+00:00, run_after=2026-03-28 00:00:00+00:00
[2026-03-28T18:26:28.577+0500] {processor.py:183} INFO - Processing /home/abayturar/airflow-project/venv/lib/python3.12/site-packages/airflow/example_dags/example_task_group.py took 0.088 seconds
[2026-03-28T18:27:17.406+0500] {processor.py:161} INFO - Started process (PID=19386) to work on /home/abayturar/airflow-project/venv/lib/python3.12/site-packages/airflow/example_dags/example_task_group.py
[2026-03-28T18:27:17.407+0500] {processor.py:830} INFO - Processing file /home/abayturar/airflow-project/venv/lib/python3.12/site-packages/airflow/example_dags/example_task_group.py for tasks to queue
[2026-03-28T18:27:17.409+0500] {logging_mixin.py:188} INFO - [2026-03-28T18:27:17.408+0500] {dagbag.py:545} INFO - Filling up the DagBag from /home/abayturar/airflow-project/venv/lib/python3.12/site-packages/airflow/example_dags/example_task_group.py
[2026-03-28T18:27:17.417+0500] {processor.py:840} INFO - DAG(s) 'example_task_group' retrieved from /home/abayturar/airflow-project/venv/lib/python3.12/site-packages/airflow/example_dags/example_task_group.py
[2026-03-28T18:27:17.436+0500] {logging_mixin.py:188} INFO - [2026-03-28T18:27:17.436+0500] {dag.py:3089} INFO - Sync 1 DAGs
[2026-03-28T18:27:17.454+0500] {logging_mixin.py:188} INFO - [2026-03-28T18:27:17.454+0500] {dag.py:3947} INFO - Setting next_dagrun for example_task_group to 2026-03-27 00:00:00+00:00, run_after=2026-03-28 00:00:00+00:00
[2026-03-28T18:27:17.484+0500] {processor.py:183} INFO - Processing /home/abayturar/airflow-project/venv/lib/python3.12/site-packages/airflow/example_dags/example_task_group.py took 0.084 seconds
[2026-03-28T18:28:11.474+0500] {processor.py:161} INFO - Started process (PID=19545) to work on /home/abayturar/airflow-project/venv/lib/python3.12/site-packages/airflow/example_dags/example_task_group.py
[2026-03-28T18:28:11.476+0500] {processor.py:830} INFO - Processing file /home/abayturar/airflow-project/venv/lib/python3.12/site-packages/airflow/example_dags/example_task_group.py for tasks to queue
[2026-03-28T18:28:11.477+0500] {logging_mixin.py:188} INFO - [2026-03-28T18:28:11.477+0500] {dagbag.py:545} INFO - Filling up the DagBag from /home/abayturar/airflow-project/venv/lib/python3.12/site-packages/airflow/example_dags/example_task_group.py
[2026-03-28T18:28:11.486+0500] {processor.py:840} INFO - DAG(s) 'example_task_group' retrieved from /home/abayturar/airflow-project/venv/lib/python3.12/site-packages/airflow/example_dags/example_task_group.py
[2026-03-28T18:28:11.504+0500] {logging_mixin.py:188} INFO - [2026-03-28T18:28:11.504+0500] {dag.py:3089} INFO - Sync 1 DAGs
[2026-03-28T18:28:11.520+0500] {logging_mixin.py:188} INFO - [2026-03-28T18:28:11.520+0500] {dag.py:3947} INFO - Setting next_dagrun for example_task_group to 2026-03-27 00:00:00+00:00, run_after=2026-03-28 00:00:00+00:00
[2026-03-28T18:28:11.539+0500] {processor.py:183} INFO - Processing /home/abayturar/airflow-project/venv/lib/python3.12/site-packages/airflow/example_dags/example_task_group.py took 0.072 seconds
[2026-03-28T18:29:04.175+0500] {processor.py:161} INFO - Started process (PID=19680) to work on /home/abayturar/airflow-project/venv/lib/python3.12/site-packages/airflow/example_dags/example_task_group.py
[2026-03-28T18:29:04.176+0500] {processor.py:830} INFO - Processing file /home/abayturar/airflow-project/venv/lib/python3.12/site-packages/airflow/example_dags/example_task_group.py for tasks to queue
[2026-03-28T18:29:04.178+0500] {logging_mixin.py:188} INFO - [2026-03-28T18:29:04.178+0500] {dagbag.py:545} INFO - Filling up the DagBag from /home/abayturar/airflow-project/venv/lib/python3.12/site-packages/airflow/example_dags/example_task_group.py
[2026-03-28T18:29:04.189+0500] {processor.py:840} INFO - DAG(s) 'example_task_group' retrieved from /home/abayturar/airflow-project/venv/lib/python3.12/site-packages/airflow/example_dags/example_task_group.py
[2026-03-28T18:29:04.207+0500] {logging_mixin.py:188} INFO - [2026-03-28T18:29:04.207+0500] {dag.py:3089} INFO - Sync 1 DAGs
[2026-03-28T18:29:04.223+0500] {logging_mixin.py:188} INFO - [2026-03-28T18:29:04.223+0500] {dag.py:3947} INFO - Setting next_dagrun for example_task_group to 2026-03-27 00:00:00+00:00, run_after=2026-03-28 00:00:00+00:00
[2026-03-28T18:29:04.252+0500] {processor.py:183} INFO - Processing /home/abayturar/airflow-project/venv/lib/python3.12/site-packages/airflow/example_dags/example_task_group.py took 0.084 seconds
[2026-03-28T18:29:54.697+0500] {processor.py:161} INFO - Started process (PID=19815) to work on /home/abayturar/airflow-project/venv/lib/python3.12/site-packages/airflow/example_dags/example_task_group.py
[2026-03-28T18:29:54.698+0500] {processor.py:830} INFO - Processing file /home/abayturar/airflow-project/venv/lib/python3.12/site-packages/airflow/example_dags/example_task_group.py for tasks to queue
[2026-03-28T18:29:54.700+0500] {logging_mixin.py:188} INFO - [2026-03-28T18:29:54.700+0500] {dagbag.py:545} INFO - Filling up the DagBag from /home/abayturar/airflow-project/venv/lib/python3.12/site-packages/airflow/example_dags/example_task_group.py
[2026-03-28T18:29:54.707+0500] {processor.py:840} INFO - DAG(s) 'example_task_group' retrieved from /home/abayturar/airflow-project/venv/lib/python3.12/site-packages/airflow/example_dags/example_task_group.py
[2026-03-28T18:29:54.725+0500] {logging_mixin.py:188} INFO - [2026-03-28T18:29:54.725+0500] {dag.py:3089} INFO - Sync 1 DAGs
[2026-03-28T18:29:54.740+0500] {logging_mixin.py:188} INFO - [2026-03-28T18:29:54.740+0500] {dag.py:3947} INFO - Setting next_dagrun for example_task_group to 2026-03-27 00:00:00+00:00, run_after=2026-03-28 00:00:00+00:00
[2026-03-28T18:29:54.768+0500] {processor.py:183} INFO - Processing /home/abayturar/airflow-project/venv/lib/python3.12/site-packages/airflow/example_dags/example_task_group.py took 0.077 seconds
[2026-03-28T18:30:41.019+0500] {processor.py:161} INFO - Started process (PID=19938) to work on /home/abayturar/airflow-project/venv/lib/python3.12/site-packages/airflow/example_dags/example_task_group.py
[2026-03-28T18:30:41.020+0500] {processor.py:830} INFO - Processing file /home/abayturar/airflow-project/venv/lib/python3.12/site-packages/airflow/example_dags/example_task_group.py for tasks to queue
[2026-03-28T18:30:41.022+0500] {logging_mixin.py:188} INFO - [2026-03-28T18:30:41.022+0500] {dagbag.py:545} INFO - Filling up the DagBag from /home/abayturar/airflow-project/venv/lib/python3.12/site-packages/airflow/example_dags/example_task_group.py
[2026-03-28T18:30:41.030+0500] {processor.py:840} INFO - DAG(s) 'example_task_group' retrieved from /home/abayturar/airflow-project/venv/lib/python3.12/site-packages/airflow/example_dags/example_task_group.py
[2026-03-28T18:30:41.046+0500] {logging_mixin.py:188} INFO - [2026-03-28T18:30:41.046+0500] {dag.py:3089} INFO - Sync 1 DAGs
[2026-03-28T18:30:41.061+0500] {logging_mixin.py:188} INFO - [2026-03-28T18:30:41.061+0500] {dag.py:3947} INFO - Setting next_dagrun for example_task_group to 2026-03-27 00:00:00+00:00, run_after=2026-03-28 00:00:00+00:00
[2026-03-28T18:30:41.094+0500] {processor.py:183} INFO - Processing /home/abayturar/airflow-project/venv/lib/python3.12/site-packages/airflow/example_dags/example_task_group.py took 0.081 seconds
[2026-03-28T18:31:27.047+0500] {processor.py:161} INFO - Started process (PID=20072) to work on /home/abayturar/airflow-project/venv/lib/python3.12/site-packages/airflow/example_dags/example_task_group.py
[2026-03-28T18:31:27.048+0500] {processor.py:830} INFO - Processing file /home/abayturar/airflow-project/venv/lib/python3.12/site-packages/airflow/example_dags/example_task_group.py for tasks to queue
[2026-03-28T18:31:27.051+0500] {logging_mixin.py:188} INFO - [2026-03-28T18:31:27.051+0500] {dagbag.py:545} INFO - Filling up the DagBag from /home/abayturar/airflow-project/venv/lib/python3.12/site-packages/airflow/example_dags/example_task_group.py
[2026-03-28T18:31:27.060+0500] {processor.py:840} INFO - DAG(s) 'example_task_group' retrieved from /home/abayturar/airflow-project/venv/lib/python3.12/site-packages/airflow/example_dags/example_task_group.py
[2026-03-28T18:31:27.079+0500] {logging_mixin.py:188} INFO - [2026-03-28T18:31:27.079+0500] {dag.py:3089} INFO - Sync 1 DAGs
[2026-03-28T18:31:27.095+0500] {logging_mixin.py:188} INFO - [2026-03-28T18:31:27.095+0500] {dag.py:3947} INFO - Setting next_dagrun for example_task_group to 2026-03-27 00:00:00+00:00, run_after=2026-03-28 00:00:00+00:00
[2026-03-28T18:31:27.126+0500] {processor.py:183} INFO - Processing /home/abayturar/airflow-project/venv/lib/python3.12/site-packages/airflow/example_dags/example_task_group.py took 0.086 seconds
[2026-03-28T18:32:10.647+0500] {processor.py:161} INFO - Started process (PID=20191) to work on /home/abayturar/airflow-project/venv/lib/python3.12/site-packages/airflow/example_dags/example_task_group.py
[2026-03-28T18:32:10.649+0500] {processor.py:830} INFO - Processing file /home/abayturar/airflow-project/venv/lib/python3.12/site-packages/airflow/example_dags/example_task_group.py for tasks to queue
[2026-03-28T18:32:10.651+0500] {logging_mixin.py:188} INFO - [2026-03-28T18:32:10.651+0500] {dagbag.py:545} INFO - Filling up the DagBag from /home/abayturar/airflow-project/venv/lib/python3.12/site-packages/airflow/example_dags/example_task_group.py
[2026-03-28T18:32:10.660+0500] {processor.py:840} INFO - DAG(s) 'example_task_group' retrieved from /home/abayturar/airflow-project/venv/lib/python3.12/site-packages/airflow/example_dags/example_task_group.py
[2026-03-28T18:32:10.678+0500] {logging_mixin.py:188} INFO - [2026-03-28T18:32:10.678+0500] {dag.py:3089} INFO - Sync 1 DAGs
[2026-03-28T18:32:10.694+0500] {logging_mixin.py:188} INFO - [2026-03-28T18:32:10.694+0500] {dag.py:3947} INFO - Setting next_dagrun for example_task_group to 2026-03-27 00:00:00+00:00, run_after=2026-03-28 00:00:00+00:00
[2026-03-28T18:32:10.726+0500] {processor.py:183} INFO - Processing /home/abayturar/airflow-project/venv/lib/python3.12/site-packages/airflow/example_dags/example_task_group.py took 0.085 seconds
[2026-03-28T18:32:59.577+0500] {processor.py:161} INFO - Started process (PID=20320) to work on /home/abayturar/airflow-project/venv/lib/python3.12/site-packages/airflow/example_dags/example_task_group.py
[2026-03-28T18:32:59.578+0500] {processor.py:830} INFO - Processing file /home/abayturar/airflow-project/venv/lib/python3.12/site-packages/airflow/example_dags/example_task_group.py for tasks to queue
[2026-03-28T18:32:59.580+0500] {logging_mixin.py:188} INFO - [2026-03-28T18:32:59.580+0500] {dagbag.py:545} INFO - Filling up the DagBag from /home/abayturar/airflow-project/venv/lib/python3.12/site-packages/airflow/example_dags/example_task_group.py
[2026-03-28T18:32:59.589+0500] {processor.py:840} INFO - DAG(s) 'example_task_group' retrieved from /home/abayturar/airflow-project/venv/lib/python3.12/site-packages/airflow/example_dags/example_task_group.py
[2026-03-28T18:32:59.607+0500] {logging_mixin.py:188} INFO - [2026-03-28T18:32:59.607+0500] {dag.py:3089} INFO - Sync 1 DAGs
[2026-03-28T18:32:59.620+0500] {logging_mixin.py:188} INFO - [2026-03-28T18:32:59.620+0500] {dag.py:3947} INFO - Setting next_dagrun for example_task_group to 2026-03-27 00:00:00+00:00, run_after=2026-03-28 00:00:00+00:00
[2026-03-28T18:32:59.648+0500] {processor.py:183} INFO - Processing /home/abayturar/airflow-project/venv/lib/python3.12/site-packages/airflow/example_dags/example_task_group.py took 0.077 seconds
[2026-03-28T18:33:52.386+0500] {processor.py:161} INFO - Started process (PID=20456) to work on /home/abayturar/airflow-project/venv/lib/python3.12/site-packages/airflow/example_dags/example_task_group.py
[2026-03-28T18:33:52.387+0500] {processor.py:830} INFO - Processing file /home/abayturar/airflow-project/venv/lib/python3.12/site-packages/airflow/example_dags/example_task_group.py for tasks to queue
[2026-03-28T18:33:52.389+0500] {logging_mixin.py:188} INFO - [2026-03-28T18:33:52.388+0500] {dagbag.py:545} INFO - Filling up the DagBag from /home/abayturar/airflow-project/venv/lib/python3.12/site-packages/airflow/example_dags/example_task_group.py
[2026-03-28T18:33:52.396+0500] {processor.py:840} INFO - DAG(s) 'example_task_group' retrieved from /home/abayturar/airflow-project/venv/lib/python3.12/site-packages/airflow/example_dags/example_task_group.py
[2026-03-28T18:33:52.414+0500] {logging_mixin.py:188} INFO - [2026-03-28T18:33:52.414+0500] {dag.py:3089} INFO - Sync 1 DAGs
[2026-03-28T18:33:52.430+0500] {logging_mixin.py:188} INFO - [2026-03-28T18:33:52.430+0500] {dag.py:3947} INFO - Setting next_dagrun for example_task_group to 2026-03-27 00:00:00+00:00, run_after=2026-03-28 00:00:00+00:00
[2026-03-28T18:33:52.446+0500] {processor.py:183} INFO - Processing /home/abayturar/airflow-project/venv/lib/python3.12/site-packages/airflow/example_dags/example_task_group.py took 0.066 seconds
[2026-03-28T18:34:43.914+0500] {processor.py:161} INFO - Started process (PID=20609) to work on /home/abayturar/airflow-project/venv/lib/python3.12/site-packages/airflow/example_dags/example_task_group.py
[2026-03-28T18:34:43.915+0500] {processor.py:830} INFO - Processing file /home/abayturar/airflow-project/venv/lib/python3.12/site-packages/airflow/example_dags/example_task_group.py for tasks to queue
[2026-03-28T18:34:43.917+0500] {logging_mixin.py:188} INFO - [2026-03-28T18:34:43.916+0500] {dagbag.py:545} INFO - Filling up the DagBag from /home/abayturar/airflow-project/venv/lib/python3.12/site-packages/airflow/example_dags/example_task_group.py
[2026-03-28T18:34:43.924+0500] {processor.py:840} INFO - DAG(s) 'example_task_group' retrieved from /home/abayturar/airflow-project/venv/lib/python3.12/site-packages/airflow/example_dags/example_task_group.py
[2026-03-28T18:34:43.939+0500] {logging_mixin.py:188} INFO - [2026-03-28T18:34:43.939+0500] {dag.py:3089} INFO - Sync 1 DAGs
[2026-03-28T18:34:43.952+0500] {logging_mixin.py:188} INFO - [2026-03-28T18:34:43.952+0500] {dag.py:3947} INFO - Setting next_dagrun for example_task_group to 2026-03-27 00:00:00+00:00, run_after=2026-03-28 00:00:00+00:00
[2026-03-28T18:34:43.977+0500] {processor.py:183} INFO - Processing /home/abayturar/airflow-project/venv/lib/python3.12/site-packages/airflow/example_dags/example_task_group.py took 0.069 seconds
[2026-03-28T18:35:33.707+0500] {processor.py:161} INFO - Started process (PID=20745) to work on /home/abayturar/airflow-project/venv/lib/python3.12/site-packages/airflow/example_dags/example_task_group.py
[2026-03-28T18:35:33.708+0500] {processor.py:830} INFO - Processing file /home/abayturar/airflow-project/venv/lib/python3.12/site-packages/airflow/example_dags/example_task_group.py for tasks to queue
[2026-03-28T18:35:33.709+0500] {logging_mixin.py:188} INFO - [2026-03-28T18:35:33.709+0500] {dagbag.py:545} INFO - Filling up the DagBag from /home/abayturar/airflow-project/venv/lib/python3.12/site-packages/airflow/example_dags/example_task_group.py
[2026-03-28T18:35:33.717+0500] {processor.py:840} INFO - DAG(s) 'example_task_group' retrieved from /home/abayturar/airflow-project/venv/lib/python3.12/site-packages/airflow/example_dags/example_task_group.py
[2026-03-28T18:35:33.732+0500] {logging_mixin.py:188} INFO - [2026-03-28T18:35:33.732+0500] {dag.py:3089} INFO - Sync 1 DAGs
[2026-03-28T18:35:33.748+0500] {logging_mixin.py:188} INFO - [2026-03-28T18:35:33.747+0500] {dag.py:3947} INFO - Setting next_dagrun for example_task_group to 2026-03-27 00:00:00+00:00, run_after=2026-03-28 00:00:00+00:00
[2026-03-28T18:35:33.778+0500] {processor.py:183} INFO - Processing /home/abayturar/airflow-project/venv/lib/python3.12/site-packages/airflow/example_dags/example_task_group.py took 0.076 seconds
[2026-03-28T18:36:26.064+0500] {processor.py:161} INFO - Started process (PID=20892) to work on /home/abayturar/airflow-project/venv/lib/python3.12/site-packages/airflow/example_dags/example_task_group.py
[2026-03-28T18:36:26.065+0500] {processor.py:830} INFO - Processing file /home/abayturar/airflow-project/venv/lib/python3.12/site-packages/airflow/example_dags/example_task_group.py for tasks to queue
[2026-03-28T18:36:26.067+0500] {logging_mixin.py:188} INFO - [2026-03-28T18:36:26.067+0500] {dagbag.py:545} INFO - Filling up the DagBag from /home/abayturar/airflow-project/venv/lib/python3.12/site-packages/airflow/example_dags/example_task_group.py
[2026-03-28T18:36:26.075+0500] {processor.py:840} INFO - DAG(s) 'example_task_group' retrieved from /home/abayturar/airflow-project/venv/lib/python3.12/site-packages/airflow/example_dags/example_task_group.py
[2026-03-28T18:36:26.093+0500] {logging_mixin.py:188} INFO - [2026-03-28T18:36:26.093+0500] {dag.py:3089} INFO - Sync 1 DAGs
[2026-03-28T18:36:26.109+0500] {logging_mixin.py:188} INFO - [2026-03-28T18:36:26.109+0500] {dag.py:3947} INFO - Setting next_dagrun for example_task_group to 2026-03-27 00:00:00+00:00, run_after=2026-03-28 00:00:00+00:00
[2026-03-28T18:36:26.138+0500] {processor.py:183} INFO - Processing /home/abayturar/airflow-project/venv/lib/python3.12/site-packages/airflow/example_dags/example_task_group.py took 0.080 seconds
[2026-03-28T18:37:22.345+0500] {processor.py:161} INFO - Started process (PID=21054) to work on /home/abayturar/airflow-project/venv/lib/python3.12/site-packages/airflow/example_dags/example_task_group.py
[2026-03-28T18:37:22.346+0500] {processor.py:830} INFO - Processing file /home/abayturar/airflow-project/venv/lib/python3.12/site-packages/airflow/example_dags/example_task_group.py for tasks to queue
[2026-03-28T18:37:22.348+0500] {logging_mixin.py:188} INFO - [2026-03-28T18:37:22.348+0500] {dagbag.py:545} INFO - Filling up the DagBag from /home/abayturar/airflow-project/venv/lib/python3.12/site-packages/airflow/example_dags/example_task_group.py
[2026-03-28T18:37:22.355+0500] {processor.py:840} INFO - DAG(s) 'example_task_group' retrieved from /home/abayturar/airflow-project/venv/lib/python3.12/site-packages/airflow/example_dags/example_task_group.py
[2026-03-28T18:37:22.371+0500] {logging_mixin.py:188} INFO - [2026-03-28T18:37:22.370+0500] {dag.py:3089} INFO - Sync 1 DAGs
[2026-03-28T18:37:22.384+0500] {logging_mixin.py:188} INFO - [2026-03-28T18:37:22.384+0500] {dag.py:3947} INFO - Setting next_dagrun for example_task_group to 2026-03-27 00:00:00+00:00, run_after=2026-03-28 00:00:00+00:00
[2026-03-28T18:37:22.398+0500] {processor.py:183} INFO - Processing /home/abayturar/airflow-project/venv/lib/python3.12/site-packages/airflow/example_dags/example_task_group.py took 0.059 seconds
[2026-03-28T18:38:11.890+0500] {processor.py:161} INFO - Started process (PID=21185) to work on /home/abayturar/airflow-project/venv/lib/python3.12/site-packages/airflow/example_dags/example_task_group.py
[2026-03-28T18:38:11.891+0500] {processor.py:830} INFO - Processing file /home/abayturar/airflow-project/venv/lib/python3.12/site-packages/airflow/example_dags/example_task_group.py for tasks to queue
[2026-03-28T18:38:11.893+0500] {logging_mixin.py:188} INFO - [2026-03-28T18:38:11.892+0500] {dagbag.py:545} INFO - Filling up the DagBag from /home/abayturar/airflow-project/venv/lib/python3.12/site-packages/airflow/example_dags/example_task_group.py
[2026-03-28T18:38:11.901+0500] {processor.py:840} INFO - DAG(s) 'example_task_group' retrieved from /home/abayturar/airflow-project/venv/lib/python3.12/site-packages/airflow/example_dags/example_task_group.py
[2026-03-28T18:38:11.917+0500] {logging_mixin.py:188} INFO - [2026-03-28T18:38:11.917+0500] {dag.py:3089} INFO - Sync 1 DAGs
[2026-03-28T18:38:11.931+0500] {logging_mixin.py:188} INFO - [2026-03-28T18:38:11.930+0500] {dag.py:3947} INFO - Setting next_dagrun for example_task_group to 2026-03-27 00:00:00+00:00, run_after=2026-03-28 00:00:00+00:00
[2026-03-28T18:38:11.959+0500] {processor.py:183} INFO - Processing /home/abayturar/airflow-project/venv/lib/python3.12/site-packages/airflow/example_dags/example_task_group.py took 0.077 seconds
[2026-03-28T18:39:04.454+0500] {processor.py:161} INFO - Started process (PID=21326) to work on /home/abayturar/airflow-project/venv/lib/python3.12/site-packages/airflow/example_dags/example_task_group.py
[2026-03-28T18:39:04.455+0500] {processor.py:830} INFO - Processing file /home/abayturar/airflow-project/venv/lib/python3.12/site-packages/airflow/example_dags/example_task_group.py for tasks to queue
[2026-03-28T18:39:04.458+0500] {logging_mixin.py:188} INFO - [2026-03-28T18:39:04.457+0500] {dagbag.py:545} INFO - Filling up the DagBag from /home/abayturar/airflow-project/venv/lib/python3.12/site-packages/airflow/example_dags/example_task_group.py
[2026-03-28T18:39:04.466+0500] {processor.py:840} INFO - DAG(s) 'example_task_group' retrieved from /home/abayturar/airflow-project/venv/lib/python3.12/site-packages/airflow/example_dags/example_task_group.py
[2026-03-28T18:39:04.483+0500] {logging_mixin.py:188} INFO - [2026-03-28T18:39:04.482+0500] {dag.py:3089} INFO - Sync 1 DAGs
[2026-03-28T18:39:04.497+0500] {logging_mixin.py:188} INFO - [2026-03-28T18:39:04.497+0500] {dag.py:3947} INFO - Setting next_dagrun for example_task_group to 2026-03-27 00:00:00+00:00, run_after=2026-03-28 00:00:00+00:00
[2026-03-28T18:39:04.513+0500] {processor.py:183} INFO - Processing /home/abayturar/airflow-project/venv/lib/python3.12/site-packages/airflow/example_dags/example_task_group.py took 0.065 seconds
[2026-03-28T18:39:54.184+0500] {processor.py:161} INFO - Started process (PID=21458) to work on /home/abayturar/airflow-project/venv/lib/python3.12/site-packages/airflow/example_dags/example_task_group.py
[2026-03-28T18:39:54.185+0500] {processor.py:830} INFO - Processing file /home/abayturar/airflow-project/venv/lib/python3.12/site-packages/airflow/example_dags/example_task_group.py for tasks to queue
[2026-03-28T18:39:54.187+0500] {logging_mixin.py:188} INFO - [2026-03-28T18:39:54.186+0500] {dagbag.py:545} INFO - Filling up the DagBag from /home/abayturar/airflow-project/venv/lib/python3.12/site-packages/airflow/example_dags/example_task_group.py
[2026-03-28T18:39:54.195+0500] {processor.py:840} INFO - DAG(s) 'example_task_group' retrieved from /home/abayturar/airflow-project/venv/lib/python3.12/site-packages/airflow/example_dags/example_task_group.py
[2026-03-28T18:39:54.211+0500] {logging_mixin.py:188} INFO - [2026-03-28T18:39:54.211+0500] {dag.py:3089} INFO - Sync 1 DAGs
[2026-03-28T18:39:54.227+0500] {logging_mixin.py:188} INFO - [2026-03-28T18:39:54.227+0500] {dag.py:3947} INFO - Setting next_dagrun for example_task_group to 2026-03-27 00:00:00+00:00, run_after=2026-03-28 00:00:00+00:00
[2026-03-28T18:39:54.255+0500] {processor.py:183} INFO - Processing /home/abayturar/airflow-project/venv/lib/python3.12/site-packages/airflow/example_dags/example_task_group.py took 0.077 seconds
[2026-03-28T18:40:46.212+0500] {processor.py:161} INFO - Started process (PID=21594) to work on /home/abayturar/airflow-project/venv/lib/python3.12/site-packages/airflow/example_dags/example_task_group.py
[2026-03-28T18:40:46.213+0500] {processor.py:830} INFO - Processing file /home/abayturar/airflow-project/venv/lib/python3.12/site-packages/airflow/example_dags/example_task_group.py for tasks to queue
[2026-03-28T18:40:46.215+0500] {logging_mixin.py:188} INFO - [2026-03-28T18:40:46.214+0500] {dagbag.py:545} INFO - Filling up the DagBag from /home/abayturar/airflow-project/venv/lib/python3.12/site-packages/airflow/example_dags/example_task_group.py
[2026-03-28T18:40:46.224+0500] {processor.py:840} INFO - DAG(s) 'example_task_group' retrieved from /home/abayturar/airflow-project/venv/lib/python3.12/site-packages/airflow/example_dags/example_task_group.py
[2026-03-28T18:40:46.243+0500] {logging_mixin.py:188} INFO - [2026-03-28T18:40:46.243+0500] {dag.py:3089} INFO - Sync 1 DAGs
[2026-03-28T18:40:46.261+0500] {logging_mixin.py:188} INFO - [2026-03-28T18:40:46.260+0500] {dag.py:3947} INFO - Setting next_dagrun for example_task_group to 2026-03-27 00:00:00+00:00, run_after=2026-03-28 00:00:00+00:00
[2026-03-28T18:40:46.389+0500] {processor.py:183} INFO - Processing /home/abayturar/airflow-project/venv/lib/python3.12/site-packages/airflow/example_dags/example_task_group.py took 0.184 seconds
[2026-03-28T18:41:57.340+0500] {processor.py:161} INFO - Started process (PID=21836) to work on /home/abayturar/airflow-project/venv/lib/python3.12/site-packages/airflow/example_dags/example_task_group.py
[2026-03-28T18:41:57.341+0500] {processor.py:830} INFO - Processing file /home/abayturar/airflow-project/venv/lib/python3.12/site-packages/airflow/example_dags/example_task_group.py for tasks to queue
[2026-03-28T18:41:57.343+0500] {logging_mixin.py:188} INFO - [2026-03-28T18:41:57.342+0500] {dagbag.py:545} INFO - Filling up the DagBag from /home/abayturar/airflow-project/venv/lib/python3.12/site-packages/airflow/example_dags/example_task_group.py
[2026-03-28T18:41:57.350+0500] {processor.py:840} INFO - DAG(s) 'example_task_group' retrieved from /home/abayturar/airflow-project/venv/lib/python3.12/site-packages/airflow/example_dags/example_task_group.py
[2026-03-28T18:41:57.368+0500] {logging_mixin.py:188} INFO - [2026-03-28T18:41:57.368+0500] {dag.py:3089} INFO - Sync 1 DAGs
[2026-03-28T18:41:57.382+0500] {logging_mixin.py:188} INFO - [2026-03-28T18:41:57.382+0500] {dag.py:3947} INFO - Setting next_dagrun for example_task_group to 2026-03-27 00:00:00+00:00, run_after=2026-03-28 00:00:00+00:00
[2026-03-28T18:41:57.410+0500] {processor.py:183} INFO - Processing /home/abayturar/airflow-project/venv/lib/python3.12/site-packages/airflow/example_dags/example_task_group.py took 0.076 seconds
[2026-03-28T18:42:51.675+0500] {processor.py:161} INFO - Started process (PID=21978) to work on /home/abayturar/airflow-project/venv/lib/python3.12/site-packages/airflow/example_dags/example_task_group.py
[2026-03-28T18:42:51.676+0500] {processor.py:830} INFO - Processing file /home/abayturar/airflow-project/venv/lib/python3.12/site-packages/airflow/example_dags/example_task_group.py for tasks to queue
[2026-03-28T18:42:51.679+0500] {logging_mixin.py:188} INFO - [2026-03-28T18:42:51.678+0500] {dagbag.py:545} INFO - Filling up the DagBag from /home/abayturar/airflow-project/venv/lib/python3.12/site-packages/airflow/example_dags/example_task_group.py
[2026-03-28T18:42:51.689+0500] {processor.py:840} INFO - DAG(s) 'example_task_group' retrieved from /home/abayturar/airflow-project/venv/lib/python3.12/site-packages/airflow/example_dags/example_task_group.py
[2026-03-28T18:42:51.708+0500] {logging_mixin.py:188} INFO - [2026-03-28T18:42:51.707+0500] {dag.py:3089} INFO - Sync 1 DAGs
[2026-03-28T18:42:51.729+0500] {logging_mixin.py:188} INFO - [2026-03-28T18:42:51.729+0500] {dag.py:3947} INFO - Setting next_dagrun for example_task_group to 2026-03-27 00:00:00+00:00, run_after=2026-03-28 00:00:00+00:00
[2026-03-28T18:42:51.756+0500] {processor.py:183} INFO - Processing /home/abayturar/airflow-project/venv/lib/python3.12/site-packages/airflow/example_dags/example_task_group.py took 0.091 seconds
[2026-03-28T18:43:39.652+0500] {processor.py:161} INFO - Started process (PID=22145) to work on /home/abayturar/airflow-project/venv/lib/python3.12/site-packages/airflow/example_dags/example_task_group.py
[2026-03-28T18:43:39.653+0500] {processor.py:830} INFO - Processing file /home/abayturar/airflow-project/venv/lib/python3.12/site-packages/airflow/example_dags/example_task_group.py for tasks to queue
[2026-03-28T18:43:39.655+0500] {logging_mixin.py:188} INFO - [2026-03-28T18:43:39.655+0500] {dagbag.py:545} INFO - Filling up the DagBag from /home/abayturar/airflow-project/venv/lib/python3.12/site-packages/airflow/example_dags/example_task_group.py
[2026-03-28T18:43:39.663+0500] {processor.py:840} INFO - DAG(s) 'example_task_group' retrieved from /home/abayturar/airflow-project/venv/lib/python3.12/site-packages/airflow/example_dags/example_task_group.py
[2026-03-28T18:43:39.682+0500] {logging_mixin.py:188} INFO - [2026-03-28T18:43:39.682+0500] {dag.py:3089} INFO - Sync 1 DAGs
[2026-03-28T18:43:39.805+0500] {logging_mixin.py:188} INFO - [2026-03-28T18:43:39.805+0500] {dag.py:3947} INFO - Setting next_dagrun for example_task_group to 2026-03-27 00:00:00+00:00, run_after=2026-03-28 00:00:00+00:00
[2026-03-28T18:43:39.838+0500] {processor.py:183} INFO - Processing /home/abayturar/airflow-project/venv/lib/python3.12/site-packages/airflow/example_dags/example_task_group.py took 0.192 seconds
[2026-03-28T18:44:30.178+0500] {processor.py:161} INFO - Started process (PID=22279) to work on /home/abayturar/airflow-project/venv/lib/python3.12/site-packages/airflow/example_dags/example_task_group.py
[2026-03-28T18:44:30.179+0500] {processor.py:830} INFO - Processing file /home/abayturar/airflow-project/venv/lib/python3.12/site-packages/airflow/example_dags/example_task_group.py for tasks to queue
[2026-03-28T18:44:30.181+0500] {logging_mixin.py:188} INFO - [2026-03-28T18:44:30.181+0500] {dagbag.py:545} INFO - Filling up the DagBag from /home/abayturar/airflow-project/venv/lib/python3.12/site-packages/airflow/example_dags/example_task_group.py
[2026-03-28T18:44:30.189+0500] {processor.py:840} INFO - DAG(s) 'example_task_group' retrieved from /home/abayturar/airflow-project/venv/lib/python3.12/site-packages/airflow/example_dags/example_task_group.py
[2026-03-28T18:44:30.207+0500] {logging_mixin.py:188} INFO - [2026-03-28T18:44:30.207+0500] {dag.py:3089} INFO - Sync 1 DAGs
[2026-03-28T18:44:30.220+0500] {logging_mixin.py:188} INFO - [2026-03-28T18:44:30.220+0500] {dag.py:3947} INFO - Setting next_dagrun for example_task_group to 2026-03-27 00:00:00+00:00, run_after=2026-03-28 00:00:00+00:00
[2026-03-28T18:44:30.235+0500] {processor.py:183} INFO - Processing /home/abayturar/airflow-project/venv/lib/python3.12/site-packages/airflow/example_dags/example_task_group.py took 0.065 seconds
[2026-03-28T18:45:19.955+0500] {processor.py:161} INFO - Started process (PID=22411) to work on /home/abayturar/airflow-project/venv/lib/python3.12/site-packages/airflow/example_dags/example_task_group.py
[2026-03-28T18:45:19.956+0500] {processor.py:830} INFO - Processing file /home/abayturar/airflow-project/venv/lib/python3.12/site-packages/airflow/example_dags/example_task_group.py for tasks to queue
[2026-03-28T18:45:19.958+0500] {logging_mixin.py:188} INFO - [2026-03-28T18:45:19.957+0500] {dagbag.py:545} INFO - Filling up the DagBag from /home/abayturar/airflow-project/venv/lib/python3.12/site-packages/airflow/example_dags/example_task_group.py
[2026-03-28T18:45:19.965+0500] {processor.py:840} INFO - DAG(s) 'example_task_group' retrieved from /home/abayturar/airflow-project/venv/lib/python3.12/site-packages/airflow/example_dags/example_task_group.py
[2026-03-28T18:45:19.981+0500] {logging_mixin.py:188} INFO - [2026-03-28T18:45:19.981+0500] {dag.py:3089} INFO - Sync 1 DAGs
[2026-03-28T18:45:19.995+0500] {logging_mixin.py:188} INFO - [2026-03-28T18:45:19.995+0500] {dag.py:3947} INFO - Setting next_dagrun for example_task_group to 2026-03-27 00:00:00+00:00, run_after=2026-03-28 00:00:00+00:00
[2026-03-28T18:45:20.023+0500] {processor.py:183} INFO - Processing /home/abayturar/airflow-project/venv/lib/python3.12/site-packages/airflow/example_dags/example_task_group.py took 0.074 seconds
[2026-03-28T18:46:08.235+0500] {processor.py:161} INFO - Started process (PID=22541) to work on /home/abayturar/airflow-project/venv/lib/python3.12/site-packages/airflow/example_dags/example_task_group.py
[2026-03-28T18:46:08.236+0500] {processor.py:830} INFO - Processing file /home/abayturar/airflow-project/venv/lib/python3.12/site-packages/airflow/example_dags/example_task_group.py for tasks to queue
[2026-03-28T18:46:08.238+0500] {logging_mixin.py:188} INFO - [2026-03-28T18:46:08.238+0500] {dagbag.py:545} INFO - Filling up the DagBag from /home/abayturar/airflow-project/venv/lib/python3.12/site-packages/airflow/example_dags/example_task_group.py
[2026-03-28T18:46:08.246+0500] {processor.py:840} INFO - DAG(s) 'example_task_group' retrieved from /home/abayturar/airflow-project/venv/lib/python3.12/site-packages/airflow/example_dags/example_task_group.py
[2026-03-28T18:46:08.261+0500] {logging_mixin.py:188} INFO - [2026-03-28T18:46:08.261+0500] {dag.py:3089} INFO - Sync 1 DAGs
[2026-03-28T18:46:08.276+0500] {logging_mixin.py:188} INFO - [2026-03-28T18:46:08.276+0500] {dag.py:3947} INFO - Setting next_dagrun for example_task_group to 2026-03-27 00:00:00+00:00, run_after=2026-03-28 00:00:00+00:00
[2026-03-28T18:46:08.303+0500] {processor.py:183} INFO - Processing /home/abayturar/airflow-project/venv/lib/python3.12/site-packages/airflow/example_dags/example_task_group.py took 0.074 seconds
[2026-03-28T18:46:56.023+0500] {processor.py:161} INFO - Started process (PID=22666) to work on /home/abayturar/airflow-project/venv/lib/python3.12/site-packages/airflow/example_dags/example_task_group.py
[2026-03-28T18:46:56.024+0500] {processor.py:830} INFO - Processing file /home/abayturar/airflow-project/venv/lib/python3.12/site-packages/airflow/example_dags/example_task_group.py for tasks to queue
[2026-03-28T18:46:56.025+0500] {logging_mixin.py:188} INFO - [2026-03-28T18:46:56.025+0500] {dagbag.py:545} INFO - Filling up the DagBag from /home/abayturar/airflow-project/venv/lib/python3.12/site-packages/airflow/example_dags/example_task_group.py
[2026-03-28T18:46:56.032+0500] {processor.py:840} INFO - DAG(s) 'example_task_group' retrieved from /home/abayturar/airflow-project/venv/lib/python3.12/site-packages/airflow/example_dags/example_task_group.py
[2026-03-28T18:46:56.047+0500] {logging_mixin.py:188} INFO - [2026-03-28T18:46:56.047+0500] {dag.py:3089} INFO - Sync 1 DAGs
[2026-03-28T18:46:56.061+0500] {logging_mixin.py:188} INFO - [2026-03-28T18:46:56.060+0500] {dag.py:3947} INFO - Setting next_dagrun for example_task_group to 2026-03-27 00:00:00+00:00, run_after=2026-03-28 00:00:00+00:00
[2026-03-28T18:46:56.087+0500] {processor.py:183} INFO - Processing /home/abayturar/airflow-project/venv/lib/python3.12/site-packages/airflow/example_dags/example_task_group.py took 0.070 seconds
[2026-03-28T18:47:42.053+0500] {processor.py:161} INFO - Started process (PID=22790) to work on /home/abayturar/airflow-project/venv/lib/python3.12/site-packages/airflow/example_dags/example_task_group.py
[2026-03-28T18:47:42.054+0500] {processor.py:830} INFO - Processing file /home/abayturar/airflow-project/venv/lib/python3.12/site-packages/airflow/example_dags/example_task_group.py for tasks to queue
[2026-03-28T18:47:42.056+0500] {logging_mixin.py:188} INFO - [2026-03-28T18:47:42.056+0500] {dagbag.py:545} INFO - Filling up the DagBag from /home/abayturar/airflow-project/venv/lib/python3.12/site-packages/airflow/example_dags/example_task_group.py
[2026-03-28T18:47:42.064+0500] {processor.py:840} INFO - DAG(s) 'example_task_group' retrieved from /home/abayturar/airflow-project/venv/lib/python3.12/site-packages/airflow/example_dags/example_task_group.py
[2026-03-28T18:47:42.079+0500] {logging_mixin.py:188} INFO - [2026-03-28T18:47:42.079+0500] {dag.py:3089} INFO - Sync 1 DAGs
[2026-03-28T18:47:42.093+0500] {logging_mixin.py:188} INFO - [2026-03-28T18:47:42.093+0500] {dag.py:3947} INFO - Setting next_dagrun for example_task_group to 2026-03-27 00:00:00+00:00, run_after=2026-03-28 00:00:00+00:00
[2026-03-28T18:47:42.121+0500] {processor.py:183} INFO - Processing /home/abayturar/airflow-project/venv/lib/python3.12/site-packages/airflow/example_dags/example_task_group.py took 0.074 seconds
[2026-03-28T18:48:26.330+0500] {processor.py:161} INFO - Started process (PID=22913) to work on /home/abayturar/airflow-project/venv/lib/python3.12/site-packages/airflow/example_dags/example_task_group.py
[2026-03-28T18:48:26.331+0500] {processor.py:830} INFO - Processing file /home/abayturar/airflow-project/venv/lib/python3.12/site-packages/airflow/example_dags/example_task_group.py for tasks to queue
[2026-03-28T18:48:26.333+0500] {logging_mixin.py:188} INFO - [2026-03-28T18:48:26.332+0500] {dagbag.py:545} INFO - Filling up the DagBag from /home/abayturar/airflow-project/venv/lib/python3.12/site-packages/airflow/example_dags/example_task_group.py
[2026-03-28T18:48:26.340+0500] {processor.py:840} INFO - DAG(s) 'example_task_group' retrieved from /home/abayturar/airflow-project/venv/lib/python3.12/site-packages/airflow/example_dags/example_task_group.py
[2026-03-28T18:48:26.356+0500] {logging_mixin.py:188} INFO - [2026-03-28T18:48:26.356+0500] {dag.py:3089} INFO - Sync 1 DAGs
[2026-03-28T18:48:26.370+0500] {logging_mixin.py:188} INFO - [2026-03-28T18:48:26.370+0500] {dag.py:3947} INFO - Setting next_dagrun for example_task_group to 2026-03-27 00:00:00+00:00, run_after=2026-03-28 00:00:00+00:00
[2026-03-28T18:48:26.396+0500] {processor.py:183} INFO - Processing /home/abayturar/airflow-project/venv/lib/python3.12/site-packages/airflow/example_dags/example_task_group.py took 0.072 seconds
[2026-03-28T18:49:09.822+0500] {processor.py:161} INFO - Started process (PID=23028) to work on /home/abayturar/airflow-project/venv/lib/python3.12/site-packages/airflow/example_dags/example_task_group.py
[2026-03-28T18:49:09.822+0500] {processor.py:830} INFO - Processing file /home/abayturar/airflow-project/venv/lib/python3.12/site-packages/airflow/example_dags/example_task_group.py for tasks to queue
[2026-03-28T18:49:09.824+0500] {logging_mixin.py:188} INFO - [2026-03-28T18:49:09.824+0500] {dagbag.py:545} INFO - Filling up the DagBag from /home/abayturar/airflow-project/venv/lib/python3.12/site-packages/airflow/example_dags/example_task_group.py
[2026-03-28T18:49:09.832+0500] {processor.py:840} INFO - DAG(s) 'example_task_group' retrieved from /home/abayturar/airflow-project/venv/lib/python3.12/site-packages/airflow/example_dags/example_task_group.py
[2026-03-28T18:49:09.848+0500] {logging_mixin.py:188} INFO - [2026-03-28T18:49:09.848+0500] {dag.py:3089} INFO - Sync 1 DAGs
[2026-03-28T18:49:09.865+0500] {logging_mixin.py:188} INFO - [2026-03-28T18:49:09.865+0500] {dag.py:3947} INFO - Setting next_dagrun for example_task_group to 2026-03-27 00:00:00+00:00, run_after=2026-03-28 00:00:00+00:00
[2026-03-28T18:49:09.882+0500] {processor.py:183} INFO - Processing /home/abayturar/airflow-project/venv/lib/python3.12/site-packages/airflow/example_dags/example_task_group.py took 0.067 seconds
[2026-03-28T18:49:56.031+0500] {processor.py:161} INFO - Started process (PID=23151) to work on /home/abayturar/airflow-project/venv/lib/python3.12/site-packages/airflow/example_dags/example_task_group.py
[2026-03-28T18:49:56.032+0500] {processor.py:830} INFO - Processing file /home/abayturar/airflow-project/venv/lib/python3.12/site-packages/airflow/example_dags/example_task_group.py for tasks to queue
[2026-03-28T18:49:56.034+0500] {logging_mixin.py:188} INFO - [2026-03-28T18:49:56.033+0500] {dagbag.py:545} INFO - Filling up the DagBag from /home/abayturar/airflow-project/venv/lib/python3.12/site-packages/airflow/example_dags/example_task_group.py
[2026-03-28T18:49:56.041+0500] {processor.py:840} INFO - DAG(s) 'example_task_group' retrieved from /home/abayturar/airflow-project/venv/lib/python3.12/site-packages/airflow/example_dags/example_task_group.py
[2026-03-28T18:49:56.056+0500] {logging_mixin.py:188} INFO - [2026-03-28T18:49:56.056+0500] {dag.py:3089} INFO - Sync 1 DAGs
[2026-03-28T18:49:56.070+0500] {logging_mixin.py:188} INFO - [2026-03-28T18:49:56.069+0500] {dag.py:3947} INFO - Setting next_dagrun for example_task_group to 2026-03-27 00:00:00+00:00, run_after=2026-03-28 00:00:00+00:00
[2026-03-28T18:49:56.097+0500] {processor.py:183} INFO - Processing /home/abayturar/airflow-project/venv/lib/python3.12/site-packages/airflow/example_dags/example_task_group.py took 0.072 seconds
[2026-03-28T18:50:41.408+0500] {processor.py:161} INFO - Started process (PID=23273) to work on /home/abayturar/airflow-project/venv/lib/python3.12/site-packages/airflow/example_dags/example_task_group.py
[2026-03-28T18:50:41.409+0500] {processor.py:830} INFO - Processing file /home/abayturar/airflow-project/venv/lib/python3.12/site-packages/airflow/example_dags/example_task_group.py for tasks to queue
[2026-03-28T18:50:41.410+0500] {logging_mixin.py:188} INFO - [2026-03-28T18:50:41.410+0500] {dagbag.py:545} INFO - Filling up the DagBag from /home/abayturar/airflow-project/venv/lib/python3.12/site-packages/airflow/example_dags/example_task_group.py
[2026-03-28T18:50:41.419+0500] {processor.py:840} INFO - DAG(s) 'example_task_group' retrieved from /home/abayturar/airflow-project/venv/lib/python3.12/site-packages/airflow/example_dags/example_task_group.py
[2026-03-28T18:50:41.435+0500] {logging_mixin.py:188} INFO - [2026-03-28T18:50:41.435+0500] {dag.py:3089} INFO - Sync 1 DAGs
[2026-03-28T18:50:41.450+0500] {logging_mixin.py:188} INFO - [2026-03-28T18:50:41.450+0500] {dag.py:3947} INFO - Setting next_dagrun for example_task_group to 2026-03-27 00:00:00+00:00, run_after=2026-03-28 00:00:00+00:00
[2026-03-28T18:50:41.477+0500] {processor.py:183} INFO - Processing /home/abayturar/airflow-project/venv/lib/python3.12/site-packages/airflow/example_dags/example_task_group.py took 0.076 seconds
[2026-03-28T18:51:29.831+0500] {processor.py:161} INFO - Started process (PID=23404) to work on /home/abayturar/airflow-project/venv/lib/python3.12/site-packages/airflow/example_dags/example_task_group.py
[2026-03-28T18:51:29.832+0500] {processor.py:830} INFO - Processing file /home/abayturar/airflow-project/venv/lib/python3.12/site-packages/airflow/example_dags/example_task_group.py for tasks to queue
[2026-03-28T18:51:29.834+0500] {logging_mixin.py:188} INFO - [2026-03-28T18:51:29.833+0500] {dagbag.py:545} INFO - Filling up the DagBag from /home/abayturar/airflow-project/venv/lib/python3.12/site-packages/airflow/example_dags/example_task_group.py
[2026-03-28T18:51:29.841+0500] {processor.py:840} INFO - DAG(s) 'example_task_group' retrieved from /home/abayturar/airflow-project/venv/lib/python3.12/site-packages/airflow/example_dags/example_task_group.py
[2026-03-28T18:51:29.856+0500] {logging_mixin.py:188} INFO - [2026-03-28T18:51:29.856+0500] {dag.py:3089} INFO - Sync 1 DAGs
[2026-03-28T18:51:29.869+0500] {logging_mixin.py:188} INFO - [2026-03-28T18:51:29.869+0500] {dag.py:3947} INFO - Setting next_dagrun for example_task_group to 2026-03-27 00:00:00+00:00, run_after=2026-03-28 00:00:00+00:00
[2026-03-28T18:51:29.898+0500] {processor.py:183} INFO - Processing /home/abayturar/airflow-project/venv/lib/python3.12/site-packages/airflow/example_dags/example_task_group.py took 0.072 seconds
[2026-03-28T18:52:16.294+0500] {processor.py:161} INFO - Started process (PID=23527) to work on /home/abayturar/airflow-project/venv/lib/python3.12/site-packages/airflow/example_dags/example_task_group.py
[2026-03-28T18:52:16.295+0500] {processor.py:830} INFO - Processing file /home/abayturar/airflow-project/venv/lib/python3.12/site-packages/airflow/example_dags/example_task_group.py for tasks to queue
[2026-03-28T18:52:16.297+0500] {logging_mixin.py:188} INFO - [2026-03-28T18:52:16.297+0500] {dagbag.py:545} INFO - Filling up the DagBag from /home/abayturar/airflow-project/venv/lib/python3.12/site-packages/airflow/example_dags/example_task_group.py
[2026-03-28T18:52:16.305+0500] {processor.py:840} INFO - DAG(s) 'example_task_group' retrieved from /home/abayturar/airflow-project/venv/lib/python3.12/site-packages/airflow/example_dags/example_task_group.py
[2026-03-28T18:52:16.322+0500] {logging_mixin.py:188} INFO - [2026-03-28T18:52:16.322+0500] {dag.py:3089} INFO - Sync 1 DAGs
[2026-03-28T18:52:16.337+0500] {logging_mixin.py:188} INFO - [2026-03-28T18:52:16.337+0500] {dag.py:3947} INFO - Setting next_dagrun for example_task_group to 2026-03-27 00:00:00+00:00, run_after=2026-03-28 00:00:00+00:00
[2026-03-28T18:52:16.354+0500] {processor.py:183} INFO - Processing /home/abayturar/airflow-project/venv/lib/python3.12/site-packages/airflow/example_dags/example_task_group.py took 0.067 seconds
[2026-03-28T18:53:00.774+0500] {processor.py:161} INFO - Started process (PID=23650) to work on /home/abayturar/airflow-project/venv/lib/python3.12/site-packages/airflow/example_dags/example_task_group.py
[2026-03-28T18:53:00.775+0500] {processor.py:830} INFO - Processing file /home/abayturar/airflow-project/venv/lib/python3.12/site-packages/airflow/example_dags/example_task_group.py for tasks to queue
[2026-03-28T18:53:00.776+0500] {logging_mixin.py:188} INFO - [2026-03-28T18:53:00.776+0500] {dagbag.py:545} INFO - Filling up the DagBag from /home/abayturar/airflow-project/venv/lib/python3.12/site-packages/airflow/example_dags/example_task_group.py
[2026-03-28T18:53:00.784+0500] {processor.py:840} INFO - DAG(s) 'example_task_group' retrieved from /home/abayturar/airflow-project/venv/lib/python3.12/site-packages/airflow/example_dags/example_task_group.py
[2026-03-28T18:53:00.801+0500] {logging_mixin.py:188} INFO - [2026-03-28T18:53:00.801+0500] {dag.py:3089} INFO - Sync 1 DAGs
[2026-03-28T18:53:00.816+0500] {logging_mixin.py:188} INFO - [2026-03-28T18:53:00.816+0500] {dag.py:3947} INFO - Setting next_dagrun for example_task_group to 2026-03-27 00:00:00+00:00, run_after=2026-03-28 00:00:00+00:00
[2026-03-28T18:53:00.844+0500] {processor.py:183} INFO - Processing /home/abayturar/airflow-project/venv/lib/python3.12/site-packages/airflow/example_dags/example_task_group.py took 0.077 seconds
[2026-03-28T18:53:46.572+0500] {processor.py:161} INFO - Started process (PID=23770) to work on /home/abayturar/airflow-project/venv/lib/python3.12/site-packages/airflow/example_dags/example_task_group.py
[2026-03-28T18:53:46.573+0500] {processor.py:830} INFO - Processing file /home/abayturar/airflow-project/venv/lib/python3.12/site-packages/airflow/example_dags/example_task_group.py for tasks to queue
[2026-03-28T18:53:46.575+0500] {logging_mixin.py:188} INFO - [2026-03-28T18:53:46.575+0500] {dagbag.py:545} INFO - Filling up the DagBag from /home/abayturar/airflow-project/venv/lib/python3.12/site-packages/airflow/example_dags/example_task_group.py
[2026-03-28T18:53:46.587+0500] {processor.py:840} INFO - DAG(s) 'example_task_group' retrieved from /home/abayturar/airflow-project/venv/lib/python3.12/site-packages/airflow/example_dags/example_task_group.py
[2026-03-28T18:53:46.612+0500] {logging_mixin.py:188} INFO - [2026-03-28T18:53:46.612+0500] {dag.py:3089} INFO - Sync 1 DAGs
[2026-03-28T18:53:46.630+0500] {logging_mixin.py:188} INFO - [2026-03-28T18:53:46.630+0500] {dag.py:3947} INFO - Setting next_dagrun for example_task_group to 2026-03-27 00:00:00+00:00, run_after=2026-03-28 00:00:00+00:00
[2026-03-28T18:53:46.645+0500] {processor.py:183} INFO - Processing /home/abayturar/airflow-project/venv/lib/python3.12/site-packages/airflow/example_dags/example_task_group.py took 0.083 seconds
[2026-03-28T18:54:31.740+0500] {processor.py:161} INFO - Started process (PID=23893) to work on /home/abayturar/airflow-project/venv/lib/python3.12/site-packages/airflow/example_dags/example_task_group.py
[2026-03-28T18:54:31.740+0500] {processor.py:830} INFO - Processing file /home/abayturar/airflow-project/venv/lib/python3.12/site-packages/airflow/example_dags/example_task_group.py for tasks to queue
[2026-03-28T18:54:31.742+0500] {logging_mixin.py:188} INFO - [2026-03-28T18:54:31.742+0500] {dagbag.py:545} INFO - Filling up the DagBag from /home/abayturar/airflow-project/venv/lib/python3.12/site-packages/airflow/example_dags/example_task_group.py
[2026-03-28T18:54:31.750+0500] {processor.py:840} INFO - DAG(s) 'example_task_group' retrieved from /home/abayturar/airflow-project/venv/lib/python3.12/site-packages/airflow/example_dags/example_task_group.py
[2026-03-28T18:54:31.766+0500] {logging_mixin.py:188} INFO - [2026-03-28T18:54:31.765+0500] {dag.py:3089} INFO - Sync 1 DAGs
[2026-03-28T18:54:31.779+0500] {logging_mixin.py:188} INFO - [2026-03-28T18:54:31.779+0500] {dag.py:3947} INFO - Setting next_dagrun for example_task_group to 2026-03-27 00:00:00+00:00, run_after=2026-03-28 00:00:00+00:00
[2026-03-28T18:54:31.806+0500] {processor.py:183} INFO - Processing /home/abayturar/airflow-project/venv/lib/python3.12/site-packages/airflow/example_dags/example_task_group.py took 0.073 seconds
[2026-03-28T18:55:17.179+0500] {processor.py:161} INFO - Started process (PID=24013) to work on /home/abayturar/airflow-project/venv/lib/python3.12/site-packages/airflow/example_dags/example_task_group.py
[2026-03-28T18:55:17.180+0500] {processor.py:830} INFO - Processing file /home/abayturar/airflow-project/venv/lib/python3.12/site-packages/airflow/example_dags/example_task_group.py for tasks to queue
[2026-03-28T18:55:17.183+0500] {logging_mixin.py:188} INFO - [2026-03-28T18:55:17.182+0500] {dagbag.py:545} INFO - Filling up the DagBag from /home/abayturar/airflow-project/venv/lib/python3.12/site-packages/airflow/example_dags/example_task_group.py
[2026-03-28T18:55:17.192+0500] {processor.py:840} INFO - DAG(s) 'example_task_group' retrieved from /home/abayturar/airflow-project/venv/lib/python3.12/site-packages/airflow/example_dags/example_task_group.py
[2026-03-28T18:55:17.220+0500] {logging_mixin.py:188} INFO - [2026-03-28T18:55:17.220+0500] {dag.py:3089} INFO - Sync 1 DAGs
[2026-03-28T18:55:17.247+0500] {logging_mixin.py:188} INFO - [2026-03-28T18:55:17.247+0500] {dag.py:3947} INFO - Setting next_dagrun for example_task_group to 2026-03-27 00:00:00+00:00, run_after=2026-03-28 00:00:00+00:00
[2026-03-28T18:55:17.285+0500] {processor.py:183} INFO - Processing /home/abayturar/airflow-project/venv/lib/python3.12/site-packages/airflow/example_dags/example_task_group.py took 0.120 seconds
[2026-03-28T18:56:10.627+0500] {processor.py:161} INFO - Started process (PID=24153) to work on /home/abayturar/airflow-project/venv/lib/python3.12/site-packages/airflow/example_dags/example_task_group.py
[2026-03-28T18:56:10.628+0500] {processor.py:830} INFO - Processing file /home/abayturar/airflow-project/venv/lib/python3.12/site-packages/airflow/example_dags/example_task_group.py for tasks to queue
[2026-03-28T18:56:10.630+0500] {logging_mixin.py:188} INFO - [2026-03-28T18:56:10.630+0500] {dagbag.py:545} INFO - Filling up the DagBag from /home/abayturar/airflow-project/venv/lib/python3.12/site-packages/airflow/example_dags/example_task_group.py
[2026-03-28T18:56:10.638+0500] {processor.py:840} INFO - DAG(s) 'example_task_group' retrieved from /home/abayturar/airflow-project/venv/lib/python3.12/site-packages/airflow/example_dags/example_task_group.py
[2026-03-28T18:56:10.655+0500] {logging_mixin.py:188} INFO - [2026-03-28T18:56:10.654+0500] {dag.py:3089} INFO - Sync 1 DAGs
[2026-03-28T18:56:10.669+0500] {logging_mixin.py:188} INFO - [2026-03-28T18:56:10.669+0500] {dag.py:3947} INFO - Setting next_dagrun for example_task_group to 2026-03-27 00:00:00+00:00, run_after=2026-03-28 00:00:00+00:00
[2026-03-28T18:56:10.698+0500] {processor.py:183} INFO - Processing /home/abayturar/airflow-project/venv/lib/python3.12/site-packages/airflow/example_dags/example_task_group.py took 0.077 seconds
[2026-03-28T18:57:01.409+0500] {processor.py:161} INFO - Started process (PID=24286) to work on /home/abayturar/airflow-project/venv/lib/python3.12/site-packages/airflow/example_dags/example_task_group.py
[2026-03-28T18:57:01.410+0500] {processor.py:830} INFO - Processing file /home/abayturar/airflow-project/venv/lib/python3.12/site-packages/airflow/example_dags/example_task_group.py for tasks to queue
[2026-03-28T18:57:01.413+0500] {logging_mixin.py:188} INFO - [2026-03-28T18:57:01.412+0500] {dagbag.py:545} INFO - Filling up the DagBag from /home/abayturar/airflow-project/venv/lib/python3.12/site-packages/airflow/example_dags/example_task_group.py
[2026-03-28T18:57:01.422+0500] {processor.py:840} INFO - DAG(s) 'example_task_group' retrieved from /home/abayturar/airflow-project/venv/lib/python3.12/site-packages/airflow/example_dags/example_task_group.py
[2026-03-28T18:57:01.438+0500] {logging_mixin.py:188} INFO - [2026-03-28T18:57:01.438+0500] {dag.py:3089} INFO - Sync 1 DAGs
[2026-03-28T18:57:01.453+0500] {logging_mixin.py:188} INFO - [2026-03-28T18:57:01.453+0500] {dag.py:3947} INFO - Setting next_dagrun for example_task_group to 2026-03-27 00:00:00+00:00, run_after=2026-03-28 00:00:00+00:00
[2026-03-28T18:57:01.469+0500] {processor.py:183} INFO - Processing /home/abayturar/airflow-project/venv/lib/python3.12/site-packages/airflow/example_dags/example_task_group.py took 0.066 seconds
[2026-03-28T18:57:48.846+0500] {processor.py:161} INFO - Started process (PID=24412) to work on /home/abayturar/airflow-project/venv/lib/python3.12/site-packages/airflow/example_dags/example_task_group.py
[2026-03-28T18:57:48.847+0500] {processor.py:830} INFO - Processing file /home/abayturar/airflow-project/venv/lib/python3.12/site-packages/airflow/example_dags/example_task_group.py for tasks to queue
[2026-03-28T18:57:48.849+0500] {logging_mixin.py:188} INFO - [2026-03-28T18:57:48.848+0500] {dagbag.py:545} INFO - Filling up the DagBag from /home/abayturar/airflow-project/venv/lib/python3.12/site-packages/airflow/example_dags/example_task_group.py
[2026-03-28T18:57:48.858+0500] {processor.py:840} INFO - DAG(s) 'example_task_group' retrieved from /home/abayturar/airflow-project/venv/lib/python3.12/site-packages/airflow/example_dags/example_task_group.py
[2026-03-28T18:57:48.878+0500] {logging_mixin.py:188} INFO - [2026-03-28T18:57:48.878+0500] {dag.py:3089} INFO - Sync 1 DAGs
[2026-03-28T18:57:48.898+0500] {logging_mixin.py:188} INFO - [2026-03-28T18:57:48.897+0500] {dag.py:3947} INFO - Setting next_dagrun for example_task_group to 2026-03-27 00:00:00+00:00, run_after=2026-03-28 00:00:00+00:00
[2026-03-28T18:57:48.925+0500] {processor.py:183} INFO - Processing /home/abayturar/airflow-project/venv/lib/python3.12/site-packages/airflow/example_dags/example_task_group.py took 0.087 seconds
[2026-03-28T18:58:35.987+0500] {processor.py:161} INFO - Started process (PID=24538) to work on /home/abayturar/airflow-project/venv/lib/python3.12/site-packages/airflow/example_dags/example_task_group.py
[2026-03-28T18:58:35.988+0500] {processor.py:830} INFO - Processing file /home/abayturar/airflow-project/venv/lib/python3.12/site-packages/airflow/example_dags/example_task_group.py for tasks to queue
[2026-03-28T18:58:35.989+0500] {logging_mixin.py:188} INFO - [2026-03-28T18:58:35.989+0500] {dagbag.py:545} INFO - Filling up the DagBag from /home/abayturar/airflow-project/venv/lib/python3.12/site-packages/airflow/example_dags/example_task_group.py
[2026-03-28T18:58:35.997+0500] {processor.py:840} INFO - DAG(s) 'example_task_group' retrieved from /home/abayturar/airflow-project/venv/lib/python3.12/site-packages/airflow/example_dags/example_task_group.py
[2026-03-28T18:58:36.015+0500] {logging_mixin.py:188} INFO - [2026-03-28T18:58:36.015+0500] {dag.py:3089} INFO - Sync 1 DAGs
[2026-03-28T18:58:36.030+0500] {logging_mixin.py:188} INFO - [2026-03-28T18:58:36.030+0500] {dag.py:3947} INFO - Setting next_dagrun for example_task_group to 2026-03-27 00:00:00+00:00, run_after=2026-03-28 00:00:00+00:00
[2026-03-28T18:58:36.059+0500] {processor.py:183} INFO - Processing /home/abayturar/airflow-project/venv/lib/python3.12/site-packages/airflow/example_dags/example_task_group.py took 0.079 seconds
[2026-03-28T18:59:21.925+0500] {processor.py:161} INFO - Started process (PID=24664) to work on /home/abayturar/airflow-project/venv/lib/python3.12/site-packages/airflow/example_dags/example_task_group.py
[2026-03-28T18:59:21.926+0500] {processor.py:830} INFO - Processing file /home/abayturar/airflow-project/venv/lib/python3.12/site-packages/airflow/example_dags/example_task_group.py for tasks to queue
[2026-03-28T18:59:21.928+0500] {logging_mixin.py:188} INFO - [2026-03-28T18:59:21.928+0500] {dagbag.py:545} INFO - Filling up the DagBag from /home/abayturar/airflow-project/venv/lib/python3.12/site-packages/airflow/example_dags/example_task_group.py
[2026-03-28T18:59:21.936+0500] {processor.py:840} INFO - DAG(s) 'example_task_group' retrieved from /home/abayturar/airflow-project/venv/lib/python3.12/site-packages/airflow/example_dags/example_task_group.py
[2026-03-28T18:59:21.953+0500] {logging_mixin.py:188} INFO - [2026-03-28T18:59:21.952+0500] {dag.py:3089} INFO - Sync 1 DAGs
[2026-03-28T18:59:21.967+0500] {logging_mixin.py:188} INFO - [2026-03-28T18:59:21.967+0500] {dag.py:3947} INFO - Setting next_dagrun for example_task_group to 2026-03-27 00:00:00+00:00, run_after=2026-03-28 00:00:00+00:00
[2026-03-28T18:59:21.982+0500] {processor.py:183} INFO - Processing /home/abayturar/airflow-project/venv/lib/python3.12/site-packages/airflow/example_dags/example_task_group.py took 0.063 seconds
[2026-03-28T19:00:10.338+0500] {processor.py:161} INFO - Started process (PID=24792) to work on /home/abayturar/airflow-project/venv/lib/python3.12/site-packages/airflow/example_dags/example_task_group.py
[2026-03-28T19:00:10.339+0500] {processor.py:830} INFO - Processing file /home/abayturar/airflow-project/venv/lib/python3.12/site-packages/airflow/example_dags/example_task_group.py for tasks to queue
[2026-03-28T19:00:10.342+0500] {logging_mixin.py:188} INFO - [2026-03-28T19:00:10.341+0500] {dagbag.py:545} INFO - Filling up the DagBag from /home/abayturar/airflow-project/venv/lib/python3.12/site-packages/airflow/example_dags/example_task_group.py
[2026-03-28T19:00:10.350+0500] {processor.py:840} INFO - DAG(s) 'example_task_group' retrieved from /home/abayturar/airflow-project/venv/lib/python3.12/site-packages/airflow/example_dags/example_task_group.py
[2026-03-28T19:00:10.368+0500] {logging_mixin.py:188} INFO - [2026-03-28T19:00:10.368+0500] {dag.py:3089} INFO - Sync 1 DAGs
[2026-03-28T19:00:10.384+0500] {logging_mixin.py:188} INFO - [2026-03-28T19:00:10.384+0500] {dag.py:3947} INFO - Setting next_dagrun for example_task_group to 2026-03-27 00:00:00+00:00, run_after=2026-03-28 00:00:00+00:00
[2026-03-28T19:00:10.400+0500] {processor.py:183} INFO - Processing /home/abayturar/airflow-project/venv/lib/python3.12/site-packages/airflow/example_dags/example_task_group.py took 0.068 seconds
[2026-03-28T19:00:55.746+0500] {processor.py:161} INFO - Started process (PID=24914) to work on /home/abayturar/airflow-project/venv/lib/python3.12/site-packages/airflow/example_dags/example_task_group.py
[2026-03-28T19:00:55.747+0500] {processor.py:830} INFO - Processing file /home/abayturar/airflow-project/venv/lib/python3.12/site-packages/airflow/example_dags/example_task_group.py for tasks to queue
[2026-03-28T19:00:55.749+0500] {logging_mixin.py:188} INFO - [2026-03-28T19:00:55.749+0500] {dagbag.py:545} INFO - Filling up the DagBag from /home/abayturar/airflow-project/venv/lib/python3.12/site-packages/airflow/example_dags/example_task_group.py
[2026-03-28T19:00:55.756+0500] {processor.py:840} INFO - DAG(s) 'example_task_group' retrieved from /home/abayturar/airflow-project/venv/lib/python3.12/site-packages/airflow/example_dags/example_task_group.py
[2026-03-28T19:00:55.772+0500] {logging_mixin.py:188} INFO - [2026-03-28T19:00:55.772+0500] {dag.py:3089} INFO - Sync 1 DAGs
[2026-03-28T19:00:55.785+0500] {logging_mixin.py:188} INFO - [2026-03-28T19:00:55.785+0500] {dag.py:3947} INFO - Setting next_dagrun for example_task_group to 2026-03-27 00:00:00+00:00, run_after=2026-03-28 00:00:00+00:00
[2026-03-28T19:00:55.811+0500] {processor.py:183} INFO - Processing /home/abayturar/airflow-project/venv/lib/python3.12/site-packages/airflow/example_dags/example_task_group.py took 0.071 seconds
[2026-03-28T19:01:45.726+0500] {processor.py:161} INFO - Started process (PID=25049) to work on /home/abayturar/airflow-project/venv/lib/python3.12/site-packages/airflow/example_dags/example_task_group.py
[2026-03-28T19:01:45.727+0500] {processor.py:830} INFO - Processing file /home/abayturar/airflow-project/venv/lib/python3.12/site-packages/airflow/example_dags/example_task_group.py for tasks to queue
[2026-03-28T19:01:45.729+0500] {logging_mixin.py:188} INFO - [2026-03-28T19:01:45.728+0500] {dagbag.py:545} INFO - Filling up the DagBag from /home/abayturar/airflow-project/venv/lib/python3.12/site-packages/airflow/example_dags/example_task_group.py
[2026-03-28T19:01:45.737+0500] {processor.py:840} INFO - DAG(s) 'example_task_group' retrieved from /home/abayturar/airflow-project/venv/lib/python3.12/site-packages/airflow/example_dags/example_task_group.py
[2026-03-28T19:01:45.754+0500] {logging_mixin.py:188} INFO - [2026-03-28T19:01:45.754+0500] {dag.py:3089} INFO - Sync 1 DAGs
[2026-03-28T19:01:45.768+0500] {logging_mixin.py:188} INFO - [2026-03-28T19:01:45.768+0500] {dag.py:3947} INFO - Setting next_dagrun for example_task_group to 2026-03-27 00:00:00+00:00, run_after=2026-03-28 00:00:00+00:00
[2026-03-28T19:01:45.795+0500] {processor.py:183} INFO - Processing /home/abayturar/airflow-project/venv/lib/python3.12/site-packages/airflow/example_dags/example_task_group.py took 0.076 seconds
[2026-03-28T19:02:29.925+0500] {processor.py:161} INFO - Started process (PID=25168) to work on /home/abayturar/airflow-project/venv/lib/python3.12/site-packages/airflow/example_dags/example_task_group.py
[2026-03-28T19:02:29.926+0500] {processor.py:830} INFO - Processing file /home/abayturar/airflow-project/venv/lib/python3.12/site-packages/airflow/example_dags/example_task_group.py for tasks to queue
[2026-03-28T19:02:29.928+0500] {logging_mixin.py:188} INFO - [2026-03-28T19:02:29.927+0500] {dagbag.py:545} INFO - Filling up the DagBag from /home/abayturar/airflow-project/venv/lib/python3.12/site-packages/airflow/example_dags/example_task_group.py
[2026-03-28T19:02:29.936+0500] {processor.py:840} INFO - DAG(s) 'example_task_group' retrieved from /home/abayturar/airflow-project/venv/lib/python3.12/site-packages/airflow/example_dags/example_task_group.py
[2026-03-28T19:02:29.954+0500] {logging_mixin.py:188} INFO - [2026-03-28T19:02:29.953+0500] {dag.py:3089} INFO - Sync 1 DAGs
[2026-03-28T19:02:29.970+0500] {logging_mixin.py:188} INFO - [2026-03-28T19:02:29.969+0500] {dag.py:3947} INFO - Setting next_dagrun for example_task_group to 2026-03-27 00:00:00+00:00, run_after=2026-03-28 00:00:00+00:00
[2026-03-28T19:02:29.998+0500] {processor.py:183} INFO - Processing /home/abayturar/airflow-project/venv/lib/python3.12/site-packages/airflow/example_dags/example_task_group.py took 0.080 seconds
[2026-03-28T19:03:11.637+0500] {processor.py:161} INFO - Started process (PID=25281) to work on /home/abayturar/airflow-project/venv/lib/python3.12/site-packages/airflow/example_dags/example_task_group.py
[2026-03-28T19:03:11.637+0500] {processor.py:830} INFO - Processing file /home/abayturar/airflow-project/venv/lib/python3.12/site-packages/airflow/example_dags/example_task_group.py for tasks to queue
[2026-03-28T19:03:11.639+0500] {logging_mixin.py:188} INFO - [2026-03-28T19:03:11.639+0500] {dagbag.py:545} INFO - Filling up the DagBag from /home/abayturar/airflow-project/venv/lib/python3.12/site-packages/airflow/example_dags/example_task_group.py
[2026-03-28T19:03:11.647+0500] {processor.py:840} INFO - DAG(s) 'example_task_group' retrieved from /home/abayturar/airflow-project/venv/lib/python3.12/site-packages/airflow/example_dags/example_task_group.py
[2026-03-28T19:03:11.662+0500] {logging_mixin.py:188} INFO - [2026-03-28T19:03:11.662+0500] {dag.py:3089} INFO - Sync 1 DAGs
[2026-03-28T19:03:11.677+0500] {logging_mixin.py:188} INFO - [2026-03-28T19:03:11.677+0500] {dag.py:3947} INFO - Setting next_dagrun for example_task_group to 2026-03-27 00:00:00+00:00, run_after=2026-03-28 00:00:00+00:00
[2026-03-28T19:03:11.709+0500] {processor.py:183} INFO - Processing /home/abayturar/airflow-project/venv/lib/python3.12/site-packages/airflow/example_dags/example_task_group.py took 0.079 seconds
[2026-03-28T19:03:56.469+0500] {processor.py:161} INFO - Started process (PID=25402) to work on /home/abayturar/airflow-project/venv/lib/python3.12/site-packages/airflow/example_dags/example_task_group.py
[2026-03-28T19:03:56.470+0500] {processor.py:830} INFO - Processing file /home/abayturar/airflow-project/venv/lib/python3.12/site-packages/airflow/example_dags/example_task_group.py for tasks to queue
[2026-03-28T19:03:56.472+0500] {logging_mixin.py:188} INFO - [2026-03-28T19:03:56.471+0500] {dagbag.py:545} INFO - Filling up the DagBag from /home/abayturar/airflow-project/venv/lib/python3.12/site-packages/airflow/example_dags/example_task_group.py
[2026-03-28T19:03:56.480+0500] {processor.py:840} INFO - DAG(s) 'example_task_group' retrieved from /home/abayturar/airflow-project/venv/lib/python3.12/site-packages/airflow/example_dags/example_task_group.py
[2026-03-28T19:03:56.500+0500] {logging_mixin.py:188} INFO - [2026-03-28T19:03:56.500+0500] {dag.py:3089} INFO - Sync 1 DAGs
[2026-03-28T19:03:56.514+0500] {logging_mixin.py:188} INFO - [2026-03-28T19:03:56.514+0500] {dag.py:3947} INFO - Setting next_dagrun for example_task_group to 2026-03-27 00:00:00+00:00, run_after=2026-03-28 00:00:00+00:00
[2026-03-28T19:03:56.542+0500] {processor.py:183} INFO - Processing /home/abayturar/airflow-project/venv/lib/python3.12/site-packages/airflow/example_dags/example_task_group.py took 0.081 seconds
[2026-03-28T19:04:45.066+0500] {processor.py:161} INFO - Started process (PID=25533) to work on /home/abayturar/airflow-project/venv/lib/python3.12/site-packages/airflow/example_dags/example_task_group.py
[2026-03-28T19:04:45.067+0500] {processor.py:830} INFO - Processing file /home/abayturar/airflow-project/venv/lib/python3.12/site-packages/airflow/example_dags/example_task_group.py for tasks to queue
[2026-03-28T19:04:45.068+0500] {logging_mixin.py:188} INFO - [2026-03-28T19:04:45.068+0500] {dagbag.py:545} INFO - Filling up the DagBag from /home/abayturar/airflow-project/venv/lib/python3.12/site-packages/airflow/example_dags/example_task_group.py
[2026-03-28T19:04:45.075+0500] {processor.py:840} INFO - DAG(s) 'example_task_group' retrieved from /home/abayturar/airflow-project/venv/lib/python3.12/site-packages/airflow/example_dags/example_task_group.py
[2026-03-28T19:04:45.090+0500] {logging_mixin.py:188} INFO - [2026-03-28T19:04:45.090+0500] {dag.py:3089} INFO - Sync 1 DAGs
[2026-03-28T19:04:45.104+0500] {logging_mixin.py:188} INFO - [2026-03-28T19:04:45.103+0500] {dag.py:3947} INFO - Setting next_dagrun for example_task_group to 2026-03-27 00:00:00+00:00, run_after=2026-03-28 00:00:00+00:00
[2026-03-28T19:04:45.118+0500] {processor.py:183} INFO - Processing /home/abayturar/airflow-project/venv/lib/python3.12/site-packages/airflow/example_dags/example_task_group.py took 0.059 seconds
[2026-03-28T19:05:29.046+0500] {processor.py:161} INFO - Started process (PID=25652) to work on /home/abayturar/airflow-project/venv/lib/python3.12/site-packages/airflow/example_dags/example_task_group.py
[2026-03-28T19:05:29.047+0500] {processor.py:830} INFO - Processing file /home/abayturar/airflow-project/venv/lib/python3.12/site-packages/airflow/example_dags/example_task_group.py for tasks to queue
[2026-03-28T19:05:29.048+0500] {logging_mixin.py:188} INFO - [2026-03-28T19:05:29.048+0500] {dagbag.py:545} INFO - Filling up the DagBag from /home/abayturar/airflow-project/venv/lib/python3.12/site-packages/airflow/example_dags/example_task_group.py
[2026-03-28T19:05:29.056+0500] {processor.py:840} INFO - DAG(s) 'example_task_group' retrieved from /home/abayturar/airflow-project/venv/lib/python3.12/site-packages/airflow/example_dags/example_task_group.py
[2026-03-28T19:05:29.071+0500] {logging_mixin.py:188} INFO - [2026-03-28T19:05:29.071+0500] {dag.py:3089} INFO - Sync 1 DAGs
[2026-03-28T19:05:29.084+0500] {logging_mixin.py:188} INFO - [2026-03-28T19:05:29.084+0500] {dag.py:3947} INFO - Setting next_dagrun for example_task_group to 2026-03-27 00:00:00+00:00, run_after=2026-03-28 00:00:00+00:00
[2026-03-28T19:05:29.110+0500] {processor.py:183} INFO - Processing /home/abayturar/airflow-project/venv/lib/python3.12/site-packages/airflow/example_dags/example_task_group.py took 0.070 seconds
[2026-03-28T19:06:12.976+0500] {processor.py:161} INFO - Started process (PID=25770) to work on /home/abayturar/airflow-project/venv/lib/python3.12/site-packages/airflow/example_dags/example_task_group.py
[2026-03-28T19:06:12.977+0500] {processor.py:830} INFO - Processing file /home/abayturar/airflow-project/venv/lib/python3.12/site-packages/airflow/example_dags/example_task_group.py for tasks to queue
[2026-03-28T19:06:12.979+0500] {logging_mixin.py:188} INFO - [2026-03-28T19:06:12.978+0500] {dagbag.py:545} INFO - Filling up the DagBag from /home/abayturar/airflow-project/venv/lib/python3.12/site-packages/airflow/example_dags/example_task_group.py
[2026-03-28T19:06:12.987+0500] {processor.py:840} INFO - DAG(s) 'example_task_group' retrieved from /home/abayturar/airflow-project/venv/lib/python3.12/site-packages/airflow/example_dags/example_task_group.py
[2026-03-28T19:06:13.004+0500] {logging_mixin.py:188} INFO - [2026-03-28T19:06:13.004+0500] {dag.py:3089} INFO - Sync 1 DAGs
[2026-03-28T19:06:13.020+0500] {logging_mixin.py:188} INFO - [2026-03-28T19:06:13.020+0500] {dag.py:3947} INFO - Setting next_dagrun for example_task_group to 2026-03-27 00:00:00+00:00, run_after=2026-03-28 00:00:00+00:00
[2026-03-28T19:06:13.047+0500] {processor.py:183} INFO - Processing /home/abayturar/airflow-project/venv/lib/python3.12/site-packages/airflow/example_dags/example_task_group.py took 0.078 seconds
[2026-03-28T19:06:54.684+0500] {processor.py:161} INFO - Started process (PID=25885) to work on /home/abayturar/airflow-project/venv/lib/python3.12/site-packages/airflow/example_dags/example_task_group.py
[2026-03-28T19:06:54.685+0500] {processor.py:830} INFO - Processing file /home/abayturar/airflow-project/venv/lib/python3.12/site-packages/airflow/example_dags/example_task_group.py for tasks to queue
[2026-03-28T19:06:54.687+0500] {logging_mixin.py:188} INFO - [2026-03-28T19:06:54.686+0500] {dagbag.py:545} INFO - Filling up the DagBag from /home/abayturar/airflow-project/venv/lib/python3.12/site-packages/airflow/example_dags/example_task_group.py
[2026-03-28T19:06:54.694+0500] {processor.py:840} INFO - DAG(s) 'example_task_group' retrieved from /home/abayturar/airflow-project/venv/lib/python3.12/site-packages/airflow/example_dags/example_task_group.py
[2026-03-28T19:06:54.711+0500] {logging_mixin.py:188} INFO - [2026-03-28T19:06:54.711+0500] {dag.py:3089} INFO - Sync 1 DAGs
[2026-03-28T19:06:54.726+0500] {logging_mixin.py:188} INFO - [2026-03-28T19:06:54.726+0500] {dag.py:3947} INFO - Setting next_dagrun for example_task_group to 2026-03-27 00:00:00+00:00, run_after=2026-03-28 00:00:00+00:00
[2026-03-28T19:06:54.753+0500] {processor.py:183} INFO - Processing /home/abayturar/airflow-project/venv/lib/python3.12/site-packages/airflow/example_dags/example_task_group.py took 0.076 seconds
[2026-03-28T19:07:40.779+0500] {processor.py:161} INFO - Started process (PID=26009) to work on /home/abayturar/airflow-project/venv/lib/python3.12/site-packages/airflow/example_dags/example_task_group.py
[2026-03-28T19:07:40.780+0500] {processor.py:830} INFO - Processing file /home/abayturar/airflow-project/venv/lib/python3.12/site-packages/airflow/example_dags/example_task_group.py for tasks to queue
[2026-03-28T19:07:40.782+0500] {logging_mixin.py:188} INFO - [2026-03-28T19:07:40.781+0500] {dagbag.py:545} INFO - Filling up the DagBag from /home/abayturar/airflow-project/venv/lib/python3.12/site-packages/airflow/example_dags/example_task_group.py
[2026-03-28T19:07:40.791+0500] {processor.py:840} INFO - DAG(s) 'example_task_group' retrieved from /home/abayturar/airflow-project/venv/lib/python3.12/site-packages/airflow/example_dags/example_task_group.py
[2026-03-28T19:07:40.811+0500] {logging_mixin.py:188} INFO - [2026-03-28T19:07:40.810+0500] {dag.py:3089} INFO - Sync 1 DAGs
[2026-03-28T19:07:40.829+0500] {logging_mixin.py:188} INFO - [2026-03-28T19:07:40.828+0500] {dag.py:3947} INFO - Setting next_dagrun for example_task_group to 2026-03-27 00:00:00+00:00, run_after=2026-03-28 00:00:00+00:00
[2026-03-28T19:07:40.847+0500] {processor.py:183} INFO - Processing /home/abayturar/airflow-project/venv/lib/python3.12/site-packages/airflow/example_dags/example_task_group.py took 0.075 seconds
[2026-03-28T19:08:29.814+0500] {processor.py:161} INFO - Started process (PID=26139) to work on /home/abayturar/airflow-project/venv/lib/python3.12/site-packages/airflow/example_dags/example_task_group.py
[2026-03-28T19:08:29.815+0500] {processor.py:830} INFO - Processing file /home/abayturar/airflow-project/venv/lib/python3.12/site-packages/airflow/example_dags/example_task_group.py for tasks to queue
[2026-03-28T19:08:29.817+0500] {logging_mixin.py:188} INFO - [2026-03-28T19:08:29.817+0500] {dagbag.py:545} INFO - Filling up the DagBag from /home/abayturar/airflow-project/venv/lib/python3.12/site-packages/airflow/example_dags/example_task_group.py
[2026-03-28T19:08:29.825+0500] {processor.py:840} INFO - DAG(s) 'example_task_group' retrieved from /home/abayturar/airflow-project/venv/lib/python3.12/site-packages/airflow/example_dags/example_task_group.py
[2026-03-28T19:08:29.842+0500] {logging_mixin.py:188} INFO - [2026-03-28T19:08:29.842+0500] {dag.py:3089} INFO - Sync 1 DAGs
[2026-03-28T19:08:29.857+0500] {logging_mixin.py:188} INFO - [2026-03-28T19:08:29.857+0500] {dag.py:3947} INFO - Setting next_dagrun for example_task_group to 2026-03-27 00:00:00+00:00, run_after=2026-03-28 00:00:00+00:00
[2026-03-28T19:08:29.887+0500] {processor.py:183} INFO - Processing /home/abayturar/airflow-project/venv/lib/python3.12/site-packages/airflow/example_dags/example_task_group.py took 0.081 seconds
[2026-03-28T19:09:17.407+0500] {processor.py:161} INFO - Started process (PID=26266) to work on /home/abayturar/airflow-project/venv/lib/python3.12/site-packages/airflow/example_dags/example_task_group.py
[2026-03-28T19:09:17.407+0500] {processor.py:830} INFO - Processing file /home/abayturar/airflow-project/venv/lib/python3.12/site-packages/airflow/example_dags/example_task_group.py for tasks to queue
[2026-03-28T19:09:17.409+0500] {logging_mixin.py:188} INFO - [2026-03-28T19:09:17.409+0500] {dagbag.py:545} INFO - Filling up the DagBag from /home/abayturar/airflow-project/venv/lib/python3.12/site-packages/airflow/example_dags/example_task_group.py
[2026-03-28T19:09:17.417+0500] {processor.py:840} INFO - DAG(s) 'example_task_group' retrieved from /home/abayturar/airflow-project/venv/lib/python3.12/site-packages/airflow/example_dags/example_task_group.py
[2026-03-28T19:09:17.434+0500] {logging_mixin.py:188} INFO - [2026-03-28T19:09:17.433+0500] {dag.py:3089} INFO - Sync 1 DAGs
[2026-03-28T19:09:17.448+0500] {logging_mixin.py:188} INFO - [2026-03-28T19:09:17.448+0500] {dag.py:3947} INFO - Setting next_dagrun for example_task_group to 2026-03-27 00:00:00+00:00, run_after=2026-03-28 00:00:00+00:00
[2026-03-28T19:09:17.475+0500] {processor.py:183} INFO - Processing /home/abayturar/airflow-project/venv/lib/python3.12/site-packages/airflow/example_dags/example_task_group.py took 0.075 seconds
[2026-03-28T19:10:01.606+0500] {processor.py:161} INFO - Started process (PID=26386) to work on /home/abayturar/airflow-project/venv/lib/python3.12/site-packages/airflow/example_dags/example_task_group.py
[2026-03-28T19:10:01.608+0500] {processor.py:830} INFO - Processing file /home/abayturar/airflow-project/venv/lib/python3.12/site-packages/airflow/example_dags/example_task_group.py for tasks to queue
[2026-03-28T19:10:01.610+0500] {logging_mixin.py:188} INFO - [2026-03-28T19:10:01.609+0500] {dagbag.py:545} INFO - Filling up the DagBag from /home/abayturar/airflow-project/venv/lib/python3.12/site-packages/airflow/example_dags/example_task_group.py
[2026-03-28T19:10:01.621+0500] {processor.py:840} INFO - DAG(s) 'example_task_group' retrieved from /home/abayturar/airflow-project/venv/lib/python3.12/site-packages/airflow/example_dags/example_task_group.py
[2026-03-28T19:10:01.638+0500] {logging_mixin.py:188} INFO - [2026-03-28T19:10:01.637+0500] {dag.py:3089} INFO - Sync 1 DAGs
[2026-03-28T19:10:01.653+0500] {logging_mixin.py:188} INFO - [2026-03-28T19:10:01.653+0500] {dag.py:3947} INFO - Setting next_dagrun for example_task_group to 2026-03-27 00:00:00+00:00, run_after=2026-03-28 00:00:00+00:00
[2026-03-28T19:10:01.668+0500] {processor.py:183} INFO - Processing /home/abayturar/airflow-project/venv/lib/python3.12/site-packages/airflow/example_dags/example_task_group.py took 0.069 seconds
[2026-03-28T19:10:49.502+0500] {processor.py:161} INFO - Started process (PID=26514) to work on /home/abayturar/airflow-project/venv/lib/python3.12/site-packages/airflow/example_dags/example_task_group.py
[2026-03-28T19:10:49.503+0500] {processor.py:830} INFO - Processing file /home/abayturar/airflow-project/venv/lib/python3.12/site-packages/airflow/example_dags/example_task_group.py for tasks to queue
[2026-03-28T19:10:49.504+0500] {logging_mixin.py:188} INFO - [2026-03-28T19:10:49.504+0500] {dagbag.py:545} INFO - Filling up the DagBag from /home/abayturar/airflow-project/venv/lib/python3.12/site-packages/airflow/example_dags/example_task_group.py
[2026-03-28T19:10:49.512+0500] {processor.py:840} INFO - DAG(s) 'example_task_group' retrieved from /home/abayturar/airflow-project/venv/lib/python3.12/site-packages/airflow/example_dags/example_task_group.py
[2026-03-28T19:10:49.527+0500] {logging_mixin.py:188} INFO - [2026-03-28T19:10:49.527+0500] {dag.py:3089} INFO - Sync 1 DAGs
[2026-03-28T19:10:49.541+0500] {logging_mixin.py:188} INFO - [2026-03-28T19:10:49.541+0500] {dag.py:3947} INFO - Setting next_dagrun for example_task_group to 2026-03-27 00:00:00+00:00, run_after=2026-03-28 00:00:00+00:00
[2026-03-28T19:10:49.557+0500] {processor.py:183} INFO - Processing /home/abayturar/airflow-project/venv/lib/python3.12/site-packages/airflow/example_dags/example_task_group.py took 0.061 seconds
[2026-03-28T19:11:37.836+0500] {processor.py:161} INFO - Started process (PID=26641) to work on /home/abayturar/airflow-project/venv/lib/python3.12/site-packages/airflow/example_dags/example_task_group.py
[2026-03-28T19:11:37.836+0500] {processor.py:830} INFO - Processing file /home/abayturar/airflow-project/venv/lib/python3.12/site-packages/airflow/example_dags/example_task_group.py for tasks to queue
[2026-03-28T19:11:37.838+0500] {logging_mixin.py:188} INFO - [2026-03-28T19:11:37.838+0500] {dagbag.py:545} INFO - Filling up the DagBag from /home/abayturar/airflow-project/venv/lib/python3.12/site-packages/airflow/example_dags/example_task_group.py
[2026-03-28T19:11:37.845+0500] {processor.py:840} INFO - DAG(s) 'example_task_group' retrieved from /home/abayturar/airflow-project/venv/lib/python3.12/site-packages/airflow/example_dags/example_task_group.py
[2026-03-28T19:11:37.860+0500] {logging_mixin.py:188} INFO - [2026-03-28T19:11:37.860+0500] {dag.py:3089} INFO - Sync 1 DAGs
[2026-03-28T19:11:37.874+0500] {logging_mixin.py:188} INFO - [2026-03-28T19:11:37.874+0500] {dag.py:3947} INFO - Setting next_dagrun for example_task_group to 2026-03-27 00:00:00+00:00, run_after=2026-03-28 00:00:00+00:00
[2026-03-28T19:11:37.900+0500] {processor.py:183} INFO - Processing /home/abayturar/airflow-project/venv/lib/python3.12/site-packages/airflow/example_dags/example_task_group.py took 0.071 seconds
[2026-03-28T19:12:24.589+0500] {processor.py:161} INFO - Started process (PID=26768) to work on /home/abayturar/airflow-project/venv/lib/python3.12/site-packages/airflow/example_dags/example_task_group.py
[2026-03-28T19:12:24.590+0500] {processor.py:830} INFO - Processing file /home/abayturar/airflow-project/venv/lib/python3.12/site-packages/airflow/example_dags/example_task_group.py for tasks to queue
[2026-03-28T19:12:24.592+0500] {logging_mixin.py:188} INFO - [2026-03-28T19:12:24.591+0500] {dagbag.py:545} INFO - Filling up the DagBag from /home/abayturar/airflow-project/venv/lib/python3.12/site-packages/airflow/example_dags/example_task_group.py
[2026-03-28T19:12:24.599+0500] {processor.py:840} INFO - DAG(s) 'example_task_group' retrieved from /home/abayturar/airflow-project/venv/lib/python3.12/site-packages/airflow/example_dags/example_task_group.py
[2026-03-28T19:12:24.615+0500] {logging_mixin.py:188} INFO - [2026-03-28T19:12:24.615+0500] {dag.py:3089} INFO - Sync 1 DAGs
[2026-03-28T19:12:24.631+0500] {logging_mixin.py:188} INFO - [2026-03-28T19:12:24.630+0500] {dag.py:3947} INFO - Setting next_dagrun for example_task_group to 2026-03-27 00:00:00+00:00, run_after=2026-03-28 00:00:00+00:00
[2026-03-28T19:12:24.658+0500] {processor.py:183} INFO - Processing /home/abayturar/airflow-project/venv/lib/python3.12/site-packages/airflow/example_dags/example_task_group.py took 0.075 seconds
[2026-03-28T19:13:12.643+0500] {processor.py:161} INFO - Started process (PID=26895) to work on /home/abayturar/airflow-project/venv/lib/python3.12/site-packages/airflow/example_dags/example_task_group.py
[2026-03-28T19:13:12.644+0500] {processor.py:830} INFO - Processing file /home/abayturar/airflow-project/venv/lib/python3.12/site-packages/airflow/example_dags/example_task_group.py for tasks to queue
[2026-03-28T19:13:12.646+0500] {logging_mixin.py:188} INFO - [2026-03-28T19:13:12.646+0500] {dagbag.py:545} INFO - Filling up the DagBag from /home/abayturar/airflow-project/venv/lib/python3.12/site-packages/airflow/example_dags/example_task_group.py
[2026-03-28T19:13:12.653+0500] {processor.py:840} INFO - DAG(s) 'example_task_group' retrieved from /home/abayturar/airflow-project/venv/lib/python3.12/site-packages/airflow/example_dags/example_task_group.py
[2026-03-28T19:13:12.669+0500] {logging_mixin.py:188} INFO - [2026-03-28T19:13:12.669+0500] {dag.py:3089} INFO - Sync 1 DAGs
[2026-03-28T19:13:12.682+0500] {logging_mixin.py:188} INFO - [2026-03-28T19:13:12.682+0500] {dag.py:3947} INFO - Setting next_dagrun for example_task_group to 2026-03-27 00:00:00+00:00, run_after=2026-03-28 00:00:00+00:00
[2026-03-28T19:13:12.697+0500] {processor.py:183} INFO - Processing /home/abayturar/airflow-project/venv/lib/python3.12/site-packages/airflow/example_dags/example_task_group.py took 0.060 seconds
[2026-03-28T19:13:59.221+0500] {processor.py:161} INFO - Started process (PID=27021) to work on /home/abayturar/airflow-project/venv/lib/python3.12/site-packages/airflow/example_dags/example_task_group.py
[2026-03-28T19:13:59.223+0500] {processor.py:830} INFO - Processing file /home/abayturar/airflow-project/venv/lib/python3.12/site-packages/airflow/example_dags/example_task_group.py for tasks to queue
[2026-03-28T19:13:59.225+0500] {logging_mixin.py:188} INFO - [2026-03-28T19:13:59.225+0500] {dagbag.py:545} INFO - Filling up the DagBag from /home/abayturar/airflow-project/venv/lib/python3.12/site-packages/airflow/example_dags/example_task_group.py
[2026-03-28T19:13:59.234+0500] {processor.py:840} INFO - DAG(s) 'example_task_group' retrieved from /home/abayturar/airflow-project/venv/lib/python3.12/site-packages/airflow/example_dags/example_task_group.py
[2026-03-28T19:13:59.254+0500] {logging_mixin.py:188} INFO - [2026-03-28T19:13:59.254+0500] {dag.py:3089} INFO - Sync 1 DAGs
[2026-03-28T19:13:59.273+0500] {logging_mixin.py:188} INFO - [2026-03-28T19:13:59.273+0500] {dag.py:3947} INFO - Setting next_dagrun for example_task_group to 2026-03-27 00:00:00+00:00, run_after=2026-03-28 00:00:00+00:00
[2026-03-28T19:13:59.302+0500] {processor.py:183} INFO - Processing /home/abayturar/airflow-project/venv/lib/python3.12/site-packages/airflow/example_dags/example_task_group.py took 0.089 seconds
[2026-03-28T19:14:46.987+0500] {processor.py:161} INFO - Started process (PID=27150) to work on /home/abayturar/airflow-project/venv/lib/python3.12/site-packages/airflow/example_dags/example_task_group.py
[2026-03-28T19:14:46.989+0500] {processor.py:830} INFO - Processing file /home/abayturar/airflow-project/venv/lib/python3.12/site-packages/airflow/example_dags/example_task_group.py for tasks to queue
[2026-03-28T19:14:46.991+0500] {logging_mixin.py:188} INFO - [2026-03-28T19:14:46.990+0500] {dagbag.py:545} INFO - Filling up the DagBag from /home/abayturar/airflow-project/venv/lib/python3.12/site-packages/airflow/example_dags/example_task_group.py
[2026-03-28T19:14:47.001+0500] {processor.py:840} INFO - DAG(s) 'example_task_group' retrieved from /home/abayturar/airflow-project/venv/lib/python3.12/site-packages/airflow/example_dags/example_task_group.py
[2026-03-28T19:14:47.018+0500] {logging_mixin.py:188} INFO - [2026-03-28T19:14:47.018+0500] {dag.py:3089} INFO - Sync 1 DAGs
[2026-03-28T19:14:47.033+0500] {logging_mixin.py:188} INFO - [2026-03-28T19:14:47.033+0500] {dag.py:3947} INFO - Setting next_dagrun for example_task_group to 2026-03-27 00:00:00+00:00, run_after=2026-03-28 00:00:00+00:00
[2026-03-28T19:14:47.061+0500] {processor.py:183} INFO - Processing /home/abayturar/airflow-project/venv/lib/python3.12/site-packages/airflow/example_dags/example_task_group.py took 0.081 seconds
[2026-03-28T19:15:32.264+0500] {processor.py:161} INFO - Started process (PID=27273) to work on /home/abayturar/airflow-project/venv/lib/python3.12/site-packages/airflow/example_dags/example_task_group.py
[2026-03-28T19:15:32.264+0500] {processor.py:830} INFO - Processing file /home/abayturar/airflow-project/venv/lib/python3.12/site-packages/airflow/example_dags/example_task_group.py for tasks to queue
[2026-03-28T19:15:32.266+0500] {logging_mixin.py:188} INFO - [2026-03-28T19:15:32.266+0500] {dagbag.py:545} INFO - Filling up the DagBag from /home/abayturar/airflow-project/venv/lib/python3.12/site-packages/airflow/example_dags/example_task_group.py
[2026-03-28T19:15:32.274+0500] {processor.py:840} INFO - DAG(s) 'example_task_group' retrieved from /home/abayturar/airflow-project/venv/lib/python3.12/site-packages/airflow/example_dags/example_task_group.py
[2026-03-28T19:15:32.290+0500] {logging_mixin.py:188} INFO - [2026-03-28T19:15:32.290+0500] {dag.py:3089} INFO - Sync 1 DAGs
[2026-03-28T19:15:32.304+0500] {logging_mixin.py:188} INFO - [2026-03-28T19:15:32.304+0500] {dag.py:3947} INFO - Setting next_dagrun for example_task_group to 2026-03-27 00:00:00+00:00, run_after=2026-03-28 00:00:00+00:00
[2026-03-28T19:15:32.319+0500] {processor.py:183} INFO - Processing /home/abayturar/airflow-project/venv/lib/python3.12/site-packages/airflow/example_dags/example_task_group.py took 0.062 seconds
[2026-03-28T19:16:18.014+0500] {processor.py:161} INFO - Started process (PID=27393) to work on /home/abayturar/airflow-project/venv/lib/python3.12/site-packages/airflow/example_dags/example_task_group.py
[2026-03-28T19:16:18.015+0500] {processor.py:830} INFO - Processing file /home/abayturar/airflow-project/venv/lib/python3.12/site-packages/airflow/example_dags/example_task_group.py for tasks to queue
[2026-03-28T19:16:18.017+0500] {logging_mixin.py:188} INFO - [2026-03-28T19:16:18.016+0500] {dagbag.py:545} INFO - Filling up the DagBag from /home/abayturar/airflow-project/venv/lib/python3.12/site-packages/airflow/example_dags/example_task_group.py
[2026-03-28T19:16:18.024+0500] {processor.py:840} INFO - DAG(s) 'example_task_group' retrieved from /home/abayturar/airflow-project/venv/lib/python3.12/site-packages/airflow/example_dags/example_task_group.py
[2026-03-28T19:16:18.040+0500] {logging_mixin.py:188} INFO - [2026-03-28T19:16:18.039+0500] {dag.py:3089} INFO - Sync 1 DAGs
[2026-03-28T19:16:18.053+0500] {logging_mixin.py:188} INFO - [2026-03-28T19:16:18.053+0500] {dag.py:3947} INFO - Setting next_dagrun for example_task_group to 2026-03-27 00:00:00+00:00, run_after=2026-03-28 00:00:00+00:00
[2026-03-28T19:16:18.079+0500] {processor.py:183} INFO - Processing /home/abayturar/airflow-project/venv/lib/python3.12/site-packages/airflow/example_dags/example_task_group.py took 0.073 seconds
[2026-03-28T19:17:04.300+0500] {processor.py:161} INFO - Started process (PID=27520) to work on /home/abayturar/airflow-project/venv/lib/python3.12/site-packages/airflow/example_dags/example_task_group.py
[2026-03-28T19:17:04.301+0500] {processor.py:830} INFO - Processing file /home/abayturar/airflow-project/venv/lib/python3.12/site-packages/airflow/example_dags/example_task_group.py for tasks to queue
[2026-03-28T19:17:04.303+0500] {logging_mixin.py:188} INFO - [2026-03-28T19:17:04.302+0500] {dagbag.py:545} INFO - Filling up the DagBag from /home/abayturar/airflow-project/venv/lib/python3.12/site-packages/airflow/example_dags/example_task_group.py
[2026-03-28T19:17:04.311+0500] {processor.py:840} INFO - DAG(s) 'example_task_group' retrieved from /home/abayturar/airflow-project/venv/lib/python3.12/site-packages/airflow/example_dags/example_task_group.py
[2026-03-28T19:17:04.329+0500] {logging_mixin.py:188} INFO - [2026-03-28T19:17:04.329+0500] {dag.py:3089} INFO - Sync 1 DAGs
[2026-03-28T19:17:04.345+0500] {logging_mixin.py:188} INFO - [2026-03-28T19:17:04.345+0500] {dag.py:3947} INFO - Setting next_dagrun for example_task_group to 2026-03-27 00:00:00+00:00, run_after=2026-03-28 00:00:00+00:00
[2026-03-28T19:17:04.377+0500] {processor.py:183} INFO - Processing /home/abayturar/airflow-project/venv/lib/python3.12/site-packages/airflow/example_dags/example_task_group.py took 0.084 seconds
[2026-03-28T19:17:51.356+0500] {processor.py:161} INFO - Started process (PID=27647) to work on /home/abayturar/airflow-project/venv/lib/python3.12/site-packages/airflow/example_dags/example_task_group.py
[2026-03-28T19:17:51.357+0500] {processor.py:830} INFO - Processing file /home/abayturar/airflow-project/venv/lib/python3.12/site-packages/airflow/example_dags/example_task_group.py for tasks to queue
[2026-03-28T19:17:51.358+0500] {logging_mixin.py:188} INFO - [2026-03-28T19:17:51.358+0500] {dagbag.py:545} INFO - Filling up the DagBag from /home/abayturar/airflow-project/venv/lib/python3.12/site-packages/airflow/example_dags/example_task_group.py
[2026-03-28T19:17:51.365+0500] {processor.py:840} INFO - DAG(s) 'example_task_group' retrieved from /home/abayturar/airflow-project/venv/lib/python3.12/site-packages/airflow/example_dags/example_task_group.py
[2026-03-28T19:17:51.380+0500] {logging_mixin.py:188} INFO - [2026-03-28T19:17:51.380+0500] {dag.py:3089} INFO - Sync 1 DAGs
[2026-03-28T19:17:51.393+0500] {logging_mixin.py:188} INFO - [2026-03-28T19:17:51.393+0500] {dag.py:3947} INFO - Setting next_dagrun for example_task_group to 2026-03-27 00:00:00+00:00, run_after=2026-03-28 00:00:00+00:00
[2026-03-28T19:17:51.409+0500] {processor.py:183} INFO - Processing /home/abayturar/airflow-project/venv/lib/python3.12/site-packages/airflow/example_dags/example_task_group.py took 0.059 seconds
[2026-03-28T19:18:34.138+0500] {processor.py:161} INFO - Started process (PID=27762) to work on /home/abayturar/airflow-project/venv/lib/python3.12/site-packages/airflow/example_dags/example_task_group.py
[2026-03-28T19:18:34.139+0500] {processor.py:830} INFO - Processing file /home/abayturar/airflow-project/venv/lib/python3.12/site-packages/airflow/example_dags/example_task_group.py for tasks to queue
[2026-03-28T19:18:34.140+0500] {logging_mixin.py:188} INFO - [2026-03-28T19:18:34.140+0500] {dagbag.py:545} INFO - Filling up the DagBag from /home/abayturar/airflow-project/venv/lib/python3.12/site-packages/airflow/example_dags/example_task_group.py
[2026-03-28T19:18:34.147+0500] {processor.py:840} INFO - DAG(s) 'example_task_group' retrieved from /home/abayturar/airflow-project/venv/lib/python3.12/site-packages/airflow/example_dags/example_task_group.py
[2026-03-28T19:18:34.163+0500] {logging_mixin.py:188} INFO - [2026-03-28T19:18:34.163+0500] {dag.py:3089} INFO - Sync 1 DAGs
[2026-03-28T19:18:34.177+0500] {logging_mixin.py:188} INFO - [2026-03-28T19:18:34.177+0500] {dag.py:3947} INFO - Setting next_dagrun for example_task_group to 2026-03-27 00:00:00+00:00, run_after=2026-03-28 00:00:00+00:00
[2026-03-28T19:18:34.208+0500] {processor.py:183} INFO - Processing /home/abayturar/airflow-project/venv/lib/python3.12/site-packages/airflow/example_dags/example_task_group.py took 0.076 seconds
[2026-03-28T19:19:19.545+0500] {processor.py:161} INFO - Started process (PID=27886) to work on /home/abayturar/airflow-project/venv/lib/python3.12/site-packages/airflow/example_dags/example_task_group.py
[2026-03-28T19:19:19.546+0500] {processor.py:830} INFO - Processing file /home/abayturar/airflow-project/venv/lib/python3.12/site-packages/airflow/example_dags/example_task_group.py for tasks to queue
[2026-03-28T19:19:19.547+0500] {logging_mixin.py:188} INFO - [2026-03-28T19:19:19.547+0500] {dagbag.py:545} INFO - Filling up the DagBag from /home/abayturar/airflow-project/venv/lib/python3.12/site-packages/airflow/example_dags/example_task_group.py
[2026-03-28T19:19:19.555+0500] {processor.py:840} INFO - DAG(s) 'example_task_group' retrieved from /home/abayturar/airflow-project/venv/lib/python3.12/site-packages/airflow/example_dags/example_task_group.py
[2026-03-28T19:19:19.572+0500] {logging_mixin.py:188} INFO - [2026-03-28T19:19:19.572+0500] {dag.py:3089} INFO - Sync 1 DAGs
[2026-03-28T19:19:19.590+0500] {logging_mixin.py:188} INFO - [2026-03-28T19:19:19.590+0500] {dag.py:3947} INFO - Setting next_dagrun for example_task_group to 2026-03-27 00:00:00+00:00, run_after=2026-03-28 00:00:00+00:00
[2026-03-28T19:19:19.619+0500] {processor.py:183} INFO - Processing /home/abayturar/airflow-project/venv/lib/python3.12/site-packages/airflow/example_dags/example_task_group.py took 0.080 seconds
[2026-03-28T19:20:08.145+0500] {processor.py:161} INFO - Started process (PID=28015) to work on /home/abayturar/airflow-project/venv/lib/python3.12/site-packages/airflow/example_dags/example_task_group.py
[2026-03-28T19:20:08.146+0500] {processor.py:830} INFO - Processing file /home/abayturar/airflow-project/venv/lib/python3.12/site-packages/airflow/example_dags/example_task_group.py for tasks to queue
[2026-03-28T19:20:08.148+0500] {logging_mixin.py:188} INFO - [2026-03-28T19:20:08.147+0500] {dagbag.py:545} INFO - Filling up the DagBag from /home/abayturar/airflow-project/venv/lib/python3.12/site-packages/airflow/example_dags/example_task_group.py
[2026-03-28T19:20:08.156+0500] {processor.py:840} INFO - DAG(s) 'example_task_group' retrieved from /home/abayturar/airflow-project/venv/lib/python3.12/site-packages/airflow/example_dags/example_task_group.py
[2026-03-28T19:20:08.175+0500] {logging_mixin.py:188} INFO - [2026-03-28T19:20:08.174+0500] {dag.py:3089} INFO - Sync 1 DAGs
[2026-03-28T19:20:08.191+0500] {logging_mixin.py:188} INFO - [2026-03-28T19:20:08.191+0500] {dag.py:3947} INFO - Setting next_dagrun for example_task_group to 2026-03-27 00:00:00+00:00, run_after=2026-03-28 00:00:00+00:00
[2026-03-28T19:20:08.209+0500] {processor.py:183} INFO - Processing /home/abayturar/airflow-project/venv/lib/python3.12/site-packages/airflow/example_dags/example_task_group.py took 0.072 seconds
[2026-03-28T19:20:54.289+0500] {processor.py:161} INFO - Started process (PID=28142) to work on /home/abayturar/airflow-project/venv/lib/python3.12/site-packages/airflow/example_dags/example_task_group.py
[2026-03-28T19:20:54.290+0500] {processor.py:830} INFO - Processing file /home/abayturar/airflow-project/venv/lib/python3.12/site-packages/airflow/example_dags/example_task_group.py for tasks to queue
[2026-03-28T19:20:54.292+0500] {logging_mixin.py:188} INFO - [2026-03-28T19:20:54.291+0500] {dagbag.py:545} INFO - Filling up the DagBag from /home/abayturar/airflow-project/venv/lib/python3.12/site-packages/airflow/example_dags/example_task_group.py
[2026-03-28T19:20:54.299+0500] {processor.py:840} INFO - DAG(s) 'example_task_group' retrieved from /home/abayturar/airflow-project/venv/lib/python3.12/site-packages/airflow/example_dags/example_task_group.py
[2026-03-28T19:20:54.314+0500] {logging_mixin.py:188} INFO - [2026-03-28T19:20:54.313+0500] {dag.py:3089} INFO - Sync 1 DAGs
[2026-03-28T19:20:54.327+0500] {logging_mixin.py:188} INFO - [2026-03-28T19:20:54.327+0500] {dag.py:3947} INFO - Setting next_dagrun for example_task_group to 2026-03-27 00:00:00+00:00, run_after=2026-03-28 00:00:00+00:00
[2026-03-28T19:20:54.341+0500] {processor.py:183} INFO - Processing /home/abayturar/airflow-project/venv/lib/python3.12/site-packages/airflow/example_dags/example_task_group.py took 0.058 seconds
[2026-03-28T19:21:39.463+0500] {processor.py:161} INFO - Started process (PID=28300) to work on /home/abayturar/airflow-project/venv/lib/python3.12/site-packages/airflow/example_dags/example_task_group.py
[2026-03-28T19:21:39.464+0500] {processor.py:830} INFO - Processing file /home/abayturar/airflow-project/venv/lib/python3.12/site-packages/airflow/example_dags/example_task_group.py for tasks to queue
[2026-03-28T19:21:39.466+0500] {logging_mixin.py:188} INFO - [2026-03-28T19:21:39.466+0500] {dagbag.py:545} INFO - Filling up the DagBag from /home/abayturar/airflow-project/venv/lib/python3.12/site-packages/airflow/example_dags/example_task_group.py
[2026-03-28T19:21:39.474+0500] {processor.py:840} INFO - DAG(s) 'example_task_group' retrieved from /home/abayturar/airflow-project/venv/lib/python3.12/site-packages/airflow/example_dags/example_task_group.py
[2026-03-28T19:21:39.491+0500] {logging_mixin.py:188} INFO - [2026-03-28T19:21:39.491+0500] {dag.py:3089} INFO - Sync 1 DAGs
[2026-03-28T19:21:39.507+0500] {logging_mixin.py:188} INFO - [2026-03-28T19:21:39.506+0500] {dag.py:3947} INFO - Setting next_dagrun for example_task_group to 2026-03-27 00:00:00+00:00, run_after=2026-03-28 00:00:00+00:00
[2026-03-28T19:21:39.535+0500] {processor.py:183} INFO - Processing /home/abayturar/airflow-project/venv/lib/python3.12/site-packages/airflow/example_dags/example_task_group.py took 0.081 seconds
[2026-03-28T19:22:21.753+0500] {processor.py:161} INFO - Started process (PID=28416) to work on /home/abayturar/airflow-project/venv/lib/python3.12/site-packages/airflow/example_dags/example_task_group.py
[2026-03-28T19:22:21.754+0500] {processor.py:830} INFO - Processing file /home/abayturar/airflow-project/venv/lib/python3.12/site-packages/airflow/example_dags/example_task_group.py for tasks to queue
[2026-03-28T19:22:21.755+0500] {logging_mixin.py:188} INFO - [2026-03-28T19:22:21.755+0500] {dagbag.py:545} INFO - Filling up the DagBag from /home/abayturar/airflow-project/venv/lib/python3.12/site-packages/airflow/example_dags/example_task_group.py
[2026-03-28T19:22:21.763+0500] {processor.py:840} INFO - DAG(s) 'example_task_group' retrieved from /home/abayturar/airflow-project/venv/lib/python3.12/site-packages/airflow/example_dags/example_task_group.py
[2026-03-28T19:22:21.778+0500] {logging_mixin.py:188} INFO - [2026-03-28T19:22:21.778+0500] {dag.py:3089} INFO - Sync 1 DAGs
[2026-03-28T19:22:21.792+0500] {logging_mixin.py:188} INFO - [2026-03-28T19:22:21.792+0500] {dag.py:3947} INFO - Setting next_dagrun for example_task_group to 2026-03-27 00:00:00+00:00, run_after=2026-03-28 00:00:00+00:00
[2026-03-28T19:22:21.818+0500] {processor.py:183} INFO - Processing /home/abayturar/airflow-project/venv/lib/python3.12/site-packages/airflow/example_dags/example_task_group.py took 0.071 seconds
[2026-03-28T19:23:05.154+0500] {processor.py:161} INFO - Started process (PID=28533) to work on /home/abayturar/airflow-project/venv/lib/python3.12/site-packages/airflow/example_dags/example_task_group.py
[2026-03-28T19:23:05.154+0500] {processor.py:830} INFO - Processing file /home/abayturar/airflow-project/venv/lib/python3.12/site-packages/airflow/example_dags/example_task_group.py for tasks to queue
[2026-03-28T19:23:05.156+0500] {logging_mixin.py:188} INFO - [2026-03-28T19:23:05.156+0500] {dagbag.py:545} INFO - Filling up the DagBag from /home/abayturar/airflow-project/venv/lib/python3.12/site-packages/airflow/example_dags/example_task_group.py
[2026-03-28T19:23:05.164+0500] {processor.py:840} INFO - DAG(s) 'example_task_group' retrieved from /home/abayturar/airflow-project/venv/lib/python3.12/site-packages/airflow/example_dags/example_task_group.py
[2026-03-28T19:23:05.183+0500] {logging_mixin.py:188} INFO - [2026-03-28T19:23:05.183+0500] {dag.py:3089} INFO - Sync 1 DAGs
[2026-03-28T19:23:05.199+0500] {logging_mixin.py:188} INFO - [2026-03-28T19:23:05.199+0500] {dag.py:3947} INFO - Setting next_dagrun for example_task_group to 2026-03-27 00:00:00+00:00, run_after=2026-03-28 00:00:00+00:00
[2026-03-28T19:23:05.215+0500] {processor.py:183} INFO - Processing /home/abayturar/airflow-project/venv/lib/python3.12/site-packages/airflow/example_dags/example_task_group.py took 0.068 seconds
[2026-03-28T19:23:51.274+0500] {processor.py:161} INFO - Started process (PID=28660) to work on /home/abayturar/airflow-project/venv/lib/python3.12/site-packages/airflow/example_dags/example_task_group.py
[2026-03-28T19:23:51.275+0500] {processor.py:830} INFO - Processing file /home/abayturar/airflow-project/venv/lib/python3.12/site-packages/airflow/example_dags/example_task_group.py for tasks to queue
[2026-03-28T19:23:51.277+0500] {logging_mixin.py:188} INFO - [2026-03-28T19:23:51.277+0500] {dagbag.py:545} INFO - Filling up the DagBag from /home/abayturar/airflow-project/venv/lib/python3.12/site-packages/airflow/example_dags/example_task_group.py
[2026-03-28T19:23:51.285+0500] {processor.py:840} INFO - DAG(s) 'example_task_group' retrieved from /home/abayturar/airflow-project/venv/lib/python3.12/site-packages/airflow/example_dags/example_task_group.py
[2026-03-28T19:23:51.303+0500] {logging_mixin.py:188} INFO - [2026-03-28T19:23:51.302+0500] {dag.py:3089} INFO - Sync 1 DAGs
[2026-03-28T19:23:51.318+0500] {logging_mixin.py:188} INFO - [2026-03-28T19:23:51.318+0500] {dag.py:3947} INFO - Setting next_dagrun for example_task_group to 2026-03-27 00:00:00+00:00, run_after=2026-03-28 00:00:00+00:00
[2026-03-28T19:23:51.350+0500] {processor.py:183} INFO - Processing /home/abayturar/airflow-project/venv/lib/python3.12/site-packages/airflow/example_dags/example_task_group.py took 0.083 seconds
[2026-03-28T19:24:38.816+0500] {processor.py:161} INFO - Started process (PID=28787) to work on /home/abayturar/airflow-project/venv/lib/python3.12/site-packages/airflow/example_dags/example_task_group.py
[2026-03-28T19:24:38.817+0500] {processor.py:830} INFO - Processing file /home/abayturar/airflow-project/venv/lib/python3.12/site-packages/airflow/example_dags/example_task_group.py for tasks to queue
[2026-03-28T19:24:38.818+0500] {logging_mixin.py:188} INFO - [2026-03-28T19:24:38.818+0500] {dagbag.py:545} INFO - Filling up the DagBag from /home/abayturar/airflow-project/venv/lib/python3.12/site-packages/airflow/example_dags/example_task_group.py
[2026-03-28T19:24:38.826+0500] {processor.py:840} INFO - DAG(s) 'example_task_group' retrieved from /home/abayturar/airflow-project/venv/lib/python3.12/site-packages/airflow/example_dags/example_task_group.py
[2026-03-28T19:24:38.843+0500] {logging_mixin.py:188} INFO - [2026-03-28T19:24:38.842+0500] {dag.py:3089} INFO - Sync 1 DAGs
[2026-03-28T19:24:38.857+0500] {logging_mixin.py:188} INFO - [2026-03-28T19:24:38.857+0500] {dag.py:3947} INFO - Setting next_dagrun for example_task_group to 2026-03-27 00:00:00+00:00, run_after=2026-03-28 00:00:00+00:00
[2026-03-28T19:24:38.884+0500] {processor.py:183} INFO - Processing /home/abayturar/airflow-project/venv/lib/python3.12/site-packages/airflow/example_dags/example_task_group.py took 0.075 seconds
[2026-03-28T19:25:25.460+0500] {processor.py:161} INFO - Started process (PID=28909) to work on /home/abayturar/airflow-project/venv/lib/python3.12/site-packages/airflow/example_dags/example_task_group.py
[2026-03-28T19:25:25.462+0500] {processor.py:830} INFO - Processing file /home/abayturar/airflow-project/venv/lib/python3.12/site-packages/airflow/example_dags/example_task_group.py for tasks to queue
[2026-03-28T19:25:25.463+0500] {logging_mixin.py:188} INFO - [2026-03-28T19:25:25.463+0500] {dagbag.py:545} INFO - Filling up the DagBag from /home/abayturar/airflow-project/venv/lib/python3.12/site-packages/airflow/example_dags/example_task_group.py
[2026-03-28T19:25:25.471+0500] {processor.py:840} INFO - DAG(s) 'example_task_group' retrieved from /home/abayturar/airflow-project/venv/lib/python3.12/site-packages/airflow/example_dags/example_task_group.py
[2026-03-28T19:25:25.489+0500] {logging_mixin.py:188} INFO - [2026-03-28T19:25:25.488+0500] {dag.py:3089} INFO - Sync 1 DAGs
[2026-03-28T19:25:25.503+0500] {logging_mixin.py:188} INFO - [2026-03-28T19:25:25.503+0500] {dag.py:3947} INFO - Setting next_dagrun for example_task_group to 2026-03-27 00:00:00+00:00, run_after=2026-03-28 00:00:00+00:00
[2026-03-28T19:25:25.530+0500] {processor.py:183} INFO - Processing /home/abayturar/airflow-project/venv/lib/python3.12/site-packages/airflow/example_dags/example_task_group.py took 0.077 seconds
[2026-03-28T19:26:11.372+0500] {processor.py:161} INFO - Started process (PID=29036) to work on /home/abayturar/airflow-project/venv/lib/python3.12/site-packages/airflow/example_dags/example_task_group.py
[2026-03-28T19:26:11.372+0500] {processor.py:830} INFO - Processing file /home/abayturar/airflow-project/venv/lib/python3.12/site-packages/airflow/example_dags/example_task_group.py for tasks to queue
[2026-03-28T19:26:11.374+0500] {logging_mixin.py:188} INFO - [2026-03-28T19:26:11.374+0500] {dagbag.py:545} INFO - Filling up the DagBag from /home/abayturar/airflow-project/venv/lib/python3.12/site-packages/airflow/example_dags/example_task_group.py
[2026-03-28T19:26:11.382+0500] {processor.py:840} INFO - DAG(s) 'example_task_group' retrieved from /home/abayturar/airflow-project/venv/lib/python3.12/site-packages/airflow/example_dags/example_task_group.py
[2026-03-28T19:26:11.397+0500] {logging_mixin.py:188} INFO - [2026-03-28T19:26:11.397+0500] {dag.py:3089} INFO - Sync 1 DAGs
[2026-03-28T19:26:11.410+0500] {logging_mixin.py:188} INFO - [2026-03-28T19:26:11.410+0500] {dag.py:3947} INFO - Setting next_dagrun for example_task_group to 2026-03-27 00:00:00+00:00, run_after=2026-03-28 00:00:00+00:00
[2026-03-28T19:26:11.437+0500] {processor.py:183} INFO - Processing /home/abayturar/airflow-project/venv/lib/python3.12/site-packages/airflow/example_dags/example_task_group.py took 0.071 seconds
[2026-03-28T19:26:57.422+0500] {processor.py:161} INFO - Started process (PID=29159) to work on /home/abayturar/airflow-project/venv/lib/python3.12/site-packages/airflow/example_dags/example_task_group.py
[2026-03-28T19:26:57.422+0500] {processor.py:830} INFO - Processing file /home/abayturar/airflow-project/venv/lib/python3.12/site-packages/airflow/example_dags/example_task_group.py for tasks to queue
[2026-03-28T19:26:57.424+0500] {logging_mixin.py:188} INFO - [2026-03-28T19:26:57.424+0500] {dagbag.py:545} INFO - Filling up the DagBag from /home/abayturar/airflow-project/venv/lib/python3.12/site-packages/airflow/example_dags/example_task_group.py
[2026-03-28T19:26:57.432+0500] {processor.py:840} INFO - DAG(s) 'example_task_group' retrieved from /home/abayturar/airflow-project/venv/lib/python3.12/site-packages/airflow/example_dags/example_task_group.py
[2026-03-28T19:26:57.448+0500] {logging_mixin.py:188} INFO - [2026-03-28T19:26:57.448+0500] {dag.py:3089} INFO - Sync 1 DAGs
[2026-03-28T19:26:57.462+0500] {logging_mixin.py:188} INFO - [2026-03-28T19:26:57.462+0500] {dag.py:3947} INFO - Setting next_dagrun for example_task_group to 2026-03-27 00:00:00+00:00, run_after=2026-03-28 00:00:00+00:00
[2026-03-28T19:26:57.488+0500] {processor.py:183} INFO - Processing /home/abayturar/airflow-project/venv/lib/python3.12/site-packages/airflow/example_dags/example_task_group.py took 0.074 seconds
[2026-03-28T19:27:45.443+0500] {processor.py:161} INFO - Started process (PID=29287) to work on /home/abayturar/airflow-project/venv/lib/python3.12/site-packages/airflow/example_dags/example_task_group.py
[2026-03-28T19:27:45.444+0500] {processor.py:830} INFO - Processing file /home/abayturar/airflow-project/venv/lib/python3.12/site-packages/airflow/example_dags/example_task_group.py for tasks to queue
[2026-03-28T19:27:45.446+0500] {logging_mixin.py:188} INFO - [2026-03-28T19:27:45.445+0500] {dagbag.py:545} INFO - Filling up the DagBag from /home/abayturar/airflow-project/venv/lib/python3.12/site-packages/airflow/example_dags/example_task_group.py
[2026-03-28T19:27:45.453+0500] {processor.py:840} INFO - DAG(s) 'example_task_group' retrieved from /home/abayturar/airflow-project/venv/lib/python3.12/site-packages/airflow/example_dags/example_task_group.py
[2026-03-28T19:27:45.468+0500] {logging_mixin.py:188} INFO - [2026-03-28T19:27:45.468+0500] {dag.py:3089} INFO - Sync 1 DAGs
[2026-03-28T19:27:45.482+0500] {logging_mixin.py:188} INFO - [2026-03-28T19:27:45.482+0500] {dag.py:3947} INFO - Setting next_dagrun for example_task_group to 2026-03-27 00:00:00+00:00, run_after=2026-03-28 00:00:00+00:00
[2026-03-28T19:27:45.511+0500] {processor.py:183} INFO - Processing /home/abayturar/airflow-project/venv/lib/python3.12/site-packages/airflow/example_dags/example_task_group.py took 0.073 seconds
[2026-03-28T19:28:33.918+0500] {processor.py:161} INFO - Started process (PID=29417) to work on /home/abayturar/airflow-project/venv/lib/python3.12/site-packages/airflow/example_dags/example_task_group.py
[2026-03-28T19:28:33.919+0500] {processor.py:830} INFO - Processing file /home/abayturar/airflow-project/venv/lib/python3.12/site-packages/airflow/example_dags/example_task_group.py for tasks to queue
[2026-03-28T19:28:33.920+0500] {logging_mixin.py:188} INFO - [2026-03-28T19:28:33.920+0500] {dagbag.py:545} INFO - Filling up the DagBag from /home/abayturar/airflow-project/venv/lib/python3.12/site-packages/airflow/example_dags/example_task_group.py
[2026-03-28T19:28:33.928+0500] {processor.py:840} INFO - DAG(s) 'example_task_group' retrieved from /home/abayturar/airflow-project/venv/lib/python3.12/site-packages/airflow/example_dags/example_task_group.py
[2026-03-28T19:28:33.945+0500] {logging_mixin.py:188} INFO - [2026-03-28T19:28:33.945+0500] {dag.py:3089} INFO - Sync 1 DAGs
[2026-03-28T19:28:33.959+0500] {logging_mixin.py:188} INFO - [2026-03-28T19:28:33.959+0500] {dag.py:3947} INFO - Setting next_dagrun for example_task_group to 2026-03-27 00:00:00+00:00, run_after=2026-03-28 00:00:00+00:00
[2026-03-28T19:28:33.975+0500] {processor.py:183} INFO - Processing /home/abayturar/airflow-project/venv/lib/python3.12/site-packages/airflow/example_dags/example_task_group.py took 0.064 seconds
[2026-03-28T19:29:22.887+0500] {processor.py:161} INFO - Started process (PID=29617) to work on /home/abayturar/airflow-project/venv/lib/python3.12/site-packages/airflow/example_dags/example_task_group.py
[2026-03-28T19:29:22.888+0500] {processor.py:830} INFO - Processing file /home/abayturar/airflow-project/venv/lib/python3.12/site-packages/airflow/example_dags/example_task_group.py for tasks to queue
[2026-03-28T19:29:22.890+0500] {logging_mixin.py:188} INFO - [2026-03-28T19:29:22.889+0500] {dagbag.py:545} INFO - Filling up the DagBag from /home/abayturar/airflow-project/venv/lib/python3.12/site-packages/airflow/example_dags/example_task_group.py
[2026-03-28T19:29:22.897+0500] {processor.py:840} INFO - DAG(s) 'example_task_group' retrieved from /home/abayturar/airflow-project/venv/lib/python3.12/site-packages/airflow/example_dags/example_task_group.py
[2026-03-28T19:29:22.913+0500] {logging_mixin.py:188} INFO - [2026-03-28T19:29:22.913+0500] {dag.py:3089} INFO - Sync 1 DAGs
[2026-03-28T19:29:22.927+0500] {logging_mixin.py:188} INFO - [2026-03-28T19:29:22.927+0500] {dag.py:3947} INFO - Setting next_dagrun for example_task_group to 2026-03-27 00:00:00+00:00, run_after=2026-03-28 00:00:00+00:00
[2026-03-28T19:29:22.941+0500] {processor.py:183} INFO - Processing /home/abayturar/airflow-project/venv/lib/python3.12/site-packages/airflow/example_dags/example_task_group.py took 0.060 seconds
[2026-03-28T19:30:07.334+0500] {processor.py:161} INFO - Started process (PID=29737) to work on /home/abayturar/airflow-project/venv/lib/python3.12/site-packages/airflow/example_dags/example_task_group.py
[2026-03-28T19:30:07.335+0500] {processor.py:830} INFO - Processing file /home/abayturar/airflow-project/venv/lib/python3.12/site-packages/airflow/example_dags/example_task_group.py for tasks to queue
[2026-03-28T19:30:07.336+0500] {logging_mixin.py:188} INFO - [2026-03-28T19:30:07.336+0500] {dagbag.py:545} INFO - Filling up the DagBag from /home/abayturar/airflow-project/venv/lib/python3.12/site-packages/airflow/example_dags/example_task_group.py
[2026-03-28T19:30:07.344+0500] {processor.py:840} INFO - DAG(s) 'example_task_group' retrieved from /home/abayturar/airflow-project/venv/lib/python3.12/site-packages/airflow/example_dags/example_task_group.py
[2026-03-28T19:30:07.359+0500] {logging_mixin.py:188} INFO - [2026-03-28T19:30:07.359+0500] {dag.py:3089} INFO - Sync 1 DAGs
[2026-03-28T19:30:07.373+0500] {logging_mixin.py:188} INFO - [2026-03-28T19:30:07.373+0500] {dag.py:3947} INFO - Setting next_dagrun for example_task_group to 2026-03-27 00:00:00+00:00, run_after=2026-03-28 00:00:00+00:00
[2026-03-28T19:30:07.388+0500] {processor.py:183} INFO - Processing /home/abayturar/airflow-project/venv/lib/python3.12/site-packages/airflow/example_dags/example_task_group.py took 0.060 seconds
[2026-03-28T19:31:08.409+0500] {processor.py:161} INFO - Started process (PID=29929) to work on /home/abayturar/airflow-project/venv/lib/python3.12/site-packages/airflow/example_dags/example_task_group.py
[2026-03-28T19:31:08.410+0500] {processor.py:830} INFO - Processing file /home/abayturar/airflow-project/venv/lib/python3.12/site-packages/airflow/example_dags/example_task_group.py for tasks to queue
[2026-03-28T19:31:08.412+0500] {logging_mixin.py:188} INFO - [2026-03-28T19:31:08.412+0500] {dagbag.py:545} INFO - Filling up the DagBag from /home/abayturar/airflow-project/venv/lib/python3.12/site-packages/airflow/example_dags/example_task_group.py
[2026-03-28T19:31:08.422+0500] {processor.py:840} INFO - DAG(s) 'example_task_group' retrieved from /home/abayturar/airflow-project/venv/lib/python3.12/site-packages/airflow/example_dags/example_task_group.py
[2026-03-28T19:31:08.441+0500] {logging_mixin.py:188} INFO - [2026-03-28T19:31:08.441+0500] {dag.py:3089} INFO - Sync 1 DAGs
[2026-03-28T19:31:08.459+0500] {logging_mixin.py:188} INFO - [2026-03-28T19:31:08.459+0500] {dag.py:3947} INFO - Setting next_dagrun for example_task_group to 2026-03-27 00:00:00+00:00, run_after=2026-03-28 00:00:00+00:00
[2026-03-28T19:31:08.483+0500] {processor.py:183} INFO - Processing /home/abayturar/airflow-project/venv/lib/python3.12/site-packages/airflow/example_dags/example_task_group.py took 0.083 seconds
[2026-03-28T19:31:43.236+0500] {processor.py:161} INFO - Started process (PID=30030) to work on /home/abayturar/airflow-project/venv/lib/python3.12/site-packages/airflow/example_dags/example_task_group.py
[2026-03-28T19:31:43.237+0500] {processor.py:830} INFO - Processing file /home/abayturar/airflow-project/venv/lib/python3.12/site-packages/airflow/example_dags/example_task_group.py for tasks to queue
[2026-03-28T19:31:43.238+0500] {logging_mixin.py:188} INFO - [2026-03-28T19:31:43.238+0500] {dagbag.py:545} INFO - Filling up the DagBag from /home/abayturar/airflow-project/venv/lib/python3.12/site-packages/airflow/example_dags/example_task_group.py
[2026-03-28T19:31:43.247+0500] {processor.py:840} INFO - DAG(s) 'example_task_group' retrieved from /home/abayturar/airflow-project/venv/lib/python3.12/site-packages/airflow/example_dags/example_task_group.py
[2026-03-28T19:31:43.265+0500] {logging_mixin.py:188} INFO - [2026-03-28T19:31:43.264+0500] {dag.py:3089} INFO - Sync 1 DAGs
[2026-03-28T19:31:43.280+0500] {logging_mixin.py:188} INFO - [2026-03-28T19:31:43.280+0500] {dag.py:3947} INFO - Setting next_dagrun for example_task_group to 2026-03-27 00:00:00+00:00, run_after=2026-03-28 00:00:00+00:00
[2026-03-28T19:31:43.299+0500] {processor.py:183} INFO - Processing /home/abayturar/airflow-project/venv/lib/python3.12/site-packages/airflow/example_dags/example_task_group.py took 0.070 seconds
[2026-03-28T19:32:25.453+0500] {processor.py:161} INFO - Started process (PID=30147) to work on /home/abayturar/airflow-project/venv/lib/python3.12/site-packages/airflow/example_dags/example_task_group.py
[2026-03-28T19:32:25.454+0500] {processor.py:830} INFO - Processing file /home/abayturar/airflow-project/venv/lib/python3.12/site-packages/airflow/example_dags/example_task_group.py for tasks to queue
[2026-03-28T19:32:25.457+0500] {logging_mixin.py:188} INFO - [2026-03-28T19:32:25.456+0500] {dagbag.py:545} INFO - Filling up the DagBag from /home/abayturar/airflow-project/venv/lib/python3.12/site-packages/airflow/example_dags/example_task_group.py
[2026-03-28T19:32:25.466+0500] {processor.py:840} INFO - DAG(s) 'example_task_group' retrieved from /home/abayturar/airflow-project/venv/lib/python3.12/site-packages/airflow/example_dags/example_task_group.py
[2026-03-28T19:32:25.490+0500] {logging_mixin.py:188} INFO - [2026-03-28T19:32:25.490+0500] {dag.py:3089} INFO - Sync 1 DAGs
[2026-03-28T19:32:25.511+0500] {logging_mixin.py:188} INFO - [2026-03-28T19:32:25.510+0500] {dag.py:3947} INFO - Setting next_dagrun for example_task_group to 2026-03-27 00:00:00+00:00, run_after=2026-03-28 00:00:00+00:00
[2026-03-28T19:32:25.532+0500] {processor.py:183} INFO - Processing /home/abayturar/airflow-project/venv/lib/python3.12/site-packages/airflow/example_dags/example_task_group.py took 0.089 seconds
[2026-03-28T19:33:16.116+0500] {processor.py:161} INFO - Started process (PID=30297) to work on /home/abayturar/airflow-project/venv/lib/python3.12/site-packages/airflow/example_dags/example_task_group.py
[2026-03-28T19:33:16.117+0500] {processor.py:830} INFO - Processing file /home/abayturar/airflow-project/venv/lib/python3.12/site-packages/airflow/example_dags/example_task_group.py for tasks to queue
[2026-03-28T19:33:16.119+0500] {logging_mixin.py:188} INFO - [2026-03-28T19:33:16.118+0500] {dagbag.py:545} INFO - Filling up the DagBag from /home/abayturar/airflow-project/venv/lib/python3.12/site-packages/airflow/example_dags/example_task_group.py
[2026-03-28T19:33:16.127+0500] {processor.py:840} INFO - DAG(s) 'example_task_group' retrieved from /home/abayturar/airflow-project/venv/lib/python3.12/site-packages/airflow/example_dags/example_task_group.py
[2026-03-28T19:33:16.144+0500] {logging_mixin.py:188} INFO - [2026-03-28T19:33:16.143+0500] {dag.py:3089} INFO - Sync 1 DAGs
[2026-03-28T19:33:16.158+0500] {logging_mixin.py:188} INFO - [2026-03-28T19:33:16.158+0500] {dag.py:3947} INFO - Setting next_dagrun for example_task_group to 2026-03-27 00:00:00+00:00, run_after=2026-03-28 00:00:00+00:00
[2026-03-28T19:33:16.172+0500] {processor.py:183} INFO - Processing /home/abayturar/airflow-project/venv/lib/python3.12/site-packages/airflow/example_dags/example_task_group.py took 0.062 seconds
[2026-03-28T19:35:18.611+0500] {processor.py:161} INFO - Started process (PID=30582) to work on /home/abayturar/airflow-project/venv/lib/python3.12/site-packages/airflow/example_dags/example_task_group.py
[2026-03-28T19:35:18.612+0500] {processor.py:830} INFO - Processing file /home/abayturar/airflow-project/venv/lib/python3.12/site-packages/airflow/example_dags/example_task_group.py for tasks to queue
[2026-03-28T19:35:18.614+0500] {logging_mixin.py:188} INFO - [2026-03-28T19:35:18.614+0500] {dagbag.py:545} INFO - Filling up the DagBag from /home/abayturar/airflow-project/venv/lib/python3.12/site-packages/airflow/example_dags/example_task_group.py
[2026-03-28T19:35:18.623+0500] {processor.py:840} INFO - DAG(s) 'example_task_group' retrieved from /home/abayturar/airflow-project/venv/lib/python3.12/site-packages/airflow/example_dags/example_task_group.py
[2026-03-28T19:35:18.642+0500] {logging_mixin.py:188} INFO - [2026-03-28T19:35:18.642+0500] {dag.py:3089} INFO - Sync 1 DAGs
[2026-03-28T19:35:18.655+0500] {logging_mixin.py:188} INFO - [2026-03-28T19:35:18.655+0500] {dag.py:3947} INFO - Setting next_dagrun for example_task_group to 2026-03-27 00:00:00+00:00, run_after=2026-03-28 00:00:00+00:00
[2026-03-28T19:35:18.671+0500] {processor.py:183} INFO - Processing /home/abayturar/airflow-project/venv/lib/python3.12/site-packages/airflow/example_dags/example_task_group.py took 0.065 seconds
[2026-03-28T19:36:21.698+0500] {processor.py:161} INFO - Started process (PID=30797) to work on /home/abayturar/airflow-project/venv/lib/python3.12/site-packages/airflow/example_dags/example_task_group.py
[2026-03-28T19:36:21.699+0500] {processor.py:830} INFO - Processing file /home/abayturar/airflow-project/venv/lib/python3.12/site-packages/airflow/example_dags/example_task_group.py for tasks to queue
[2026-03-28T19:36:21.701+0500] {logging_mixin.py:188} INFO - [2026-03-28T19:36:21.700+0500] {dagbag.py:545} INFO - Filling up the DagBag from /home/abayturar/airflow-project/venv/lib/python3.12/site-packages/airflow/example_dags/example_task_group.py
[2026-03-28T19:36:21.708+0500] {processor.py:840} INFO - DAG(s) 'example_task_group' retrieved from /home/abayturar/airflow-project/venv/lib/python3.12/site-packages/airflow/example_dags/example_task_group.py
[2026-03-28T19:36:21.729+0500] {logging_mixin.py:188} INFO - [2026-03-28T19:36:21.728+0500] {dag.py:3089} INFO - Sync 1 DAGs
[2026-03-28T19:36:21.746+0500] {logging_mixin.py:188} INFO - [2026-03-28T19:36:21.746+0500] {dag.py:3947} INFO - Setting next_dagrun for example_task_group to 2026-03-27 00:00:00+00:00, run_after=2026-03-28 00:00:00+00:00
[2026-03-28T19:36:21.775+0500] {processor.py:183} INFO - Processing /home/abayturar/airflow-project/venv/lib/python3.12/site-packages/airflow/example_dags/example_task_group.py took 0.084 seconds
[2026-03-28T19:37:14.438+0500] {processor.py:161} INFO - Started process (PID=30940) to work on /home/abayturar/airflow-project/venv/lib/python3.12/site-packages/airflow/example_dags/example_task_group.py
[2026-03-28T19:37:14.439+0500] {processor.py:830} INFO - Processing file /home/abayturar/airflow-project/venv/lib/python3.12/site-packages/airflow/example_dags/example_task_group.py for tasks to queue
[2026-03-28T19:37:14.441+0500] {logging_mixin.py:188} INFO - [2026-03-28T19:37:14.441+0500] {dagbag.py:545} INFO - Filling up the DagBag from /home/abayturar/airflow-project/venv/lib/python3.12/site-packages/airflow/example_dags/example_task_group.py
[2026-03-28T19:37:14.448+0500] {processor.py:840} INFO - DAG(s) 'example_task_group' retrieved from /home/abayturar/airflow-project/venv/lib/python3.12/site-packages/airflow/example_dags/example_task_group.py
[2026-03-28T19:37:14.464+0500] {logging_mixin.py:188} INFO - [2026-03-28T19:37:14.464+0500] {dag.py:3089} INFO - Sync 1 DAGs
[2026-03-28T19:37:14.478+0500] {logging_mixin.py:188} INFO - [2026-03-28T19:37:14.478+0500] {dag.py:3947} INFO - Setting next_dagrun for example_task_group to 2026-03-27 00:00:00+00:00, run_after=2026-03-28 00:00:00+00:00
[2026-03-28T19:37:14.494+0500] {processor.py:183} INFO - Processing /home/abayturar/airflow-project/venv/lib/python3.12/site-packages/airflow/example_dags/example_task_group.py took 0.062 seconds
[2026-03-28T19:38:06.754+0500] {processor.py:161} INFO - Started process (PID=31080) to work on /home/abayturar/airflow-project/venv/lib/python3.12/site-packages/airflow/example_dags/example_task_group.py
[2026-03-28T19:38:06.754+0500] {processor.py:830} INFO - Processing file /home/abayturar/airflow-project/venv/lib/python3.12/site-packages/airflow/example_dags/example_task_group.py for tasks to queue
[2026-03-28T19:38:06.756+0500] {logging_mixin.py:188} INFO - [2026-03-28T19:38:06.756+0500] {dagbag.py:545} INFO - Filling up the DagBag from /home/abayturar/airflow-project/venv/lib/python3.12/site-packages/airflow/example_dags/example_task_group.py
[2026-03-28T19:38:06.764+0500] {processor.py:840} INFO - DAG(s) 'example_task_group' retrieved from /home/abayturar/airflow-project/venv/lib/python3.12/site-packages/airflow/example_dags/example_task_group.py
[2026-03-28T19:38:06.781+0500] {logging_mixin.py:188} INFO - [2026-03-28T19:38:06.780+0500] {dag.py:3089} INFO - Sync 1 DAGs
[2026-03-28T19:38:06.794+0500] {logging_mixin.py:188} INFO - [2026-03-28T19:38:06.794+0500] {dag.py:3947} INFO - Setting next_dagrun for example_task_group to 2026-03-27 00:00:00+00:00, run_after=2026-03-28 00:00:00+00:00
[2026-03-28T19:38:06.820+0500] {processor.py:183} INFO - Processing /home/abayturar/airflow-project/venv/lib/python3.12/site-packages/airflow/example_dags/example_task_group.py took 0.073 seconds
[2026-03-28T19:38:53.524+0500] {processor.py:161} INFO - Started process (PID=31209) to work on /home/abayturar/airflow-project/venv/lib/python3.12/site-packages/airflow/example_dags/example_task_group.py
[2026-03-28T19:38:53.525+0500] {processor.py:830} INFO - Processing file /home/abayturar/airflow-project/venv/lib/python3.12/site-packages/airflow/example_dags/example_task_group.py for tasks to queue
[2026-03-28T19:38:53.528+0500] {logging_mixin.py:188} INFO - [2026-03-28T19:38:53.527+0500] {dagbag.py:545} INFO - Filling up the DagBag from /home/abayturar/airflow-project/venv/lib/python3.12/site-packages/airflow/example_dags/example_task_group.py
[2026-03-28T19:38:53.538+0500] {processor.py:840} INFO - DAG(s) 'example_task_group' retrieved from /home/abayturar/airflow-project/venv/lib/python3.12/site-packages/airflow/example_dags/example_task_group.py
[2026-03-28T19:38:53.556+0500] {logging_mixin.py:188} INFO - [2026-03-28T19:38:53.556+0500] {dag.py:3089} INFO - Sync 1 DAGs
[2026-03-28T19:38:53.572+0500] {logging_mixin.py:188} INFO - [2026-03-28T19:38:53.572+0500] {dag.py:3947} INFO - Setting next_dagrun for example_task_group to 2026-03-27 00:00:00+00:00, run_after=2026-03-28 00:00:00+00:00
[2026-03-28T19:38:53.592+0500] {processor.py:183} INFO - Processing /home/abayturar/airflow-project/venv/lib/python3.12/site-packages/airflow/example_dags/example_task_group.py took 0.076 seconds
[2026-03-28T19:39:37.475+0500] {processor.py:161} INFO - Started process (PID=31330) to work on /home/abayturar/airflow-project/venv/lib/python3.12/site-packages/airflow/example_dags/example_task_group.py
[2026-03-28T19:39:37.478+0500] {processor.py:830} INFO - Processing file /home/abayturar/airflow-project/venv/lib/python3.12/site-packages/airflow/example_dags/example_task_group.py for tasks to queue
[2026-03-28T19:39:37.481+0500] {logging_mixin.py:188} INFO - [2026-03-28T19:39:37.480+0500] {dagbag.py:545} INFO - Filling up the DagBag from /home/abayturar/airflow-project/venv/lib/python3.12/site-packages/airflow/example_dags/example_task_group.py
[2026-03-28T19:39:37.492+0500] {processor.py:840} INFO - DAG(s) 'example_task_group' retrieved from /home/abayturar/airflow-project/venv/lib/python3.12/site-packages/airflow/example_dags/example_task_group.py
[2026-03-28T19:39:37.513+0500] {logging_mixin.py:188} INFO - [2026-03-28T19:39:37.513+0500] {dag.py:3089} INFO - Sync 1 DAGs
[2026-03-28T19:39:37.534+0500] {logging_mixin.py:188} INFO - [2026-03-28T19:39:37.534+0500] {dag.py:3947} INFO - Setting next_dagrun for example_task_group to 2026-03-27 00:00:00+00:00, run_after=2026-03-28 00:00:00+00:00
[2026-03-28T19:39:37.566+0500] {processor.py:183} INFO - Processing /home/abayturar/airflow-project/venv/lib/python3.12/site-packages/airflow/example_dags/example_task_group.py took 0.098 seconds
[2026-03-28T19:40:24.987+0500] {processor.py:161} INFO - Started process (PID=31456) to work on /home/abayturar/airflow-project/venv/lib/python3.12/site-packages/airflow/example_dags/example_task_group.py
[2026-03-28T19:40:24.988+0500] {processor.py:830} INFO - Processing file /home/abayturar/airflow-project/venv/lib/python3.12/site-packages/airflow/example_dags/example_task_group.py for tasks to queue
[2026-03-28T19:40:24.990+0500] {logging_mixin.py:188} INFO - [2026-03-28T19:40:24.990+0500] {dagbag.py:545} INFO - Filling up the DagBag from /home/abayturar/airflow-project/venv/lib/python3.12/site-packages/airflow/example_dags/example_task_group.py
[2026-03-28T19:40:24.997+0500] {processor.py:840} INFO - DAG(s) 'example_task_group' retrieved from /home/abayturar/airflow-project/venv/lib/python3.12/site-packages/airflow/example_dags/example_task_group.py
[2026-03-28T19:40:25.012+0500] {logging_mixin.py:188} INFO - [2026-03-28T19:40:25.012+0500] {dag.py:3089} INFO - Sync 1 DAGs
[2026-03-28T19:40:25.026+0500] {logging_mixin.py:188} INFO - [2026-03-28T19:40:25.026+0500] {dag.py:3947} INFO - Setting next_dagrun for example_task_group to 2026-03-27 00:00:00+00:00, run_after=2026-03-28 00:00:00+00:00
[2026-03-28T19:40:25.052+0500] {processor.py:183} INFO - Processing /home/abayturar/airflow-project/venv/lib/python3.12/site-packages/airflow/example_dags/example_task_group.py took 0.070 seconds
[2026-03-28T19:41:08.714+0500] {processor.py:161} INFO - Started process (PID=31578) to work on /home/abayturar/airflow-project/venv/lib/python3.12/site-packages/airflow/example_dags/example_task_group.py
[2026-03-28T19:41:08.715+0500] {processor.py:830} INFO - Processing file /home/abayturar/airflow-project/venv/lib/python3.12/site-packages/airflow/example_dags/example_task_group.py for tasks to queue
[2026-03-28T19:41:08.717+0500] {logging_mixin.py:188} INFO - [2026-03-28T19:41:08.717+0500] {dagbag.py:545} INFO - Filling up the DagBag from /home/abayturar/airflow-project/venv/lib/python3.12/site-packages/airflow/example_dags/example_task_group.py
[2026-03-28T19:41:08.724+0500] {processor.py:840} INFO - DAG(s) 'example_task_group' retrieved from /home/abayturar/airflow-project/venv/lib/python3.12/site-packages/airflow/example_dags/example_task_group.py
[2026-03-28T19:41:08.740+0500] {logging_mixin.py:188} INFO - [2026-03-28T19:41:08.740+0500] {dag.py:3089} INFO - Sync 1 DAGs
[2026-03-28T19:41:08.754+0500] {logging_mixin.py:188} INFO - [2026-03-28T19:41:08.754+0500] {dag.py:3947} INFO - Setting next_dagrun for example_task_group to 2026-03-27 00:00:00+00:00, run_after=2026-03-28 00:00:00+00:00
[2026-03-28T19:41:08.781+0500] {processor.py:183} INFO - Processing /home/abayturar/airflow-project/venv/lib/python3.12/site-packages/airflow/example_dags/example_task_group.py took 0.072 seconds
[2026-03-28T19:41:54.713+0500] {processor.py:161} INFO - Started process (PID=31699) to work on /home/abayturar/airflow-project/venv/lib/python3.12/site-packages/airflow/example_dags/example_task_group.py
[2026-03-28T19:41:54.714+0500] {processor.py:830} INFO - Processing file /home/abayturar/airflow-project/venv/lib/python3.12/site-packages/airflow/example_dags/example_task_group.py for tasks to queue
[2026-03-28T19:41:54.716+0500] {logging_mixin.py:188} INFO - [2026-03-28T19:41:54.715+0500] {dagbag.py:545} INFO - Filling up the DagBag from /home/abayturar/airflow-project/venv/lib/python3.12/site-packages/airflow/example_dags/example_task_group.py
[2026-03-28T19:41:54.723+0500] {processor.py:840} INFO - DAG(s) 'example_task_group' retrieved from /home/abayturar/airflow-project/venv/lib/python3.12/site-packages/airflow/example_dags/example_task_group.py
[2026-03-28T19:41:54.740+0500] {logging_mixin.py:188} INFO - [2026-03-28T19:41:54.740+0500] {dag.py:3089} INFO - Sync 1 DAGs
[2026-03-28T19:41:54.756+0500] {logging_mixin.py:188} INFO - [2026-03-28T19:41:54.756+0500] {dag.py:3947} INFO - Setting next_dagrun for example_task_group to 2026-03-27 00:00:00+00:00, run_after=2026-03-28 00:00:00+00:00
[2026-03-28T19:41:54.784+0500] {processor.py:183} INFO - Processing /home/abayturar/airflow-project/venv/lib/python3.12/site-packages/airflow/example_dags/example_task_group.py took 0.077 seconds
[2026-03-28T19:42:43.923+0500] {processor.py:161} INFO - Started process (PID=31832) to work on /home/abayturar/airflow-project/venv/lib/python3.12/site-packages/airflow/example_dags/example_task_group.py
[2026-03-28T19:42:43.924+0500] {processor.py:830} INFO - Processing file /home/abayturar/airflow-project/venv/lib/python3.12/site-packages/airflow/example_dags/example_task_group.py for tasks to queue
[2026-03-28T19:42:43.926+0500] {logging_mixin.py:188} INFO - [2026-03-28T19:42:43.925+0500] {dagbag.py:545} INFO - Filling up the DagBag from /home/abayturar/airflow-project/venv/lib/python3.12/site-packages/airflow/example_dags/example_task_group.py
[2026-03-28T19:42:43.936+0500] {processor.py:840} INFO - DAG(s) 'example_task_group' retrieved from /home/abayturar/airflow-project/venv/lib/python3.12/site-packages/airflow/example_dags/example_task_group.py
[2026-03-28T19:42:43.955+0500] {logging_mixin.py:188} INFO - [2026-03-28T19:42:43.954+0500] {dag.py:3089} INFO - Sync 1 DAGs
[2026-03-28T19:42:43.969+0500] {logging_mixin.py:188} INFO - [2026-03-28T19:42:43.969+0500] {dag.py:3947} INFO - Setting next_dagrun for example_task_group to 2026-03-27 00:00:00+00:00, run_after=2026-03-28 00:00:00+00:00
[2026-03-28T19:42:43.986+0500] {processor.py:183} INFO - Processing /home/abayturar/airflow-project/venv/lib/python3.12/site-packages/airflow/example_dags/example_task_group.py took 0.069 seconds
[2026-03-28T19:43:35.288+0500] {processor.py:161} INFO - Started process (PID=31967) to work on /home/abayturar/airflow-project/venv/lib/python3.12/site-packages/airflow/example_dags/example_task_group.py
[2026-03-28T19:43:35.289+0500] {processor.py:830} INFO - Processing file /home/abayturar/airflow-project/venv/lib/python3.12/site-packages/airflow/example_dags/example_task_group.py for tasks to queue
[2026-03-28T19:43:35.291+0500] {logging_mixin.py:188} INFO - [2026-03-28T19:43:35.291+0500] {dagbag.py:545} INFO - Filling up the DagBag from /home/abayturar/airflow-project/venv/lib/python3.12/site-packages/airflow/example_dags/example_task_group.py
[2026-03-28T19:43:35.298+0500] {processor.py:840} INFO - DAG(s) 'example_task_group' retrieved from /home/abayturar/airflow-project/venv/lib/python3.12/site-packages/airflow/example_dags/example_task_group.py
[2026-03-28T19:43:35.314+0500] {logging_mixin.py:188} INFO - [2026-03-28T19:43:35.314+0500] {dag.py:3089} INFO - Sync 1 DAGs
[2026-03-28T19:43:35.328+0500] {logging_mixin.py:188} INFO - [2026-03-28T19:43:35.328+0500] {dag.py:3947} INFO - Setting next_dagrun for example_task_group to 2026-03-27 00:00:00+00:00, run_after=2026-03-28 00:00:00+00:00
[2026-03-28T19:43:35.357+0500] {processor.py:183} INFO - Processing /home/abayturar/airflow-project/venv/lib/python3.12/site-packages/airflow/example_dags/example_task_group.py took 0.074 seconds
[2026-03-28T19:44:20.691+0500] {processor.py:161} INFO - Started process (PID=32090) to work on /home/abayturar/airflow-project/venv/lib/python3.12/site-packages/airflow/example_dags/example_task_group.py
[2026-03-28T19:44:20.692+0500] {processor.py:830} INFO - Processing file /home/abayturar/airflow-project/venv/lib/python3.12/site-packages/airflow/example_dags/example_task_group.py for tasks to queue
[2026-03-28T19:44:20.693+0500] {logging_mixin.py:188} INFO - [2026-03-28T19:44:20.693+0500] {dagbag.py:545} INFO - Filling up the DagBag from /home/abayturar/airflow-project/venv/lib/python3.12/site-packages/airflow/example_dags/example_task_group.py
[2026-03-28T19:44:20.700+0500] {processor.py:840} INFO - DAG(s) 'example_task_group' retrieved from /home/abayturar/airflow-project/venv/lib/python3.12/site-packages/airflow/example_dags/example_task_group.py
[2026-03-28T19:44:20.715+0500] {logging_mixin.py:188} INFO - [2026-03-28T19:44:20.715+0500] {dag.py:3089} INFO - Sync 1 DAGs
[2026-03-28T19:44:20.729+0500] {logging_mixin.py:188} INFO - [2026-03-28T19:44:20.728+0500] {dag.py:3947} INFO - Setting next_dagrun for example_task_group to 2026-03-27 00:00:00+00:00, run_after=2026-03-28 00:00:00+00:00
[2026-03-28T19:44:20.755+0500] {processor.py:183} INFO - Processing /home/abayturar/airflow-project/venv/lib/python3.12/site-packages/airflow/example_dags/example_task_group.py took 0.070 seconds
