[2026-03-28T15:21:32.243+0500] {processor.py:161} INFO - Started process (PID=11882) to work on /home/abayturar/airflow-project/venv/lib/python3.12/site-packages/airflow/example_dags/example_kubernetes_executor.py
[2026-03-28T15:21:32.244+0500] {processor.py:830} INFO - Processing file /home/abayturar/airflow-project/venv/lib/python3.12/site-packages/airflow/example_dags/example_kubernetes_executor.py for tasks to queue
[2026-03-28T15:21:32.246+0500] {logging_mixin.py:188} INFO - [2026-03-28T15:21:32.246+0500] {dagbag.py:545} INFO - Filling up the DagBag from /home/abayturar/airflow-project/venv/lib/python3.12/site-packages/airflow/example_dags/example_kubernetes_executor.py
[2026-03-28T15:21:32.249+0500] {logging_mixin.py:188} INFO - [2026-03-28T15:21:32.249+0500] {example_kubernetes_executor.py:39} WARNING - The example_kubernetes_executor example DAG requires the kubernetes provider. Please install it with: pip install apache-airflow[cncf.kubernetes]
[2026-03-28T15:21:32.250+0500] {processor.py:842} WARNING - No viable dags retrieved from /home/abayturar/airflow-project/venv/lib/python3.12/site-packages/airflow/example_dags/example_kubernetes_executor.py
[2026-03-28T15:21:32.263+0500] {processor.py:183} INFO - Processing /home/abayturar/airflow-project/venv/lib/python3.12/site-packages/airflow/example_dags/example_kubernetes_executor.py took 0.027 seconds
[2026-03-28T15:22:26.567+0500] {processor.py:161} INFO - Started process (PID=12027) to work on /home/abayturar/airflow-project/venv/lib/python3.12/site-packages/airflow/example_dags/example_kubernetes_executor.py
[2026-03-28T15:22:26.568+0500] {processor.py:830} INFO - Processing file /home/abayturar/airflow-project/venv/lib/python3.12/site-packages/airflow/example_dags/example_kubernetes_executor.py for tasks to queue
[2026-03-28T15:22:26.570+0500] {logging_mixin.py:188} INFO - [2026-03-28T15:22:26.569+0500] {dagbag.py:545} INFO - Filling up the DagBag from /home/abayturar/airflow-project/venv/lib/python3.12/site-packages/airflow/example_dags/example_kubernetes_executor.py
[2026-03-28T15:22:26.573+0500] {logging_mixin.py:188} INFO - [2026-03-28T15:22:26.573+0500] {example_kubernetes_executor.py:39} WARNING - The example_kubernetes_executor example DAG requires the kubernetes provider. Please install it with: pip install apache-airflow[cncf.kubernetes]
[2026-03-28T15:22:26.574+0500] {processor.py:842} WARNING - No viable dags retrieved from /home/abayturar/airflow-project/venv/lib/python3.12/site-packages/airflow/example_dags/example_kubernetes_executor.py
[2026-03-28T15:22:26.586+0500] {processor.py:183} INFO - Processing /home/abayturar/airflow-project/venv/lib/python3.12/site-packages/airflow/example_dags/example_kubernetes_executor.py took 0.025 seconds
[2026-03-28T15:23:16.820+0500] {processor.py:161} INFO - Started process (PID=12180) to work on /home/abayturar/airflow-project/venv/lib/python3.12/site-packages/airflow/example_dags/example_kubernetes_executor.py
[2026-03-28T15:23:16.821+0500] {processor.py:830} INFO - Processing file /home/abayturar/airflow-project/venv/lib/python3.12/site-packages/airflow/example_dags/example_kubernetes_executor.py for tasks to queue
[2026-03-28T15:23:16.823+0500] {logging_mixin.py:188} INFO - [2026-03-28T15:23:16.822+0500] {dagbag.py:545} INFO - Filling up the DagBag from /home/abayturar/airflow-project/venv/lib/python3.12/site-packages/airflow/example_dags/example_kubernetes_executor.py
[2026-03-28T15:23:16.826+0500] {logging_mixin.py:188} INFO - [2026-03-28T15:23:16.826+0500] {example_kubernetes_executor.py:39} WARNING - The example_kubernetes_executor example DAG requires the kubernetes provider. Please install it with: pip install apache-airflow[cncf.kubernetes]
[2026-03-28T15:23:16.826+0500] {processor.py:842} WARNING - No viable dags retrieved from /home/abayturar/airflow-project/venv/lib/python3.12/site-packages/airflow/example_dags/example_kubernetes_executor.py
[2026-03-28T15:23:16.840+0500] {processor.py:183} INFO - Processing /home/abayturar/airflow-project/venv/lib/python3.12/site-packages/airflow/example_dags/example_kubernetes_executor.py took 0.028 seconds
[2026-03-28T15:24:06.941+0500] {processor.py:161} INFO - Started process (PID=12329) to work on /home/abayturar/airflow-project/venv/lib/python3.12/site-packages/airflow/example_dags/example_kubernetes_executor.py
[2026-03-28T15:24:06.942+0500] {processor.py:830} INFO - Processing file /home/abayturar/airflow-project/venv/lib/python3.12/site-packages/airflow/example_dags/example_kubernetes_executor.py for tasks to queue
[2026-03-28T15:24:06.943+0500] {logging_mixin.py:188} INFO - [2026-03-28T15:24:06.943+0500] {dagbag.py:545} INFO - Filling up the DagBag from /home/abayturar/airflow-project/venv/lib/python3.12/site-packages/airflow/example_dags/example_kubernetes_executor.py
[2026-03-28T15:24:06.946+0500] {logging_mixin.py:188} INFO - [2026-03-28T15:24:06.946+0500] {example_kubernetes_executor.py:39} WARNING - The example_kubernetes_executor example DAG requires the kubernetes provider. Please install it with: pip install apache-airflow[cncf.kubernetes]
[2026-03-28T15:24:06.946+0500] {processor.py:842} WARNING - No viable dags retrieved from /home/abayturar/airflow-project/venv/lib/python3.12/site-packages/airflow/example_dags/example_kubernetes_executor.py
[2026-03-28T15:24:06.958+0500] {processor.py:183} INFO - Processing /home/abayturar/airflow-project/venv/lib/python3.12/site-packages/airflow/example_dags/example_kubernetes_executor.py took 0.024 seconds
[2026-03-28T15:24:55.860+0500] {processor.py:161} INFO - Started process (PID=12469) to work on /home/abayturar/airflow-project/venv/lib/python3.12/site-packages/airflow/example_dags/example_kubernetes_executor.py
[2026-03-28T15:24:55.861+0500] {processor.py:830} INFO - Processing file /home/abayturar/airflow-project/venv/lib/python3.12/site-packages/airflow/example_dags/example_kubernetes_executor.py for tasks to queue
[2026-03-28T15:24:55.863+0500] {logging_mixin.py:188} INFO - [2026-03-28T15:24:55.862+0500] {dagbag.py:545} INFO - Filling up the DagBag from /home/abayturar/airflow-project/venv/lib/python3.12/site-packages/airflow/example_dags/example_kubernetes_executor.py
[2026-03-28T15:24:55.865+0500] {logging_mixin.py:188} INFO - [2026-03-28T15:24:55.865+0500] {example_kubernetes_executor.py:39} WARNING - The example_kubernetes_executor example DAG requires the kubernetes provider. Please install it with: pip install apache-airflow[cncf.kubernetes]
[2026-03-28T15:24:55.866+0500] {processor.py:842} WARNING - No viable dags retrieved from /home/abayturar/airflow-project/venv/lib/python3.12/site-packages/airflow/example_dags/example_kubernetes_executor.py
[2026-03-28T15:24:55.876+0500] {processor.py:183} INFO - Processing /home/abayturar/airflow-project/venv/lib/python3.12/site-packages/airflow/example_dags/example_kubernetes_executor.py took 0.022 seconds
[2026-03-28T15:27:17.815+0500] {processor.py:161} INFO - Started process (PID=12826) to work on /home/abayturar/airflow-project/venv/lib/python3.12/site-packages/airflow/example_dags/example_kubernetes_executor.py
[2026-03-28T15:27:17.815+0500] {processor.py:830} INFO - Processing file /home/abayturar/airflow-project/venv/lib/python3.12/site-packages/airflow/example_dags/example_kubernetes_executor.py for tasks to queue
[2026-03-28T15:27:17.817+0500] {logging_mixin.py:188} INFO - [2026-03-28T15:27:17.817+0500] {dagbag.py:545} INFO - Filling up the DagBag from /home/abayturar/airflow-project/venv/lib/python3.12/site-packages/airflow/example_dags/example_kubernetes_executor.py
[2026-03-28T15:27:17.820+0500] {logging_mixin.py:188} INFO - [2026-03-28T15:27:17.820+0500] {example_kubernetes_executor.py:39} WARNING - The example_kubernetes_executor example DAG requires the kubernetes provider. Please install it with: pip install apache-airflow[cncf.kubernetes]
[2026-03-28T15:27:17.820+0500] {processor.py:842} WARNING - No viable dags retrieved from /home/abayturar/airflow-project/venv/lib/python3.12/site-packages/airflow/example_dags/example_kubernetes_executor.py
[2026-03-28T15:27:17.831+0500] {processor.py:183} INFO - Processing /home/abayturar/airflow-project/venv/lib/python3.12/site-packages/airflow/example_dags/example_kubernetes_executor.py took 0.022 seconds
[2026-03-28T18:17:53.309+0500] {processor.py:161} INFO - Started process (PID=17955) to work on /home/abayturar/airflow-project/venv/lib/python3.12/site-packages/airflow/example_dags/example_kubernetes_executor.py
[2026-03-28T18:17:53.311+0500] {processor.py:830} INFO - Processing file /home/abayturar/airflow-project/venv/lib/python3.12/site-packages/airflow/example_dags/example_kubernetes_executor.py for tasks to queue
[2026-03-28T18:17:53.313+0500] {logging_mixin.py:188} INFO - [2026-03-28T18:17:53.312+0500] {dagbag.py:545} INFO - Filling up the DagBag from /home/abayturar/airflow-project/venv/lib/python3.12/site-packages/airflow/example_dags/example_kubernetes_executor.py
[2026-03-28T18:17:53.315+0500] {logging_mixin.py:188} INFO - [2026-03-28T18:17:53.315+0500] {example_kubernetes_executor.py:39} WARNING - The example_kubernetes_executor example DAG requires the kubernetes provider. Please install it with: pip install apache-airflow[cncf.kubernetes]
[2026-03-28T18:17:53.316+0500] {processor.py:842} WARNING - No viable dags retrieved from /home/abayturar/airflow-project/venv/lib/python3.12/site-packages/airflow/example_dags/example_kubernetes_executor.py
[2026-03-28T18:17:53.327+0500] {processor.py:183} INFO - Processing /home/abayturar/airflow-project/venv/lib/python3.12/site-packages/airflow/example_dags/example_kubernetes_executor.py took 0.023 seconds
[2026-03-28T18:18:53.840+0500] {processor.py:161} INFO - Started process (PID=18133) to work on /home/abayturar/airflow-project/venv/lib/python3.12/site-packages/airflow/example_dags/example_kubernetes_executor.py
[2026-03-28T18:18:53.840+0500] {processor.py:830} INFO - Processing file /home/abayturar/airflow-project/venv/lib/python3.12/site-packages/airflow/example_dags/example_kubernetes_executor.py for tasks to queue
[2026-03-28T18:18:53.842+0500] {logging_mixin.py:188} INFO - [2026-03-28T18:18:53.842+0500] {dagbag.py:545} INFO - Filling up the DagBag from /home/abayturar/airflow-project/venv/lib/python3.12/site-packages/airflow/example_dags/example_kubernetes_executor.py
[2026-03-28T18:18:53.845+0500] {logging_mixin.py:188} INFO - [2026-03-28T18:18:53.845+0500] {example_kubernetes_executor.py:39} WARNING - The example_kubernetes_executor example DAG requires the kubernetes provider. Please install it with: pip install apache-airflow[cncf.kubernetes]
[2026-03-28T18:18:53.845+0500] {processor.py:842} WARNING - No viable dags retrieved from /home/abayturar/airflow-project/venv/lib/python3.12/site-packages/airflow/example_dags/example_kubernetes_executor.py
[2026-03-28T18:18:53.857+0500] {processor.py:183} INFO - Processing /home/abayturar/airflow-project/venv/lib/python3.12/site-packages/airflow/example_dags/example_kubernetes_executor.py took 0.024 seconds
[2026-03-28T18:22:39.698+0500] {processor.py:161} INFO - Started process (PID=18642) to work on /home/abayturar/airflow-project/venv/lib/python3.12/site-packages/airflow/example_dags/example_kubernetes_executor.py
[2026-03-28T18:22:39.699+0500] {processor.py:830} INFO - Processing file /home/abayturar/airflow-project/venv/lib/python3.12/site-packages/airflow/example_dags/example_kubernetes_executor.py for tasks to queue
[2026-03-28T18:22:39.701+0500] {logging_mixin.py:188} INFO - [2026-03-28T18:22:39.701+0500] {dagbag.py:545} INFO - Filling up the DagBag from /home/abayturar/airflow-project/venv/lib/python3.12/site-packages/airflow/example_dags/example_kubernetes_executor.py
[2026-03-28T18:22:39.704+0500] {logging_mixin.py:188} INFO - [2026-03-28T18:22:39.704+0500] {example_kubernetes_executor.py:39} WARNING - The example_kubernetes_executor example DAG requires the kubernetes provider. Please install it with: pip install apache-airflow[cncf.kubernetes]
[2026-03-28T18:22:39.705+0500] {processor.py:842} WARNING - No viable dags retrieved from /home/abayturar/airflow-project/venv/lib/python3.12/site-packages/airflow/example_dags/example_kubernetes_executor.py
[2026-03-28T18:22:39.716+0500] {processor.py:183} INFO - Processing /home/abayturar/airflow-project/venv/lib/python3.12/site-packages/airflow/example_dags/example_kubernetes_executor.py took 0.024 seconds
[2026-03-28T18:23:31.688+0500] {processor.py:161} INFO - Started process (PID=18783) to work on /home/abayturar/airflow-project/venv/lib/python3.12/site-packages/airflow/example_dags/example_kubernetes_executor.py
[2026-03-28T18:23:31.689+0500] {processor.py:830} INFO - Processing file /home/abayturar/airflow-project/venv/lib/python3.12/site-packages/airflow/example_dags/example_kubernetes_executor.py for tasks to queue
[2026-03-28T18:23:31.691+0500] {logging_mixin.py:188} INFO - [2026-03-28T18:23:31.690+0500] {dagbag.py:545} INFO - Filling up the DagBag from /home/abayturar/airflow-project/venv/lib/python3.12/site-packages/airflow/example_dags/example_kubernetes_executor.py
[2026-03-28T18:23:31.694+0500] {logging_mixin.py:188} INFO - [2026-03-28T18:23:31.694+0500] {example_kubernetes_executor.py:39} WARNING - The example_kubernetes_executor example DAG requires the kubernetes provider. Please install it with: pip install apache-airflow[cncf.kubernetes]
[2026-03-28T18:23:31.694+0500] {processor.py:842} WARNING - No viable dags retrieved from /home/abayturar/airflow-project/venv/lib/python3.12/site-packages/airflow/example_dags/example_kubernetes_executor.py
[2026-03-28T18:23:31.706+0500] {processor.py:183} INFO - Processing /home/abayturar/airflow-project/venv/lib/python3.12/site-packages/airflow/example_dags/example_kubernetes_executor.py took 0.024 seconds
[2026-03-28T18:24:25.017+0500] {processor.py:161} INFO - Started process (PID=18922) to work on /home/abayturar/airflow-project/venv/lib/python3.12/site-packages/airflow/example_dags/example_kubernetes_executor.py
[2026-03-28T18:24:25.018+0500] {processor.py:830} INFO - Processing file /home/abayturar/airflow-project/venv/lib/python3.12/site-packages/airflow/example_dags/example_kubernetes_executor.py for tasks to queue
[2026-03-28T18:24:25.019+0500] {logging_mixin.py:188} INFO - [2026-03-28T18:24:25.019+0500] {dagbag.py:545} INFO - Filling up the DagBag from /home/abayturar/airflow-project/venv/lib/python3.12/site-packages/airflow/example_dags/example_kubernetes_executor.py
[2026-03-28T18:24:25.022+0500] {logging_mixin.py:188} INFO - [2026-03-28T18:24:25.022+0500] {example_kubernetes_executor.py:39} WARNING - The example_kubernetes_executor example DAG requires the kubernetes provider. Please install it with: pip install apache-airflow[cncf.kubernetes]
[2026-03-28T18:24:25.022+0500] {processor.py:842} WARNING - No viable dags retrieved from /home/abayturar/airflow-project/venv/lib/python3.12/site-packages/airflow/example_dags/example_kubernetes_executor.py
[2026-03-28T18:24:25.033+0500] {processor.py:183} INFO - Processing /home/abayturar/airflow-project/venv/lib/python3.12/site-packages/airflow/example_dags/example_kubernetes_executor.py took 0.022 seconds
[2026-03-28T18:25:10.481+0500] {processor.py:161} INFO - Started process (PID=19048) to work on /home/abayturar/airflow-project/venv/lib/python3.12/site-packages/airflow/example_dags/example_kubernetes_executor.py
[2026-03-28T18:25:10.482+0500] {processor.py:830} INFO - Processing file /home/abayturar/airflow-project/venv/lib/python3.12/site-packages/airflow/example_dags/example_kubernetes_executor.py for tasks to queue
[2026-03-28T18:25:10.484+0500] {logging_mixin.py:188} INFO - [2026-03-28T18:25:10.484+0500] {dagbag.py:545} INFO - Filling up the DagBag from /home/abayturar/airflow-project/venv/lib/python3.12/site-packages/airflow/example_dags/example_kubernetes_executor.py
[2026-03-28T18:25:10.489+0500] {logging_mixin.py:188} INFO - [2026-03-28T18:25:10.488+0500] {example_kubernetes_executor.py:39} WARNING - The example_kubernetes_executor example DAG requires the kubernetes provider. Please install it with: pip install apache-airflow[cncf.kubernetes]
[2026-03-28T18:25:10.489+0500] {processor.py:842} WARNING - No viable dags retrieved from /home/abayturar/airflow-project/venv/lib/python3.12/site-packages/airflow/example_dags/example_kubernetes_executor.py
[2026-03-28T18:25:10.503+0500] {processor.py:183} INFO - Processing /home/abayturar/airflow-project/venv/lib/python3.12/site-packages/airflow/example_dags/example_kubernetes_executor.py took 0.029 seconds
[2026-03-28T18:26:20.558+0500] {processor.py:161} INFO - Started process (PID=19238) to work on /home/abayturar/airflow-project/venv/lib/python3.12/site-packages/airflow/example_dags/example_kubernetes_executor.py
[2026-03-28T18:26:20.559+0500] {processor.py:830} INFO - Processing file /home/abayturar/airflow-project/venv/lib/python3.12/site-packages/airflow/example_dags/example_kubernetes_executor.py for tasks to queue
[2026-03-28T18:26:20.560+0500] {logging_mixin.py:188} INFO - [2026-03-28T18:26:20.560+0500] {dagbag.py:545} INFO - Filling up the DagBag from /home/abayturar/airflow-project/venv/lib/python3.12/site-packages/airflow/example_dags/example_kubernetes_executor.py
[2026-03-28T18:26:20.563+0500] {logging_mixin.py:188} INFO - [2026-03-28T18:26:20.563+0500] {example_kubernetes_executor.py:39} WARNING - The example_kubernetes_executor example DAG requires the kubernetes provider. Please install it with: pip install apache-airflow[cncf.kubernetes]
[2026-03-28T18:26:20.563+0500] {processor.py:842} WARNING - No viable dags retrieved from /home/abayturar/airflow-project/venv/lib/python3.12/site-packages/airflow/example_dags/example_kubernetes_executor.py
[2026-03-28T18:26:20.574+0500] {processor.py:183} INFO - Processing /home/abayturar/airflow-project/venv/lib/python3.12/site-packages/airflow/example_dags/example_kubernetes_executor.py took 0.022 seconds
[2026-03-28T18:27:07.755+0500] {processor.py:161} INFO - Started process (PID=19364) to work on /home/abayturar/airflow-project/venv/lib/python3.12/site-packages/airflow/example_dags/example_kubernetes_executor.py
[2026-03-28T18:27:07.756+0500] {processor.py:830} INFO - Processing file /home/abayturar/airflow-project/venv/lib/python3.12/site-packages/airflow/example_dags/example_kubernetes_executor.py for tasks to queue
[2026-03-28T18:27:07.757+0500] {logging_mixin.py:188} INFO - [2026-03-28T18:27:07.757+0500] {dagbag.py:545} INFO - Filling up the DagBag from /home/abayturar/airflow-project/venv/lib/python3.12/site-packages/airflow/example_dags/example_kubernetes_executor.py
[2026-03-28T18:27:07.760+0500] {logging_mixin.py:188} INFO - [2026-03-28T18:27:07.760+0500] {example_kubernetes_executor.py:39} WARNING - The example_kubernetes_executor example DAG requires the kubernetes provider. Please install it with: pip install apache-airflow[cncf.kubernetes]
[2026-03-28T18:27:07.760+0500] {processor.py:842} WARNING - No viable dags retrieved from /home/abayturar/airflow-project/venv/lib/python3.12/site-packages/airflow/example_dags/example_kubernetes_executor.py
[2026-03-28T18:27:07.772+0500] {processor.py:183} INFO - Processing /home/abayturar/airflow-project/venv/lib/python3.12/site-packages/airflow/example_dags/example_kubernetes_executor.py took 0.023 seconds
[2026-03-28T18:28:00.557+0500] {processor.py:161} INFO - Started process (PID=19516) to work on /home/abayturar/airflow-project/venv/lib/python3.12/site-packages/airflow/example_dags/example_kubernetes_executor.py
[2026-03-28T18:28:00.558+0500] {processor.py:830} INFO - Processing file /home/abayturar/airflow-project/venv/lib/python3.12/site-packages/airflow/example_dags/example_kubernetes_executor.py for tasks to queue
[2026-03-28T18:28:00.560+0500] {logging_mixin.py:188} INFO - [2026-03-28T18:28:00.560+0500] {dagbag.py:545} INFO - Filling up the DagBag from /home/abayturar/airflow-project/venv/lib/python3.12/site-packages/airflow/example_dags/example_kubernetes_executor.py
[2026-03-28T18:28:00.563+0500] {logging_mixin.py:188} INFO - [2026-03-28T18:28:00.563+0500] {example_kubernetes_executor.py:39} WARNING - The example_kubernetes_executor example DAG requires the kubernetes provider. Please install it with: pip install apache-airflow[cncf.kubernetes]
[2026-03-28T18:28:00.563+0500] {processor.py:842} WARNING - No viable dags retrieved from /home/abayturar/airflow-project/venv/lib/python3.12/site-packages/airflow/example_dags/example_kubernetes_executor.py
[2026-03-28T18:28:00.575+0500] {processor.py:183} INFO - Processing /home/abayturar/airflow-project/venv/lib/python3.12/site-packages/airflow/example_dags/example_kubernetes_executor.py took 0.024 seconds
[2026-03-28T18:28:54.911+0500] {processor.py:161} INFO - Started process (PID=19658) to work on /home/abayturar/airflow-project/venv/lib/python3.12/site-packages/airflow/example_dags/example_kubernetes_executor.py
[2026-03-28T18:28:54.912+0500] {processor.py:830} INFO - Processing file /home/abayturar/airflow-project/venv/lib/python3.12/site-packages/airflow/example_dags/example_kubernetes_executor.py for tasks to queue
[2026-03-28T18:28:54.914+0500] {logging_mixin.py:188} INFO - [2026-03-28T18:28:54.914+0500] {dagbag.py:545} INFO - Filling up the DagBag from /home/abayturar/airflow-project/venv/lib/python3.12/site-packages/airflow/example_dags/example_kubernetes_executor.py
[2026-03-28T18:28:54.917+0500] {logging_mixin.py:188} INFO - [2026-03-28T18:28:54.917+0500] {example_kubernetes_executor.py:39} WARNING - The example_kubernetes_executor example DAG requires the kubernetes provider. Please install it with: pip install apache-airflow[cncf.kubernetes]
[2026-03-28T18:28:54.917+0500] {processor.py:842} WARNING - No viable dags retrieved from /home/abayturar/airflow-project/venv/lib/python3.12/site-packages/airflow/example_dags/example_kubernetes_executor.py
[2026-03-28T18:28:54.931+0500] {processor.py:183} INFO - Processing /home/abayturar/airflow-project/venv/lib/python3.12/site-packages/airflow/example_dags/example_kubernetes_executor.py took 0.027 seconds
[2026-03-28T18:29:45.655+0500] {processor.py:161} INFO - Started process (PID=19791) to work on /home/abayturar/airflow-project/venv/lib/python3.12/site-packages/airflow/example_dags/example_kubernetes_executor.py
[2026-03-28T18:29:45.657+0500] {processor.py:830} INFO - Processing file /home/abayturar/airflow-project/venv/lib/python3.12/site-packages/airflow/example_dags/example_kubernetes_executor.py for tasks to queue
[2026-03-28T18:29:45.659+0500] {logging_mixin.py:188} INFO - [2026-03-28T18:29:45.659+0500] {dagbag.py:545} INFO - Filling up the DagBag from /home/abayturar/airflow-project/venv/lib/python3.12/site-packages/airflow/example_dags/example_kubernetes_executor.py
[2026-03-28T18:29:45.662+0500] {logging_mixin.py:188} INFO - [2026-03-28T18:29:45.662+0500] {example_kubernetes_executor.py:39} WARNING - The example_kubernetes_executor example DAG requires the kubernetes provider. Please install it with: pip install apache-airflow[cncf.kubernetes]
[2026-03-28T18:29:45.662+0500] {processor.py:842} WARNING - No viable dags retrieved from /home/abayturar/airflow-project/venv/lib/python3.12/site-packages/airflow/example_dags/example_kubernetes_executor.py
[2026-03-28T18:29:45.676+0500] {processor.py:183} INFO - Processing /home/abayturar/airflow-project/venv/lib/python3.12/site-packages/airflow/example_dags/example_kubernetes_executor.py took 0.027 seconds
[2026-03-28T18:30:34.255+0500] {processor.py:161} INFO - Started process (PID=19921) to work on /home/abayturar/airflow-project/venv/lib/python3.12/site-packages/airflow/example_dags/example_kubernetes_executor.py
[2026-03-28T18:30:34.256+0500] {processor.py:830} INFO - Processing file /home/abayturar/airflow-project/venv/lib/python3.12/site-packages/airflow/example_dags/example_kubernetes_executor.py for tasks to queue
[2026-03-28T18:30:34.258+0500] {logging_mixin.py:188} INFO - [2026-03-28T18:30:34.257+0500] {dagbag.py:545} INFO - Filling up the DagBag from /home/abayturar/airflow-project/venv/lib/python3.12/site-packages/airflow/example_dags/example_kubernetes_executor.py
[2026-03-28T18:30:34.261+0500] {logging_mixin.py:188} INFO - [2026-03-28T18:30:34.261+0500] {example_kubernetes_executor.py:39} WARNING - The example_kubernetes_executor example DAG requires the kubernetes provider. Please install it with: pip install apache-airflow[cncf.kubernetes]
[2026-03-28T18:30:34.261+0500] {processor.py:842} WARNING - No viable dags retrieved from /home/abayturar/airflow-project/venv/lib/python3.12/site-packages/airflow/example_dags/example_kubernetes_executor.py
[2026-03-28T18:30:34.272+0500] {processor.py:183} INFO - Processing /home/abayturar/airflow-project/venv/lib/python3.12/site-packages/airflow/example_dags/example_kubernetes_executor.py took 0.023 seconds
[2026-03-28T18:31:42.661+0500] {processor.py:161} INFO - Started process (PID=20111) to work on /home/abayturar/airflow-project/venv/lib/python3.12/site-packages/airflow/example_dags/example_kubernetes_executor.py
[2026-03-28T18:31:42.662+0500] {processor.py:830} INFO - Processing file /home/abayturar/airflow-project/venv/lib/python3.12/site-packages/airflow/example_dags/example_kubernetes_executor.py for tasks to queue
[2026-03-28T18:31:42.664+0500] {logging_mixin.py:188} INFO - [2026-03-28T18:31:42.663+0500] {dagbag.py:545} INFO - Filling up the DagBag from /home/abayturar/airflow-project/venv/lib/python3.12/site-packages/airflow/example_dags/example_kubernetes_executor.py
[2026-03-28T18:31:42.667+0500] {logging_mixin.py:188} INFO - [2026-03-28T18:31:42.667+0500] {example_kubernetes_executor.py:39} WARNING - The example_kubernetes_executor example DAG requires the kubernetes provider. Please install it with: pip install apache-airflow[cncf.kubernetes]
[2026-03-28T18:31:42.667+0500] {processor.py:842} WARNING - No viable dags retrieved from /home/abayturar/airflow-project/venv/lib/python3.12/site-packages/airflow/example_dags/example_kubernetes_executor.py
[2026-03-28T18:31:42.680+0500] {processor.py:183} INFO - Processing /home/abayturar/airflow-project/venv/lib/python3.12/site-packages/airflow/example_dags/example_kubernetes_executor.py took 0.025 seconds
[2026-03-28T18:32:49.996+0500] {processor.py:161} INFO - Started process (PID=20295) to work on /home/abayturar/airflow-project/venv/lib/python3.12/site-packages/airflow/example_dags/example_kubernetes_executor.py
[2026-03-28T18:32:49.997+0500] {processor.py:830} INFO - Processing file /home/abayturar/airflow-project/venv/lib/python3.12/site-packages/airflow/example_dags/example_kubernetes_executor.py for tasks to queue
[2026-03-28T18:32:49.998+0500] {logging_mixin.py:188} INFO - [2026-03-28T18:32:49.998+0500] {dagbag.py:545} INFO - Filling up the DagBag from /home/abayturar/airflow-project/venv/lib/python3.12/site-packages/airflow/example_dags/example_kubernetes_executor.py
[2026-03-28T18:32:50.001+0500] {logging_mixin.py:188} INFO - [2026-03-28T18:32:50.001+0500] {example_kubernetes_executor.py:39} WARNING - The example_kubernetes_executor example DAG requires the kubernetes provider. Please install it with: pip install apache-airflow[cncf.kubernetes]
[2026-03-28T18:32:50.001+0500] {processor.py:842} WARNING - No viable dags retrieved from /home/abayturar/airflow-project/venv/lib/python3.12/site-packages/airflow/example_dags/example_kubernetes_executor.py
[2026-03-28T18:32:50.013+0500] {processor.py:183} INFO - Processing /home/abayturar/airflow-project/venv/lib/python3.12/site-packages/airflow/example_dags/example_kubernetes_executor.py took 0.023 seconds
[2026-03-28T18:33:42.069+0500] {processor.py:161} INFO - Started process (PID=20431) to work on /home/abayturar/airflow-project/venv/lib/python3.12/site-packages/airflow/example_dags/example_kubernetes_executor.py
[2026-03-28T18:33:42.070+0500] {processor.py:830} INFO - Processing file /home/abayturar/airflow-project/venv/lib/python3.12/site-packages/airflow/example_dags/example_kubernetes_executor.py for tasks to queue
[2026-03-28T18:33:42.072+0500] {logging_mixin.py:188} INFO - [2026-03-28T18:33:42.071+0500] {dagbag.py:545} INFO - Filling up the DagBag from /home/abayturar/airflow-project/venv/lib/python3.12/site-packages/airflow/example_dags/example_kubernetes_executor.py
[2026-03-28T18:33:42.075+0500] {logging_mixin.py:188} INFO - [2026-03-28T18:33:42.075+0500] {example_kubernetes_executor.py:39} WARNING - The example_kubernetes_executor example DAG requires the kubernetes provider. Please install it with: pip install apache-airflow[cncf.kubernetes]
[2026-03-28T18:33:42.075+0500] {processor.py:842} WARNING - No viable dags retrieved from /home/abayturar/airflow-project/venv/lib/python3.12/site-packages/airflow/example_dags/example_kubernetes_executor.py
[2026-03-28T18:33:42.086+0500] {processor.py:183} INFO - Processing /home/abayturar/airflow-project/venv/lib/python3.12/site-packages/airflow/example_dags/example_kubernetes_executor.py took 0.022 seconds
[2026-03-28T18:34:33.602+0500] {processor.py:161} INFO - Started process (PID=20583) to work on /home/abayturar/airflow-project/venv/lib/python3.12/site-packages/airflow/example_dags/example_kubernetes_executor.py
[2026-03-28T18:34:33.602+0500] {processor.py:830} INFO - Processing file /home/abayturar/airflow-project/venv/lib/python3.12/site-packages/airflow/example_dags/example_kubernetes_executor.py for tasks to queue
[2026-03-28T18:34:33.604+0500] {logging_mixin.py:188} INFO - [2026-03-28T18:34:33.604+0500] {dagbag.py:545} INFO - Filling up the DagBag from /home/abayturar/airflow-project/venv/lib/python3.12/site-packages/airflow/example_dags/example_kubernetes_executor.py
[2026-03-28T18:34:33.607+0500] {logging_mixin.py:188} INFO - [2026-03-28T18:34:33.607+0500] {example_kubernetes_executor.py:39} WARNING - The example_kubernetes_executor example DAG requires the kubernetes provider. Please install it with: pip install apache-airflow[cncf.kubernetes]
[2026-03-28T18:34:33.607+0500] {processor.py:842} WARNING - No viable dags retrieved from /home/abayturar/airflow-project/venv/lib/python3.12/site-packages/airflow/example_dags/example_kubernetes_executor.py
[2026-03-28T18:34:33.618+0500] {processor.py:183} INFO - Processing /home/abayturar/airflow-project/venv/lib/python3.12/site-packages/airflow/example_dags/example_kubernetes_executor.py took 0.022 seconds
[2026-03-28T18:35:23.948+0500] {processor.py:161} INFO - Started process (PID=20720) to work on /home/abayturar/airflow-project/venv/lib/python3.12/site-packages/airflow/example_dags/example_kubernetes_executor.py
[2026-03-28T18:35:23.948+0500] {processor.py:830} INFO - Processing file /home/abayturar/airflow-project/venv/lib/python3.12/site-packages/airflow/example_dags/example_kubernetes_executor.py for tasks to queue
[2026-03-28T18:35:23.950+0500] {logging_mixin.py:188} INFO - [2026-03-28T18:35:23.950+0500] {dagbag.py:545} INFO - Filling up the DagBag from /home/abayturar/airflow-project/venv/lib/python3.12/site-packages/airflow/example_dags/example_kubernetes_executor.py
[2026-03-28T18:35:23.953+0500] {logging_mixin.py:188} INFO - [2026-03-28T18:35:23.953+0500] {example_kubernetes_executor.py:39} WARNING - The example_kubernetes_executor example DAG requires the kubernetes provider. Please install it with: pip install apache-airflow[cncf.kubernetes]
[2026-03-28T18:35:23.953+0500] {processor.py:842} WARNING - No viable dags retrieved from /home/abayturar/airflow-project/venv/lib/python3.12/site-packages/airflow/example_dags/example_kubernetes_executor.py
[2026-03-28T18:35:23.964+0500] {processor.py:183} INFO - Processing /home/abayturar/airflow-project/venv/lib/python3.12/site-packages/airflow/example_dags/example_kubernetes_executor.py took 0.023 seconds
[2026-03-28T18:36:13.757+0500] {processor.py:161} INFO - Started process (PID=20862) to work on /home/abayturar/airflow-project/venv/lib/python3.12/site-packages/airflow/example_dags/example_kubernetes_executor.py
[2026-03-28T18:36:13.758+0500] {processor.py:830} INFO - Processing file /home/abayturar/airflow-project/venv/lib/python3.12/site-packages/airflow/example_dags/example_kubernetes_executor.py for tasks to queue
[2026-03-28T18:36:13.760+0500] {logging_mixin.py:188} INFO - [2026-03-28T18:36:13.760+0500] {dagbag.py:545} INFO - Filling up the DagBag from /home/abayturar/airflow-project/venv/lib/python3.12/site-packages/airflow/example_dags/example_kubernetes_executor.py
[2026-03-28T18:36:13.763+0500] {logging_mixin.py:188} INFO - [2026-03-28T18:36:13.763+0500] {example_kubernetes_executor.py:39} WARNING - The example_kubernetes_executor example DAG requires the kubernetes provider. Please install it with: pip install apache-airflow[cncf.kubernetes]
[2026-03-28T18:36:13.763+0500] {processor.py:842} WARNING - No viable dags retrieved from /home/abayturar/airflow-project/venv/lib/python3.12/site-packages/airflow/example_dags/example_kubernetes_executor.py
[2026-03-28T18:36:13.775+0500] {processor.py:183} INFO - Processing /home/abayturar/airflow-project/venv/lib/python3.12/site-packages/airflow/example_dags/example_kubernetes_executor.py took 0.024 seconds
[2026-03-28T18:37:10.815+0500] {processor.py:161} INFO - Started process (PID=21026) to work on /home/abayturar/airflow-project/venv/lib/python3.12/site-packages/airflow/example_dags/example_kubernetes_executor.py
[2026-03-28T18:37:10.816+0500] {processor.py:830} INFO - Processing file /home/abayturar/airflow-project/venv/lib/python3.12/site-packages/airflow/example_dags/example_kubernetes_executor.py for tasks to queue
[2026-03-28T18:37:10.818+0500] {logging_mixin.py:188} INFO - [2026-03-28T18:37:10.817+0500] {dagbag.py:545} INFO - Filling up the DagBag from /home/abayturar/airflow-project/venv/lib/python3.12/site-packages/airflow/example_dags/example_kubernetes_executor.py
[2026-03-28T18:37:10.821+0500] {logging_mixin.py:188} INFO - [2026-03-28T18:37:10.821+0500] {example_kubernetes_executor.py:39} WARNING - The example_kubernetes_executor example DAG requires the kubernetes provider. Please install it with: pip install apache-airflow[cncf.kubernetes]
[2026-03-28T18:37:10.821+0500] {processor.py:842} WARNING - No viable dags retrieved from /home/abayturar/airflow-project/venv/lib/python3.12/site-packages/airflow/example_dags/example_kubernetes_executor.py
[2026-03-28T18:37:10.833+0500] {processor.py:183} INFO - Processing /home/abayturar/airflow-project/venv/lib/python3.12/site-packages/airflow/example_dags/example_kubernetes_executor.py took 0.025 seconds
[2026-03-28T18:38:04.016+0500] {processor.py:161} INFO - Started process (PID=21165) to work on /home/abayturar/airflow-project/venv/lib/python3.12/site-packages/airflow/example_dags/example_kubernetes_executor.py
[2026-03-28T18:38:04.017+0500] {processor.py:830} INFO - Processing file /home/abayturar/airflow-project/venv/lib/python3.12/site-packages/airflow/example_dags/example_kubernetes_executor.py for tasks to queue
[2026-03-28T18:38:04.019+0500] {logging_mixin.py:188} INFO - [2026-03-28T18:38:04.018+0500] {dagbag.py:545} INFO - Filling up the DagBag from /home/abayturar/airflow-project/venv/lib/python3.12/site-packages/airflow/example_dags/example_kubernetes_executor.py
[2026-03-28T18:38:04.022+0500] {logging_mixin.py:188} INFO - [2026-03-28T18:38:04.022+0500] {example_kubernetes_executor.py:39} WARNING - The example_kubernetes_executor example DAG requires the kubernetes provider. Please install it with: pip install apache-airflow[cncf.kubernetes]
[2026-03-28T18:38:04.022+0500] {processor.py:842} WARNING - No viable dags retrieved from /home/abayturar/airflow-project/venv/lib/python3.12/site-packages/airflow/example_dags/example_kubernetes_executor.py
[2026-03-28T18:38:04.035+0500] {processor.py:183} INFO - Processing /home/abayturar/airflow-project/venv/lib/python3.12/site-packages/airflow/example_dags/example_kubernetes_executor.py took 0.025 seconds
[2026-03-28T18:38:53.137+0500] {processor.py:161} INFO - Started process (PID=21294) to work on /home/abayturar/airflow-project/venv/lib/python3.12/site-packages/airflow/example_dags/example_kubernetes_executor.py
[2026-03-28T18:38:53.138+0500] {processor.py:830} INFO - Processing file /home/abayturar/airflow-project/venv/lib/python3.12/site-packages/airflow/example_dags/example_kubernetes_executor.py for tasks to queue
[2026-03-28T18:38:53.140+0500] {logging_mixin.py:188} INFO - [2026-03-28T18:38:53.140+0500] {dagbag.py:545} INFO - Filling up the DagBag from /home/abayturar/airflow-project/venv/lib/python3.12/site-packages/airflow/example_dags/example_kubernetes_executor.py
[2026-03-28T18:38:53.143+0500] {logging_mixin.py:188} INFO - [2026-03-28T18:38:53.143+0500] {example_kubernetes_executor.py:39} WARNING - The example_kubernetes_executor example DAG requires the kubernetes provider. Please install it with: pip install apache-airflow[cncf.kubernetes]
[2026-03-28T18:38:53.143+0500] {processor.py:842} WARNING - No viable dags retrieved from /home/abayturar/airflow-project/venv/lib/python3.12/site-packages/airflow/example_dags/example_kubernetes_executor.py
[2026-03-28T18:38:53.155+0500] {processor.py:183} INFO - Processing /home/abayturar/airflow-project/venv/lib/python3.12/site-packages/airflow/example_dags/example_kubernetes_executor.py took 0.023 seconds
[2026-03-28T18:39:44.598+0500] {processor.py:161} INFO - Started process (PID=21432) to work on /home/abayturar/airflow-project/venv/lib/python3.12/site-packages/airflow/example_dags/example_kubernetes_executor.py
[2026-03-28T18:39:44.599+0500] {processor.py:830} INFO - Processing file /home/abayturar/airflow-project/venv/lib/python3.12/site-packages/airflow/example_dags/example_kubernetes_executor.py for tasks to queue
[2026-03-28T18:39:44.602+0500] {logging_mixin.py:188} INFO - [2026-03-28T18:39:44.602+0500] {dagbag.py:545} INFO - Filling up the DagBag from /home/abayturar/airflow-project/venv/lib/python3.12/site-packages/airflow/example_dags/example_kubernetes_executor.py
[2026-03-28T18:39:44.606+0500] {logging_mixin.py:188} INFO - [2026-03-28T18:39:44.606+0500] {example_kubernetes_executor.py:39} WARNING - The example_kubernetes_executor example DAG requires the kubernetes provider. Please install it with: pip install apache-airflow[cncf.kubernetes]
[2026-03-28T18:39:44.606+0500] {processor.py:842} WARNING - No viable dags retrieved from /home/abayturar/airflow-project/venv/lib/python3.12/site-packages/airflow/example_dags/example_kubernetes_executor.py
[2026-03-28T18:39:44.622+0500] {processor.py:183} INFO - Processing /home/abayturar/airflow-project/venv/lib/python3.12/site-packages/airflow/example_dags/example_kubernetes_executor.py took 0.032 seconds
[2026-03-28T18:40:35.696+0500] {processor.py:161} INFO - Started process (PID=21568) to work on /home/abayturar/airflow-project/venv/lib/python3.12/site-packages/airflow/example_dags/example_kubernetes_executor.py
[2026-03-28T18:40:35.697+0500] {processor.py:830} INFO - Processing file /home/abayturar/airflow-project/venv/lib/python3.12/site-packages/airflow/example_dags/example_kubernetes_executor.py for tasks to queue
[2026-03-28T18:40:35.698+0500] {logging_mixin.py:188} INFO - [2026-03-28T18:40:35.698+0500] {dagbag.py:545} INFO - Filling up the DagBag from /home/abayturar/airflow-project/venv/lib/python3.12/site-packages/airflow/example_dags/example_kubernetes_executor.py
[2026-03-28T18:40:35.701+0500] {logging_mixin.py:188} INFO - [2026-03-28T18:40:35.701+0500] {example_kubernetes_executor.py:39} WARNING - The example_kubernetes_executor example DAG requires the kubernetes provider. Please install it with: pip install apache-airflow[cncf.kubernetes]
[2026-03-28T18:40:35.701+0500] {processor.py:842} WARNING - No viable dags retrieved from /home/abayturar/airflow-project/venv/lib/python3.12/site-packages/airflow/example_dags/example_kubernetes_executor.py
[2026-03-28T18:40:35.713+0500] {processor.py:183} INFO - Processing /home/abayturar/airflow-project/venv/lib/python3.12/site-packages/airflow/example_dags/example_kubernetes_executor.py took 0.024 seconds
[2026-03-28T18:41:39.130+0500] {processor.py:161} INFO - Started process (PID=21783) to work on /home/abayturar/airflow-project/venv/lib/python3.12/site-packages/airflow/example_dags/example_kubernetes_executor.py
[2026-03-28T18:41:39.131+0500] {processor.py:830} INFO - Processing file /home/abayturar/airflow-project/venv/lib/python3.12/site-packages/airflow/example_dags/example_kubernetes_executor.py for tasks to queue
[2026-03-28T18:41:39.132+0500] {logging_mixin.py:188} INFO - [2026-03-28T18:41:39.132+0500] {dagbag.py:545} INFO - Filling up the DagBag from /home/abayturar/airflow-project/venv/lib/python3.12/site-packages/airflow/example_dags/example_kubernetes_executor.py
[2026-03-28T18:41:39.135+0500] {logging_mixin.py:188} INFO - [2026-03-28T18:41:39.135+0500] {example_kubernetes_executor.py:39} WARNING - The example_kubernetes_executor example DAG requires the kubernetes provider. Please install it with: pip install apache-airflow[cncf.kubernetes]
[2026-03-28T18:41:39.135+0500] {processor.py:842} WARNING - No viable dags retrieved from /home/abayturar/airflow-project/venv/lib/python3.12/site-packages/airflow/example_dags/example_kubernetes_executor.py
[2026-03-28T18:41:39.146+0500] {processor.py:183} INFO - Processing /home/abayturar/airflow-project/venv/lib/python3.12/site-packages/airflow/example_dags/example_kubernetes_executor.py took 0.022 seconds
[2026-03-28T18:42:37.532+0500] {processor.py:161} INFO - Started process (PID=21942) to work on /home/abayturar/airflow-project/venv/lib/python3.12/site-packages/airflow/example_dags/example_kubernetes_executor.py
[2026-03-28T18:42:37.534+0500] {processor.py:830} INFO - Processing file /home/abayturar/airflow-project/venv/lib/python3.12/site-packages/airflow/example_dags/example_kubernetes_executor.py for tasks to queue
[2026-03-28T18:42:37.536+0500] {logging_mixin.py:188} INFO - [2026-03-28T18:42:37.536+0500] {dagbag.py:545} INFO - Filling up the DagBag from /home/abayturar/airflow-project/venv/lib/python3.12/site-packages/airflow/example_dags/example_kubernetes_executor.py
[2026-03-28T18:42:37.541+0500] {logging_mixin.py:188} INFO - [2026-03-28T18:42:37.540+0500] {example_kubernetes_executor.py:39} WARNING - The example_kubernetes_executor example DAG requires the kubernetes provider. Please install it with: pip install apache-airflow[cncf.kubernetes]
[2026-03-28T18:42:37.542+0500] {processor.py:842} WARNING - No viable dags retrieved from /home/abayturar/airflow-project/venv/lib/python3.12/site-packages/airflow/example_dags/example_kubernetes_executor.py
[2026-03-28T18:42:37.556+0500] {processor.py:183} INFO - Processing /home/abayturar/airflow-project/venv/lib/python3.12/site-packages/airflow/example_dags/example_kubernetes_executor.py took 0.032 seconds
[2026-03-28T18:43:25.748+0500] {processor.py:161} INFO - Started process (PID=22112) to work on /home/abayturar/airflow-project/venv/lib/python3.12/site-packages/airflow/example_dags/example_kubernetes_executor.py
[2026-03-28T18:43:25.748+0500] {processor.py:830} INFO - Processing file /home/abayturar/airflow-project/venv/lib/python3.12/site-packages/airflow/example_dags/example_kubernetes_executor.py for tasks to queue
[2026-03-28T18:43:25.750+0500] {logging_mixin.py:188} INFO - [2026-03-28T18:43:25.750+0500] {dagbag.py:545} INFO - Filling up the DagBag from /home/abayturar/airflow-project/venv/lib/python3.12/site-packages/airflow/example_dags/example_kubernetes_executor.py
[2026-03-28T18:43:25.753+0500] {logging_mixin.py:188} INFO - [2026-03-28T18:43:25.753+0500] {example_kubernetes_executor.py:39} WARNING - The example_kubernetes_executor example DAG requires the kubernetes provider. Please install it with: pip install apache-airflow[cncf.kubernetes]
[2026-03-28T18:43:25.753+0500] {processor.py:842} WARNING - No viable dags retrieved from /home/abayturar/airflow-project/venv/lib/python3.12/site-packages/airflow/example_dags/example_kubernetes_executor.py
[2026-03-28T18:43:25.764+0500] {processor.py:183} INFO - Processing /home/abayturar/airflow-project/venv/lib/python3.12/site-packages/airflow/example_dags/example_kubernetes_executor.py took 0.022 seconds
[2026-03-28T18:44:15.866+0500] {processor.py:161} INFO - Started process (PID=22243) to work on /home/abayturar/airflow-project/venv/lib/python3.12/site-packages/airflow/example_dags/example_kubernetes_executor.py
[2026-03-28T18:44:15.868+0500] {processor.py:830} INFO - Processing file /home/abayturar/airflow-project/venv/lib/python3.12/site-packages/airflow/example_dags/example_kubernetes_executor.py for tasks to queue
[2026-03-28T18:44:15.870+0500] {logging_mixin.py:188} INFO - [2026-03-28T18:44:15.869+0500] {dagbag.py:545} INFO - Filling up the DagBag from /home/abayturar/airflow-project/venv/lib/python3.12/site-packages/airflow/example_dags/example_kubernetes_executor.py
[2026-03-28T18:44:15.874+0500] {logging_mixin.py:188} INFO - [2026-03-28T18:44:15.874+0500] {example_kubernetes_executor.py:39} WARNING - The example_kubernetes_executor example DAG requires the kubernetes provider. Please install it with: pip install apache-airflow[cncf.kubernetes]
[2026-03-28T18:44:15.875+0500] {processor.py:842} WARNING - No viable dags retrieved from /home/abayturar/airflow-project/venv/lib/python3.12/site-packages/airflow/example_dags/example_kubernetes_executor.py
[2026-03-28T18:44:15.890+0500] {processor.py:183} INFO - Processing /home/abayturar/airflow-project/venv/lib/python3.12/site-packages/airflow/example_dags/example_kubernetes_executor.py took 0.031 seconds
[2026-03-28T18:45:04.674+0500] {processor.py:161} INFO - Started process (PID=22374) to work on /home/abayturar/airflow-project/venv/lib/python3.12/site-packages/airflow/example_dags/example_kubernetes_executor.py
[2026-03-28T18:45:04.674+0500] {processor.py:830} INFO - Processing file /home/abayturar/airflow-project/venv/lib/python3.12/site-packages/airflow/example_dags/example_kubernetes_executor.py for tasks to queue
[2026-03-28T18:45:04.676+0500] {logging_mixin.py:188} INFO - [2026-03-28T18:45:04.676+0500] {dagbag.py:545} INFO - Filling up the DagBag from /home/abayturar/airflow-project/venv/lib/python3.12/site-packages/airflow/example_dags/example_kubernetes_executor.py
[2026-03-28T18:45:04.679+0500] {logging_mixin.py:188} INFO - [2026-03-28T18:45:04.679+0500] {example_kubernetes_executor.py:39} WARNING - The example_kubernetes_executor example DAG requires the kubernetes provider. Please install it with: pip install apache-airflow[cncf.kubernetes]
[2026-03-28T18:45:04.679+0500] {processor.py:842} WARNING - No viable dags retrieved from /home/abayturar/airflow-project/venv/lib/python3.12/site-packages/airflow/example_dags/example_kubernetes_executor.py
[2026-03-28T18:45:04.690+0500] {processor.py:183} INFO - Processing /home/abayturar/airflow-project/venv/lib/python3.12/site-packages/airflow/example_dags/example_kubernetes_executor.py took 0.023 seconds
[2026-03-28T18:45:55.161+0500] {processor.py:161} INFO - Started process (PID=22505) to work on /home/abayturar/airflow-project/venv/lib/python3.12/site-packages/airflow/example_dags/example_kubernetes_executor.py
[2026-03-28T18:45:55.161+0500] {processor.py:830} INFO - Processing file /home/abayturar/airflow-project/venv/lib/python3.12/site-packages/airflow/example_dags/example_kubernetes_executor.py for tasks to queue
[2026-03-28T18:45:55.163+0500] {logging_mixin.py:188} INFO - [2026-03-28T18:45:55.163+0500] {dagbag.py:545} INFO - Filling up the DagBag from /home/abayturar/airflow-project/venv/lib/python3.12/site-packages/airflow/example_dags/example_kubernetes_executor.py
[2026-03-28T18:45:55.166+0500] {logging_mixin.py:188} INFO - [2026-03-28T18:45:55.166+0500] {example_kubernetes_executor.py:39} WARNING - The example_kubernetes_executor example DAG requires the kubernetes provider. Please install it with: pip install apache-airflow[cncf.kubernetes]
[2026-03-28T18:45:55.166+0500] {processor.py:842} WARNING - No viable dags retrieved from /home/abayturar/airflow-project/venv/lib/python3.12/site-packages/airflow/example_dags/example_kubernetes_executor.py
[2026-03-28T18:45:55.177+0500] {processor.py:183} INFO - Processing /home/abayturar/airflow-project/venv/lib/python3.12/site-packages/airflow/example_dags/example_kubernetes_executor.py took 0.023 seconds
[2026-03-28T18:46:43.691+0500] {processor.py:161} INFO - Started process (PID=22636) to work on /home/abayturar/airflow-project/venv/lib/python3.12/site-packages/airflow/example_dags/example_kubernetes_executor.py
[2026-03-28T18:46:43.693+0500] {processor.py:830} INFO - Processing file /home/abayturar/airflow-project/venv/lib/python3.12/site-packages/airflow/example_dags/example_kubernetes_executor.py for tasks to queue
[2026-03-28T18:46:43.696+0500] {logging_mixin.py:188} INFO - [2026-03-28T18:46:43.695+0500] {dagbag.py:545} INFO - Filling up the DagBag from /home/abayturar/airflow-project/venv/lib/python3.12/site-packages/airflow/example_dags/example_kubernetes_executor.py
[2026-03-28T18:46:43.699+0500] {logging_mixin.py:188} INFO - [2026-03-28T18:46:43.699+0500] {example_kubernetes_executor.py:39} WARNING - The example_kubernetes_executor example DAG requires the kubernetes provider. Please install it with: pip install apache-airflow[cncf.kubernetes]
[2026-03-28T18:46:43.700+0500] {processor.py:842} WARNING - No viable dags retrieved from /home/abayturar/airflow-project/venv/lib/python3.12/site-packages/airflow/example_dags/example_kubernetes_executor.py
[2026-03-28T18:46:43.717+0500] {processor.py:183} INFO - Processing /home/abayturar/airflow-project/venv/lib/python3.12/site-packages/airflow/example_dags/example_kubernetes_executor.py took 0.033 seconds
[2026-03-28T18:47:54.745+0500] {processor.py:161} INFO - Started process (PID=22820) to work on /home/abayturar/airflow-project/venv/lib/python3.12/site-packages/airflow/example_dags/example_kubernetes_executor.py
[2026-03-28T18:47:54.746+0500] {processor.py:830} INFO - Processing file /home/abayturar/airflow-project/venv/lib/python3.12/site-packages/airflow/example_dags/example_kubernetes_executor.py for tasks to queue
[2026-03-28T18:47:54.748+0500] {logging_mixin.py:188} INFO - [2026-03-28T18:47:54.747+0500] {dagbag.py:545} INFO - Filling up the DagBag from /home/abayturar/airflow-project/venv/lib/python3.12/site-packages/airflow/example_dags/example_kubernetes_executor.py
[2026-03-28T18:47:54.751+0500] {logging_mixin.py:188} INFO - [2026-03-28T18:47:54.751+0500] {example_kubernetes_executor.py:39} WARNING - The example_kubernetes_executor example DAG requires the kubernetes provider. Please install it with: pip install apache-airflow[cncf.kubernetes]
[2026-03-28T18:47:54.751+0500] {processor.py:842} WARNING - No viable dags retrieved from /home/abayturar/airflow-project/venv/lib/python3.12/site-packages/airflow/example_dags/example_kubernetes_executor.py
[2026-03-28T18:47:54.763+0500] {processor.py:183} INFO - Processing /home/abayturar/airflow-project/venv/lib/python3.12/site-packages/airflow/example_dags/example_kubernetes_executor.py took 0.025 seconds
[2026-03-28T18:48:57.229+0500] {processor.py:161} INFO - Started process (PID=22997) to work on /home/abayturar/airflow-project/venv/lib/python3.12/site-packages/airflow/example_dags/example_kubernetes_executor.py
[2026-03-28T18:48:57.230+0500] {processor.py:830} INFO - Processing file /home/abayturar/airflow-project/venv/lib/python3.12/site-packages/airflow/example_dags/example_kubernetes_executor.py for tasks to queue
[2026-03-28T18:48:57.234+0500] {logging_mixin.py:188} INFO - [2026-03-28T18:48:57.233+0500] {dagbag.py:545} INFO - Filling up the DagBag from /home/abayturar/airflow-project/venv/lib/python3.12/site-packages/airflow/example_dags/example_kubernetes_executor.py
[2026-03-28T18:48:57.238+0500] {logging_mixin.py:188} INFO - [2026-03-28T18:48:57.237+0500] {example_kubernetes_executor.py:39} WARNING - The example_kubernetes_executor example DAG requires the kubernetes provider. Please install it with: pip install apache-airflow[cncf.kubernetes]
[2026-03-28T18:48:57.238+0500] {processor.py:842} WARNING - No viable dags retrieved from /home/abayturar/airflow-project/venv/lib/python3.12/site-packages/airflow/example_dags/example_kubernetes_executor.py
[2026-03-28T18:48:57.256+0500] {processor.py:183} INFO - Processing /home/abayturar/airflow-project/venv/lib/python3.12/site-packages/airflow/example_dags/example_kubernetes_executor.py took 0.037 seconds
[2026-03-28T18:50:06.538+0500] {processor.py:161} INFO - Started process (PID=23178) to work on /home/abayturar/airflow-project/venv/lib/python3.12/site-packages/airflow/example_dags/example_kubernetes_executor.py
[2026-03-28T18:50:06.539+0500] {processor.py:830} INFO - Processing file /home/abayturar/airflow-project/venv/lib/python3.12/site-packages/airflow/example_dags/example_kubernetes_executor.py for tasks to queue
[2026-03-28T18:50:06.541+0500] {logging_mixin.py:188} INFO - [2026-03-28T18:50:06.541+0500] {dagbag.py:545} INFO - Filling up the DagBag from /home/abayturar/airflow-project/venv/lib/python3.12/site-packages/airflow/example_dags/example_kubernetes_executor.py
[2026-03-28T18:50:06.544+0500] {logging_mixin.py:188} INFO - [2026-03-28T18:50:06.544+0500] {example_kubernetes_executor.py:39} WARNING - The example_kubernetes_executor example DAG requires the kubernetes provider. Please install it with: pip install apache-airflow[cncf.kubernetes]
[2026-03-28T18:50:06.544+0500] {processor.py:842} WARNING - No viable dags retrieved from /home/abayturar/airflow-project/venv/lib/python3.12/site-packages/airflow/example_dags/example_kubernetes_executor.py
[2026-03-28T18:50:06.555+0500] {processor.py:183} INFO - Processing /home/abayturar/airflow-project/venv/lib/python3.12/site-packages/airflow/example_dags/example_kubernetes_executor.py took 0.023 seconds
[2026-03-28T18:51:16.316+0500] {processor.py:161} INFO - Started process (PID=23367) to work on /home/abayturar/airflow-project/venv/lib/python3.12/site-packages/airflow/example_dags/example_kubernetes_executor.py
[2026-03-28T18:51:16.317+0500] {processor.py:830} INFO - Processing file /home/abayturar/airflow-project/venv/lib/python3.12/site-packages/airflow/example_dags/example_kubernetes_executor.py for tasks to queue
[2026-03-28T18:51:16.319+0500] {logging_mixin.py:188} INFO - [2026-03-28T18:51:16.319+0500] {dagbag.py:545} INFO - Filling up the DagBag from /home/abayturar/airflow-project/venv/lib/python3.12/site-packages/airflow/example_dags/example_kubernetes_executor.py
[2026-03-28T18:51:16.323+0500] {logging_mixin.py:188} INFO - [2026-03-28T18:51:16.322+0500] {example_kubernetes_executor.py:39} WARNING - The example_kubernetes_executor example DAG requires the kubernetes provider. Please install it with: pip install apache-airflow[cncf.kubernetes]
[2026-03-28T18:51:16.323+0500] {processor.py:842} WARNING - No viable dags retrieved from /home/abayturar/airflow-project/venv/lib/python3.12/site-packages/airflow/example_dags/example_kubernetes_executor.py
[2026-03-28T18:51:16.336+0500] {processor.py:183} INFO - Processing /home/abayturar/airflow-project/venv/lib/python3.12/site-packages/airflow/example_dags/example_kubernetes_executor.py took 0.027 seconds
[2026-03-28T18:52:02.625+0500] {processor.py:161} INFO - Started process (PID=23496) to work on /home/abayturar/airflow-project/venv/lib/python3.12/site-packages/airflow/example_dags/example_kubernetes_executor.py
[2026-03-28T18:52:02.626+0500] {processor.py:830} INFO - Processing file /home/abayturar/airflow-project/venv/lib/python3.12/site-packages/airflow/example_dags/example_kubernetes_executor.py for tasks to queue
[2026-03-28T18:52:02.627+0500] {logging_mixin.py:188} INFO - [2026-03-28T18:52:02.627+0500] {dagbag.py:545} INFO - Filling up the DagBag from /home/abayturar/airflow-project/venv/lib/python3.12/site-packages/airflow/example_dags/example_kubernetes_executor.py
[2026-03-28T18:52:02.630+0500] {logging_mixin.py:188} INFO - [2026-03-28T18:52:02.630+0500] {example_kubernetes_executor.py:39} WARNING - The example_kubernetes_executor example DAG requires the kubernetes provider. Please install it with: pip install apache-airflow[cncf.kubernetes]
[2026-03-28T18:52:02.630+0500] {processor.py:842} WARNING - No viable dags retrieved from /home/abayturar/airflow-project/venv/lib/python3.12/site-packages/airflow/example_dags/example_kubernetes_executor.py
[2026-03-28T18:52:02.642+0500] {processor.py:183} INFO - Processing /home/abayturar/airflow-project/venv/lib/python3.12/site-packages/airflow/example_dags/example_kubernetes_executor.py took 0.023 seconds
[2026-03-28T18:53:10.388+0500] {processor.py:161} INFO - Started process (PID=23675) to work on /home/abayturar/airflow-project/venv/lib/python3.12/site-packages/airflow/example_dags/example_kubernetes_executor.py
[2026-03-28T18:53:10.388+0500] {processor.py:830} INFO - Processing file /home/abayturar/airflow-project/venv/lib/python3.12/site-packages/airflow/example_dags/example_kubernetes_executor.py for tasks to queue
[2026-03-28T18:53:10.390+0500] {logging_mixin.py:188} INFO - [2026-03-28T18:53:10.390+0500] {dagbag.py:545} INFO - Filling up the DagBag from /home/abayturar/airflow-project/venv/lib/python3.12/site-packages/airflow/example_dags/example_kubernetes_executor.py
[2026-03-28T18:53:10.393+0500] {logging_mixin.py:188} INFO - [2026-03-28T18:53:10.393+0500] {example_kubernetes_executor.py:39} WARNING - The example_kubernetes_executor example DAG requires the kubernetes provider. Please install it with: pip install apache-airflow[cncf.kubernetes]
[2026-03-28T18:53:10.393+0500] {processor.py:842} WARNING - No viable dags retrieved from /home/abayturar/airflow-project/venv/lib/python3.12/site-packages/airflow/example_dags/example_kubernetes_executor.py
[2026-03-28T18:53:10.404+0500] {processor.py:183} INFO - Processing /home/abayturar/airflow-project/venv/lib/python3.12/site-packages/airflow/example_dags/example_kubernetes_executor.py took 0.023 seconds
[2026-03-28T18:54:19.408+0500] {processor.py:161} INFO - Started process (PID=23862) to work on /home/abayturar/airflow-project/venv/lib/python3.12/site-packages/airflow/example_dags/example_kubernetes_executor.py
[2026-03-28T18:54:19.409+0500] {processor.py:830} INFO - Processing file /home/abayturar/airflow-project/venv/lib/python3.12/site-packages/airflow/example_dags/example_kubernetes_executor.py for tasks to queue
[2026-03-28T18:54:19.411+0500] {logging_mixin.py:188} INFO - [2026-03-28T18:54:19.411+0500] {dagbag.py:545} INFO - Filling up the DagBag from /home/abayturar/airflow-project/venv/lib/python3.12/site-packages/airflow/example_dags/example_kubernetes_executor.py
[2026-03-28T18:54:19.414+0500] {logging_mixin.py:188} INFO - [2026-03-28T18:54:19.414+0500] {example_kubernetes_executor.py:39} WARNING - The example_kubernetes_executor example DAG requires the kubernetes provider. Please install it with: pip install apache-airflow[cncf.kubernetes]
[2026-03-28T18:54:19.414+0500] {processor.py:842} WARNING - No viable dags retrieved from /home/abayturar/airflow-project/venv/lib/python3.12/site-packages/airflow/example_dags/example_kubernetes_executor.py
[2026-03-28T18:54:19.426+0500] {processor.py:183} INFO - Processing /home/abayturar/airflow-project/venv/lib/python3.12/site-packages/airflow/example_dags/example_kubernetes_executor.py took 0.024 seconds
[2026-03-28T18:55:31.251+0500] {processor.py:161} INFO - Started process (PID=24048) to work on /home/abayturar/airflow-project/venv/lib/python3.12/site-packages/airflow/example_dags/example_kubernetes_executor.py
[2026-03-28T18:55:31.252+0500] {processor.py:830} INFO - Processing file /home/abayturar/airflow-project/venv/lib/python3.12/site-packages/airflow/example_dags/example_kubernetes_executor.py for tasks to queue
[2026-03-28T18:55:31.254+0500] {logging_mixin.py:188} INFO - [2026-03-28T18:55:31.254+0500] {dagbag.py:545} INFO - Filling up the DagBag from /home/abayturar/airflow-project/venv/lib/python3.12/site-packages/airflow/example_dags/example_kubernetes_executor.py
[2026-03-28T18:55:31.257+0500] {logging_mixin.py:188} INFO - [2026-03-28T18:55:31.257+0500] {example_kubernetes_executor.py:39} WARNING - The example_kubernetes_executor example DAG requires the kubernetes provider. Please install it with: pip install apache-airflow[cncf.kubernetes]
[2026-03-28T18:55:31.258+0500] {processor.py:842} WARNING - No viable dags retrieved from /home/abayturar/airflow-project/venv/lib/python3.12/site-packages/airflow/example_dags/example_kubernetes_executor.py
[2026-03-28T18:55:31.282+0500] {processor.py:183} INFO - Processing /home/abayturar/airflow-project/venv/lib/python3.12/site-packages/airflow/example_dags/example_kubernetes_executor.py took 0.044 seconds
[2026-03-28T18:56:23.598+0500] {processor.py:161} INFO - Started process (PID=24185) to work on /home/abayturar/airflow-project/venv/lib/python3.12/site-packages/airflow/example_dags/example_kubernetes_executor.py
[2026-03-28T18:56:23.599+0500] {processor.py:830} INFO - Processing file /home/abayturar/airflow-project/venv/lib/python3.12/site-packages/airflow/example_dags/example_kubernetes_executor.py for tasks to queue
[2026-03-28T18:56:23.600+0500] {logging_mixin.py:188} INFO - [2026-03-28T18:56:23.600+0500] {dagbag.py:545} INFO - Filling up the DagBag from /home/abayturar/airflow-project/venv/lib/python3.12/site-packages/airflow/example_dags/example_kubernetes_executor.py
[2026-03-28T18:56:23.603+0500] {logging_mixin.py:188} INFO - [2026-03-28T18:56:23.603+0500] {example_kubernetes_executor.py:39} WARNING - The example_kubernetes_executor example DAG requires the kubernetes provider. Please install it with: pip install apache-airflow[cncf.kubernetes]
[2026-03-28T18:56:23.604+0500] {processor.py:842} WARNING - No viable dags retrieved from /home/abayturar/airflow-project/venv/lib/python3.12/site-packages/airflow/example_dags/example_kubernetes_executor.py
[2026-03-28T18:56:23.615+0500] {processor.py:183} INFO - Processing /home/abayturar/airflow-project/venv/lib/python3.12/site-packages/airflow/example_dags/example_kubernetes_executor.py took 0.024 seconds
[2026-03-28T18:57:14.636+0500] {processor.py:161} INFO - Started process (PID=24320) to work on /home/abayturar/airflow-project/venv/lib/python3.12/site-packages/airflow/example_dags/example_kubernetes_executor.py
[2026-03-28T18:57:14.637+0500] {processor.py:830} INFO - Processing file /home/abayturar/airflow-project/venv/lib/python3.12/site-packages/airflow/example_dags/example_kubernetes_executor.py for tasks to queue
[2026-03-28T18:57:14.639+0500] {logging_mixin.py:188} INFO - [2026-03-28T18:57:14.638+0500] {dagbag.py:545} INFO - Filling up the DagBag from /home/abayturar/airflow-project/venv/lib/python3.12/site-packages/airflow/example_dags/example_kubernetes_executor.py
[2026-03-28T18:57:14.642+0500] {logging_mixin.py:188} INFO - [2026-03-28T18:57:14.642+0500] {example_kubernetes_executor.py:39} WARNING - The example_kubernetes_executor example DAG requires the kubernetes provider. Please install it with: pip install apache-airflow[cncf.kubernetes]
[2026-03-28T18:57:14.642+0500] {processor.py:842} WARNING - No viable dags retrieved from /home/abayturar/airflow-project/venv/lib/python3.12/site-packages/airflow/example_dags/example_kubernetes_executor.py
[2026-03-28T18:57:14.656+0500] {processor.py:183} INFO - Processing /home/abayturar/airflow-project/venv/lib/python3.12/site-packages/airflow/example_dags/example_kubernetes_executor.py took 0.026 seconds
[2026-03-28T18:58:25.088+0500] {processor.py:161} INFO - Started process (PID=24511) to work on /home/abayturar/airflow-project/venv/lib/python3.12/site-packages/airflow/example_dags/example_kubernetes_executor.py
[2026-03-28T18:58:25.089+0500] {processor.py:830} INFO - Processing file /home/abayturar/airflow-project/venv/lib/python3.12/site-packages/airflow/example_dags/example_kubernetes_executor.py for tasks to queue
[2026-03-28T18:58:25.090+0500] {logging_mixin.py:188} INFO - [2026-03-28T18:58:25.090+0500] {dagbag.py:545} INFO - Filling up the DagBag from /home/abayturar/airflow-project/venv/lib/python3.12/site-packages/airflow/example_dags/example_kubernetes_executor.py
[2026-03-28T18:58:25.094+0500] {logging_mixin.py:188} INFO - [2026-03-28T18:58:25.094+0500] {example_kubernetes_executor.py:39} WARNING - The example_kubernetes_executor example DAG requires the kubernetes provider. Please install it with: pip install apache-airflow[cncf.kubernetes]
[2026-03-28T18:58:25.094+0500] {processor.py:842} WARNING - No viable dags retrieved from /home/abayturar/airflow-project/venv/lib/python3.12/site-packages/airflow/example_dags/example_kubernetes_executor.py
[2026-03-28T18:58:25.107+0500] {processor.py:183} INFO - Processing /home/abayturar/airflow-project/venv/lib/python3.12/site-packages/airflow/example_dags/example_kubernetes_executor.py took 0.026 seconds
[2026-03-28T18:59:34.514+0500] {processor.py:161} INFO - Started process (PID=24694) to work on /home/abayturar/airflow-project/venv/lib/python3.12/site-packages/airflow/example_dags/example_kubernetes_executor.py
[2026-03-28T18:59:34.515+0500] {processor.py:830} INFO - Processing file /home/abayturar/airflow-project/venv/lib/python3.12/site-packages/airflow/example_dags/example_kubernetes_executor.py for tasks to queue
[2026-03-28T18:59:34.517+0500] {logging_mixin.py:188} INFO - [2026-03-28T18:59:34.516+0500] {dagbag.py:545} INFO - Filling up the DagBag from /home/abayturar/airflow-project/venv/lib/python3.12/site-packages/airflow/example_dags/example_kubernetes_executor.py
[2026-03-28T18:59:34.520+0500] {logging_mixin.py:188} INFO - [2026-03-28T18:59:34.519+0500] {example_kubernetes_executor.py:39} WARNING - The example_kubernetes_executor example DAG requires the kubernetes provider. Please install it with: pip install apache-airflow[cncf.kubernetes]
[2026-03-28T18:59:34.520+0500] {processor.py:842} WARNING - No viable dags retrieved from /home/abayturar/airflow-project/venv/lib/python3.12/site-packages/airflow/example_dags/example_kubernetes_executor.py
[2026-03-28T18:59:34.532+0500] {processor.py:183} INFO - Processing /home/abayturar/airflow-project/venv/lib/python3.12/site-packages/airflow/example_dags/example_kubernetes_executor.py took 0.026 seconds
[2026-03-28T19:00:21.782+0500] {processor.py:161} INFO - Started process (PID=24823) to work on /home/abayturar/airflow-project/venv/lib/python3.12/site-packages/airflow/example_dags/example_kubernetes_executor.py
[2026-03-28T19:00:21.784+0500] {processor.py:830} INFO - Processing file /home/abayturar/airflow-project/venv/lib/python3.12/site-packages/airflow/example_dags/example_kubernetes_executor.py for tasks to queue
[2026-03-28T19:00:21.785+0500] {logging_mixin.py:188} INFO - [2026-03-28T19:00:21.785+0500] {dagbag.py:545} INFO - Filling up the DagBag from /home/abayturar/airflow-project/venv/lib/python3.12/site-packages/airflow/example_dags/example_kubernetes_executor.py
[2026-03-28T19:00:21.789+0500] {logging_mixin.py:188} INFO - [2026-03-28T19:00:21.788+0500] {example_kubernetes_executor.py:39} WARNING - The example_kubernetes_executor example DAG requires the kubernetes provider. Please install it with: pip install apache-airflow[cncf.kubernetes]
[2026-03-28T19:00:21.789+0500] {processor.py:842} WARNING - No viable dags retrieved from /home/abayturar/airflow-project/venv/lib/python3.12/site-packages/airflow/example_dags/example_kubernetes_executor.py
[2026-03-28T19:00:21.801+0500] {processor.py:183} INFO - Processing /home/abayturar/airflow-project/venv/lib/python3.12/site-packages/airflow/example_dags/example_kubernetes_executor.py took 0.027 seconds
[2026-03-28T19:01:34.087+0500] {processor.py:161} INFO - Started process (PID=25018) to work on /home/abayturar/airflow-project/venv/lib/python3.12/site-packages/airflow/example_dags/example_kubernetes_executor.py
[2026-03-28T19:01:34.088+0500] {processor.py:830} INFO - Processing file /home/abayturar/airflow-project/venv/lib/python3.12/site-packages/airflow/example_dags/example_kubernetes_executor.py for tasks to queue
[2026-03-28T19:01:34.090+0500] {logging_mixin.py:188} INFO - [2026-03-28T19:01:34.090+0500] {dagbag.py:545} INFO - Filling up the DagBag from /home/abayturar/airflow-project/venv/lib/python3.12/site-packages/airflow/example_dags/example_kubernetes_executor.py
[2026-03-28T19:01:34.093+0500] {logging_mixin.py:188} INFO - [2026-03-28T19:01:34.093+0500] {example_kubernetes_executor.py:39} WARNING - The example_kubernetes_executor example DAG requires the kubernetes provider. Please install it with: pip install apache-airflow[cncf.kubernetes]
[2026-03-28T19:01:34.093+0500] {processor.py:842} WARNING - No viable dags retrieved from /home/abayturar/airflow-project/venv/lib/python3.12/site-packages/airflow/example_dags/example_kubernetes_executor.py
[2026-03-28T19:01:34.107+0500] {processor.py:183} INFO - Processing /home/abayturar/airflow-project/venv/lib/python3.12/site-packages/airflow/example_dags/example_kubernetes_executor.py took 0.026 seconds
[2026-03-28T19:02:38.924+0500] {processor.py:161} INFO - Started process (PID=25191) to work on /home/abayturar/airflow-project/venv/lib/python3.12/site-packages/airflow/example_dags/example_kubernetes_executor.py
[2026-03-28T19:02:38.925+0500] {processor.py:830} INFO - Processing file /home/abayturar/airflow-project/venv/lib/python3.12/site-packages/airflow/example_dags/example_kubernetes_executor.py for tasks to queue
[2026-03-28T19:02:38.927+0500] {logging_mixin.py:188} INFO - [2026-03-28T19:02:38.926+0500] {dagbag.py:545} INFO - Filling up the DagBag from /home/abayturar/airflow-project/venv/lib/python3.12/site-packages/airflow/example_dags/example_kubernetes_executor.py
[2026-03-28T19:02:38.930+0500] {logging_mixin.py:188} INFO - [2026-03-28T19:02:38.930+0500] {example_kubernetes_executor.py:39} WARNING - The example_kubernetes_executor example DAG requires the kubernetes provider. Please install it with: pip install apache-airflow[cncf.kubernetes]
[2026-03-28T19:02:38.930+0500] {processor.py:842} WARNING - No viable dags retrieved from /home/abayturar/airflow-project/venv/lib/python3.12/site-packages/airflow/example_dags/example_kubernetes_executor.py
[2026-03-28T19:02:38.942+0500] {processor.py:183} INFO - Processing /home/abayturar/airflow-project/venv/lib/python3.12/site-packages/airflow/example_dags/example_kubernetes_executor.py took 0.024 seconds
[2026-03-28T19:03:44.913+0500] {processor.py:161} INFO - Started process (PID=25372) to work on /home/abayturar/airflow-project/venv/lib/python3.12/site-packages/airflow/example_dags/example_kubernetes_executor.py
[2026-03-28T19:03:44.914+0500] {processor.py:830} INFO - Processing file /home/abayturar/airflow-project/venv/lib/python3.12/site-packages/airflow/example_dags/example_kubernetes_executor.py for tasks to queue
[2026-03-28T19:03:44.916+0500] {logging_mixin.py:188} INFO - [2026-03-28T19:03:44.915+0500] {dagbag.py:545} INFO - Filling up the DagBag from /home/abayturar/airflow-project/venv/lib/python3.12/site-packages/airflow/example_dags/example_kubernetes_executor.py
[2026-03-28T19:03:44.921+0500] {logging_mixin.py:188} INFO - [2026-03-28T19:03:44.921+0500] {example_kubernetes_executor.py:39} WARNING - The example_kubernetes_executor example DAG requires the kubernetes provider. Please install it with: pip install apache-airflow[cncf.kubernetes]
[2026-03-28T19:03:44.921+0500] {processor.py:842} WARNING - No viable dags retrieved from /home/abayturar/airflow-project/venv/lib/python3.12/site-packages/airflow/example_dags/example_kubernetes_executor.py
[2026-03-28T19:03:44.939+0500] {processor.py:183} INFO - Processing /home/abayturar/airflow-project/venv/lib/python3.12/site-packages/airflow/example_dags/example_kubernetes_executor.py took 0.035 seconds
[2026-03-28T19:04:34.885+0500] {processor.py:161} INFO - Started process (PID=25506) to work on /home/abayturar/airflow-project/venv/lib/python3.12/site-packages/airflow/example_dags/example_kubernetes_executor.py
[2026-03-28T19:04:34.886+0500] {processor.py:830} INFO - Processing file /home/abayturar/airflow-project/venv/lib/python3.12/site-packages/airflow/example_dags/example_kubernetes_executor.py for tasks to queue
[2026-03-28T19:04:34.887+0500] {logging_mixin.py:188} INFO - [2026-03-28T19:04:34.887+0500] {dagbag.py:545} INFO - Filling up the DagBag from /home/abayturar/airflow-project/venv/lib/python3.12/site-packages/airflow/example_dags/example_kubernetes_executor.py
[2026-03-28T19:04:34.890+0500] {logging_mixin.py:188} INFO - [2026-03-28T19:04:34.890+0500] {example_kubernetes_executor.py:39} WARNING - The example_kubernetes_executor example DAG requires the kubernetes provider. Please install it with: pip install apache-airflow[cncf.kubernetes]
[2026-03-28T19:04:34.890+0500] {processor.py:842} WARNING - No viable dags retrieved from /home/abayturar/airflow-project/venv/lib/python3.12/site-packages/airflow/example_dags/example_kubernetes_executor.py
[2026-03-28T19:04:34.902+0500] {processor.py:183} INFO - Processing /home/abayturar/airflow-project/venv/lib/python3.12/site-packages/airflow/example_dags/example_kubernetes_executor.py took 0.023 seconds
[2026-03-28T19:05:39.779+0500] {processor.py:161} INFO - Started process (PID=25679) to work on /home/abayturar/airflow-project/venv/lib/python3.12/site-packages/airflow/example_dags/example_kubernetes_executor.py
[2026-03-28T19:05:39.780+0500] {processor.py:830} INFO - Processing file /home/abayturar/airflow-project/venv/lib/python3.12/site-packages/airflow/example_dags/example_kubernetes_executor.py for tasks to queue
[2026-03-28T19:05:39.782+0500] {logging_mixin.py:188} INFO - [2026-03-28T19:05:39.781+0500] {dagbag.py:545} INFO - Filling up the DagBag from /home/abayturar/airflow-project/venv/lib/python3.12/site-packages/airflow/example_dags/example_kubernetes_executor.py
[2026-03-28T19:05:39.785+0500] {logging_mixin.py:188} INFO - [2026-03-28T19:05:39.784+0500] {example_kubernetes_executor.py:39} WARNING - The example_kubernetes_executor example DAG requires the kubernetes provider. Please install it with: pip install apache-airflow[cncf.kubernetes]
[2026-03-28T19:05:39.785+0500] {processor.py:842} WARNING - No viable dags retrieved from /home/abayturar/airflow-project/venv/lib/python3.12/site-packages/airflow/example_dags/example_kubernetes_executor.py
[2026-03-28T19:05:39.796+0500] {processor.py:183} INFO - Processing /home/abayturar/airflow-project/venv/lib/python3.12/site-packages/airflow/example_dags/example_kubernetes_executor.py took 0.023 seconds
[2026-03-28T19:06:43.405+0500] {processor.py:161} INFO - Started process (PID=25856) to work on /home/abayturar/airflow-project/venv/lib/python3.12/site-packages/airflow/example_dags/example_kubernetes_executor.py
[2026-03-28T19:06:43.406+0500] {processor.py:830} INFO - Processing file /home/abayturar/airflow-project/venv/lib/python3.12/site-packages/airflow/example_dags/example_kubernetes_executor.py for tasks to queue
[2026-03-28T19:06:43.407+0500] {logging_mixin.py:188} INFO - [2026-03-28T19:06:43.407+0500] {dagbag.py:545} INFO - Filling up the DagBag from /home/abayturar/airflow-project/venv/lib/python3.12/site-packages/airflow/example_dags/example_kubernetes_executor.py
[2026-03-28T19:06:43.411+0500] {logging_mixin.py:188} INFO - [2026-03-28T19:06:43.410+0500] {example_kubernetes_executor.py:39} WARNING - The example_kubernetes_executor example DAG requires the kubernetes provider. Please install it with: pip install apache-airflow[cncf.kubernetes]
[2026-03-28T19:06:43.411+0500] {processor.py:842} WARNING - No viable dags retrieved from /home/abayturar/airflow-project/venv/lib/python3.12/site-packages/airflow/example_dags/example_kubernetes_executor.py
[2026-03-28T19:06:43.424+0500] {processor.py:183} INFO - Processing /home/abayturar/airflow-project/venv/lib/python3.12/site-packages/airflow/example_dags/example_kubernetes_executor.py took 0.025 seconds
[2026-03-28T19:07:53.362+0500] {processor.py:161} INFO - Started process (PID=26039) to work on /home/abayturar/airflow-project/venv/lib/python3.12/site-packages/airflow/example_dags/example_kubernetes_executor.py
[2026-03-28T19:07:53.363+0500] {processor.py:830} INFO - Processing file /home/abayturar/airflow-project/venv/lib/python3.12/site-packages/airflow/example_dags/example_kubernetes_executor.py for tasks to queue
[2026-03-28T19:07:53.364+0500] {logging_mixin.py:188} INFO - [2026-03-28T19:07:53.364+0500] {dagbag.py:545} INFO - Filling up the DagBag from /home/abayturar/airflow-project/venv/lib/python3.12/site-packages/airflow/example_dags/example_kubernetes_executor.py
[2026-03-28T19:07:53.368+0500] {logging_mixin.py:188} INFO - [2026-03-28T19:07:53.367+0500] {example_kubernetes_executor.py:39} WARNING - The example_kubernetes_executor example DAG requires the kubernetes provider. Please install it with: pip install apache-airflow[cncf.kubernetes]
[2026-03-28T19:07:53.368+0500] {processor.py:842} WARNING - No viable dags retrieved from /home/abayturar/airflow-project/venv/lib/python3.12/site-packages/airflow/example_dags/example_kubernetes_executor.py
[2026-03-28T19:07:53.379+0500] {processor.py:183} INFO - Processing /home/abayturar/airflow-project/venv/lib/python3.12/site-packages/airflow/example_dags/example_kubernetes_executor.py took 0.024 seconds
[2026-03-28T19:08:42.406+0500] {processor.py:161} INFO - Started process (PID=26170) to work on /home/abayturar/airflow-project/venv/lib/python3.12/site-packages/airflow/example_dags/example_kubernetes_executor.py
[2026-03-28T19:08:42.407+0500] {processor.py:830} INFO - Processing file /home/abayturar/airflow-project/venv/lib/python3.12/site-packages/airflow/example_dags/example_kubernetes_executor.py for tasks to queue
[2026-03-28T19:08:42.409+0500] {logging_mixin.py:188} INFO - [2026-03-28T19:08:42.408+0500] {dagbag.py:545} INFO - Filling up the DagBag from /home/abayturar/airflow-project/venv/lib/python3.12/site-packages/airflow/example_dags/example_kubernetes_executor.py
[2026-03-28T19:08:42.412+0500] {logging_mixin.py:188} INFO - [2026-03-28T19:08:42.412+0500] {example_kubernetes_executor.py:39} WARNING - The example_kubernetes_executor example DAG requires the kubernetes provider. Please install it with: pip install apache-airflow[cncf.kubernetes]
[2026-03-28T19:08:42.412+0500] {processor.py:842} WARNING - No viable dags retrieved from /home/abayturar/airflow-project/venv/lib/python3.12/site-packages/airflow/example_dags/example_kubernetes_executor.py
[2026-03-28T19:08:42.425+0500] {processor.py:183} INFO - Processing /home/abayturar/airflow-project/venv/lib/python3.12/site-packages/airflow/example_dags/example_kubernetes_executor.py took 0.025 seconds
[2026-03-28T19:09:49.490+0500] {processor.py:161} INFO - Started process (PID=26357) to work on /home/abayturar/airflow-project/venv/lib/python3.12/site-packages/airflow/example_dags/example_kubernetes_executor.py
[2026-03-28T19:09:49.491+0500] {processor.py:830} INFO - Processing file /home/abayturar/airflow-project/venv/lib/python3.12/site-packages/airflow/example_dags/example_kubernetes_executor.py for tasks to queue
[2026-03-28T19:09:49.493+0500] {logging_mixin.py:188} INFO - [2026-03-28T19:09:49.493+0500] {dagbag.py:545} INFO - Filling up the DagBag from /home/abayturar/airflow-project/venv/lib/python3.12/site-packages/airflow/example_dags/example_kubernetes_executor.py
[2026-03-28T19:09:49.496+0500] {logging_mixin.py:188} INFO - [2026-03-28T19:09:49.496+0500] {example_kubernetes_executor.py:39} WARNING - The example_kubernetes_executor example DAG requires the kubernetes provider. Please install it with: pip install apache-airflow[cncf.kubernetes]
[2026-03-28T19:09:49.496+0500] {processor.py:842} WARNING - No viable dags retrieved from /home/abayturar/airflow-project/venv/lib/python3.12/site-packages/airflow/example_dags/example_kubernetes_executor.py
[2026-03-28T19:09:49.509+0500] {processor.py:183} INFO - Processing /home/abayturar/airflow-project/venv/lib/python3.12/site-packages/airflow/example_dags/example_kubernetes_executor.py took 0.026 seconds
[2026-03-28T19:11:00.944+0500] {processor.py:161} INFO - Started process (PID=26542) to work on /home/abayturar/airflow-project/venv/lib/python3.12/site-packages/airflow/example_dags/example_kubernetes_executor.py
[2026-03-28T19:11:00.945+0500] {processor.py:830} INFO - Processing file /home/abayturar/airflow-project/venv/lib/python3.12/site-packages/airflow/example_dags/example_kubernetes_executor.py for tasks to queue
[2026-03-28T19:11:00.947+0500] {logging_mixin.py:188} INFO - [2026-03-28T19:11:00.946+0500] {dagbag.py:545} INFO - Filling up the DagBag from /home/abayturar/airflow-project/venv/lib/python3.12/site-packages/airflow/example_dags/example_kubernetes_executor.py
[2026-03-28T19:11:00.949+0500] {logging_mixin.py:188} INFO - [2026-03-28T19:11:00.949+0500] {example_kubernetes_executor.py:39} WARNING - The example_kubernetes_executor example DAG requires the kubernetes provider. Please install it with: pip install apache-airflow[cncf.kubernetes]
[2026-03-28T19:11:00.950+0500] {processor.py:842} WARNING - No viable dags retrieved from /home/abayturar/airflow-project/venv/lib/python3.12/site-packages/airflow/example_dags/example_kubernetes_executor.py
[2026-03-28T19:11:00.961+0500] {processor.py:183} INFO - Processing /home/abayturar/airflow-project/venv/lib/python3.12/site-packages/airflow/example_dags/example_kubernetes_executor.py took 0.023 seconds
[2026-03-28T19:11:49.120+0500] {processor.py:161} INFO - Started process (PID=26672) to work on /home/abayturar/airflow-project/venv/lib/python3.12/site-packages/airflow/example_dags/example_kubernetes_executor.py
[2026-03-28T19:11:49.121+0500] {processor.py:830} INFO - Processing file /home/abayturar/airflow-project/venv/lib/python3.12/site-packages/airflow/example_dags/example_kubernetes_executor.py for tasks to queue
[2026-03-28T19:11:49.123+0500] {logging_mixin.py:188} INFO - [2026-03-28T19:11:49.122+0500] {dagbag.py:545} INFO - Filling up the DagBag from /home/abayturar/airflow-project/venv/lib/python3.12/site-packages/airflow/example_dags/example_kubernetes_executor.py
[2026-03-28T19:11:49.125+0500] {logging_mixin.py:188} INFO - [2026-03-28T19:11:49.125+0500] {example_kubernetes_executor.py:39} WARNING - The example_kubernetes_executor example DAG requires the kubernetes provider. Please install it with: pip install apache-airflow[cncf.kubernetes]
[2026-03-28T19:11:49.126+0500] {processor.py:842} WARNING - No viable dags retrieved from /home/abayturar/airflow-project/venv/lib/python3.12/site-packages/airflow/example_dags/example_kubernetes_executor.py
[2026-03-28T19:11:49.137+0500] {processor.py:183} INFO - Processing /home/abayturar/airflow-project/venv/lib/python3.12/site-packages/airflow/example_dags/example_kubernetes_executor.py took 0.022 seconds
[2026-03-28T19:13:00.987+0500] {processor.py:161} INFO - Started process (PID=26867) to work on /home/abayturar/airflow-project/venv/lib/python3.12/site-packages/airflow/example_dags/example_kubernetes_executor.py
[2026-03-28T19:13:00.988+0500] {processor.py:830} INFO - Processing file /home/abayturar/airflow-project/venv/lib/python3.12/site-packages/airflow/example_dags/example_kubernetes_executor.py for tasks to queue
[2026-03-28T19:13:00.990+0500] {logging_mixin.py:188} INFO - [2026-03-28T19:13:00.989+0500] {dagbag.py:545} INFO - Filling up the DagBag from /home/abayturar/airflow-project/venv/lib/python3.12/site-packages/airflow/example_dags/example_kubernetes_executor.py
[2026-03-28T19:13:00.992+0500] {logging_mixin.py:188} INFO - [2026-03-28T19:13:00.992+0500] {example_kubernetes_executor.py:39} WARNING - The example_kubernetes_executor example DAG requires the kubernetes provider. Please install it with: pip install apache-airflow[cncf.kubernetes]
[2026-03-28T19:13:00.993+0500] {processor.py:842} WARNING - No viable dags retrieved from /home/abayturar/airflow-project/venv/lib/python3.12/site-packages/airflow/example_dags/example_kubernetes_executor.py
[2026-03-28T19:13:01.004+0500] {processor.py:183} INFO - Processing /home/abayturar/airflow-project/venv/lib/python3.12/site-packages/airflow/example_dags/example_kubernetes_executor.py took 0.023 seconds
[2026-03-28T19:14:10.665+0500] {processor.py:161} INFO - Started process (PID=27049) to work on /home/abayturar/airflow-project/venv/lib/python3.12/site-packages/airflow/example_dags/example_kubernetes_executor.py
[2026-03-28T19:14:10.666+0500] {processor.py:830} INFO - Processing file /home/abayturar/airflow-project/venv/lib/python3.12/site-packages/airflow/example_dags/example_kubernetes_executor.py for tasks to queue
[2026-03-28T19:14:10.668+0500] {logging_mixin.py:188} INFO - [2026-03-28T19:14:10.668+0500] {dagbag.py:545} INFO - Filling up the DagBag from /home/abayturar/airflow-project/venv/lib/python3.12/site-packages/airflow/example_dags/example_kubernetes_executor.py
[2026-03-28T19:14:10.671+0500] {logging_mixin.py:188} INFO - [2026-03-28T19:14:10.671+0500] {example_kubernetes_executor.py:39} WARNING - The example_kubernetes_executor example DAG requires the kubernetes provider. Please install it with: pip install apache-airflow[cncf.kubernetes]
[2026-03-28T19:14:10.672+0500] {processor.py:842} WARNING - No viable dags retrieved from /home/abayturar/airflow-project/venv/lib/python3.12/site-packages/airflow/example_dags/example_kubernetes_executor.py
[2026-03-28T19:14:10.684+0500] {processor.py:183} INFO - Processing /home/abayturar/airflow-project/venv/lib/python3.12/site-packages/airflow/example_dags/example_kubernetes_executor.py took 0.025 seconds
[2026-03-28T19:14:59.847+0500] {processor.py:161} INFO - Started process (PID=27182) to work on /home/abayturar/airflow-project/venv/lib/python3.12/site-packages/airflow/example_dags/example_kubernetes_executor.py
[2026-03-28T19:14:59.848+0500] {processor.py:830} INFO - Processing file /home/abayturar/airflow-project/venv/lib/python3.12/site-packages/airflow/example_dags/example_kubernetes_executor.py for tasks to queue
[2026-03-28T19:14:59.850+0500] {logging_mixin.py:188} INFO - [2026-03-28T19:14:59.849+0500] {dagbag.py:545} INFO - Filling up the DagBag from /home/abayturar/airflow-project/venv/lib/python3.12/site-packages/airflow/example_dags/example_kubernetes_executor.py
[2026-03-28T19:14:59.853+0500] {logging_mixin.py:188} INFO - [2026-03-28T19:14:59.853+0500] {example_kubernetes_executor.py:39} WARNING - The example_kubernetes_executor example DAG requires the kubernetes provider. Please install it with: pip install apache-airflow[cncf.kubernetes]
[2026-03-28T19:14:59.853+0500] {processor.py:842} WARNING - No viable dags retrieved from /home/abayturar/airflow-project/venv/lib/python3.12/site-packages/airflow/example_dags/example_kubernetes_executor.py
[2026-03-28T19:14:59.865+0500] {processor.py:183} INFO - Processing /home/abayturar/airflow-project/venv/lib/python3.12/site-packages/airflow/example_dags/example_kubernetes_executor.py took 0.025 seconds
[2026-03-28T19:16:06.444+0500] {processor.py:161} INFO - Started process (PID=27366) to work on /home/abayturar/airflow-project/venv/lib/python3.12/site-packages/airflow/example_dags/example_kubernetes_executor.py
[2026-03-28T19:16:06.444+0500] {processor.py:830} INFO - Processing file /home/abayturar/airflow-project/venv/lib/python3.12/site-packages/airflow/example_dags/example_kubernetes_executor.py for tasks to queue
[2026-03-28T19:16:06.446+0500] {logging_mixin.py:188} INFO - [2026-03-28T19:16:06.446+0500] {dagbag.py:545} INFO - Filling up the DagBag from /home/abayturar/airflow-project/venv/lib/python3.12/site-packages/airflow/example_dags/example_kubernetes_executor.py
[2026-03-28T19:16:06.450+0500] {logging_mixin.py:188} INFO - [2026-03-28T19:16:06.450+0500] {example_kubernetes_executor.py:39} WARNING - The example_kubernetes_executor example DAG requires the kubernetes provider. Please install it with: pip install apache-airflow[cncf.kubernetes]
[2026-03-28T19:16:06.451+0500] {processor.py:842} WARNING - No viable dags retrieved from /home/abayturar/airflow-project/venv/lib/python3.12/site-packages/airflow/example_dags/example_kubernetes_executor.py
[2026-03-28T19:16:06.464+0500] {processor.py:183} INFO - Processing /home/abayturar/airflow-project/venv/lib/python3.12/site-packages/airflow/example_dags/example_kubernetes_executor.py took 0.027 seconds
[2026-03-28T19:17:16.320+0500] {processor.py:161} INFO - Started process (PID=27551) to work on /home/abayturar/airflow-project/venv/lib/python3.12/site-packages/airflow/example_dags/example_kubernetes_executor.py
[2026-03-28T19:17:16.322+0500] {processor.py:830} INFO - Processing file /home/abayturar/airflow-project/venv/lib/python3.12/site-packages/airflow/example_dags/example_kubernetes_executor.py for tasks to queue
[2026-03-28T19:17:16.324+0500] {logging_mixin.py:188} INFO - [2026-03-28T19:17:16.324+0500] {dagbag.py:545} INFO - Filling up the DagBag from /home/abayturar/airflow-project/venv/lib/python3.12/site-packages/airflow/example_dags/example_kubernetes_executor.py
[2026-03-28T19:17:16.329+0500] {logging_mixin.py:188} INFO - [2026-03-28T19:17:16.329+0500] {example_kubernetes_executor.py:39} WARNING - The example_kubernetes_executor example DAG requires the kubernetes provider. Please install it with: pip install apache-airflow[cncf.kubernetes]
[2026-03-28T19:17:16.329+0500] {processor.py:842} WARNING - No viable dags retrieved from /home/abayturar/airflow-project/venv/lib/python3.12/site-packages/airflow/example_dags/example_kubernetes_executor.py
[2026-03-28T19:17:16.346+0500] {processor.py:183} INFO - Processing /home/abayturar/airflow-project/venv/lib/python3.12/site-packages/airflow/example_dags/example_kubernetes_executor.py took 0.037 seconds
[2026-03-28T19:18:22.661+0500] {processor.py:161} INFO - Started process (PID=27735) to work on /home/abayturar/airflow-project/venv/lib/python3.12/site-packages/airflow/example_dags/example_kubernetes_executor.py
[2026-03-28T19:18:22.662+0500] {processor.py:830} INFO - Processing file /home/abayturar/airflow-project/venv/lib/python3.12/site-packages/airflow/example_dags/example_kubernetes_executor.py for tasks to queue
[2026-03-28T19:18:22.663+0500] {logging_mixin.py:188} INFO - [2026-03-28T19:18:22.663+0500] {dagbag.py:545} INFO - Filling up the DagBag from /home/abayturar/airflow-project/venv/lib/python3.12/site-packages/airflow/example_dags/example_kubernetes_executor.py
[2026-03-28T19:18:22.666+0500] {logging_mixin.py:188} INFO - [2026-03-28T19:18:22.666+0500] {example_kubernetes_executor.py:39} WARNING - The example_kubernetes_executor example DAG requires the kubernetes provider. Please install it with: pip install apache-airflow[cncf.kubernetes]
[2026-03-28T19:18:22.666+0500] {processor.py:842} WARNING - No viable dags retrieved from /home/abayturar/airflow-project/venv/lib/python3.12/site-packages/airflow/example_dags/example_kubernetes_executor.py
[2026-03-28T19:18:22.678+0500] {processor.py:183} INFO - Processing /home/abayturar/airflow-project/venv/lib/python3.12/site-packages/airflow/example_dags/example_kubernetes_executor.py took 0.023 seconds
[2026-03-28T19:19:32.649+0500] {processor.py:161} INFO - Started process (PID=27917) to work on /home/abayturar/airflow-project/venv/lib/python3.12/site-packages/airflow/example_dags/example_kubernetes_executor.py
[2026-03-28T19:19:32.650+0500] {processor.py:830} INFO - Processing file /home/abayturar/airflow-project/venv/lib/python3.12/site-packages/airflow/example_dags/example_kubernetes_executor.py for tasks to queue
[2026-03-28T19:19:32.651+0500] {logging_mixin.py:188} INFO - [2026-03-28T19:19:32.651+0500] {dagbag.py:545} INFO - Filling up the DagBag from /home/abayturar/airflow-project/venv/lib/python3.12/site-packages/airflow/example_dags/example_kubernetes_executor.py
[2026-03-28T19:19:32.655+0500] {logging_mixin.py:188} INFO - [2026-03-28T19:19:32.655+0500] {example_kubernetes_executor.py:39} WARNING - The example_kubernetes_executor example DAG requires the kubernetes provider. Please install it with: pip install apache-airflow[cncf.kubernetes]
[2026-03-28T19:19:32.655+0500] {processor.py:842} WARNING - No viable dags retrieved from /home/abayturar/airflow-project/venv/lib/python3.12/site-packages/airflow/example_dags/example_kubernetes_executor.py
[2026-03-28T19:19:32.669+0500] {processor.py:183} INFO - Processing /home/abayturar/airflow-project/venv/lib/python3.12/site-packages/airflow/example_dags/example_kubernetes_executor.py took 0.028 seconds
[2026-03-28T19:20:42.865+0500] {processor.py:161} INFO - Started process (PID=28111) to work on /home/abayturar/airflow-project/venv/lib/python3.12/site-packages/airflow/example_dags/example_kubernetes_executor.py
[2026-03-28T19:20:42.866+0500] {processor.py:830} INFO - Processing file /home/abayturar/airflow-project/venv/lib/python3.12/site-packages/airflow/example_dags/example_kubernetes_executor.py for tasks to queue
[2026-03-28T19:20:42.868+0500] {logging_mixin.py:188} INFO - [2026-03-28T19:20:42.868+0500] {dagbag.py:545} INFO - Filling up the DagBag from /home/abayturar/airflow-project/venv/lib/python3.12/site-packages/airflow/example_dags/example_kubernetes_executor.py
[2026-03-28T19:20:42.871+0500] {logging_mixin.py:188} INFO - [2026-03-28T19:20:42.871+0500] {example_kubernetes_executor.py:39} WARNING - The example_kubernetes_executor example DAG requires the kubernetes provider. Please install it with: pip install apache-airflow[cncf.kubernetes]
[2026-03-28T19:20:42.872+0500] {processor.py:842} WARNING - No viable dags retrieved from /home/abayturar/airflow-project/venv/lib/python3.12/site-packages/airflow/example_dags/example_kubernetes_executor.py
[2026-03-28T19:20:42.883+0500] {processor.py:183} INFO - Processing /home/abayturar/airflow-project/venv/lib/python3.12/site-packages/airflow/example_dags/example_kubernetes_executor.py took 0.024 seconds
[2026-03-28T19:21:48.888+0500] {processor.py:161} INFO - Started process (PID=28323) to work on /home/abayturar/airflow-project/venv/lib/python3.12/site-packages/airflow/example_dags/example_kubernetes_executor.py
[2026-03-28T19:21:48.889+0500] {processor.py:830} INFO - Processing file /home/abayturar/airflow-project/venv/lib/python3.12/site-packages/airflow/example_dags/example_kubernetes_executor.py for tasks to queue
[2026-03-28T19:21:48.891+0500] {logging_mixin.py:188} INFO - [2026-03-28T19:21:48.890+0500] {dagbag.py:545} INFO - Filling up the DagBag from /home/abayturar/airflow-project/venv/lib/python3.12/site-packages/airflow/example_dags/example_kubernetes_executor.py
[2026-03-28T19:21:48.894+0500] {logging_mixin.py:188} INFO - [2026-03-28T19:21:48.893+0500] {example_kubernetes_executor.py:39} WARNING - The example_kubernetes_executor example DAG requires the kubernetes provider. Please install it with: pip install apache-airflow[cncf.kubernetes]
[2026-03-28T19:21:48.894+0500] {processor.py:842} WARNING - No viable dags retrieved from /home/abayturar/airflow-project/venv/lib/python3.12/site-packages/airflow/example_dags/example_kubernetes_executor.py
[2026-03-28T19:21:48.905+0500] {processor.py:183} INFO - Processing /home/abayturar/airflow-project/venv/lib/python3.12/site-packages/airflow/example_dags/example_kubernetes_executor.py took 0.023 seconds
[2026-03-28T19:22:54.033+0500] {processor.py:161} INFO - Started process (PID=28504) to work on /home/abayturar/airflow-project/venv/lib/python3.12/site-packages/airflow/example_dags/example_kubernetes_executor.py
[2026-03-28T19:22:54.034+0500] {processor.py:830} INFO - Processing file /home/abayturar/airflow-project/venv/lib/python3.12/site-packages/airflow/example_dags/example_kubernetes_executor.py for tasks to queue
[2026-03-28T19:22:54.036+0500] {logging_mixin.py:188} INFO - [2026-03-28T19:22:54.035+0500] {dagbag.py:545} INFO - Filling up the DagBag from /home/abayturar/airflow-project/venv/lib/python3.12/site-packages/airflow/example_dags/example_kubernetes_executor.py
[2026-03-28T19:22:54.039+0500] {logging_mixin.py:188} INFO - [2026-03-28T19:22:54.039+0500] {example_kubernetes_executor.py:39} WARNING - The example_kubernetes_executor example DAG requires the kubernetes provider. Please install it with: pip install apache-airflow[cncf.kubernetes]
[2026-03-28T19:22:54.039+0500] {processor.py:842} WARNING - No viable dags retrieved from /home/abayturar/airflow-project/venv/lib/python3.12/site-packages/airflow/example_dags/example_kubernetes_executor.py
[2026-03-28T19:22:54.052+0500] {processor.py:183} INFO - Processing /home/abayturar/airflow-project/venv/lib/python3.12/site-packages/airflow/example_dags/example_kubernetes_executor.py took 0.025 seconds
[2026-03-28T19:24:03.842+0500] {processor.py:161} INFO - Started process (PID=28691) to work on /home/abayturar/airflow-project/venv/lib/python3.12/site-packages/airflow/example_dags/example_kubernetes_executor.py
[2026-03-28T19:24:03.843+0500] {processor.py:830} INFO - Processing file /home/abayturar/airflow-project/venv/lib/python3.12/site-packages/airflow/example_dags/example_kubernetes_executor.py for tasks to queue
[2026-03-28T19:24:03.845+0500] {logging_mixin.py:188} INFO - [2026-03-28T19:24:03.845+0500] {dagbag.py:545} INFO - Filling up the DagBag from /home/abayturar/airflow-project/venv/lib/python3.12/site-packages/airflow/example_dags/example_kubernetes_executor.py
[2026-03-28T19:24:03.848+0500] {logging_mixin.py:188} INFO - [2026-03-28T19:24:03.848+0500] {example_kubernetes_executor.py:39} WARNING - The example_kubernetes_executor example DAG requires the kubernetes provider. Please install it with: pip install apache-airflow[cncf.kubernetes]
[2026-03-28T19:24:03.848+0500] {processor.py:842} WARNING - No viable dags retrieved from /home/abayturar/airflow-project/venv/lib/python3.12/site-packages/airflow/example_dags/example_kubernetes_executor.py
[2026-03-28T19:24:03.860+0500] {processor.py:183} INFO - Processing /home/abayturar/airflow-project/venv/lib/python3.12/site-packages/airflow/example_dags/example_kubernetes_executor.py took 0.024 seconds
[2026-03-28T19:25:12.861+0500] {processor.py:161} INFO - Started process (PID=28877) to work on /home/abayturar/airflow-project/venv/lib/python3.12/site-packages/airflow/example_dags/example_kubernetes_executor.py
[2026-03-28T19:25:12.862+0500] {processor.py:830} INFO - Processing file /home/abayturar/airflow-project/venv/lib/python3.12/site-packages/airflow/example_dags/example_kubernetes_executor.py for tasks to queue
[2026-03-28T19:25:12.863+0500] {logging_mixin.py:188} INFO - [2026-03-28T19:25:12.863+0500] {dagbag.py:545} INFO - Filling up the DagBag from /home/abayturar/airflow-project/venv/lib/python3.12/site-packages/airflow/example_dags/example_kubernetes_executor.py
[2026-03-28T19:25:12.866+0500] {logging_mixin.py:188} INFO - [2026-03-28T19:25:12.866+0500] {example_kubernetes_executor.py:39} WARNING - The example_kubernetes_executor example DAG requires the kubernetes provider. Please install it with: pip install apache-airflow[cncf.kubernetes]
[2026-03-28T19:25:12.867+0500] {processor.py:842} WARNING - No viable dags retrieved from /home/abayturar/airflow-project/venv/lib/python3.12/site-packages/airflow/example_dags/example_kubernetes_executor.py
[2026-03-28T19:25:12.878+0500] {processor.py:183} INFO - Processing /home/abayturar/airflow-project/venv/lib/python3.12/site-packages/airflow/example_dags/example_kubernetes_executor.py took 0.023 seconds
[2026-03-28T19:26:21.387+0500] {processor.py:161} INFO - Started process (PID=29062) to work on /home/abayturar/airflow-project/venv/lib/python3.12/site-packages/airflow/example_dags/example_kubernetes_executor.py
[2026-03-28T19:26:21.388+0500] {processor.py:830} INFO - Processing file /home/abayturar/airflow-project/venv/lib/python3.12/site-packages/airflow/example_dags/example_kubernetes_executor.py for tasks to queue
[2026-03-28T19:26:21.390+0500] {logging_mixin.py:188} INFO - [2026-03-28T19:26:21.389+0500] {dagbag.py:545} INFO - Filling up the DagBag from /home/abayturar/airflow-project/venv/lib/python3.12/site-packages/airflow/example_dags/example_kubernetes_executor.py
[2026-03-28T19:26:21.393+0500] {logging_mixin.py:188} INFO - [2026-03-28T19:26:21.393+0500] {example_kubernetes_executor.py:39} WARNING - The example_kubernetes_executor example DAG requires the kubernetes provider. Please install it with: pip install apache-airflow[cncf.kubernetes]
[2026-03-28T19:26:21.393+0500] {processor.py:842} WARNING - No viable dags retrieved from /home/abayturar/airflow-project/venv/lib/python3.12/site-packages/airflow/example_dags/example_kubernetes_executor.py
[2026-03-28T19:26:21.405+0500] {processor.py:183} INFO - Processing /home/abayturar/airflow-project/venv/lib/python3.12/site-packages/airflow/example_dags/example_kubernetes_executor.py took 0.027 seconds
[2026-03-28T19:27:09.821+0500] {processor.py:161} INFO - Started process (PID=29191) to work on /home/abayturar/airflow-project/venv/lib/python3.12/site-packages/airflow/example_dags/example_kubernetes_executor.py
[2026-03-28T19:27:09.822+0500] {processor.py:830} INFO - Processing file /home/abayturar/airflow-project/venv/lib/python3.12/site-packages/airflow/example_dags/example_kubernetes_executor.py for tasks to queue
[2026-03-28T19:27:09.824+0500] {logging_mixin.py:188} INFO - [2026-03-28T19:27:09.823+0500] {dagbag.py:545} INFO - Filling up the DagBag from /home/abayturar/airflow-project/venv/lib/python3.12/site-packages/airflow/example_dags/example_kubernetes_executor.py
[2026-03-28T19:27:09.827+0500] {logging_mixin.py:188} INFO - [2026-03-28T19:27:09.827+0500] {example_kubernetes_executor.py:39} WARNING - The example_kubernetes_executor example DAG requires the kubernetes provider. Please install it with: pip install apache-airflow[cncf.kubernetes]
[2026-03-28T19:27:09.827+0500] {processor.py:842} WARNING - No viable dags retrieved from /home/abayturar/airflow-project/venv/lib/python3.12/site-packages/airflow/example_dags/example_kubernetes_executor.py
[2026-03-28T19:27:09.840+0500] {processor.py:183} INFO - Processing /home/abayturar/airflow-project/venv/lib/python3.12/site-packages/airflow/example_dags/example_kubernetes_executor.py took 0.026 seconds
[2026-03-28T19:27:57.921+0500] {processor.py:161} INFO - Started process (PID=29318) to work on /home/abayturar/airflow-project/venv/lib/python3.12/site-packages/airflow/example_dags/example_kubernetes_executor.py
[2026-03-28T19:27:57.922+0500] {processor.py:830} INFO - Processing file /home/abayturar/airflow-project/venv/lib/python3.12/site-packages/airflow/example_dags/example_kubernetes_executor.py for tasks to queue
[2026-03-28T19:27:57.925+0500] {logging_mixin.py:188} INFO - [2026-03-28T19:27:57.924+0500] {dagbag.py:545} INFO - Filling up the DagBag from /home/abayturar/airflow-project/venv/lib/python3.12/site-packages/airflow/example_dags/example_kubernetes_executor.py
[2026-03-28T19:27:57.930+0500] {logging_mixin.py:188} INFO - [2026-03-28T19:27:57.930+0500] {example_kubernetes_executor.py:39} WARNING - The example_kubernetes_executor example DAG requires the kubernetes provider. Please install it with: pip install apache-airflow[cncf.kubernetes]
[2026-03-28T19:27:57.931+0500] {processor.py:842} WARNING - No viable dags retrieved from /home/abayturar/airflow-project/venv/lib/python3.12/site-packages/airflow/example_dags/example_kubernetes_executor.py
[2026-03-28T19:27:57.947+0500] {processor.py:183} INFO - Processing /home/abayturar/airflow-project/venv/lib/python3.12/site-packages/airflow/example_dags/example_kubernetes_executor.py took 0.036 seconds
[2026-03-28T19:29:09.057+0500] {processor.py:161} INFO - Started process (PID=29547) to work on /home/abayturar/airflow-project/venv/lib/python3.12/site-packages/airflow/example_dags/example_kubernetes_executor.py
[2026-03-28T19:29:09.058+0500] {processor.py:830} INFO - Processing file /home/abayturar/airflow-project/venv/lib/python3.12/site-packages/airflow/example_dags/example_kubernetes_executor.py for tasks to queue
[2026-03-28T19:29:09.060+0500] {logging_mixin.py:188} INFO - [2026-03-28T19:29:09.059+0500] {dagbag.py:545} INFO - Filling up the DagBag from /home/abayturar/airflow-project/venv/lib/python3.12/site-packages/airflow/example_dags/example_kubernetes_executor.py
[2026-03-28T19:29:09.062+0500] {logging_mixin.py:188} INFO - [2026-03-28T19:29:09.062+0500] {example_kubernetes_executor.py:39} WARNING - The example_kubernetes_executor example DAG requires the kubernetes provider. Please install it with: pip install apache-airflow[cncf.kubernetes]
[2026-03-28T19:29:09.063+0500] {processor.py:842} WARNING - No viable dags retrieved from /home/abayturar/airflow-project/venv/lib/python3.12/site-packages/airflow/example_dags/example_kubernetes_executor.py
[2026-03-28T19:29:09.074+0500] {processor.py:183} INFO - Processing /home/abayturar/airflow-project/venv/lib/python3.12/site-packages/airflow/example_dags/example_kubernetes_executor.py took 0.023 seconds
[2026-03-28T19:29:55.881+0500] {processor.py:161} INFO - Started process (PID=29709) to work on /home/abayturar/airflow-project/venv/lib/python3.12/site-packages/airflow/example_dags/example_kubernetes_executor.py
[2026-03-28T19:29:55.882+0500] {processor.py:830} INFO - Processing file /home/abayturar/airflow-project/venv/lib/python3.12/site-packages/airflow/example_dags/example_kubernetes_executor.py for tasks to queue
[2026-03-28T19:29:55.883+0500] {logging_mixin.py:188} INFO - [2026-03-28T19:29:55.883+0500] {dagbag.py:545} INFO - Filling up the DagBag from /home/abayturar/airflow-project/venv/lib/python3.12/site-packages/airflow/example_dags/example_kubernetes_executor.py
[2026-03-28T19:29:55.887+0500] {logging_mixin.py:188} INFO - [2026-03-28T19:29:55.887+0500] {example_kubernetes_executor.py:39} WARNING - The example_kubernetes_executor example DAG requires the kubernetes provider. Please install it with: pip install apache-airflow[cncf.kubernetes]
[2026-03-28T19:29:55.887+0500] {processor.py:842} WARNING - No viable dags retrieved from /home/abayturar/airflow-project/venv/lib/python3.12/site-packages/airflow/example_dags/example_kubernetes_executor.py
[2026-03-28T19:29:55.899+0500] {processor.py:183} INFO - Processing /home/abayturar/airflow-project/venv/lib/python3.12/site-packages/airflow/example_dags/example_kubernetes_executor.py took 0.025 seconds
[2026-03-28T19:30:55.144+0500] {processor.py:161} INFO - Started process (PID=29895) to work on /home/abayturar/airflow-project/venv/lib/python3.12/site-packages/airflow/example_dags/example_kubernetes_executor.py
[2026-03-28T19:30:55.145+0500] {processor.py:830} INFO - Processing file /home/abayturar/airflow-project/venv/lib/python3.12/site-packages/airflow/example_dags/example_kubernetes_executor.py for tasks to queue
[2026-03-28T19:30:55.147+0500] {logging_mixin.py:188} INFO - [2026-03-28T19:30:55.147+0500] {dagbag.py:545} INFO - Filling up the DagBag from /home/abayturar/airflow-project/venv/lib/python3.12/site-packages/airflow/example_dags/example_kubernetes_executor.py
[2026-03-28T19:30:55.150+0500] {logging_mixin.py:188} INFO - [2026-03-28T19:30:55.150+0500] {example_kubernetes_executor.py:39} WARNING - The example_kubernetes_executor example DAG requires the kubernetes provider. Please install it with: pip install apache-airflow[cncf.kubernetes]
[2026-03-28T19:30:55.150+0500] {processor.py:842} WARNING - No viable dags retrieved from /home/abayturar/airflow-project/venv/lib/python3.12/site-packages/airflow/example_dags/example_kubernetes_executor.py
[2026-03-28T19:30:55.163+0500] {processor.py:183} INFO - Processing /home/abayturar/airflow-project/venv/lib/python3.12/site-packages/airflow/example_dags/example_kubernetes_executor.py took 0.027 seconds
[2026-03-28T19:31:47.661+0500] {processor.py:161} INFO - Started process (PID=30041) to work on /home/abayturar/airflow-project/venv/lib/python3.12/site-packages/airflow/example_dags/example_kubernetes_executor.py
[2026-03-28T19:31:47.662+0500] {processor.py:830} INFO - Processing file /home/abayturar/airflow-project/venv/lib/python3.12/site-packages/airflow/example_dags/example_kubernetes_executor.py for tasks to queue
[2026-03-28T19:31:47.664+0500] {logging_mixin.py:188} INFO - [2026-03-28T19:31:47.663+0500] {dagbag.py:545} INFO - Filling up the DagBag from /home/abayturar/airflow-project/venv/lib/python3.12/site-packages/airflow/example_dags/example_kubernetes_executor.py
[2026-03-28T19:31:47.667+0500] {logging_mixin.py:188} INFO - [2026-03-28T19:31:47.667+0500] {example_kubernetes_executor.py:39} WARNING - The example_kubernetes_executor example DAG requires the kubernetes provider. Please install it with: pip install apache-airflow[cncf.kubernetes]
[2026-03-28T19:31:47.667+0500] {processor.py:842} WARNING - No viable dags retrieved from /home/abayturar/airflow-project/venv/lib/python3.12/site-packages/airflow/example_dags/example_kubernetes_executor.py
[2026-03-28T19:31:47.678+0500] {processor.py:183} INFO - Processing /home/abayturar/airflow-project/venv/lib/python3.12/site-packages/airflow/example_dags/example_kubernetes_executor.py took 0.024 seconds
[2026-03-28T19:32:40.579+0500] {processor.py:161} INFO - Started process (PID=30197) to work on /home/abayturar/airflow-project/venv/lib/python3.12/site-packages/airflow/example_dags/example_kubernetes_executor.py
[2026-03-28T19:32:40.580+0500] {processor.py:830} INFO - Processing file /home/abayturar/airflow-project/venv/lib/python3.12/site-packages/airflow/example_dags/example_kubernetes_executor.py for tasks to queue
[2026-03-28T19:32:40.582+0500] {logging_mixin.py:188} INFO - [2026-03-28T19:32:40.582+0500] {dagbag.py:545} INFO - Filling up the DagBag from /home/abayturar/airflow-project/venv/lib/python3.12/site-packages/airflow/example_dags/example_kubernetes_executor.py
[2026-03-28T19:32:40.585+0500] {logging_mixin.py:188} INFO - [2026-03-28T19:32:40.585+0500] {example_kubernetes_executor.py:39} WARNING - The example_kubernetes_executor example DAG requires the kubernetes provider. Please install it with: pip install apache-airflow[cncf.kubernetes]
[2026-03-28T19:32:40.586+0500] {processor.py:842} WARNING - No viable dags retrieved from /home/abayturar/airflow-project/venv/lib/python3.12/site-packages/airflow/example_dags/example_kubernetes_executor.py
[2026-03-28T19:32:40.597+0500] {processor.py:183} INFO - Processing /home/abayturar/airflow-project/venv/lib/python3.12/site-packages/airflow/example_dags/example_kubernetes_executor.py took 0.025 seconds
[2026-03-28T19:33:32.050+0500] {processor.py:161} INFO - Started process (PID=30341) to work on /home/abayturar/airflow-project/venv/lib/python3.12/site-packages/airflow/example_dags/example_kubernetes_executor.py
[2026-03-28T19:33:32.051+0500] {processor.py:830} INFO - Processing file /home/abayturar/airflow-project/venv/lib/python3.12/site-packages/airflow/example_dags/example_kubernetes_executor.py for tasks to queue
[2026-03-28T19:33:32.053+0500] {logging_mixin.py:188} INFO - [2026-03-28T19:33:32.052+0500] {dagbag.py:545} INFO - Filling up the DagBag from /home/abayturar/airflow-project/venv/lib/python3.12/site-packages/airflow/example_dags/example_kubernetes_executor.py
[2026-03-28T19:33:32.056+0500] {logging_mixin.py:188} INFO - [2026-03-28T19:33:32.056+0500] {example_kubernetes_executor.py:39} WARNING - The example_kubernetes_executor example DAG requires the kubernetes provider. Please install it with: pip install apache-airflow[cncf.kubernetes]
[2026-03-28T19:33:32.056+0500] {processor.py:842} WARNING - No viable dags retrieved from /home/abayturar/airflow-project/venv/lib/python3.12/site-packages/airflow/example_dags/example_kubernetes_executor.py
[2026-03-28T19:33:32.067+0500] {processor.py:183} INFO - Processing /home/abayturar/airflow-project/venv/lib/python3.12/site-packages/airflow/example_dags/example_kubernetes_executor.py took 0.024 seconds
[2026-03-28T19:35:47.989+0500] {processor.py:161} INFO - Started process (PID=30705) to work on /home/abayturar/airflow-project/venv/lib/python3.12/site-packages/airflow/example_dags/example_kubernetes_executor.py
[2026-03-28T19:35:47.990+0500] {processor.py:830} INFO - Processing file /home/abayturar/airflow-project/venv/lib/python3.12/site-packages/airflow/example_dags/example_kubernetes_executor.py for tasks to queue
[2026-03-28T19:35:47.992+0500] {logging_mixin.py:188} INFO - [2026-03-28T19:35:47.992+0500] {dagbag.py:545} INFO - Filling up the DagBag from /home/abayturar/airflow-project/venv/lib/python3.12/site-packages/airflow/example_dags/example_kubernetes_executor.py
[2026-03-28T19:35:47.995+0500] {logging_mixin.py:188} INFO - [2026-03-28T19:35:47.995+0500] {example_kubernetes_executor.py:39} WARNING - The example_kubernetes_executor example DAG requires the kubernetes provider. Please install it with: pip install apache-airflow[cncf.kubernetes]
[2026-03-28T19:35:47.995+0500] {processor.py:842} WARNING - No viable dags retrieved from /home/abayturar/airflow-project/venv/lib/python3.12/site-packages/airflow/example_dags/example_kubernetes_executor.py
[2026-03-28T19:35:48.007+0500] {processor.py:183} INFO - Processing /home/abayturar/airflow-project/venv/lib/python3.12/site-packages/airflow/example_dags/example_kubernetes_executor.py took 0.025 seconds
[2026-03-28T19:36:40.689+0500] {processor.py:161} INFO - Started process (PID=30845) to work on /home/abayturar/airflow-project/venv/lib/python3.12/site-packages/airflow/example_dags/example_kubernetes_executor.py
[2026-03-28T19:36:40.689+0500] {processor.py:830} INFO - Processing file /home/abayturar/airflow-project/venv/lib/python3.12/site-packages/airflow/example_dags/example_kubernetes_executor.py for tasks to queue
[2026-03-28T19:36:40.691+0500] {logging_mixin.py:188} INFO - [2026-03-28T19:36:40.691+0500] {dagbag.py:545} INFO - Filling up the DagBag from /home/abayturar/airflow-project/venv/lib/python3.12/site-packages/airflow/example_dags/example_kubernetes_executor.py
[2026-03-28T19:36:40.694+0500] {logging_mixin.py:188} INFO - [2026-03-28T19:36:40.694+0500] {example_kubernetes_executor.py:39} WARNING - The example_kubernetes_executor example DAG requires the kubernetes provider. Please install it with: pip install apache-airflow[cncf.kubernetes]
[2026-03-28T19:36:40.694+0500] {processor.py:842} WARNING - No viable dags retrieved from /home/abayturar/airflow-project/venv/lib/python3.12/site-packages/airflow/example_dags/example_kubernetes_executor.py
[2026-03-28T19:36:40.705+0500] {processor.py:183} INFO - Processing /home/abayturar/airflow-project/venv/lib/python3.12/site-packages/airflow/example_dags/example_kubernetes_executor.py took 0.022 seconds
[2026-03-28T19:37:33.339+0500] {processor.py:161} INFO - Started process (PID=30989) to work on /home/abayturar/airflow-project/venv/lib/python3.12/site-packages/airflow/example_dags/example_kubernetes_executor.py
[2026-03-28T19:37:33.340+0500] {processor.py:830} INFO - Processing file /home/abayturar/airflow-project/venv/lib/python3.12/site-packages/airflow/example_dags/example_kubernetes_executor.py for tasks to queue
[2026-03-28T19:37:33.342+0500] {logging_mixin.py:188} INFO - [2026-03-28T19:37:33.342+0500] {dagbag.py:545} INFO - Filling up the DagBag from /home/abayturar/airflow-project/venv/lib/python3.12/site-packages/airflow/example_dags/example_kubernetes_executor.py
[2026-03-28T19:37:33.346+0500] {logging_mixin.py:188} INFO - [2026-03-28T19:37:33.346+0500] {example_kubernetes_executor.py:39} WARNING - The example_kubernetes_executor example DAG requires the kubernetes provider. Please install it with: pip install apache-airflow[cncf.kubernetes]
[2026-03-28T19:37:33.347+0500] {processor.py:842} WARNING - No viable dags retrieved from /home/abayturar/airflow-project/venv/lib/python3.12/site-packages/airflow/example_dags/example_kubernetes_executor.py
[2026-03-28T19:37:33.361+0500] {processor.py:183} INFO - Processing /home/abayturar/airflow-project/venv/lib/python3.12/site-packages/airflow/example_dags/example_kubernetes_executor.py took 0.030 seconds
[2026-03-28T19:38:25.478+0500] {processor.py:161} INFO - Started process (PID=31128) to work on /home/abayturar/airflow-project/venv/lib/python3.12/site-packages/airflow/example_dags/example_kubernetes_executor.py
[2026-03-28T19:38:25.479+0500] {processor.py:830} INFO - Processing file /home/abayturar/airflow-project/venv/lib/python3.12/site-packages/airflow/example_dags/example_kubernetes_executor.py for tasks to queue
[2026-03-28T19:38:25.481+0500] {logging_mixin.py:188} INFO - [2026-03-28T19:38:25.481+0500] {dagbag.py:545} INFO - Filling up the DagBag from /home/abayturar/airflow-project/venv/lib/python3.12/site-packages/airflow/example_dags/example_kubernetes_executor.py
[2026-03-28T19:38:25.484+0500] {logging_mixin.py:188} INFO - [2026-03-28T19:38:25.484+0500] {example_kubernetes_executor.py:39} WARNING - The example_kubernetes_executor example DAG requires the kubernetes provider. Please install it with: pip install apache-airflow[cncf.kubernetes]
[2026-03-28T19:38:25.485+0500] {processor.py:842} WARNING - No viable dags retrieved from /home/abayturar/airflow-project/venv/lib/python3.12/site-packages/airflow/example_dags/example_kubernetes_executor.py
[2026-03-28T19:38:25.496+0500] {processor.py:183} INFO - Processing /home/abayturar/airflow-project/venv/lib/python3.12/site-packages/airflow/example_dags/example_kubernetes_executor.py took 0.023 seconds
[2026-03-28T19:39:31.729+0500] {processor.py:161} INFO - Started process (PID=31317) to work on /home/abayturar/airflow-project/venv/lib/python3.12/site-packages/airflow/example_dags/example_kubernetes_executor.py
[2026-03-28T19:39:31.730+0500] {processor.py:830} INFO - Processing file /home/abayturar/airflow-project/venv/lib/python3.12/site-packages/airflow/example_dags/example_kubernetes_executor.py for tasks to queue
[2026-03-28T19:39:31.732+0500] {logging_mixin.py:188} INFO - [2026-03-28T19:39:31.732+0500] {dagbag.py:545} INFO - Filling up the DagBag from /home/abayturar/airflow-project/venv/lib/python3.12/site-packages/airflow/example_dags/example_kubernetes_executor.py
[2026-03-28T19:39:31.735+0500] {logging_mixin.py:188} INFO - [2026-03-28T19:39:31.735+0500] {example_kubernetes_executor.py:39} WARNING - The example_kubernetes_executor example DAG requires the kubernetes provider. Please install it with: pip install apache-airflow[cncf.kubernetes]
[2026-03-28T19:39:31.735+0500] {processor.py:842} WARNING - No viable dags retrieved from /home/abayturar/airflow-project/venv/lib/python3.12/site-packages/airflow/example_dags/example_kubernetes_executor.py
[2026-03-28T19:39:31.746+0500] {processor.py:183} INFO - Processing /home/abayturar/airflow-project/venv/lib/python3.12/site-packages/airflow/example_dags/example_kubernetes_executor.py took 0.023 seconds
[2026-03-28T19:40:39.276+0500] {processor.py:161} INFO - Started process (PID=31493) to work on /home/abayturar/airflow-project/venv/lib/python3.12/site-packages/airflow/example_dags/example_kubernetes_executor.py
[2026-03-28T19:40:39.277+0500] {processor.py:830} INFO - Processing file /home/abayturar/airflow-project/venv/lib/python3.12/site-packages/airflow/example_dags/example_kubernetes_executor.py for tasks to queue
[2026-03-28T19:40:39.279+0500] {logging_mixin.py:188} INFO - [2026-03-28T19:40:39.278+0500] {dagbag.py:545} INFO - Filling up the DagBag from /home/abayturar/airflow-project/venv/lib/python3.12/site-packages/airflow/example_dags/example_kubernetes_executor.py
[2026-03-28T19:40:39.282+0500] {logging_mixin.py:188} INFO - [2026-03-28T19:40:39.281+0500] {example_kubernetes_executor.py:39} WARNING - The example_kubernetes_executor example DAG requires the kubernetes provider. Please install it with: pip install apache-airflow[cncf.kubernetes]
[2026-03-28T19:40:39.282+0500] {processor.py:842} WARNING - No viable dags retrieved from /home/abayturar/airflow-project/venv/lib/python3.12/site-packages/airflow/example_dags/example_kubernetes_executor.py
[2026-03-28T19:40:39.293+0500] {processor.py:183} INFO - Processing /home/abayturar/airflow-project/venv/lib/python3.12/site-packages/airflow/example_dags/example_kubernetes_executor.py took 0.024 seconds
[2026-03-28T19:41:45.579+0500] {processor.py:161} INFO - Started process (PID=31678) to work on /home/abayturar/airflow-project/venv/lib/python3.12/site-packages/airflow/example_dags/example_kubernetes_executor.py
[2026-03-28T19:41:45.579+0500] {processor.py:830} INFO - Processing file /home/abayturar/airflow-project/venv/lib/python3.12/site-packages/airflow/example_dags/example_kubernetes_executor.py for tasks to queue
[2026-03-28T19:41:45.582+0500] {logging_mixin.py:188} INFO - [2026-03-28T19:41:45.582+0500] {dagbag.py:545} INFO - Filling up the DagBag from /home/abayturar/airflow-project/venv/lib/python3.12/site-packages/airflow/example_dags/example_kubernetes_executor.py
[2026-03-28T19:41:45.586+0500] {logging_mixin.py:188} INFO - [2026-03-28T19:41:45.586+0500] {example_kubernetes_executor.py:39} WARNING - The example_kubernetes_executor example DAG requires the kubernetes provider. Please install it with: pip install apache-airflow[cncf.kubernetes]
[2026-03-28T19:41:45.586+0500] {processor.py:842} WARNING - No viable dags retrieved from /home/abayturar/airflow-project/venv/lib/python3.12/site-packages/airflow/example_dags/example_kubernetes_executor.py
[2026-03-28T19:41:45.601+0500] {processor.py:183} INFO - Processing /home/abayturar/airflow-project/venv/lib/python3.12/site-packages/airflow/example_dags/example_kubernetes_executor.py took 0.030 seconds
[2026-03-28T19:42:32.467+0500] {processor.py:161} INFO - Started process (PID=31802) to work on /home/abayturar/airflow-project/venv/lib/python3.12/site-packages/airflow/example_dags/example_kubernetes_executor.py
[2026-03-28T19:42:32.468+0500] {processor.py:830} INFO - Processing file /home/abayturar/airflow-project/venv/lib/python3.12/site-packages/airflow/example_dags/example_kubernetes_executor.py for tasks to queue
[2026-03-28T19:42:32.470+0500] {logging_mixin.py:188} INFO - [2026-03-28T19:42:32.469+0500] {dagbag.py:545} INFO - Filling up the DagBag from /home/abayturar/airflow-project/venv/lib/python3.12/site-packages/airflow/example_dags/example_kubernetes_executor.py
[2026-03-28T19:42:32.473+0500] {logging_mixin.py:188} INFO - [2026-03-28T19:42:32.473+0500] {example_kubernetes_executor.py:39} WARNING - The example_kubernetes_executor example DAG requires the kubernetes provider. Please install it with: pip install apache-airflow[cncf.kubernetes]
[2026-03-28T19:42:32.473+0500] {processor.py:842} WARNING - No viable dags retrieved from /home/abayturar/airflow-project/venv/lib/python3.12/site-packages/airflow/example_dags/example_kubernetes_executor.py
[2026-03-28T19:42:32.485+0500] {processor.py:183} INFO - Processing /home/abayturar/airflow-project/venv/lib/python3.12/site-packages/airflow/example_dags/example_kubernetes_executor.py took 0.024 seconds
[2026-03-28T19:43:23.212+0500] {processor.py:161} INFO - Started process (PID=31937) to work on /home/abayturar/airflow-project/venv/lib/python3.12/site-packages/airflow/example_dags/example_kubernetes_executor.py
[2026-03-28T19:43:23.212+0500] {processor.py:830} INFO - Processing file /home/abayturar/airflow-project/venv/lib/python3.12/site-packages/airflow/example_dags/example_kubernetes_executor.py for tasks to queue
[2026-03-28T19:43:23.214+0500] {logging_mixin.py:188} INFO - [2026-03-28T19:43:23.214+0500] {dagbag.py:545} INFO - Filling up the DagBag from /home/abayturar/airflow-project/venv/lib/python3.12/site-packages/airflow/example_dags/example_kubernetes_executor.py
[2026-03-28T19:43:23.217+0500] {logging_mixin.py:188} INFO - [2026-03-28T19:43:23.217+0500] {example_kubernetes_executor.py:39} WARNING - The example_kubernetes_executor example DAG requires the kubernetes provider. Please install it with: pip install apache-airflow[cncf.kubernetes]
[2026-03-28T19:43:23.218+0500] {processor.py:842} WARNING - No viable dags retrieved from /home/abayturar/airflow-project/venv/lib/python3.12/site-packages/airflow/example_dags/example_kubernetes_executor.py
[2026-03-28T19:43:23.231+0500] {processor.py:183} INFO - Processing /home/abayturar/airflow-project/venv/lib/python3.12/site-packages/airflow/example_dags/example_kubernetes_executor.py took 0.026 seconds
[2026-03-28T19:44:11.193+0500] {processor.py:161} INFO - Started process (PID=32065) to work on /home/abayturar/airflow-project/venv/lib/python3.12/site-packages/airflow/example_dags/example_kubernetes_executor.py
[2026-03-28T19:44:11.194+0500] {processor.py:830} INFO - Processing file /home/abayturar/airflow-project/venv/lib/python3.12/site-packages/airflow/example_dags/example_kubernetes_executor.py for tasks to queue
[2026-03-28T19:44:11.196+0500] {logging_mixin.py:188} INFO - [2026-03-28T19:44:11.195+0500] {dagbag.py:545} INFO - Filling up the DagBag from /home/abayturar/airflow-project/venv/lib/python3.12/site-packages/airflow/example_dags/example_kubernetes_executor.py
[2026-03-28T19:44:11.198+0500] {logging_mixin.py:188} INFO - [2026-03-28T19:44:11.198+0500] {example_kubernetes_executor.py:39} WARNING - The example_kubernetes_executor example DAG requires the kubernetes provider. Please install it with: pip install apache-airflow[cncf.kubernetes]
[2026-03-28T19:44:11.199+0500] {processor.py:842} WARNING - No viable dags retrieved from /home/abayturar/airflow-project/venv/lib/python3.12/site-packages/airflow/example_dags/example_kubernetes_executor.py
[2026-03-28T19:44:11.210+0500] {processor.py:183} INFO - Processing /home/abayturar/airflow-project/venv/lib/python3.12/site-packages/airflow/example_dags/example_kubernetes_executor.py took 0.022 seconds
