[2026-03-28T15:21:22.988+0500] {processor.py:161} INFO - Started process (PID=11856) to work on /home/abayturar/airflow-project/venv/lib/python3.12/site-packages/airflow/example_dags/example_sensor_decorator.py
[2026-03-28T15:21:22.989+0500] {processor.py:830} INFO - Processing file /home/abayturar/airflow-project/venv/lib/python3.12/site-packages/airflow/example_dags/example_sensor_decorator.py for tasks to queue
[2026-03-28T15:21:22.991+0500] {logging_mixin.py:188} INFO - [2026-03-28T15:21:22.991+0500] {dagbag.py:545} INFO - Filling up the DagBag from /home/abayturar/airflow-project/venv/lib/python3.12/site-packages/airflow/example_dags/example_sensor_decorator.py
[2026-03-28T15:21:22.997+0500] {processor.py:840} INFO - DAG(s) 'example_sensor_decorator' retrieved from /home/abayturar/airflow-project/venv/lib/python3.12/site-packages/airflow/example_dags/example_sensor_decorator.py
[2026-03-28T15:21:23.084+0500] {logging_mixin.py:188} INFO - [2026-03-28T15:21:23.084+0500] {override.py:1858} INFO - Created Permission View: can edit on DAG:example_sensor_decorator
[2026-03-28T15:21:23.091+0500] {logging_mixin.py:188} INFO - [2026-03-28T15:21:23.091+0500] {override.py:1858} INFO - Created Permission View: can read on DAG:example_sensor_decorator
[2026-03-28T15:21:23.097+0500] {logging_mixin.py:188} INFO - [2026-03-28T15:21:23.096+0500] {override.py:1858} INFO - Created Permission View: can delete on DAG:example_sensor_decorator
[2026-03-28T15:21:23.097+0500] {logging_mixin.py:188} INFO - [2026-03-28T15:21:23.097+0500] {dag.py:3089} INFO - Sync 1 DAGs
[2026-03-28T15:21:23.104+0500] {logging_mixin.py:188} INFO - [2026-03-28T15:21:23.104+0500] {dag.py:3111} INFO - Creating ORM DAG for example_sensor_decorator
[2026-03-28T15:21:23.105+0500] {logging_mixin.py:188} INFO - [2026-03-28T15:21:23.105+0500] {dag.py:3947} INFO - Setting next_dagrun for example_sensor_decorator to None, run_after=None
[2026-03-28T15:21:23.120+0500] {processor.py:183} INFO - Processing /home/abayturar/airflow-project/venv/lib/python3.12/site-packages/airflow/example_dags/example_sensor_decorator.py took 0.139 seconds
[2026-03-28T15:22:16.425+0500] {processor.py:161} INFO - Started process (PID=12002) to work on /home/abayturar/airflow-project/venv/lib/python3.12/site-packages/airflow/example_dags/example_sensor_decorator.py
[2026-03-28T15:22:16.426+0500] {processor.py:830} INFO - Processing file /home/abayturar/airflow-project/venv/lib/python3.12/site-packages/airflow/example_dags/example_sensor_decorator.py for tasks to queue
[2026-03-28T15:22:16.427+0500] {logging_mixin.py:188} INFO - [2026-03-28T15:22:16.427+0500] {dagbag.py:545} INFO - Filling up the DagBag from /home/abayturar/airflow-project/venv/lib/python3.12/site-packages/airflow/example_dags/example_sensor_decorator.py
[2026-03-28T15:22:16.435+0500] {processor.py:840} INFO - DAG(s) 'example_sensor_decorator' retrieved from /home/abayturar/airflow-project/venv/lib/python3.12/site-packages/airflow/example_dags/example_sensor_decorator.py
[2026-03-28T15:22:16.452+0500] {logging_mixin.py:188} INFO - [2026-03-28T15:22:16.451+0500] {dag.py:3089} INFO - Sync 1 DAGs
[2026-03-28T15:22:16.462+0500] {logging_mixin.py:188} INFO - [2026-03-28T15:22:16.461+0500] {dag.py:3947} INFO - Setting next_dagrun for example_sensor_decorator to None, run_after=None
[2026-03-28T15:22:16.492+0500] {processor.py:183} INFO - Processing /home/abayturar/airflow-project/venv/lib/python3.12/site-packages/airflow/example_dags/example_sensor_decorator.py took 0.074 seconds
[2026-03-28T15:23:08.029+0500] {processor.py:161} INFO - Started process (PID=12157) to work on /home/abayturar/airflow-project/venv/lib/python3.12/site-packages/airflow/example_dags/example_sensor_decorator.py
[2026-03-28T15:23:08.030+0500] {processor.py:830} INFO - Processing file /home/abayturar/airflow-project/venv/lib/python3.12/site-packages/airflow/example_dags/example_sensor_decorator.py for tasks to queue
[2026-03-28T15:23:08.031+0500] {logging_mixin.py:188} INFO - [2026-03-28T15:23:08.031+0500] {dagbag.py:545} INFO - Filling up the DagBag from /home/abayturar/airflow-project/venv/lib/python3.12/site-packages/airflow/example_dags/example_sensor_decorator.py
[2026-03-28T15:23:08.038+0500] {processor.py:840} INFO - DAG(s) 'example_sensor_decorator' retrieved from /home/abayturar/airflow-project/venv/lib/python3.12/site-packages/airflow/example_dags/example_sensor_decorator.py
[2026-03-28T15:23:08.053+0500] {logging_mixin.py:188} INFO - [2026-03-28T15:23:08.053+0500] {dag.py:3089} INFO - Sync 1 DAGs
[2026-03-28T15:23:08.062+0500] {logging_mixin.py:188} INFO - [2026-03-28T15:23:08.062+0500] {dag.py:3947} INFO - Setting next_dagrun for example_sensor_decorator to None, run_after=None
[2026-03-28T15:23:08.077+0500] {processor.py:183} INFO - Processing /home/abayturar/airflow-project/venv/lib/python3.12/site-packages/airflow/example_dags/example_sensor_decorator.py took 0.054 seconds
[2026-03-28T15:23:51.395+0500] {processor.py:161} INFO - Started process (PID=12280) to work on /home/abayturar/airflow-project/venv/lib/python3.12/site-packages/airflow/example_dags/example_sensor_decorator.py
[2026-03-28T15:23:51.396+0500] {processor.py:830} INFO - Processing file /home/abayturar/airflow-project/venv/lib/python3.12/site-packages/airflow/example_dags/example_sensor_decorator.py for tasks to queue
[2026-03-28T15:23:51.398+0500] {logging_mixin.py:188} INFO - [2026-03-28T15:23:51.397+0500] {dagbag.py:545} INFO - Filling up the DagBag from /home/abayturar/airflow-project/venv/lib/python3.12/site-packages/airflow/example_dags/example_sensor_decorator.py
[2026-03-28T15:23:51.404+0500] {processor.py:840} INFO - DAG(s) 'example_sensor_decorator' retrieved from /home/abayturar/airflow-project/venv/lib/python3.12/site-packages/airflow/example_dags/example_sensor_decorator.py
[2026-03-28T15:23:51.419+0500] {logging_mixin.py:188} INFO - [2026-03-28T15:23:51.419+0500] {dag.py:3089} INFO - Sync 1 DAGs
[2026-03-28T15:23:51.429+0500] {logging_mixin.py:188} INFO - [2026-03-28T15:23:51.429+0500] {dag.py:3947} INFO - Setting next_dagrun for example_sensor_decorator to None, run_after=None
[2026-03-28T15:23:51.456+0500] {processor.py:183} INFO - Processing /home/abayturar/airflow-project/venv/lib/python3.12/site-packages/airflow/example_dags/example_sensor_decorator.py took 0.066 seconds
[2026-03-28T15:24:40.721+0500] {processor.py:161} INFO - Started process (PID=12420) to work on /home/abayturar/airflow-project/venv/lib/python3.12/site-packages/airflow/example_dags/example_sensor_decorator.py
[2026-03-28T15:24:40.722+0500] {processor.py:830} INFO - Processing file /home/abayturar/airflow-project/venv/lib/python3.12/site-packages/airflow/example_dags/example_sensor_decorator.py for tasks to queue
[2026-03-28T15:24:40.724+0500] {logging_mixin.py:188} INFO - [2026-03-28T15:24:40.724+0500] {dagbag.py:545} INFO - Filling up the DagBag from /home/abayturar/airflow-project/venv/lib/python3.12/site-packages/airflow/example_dags/example_sensor_decorator.py
[2026-03-28T15:24:40.734+0500] {processor.py:840} INFO - DAG(s) 'example_sensor_decorator' retrieved from /home/abayturar/airflow-project/venv/lib/python3.12/site-packages/airflow/example_dags/example_sensor_decorator.py
[2026-03-28T15:24:40.749+0500] {logging_mixin.py:188} INFO - [2026-03-28T15:24:40.749+0500] {dag.py:3089} INFO - Sync 1 DAGs
[2026-03-28T15:24:40.758+0500] {logging_mixin.py:188} INFO - [2026-03-28T15:24:40.758+0500] {dag.py:3947} INFO - Setting next_dagrun for example_sensor_decorator to None, run_after=None
[2026-03-28T15:24:40.775+0500] {processor.py:183} INFO - Processing /home/abayturar/airflow-project/venv/lib/python3.12/site-packages/airflow/example_dags/example_sensor_decorator.py took 0.061 seconds
[2026-03-28T15:26:02.381+0500] {processor.py:161} INFO - Started process (PID=12623) to work on /home/abayturar/airflow-project/venv/lib/python3.12/site-packages/airflow/example_dags/example_sensor_decorator.py
[2026-03-28T15:26:02.382+0500] {processor.py:830} INFO - Processing file /home/abayturar/airflow-project/venv/lib/python3.12/site-packages/airflow/example_dags/example_sensor_decorator.py for tasks to queue
[2026-03-28T15:26:02.384+0500] {logging_mixin.py:188} INFO - [2026-03-28T15:26:02.383+0500] {dagbag.py:545} INFO - Filling up the DagBag from /home/abayturar/airflow-project/venv/lib/python3.12/site-packages/airflow/example_dags/example_sensor_decorator.py
[2026-03-28T15:26:02.391+0500] {processor.py:840} INFO - DAG(s) 'example_sensor_decorator' retrieved from /home/abayturar/airflow-project/venv/lib/python3.12/site-packages/airflow/example_dags/example_sensor_decorator.py
[2026-03-28T15:26:02.410+0500] {logging_mixin.py:188} INFO - [2026-03-28T15:26:02.410+0500] {dag.py:3089} INFO - Sync 1 DAGs
[2026-03-28T15:26:02.419+0500] {logging_mixin.py:188} INFO - [2026-03-28T15:26:02.419+0500] {dag.py:3947} INFO - Setting next_dagrun for example_sensor_decorator to None, run_after=None
[2026-03-28T15:26:02.438+0500] {processor.py:183} INFO - Processing /home/abayturar/airflow-project/venv/lib/python3.12/site-packages/airflow/example_dags/example_sensor_decorator.py took 0.063 seconds
[2026-03-28T15:27:07.426+0500] {processor.py:161} INFO - Started process (PID=12800) to work on /home/abayturar/airflow-project/venv/lib/python3.12/site-packages/airflow/example_dags/example_sensor_decorator.py
[2026-03-28T15:27:07.427+0500] {processor.py:830} INFO - Processing file /home/abayturar/airflow-project/venv/lib/python3.12/site-packages/airflow/example_dags/example_sensor_decorator.py for tasks to queue
[2026-03-28T15:27:07.429+0500] {logging_mixin.py:188} INFO - [2026-03-28T15:27:07.428+0500] {dagbag.py:545} INFO - Filling up the DagBag from /home/abayturar/airflow-project/venv/lib/python3.12/site-packages/airflow/example_dags/example_sensor_decorator.py
[2026-03-28T15:27:07.435+0500] {processor.py:840} INFO - DAG(s) 'example_sensor_decorator' retrieved from /home/abayturar/airflow-project/venv/lib/python3.12/site-packages/airflow/example_dags/example_sensor_decorator.py
[2026-03-28T15:27:07.444+0500] {logging_mixin.py:188} INFO - [2026-03-28T15:27:07.444+0500] {dag.py:3089} INFO - Sync 1 DAGs
[2026-03-28T15:27:07.454+0500] {logging_mixin.py:188} INFO - [2026-03-28T15:27:07.454+0500] {dag.py:3947} INFO - Setting next_dagrun for example_sensor_decorator to None, run_after=None
[2026-03-28T15:27:07.481+0500] {processor.py:183} INFO - Processing /home/abayturar/airflow-project/venv/lib/python3.12/site-packages/airflow/example_dags/example_sensor_decorator.py took 0.061 seconds
[2026-03-28T18:17:44.146+0500] {processor.py:161} INFO - Started process (PID=17930) to work on /home/abayturar/airflow-project/venv/lib/python3.12/site-packages/airflow/example_dags/example_sensor_decorator.py
[2026-03-28T18:17:44.147+0500] {processor.py:830} INFO - Processing file /home/abayturar/airflow-project/venv/lib/python3.12/site-packages/airflow/example_dags/example_sensor_decorator.py for tasks to queue
[2026-03-28T18:17:44.149+0500] {logging_mixin.py:188} INFO - [2026-03-28T18:17:44.149+0500] {dagbag.py:545} INFO - Filling up the DagBag from /home/abayturar/airflow-project/venv/lib/python3.12/site-packages/airflow/example_dags/example_sensor_decorator.py
[2026-03-28T18:17:44.156+0500] {processor.py:840} INFO - DAG(s) 'example_sensor_decorator' retrieved from /home/abayturar/airflow-project/venv/lib/python3.12/site-packages/airflow/example_dags/example_sensor_decorator.py
[2026-03-28T18:17:44.264+0500] {logging_mixin.py:188} INFO - [2026-03-28T18:17:44.263+0500] {override.py:1858} INFO - Created Permission View: can edit on DAG:example_sensor_decorator
[2026-03-28T18:17:44.272+0500] {logging_mixin.py:188} INFO - [2026-03-28T18:17:44.271+0500] {override.py:1858} INFO - Created Permission View: can delete on DAG:example_sensor_decorator
[2026-03-28T18:17:44.279+0500] {logging_mixin.py:188} INFO - [2026-03-28T18:17:44.278+0500] {override.py:1858} INFO - Created Permission View: can read on DAG:example_sensor_decorator
[2026-03-28T18:17:44.280+0500] {logging_mixin.py:188} INFO - [2026-03-28T18:17:44.279+0500] {dag.py:3089} INFO - Sync 1 DAGs
[2026-03-28T18:17:44.289+0500] {logging_mixin.py:188} INFO - [2026-03-28T18:17:44.289+0500] {dag.py:3111} INFO - Creating ORM DAG for example_sensor_decorator
[2026-03-28T18:17:44.290+0500] {logging_mixin.py:188} INFO - [2026-03-28T18:17:44.289+0500] {dag.py:3947} INFO - Setting next_dagrun for example_sensor_decorator to None, run_after=None
[2026-03-28T18:17:44.309+0500] {processor.py:183} INFO - Processing /home/abayturar/airflow-project/venv/lib/python3.12/site-packages/airflow/example_dags/example_sensor_decorator.py took 0.168 seconds
[2026-03-28T18:18:37.291+0500] {processor.py:161} INFO - Started process (PID=18072) to work on /home/abayturar/airflow-project/venv/lib/python3.12/site-packages/airflow/example_dags/example_sensor_decorator.py
[2026-03-28T18:18:37.292+0500] {processor.py:830} INFO - Processing file /home/abayturar/airflow-project/venv/lib/python3.12/site-packages/airflow/example_dags/example_sensor_decorator.py for tasks to queue
[2026-03-28T18:18:37.293+0500] {logging_mixin.py:188} INFO - [2026-03-28T18:18:37.293+0500] {dagbag.py:545} INFO - Filling up the DagBag from /home/abayturar/airflow-project/venv/lib/python3.12/site-packages/airflow/example_dags/example_sensor_decorator.py
[2026-03-28T18:18:37.300+0500] {processor.py:840} INFO - DAG(s) 'example_sensor_decorator' retrieved from /home/abayturar/airflow-project/venv/lib/python3.12/site-packages/airflow/example_dags/example_sensor_decorator.py
[2026-03-28T18:18:37.316+0500] {logging_mixin.py:188} INFO - [2026-03-28T18:18:37.316+0500] {dag.py:3089} INFO - Sync 1 DAGs
[2026-03-28T18:18:37.325+0500] {logging_mixin.py:188} INFO - [2026-03-28T18:18:37.325+0500] {dag.py:3947} INFO - Setting next_dagrun for example_sensor_decorator to None, run_after=None
[2026-03-28T18:18:37.352+0500] {processor.py:183} INFO - Processing /home/abayturar/airflow-project/venv/lib/python3.12/site-packages/airflow/example_dags/example_sensor_decorator.py took 0.066 seconds
[2026-03-28T18:22:28.245+0500] {processor.py:161} INFO - Started process (PID=18607) to work on /home/abayturar/airflow-project/venv/lib/python3.12/site-packages/airflow/example_dags/example_sensor_decorator.py
[2026-03-28T18:22:28.245+0500] {processor.py:830} INFO - Processing file /home/abayturar/airflow-project/venv/lib/python3.12/site-packages/airflow/example_dags/example_sensor_decorator.py for tasks to queue
[2026-03-28T18:22:28.247+0500] {logging_mixin.py:188} INFO - [2026-03-28T18:22:28.247+0500] {dagbag.py:545} INFO - Filling up the DagBag from /home/abayturar/airflow-project/venv/lib/python3.12/site-packages/airflow/example_dags/example_sensor_decorator.py
[2026-03-28T18:22:28.253+0500] {processor.py:840} INFO - DAG(s) 'example_sensor_decorator' retrieved from /home/abayturar/airflow-project/venv/lib/python3.12/site-packages/airflow/example_dags/example_sensor_decorator.py
[2026-03-28T18:22:28.271+0500] {logging_mixin.py:188} INFO - [2026-03-28T18:22:28.270+0500] {dag.py:3089} INFO - Sync 1 DAGs
[2026-03-28T18:22:28.279+0500] {logging_mixin.py:188} INFO - [2026-03-28T18:22:28.279+0500] {dag.py:3947} INFO - Setting next_dagrun for example_sensor_decorator to None, run_after=None
[2026-03-28T18:22:28.297+0500] {processor.py:183} INFO - Processing /home/abayturar/airflow-project/venv/lib/python3.12/site-packages/airflow/example_dags/example_sensor_decorator.py took 0.058 seconds
[2026-03-28T18:23:21.328+0500] {processor.py:161} INFO - Started process (PID=18755) to work on /home/abayturar/airflow-project/venv/lib/python3.12/site-packages/airflow/example_dags/example_sensor_decorator.py
[2026-03-28T18:23:21.329+0500] {processor.py:830} INFO - Processing file /home/abayturar/airflow-project/venv/lib/python3.12/site-packages/airflow/example_dags/example_sensor_decorator.py for tasks to queue
[2026-03-28T18:23:21.330+0500] {logging_mixin.py:188} INFO - [2026-03-28T18:23:21.330+0500] {dagbag.py:545} INFO - Filling up the DagBag from /home/abayturar/airflow-project/venv/lib/python3.12/site-packages/airflow/example_dags/example_sensor_decorator.py
[2026-03-28T18:23:21.337+0500] {processor.py:840} INFO - DAG(s) 'example_sensor_decorator' retrieved from /home/abayturar/airflow-project/venv/lib/python3.12/site-packages/airflow/example_dags/example_sensor_decorator.py
[2026-03-28T18:23:21.353+0500] {logging_mixin.py:188} INFO - [2026-03-28T18:23:21.353+0500] {dag.py:3089} INFO - Sync 1 DAGs
[2026-03-28T18:23:21.363+0500] {logging_mixin.py:188} INFO - [2026-03-28T18:23:21.362+0500] {dag.py:3947} INFO - Setting next_dagrun for example_sensor_decorator to None, run_after=None
[2026-03-28T18:23:21.381+0500] {processor.py:183} INFO - Processing /home/abayturar/airflow-project/venv/lib/python3.12/site-packages/airflow/example_dags/example_sensor_decorator.py took 0.059 seconds
[2026-03-28T18:24:14.711+0500] {processor.py:161} INFO - Started process (PID=18896) to work on /home/abayturar/airflow-project/venv/lib/python3.12/site-packages/airflow/example_dags/example_sensor_decorator.py
[2026-03-28T18:24:14.712+0500] {processor.py:830} INFO - Processing file /home/abayturar/airflow-project/venv/lib/python3.12/site-packages/airflow/example_dags/example_sensor_decorator.py for tasks to queue
[2026-03-28T18:24:14.714+0500] {logging_mixin.py:188} INFO - [2026-03-28T18:24:14.714+0500] {dagbag.py:545} INFO - Filling up the DagBag from /home/abayturar/airflow-project/venv/lib/python3.12/site-packages/airflow/example_dags/example_sensor_decorator.py
[2026-03-28T18:24:14.722+0500] {processor.py:840} INFO - DAG(s) 'example_sensor_decorator' retrieved from /home/abayturar/airflow-project/venv/lib/python3.12/site-packages/airflow/example_dags/example_sensor_decorator.py
[2026-03-28T18:24:14.739+0500] {logging_mixin.py:188} INFO - [2026-03-28T18:24:14.739+0500] {dag.py:3089} INFO - Sync 1 DAGs
[2026-03-28T18:24:14.748+0500] {logging_mixin.py:188} INFO - [2026-03-28T18:24:14.748+0500] {dag.py:3947} INFO - Setting next_dagrun for example_sensor_decorator to None, run_after=None
[2026-03-28T18:24:14.778+0500] {processor.py:183} INFO - Processing /home/abayturar/airflow-project/venv/lib/python3.12/site-packages/airflow/example_dags/example_sensor_decorator.py took 0.073 seconds
[2026-03-28T18:25:01.474+0500] {processor.py:161} INFO - Started process (PID=19023) to work on /home/abayturar/airflow-project/venv/lib/python3.12/site-packages/airflow/example_dags/example_sensor_decorator.py
[2026-03-28T18:25:01.475+0500] {processor.py:830} INFO - Processing file /home/abayturar/airflow-project/venv/lib/python3.12/site-packages/airflow/example_dags/example_sensor_decorator.py for tasks to queue
[2026-03-28T18:25:01.476+0500] {logging_mixin.py:188} INFO - [2026-03-28T18:25:01.476+0500] {dagbag.py:545} INFO - Filling up the DagBag from /home/abayturar/airflow-project/venv/lib/python3.12/site-packages/airflow/example_dags/example_sensor_decorator.py
[2026-03-28T18:25:01.483+0500] {processor.py:840} INFO - DAG(s) 'example_sensor_decorator' retrieved from /home/abayturar/airflow-project/venv/lib/python3.12/site-packages/airflow/example_dags/example_sensor_decorator.py
[2026-03-28T18:25:01.497+0500] {logging_mixin.py:188} INFO - [2026-03-28T18:25:01.497+0500] {dag.py:3089} INFO - Sync 1 DAGs
[2026-03-28T18:25:01.506+0500] {logging_mixin.py:188} INFO - [2026-03-28T18:25:01.506+0500] {dag.py:3947} INFO - Setting next_dagrun for example_sensor_decorator to None, run_after=None
[2026-03-28T18:25:01.533+0500] {processor.py:183} INFO - Processing /home/abayturar/airflow-project/venv/lib/python3.12/site-packages/airflow/example_dags/example_sensor_decorator.py took 0.065 seconds
[2026-03-28T18:25:49.856+0500] {processor.py:161} INFO - Started process (PID=19152) to work on /home/abayturar/airflow-project/venv/lib/python3.12/site-packages/airflow/example_dags/example_sensor_decorator.py
[2026-03-28T18:25:49.858+0500] {processor.py:830} INFO - Processing file /home/abayturar/airflow-project/venv/lib/python3.12/site-packages/airflow/example_dags/example_sensor_decorator.py for tasks to queue
[2026-03-28T18:25:49.860+0500] {logging_mixin.py:188} INFO - [2026-03-28T18:25:49.859+0500] {dagbag.py:545} INFO - Filling up the DagBag from /home/abayturar/airflow-project/venv/lib/python3.12/site-packages/airflow/example_dags/example_sensor_decorator.py
[2026-03-28T18:25:49.868+0500] {processor.py:840} INFO - DAG(s) 'example_sensor_decorator' retrieved from /home/abayturar/airflow-project/venv/lib/python3.12/site-packages/airflow/example_dags/example_sensor_decorator.py
[2026-03-28T18:25:49.888+0500] {logging_mixin.py:188} INFO - [2026-03-28T18:25:49.888+0500] {dag.py:3089} INFO - Sync 1 DAGs
[2026-03-28T18:25:49.903+0500] {logging_mixin.py:188} INFO - [2026-03-28T18:25:49.903+0500] {dag.py:3947} INFO - Setting next_dagrun for example_sensor_decorator to None, run_after=None
[2026-03-28T18:25:49.925+0500] {processor.py:183} INFO - Processing /home/abayturar/airflow-project/venv/lib/python3.12/site-packages/airflow/example_dags/example_sensor_decorator.py took 0.076 seconds
[2026-03-28T18:26:37.732+0500] {processor.py:161} INFO - Started process (PID=19280) to work on /home/abayturar/airflow-project/venv/lib/python3.12/site-packages/airflow/example_dags/example_sensor_decorator.py
[2026-03-28T18:26:37.733+0500] {processor.py:830} INFO - Processing file /home/abayturar/airflow-project/venv/lib/python3.12/site-packages/airflow/example_dags/example_sensor_decorator.py for tasks to queue
[2026-03-28T18:26:37.734+0500] {logging_mixin.py:188} INFO - [2026-03-28T18:26:37.734+0500] {dagbag.py:545} INFO - Filling up the DagBag from /home/abayturar/airflow-project/venv/lib/python3.12/site-packages/airflow/example_dags/example_sensor_decorator.py
[2026-03-28T18:26:37.741+0500] {processor.py:840} INFO - DAG(s) 'example_sensor_decorator' retrieved from /home/abayturar/airflow-project/venv/lib/python3.12/site-packages/airflow/example_dags/example_sensor_decorator.py
[2026-03-28T18:26:37.757+0500] {logging_mixin.py:188} INFO - [2026-03-28T18:26:37.757+0500] {dag.py:3089} INFO - Sync 1 DAGs
[2026-03-28T18:26:37.766+0500] {logging_mixin.py:188} INFO - [2026-03-28T18:26:37.766+0500] {dag.py:3947} INFO - Setting next_dagrun for example_sensor_decorator to None, run_after=None
[2026-03-28T18:26:37.793+0500] {processor.py:183} INFO - Processing /home/abayturar/airflow-project/venv/lib/python3.12/site-packages/airflow/example_dags/example_sensor_decorator.py took 0.067 seconds
[2026-03-28T18:27:26.656+0500] {processor.py:161} INFO - Started process (PID=19410) to work on /home/abayturar/airflow-project/venv/lib/python3.12/site-packages/airflow/example_dags/example_sensor_decorator.py
[2026-03-28T18:27:26.657+0500] {processor.py:830} INFO - Processing file /home/abayturar/airflow-project/venv/lib/python3.12/site-packages/airflow/example_dags/example_sensor_decorator.py for tasks to queue
[2026-03-28T18:27:26.658+0500] {logging_mixin.py:188} INFO - [2026-03-28T18:27:26.658+0500] {dagbag.py:545} INFO - Filling up the DagBag from /home/abayturar/airflow-project/venv/lib/python3.12/site-packages/airflow/example_dags/example_sensor_decorator.py
[2026-03-28T18:27:26.665+0500] {processor.py:840} INFO - DAG(s) 'example_sensor_decorator' retrieved from /home/abayturar/airflow-project/venv/lib/python3.12/site-packages/airflow/example_dags/example_sensor_decorator.py
[2026-03-28T18:27:26.680+0500] {logging_mixin.py:188} INFO - [2026-03-28T18:27:26.680+0500] {dag.py:3089} INFO - Sync 1 DAGs
[2026-03-28T18:27:26.689+0500] {logging_mixin.py:188} INFO - [2026-03-28T18:27:26.689+0500] {dag.py:3947} INFO - Setting next_dagrun for example_sensor_decorator to None, run_after=None
[2026-03-28T18:27:26.703+0500] {processor.py:183} INFO - Processing /home/abayturar/airflow-project/venv/lib/python3.12/site-packages/airflow/example_dags/example_sensor_decorator.py took 0.053 seconds
[2026-03-28T18:28:21.237+0500] {processor.py:161} INFO - Started process (PID=19567) to work on /home/abayturar/airflow-project/venv/lib/python3.12/site-packages/airflow/example_dags/example_sensor_decorator.py
[2026-03-28T18:28:21.237+0500] {processor.py:830} INFO - Processing file /home/abayturar/airflow-project/venv/lib/python3.12/site-packages/airflow/example_dags/example_sensor_decorator.py for tasks to queue
[2026-03-28T18:28:21.240+0500] {logging_mixin.py:188} INFO - [2026-03-28T18:28:21.239+0500] {dagbag.py:545} INFO - Filling up the DagBag from /home/abayturar/airflow-project/venv/lib/python3.12/site-packages/airflow/example_dags/example_sensor_decorator.py
[2026-03-28T18:28:21.247+0500] {processor.py:840} INFO - DAG(s) 'example_sensor_decorator' retrieved from /home/abayturar/airflow-project/venv/lib/python3.12/site-packages/airflow/example_dags/example_sensor_decorator.py
[2026-03-28T18:28:21.265+0500] {logging_mixin.py:188} INFO - [2026-03-28T18:28:21.264+0500] {dag.py:3089} INFO - Sync 1 DAGs
[2026-03-28T18:28:21.276+0500] {logging_mixin.py:188} INFO - [2026-03-28T18:28:21.276+0500] {dag.py:3947} INFO - Setting next_dagrun for example_sensor_decorator to None, run_after=None
[2026-03-28T18:28:21.294+0500] {processor.py:183} INFO - Processing /home/abayturar/airflow-project/venv/lib/python3.12/site-packages/airflow/example_dags/example_sensor_decorator.py took 0.064 seconds
[2026-03-28T18:29:13.329+0500] {processor.py:161} INFO - Started process (PID=19704) to work on /home/abayturar/airflow-project/venv/lib/python3.12/site-packages/airflow/example_dags/example_sensor_decorator.py
[2026-03-28T18:29:13.330+0500] {processor.py:830} INFO - Processing file /home/abayturar/airflow-project/venv/lib/python3.12/site-packages/airflow/example_dags/example_sensor_decorator.py for tasks to queue
[2026-03-28T18:29:13.332+0500] {logging_mixin.py:188} INFO - [2026-03-28T18:29:13.332+0500] {dagbag.py:545} INFO - Filling up the DagBag from /home/abayturar/airflow-project/venv/lib/python3.12/site-packages/airflow/example_dags/example_sensor_decorator.py
[2026-03-28T18:29:13.340+0500] {processor.py:840} INFO - DAG(s) 'example_sensor_decorator' retrieved from /home/abayturar/airflow-project/venv/lib/python3.12/site-packages/airflow/example_dags/example_sensor_decorator.py
[2026-03-28T18:29:13.355+0500] {logging_mixin.py:188} INFO - [2026-03-28T18:29:13.355+0500] {dag.py:3089} INFO - Sync 1 DAGs
[2026-03-28T18:29:13.364+0500] {logging_mixin.py:188} INFO - [2026-03-28T18:29:13.364+0500] {dag.py:3947} INFO - Setting next_dagrun for example_sensor_decorator to None, run_after=None
[2026-03-28T18:29:13.391+0500] {processor.py:183} INFO - Processing /home/abayturar/airflow-project/venv/lib/python3.12/site-packages/airflow/example_dags/example_sensor_decorator.py took 0.068 seconds
[2026-03-28T18:30:02.886+0500] {processor.py:161} INFO - Started process (PID=19837) to work on /home/abayturar/airflow-project/venv/lib/python3.12/site-packages/airflow/example_dags/example_sensor_decorator.py
[2026-03-28T18:30:02.887+0500] {processor.py:830} INFO - Processing file /home/abayturar/airflow-project/venv/lib/python3.12/site-packages/airflow/example_dags/example_sensor_decorator.py for tasks to queue
[2026-03-28T18:30:02.888+0500] {logging_mixin.py:188} INFO - [2026-03-28T18:30:02.888+0500] {dagbag.py:545} INFO - Filling up the DagBag from /home/abayturar/airflow-project/venv/lib/python3.12/site-packages/airflow/example_dags/example_sensor_decorator.py
[2026-03-28T18:30:02.895+0500] {processor.py:840} INFO - DAG(s) 'example_sensor_decorator' retrieved from /home/abayturar/airflow-project/venv/lib/python3.12/site-packages/airflow/example_dags/example_sensor_decorator.py
[2026-03-28T18:30:02.910+0500] {logging_mixin.py:188} INFO - [2026-03-28T18:30:02.910+0500] {dag.py:3089} INFO - Sync 1 DAGs
[2026-03-28T18:30:02.918+0500] {logging_mixin.py:188} INFO - [2026-03-28T18:30:02.918+0500] {dag.py:3947} INFO - Setting next_dagrun for example_sensor_decorator to None, run_after=None
[2026-03-28T18:30:02.945+0500] {processor.py:183} INFO - Processing /home/abayturar/airflow-project/venv/lib/python3.12/site-packages/airflow/example_dags/example_sensor_decorator.py took 0.065 seconds
[2026-03-28T18:30:48.868+0500] {processor.py:161} INFO - Started process (PID=19959) to work on /home/abayturar/airflow-project/venv/lib/python3.12/site-packages/airflow/example_dags/example_sensor_decorator.py
[2026-03-28T18:30:48.869+0500] {processor.py:830} INFO - Processing file /home/abayturar/airflow-project/venv/lib/python3.12/site-packages/airflow/example_dags/example_sensor_decorator.py for tasks to queue
[2026-03-28T18:30:48.871+0500] {logging_mixin.py:188} INFO - [2026-03-28T18:30:48.870+0500] {dagbag.py:545} INFO - Filling up the DagBag from /home/abayturar/airflow-project/venv/lib/python3.12/site-packages/airflow/example_dags/example_sensor_decorator.py
[2026-03-28T18:30:48.877+0500] {processor.py:840} INFO - DAG(s) 'example_sensor_decorator' retrieved from /home/abayturar/airflow-project/venv/lib/python3.12/site-packages/airflow/example_dags/example_sensor_decorator.py
[2026-03-28T18:30:48.892+0500] {logging_mixin.py:188} INFO - [2026-03-28T18:30:48.892+0500] {dag.py:3089} INFO - Sync 1 DAGs
[2026-03-28T18:30:48.901+0500] {logging_mixin.py:188} INFO - [2026-03-28T18:30:48.901+0500] {dag.py:3947} INFO - Setting next_dagrun for example_sensor_decorator to None, run_after=None
[2026-03-28T18:30:48.928+0500] {processor.py:183} INFO - Processing /home/abayturar/airflow-project/venv/lib/python3.12/site-packages/airflow/example_dags/example_sensor_decorator.py took 0.066 seconds
[2026-03-28T18:31:35.820+0500] {processor.py:161} INFO - Started process (PID=20093) to work on /home/abayturar/airflow-project/venv/lib/python3.12/site-packages/airflow/example_dags/example_sensor_decorator.py
[2026-03-28T18:31:35.821+0500] {processor.py:830} INFO - Processing file /home/abayturar/airflow-project/venv/lib/python3.12/site-packages/airflow/example_dags/example_sensor_decorator.py for tasks to queue
[2026-03-28T18:31:35.822+0500] {logging_mixin.py:188} INFO - [2026-03-28T18:31:35.822+0500] {dagbag.py:545} INFO - Filling up the DagBag from /home/abayturar/airflow-project/venv/lib/python3.12/site-packages/airflow/example_dags/example_sensor_decorator.py
[2026-03-28T18:31:35.831+0500] {processor.py:840} INFO - DAG(s) 'example_sensor_decorator' retrieved from /home/abayturar/airflow-project/venv/lib/python3.12/site-packages/airflow/example_dags/example_sensor_decorator.py
[2026-03-28T18:31:35.848+0500] {logging_mixin.py:188} INFO - [2026-03-28T18:31:35.848+0500] {dag.py:3089} INFO - Sync 1 DAGs
[2026-03-28T18:31:35.863+0500] {logging_mixin.py:188} INFO - [2026-03-28T18:31:35.863+0500] {dag.py:3947} INFO - Setting next_dagrun for example_sensor_decorator to None, run_after=None
[2026-03-28T18:31:35.885+0500] {processor.py:183} INFO - Processing /home/abayturar/airflow-project/venv/lib/python3.12/site-packages/airflow/example_dags/example_sensor_decorator.py took 0.072 seconds
[2026-03-28T18:32:19.816+0500] {processor.py:161} INFO - Started process (PID=20213) to work on /home/abayturar/airflow-project/venv/lib/python3.12/site-packages/airflow/example_dags/example_sensor_decorator.py
[2026-03-28T18:32:19.818+0500] {processor.py:830} INFO - Processing file /home/abayturar/airflow-project/venv/lib/python3.12/site-packages/airflow/example_dags/example_sensor_decorator.py for tasks to queue
[2026-03-28T18:32:19.820+0500] {logging_mixin.py:188} INFO - [2026-03-28T18:32:19.819+0500] {dagbag.py:545} INFO - Filling up the DagBag from /home/abayturar/airflow-project/venv/lib/python3.12/site-packages/airflow/example_dags/example_sensor_decorator.py
[2026-03-28T18:32:19.828+0500] {processor.py:840} INFO - DAG(s) 'example_sensor_decorator' retrieved from /home/abayturar/airflow-project/venv/lib/python3.12/site-packages/airflow/example_dags/example_sensor_decorator.py
[2026-03-28T18:32:19.847+0500] {logging_mixin.py:188} INFO - [2026-03-28T18:32:19.847+0500] {dag.py:3089} INFO - Sync 1 DAGs
[2026-03-28T18:32:19.858+0500] {logging_mixin.py:188} INFO - [2026-03-28T18:32:19.858+0500] {dag.py:3947} INFO - Setting next_dagrun for example_sensor_decorator to None, run_after=None
[2026-03-28T18:32:19.876+0500] {processor.py:183} INFO - Processing /home/abayturar/airflow-project/venv/lib/python3.12/site-packages/airflow/example_dags/example_sensor_decorator.py took 0.068 seconds
[2026-03-28T18:33:08.576+0500] {processor.py:161} INFO - Started process (PID=20341) to work on /home/abayturar/airflow-project/venv/lib/python3.12/site-packages/airflow/example_dags/example_sensor_decorator.py
[2026-03-28T18:33:08.577+0500] {processor.py:830} INFO - Processing file /home/abayturar/airflow-project/venv/lib/python3.12/site-packages/airflow/example_dags/example_sensor_decorator.py for tasks to queue
[2026-03-28T18:33:08.581+0500] {logging_mixin.py:188} INFO - [2026-03-28T18:33:08.580+0500] {dagbag.py:545} INFO - Filling up the DagBag from /home/abayturar/airflow-project/venv/lib/python3.12/site-packages/airflow/example_dags/example_sensor_decorator.py
[2026-03-28T18:33:08.590+0500] {processor.py:840} INFO - DAG(s) 'example_sensor_decorator' retrieved from /home/abayturar/airflow-project/venv/lib/python3.12/site-packages/airflow/example_dags/example_sensor_decorator.py
[2026-03-28T18:33:08.608+0500] {logging_mixin.py:188} INFO - [2026-03-28T18:33:08.607+0500] {dag.py:3089} INFO - Sync 1 DAGs
[2026-03-28T18:33:08.617+0500] {logging_mixin.py:188} INFO - [2026-03-28T18:33:08.617+0500] {dag.py:3947} INFO - Setting next_dagrun for example_sensor_decorator to None, run_after=None
[2026-03-28T18:33:08.644+0500] {processor.py:183} INFO - Processing /home/abayturar/airflow-project/venv/lib/python3.12/site-packages/airflow/example_dags/example_sensor_decorator.py took 0.074 seconds
[2026-03-28T18:34:01.579+0500] {processor.py:161} INFO - Started process (PID=20481) to work on /home/abayturar/airflow-project/venv/lib/python3.12/site-packages/airflow/example_dags/example_sensor_decorator.py
[2026-03-28T18:34:01.580+0500] {processor.py:830} INFO - Processing file /home/abayturar/airflow-project/venv/lib/python3.12/site-packages/airflow/example_dags/example_sensor_decorator.py for tasks to queue
[2026-03-28T18:34:01.581+0500] {logging_mixin.py:188} INFO - [2026-03-28T18:34:01.581+0500] {dagbag.py:545} INFO - Filling up the DagBag from /home/abayturar/airflow-project/venv/lib/python3.12/site-packages/airflow/example_dags/example_sensor_decorator.py
[2026-03-28T18:34:01.588+0500] {processor.py:840} INFO - DAG(s) 'example_sensor_decorator' retrieved from /home/abayturar/airflow-project/venv/lib/python3.12/site-packages/airflow/example_dags/example_sensor_decorator.py
[2026-03-28T18:34:01.603+0500] {logging_mixin.py:188} INFO - [2026-03-28T18:34:01.603+0500] {dag.py:3089} INFO - Sync 1 DAGs
[2026-03-28T18:34:01.612+0500] {logging_mixin.py:188} INFO - [2026-03-28T18:34:01.612+0500] {dag.py:3947} INFO - Setting next_dagrun for example_sensor_decorator to None, run_after=None
[2026-03-28T18:34:01.627+0500] {processor.py:183} INFO - Processing /home/abayturar/airflow-project/venv/lib/python3.12/site-packages/airflow/example_dags/example_sensor_decorator.py took 0.055 seconds
[2026-03-28T18:34:53.513+0500] {processor.py:161} INFO - Started process (PID=20634) to work on /home/abayturar/airflow-project/venv/lib/python3.12/site-packages/airflow/example_dags/example_sensor_decorator.py
[2026-03-28T18:34:53.514+0500] {processor.py:830} INFO - Processing file /home/abayturar/airflow-project/venv/lib/python3.12/site-packages/airflow/example_dags/example_sensor_decorator.py for tasks to queue
[2026-03-28T18:34:53.517+0500] {logging_mixin.py:188} INFO - [2026-03-28T18:34:53.516+0500] {dagbag.py:545} INFO - Filling up the DagBag from /home/abayturar/airflow-project/venv/lib/python3.12/site-packages/airflow/example_dags/example_sensor_decorator.py
[2026-03-28T18:34:53.525+0500] {processor.py:840} INFO - DAG(s) 'example_sensor_decorator' retrieved from /home/abayturar/airflow-project/venv/lib/python3.12/site-packages/airflow/example_dags/example_sensor_decorator.py
[2026-03-28T18:34:53.547+0500] {logging_mixin.py:188} INFO - [2026-03-28T18:34:53.547+0500] {dag.py:3089} INFO - Sync 1 DAGs
[2026-03-28T18:34:53.561+0500] {logging_mixin.py:188} INFO - [2026-03-28T18:34:53.560+0500] {dag.py:3947} INFO - Setting next_dagrun for example_sensor_decorator to None, run_after=None
[2026-03-28T18:34:53.581+0500] {processor.py:183} INFO - Processing /home/abayturar/airflow-project/venv/lib/python3.12/site-packages/airflow/example_dags/example_sensor_decorator.py took 0.076 seconds
[2026-03-28T18:35:43.239+0500] {processor.py:161} INFO - Started process (PID=20770) to work on /home/abayturar/airflow-project/venv/lib/python3.12/site-packages/airflow/example_dags/example_sensor_decorator.py
[2026-03-28T18:35:43.240+0500] {processor.py:830} INFO - Processing file /home/abayturar/airflow-project/venv/lib/python3.12/site-packages/airflow/example_dags/example_sensor_decorator.py for tasks to queue
[2026-03-28T18:35:43.242+0500] {logging_mixin.py:188} INFO - [2026-03-28T18:35:43.241+0500] {dagbag.py:545} INFO - Filling up the DagBag from /home/abayturar/airflow-project/venv/lib/python3.12/site-packages/airflow/example_dags/example_sensor_decorator.py
[2026-03-28T18:35:43.250+0500] {processor.py:840} INFO - DAG(s) 'example_sensor_decorator' retrieved from /home/abayturar/airflow-project/venv/lib/python3.12/site-packages/airflow/example_dags/example_sensor_decorator.py
[2026-03-28T18:35:43.265+0500] {logging_mixin.py:188} INFO - [2026-03-28T18:35:43.265+0500] {dag.py:3089} INFO - Sync 1 DAGs
[2026-03-28T18:35:43.274+0500] {logging_mixin.py:188} INFO - [2026-03-28T18:35:43.274+0500] {dag.py:3947} INFO - Setting next_dagrun for example_sensor_decorator to None, run_after=None
[2026-03-28T18:35:43.300+0500] {processor.py:183} INFO - Processing /home/abayturar/airflow-project/venv/lib/python3.12/site-packages/airflow/example_dags/example_sensor_decorator.py took 0.067 seconds
[2026-03-28T18:36:36.041+0500] {processor.py:161} INFO - Started process (PID=20925) to work on /home/abayturar/airflow-project/venv/lib/python3.12/site-packages/airflow/example_dags/example_sensor_decorator.py
[2026-03-28T18:36:36.042+0500] {processor.py:830} INFO - Processing file /home/abayturar/airflow-project/venv/lib/python3.12/site-packages/airflow/example_dags/example_sensor_decorator.py for tasks to queue
[2026-03-28T18:36:36.044+0500] {logging_mixin.py:188} INFO - [2026-03-28T18:36:36.043+0500] {dagbag.py:545} INFO - Filling up the DagBag from /home/abayturar/airflow-project/venv/lib/python3.12/site-packages/airflow/example_dags/example_sensor_decorator.py
[2026-03-28T18:36:36.051+0500] {processor.py:840} INFO - DAG(s) 'example_sensor_decorator' retrieved from /home/abayturar/airflow-project/venv/lib/python3.12/site-packages/airflow/example_dags/example_sensor_decorator.py
[2026-03-28T18:36:36.068+0500] {logging_mixin.py:188} INFO - [2026-03-28T18:36:36.068+0500] {dag.py:3089} INFO - Sync 1 DAGs
[2026-03-28T18:36:36.077+0500] {logging_mixin.py:188} INFO - [2026-03-28T18:36:36.077+0500] {dag.py:3947} INFO - Setting next_dagrun for example_sensor_decorator to None, run_after=None
[2026-03-28T18:36:36.094+0500] {processor.py:183} INFO - Processing /home/abayturar/airflow-project/venv/lib/python3.12/site-packages/airflow/example_dags/example_sensor_decorator.py took 0.060 seconds
[2026-03-28T18:37:31.363+0500] {processor.py:161} INFO - Started process (PID=21078) to work on /home/abayturar/airflow-project/venv/lib/python3.12/site-packages/airflow/example_dags/example_sensor_decorator.py
[2026-03-28T18:37:31.364+0500] {processor.py:830} INFO - Processing file /home/abayturar/airflow-project/venv/lib/python3.12/site-packages/airflow/example_dags/example_sensor_decorator.py for tasks to queue
[2026-03-28T18:37:31.366+0500] {logging_mixin.py:188} INFO - [2026-03-28T18:37:31.366+0500] {dagbag.py:545} INFO - Filling up the DagBag from /home/abayturar/airflow-project/venv/lib/python3.12/site-packages/airflow/example_dags/example_sensor_decorator.py
[2026-03-28T18:37:31.374+0500] {processor.py:840} INFO - DAG(s) 'example_sensor_decorator' retrieved from /home/abayturar/airflow-project/venv/lib/python3.12/site-packages/airflow/example_dags/example_sensor_decorator.py
[2026-03-28T18:37:31.392+0500] {logging_mixin.py:188} INFO - [2026-03-28T18:37:31.392+0500] {dag.py:3089} INFO - Sync 1 DAGs
[2026-03-28T18:37:31.402+0500] {logging_mixin.py:188} INFO - [2026-03-28T18:37:31.402+0500] {dag.py:3947} INFO - Setting next_dagrun for example_sensor_decorator to None, run_after=None
[2026-03-28T18:37:31.434+0500] {processor.py:183} INFO - Processing /home/abayturar/airflow-project/venv/lib/python3.12/site-packages/airflow/example_dags/example_sensor_decorator.py took 0.077 seconds
[2026-03-28T18:38:20.951+0500] {processor.py:161} INFO - Started process (PID=21210) to work on /home/abayturar/airflow-project/venv/lib/python3.12/site-packages/airflow/example_dags/example_sensor_decorator.py
[2026-03-28T18:38:20.952+0500] {processor.py:830} INFO - Processing file /home/abayturar/airflow-project/venv/lib/python3.12/site-packages/airflow/example_dags/example_sensor_decorator.py for tasks to queue
[2026-03-28T18:38:20.954+0500] {logging_mixin.py:188} INFO - [2026-03-28T18:38:20.954+0500] {dagbag.py:545} INFO - Filling up the DagBag from /home/abayturar/airflow-project/venv/lib/python3.12/site-packages/airflow/example_dags/example_sensor_decorator.py
[2026-03-28T18:38:20.961+0500] {processor.py:840} INFO - DAG(s) 'example_sensor_decorator' retrieved from /home/abayturar/airflow-project/venv/lib/python3.12/site-packages/airflow/example_dags/example_sensor_decorator.py
[2026-03-28T18:38:20.976+0500] {logging_mixin.py:188} INFO - [2026-03-28T18:38:20.976+0500] {dag.py:3089} INFO - Sync 1 DAGs
[2026-03-28T18:38:20.985+0500] {logging_mixin.py:188} INFO - [2026-03-28T18:38:20.985+0500] {dag.py:3947} INFO - Setting next_dagrun for example_sensor_decorator to None, run_after=None
[2026-03-28T18:38:21.000+0500] {processor.py:183} INFO - Processing /home/abayturar/airflow-project/venv/lib/python3.12/site-packages/airflow/example_dags/example_sensor_decorator.py took 0.055 seconds
[2026-03-28T18:39:12.456+0500] {processor.py:161} INFO - Started process (PID=21347) to work on /home/abayturar/airflow-project/venv/lib/python3.12/site-packages/airflow/example_dags/example_sensor_decorator.py
[2026-03-28T18:39:12.457+0500] {processor.py:830} INFO - Processing file /home/abayturar/airflow-project/venv/lib/python3.12/site-packages/airflow/example_dags/example_sensor_decorator.py for tasks to queue
[2026-03-28T18:39:12.460+0500] {logging_mixin.py:188} INFO - [2026-03-28T18:39:12.459+0500] {dagbag.py:545} INFO - Filling up the DagBag from /home/abayturar/airflow-project/venv/lib/python3.12/site-packages/airflow/example_dags/example_sensor_decorator.py
[2026-03-28T18:39:12.470+0500] {processor.py:840} INFO - DAG(s) 'example_sensor_decorator' retrieved from /home/abayturar/airflow-project/venv/lib/python3.12/site-packages/airflow/example_dags/example_sensor_decorator.py
[2026-03-28T18:39:12.487+0500] {logging_mixin.py:188} INFO - [2026-03-28T18:39:12.486+0500] {dag.py:3089} INFO - Sync 1 DAGs
[2026-03-28T18:39:12.496+0500] {logging_mixin.py:188} INFO - [2026-03-28T18:39:12.496+0500] {dag.py:3947} INFO - Setting next_dagrun for example_sensor_decorator to None, run_after=None
[2026-03-28T18:39:12.524+0500] {processor.py:183} INFO - Processing /home/abayturar/airflow-project/venv/lib/python3.12/site-packages/airflow/example_dags/example_sensor_decorator.py took 0.076 seconds
[2026-03-28T18:40:02.705+0500] {processor.py:161} INFO - Started process (PID=21480) to work on /home/abayturar/airflow-project/venv/lib/python3.12/site-packages/airflow/example_dags/example_sensor_decorator.py
[2026-03-28T18:40:02.706+0500] {processor.py:830} INFO - Processing file /home/abayturar/airflow-project/venv/lib/python3.12/site-packages/airflow/example_dags/example_sensor_decorator.py for tasks to queue
[2026-03-28T18:40:02.707+0500] {logging_mixin.py:188} INFO - [2026-03-28T18:40:02.707+0500] {dagbag.py:545} INFO - Filling up the DagBag from /home/abayturar/airflow-project/venv/lib/python3.12/site-packages/airflow/example_dags/example_sensor_decorator.py
[2026-03-28T18:40:02.715+0500] {processor.py:840} INFO - DAG(s) 'example_sensor_decorator' retrieved from /home/abayturar/airflow-project/venv/lib/python3.12/site-packages/airflow/example_dags/example_sensor_decorator.py
[2026-03-28T18:40:02.733+0500] {logging_mixin.py:188} INFO - [2026-03-28T18:40:02.733+0500] {dag.py:3089} INFO - Sync 1 DAGs
[2026-03-28T18:40:02.743+0500] {logging_mixin.py:188} INFO - [2026-03-28T18:40:02.743+0500] {dag.py:3947} INFO - Setting next_dagrun for example_sensor_decorator to None, run_after=None
[2026-03-28T18:40:02.771+0500] {processor.py:183} INFO - Processing /home/abayturar/airflow-project/venv/lib/python3.12/site-packages/airflow/example_dags/example_sensor_decorator.py took 0.073 seconds
[2026-03-28T18:40:54.798+0500] {processor.py:161} INFO - Started process (PID=21615) to work on /home/abayturar/airflow-project/venv/lib/python3.12/site-packages/airflow/example_dags/example_sensor_decorator.py
[2026-03-28T18:40:54.799+0500] {processor.py:830} INFO - Processing file /home/abayturar/airflow-project/venv/lib/python3.12/site-packages/airflow/example_dags/example_sensor_decorator.py for tasks to queue
[2026-03-28T18:40:54.801+0500] {logging_mixin.py:188} INFO - [2026-03-28T18:40:54.801+0500] {dagbag.py:545} INFO - Filling up the DagBag from /home/abayturar/airflow-project/venv/lib/python3.12/site-packages/airflow/example_dags/example_sensor_decorator.py
[2026-03-28T18:40:54.808+0500] {processor.py:840} INFO - DAG(s) 'example_sensor_decorator' retrieved from /home/abayturar/airflow-project/venv/lib/python3.12/site-packages/airflow/example_dags/example_sensor_decorator.py
[2026-03-28T18:40:54.824+0500] {logging_mixin.py:188} INFO - [2026-03-28T18:40:54.824+0500] {dag.py:3089} INFO - Sync 1 DAGs
[2026-03-28T18:40:54.834+0500] {logging_mixin.py:188} INFO - [2026-03-28T18:40:54.834+0500] {dag.py:3947} INFO - Setting next_dagrun for example_sensor_decorator to None, run_after=None
[2026-03-28T18:40:54.849+0500] {processor.py:183} INFO - Processing /home/abayturar/airflow-project/venv/lib/python3.12/site-packages/airflow/example_dags/example_sensor_decorator.py took 0.057 seconds
[2026-03-28T18:42:05.914+0500] {processor.py:161} INFO - Started process (PID=21857) to work on /home/abayturar/airflow-project/venv/lib/python3.12/site-packages/airflow/example_dags/example_sensor_decorator.py
[2026-03-28T18:42:05.915+0500] {processor.py:830} INFO - Processing file /home/abayturar/airflow-project/venv/lib/python3.12/site-packages/airflow/example_dags/example_sensor_decorator.py for tasks to queue
[2026-03-28T18:42:05.917+0500] {logging_mixin.py:188} INFO - [2026-03-28T18:42:05.917+0500] {dagbag.py:545} INFO - Filling up the DagBag from /home/abayturar/airflow-project/venv/lib/python3.12/site-packages/airflow/example_dags/example_sensor_decorator.py
[2026-03-28T18:42:05.924+0500] {processor.py:840} INFO - DAG(s) 'example_sensor_decorator' retrieved from /home/abayturar/airflow-project/venv/lib/python3.12/site-packages/airflow/example_dags/example_sensor_decorator.py
[2026-03-28T18:42:05.939+0500] {logging_mixin.py:188} INFO - [2026-03-28T18:42:05.939+0500] {dag.py:3089} INFO - Sync 1 DAGs
[2026-03-28T18:42:05.949+0500] {logging_mixin.py:188} INFO - [2026-03-28T18:42:05.948+0500] {dag.py:3947} INFO - Setting next_dagrun for example_sensor_decorator to None, run_after=None
[2026-03-28T18:42:05.964+0500] {processor.py:183} INFO - Processing /home/abayturar/airflow-project/venv/lib/python3.12/site-packages/airflow/example_dags/example_sensor_decorator.py took 0.056 seconds
[2026-03-28T18:42:59.252+0500] {processor.py:161} INFO - Started process (PID=22023) to work on /home/abayturar/airflow-project/venv/lib/python3.12/site-packages/airflow/example_dags/example_sensor_decorator.py
[2026-03-28T18:42:59.252+0500] {processor.py:830} INFO - Processing file /home/abayturar/airflow-project/venv/lib/python3.12/site-packages/airflow/example_dags/example_sensor_decorator.py for tasks to queue
[2026-03-28T18:42:59.254+0500] {logging_mixin.py:188} INFO - [2026-03-28T18:42:59.254+0500] {dagbag.py:545} INFO - Filling up the DagBag from /home/abayturar/airflow-project/venv/lib/python3.12/site-packages/airflow/example_dags/example_sensor_decorator.py
[2026-03-28T18:42:59.262+0500] {processor.py:840} INFO - DAG(s) 'example_sensor_decorator' retrieved from /home/abayturar/airflow-project/venv/lib/python3.12/site-packages/airflow/example_dags/example_sensor_decorator.py
[2026-03-28T18:42:59.279+0500] {logging_mixin.py:188} INFO - [2026-03-28T18:42:59.278+0500] {dag.py:3089} INFO - Sync 1 DAGs
[2026-03-28T18:42:59.289+0500] {logging_mixin.py:188} INFO - [2026-03-28T18:42:59.288+0500] {dag.py:3947} INFO - Setting next_dagrun for example_sensor_decorator to None, run_after=None
[2026-03-28T18:42:59.306+0500] {processor.py:183} INFO - Processing /home/abayturar/airflow-project/venv/lib/python3.12/site-packages/airflow/example_dags/example_sensor_decorator.py took 0.061 seconds
[2026-03-28T18:43:49.986+0500] {processor.py:161} INFO - Started process (PID=22169) to work on /home/abayturar/airflow-project/venv/lib/python3.12/site-packages/airflow/example_dags/example_sensor_decorator.py
[2026-03-28T18:43:49.986+0500] {processor.py:830} INFO - Processing file /home/abayturar/airflow-project/venv/lib/python3.12/site-packages/airflow/example_dags/example_sensor_decorator.py for tasks to queue
[2026-03-28T18:43:49.988+0500] {logging_mixin.py:188} INFO - [2026-03-28T18:43:49.988+0500] {dagbag.py:545} INFO - Filling up the DagBag from /home/abayturar/airflow-project/venv/lib/python3.12/site-packages/airflow/example_dags/example_sensor_decorator.py
[2026-03-28T18:43:49.996+0500] {processor.py:840} INFO - DAG(s) 'example_sensor_decorator' retrieved from /home/abayturar/airflow-project/venv/lib/python3.12/site-packages/airflow/example_dags/example_sensor_decorator.py
[2026-03-28T18:43:50.013+0500] {logging_mixin.py:188} INFO - [2026-03-28T18:43:50.013+0500] {dag.py:3089} INFO - Sync 1 DAGs
[2026-03-28T18:43:50.140+0500] {logging_mixin.py:188} INFO - [2026-03-28T18:43:50.140+0500] {dag.py:3947} INFO - Setting next_dagrun for example_sensor_decorator to None, run_after=None
[2026-03-28T18:43:50.154+0500] {processor.py:183} INFO - Processing /home/abayturar/airflow-project/venv/lib/python3.12/site-packages/airflow/example_dags/example_sensor_decorator.py took 0.176 seconds
[2026-03-28T18:44:39.343+0500] {processor.py:161} INFO - Started process (PID=22301) to work on /home/abayturar/airflow-project/venv/lib/python3.12/site-packages/airflow/example_dags/example_sensor_decorator.py
[2026-03-28T18:44:39.344+0500] {processor.py:830} INFO - Processing file /home/abayturar/airflow-project/venv/lib/python3.12/site-packages/airflow/example_dags/example_sensor_decorator.py for tasks to queue
[2026-03-28T18:44:39.346+0500] {logging_mixin.py:188} INFO - [2026-03-28T18:44:39.345+0500] {dagbag.py:545} INFO - Filling up the DagBag from /home/abayturar/airflow-project/venv/lib/python3.12/site-packages/airflow/example_dags/example_sensor_decorator.py
[2026-03-28T18:44:39.352+0500] {processor.py:840} INFO - DAG(s) 'example_sensor_decorator' retrieved from /home/abayturar/airflow-project/venv/lib/python3.12/site-packages/airflow/example_dags/example_sensor_decorator.py
[2026-03-28T18:44:39.367+0500] {logging_mixin.py:188} INFO - [2026-03-28T18:44:39.367+0500] {dag.py:3089} INFO - Sync 1 DAGs
[2026-03-28T18:44:39.376+0500] {logging_mixin.py:188} INFO - [2026-03-28T18:44:39.376+0500] {dag.py:3947} INFO - Setting next_dagrun for example_sensor_decorator to None, run_after=None
[2026-03-28T18:44:39.402+0500] {processor.py:183} INFO - Processing /home/abayturar/airflow-project/venv/lib/python3.12/site-packages/airflow/example_dags/example_sensor_decorator.py took 0.065 seconds
[2026-03-28T18:45:28.802+0500] {processor.py:161} INFO - Started process (PID=22432) to work on /home/abayturar/airflow-project/venv/lib/python3.12/site-packages/airflow/example_dags/example_sensor_decorator.py
[2026-03-28T18:45:28.803+0500] {processor.py:830} INFO - Processing file /home/abayturar/airflow-project/venv/lib/python3.12/site-packages/airflow/example_dags/example_sensor_decorator.py for tasks to queue
[2026-03-28T18:45:28.804+0500] {logging_mixin.py:188} INFO - [2026-03-28T18:45:28.804+0500] {dagbag.py:545} INFO - Filling up the DagBag from /home/abayturar/airflow-project/venv/lib/python3.12/site-packages/airflow/example_dags/example_sensor_decorator.py
[2026-03-28T18:45:28.811+0500] {processor.py:840} INFO - DAG(s) 'example_sensor_decorator' retrieved from /home/abayturar/airflow-project/venv/lib/python3.12/site-packages/airflow/example_dags/example_sensor_decorator.py
[2026-03-28T18:45:28.825+0500] {logging_mixin.py:188} INFO - [2026-03-28T18:45:28.825+0500] {dag.py:3089} INFO - Sync 1 DAGs
[2026-03-28T18:45:28.834+0500] {logging_mixin.py:188} INFO - [2026-03-28T18:45:28.834+0500] {dag.py:3947} INFO - Setting next_dagrun for example_sensor_decorator to None, run_after=None
[2026-03-28T18:45:28.861+0500] {processor.py:183} INFO - Processing /home/abayturar/airflow-project/venv/lib/python3.12/site-packages/airflow/example_dags/example_sensor_decorator.py took 0.065 seconds
[2026-03-28T18:46:17.376+0500] {processor.py:161} INFO - Started process (PID=22563) to work on /home/abayturar/airflow-project/venv/lib/python3.12/site-packages/airflow/example_dags/example_sensor_decorator.py
[2026-03-28T18:46:17.377+0500] {processor.py:830} INFO - Processing file /home/abayturar/airflow-project/venv/lib/python3.12/site-packages/airflow/example_dags/example_sensor_decorator.py for tasks to queue
[2026-03-28T18:46:17.379+0500] {logging_mixin.py:188} INFO - [2026-03-28T18:46:17.378+0500] {dagbag.py:545} INFO - Filling up the DagBag from /home/abayturar/airflow-project/venv/lib/python3.12/site-packages/airflow/example_dags/example_sensor_decorator.py
[2026-03-28T18:46:17.385+0500] {processor.py:840} INFO - DAG(s) 'example_sensor_decorator' retrieved from /home/abayturar/airflow-project/venv/lib/python3.12/site-packages/airflow/example_dags/example_sensor_decorator.py
[2026-03-28T18:46:17.400+0500] {logging_mixin.py:188} INFO - [2026-03-28T18:46:17.400+0500] {dag.py:3089} INFO - Sync 1 DAGs
[2026-03-28T18:46:17.409+0500] {logging_mixin.py:188} INFO - [2026-03-28T18:46:17.409+0500] {dag.py:3947} INFO - Setting next_dagrun for example_sensor_decorator to None, run_after=None
[2026-03-28T18:46:17.436+0500] {processor.py:183} INFO - Processing /home/abayturar/airflow-project/venv/lib/python3.12/site-packages/airflow/example_dags/example_sensor_decorator.py took 0.066 seconds
[2026-03-28T18:47:03.643+0500] {processor.py:161} INFO - Started process (PID=22688) to work on /home/abayturar/airflow-project/venv/lib/python3.12/site-packages/airflow/example_dags/example_sensor_decorator.py
[2026-03-28T18:47:03.644+0500] {processor.py:830} INFO - Processing file /home/abayturar/airflow-project/venv/lib/python3.12/site-packages/airflow/example_dags/example_sensor_decorator.py for tasks to queue
[2026-03-28T18:47:03.646+0500] {logging_mixin.py:188} INFO - [2026-03-28T18:47:03.646+0500] {dagbag.py:545} INFO - Filling up the DagBag from /home/abayturar/airflow-project/venv/lib/python3.12/site-packages/airflow/example_dags/example_sensor_decorator.py
[2026-03-28T18:47:03.652+0500] {processor.py:840} INFO - DAG(s) 'example_sensor_decorator' retrieved from /home/abayturar/airflow-project/venv/lib/python3.12/site-packages/airflow/example_dags/example_sensor_decorator.py
[2026-03-28T18:47:03.670+0500] {logging_mixin.py:188} INFO - [2026-03-28T18:47:03.669+0500] {dag.py:3089} INFO - Sync 1 DAGs
[2026-03-28T18:47:03.680+0500] {logging_mixin.py:188} INFO - [2026-03-28T18:47:03.680+0500] {dag.py:3947} INFO - Setting next_dagrun for example_sensor_decorator to None, run_after=None
[2026-03-28T18:47:03.709+0500] {processor.py:183} INFO - Processing /home/abayturar/airflow-project/venv/lib/python3.12/site-packages/airflow/example_dags/example_sensor_decorator.py took 0.072 seconds
[2026-03-28T18:47:51.326+0500] {processor.py:161} INFO - Started process (PID=22814) to work on /home/abayturar/airflow-project/venv/lib/python3.12/site-packages/airflow/example_dags/example_sensor_decorator.py
[2026-03-28T18:47:51.327+0500] {processor.py:830} INFO - Processing file /home/abayturar/airflow-project/venv/lib/python3.12/site-packages/airflow/example_dags/example_sensor_decorator.py for tasks to queue
[2026-03-28T18:47:51.329+0500] {logging_mixin.py:188} INFO - [2026-03-28T18:47:51.328+0500] {dagbag.py:545} INFO - Filling up the DagBag from /home/abayturar/airflow-project/venv/lib/python3.12/site-packages/airflow/example_dags/example_sensor_decorator.py
[2026-03-28T18:47:51.335+0500] {processor.py:840} INFO - DAG(s) 'example_sensor_decorator' retrieved from /home/abayturar/airflow-project/venv/lib/python3.12/site-packages/airflow/example_dags/example_sensor_decorator.py
[2026-03-28T18:47:51.350+0500] {logging_mixin.py:188} INFO - [2026-03-28T18:47:51.350+0500] {dag.py:3089} INFO - Sync 1 DAGs
[2026-03-28T18:47:51.360+0500] {logging_mixin.py:188} INFO - [2026-03-28T18:47:51.359+0500] {dag.py:3947} INFO - Setting next_dagrun for example_sensor_decorator to None, run_after=None
[2026-03-28T18:47:51.387+0500] {processor.py:183} INFO - Processing /home/abayturar/airflow-project/venv/lib/python3.12/site-packages/airflow/example_dags/example_sensor_decorator.py took 0.068 seconds
[2026-03-28T18:48:52.065+0500] {processor.py:161} INFO - Started process (PID=22983) to work on /home/abayturar/airflow-project/venv/lib/python3.12/site-packages/airflow/example_dags/example_sensor_decorator.py
[2026-03-28T18:48:52.066+0500] {processor.py:830} INFO - Processing file /home/abayturar/airflow-project/venv/lib/python3.12/site-packages/airflow/example_dags/example_sensor_decorator.py for tasks to queue
[2026-03-28T18:48:52.068+0500] {logging_mixin.py:188} INFO - [2026-03-28T18:48:52.068+0500] {dagbag.py:545} INFO - Filling up the DagBag from /home/abayturar/airflow-project/venv/lib/python3.12/site-packages/airflow/example_dags/example_sensor_decorator.py
[2026-03-28T18:48:52.075+0500] {processor.py:840} INFO - DAG(s) 'example_sensor_decorator' retrieved from /home/abayturar/airflow-project/venv/lib/python3.12/site-packages/airflow/example_dags/example_sensor_decorator.py
[2026-03-28T18:48:52.090+0500] {logging_mixin.py:188} INFO - [2026-03-28T18:48:52.090+0500] {dag.py:3089} INFO - Sync 1 DAGs
[2026-03-28T18:48:52.099+0500] {logging_mixin.py:188} INFO - [2026-03-28T18:48:52.099+0500] {dag.py:3947} INFO - Setting next_dagrun for example_sensor_decorator to None, run_after=None
[2026-03-28T18:48:52.116+0500] {processor.py:183} INFO - Processing /home/abayturar/airflow-project/venv/lib/python3.12/site-packages/airflow/example_dags/example_sensor_decorator.py took 0.056 seconds
[2026-03-28T18:49:39.451+0500] {processor.py:161} INFO - Started process (PID=23110) to work on /home/abayturar/airflow-project/venv/lib/python3.12/site-packages/airflow/example_dags/example_sensor_decorator.py
[2026-03-28T18:49:39.452+0500] {processor.py:830} INFO - Processing file /home/abayturar/airflow-project/venv/lib/python3.12/site-packages/airflow/example_dags/example_sensor_decorator.py for tasks to queue
[2026-03-28T18:49:39.454+0500] {logging_mixin.py:188} INFO - [2026-03-28T18:49:39.454+0500] {dagbag.py:545} INFO - Filling up the DagBag from /home/abayturar/airflow-project/venv/lib/python3.12/site-packages/airflow/example_dags/example_sensor_decorator.py
[2026-03-28T18:49:39.460+0500] {processor.py:840} INFO - DAG(s) 'example_sensor_decorator' retrieved from /home/abayturar/airflow-project/venv/lib/python3.12/site-packages/airflow/example_dags/example_sensor_decorator.py
[2026-03-28T18:49:39.477+0500] {logging_mixin.py:188} INFO - [2026-03-28T18:49:39.476+0500] {dag.py:3089} INFO - Sync 1 DAGs
[2026-03-28T18:49:39.487+0500] {logging_mixin.py:188} INFO - [2026-03-28T18:49:39.486+0500] {dag.py:3947} INFO - Setting next_dagrun for example_sensor_decorator to None, run_after=None
[2026-03-28T18:49:39.520+0500] {processor.py:183} INFO - Processing /home/abayturar/airflow-project/venv/lib/python3.12/site-packages/airflow/example_dags/example_sensor_decorator.py took 0.075 seconds
[2026-03-28T18:50:26.008+0500] {processor.py:161} INFO - Started process (PID=23235) to work on /home/abayturar/airflow-project/venv/lib/python3.12/site-packages/airflow/example_dags/example_sensor_decorator.py
[2026-03-28T18:50:26.009+0500] {processor.py:830} INFO - Processing file /home/abayturar/airflow-project/venv/lib/python3.12/site-packages/airflow/example_dags/example_sensor_decorator.py for tasks to queue
[2026-03-28T18:50:26.011+0500] {logging_mixin.py:188} INFO - [2026-03-28T18:50:26.011+0500] {dagbag.py:545} INFO - Filling up the DagBag from /home/abayturar/airflow-project/venv/lib/python3.12/site-packages/airflow/example_dags/example_sensor_decorator.py
[2026-03-28T18:50:26.017+0500] {processor.py:840} INFO - DAG(s) 'example_sensor_decorator' retrieved from /home/abayturar/airflow-project/venv/lib/python3.12/site-packages/airflow/example_dags/example_sensor_decorator.py
[2026-03-28T18:50:26.037+0500] {logging_mixin.py:188} INFO - [2026-03-28T18:50:26.036+0500] {dag.py:3089} INFO - Sync 1 DAGs
[2026-03-28T18:50:26.048+0500] {logging_mixin.py:188} INFO - [2026-03-28T18:50:26.047+0500] {dag.py:3947} INFO - Setting next_dagrun for example_sensor_decorator to None, run_after=None
[2026-03-28T18:50:26.074+0500] {processor.py:183} INFO - Processing /home/abayturar/airflow-project/venv/lib/python3.12/site-packages/airflow/example_dags/example_sensor_decorator.py took 0.072 seconds
[2026-03-28T18:51:13.451+0500] {processor.py:161} INFO - Started process (PID=23361) to work on /home/abayturar/airflow-project/venv/lib/python3.12/site-packages/airflow/example_dags/example_sensor_decorator.py
[2026-03-28T18:51:13.452+0500] {processor.py:830} INFO - Processing file /home/abayturar/airflow-project/venv/lib/python3.12/site-packages/airflow/example_dags/example_sensor_decorator.py for tasks to queue
[2026-03-28T18:51:13.453+0500] {logging_mixin.py:188} INFO - [2026-03-28T18:51:13.453+0500] {dagbag.py:545} INFO - Filling up the DagBag from /home/abayturar/airflow-project/venv/lib/python3.12/site-packages/airflow/example_dags/example_sensor_decorator.py
[2026-03-28T18:51:13.460+0500] {processor.py:840} INFO - DAG(s) 'example_sensor_decorator' retrieved from /home/abayturar/airflow-project/venv/lib/python3.12/site-packages/airflow/example_dags/example_sensor_decorator.py
[2026-03-28T18:51:13.476+0500] {logging_mixin.py:188} INFO - [2026-03-28T18:51:13.475+0500] {dag.py:3089} INFO - Sync 1 DAGs
[2026-03-28T18:51:13.484+0500] {logging_mixin.py:188} INFO - [2026-03-28T18:51:13.484+0500] {dag.py:3947} INFO - Setting next_dagrun for example_sensor_decorator to None, run_after=None
[2026-03-28T18:51:13.500+0500] {processor.py:183} INFO - Processing /home/abayturar/airflow-project/venv/lib/python3.12/site-packages/airflow/example_dags/example_sensor_decorator.py took 0.056 seconds
[2026-03-28T18:52:00.363+0500] {processor.py:161} INFO - Started process (PID=23489) to work on /home/abayturar/airflow-project/venv/lib/python3.12/site-packages/airflow/example_dags/example_sensor_decorator.py
[2026-03-28T18:52:00.364+0500] {processor.py:830} INFO - Processing file /home/abayturar/airflow-project/venv/lib/python3.12/site-packages/airflow/example_dags/example_sensor_decorator.py for tasks to queue
[2026-03-28T18:52:00.366+0500] {logging_mixin.py:188} INFO - [2026-03-28T18:52:00.365+0500] {dagbag.py:545} INFO - Filling up the DagBag from /home/abayturar/airflow-project/venv/lib/python3.12/site-packages/airflow/example_dags/example_sensor_decorator.py
[2026-03-28T18:52:00.373+0500] {processor.py:840} INFO - DAG(s) 'example_sensor_decorator' retrieved from /home/abayturar/airflow-project/venv/lib/python3.12/site-packages/airflow/example_dags/example_sensor_decorator.py
[2026-03-28T18:52:00.388+0500] {logging_mixin.py:188} INFO - [2026-03-28T18:52:00.388+0500] {dag.py:3089} INFO - Sync 1 DAGs
[2026-03-28T18:52:00.397+0500] {logging_mixin.py:188} INFO - [2026-03-28T18:52:00.397+0500] {dag.py:3947} INFO - Setting next_dagrun for example_sensor_decorator to None, run_after=None
[2026-03-28T18:52:00.426+0500] {processor.py:183} INFO - Processing /home/abayturar/airflow-project/venv/lib/python3.12/site-packages/airflow/example_dags/example_sensor_decorator.py took 0.070 seconds
[2026-03-28T18:52:45.781+0500] {processor.py:161} INFO - Started process (PID=23610) to work on /home/abayturar/airflow-project/venv/lib/python3.12/site-packages/airflow/example_dags/example_sensor_decorator.py
[2026-03-28T18:52:45.782+0500] {processor.py:830} INFO - Processing file /home/abayturar/airflow-project/venv/lib/python3.12/site-packages/airflow/example_dags/example_sensor_decorator.py for tasks to queue
[2026-03-28T18:52:45.784+0500] {logging_mixin.py:188} INFO - [2026-03-28T18:52:45.783+0500] {dagbag.py:545} INFO - Filling up the DagBag from /home/abayturar/airflow-project/venv/lib/python3.12/site-packages/airflow/example_dags/example_sensor_decorator.py
[2026-03-28T18:52:45.790+0500] {processor.py:840} INFO - DAG(s) 'example_sensor_decorator' retrieved from /home/abayturar/airflow-project/venv/lib/python3.12/site-packages/airflow/example_dags/example_sensor_decorator.py
[2026-03-28T18:52:45.806+0500] {logging_mixin.py:188} INFO - [2026-03-28T18:52:45.806+0500] {dag.py:3089} INFO - Sync 1 DAGs
[2026-03-28T18:52:45.816+0500] {logging_mixin.py:188} INFO - [2026-03-28T18:52:45.816+0500] {dag.py:3947} INFO - Setting next_dagrun for example_sensor_decorator to None, run_after=None
[2026-03-28T18:52:45.832+0500] {processor.py:183} INFO - Processing /home/abayturar/airflow-project/venv/lib/python3.12/site-packages/airflow/example_dags/example_sensor_decorator.py took 0.057 seconds
[2026-03-28T18:53:30.884+0500] {processor.py:161} INFO - Started process (PID=23733) to work on /home/abayturar/airflow-project/venv/lib/python3.12/site-packages/airflow/example_dags/example_sensor_decorator.py
[2026-03-28T18:53:30.885+0500] {processor.py:830} INFO - Processing file /home/abayturar/airflow-project/venv/lib/python3.12/site-packages/airflow/example_dags/example_sensor_decorator.py for tasks to queue
[2026-03-28T18:53:30.887+0500] {logging_mixin.py:188} INFO - [2026-03-28T18:53:30.887+0500] {dagbag.py:545} INFO - Filling up the DagBag from /home/abayturar/airflow-project/venv/lib/python3.12/site-packages/airflow/example_dags/example_sensor_decorator.py
[2026-03-28T18:53:30.895+0500] {processor.py:840} INFO - DAG(s) 'example_sensor_decorator' retrieved from /home/abayturar/airflow-project/venv/lib/python3.12/site-packages/airflow/example_dags/example_sensor_decorator.py
[2026-03-28T18:53:30.912+0500] {logging_mixin.py:188} INFO - [2026-03-28T18:53:30.912+0500] {dag.py:3089} INFO - Sync 1 DAGs
[2026-03-28T18:53:30.922+0500] {logging_mixin.py:188} INFO - [2026-03-28T18:53:30.922+0500] {dag.py:3947} INFO - Setting next_dagrun for example_sensor_decorator to None, run_after=None
[2026-03-28T18:53:30.953+0500] {processor.py:183} INFO - Processing /home/abayturar/airflow-project/venv/lib/python3.12/site-packages/airflow/example_dags/example_sensor_decorator.py took 0.076 seconds
[2026-03-28T18:54:16.604+0500] {processor.py:161} INFO - Started process (PID=23855) to work on /home/abayturar/airflow-project/venv/lib/python3.12/site-packages/airflow/example_dags/example_sensor_decorator.py
[2026-03-28T18:54:16.605+0500] {processor.py:830} INFO - Processing file /home/abayturar/airflow-project/venv/lib/python3.12/site-packages/airflow/example_dags/example_sensor_decorator.py for tasks to queue
[2026-03-28T18:54:16.607+0500] {logging_mixin.py:188} INFO - [2026-03-28T18:54:16.606+0500] {dagbag.py:545} INFO - Filling up the DagBag from /home/abayturar/airflow-project/venv/lib/python3.12/site-packages/airflow/example_dags/example_sensor_decorator.py
[2026-03-28T18:54:16.614+0500] {processor.py:840} INFO - DAG(s) 'example_sensor_decorator' retrieved from /home/abayturar/airflow-project/venv/lib/python3.12/site-packages/airflow/example_dags/example_sensor_decorator.py
[2026-03-28T18:54:16.630+0500] {logging_mixin.py:188} INFO - [2026-03-28T18:54:16.630+0500] {dag.py:3089} INFO - Sync 1 DAGs
[2026-03-28T18:54:16.639+0500] {logging_mixin.py:188} INFO - [2026-03-28T18:54:16.639+0500] {dag.py:3947} INFO - Setting next_dagrun for example_sensor_decorator to None, run_after=None
[2026-03-28T18:54:16.654+0500] {processor.py:183} INFO - Processing /home/abayturar/airflow-project/venv/lib/python3.12/site-packages/airflow/example_dags/example_sensor_decorator.py took 0.057 seconds
[2026-03-28T18:55:01.026+0500] {processor.py:161} INFO - Started process (PID=23974) to work on /home/abayturar/airflow-project/venv/lib/python3.12/site-packages/airflow/example_dags/example_sensor_decorator.py
[2026-03-28T18:55:01.028+0500] {processor.py:830} INFO - Processing file /home/abayturar/airflow-project/venv/lib/python3.12/site-packages/airflow/example_dags/example_sensor_decorator.py for tasks to queue
[2026-03-28T18:55:01.030+0500] {logging_mixin.py:188} INFO - [2026-03-28T18:55:01.030+0500] {dagbag.py:545} INFO - Filling up the DagBag from /home/abayturar/airflow-project/venv/lib/python3.12/site-packages/airflow/example_dags/example_sensor_decorator.py
[2026-03-28T18:55:01.038+0500] {processor.py:840} INFO - DAG(s) 'example_sensor_decorator' retrieved from /home/abayturar/airflow-project/venv/lib/python3.12/site-packages/airflow/example_dags/example_sensor_decorator.py
[2026-03-28T18:55:01.056+0500] {logging_mixin.py:188} INFO - [2026-03-28T18:55:01.056+0500] {dag.py:3089} INFO - Sync 1 DAGs
[2026-03-28T18:55:01.068+0500] {logging_mixin.py:188} INFO - [2026-03-28T18:55:01.068+0500] {dag.py:3947} INFO - Setting next_dagrun for example_sensor_decorator to None, run_after=None
[2026-03-28T18:55:01.117+0500] {processor.py:183} INFO - Processing /home/abayturar/airflow-project/venv/lib/python3.12/site-packages/airflow/example_dags/example_sensor_decorator.py took 0.101 seconds
[2026-03-28T18:55:51.039+0500] {processor.py:161} INFO - Started process (PID=24103) to work on /home/abayturar/airflow-project/venv/lib/python3.12/site-packages/airflow/example_dags/example_sensor_decorator.py
[2026-03-28T18:55:51.039+0500] {processor.py:830} INFO - Processing file /home/abayturar/airflow-project/venv/lib/python3.12/site-packages/airflow/example_dags/example_sensor_decorator.py for tasks to queue
[2026-03-28T18:55:51.041+0500] {logging_mixin.py:188} INFO - [2026-03-28T18:55:51.041+0500] {dagbag.py:545} INFO - Filling up the DagBag from /home/abayturar/airflow-project/venv/lib/python3.12/site-packages/airflow/example_dags/example_sensor_decorator.py
[2026-03-28T18:55:51.048+0500] {processor.py:840} INFO - DAG(s) 'example_sensor_decorator' retrieved from /home/abayturar/airflow-project/venv/lib/python3.12/site-packages/airflow/example_dags/example_sensor_decorator.py
[2026-03-28T18:55:51.063+0500] {logging_mixin.py:188} INFO - [2026-03-28T18:55:51.063+0500] {dag.py:3089} INFO - Sync 1 DAGs
[2026-03-28T18:55:51.073+0500] {logging_mixin.py:188} INFO - [2026-03-28T18:55:51.073+0500] {dag.py:3947} INFO - Setting next_dagrun for example_sensor_decorator to None, run_after=None
[2026-03-28T18:55:51.092+0500] {processor.py:183} INFO - Processing /home/abayturar/airflow-project/venv/lib/python3.12/site-packages/airflow/example_dags/example_sensor_decorator.py took 0.060 seconds
[2026-03-28T18:56:43.620+0500] {processor.py:161} INFO - Started process (PID=24243) to work on /home/abayturar/airflow-project/venv/lib/python3.12/site-packages/airflow/example_dags/example_sensor_decorator.py
[2026-03-28T18:56:43.621+0500] {processor.py:830} INFO - Processing file /home/abayturar/airflow-project/venv/lib/python3.12/site-packages/airflow/example_dags/example_sensor_decorator.py for tasks to queue
[2026-03-28T18:56:43.623+0500] {logging_mixin.py:188} INFO - [2026-03-28T18:56:43.623+0500] {dagbag.py:545} INFO - Filling up the DagBag from /home/abayturar/airflow-project/venv/lib/python3.12/site-packages/airflow/example_dags/example_sensor_decorator.py
[2026-03-28T18:56:43.631+0500] {processor.py:840} INFO - DAG(s) 'example_sensor_decorator' retrieved from /home/abayturar/airflow-project/venv/lib/python3.12/site-packages/airflow/example_dags/example_sensor_decorator.py
[2026-03-28T18:56:43.647+0500] {logging_mixin.py:188} INFO - [2026-03-28T18:56:43.647+0500] {dag.py:3089} INFO - Sync 1 DAGs
[2026-03-28T18:56:43.657+0500] {logging_mixin.py:188} INFO - [2026-03-28T18:56:43.657+0500] {dag.py:3947} INFO - Setting next_dagrun for example_sensor_decorator to None, run_after=None
[2026-03-28T18:56:43.685+0500] {processor.py:183} INFO - Processing /home/abayturar/airflow-project/venv/lib/python3.12/site-packages/airflow/example_dags/example_sensor_decorator.py took 0.072 seconds
[2026-03-28T18:57:33.290+0500] {processor.py:161} INFO - Started process (PID=24373) to work on /home/abayturar/airflow-project/venv/lib/python3.12/site-packages/airflow/example_dags/example_sensor_decorator.py
[2026-03-28T18:57:33.291+0500] {processor.py:830} INFO - Processing file /home/abayturar/airflow-project/venv/lib/python3.12/site-packages/airflow/example_dags/example_sensor_decorator.py for tasks to queue
[2026-03-28T18:57:33.293+0500] {logging_mixin.py:188} INFO - [2026-03-28T18:57:33.292+0500] {dagbag.py:545} INFO - Filling up the DagBag from /home/abayturar/airflow-project/venv/lib/python3.12/site-packages/airflow/example_dags/example_sensor_decorator.py
[2026-03-28T18:57:33.299+0500] {processor.py:840} INFO - DAG(s) 'example_sensor_decorator' retrieved from /home/abayturar/airflow-project/venv/lib/python3.12/site-packages/airflow/example_dags/example_sensor_decorator.py
[2026-03-28T18:57:33.315+0500] {logging_mixin.py:188} INFO - [2026-03-28T18:57:33.314+0500] {dag.py:3089} INFO - Sync 1 DAGs
[2026-03-28T18:57:33.324+0500] {logging_mixin.py:188} INFO - [2026-03-28T18:57:33.323+0500] {dag.py:3947} INFO - Setting next_dagrun for example_sensor_decorator to None, run_after=None
[2026-03-28T18:57:33.350+0500] {processor.py:183} INFO - Processing /home/abayturar/airflow-project/venv/lib/python3.12/site-packages/airflow/example_dags/example_sensor_decorator.py took 0.067 seconds
[2026-03-28T18:58:19.940+0500] {processor.py:161} INFO - Started process (PID=24500) to work on /home/abayturar/airflow-project/venv/lib/python3.12/site-packages/airflow/example_dags/example_sensor_decorator.py
[2026-03-28T18:58:19.941+0500] {processor.py:830} INFO - Processing file /home/abayturar/airflow-project/venv/lib/python3.12/site-packages/airflow/example_dags/example_sensor_decorator.py for tasks to queue
[2026-03-28T18:58:19.942+0500] {logging_mixin.py:188} INFO - [2026-03-28T18:58:19.942+0500] {dagbag.py:545} INFO - Filling up the DagBag from /home/abayturar/airflow-project/venv/lib/python3.12/site-packages/airflow/example_dags/example_sensor_decorator.py
[2026-03-28T18:58:19.948+0500] {processor.py:840} INFO - DAG(s) 'example_sensor_decorator' retrieved from /home/abayturar/airflow-project/venv/lib/python3.12/site-packages/airflow/example_dags/example_sensor_decorator.py
[2026-03-28T18:58:19.963+0500] {logging_mixin.py:188} INFO - [2026-03-28T18:58:19.963+0500] {dag.py:3089} INFO - Sync 1 DAGs
[2026-03-28T18:58:19.972+0500] {logging_mixin.py:188} INFO - [2026-03-28T18:58:19.972+0500] {dag.py:3947} INFO - Setting next_dagrun for example_sensor_decorator to None, run_after=None
[2026-03-28T18:58:19.999+0500] {processor.py:183} INFO - Processing /home/abayturar/airflow-project/venv/lib/python3.12/site-packages/airflow/example_dags/example_sensor_decorator.py took 0.065 seconds
[2026-03-28T18:59:06.131+0500] {processor.py:161} INFO - Started process (PID=24623) to work on /home/abayturar/airflow-project/venv/lib/python3.12/site-packages/airflow/example_dags/example_sensor_decorator.py
[2026-03-28T18:59:06.132+0500] {processor.py:830} INFO - Processing file /home/abayturar/airflow-project/venv/lib/python3.12/site-packages/airflow/example_dags/example_sensor_decorator.py for tasks to queue
[2026-03-28T18:59:06.133+0500] {logging_mixin.py:188} INFO - [2026-03-28T18:59:06.133+0500] {dagbag.py:545} INFO - Filling up the DagBag from /home/abayturar/airflow-project/venv/lib/python3.12/site-packages/airflow/example_dags/example_sensor_decorator.py
[2026-03-28T18:59:06.140+0500] {processor.py:840} INFO - DAG(s) 'example_sensor_decorator' retrieved from /home/abayturar/airflow-project/venv/lib/python3.12/site-packages/airflow/example_dags/example_sensor_decorator.py
[2026-03-28T18:59:06.155+0500] {logging_mixin.py:188} INFO - [2026-03-28T18:59:06.155+0500] {dag.py:3089} INFO - Sync 1 DAGs
[2026-03-28T18:59:06.164+0500] {logging_mixin.py:188} INFO - [2026-03-28T18:59:06.164+0500] {dag.py:3947} INFO - Setting next_dagrun for example_sensor_decorator to None, run_after=None
[2026-03-28T18:59:06.191+0500] {processor.py:183} INFO - Processing /home/abayturar/airflow-project/venv/lib/python3.12/site-packages/airflow/example_dags/example_sensor_decorator.py took 0.067 seconds
[2026-03-28T18:59:53.900+0500] {processor.py:161} INFO - Started process (PID=24749) to work on /home/abayturar/airflow-project/venv/lib/python3.12/site-packages/airflow/example_dags/example_sensor_decorator.py
[2026-03-28T18:59:53.901+0500] {processor.py:830} INFO - Processing file /home/abayturar/airflow-project/venv/lib/python3.12/site-packages/airflow/example_dags/example_sensor_decorator.py for tasks to queue
[2026-03-28T18:59:53.903+0500] {logging_mixin.py:188} INFO - [2026-03-28T18:59:53.903+0500] {dagbag.py:545} INFO - Filling up the DagBag from /home/abayturar/airflow-project/venv/lib/python3.12/site-packages/airflow/example_dags/example_sensor_decorator.py
[2026-03-28T18:59:53.911+0500] {processor.py:840} INFO - DAG(s) 'example_sensor_decorator' retrieved from /home/abayturar/airflow-project/venv/lib/python3.12/site-packages/airflow/example_dags/example_sensor_decorator.py
[2026-03-28T18:59:53.929+0500] {logging_mixin.py:188} INFO - [2026-03-28T18:59:53.929+0500] {dag.py:3089} INFO - Sync 1 DAGs
[2026-03-28T18:59:53.941+0500] {logging_mixin.py:188} INFO - [2026-03-28T18:59:53.940+0500] {dag.py:3947} INFO - Setting next_dagrun for example_sensor_decorator to None, run_after=None
[2026-03-28T18:59:53.970+0500] {processor.py:183} INFO - Processing /home/abayturar/airflow-project/venv/lib/python3.12/site-packages/airflow/example_dags/example_sensor_decorator.py took 0.078 seconds
[2026-03-28T19:00:40.305+0500] {processor.py:161} INFO - Started process (PID=24877) to work on /home/abayturar/airflow-project/venv/lib/python3.12/site-packages/airflow/example_dags/example_sensor_decorator.py
[2026-03-28T19:00:40.306+0500] {processor.py:830} INFO - Processing file /home/abayturar/airflow-project/venv/lib/python3.12/site-packages/airflow/example_dags/example_sensor_decorator.py for tasks to queue
[2026-03-28T19:00:40.308+0500] {logging_mixin.py:188} INFO - [2026-03-28T19:00:40.308+0500] {dagbag.py:545} INFO - Filling up the DagBag from /home/abayturar/airflow-project/venv/lib/python3.12/site-packages/airflow/example_dags/example_sensor_decorator.py
[2026-03-28T19:00:40.317+0500] {processor.py:840} INFO - DAG(s) 'example_sensor_decorator' retrieved from /home/abayturar/airflow-project/venv/lib/python3.12/site-packages/airflow/example_dags/example_sensor_decorator.py
[2026-03-28T19:00:40.337+0500] {logging_mixin.py:188} INFO - [2026-03-28T19:00:40.337+0500] {dag.py:3089} INFO - Sync 1 DAGs
[2026-03-28T19:00:40.348+0500] {logging_mixin.py:188} INFO - [2026-03-28T19:00:40.347+0500] {dag.py:3947} INFO - Setting next_dagrun for example_sensor_decorator to None, run_after=None
[2026-03-28T19:00:40.377+0500] {processor.py:183} INFO - Processing /home/abayturar/airflow-project/venv/lib/python3.12/site-packages/airflow/example_dags/example_sensor_decorator.py took 0.079 seconds
[2026-03-28T19:01:27.832+0500] {processor.py:161} INFO - Started process (PID=25002) to work on /home/abayturar/airflow-project/venv/lib/python3.12/site-packages/airflow/example_dags/example_sensor_decorator.py
[2026-03-28T19:01:27.833+0500] {processor.py:830} INFO - Processing file /home/abayturar/airflow-project/venv/lib/python3.12/site-packages/airflow/example_dags/example_sensor_decorator.py for tasks to queue
[2026-03-28T19:01:27.835+0500] {logging_mixin.py:188} INFO - [2026-03-28T19:01:27.835+0500] {dagbag.py:545} INFO - Filling up the DagBag from /home/abayturar/airflow-project/venv/lib/python3.12/site-packages/airflow/example_dags/example_sensor_decorator.py
[2026-03-28T19:01:27.842+0500] {processor.py:840} INFO - DAG(s) 'example_sensor_decorator' retrieved from /home/abayturar/airflow-project/venv/lib/python3.12/site-packages/airflow/example_dags/example_sensor_decorator.py
[2026-03-28T19:01:27.860+0500] {logging_mixin.py:188} INFO - [2026-03-28T19:01:27.859+0500] {dag.py:3089} INFO - Sync 1 DAGs
[2026-03-28T19:01:27.870+0500] {logging_mixin.py:188} INFO - [2026-03-28T19:01:27.870+0500] {dag.py:3947} INFO - Setting next_dagrun for example_sensor_decorator to None, run_after=None
[2026-03-28T19:01:27.899+0500] {processor.py:183} INFO - Processing /home/abayturar/airflow-project/venv/lib/python3.12/site-packages/airflow/example_dags/example_sensor_decorator.py took 0.074 seconds
[2026-03-28T19:02:16.497+0500] {processor.py:161} INFO - Started process (PID=25131) to work on /home/abayturar/airflow-project/venv/lib/python3.12/site-packages/airflow/example_dags/example_sensor_decorator.py
[2026-03-28T19:02:16.498+0500] {processor.py:830} INFO - Processing file /home/abayturar/airflow-project/venv/lib/python3.12/site-packages/airflow/example_dags/example_sensor_decorator.py for tasks to queue
[2026-03-28T19:02:16.500+0500] {logging_mixin.py:188} INFO - [2026-03-28T19:02:16.500+0500] {dagbag.py:545} INFO - Filling up the DagBag from /home/abayturar/airflow-project/venv/lib/python3.12/site-packages/airflow/example_dags/example_sensor_decorator.py
[2026-03-28T19:02:16.508+0500] {processor.py:840} INFO - DAG(s) 'example_sensor_decorator' retrieved from /home/abayturar/airflow-project/venv/lib/python3.12/site-packages/airflow/example_dags/example_sensor_decorator.py
[2026-03-28T19:02:16.528+0500] {logging_mixin.py:188} INFO - [2026-03-28T19:02:16.528+0500] {dag.py:3089} INFO - Sync 1 DAGs
[2026-03-28T19:02:16.542+0500] {logging_mixin.py:188} INFO - [2026-03-28T19:02:16.542+0500] {dag.py:3947} INFO - Setting next_dagrun for example_sensor_decorator to None, run_after=None
[2026-03-28T19:02:16.580+0500] {processor.py:183} INFO - Processing /home/abayturar/airflow-project/venv/lib/python3.12/site-packages/airflow/example_dags/example_sensor_decorator.py took 0.090 seconds
[2026-03-28T19:03:19.286+0500] {processor.py:161} INFO - Started process (PID=25302) to work on /home/abayturar/airflow-project/venv/lib/python3.12/site-packages/airflow/example_dags/example_sensor_decorator.py
[2026-03-28T19:03:19.287+0500] {processor.py:830} INFO - Processing file /home/abayturar/airflow-project/venv/lib/python3.12/site-packages/airflow/example_dags/example_sensor_decorator.py for tasks to queue
[2026-03-28T19:03:19.289+0500] {logging_mixin.py:188} INFO - [2026-03-28T19:03:19.289+0500] {dagbag.py:545} INFO - Filling up the DagBag from /home/abayturar/airflow-project/venv/lib/python3.12/site-packages/airflow/example_dags/example_sensor_decorator.py
[2026-03-28T19:03:19.297+0500] {processor.py:840} INFO - DAG(s) 'example_sensor_decorator' retrieved from /home/abayturar/airflow-project/venv/lib/python3.12/site-packages/airflow/example_dags/example_sensor_decorator.py
[2026-03-28T19:03:19.314+0500] {logging_mixin.py:188} INFO - [2026-03-28T19:03:19.314+0500] {dag.py:3089} INFO - Sync 1 DAGs
[2026-03-28T19:03:19.330+0500] {logging_mixin.py:188} INFO - [2026-03-28T19:03:19.330+0500] {dag.py:3947} INFO - Setting next_dagrun for example_sensor_decorator to None, run_after=None
[2026-03-28T19:03:19.364+0500] {processor.py:183} INFO - Processing /home/abayturar/airflow-project/venv/lib/python3.12/site-packages/airflow/example_dags/example_sensor_decorator.py took 0.084 seconds
[2026-03-28T19:04:03.457+0500] {processor.py:161} INFO - Started process (PID=25420) to work on /home/abayturar/airflow-project/venv/lib/python3.12/site-packages/airflow/example_dags/example_sensor_decorator.py
[2026-03-28T19:04:03.458+0500] {processor.py:830} INFO - Processing file /home/abayturar/airflow-project/venv/lib/python3.12/site-packages/airflow/example_dags/example_sensor_decorator.py for tasks to queue
[2026-03-28T19:04:03.460+0500] {logging_mixin.py:188} INFO - [2026-03-28T19:04:03.460+0500] {dagbag.py:545} INFO - Filling up the DagBag from /home/abayturar/airflow-project/venv/lib/python3.12/site-packages/airflow/example_dags/example_sensor_decorator.py
[2026-03-28T19:04:03.467+0500] {processor.py:840} INFO - DAG(s) 'example_sensor_decorator' retrieved from /home/abayturar/airflow-project/venv/lib/python3.12/site-packages/airflow/example_dags/example_sensor_decorator.py
[2026-03-28T19:04:03.483+0500] {logging_mixin.py:188} INFO - [2026-03-28T19:04:03.483+0500] {dag.py:3089} INFO - Sync 1 DAGs
[2026-03-28T19:04:03.492+0500] {logging_mixin.py:188} INFO - [2026-03-28T19:04:03.492+0500] {dag.py:3947} INFO - Setting next_dagrun for example_sensor_decorator to None, run_after=None
[2026-03-28T19:04:03.519+0500] {processor.py:183} INFO - Processing /home/abayturar/airflow-project/venv/lib/python3.12/site-packages/airflow/example_dags/example_sensor_decorator.py took 0.071 seconds
[2026-03-28T19:04:51.935+0500] {processor.py:161} INFO - Started process (PID=25550) to work on /home/abayturar/airflow-project/venv/lib/python3.12/site-packages/airflow/example_dags/example_sensor_decorator.py
[2026-03-28T19:04:51.935+0500] {processor.py:830} INFO - Processing file /home/abayturar/airflow-project/venv/lib/python3.12/site-packages/airflow/example_dags/example_sensor_decorator.py for tasks to queue
[2026-03-28T19:04:51.937+0500] {logging_mixin.py:188} INFO - [2026-03-28T19:04:51.937+0500] {dagbag.py:545} INFO - Filling up the DagBag from /home/abayturar/airflow-project/venv/lib/python3.12/site-packages/airflow/example_dags/example_sensor_decorator.py
[2026-03-28T19:04:51.943+0500] {processor.py:840} INFO - DAG(s) 'example_sensor_decorator' retrieved from /home/abayturar/airflow-project/venv/lib/python3.12/site-packages/airflow/example_dags/example_sensor_decorator.py
[2026-03-28T19:04:51.958+0500] {logging_mixin.py:188} INFO - [2026-03-28T19:04:51.958+0500] {dag.py:3089} INFO - Sync 1 DAGs
[2026-03-28T19:04:51.967+0500] {logging_mixin.py:188} INFO - [2026-03-28T19:04:51.967+0500] {dag.py:3947} INFO - Setting next_dagrun for example_sensor_decorator to None, run_after=None
[2026-03-28T19:04:51.983+0500] {processor.py:183} INFO - Processing /home/abayturar/airflow-project/venv/lib/python3.12/site-packages/airflow/example_dags/example_sensor_decorator.py took 0.055 seconds
[2026-03-28T19:05:37.708+0500] {processor.py:161} INFO - Started process (PID=25672) to work on /home/abayturar/airflow-project/venv/lib/python3.12/site-packages/airflow/example_dags/example_sensor_decorator.py
[2026-03-28T19:05:37.709+0500] {processor.py:830} INFO - Processing file /home/abayturar/airflow-project/venv/lib/python3.12/site-packages/airflow/example_dags/example_sensor_decorator.py for tasks to queue
[2026-03-28T19:05:37.711+0500] {logging_mixin.py:188} INFO - [2026-03-28T19:05:37.710+0500] {dagbag.py:545} INFO - Filling up the DagBag from /home/abayturar/airflow-project/venv/lib/python3.12/site-packages/airflow/example_dags/example_sensor_decorator.py
[2026-03-28T19:05:37.718+0500] {processor.py:840} INFO - DAG(s) 'example_sensor_decorator' retrieved from /home/abayturar/airflow-project/venv/lib/python3.12/site-packages/airflow/example_dags/example_sensor_decorator.py
[2026-03-28T19:05:37.736+0500] {logging_mixin.py:188} INFO - [2026-03-28T19:05:37.736+0500] {dag.py:3089} INFO - Sync 1 DAGs
[2026-03-28T19:05:37.745+0500] {logging_mixin.py:188} INFO - [2026-03-28T19:05:37.745+0500] {dag.py:3947} INFO - Setting next_dagrun for example_sensor_decorator to None, run_after=None
[2026-03-28T19:05:37.772+0500] {processor.py:183} INFO - Processing /home/abayturar/airflow-project/venv/lib/python3.12/site-packages/airflow/example_dags/example_sensor_decorator.py took 0.070 seconds
[2026-03-28T19:06:40.043+0500] {processor.py:161} INFO - Started process (PID=25849) to work on /home/abayturar/airflow-project/venv/lib/python3.12/site-packages/airflow/example_dags/example_sensor_decorator.py
[2026-03-28T19:06:40.045+0500] {processor.py:830} INFO - Processing file /home/abayturar/airflow-project/venv/lib/python3.12/site-packages/airflow/example_dags/example_sensor_decorator.py for tasks to queue
[2026-03-28T19:06:40.047+0500] {logging_mixin.py:188} INFO - [2026-03-28T19:06:40.046+0500] {dagbag.py:545} INFO - Filling up the DagBag from /home/abayturar/airflow-project/venv/lib/python3.12/site-packages/airflow/example_dags/example_sensor_decorator.py
[2026-03-28T19:06:40.057+0500] {processor.py:840} INFO - DAG(s) 'example_sensor_decorator' retrieved from /home/abayturar/airflow-project/venv/lib/python3.12/site-packages/airflow/example_dags/example_sensor_decorator.py
[2026-03-28T19:06:40.080+0500] {logging_mixin.py:188} INFO - [2026-03-28T19:06:40.080+0500] {dag.py:3089} INFO - Sync 1 DAGs
[2026-03-28T19:06:40.097+0500] {logging_mixin.py:188} INFO - [2026-03-28T19:06:40.096+0500] {dag.py:3947} INFO - Setting next_dagrun for example_sensor_decorator to None, run_after=None
[2026-03-28T19:06:40.130+0500] {processor.py:183} INFO - Processing /home/abayturar/airflow-project/venv/lib/python3.12/site-packages/airflow/example_dags/example_sensor_decorator.py took 0.095 seconds
[2026-03-28T19:07:24.494+0500] {processor.py:161} INFO - Started process (PID=25967) to work on /home/abayturar/airflow-project/venv/lib/python3.12/site-packages/airflow/example_dags/example_sensor_decorator.py
[2026-03-28T19:07:24.496+0500] {processor.py:830} INFO - Processing file /home/abayturar/airflow-project/venv/lib/python3.12/site-packages/airflow/example_dags/example_sensor_decorator.py for tasks to queue
[2026-03-28T19:07:24.497+0500] {logging_mixin.py:188} INFO - [2026-03-28T19:07:24.497+0500] {dagbag.py:545} INFO - Filling up the DagBag from /home/abayturar/airflow-project/venv/lib/python3.12/site-packages/airflow/example_dags/example_sensor_decorator.py
[2026-03-28T19:07:24.505+0500] {processor.py:840} INFO - DAG(s) 'example_sensor_decorator' retrieved from /home/abayturar/airflow-project/venv/lib/python3.12/site-packages/airflow/example_dags/example_sensor_decorator.py
[2026-03-28T19:07:24.523+0500] {logging_mixin.py:188} INFO - [2026-03-28T19:07:24.523+0500] {dag.py:3089} INFO - Sync 1 DAGs
[2026-03-28T19:07:24.532+0500] {logging_mixin.py:188} INFO - [2026-03-28T19:07:24.532+0500] {dag.py:3947} INFO - Setting next_dagrun for example_sensor_decorator to None, run_after=None
[2026-03-28T19:07:24.547+0500] {processor.py:183} INFO - Processing /home/abayturar/airflow-project/venv/lib/python3.12/site-packages/airflow/example_dags/example_sensor_decorator.py took 0.061 seconds
[2026-03-28T19:08:14.123+0500] {processor.py:161} INFO - Started process (PID=26098) to work on /home/abayturar/airflow-project/venv/lib/python3.12/site-packages/airflow/example_dags/example_sensor_decorator.py
[2026-03-28T19:08:14.124+0500] {processor.py:830} INFO - Processing file /home/abayturar/airflow-project/venv/lib/python3.12/site-packages/airflow/example_dags/example_sensor_decorator.py for tasks to queue
[2026-03-28T19:08:14.126+0500] {logging_mixin.py:188} INFO - [2026-03-28T19:08:14.126+0500] {dagbag.py:545} INFO - Filling up the DagBag from /home/abayturar/airflow-project/venv/lib/python3.12/site-packages/airflow/example_dags/example_sensor_decorator.py
[2026-03-28T19:08:14.134+0500] {processor.py:840} INFO - DAG(s) 'example_sensor_decorator' retrieved from /home/abayturar/airflow-project/venv/lib/python3.12/site-packages/airflow/example_dags/example_sensor_decorator.py
[2026-03-28T19:08:14.152+0500] {logging_mixin.py:188} INFO - [2026-03-28T19:08:14.152+0500] {dag.py:3089} INFO - Sync 1 DAGs
[2026-03-28T19:08:14.162+0500] {logging_mixin.py:188} INFO - [2026-03-28T19:08:14.162+0500] {dag.py:3947} INFO - Setting next_dagrun for example_sensor_decorator to None, run_after=None
[2026-03-28T19:08:14.178+0500] {processor.py:183} INFO - Processing /home/abayturar/airflow-project/venv/lib/python3.12/site-packages/airflow/example_dags/example_sensor_decorator.py took 0.062 seconds
[2026-03-28T19:09:01.961+0500] {processor.py:161} INFO - Started process (PID=26226) to work on /home/abayturar/airflow-project/venv/lib/python3.12/site-packages/airflow/example_dags/example_sensor_decorator.py
[2026-03-28T19:09:01.961+0500] {processor.py:830} INFO - Processing file /home/abayturar/airflow-project/venv/lib/python3.12/site-packages/airflow/example_dags/example_sensor_decorator.py for tasks to queue
[2026-03-28T19:09:01.963+0500] {logging_mixin.py:188} INFO - [2026-03-28T19:09:01.963+0500] {dagbag.py:545} INFO - Filling up the DagBag from /home/abayturar/airflow-project/venv/lib/python3.12/site-packages/airflow/example_dags/example_sensor_decorator.py
[2026-03-28T19:09:01.970+0500] {processor.py:840} INFO - DAG(s) 'example_sensor_decorator' retrieved from /home/abayturar/airflow-project/venv/lib/python3.12/site-packages/airflow/example_dags/example_sensor_decorator.py
[2026-03-28T19:09:01.987+0500] {logging_mixin.py:188} INFO - [2026-03-28T19:09:01.987+0500] {dag.py:3089} INFO - Sync 1 DAGs
[2026-03-28T19:09:01.997+0500] {logging_mixin.py:188} INFO - [2026-03-28T19:09:01.997+0500] {dag.py:3947} INFO - Setting next_dagrun for example_sensor_decorator to None, run_after=None
[2026-03-28T19:09:02.027+0500] {processor.py:183} INFO - Processing /home/abayturar/airflow-project/venv/lib/python3.12/site-packages/airflow/example_dags/example_sensor_decorator.py took 0.074 seconds
[2026-03-28T19:09:47.189+0500] {processor.py:161} INFO - Started process (PID=26349) to work on /home/abayturar/airflow-project/venv/lib/python3.12/site-packages/airflow/example_dags/example_sensor_decorator.py
[2026-03-28T19:09:47.190+0500] {processor.py:830} INFO - Processing file /home/abayturar/airflow-project/venv/lib/python3.12/site-packages/airflow/example_dags/example_sensor_decorator.py for tasks to queue
[2026-03-28T19:09:47.192+0500] {logging_mixin.py:188} INFO - [2026-03-28T19:09:47.192+0500] {dagbag.py:545} INFO - Filling up the DagBag from /home/abayturar/airflow-project/venv/lib/python3.12/site-packages/airflow/example_dags/example_sensor_decorator.py
[2026-03-28T19:09:47.199+0500] {processor.py:840} INFO - DAG(s) 'example_sensor_decorator' retrieved from /home/abayturar/airflow-project/venv/lib/python3.12/site-packages/airflow/example_dags/example_sensor_decorator.py
[2026-03-28T19:09:47.215+0500] {logging_mixin.py:188} INFO - [2026-03-28T19:09:47.215+0500] {dag.py:3089} INFO - Sync 1 DAGs
[2026-03-28T19:09:47.224+0500] {logging_mixin.py:188} INFO - [2026-03-28T19:09:47.224+0500] {dag.py:3947} INFO - Setting next_dagrun for example_sensor_decorator to None, run_after=None
[2026-03-28T19:09:47.253+0500] {processor.py:183} INFO - Processing /home/abayturar/airflow-project/venv/lib/python3.12/site-packages/airflow/example_dags/example_sensor_decorator.py took 0.070 seconds
[2026-03-28T19:10:34.084+0500] {processor.py:161} INFO - Started process (PID=26474) to work on /home/abayturar/airflow-project/venv/lib/python3.12/site-packages/airflow/example_dags/example_sensor_decorator.py
[2026-03-28T19:10:34.085+0500] {processor.py:830} INFO - Processing file /home/abayturar/airflow-project/venv/lib/python3.12/site-packages/airflow/example_dags/example_sensor_decorator.py for tasks to queue
[2026-03-28T19:10:34.087+0500] {logging_mixin.py:188} INFO - [2026-03-28T19:10:34.086+0500] {dagbag.py:545} INFO - Filling up the DagBag from /home/abayturar/airflow-project/venv/lib/python3.12/site-packages/airflow/example_dags/example_sensor_decorator.py
[2026-03-28T19:10:34.093+0500] {processor.py:840} INFO - DAG(s) 'example_sensor_decorator' retrieved from /home/abayturar/airflow-project/venv/lib/python3.12/site-packages/airflow/example_dags/example_sensor_decorator.py
[2026-03-28T19:10:34.108+0500] {logging_mixin.py:188} INFO - [2026-03-28T19:10:34.108+0500] {dag.py:3089} INFO - Sync 1 DAGs
[2026-03-28T19:10:34.117+0500] {logging_mixin.py:188} INFO - [2026-03-28T19:10:34.117+0500] {dag.py:3947} INFO - Setting next_dagrun for example_sensor_decorator to None, run_after=None
[2026-03-28T19:10:34.132+0500] {processor.py:183} INFO - Processing /home/abayturar/airflow-project/venv/lib/python3.12/site-packages/airflow/example_dags/example_sensor_decorator.py took 0.054 seconds
[2026-03-28T19:11:21.678+0500] {processor.py:161} INFO - Started process (PID=26601) to work on /home/abayturar/airflow-project/venv/lib/python3.12/site-packages/airflow/example_dags/example_sensor_decorator.py
[2026-03-28T19:11:21.680+0500] {processor.py:830} INFO - Processing file /home/abayturar/airflow-project/venv/lib/python3.12/site-packages/airflow/example_dags/example_sensor_decorator.py for tasks to queue
[2026-03-28T19:11:21.682+0500] {logging_mixin.py:188} INFO - [2026-03-28T19:11:21.682+0500] {dagbag.py:545} INFO - Filling up the DagBag from /home/abayturar/airflow-project/venv/lib/python3.12/site-packages/airflow/example_dags/example_sensor_decorator.py
[2026-03-28T19:11:21.692+0500] {processor.py:840} INFO - DAG(s) 'example_sensor_decorator' retrieved from /home/abayturar/airflow-project/venv/lib/python3.12/site-packages/airflow/example_dags/example_sensor_decorator.py
[2026-03-28T19:11:21.716+0500] {logging_mixin.py:188} INFO - [2026-03-28T19:11:21.716+0500] {dag.py:3089} INFO - Sync 1 DAGs
[2026-03-28T19:11:21.729+0500] {logging_mixin.py:188} INFO - [2026-03-28T19:11:21.729+0500] {dag.py:3947} INFO - Setting next_dagrun for example_sensor_decorator to None, run_after=None
[2026-03-28T19:11:21.752+0500] {processor.py:183} INFO - Processing /home/abayturar/airflow-project/venv/lib/python3.12/site-packages/airflow/example_dags/example_sensor_decorator.py took 0.083 seconds
[2026-03-28T19:12:08.265+0500] {processor.py:161} INFO - Started process (PID=26727) to work on /home/abayturar/airflow-project/venv/lib/python3.12/site-packages/airflow/example_dags/example_sensor_decorator.py
[2026-03-28T19:12:08.266+0500] {processor.py:830} INFO - Processing file /home/abayturar/airflow-project/venv/lib/python3.12/site-packages/airflow/example_dags/example_sensor_decorator.py for tasks to queue
[2026-03-28T19:12:08.268+0500] {logging_mixin.py:188} INFO - [2026-03-28T19:12:08.267+0500] {dagbag.py:545} INFO - Filling up the DagBag from /home/abayturar/airflow-project/venv/lib/python3.12/site-packages/airflow/example_dags/example_sensor_decorator.py
[2026-03-28T19:12:08.274+0500] {processor.py:840} INFO - DAG(s) 'example_sensor_decorator' retrieved from /home/abayturar/airflow-project/venv/lib/python3.12/site-packages/airflow/example_dags/example_sensor_decorator.py
[2026-03-28T19:12:08.289+0500] {logging_mixin.py:188} INFO - [2026-03-28T19:12:08.288+0500] {dag.py:3089} INFO - Sync 1 DAGs
[2026-03-28T19:12:08.297+0500] {logging_mixin.py:188} INFO - [2026-03-28T19:12:08.297+0500] {dag.py:3947} INFO - Setting next_dagrun for example_sensor_decorator to None, run_after=None
[2026-03-28T19:12:08.324+0500] {processor.py:183} INFO - Processing /home/abayturar/airflow-project/venv/lib/python3.12/site-packages/airflow/example_dags/example_sensor_decorator.py took 0.064 seconds
[2026-03-28T19:12:57.199+0500] {processor.py:161} INFO - Started process (PID=26856) to work on /home/abayturar/airflow-project/venv/lib/python3.12/site-packages/airflow/example_dags/example_sensor_decorator.py
[2026-03-28T19:12:57.200+0500] {processor.py:830} INFO - Processing file /home/abayturar/airflow-project/venv/lib/python3.12/site-packages/airflow/example_dags/example_sensor_decorator.py for tasks to queue
[2026-03-28T19:12:57.201+0500] {logging_mixin.py:188} INFO - [2026-03-28T19:12:57.201+0500] {dagbag.py:545} INFO - Filling up the DagBag from /home/abayturar/airflow-project/venv/lib/python3.12/site-packages/airflow/example_dags/example_sensor_decorator.py
[2026-03-28T19:12:57.208+0500] {processor.py:840} INFO - DAG(s) 'example_sensor_decorator' retrieved from /home/abayturar/airflow-project/venv/lib/python3.12/site-packages/airflow/example_dags/example_sensor_decorator.py
[2026-03-28T19:12:57.223+0500] {logging_mixin.py:188} INFO - [2026-03-28T19:12:57.223+0500] {dag.py:3089} INFO - Sync 1 DAGs
[2026-03-28T19:12:57.232+0500] {logging_mixin.py:188} INFO - [2026-03-28T19:12:57.231+0500] {dag.py:3947} INFO - Setting next_dagrun for example_sensor_decorator to None, run_after=None
[2026-03-28T19:12:57.247+0500] {processor.py:183} INFO - Processing /home/abayturar/airflow-project/venv/lib/python3.12/site-packages/airflow/example_dags/example_sensor_decorator.py took 0.054 seconds
[2026-03-28T19:13:44.076+0500] {processor.py:161} INFO - Started process (PID=26984) to work on /home/abayturar/airflow-project/venv/lib/python3.12/site-packages/airflow/example_dags/example_sensor_decorator.py
[2026-03-28T19:13:44.078+0500] {processor.py:830} INFO - Processing file /home/abayturar/airflow-project/venv/lib/python3.12/site-packages/airflow/example_dags/example_sensor_decorator.py for tasks to queue
[2026-03-28T19:13:44.079+0500] {logging_mixin.py:188} INFO - [2026-03-28T19:13:44.079+0500] {dagbag.py:545} INFO - Filling up the DagBag from /home/abayturar/airflow-project/venv/lib/python3.12/site-packages/airflow/example_dags/example_sensor_decorator.py
[2026-03-28T19:13:44.087+0500] {processor.py:840} INFO - DAG(s) 'example_sensor_decorator' retrieved from /home/abayturar/airflow-project/venv/lib/python3.12/site-packages/airflow/example_dags/example_sensor_decorator.py
[2026-03-28T19:13:44.107+0500] {logging_mixin.py:188} INFO - [2026-03-28T19:13:44.106+0500] {dag.py:3089} INFO - Sync 1 DAGs
[2026-03-28T19:13:44.118+0500] {logging_mixin.py:188} INFO - [2026-03-28T19:13:44.118+0500] {dag.py:3947} INFO - Setting next_dagrun for example_sensor_decorator to None, run_after=None
[2026-03-28T19:13:44.139+0500] {processor.py:183} INFO - Processing /home/abayturar/airflow-project/venv/lib/python3.12/site-packages/airflow/example_dags/example_sensor_decorator.py took 0.071 seconds
[2026-03-28T19:14:31.577+0500] {processor.py:161} INFO - Started process (PID=27111) to work on /home/abayturar/airflow-project/venv/lib/python3.12/site-packages/airflow/example_dags/example_sensor_decorator.py
[2026-03-28T19:14:31.578+0500] {processor.py:830} INFO - Processing file /home/abayturar/airflow-project/venv/lib/python3.12/site-packages/airflow/example_dags/example_sensor_decorator.py for tasks to queue
[2026-03-28T19:14:31.580+0500] {logging_mixin.py:188} INFO - [2026-03-28T19:14:31.579+0500] {dagbag.py:545} INFO - Filling up the DagBag from /home/abayturar/airflow-project/venv/lib/python3.12/site-packages/airflow/example_dags/example_sensor_decorator.py
[2026-03-28T19:14:31.588+0500] {processor.py:840} INFO - DAG(s) 'example_sensor_decorator' retrieved from /home/abayturar/airflow-project/venv/lib/python3.12/site-packages/airflow/example_dags/example_sensor_decorator.py
[2026-03-28T19:14:31.605+0500] {logging_mixin.py:188} INFO - [2026-03-28T19:14:31.605+0500] {dag.py:3089} INFO - Sync 1 DAGs
[2026-03-28T19:14:31.616+0500] {logging_mixin.py:188} INFO - [2026-03-28T19:14:31.616+0500] {dag.py:3947} INFO - Setting next_dagrun for example_sensor_decorator to None, run_after=None
[2026-03-28T19:14:31.646+0500] {processor.py:183} INFO - Processing /home/abayturar/airflow-project/venv/lib/python3.12/site-packages/airflow/example_dags/example_sensor_decorator.py took 0.076 seconds
[2026-03-28T19:15:19.120+0500] {processor.py:161} INFO - Started process (PID=27240) to work on /home/abayturar/airflow-project/venv/lib/python3.12/site-packages/airflow/example_dags/example_sensor_decorator.py
[2026-03-28T19:15:19.121+0500] {processor.py:830} INFO - Processing file /home/abayturar/airflow-project/venv/lib/python3.12/site-packages/airflow/example_dags/example_sensor_decorator.py for tasks to queue
[2026-03-28T19:15:19.123+0500] {logging_mixin.py:188} INFO - [2026-03-28T19:15:19.122+0500] {dagbag.py:545} INFO - Filling up the DagBag from /home/abayturar/airflow-project/venv/lib/python3.12/site-packages/airflow/example_dags/example_sensor_decorator.py
[2026-03-28T19:15:19.130+0500] {processor.py:840} INFO - DAG(s) 'example_sensor_decorator' retrieved from /home/abayturar/airflow-project/venv/lib/python3.12/site-packages/airflow/example_dags/example_sensor_decorator.py
[2026-03-28T19:15:19.146+0500] {logging_mixin.py:188} INFO - [2026-03-28T19:15:19.146+0500] {dag.py:3089} INFO - Sync 1 DAGs
[2026-03-28T19:15:19.156+0500] {logging_mixin.py:188} INFO - [2026-03-28T19:15:19.156+0500] {dag.py:3947} INFO - Setting next_dagrun for example_sensor_decorator to None, run_after=None
[2026-03-28T19:15:19.182+0500] {processor.py:183} INFO - Processing /home/abayturar/airflow-project/venv/lib/python3.12/site-packages/airflow/example_dags/example_sensor_decorator.py took 0.069 seconds
[2026-03-28T19:16:23.494+0500] {processor.py:161} INFO - Started process (PID=27409) to work on /home/abayturar/airflow-project/venv/lib/python3.12/site-packages/airflow/example_dags/example_sensor_decorator.py
[2026-03-28T19:16:23.495+0500] {processor.py:830} INFO - Processing file /home/abayturar/airflow-project/venv/lib/python3.12/site-packages/airflow/example_dags/example_sensor_decorator.py for tasks to queue
[2026-03-28T19:16:23.497+0500] {logging_mixin.py:188} INFO - [2026-03-28T19:16:23.497+0500] {dagbag.py:545} INFO - Filling up the DagBag from /home/abayturar/airflow-project/venv/lib/python3.12/site-packages/airflow/example_dags/example_sensor_decorator.py
[2026-03-28T19:16:23.504+0500] {processor.py:840} INFO - DAG(s) 'example_sensor_decorator' retrieved from /home/abayturar/airflow-project/venv/lib/python3.12/site-packages/airflow/example_dags/example_sensor_decorator.py
[2026-03-28T19:16:23.520+0500] {logging_mixin.py:188} INFO - [2026-03-28T19:16:23.520+0500] {dag.py:3089} INFO - Sync 1 DAGs
[2026-03-28T19:16:23.529+0500] {logging_mixin.py:188} INFO - [2026-03-28T19:16:23.529+0500] {dag.py:3947} INFO - Setting next_dagrun for example_sensor_decorator to None, run_after=None
[2026-03-28T19:16:23.556+0500] {processor.py:183} INFO - Processing /home/abayturar/airflow-project/venv/lib/python3.12/site-packages/airflow/example_dags/example_sensor_decorator.py took 0.068 seconds
[2026-03-28T19:17:10.245+0500] {processor.py:161} INFO - Started process (PID=27535) to work on /home/abayturar/airflow-project/venv/lib/python3.12/site-packages/airflow/example_dags/example_sensor_decorator.py
[2026-03-28T19:17:10.246+0500] {processor.py:830} INFO - Processing file /home/abayturar/airflow-project/venv/lib/python3.12/site-packages/airflow/example_dags/example_sensor_decorator.py for tasks to queue
[2026-03-28T19:17:10.248+0500] {logging_mixin.py:188} INFO - [2026-03-28T19:17:10.247+0500] {dagbag.py:545} INFO - Filling up the DagBag from /home/abayturar/airflow-project/venv/lib/python3.12/site-packages/airflow/example_dags/example_sensor_decorator.py
[2026-03-28T19:17:10.256+0500] {processor.py:840} INFO - DAG(s) 'example_sensor_decorator' retrieved from /home/abayturar/airflow-project/venv/lib/python3.12/site-packages/airflow/example_dags/example_sensor_decorator.py
[2026-03-28T19:17:10.280+0500] {logging_mixin.py:188} INFO - [2026-03-28T19:17:10.280+0500] {dag.py:3089} INFO - Sync 1 DAGs
[2026-03-28T19:17:10.291+0500] {logging_mixin.py:188} INFO - [2026-03-28T19:17:10.291+0500] {dag.py:3947} INFO - Setting next_dagrun for example_sensor_decorator to None, run_after=None
[2026-03-28T19:17:10.327+0500] {processor.py:183} INFO - Processing /home/abayturar/airflow-project/venv/lib/python3.12/site-packages/airflow/example_dags/example_sensor_decorator.py took 0.089 seconds
[2026-03-28T19:17:56.918+0500] {processor.py:161} INFO - Started process (PID=27659) to work on /home/abayturar/airflow-project/venv/lib/python3.12/site-packages/airflow/example_dags/example_sensor_decorator.py
[2026-03-28T19:17:56.919+0500] {processor.py:830} INFO - Processing file /home/abayturar/airflow-project/venv/lib/python3.12/site-packages/airflow/example_dags/example_sensor_decorator.py for tasks to queue
[2026-03-28T19:17:56.921+0500] {logging_mixin.py:188} INFO - [2026-03-28T19:17:56.920+0500] {dagbag.py:545} INFO - Filling up the DagBag from /home/abayturar/airflow-project/venv/lib/python3.12/site-packages/airflow/example_dags/example_sensor_decorator.py
[2026-03-28T19:17:56.928+0500] {processor.py:840} INFO - DAG(s) 'example_sensor_decorator' retrieved from /home/abayturar/airflow-project/venv/lib/python3.12/site-packages/airflow/example_dags/example_sensor_decorator.py
[2026-03-28T19:17:56.943+0500] {logging_mixin.py:188} INFO - [2026-03-28T19:17:56.942+0500] {dag.py:3089} INFO - Sync 1 DAGs
[2026-03-28T19:17:56.952+0500] {logging_mixin.py:188} INFO - [2026-03-28T19:17:56.952+0500] {dag.py:3947} INFO - Setting next_dagrun for example_sensor_decorator to None, run_after=None
[2026-03-28T19:17:56.978+0500] {processor.py:183} INFO - Processing /home/abayturar/airflow-project/venv/lib/python3.12/site-packages/airflow/example_dags/example_sensor_decorator.py took 0.066 seconds
[2026-03-28T19:18:40.422+0500] {processor.py:161} INFO - Started process (PID=27781) to work on /home/abayturar/airflow-project/venv/lib/python3.12/site-packages/airflow/example_dags/example_sensor_decorator.py
[2026-03-28T19:18:40.423+0500] {processor.py:830} INFO - Processing file /home/abayturar/airflow-project/venv/lib/python3.12/site-packages/airflow/example_dags/example_sensor_decorator.py for tasks to queue
[2026-03-28T19:18:40.425+0500] {logging_mixin.py:188} INFO - [2026-03-28T19:18:40.425+0500] {dagbag.py:545} INFO - Filling up the DagBag from /home/abayturar/airflow-project/venv/lib/python3.12/site-packages/airflow/example_dags/example_sensor_decorator.py
[2026-03-28T19:18:40.432+0500] {processor.py:840} INFO - DAG(s) 'example_sensor_decorator' retrieved from /home/abayturar/airflow-project/venv/lib/python3.12/site-packages/airflow/example_dags/example_sensor_decorator.py
[2026-03-28T19:18:40.448+0500] {logging_mixin.py:188} INFO - [2026-03-28T19:18:40.447+0500] {dag.py:3089} INFO - Sync 1 DAGs
[2026-03-28T19:18:40.457+0500] {logging_mixin.py:188} INFO - [2026-03-28T19:18:40.457+0500] {dag.py:3947} INFO - Setting next_dagrun for example_sensor_decorator to None, run_after=None
[2026-03-28T19:18:40.486+0500] {processor.py:183} INFO - Processing /home/abayturar/airflow-project/venv/lib/python3.12/site-packages/airflow/example_dags/example_sensor_decorator.py took 0.070 seconds
[2026-03-28T19:19:28.136+0500] {processor.py:161} INFO - Started process (PID=27906) to work on /home/abayturar/airflow-project/venv/lib/python3.12/site-packages/airflow/example_dags/example_sensor_decorator.py
[2026-03-28T19:19:28.137+0500] {processor.py:830} INFO - Processing file /home/abayturar/airflow-project/venv/lib/python3.12/site-packages/airflow/example_dags/example_sensor_decorator.py for tasks to queue
[2026-03-28T19:19:28.139+0500] {logging_mixin.py:188} INFO - [2026-03-28T19:19:28.139+0500] {dagbag.py:545} INFO - Filling up the DagBag from /home/abayturar/airflow-project/venv/lib/python3.12/site-packages/airflow/example_dags/example_sensor_decorator.py
[2026-03-28T19:19:28.146+0500] {processor.py:840} INFO - DAG(s) 'example_sensor_decorator' retrieved from /home/abayturar/airflow-project/venv/lib/python3.12/site-packages/airflow/example_dags/example_sensor_decorator.py
[2026-03-28T19:19:28.164+0500] {logging_mixin.py:188} INFO - [2026-03-28T19:19:28.164+0500] {dag.py:3089} INFO - Sync 1 DAGs
[2026-03-28T19:19:28.174+0500] {logging_mixin.py:188} INFO - [2026-03-28T19:19:28.174+0500] {dag.py:3947} INFO - Setting next_dagrun for example_sensor_decorator to None, run_after=None
[2026-03-28T19:19:28.189+0500] {processor.py:183} INFO - Processing /home/abayturar/airflow-project/venv/lib/python3.12/site-packages/airflow/example_dags/example_sensor_decorator.py took 0.060 seconds
[2026-03-28T19:20:16.024+0500] {processor.py:161} INFO - Started process (PID=28035) to work on /home/abayturar/airflow-project/venv/lib/python3.12/site-packages/airflow/example_dags/example_sensor_decorator.py
[2026-03-28T19:20:16.025+0500] {processor.py:830} INFO - Processing file /home/abayturar/airflow-project/venv/lib/python3.12/site-packages/airflow/example_dags/example_sensor_decorator.py for tasks to queue
[2026-03-28T19:20:16.027+0500] {logging_mixin.py:188} INFO - [2026-03-28T19:20:16.027+0500] {dagbag.py:545} INFO - Filling up the DagBag from /home/abayturar/airflow-project/venv/lib/python3.12/site-packages/airflow/example_dags/example_sensor_decorator.py
[2026-03-28T19:20:16.034+0500] {processor.py:840} INFO - DAG(s) 'example_sensor_decorator' retrieved from /home/abayturar/airflow-project/venv/lib/python3.12/site-packages/airflow/example_dags/example_sensor_decorator.py
[2026-03-28T19:20:16.050+0500] {logging_mixin.py:188} INFO - [2026-03-28T19:20:16.050+0500] {dag.py:3089} INFO - Sync 1 DAGs
[2026-03-28T19:20:16.059+0500] {logging_mixin.py:188} INFO - [2026-03-28T19:20:16.059+0500] {dag.py:3947} INFO - Setting next_dagrun for example_sensor_decorator to None, run_after=None
[2026-03-28T19:20:16.074+0500] {processor.py:183} INFO - Processing /home/abayturar/airflow-project/venv/lib/python3.12/site-packages/airflow/example_dags/example_sensor_decorator.py took 0.058 seconds
[2026-03-28T19:21:02.295+0500] {processor.py:161} INFO - Started process (PID=28160) to work on /home/abayturar/airflow-project/venv/lib/python3.12/site-packages/airflow/example_dags/example_sensor_decorator.py
[2026-03-28T19:21:02.296+0500] {processor.py:830} INFO - Processing file /home/abayturar/airflow-project/venv/lib/python3.12/site-packages/airflow/example_dags/example_sensor_decorator.py for tasks to queue
[2026-03-28T19:21:02.298+0500] {logging_mixin.py:188} INFO - [2026-03-28T19:21:02.297+0500] {dagbag.py:545} INFO - Filling up the DagBag from /home/abayturar/airflow-project/venv/lib/python3.12/site-packages/airflow/example_dags/example_sensor_decorator.py
[2026-03-28T19:21:02.304+0500] {processor.py:840} INFO - DAG(s) 'example_sensor_decorator' retrieved from /home/abayturar/airflow-project/venv/lib/python3.12/site-packages/airflow/example_dags/example_sensor_decorator.py
[2026-03-28T19:21:02.319+0500] {logging_mixin.py:188} INFO - [2026-03-28T19:21:02.319+0500] {dag.py:3089} INFO - Sync 1 DAGs
[2026-03-28T19:21:02.329+0500] {logging_mixin.py:188} INFO - [2026-03-28T19:21:02.328+0500] {dag.py:3947} INFO - Setting next_dagrun for example_sensor_decorator to None, run_after=None
[2026-03-28T19:21:02.358+0500] {processor.py:183} INFO - Processing /home/abayturar/airflow-project/venv/lib/python3.12/site-packages/airflow/example_dags/example_sensor_decorator.py took 0.068 seconds
[2026-03-28T19:21:47.297+0500] {processor.py:161} INFO - Started process (PID=28317) to work on /home/abayturar/airflow-project/venv/lib/python3.12/site-packages/airflow/example_dags/example_sensor_decorator.py
[2026-03-28T19:21:47.298+0500] {processor.py:830} INFO - Processing file /home/abayturar/airflow-project/venv/lib/python3.12/site-packages/airflow/example_dags/example_sensor_decorator.py for tasks to queue
[2026-03-28T19:21:47.301+0500] {logging_mixin.py:188} INFO - [2026-03-28T19:21:47.300+0500] {dagbag.py:545} INFO - Filling up the DagBag from /home/abayturar/airflow-project/venv/lib/python3.12/site-packages/airflow/example_dags/example_sensor_decorator.py
[2026-03-28T19:21:47.309+0500] {processor.py:840} INFO - DAG(s) 'example_sensor_decorator' retrieved from /home/abayturar/airflow-project/venv/lib/python3.12/site-packages/airflow/example_dags/example_sensor_decorator.py
[2026-03-28T19:21:47.327+0500] {logging_mixin.py:188} INFO - [2026-03-28T19:21:47.327+0500] {dag.py:3089} INFO - Sync 1 DAGs
[2026-03-28T19:21:47.336+0500] {logging_mixin.py:188} INFO - [2026-03-28T19:21:47.336+0500] {dag.py:3947} INFO - Setting next_dagrun for example_sensor_decorator to None, run_after=None
[2026-03-28T19:21:47.363+0500] {processor.py:183} INFO - Processing /home/abayturar/airflow-project/venv/lib/python3.12/site-packages/airflow/example_dags/example_sensor_decorator.py took 0.072 seconds
[2026-03-28T19:22:49.284+0500] {processor.py:161} INFO - Started process (PID=28493) to work on /home/abayturar/airflow-project/venv/lib/python3.12/site-packages/airflow/example_dags/example_sensor_decorator.py
[2026-03-28T19:22:49.285+0500] {processor.py:830} INFO - Processing file /home/abayturar/airflow-project/venv/lib/python3.12/site-packages/airflow/example_dags/example_sensor_decorator.py for tasks to queue
[2026-03-28T19:22:49.287+0500] {logging_mixin.py:188} INFO - [2026-03-28T19:22:49.286+0500] {dagbag.py:545} INFO - Filling up the DagBag from /home/abayturar/airflow-project/venv/lib/python3.12/site-packages/airflow/example_dags/example_sensor_decorator.py
[2026-03-28T19:22:49.294+0500] {processor.py:840} INFO - DAG(s) 'example_sensor_decorator' retrieved from /home/abayturar/airflow-project/venv/lib/python3.12/site-packages/airflow/example_dags/example_sensor_decorator.py
[2026-03-28T19:22:49.309+0500] {logging_mixin.py:188} INFO - [2026-03-28T19:22:49.309+0500] {dag.py:3089} INFO - Sync 1 DAGs
[2026-03-28T19:22:49.318+0500] {logging_mixin.py:188} INFO - [2026-03-28T19:22:49.318+0500] {dag.py:3947} INFO - Setting next_dagrun for example_sensor_decorator to None, run_after=None
[2026-03-28T19:22:49.344+0500] {processor.py:183} INFO - Processing /home/abayturar/airflow-project/venv/lib/python3.12/site-packages/airflow/example_dags/example_sensor_decorator.py took 0.067 seconds
[2026-03-28T19:23:36.123+0500] {processor.py:161} INFO - Started process (PID=28618) to work on /home/abayturar/airflow-project/venv/lib/python3.12/site-packages/airflow/example_dags/example_sensor_decorator.py
[2026-03-28T19:23:36.124+0500] {processor.py:830} INFO - Processing file /home/abayturar/airflow-project/venv/lib/python3.12/site-packages/airflow/example_dags/example_sensor_decorator.py for tasks to queue
[2026-03-28T19:23:36.126+0500] {logging_mixin.py:188} INFO - [2026-03-28T19:23:36.125+0500] {dagbag.py:545} INFO - Filling up the DagBag from /home/abayturar/airflow-project/venv/lib/python3.12/site-packages/airflow/example_dags/example_sensor_decorator.py
[2026-03-28T19:23:36.133+0500] {processor.py:840} INFO - DAG(s) 'example_sensor_decorator' retrieved from /home/abayturar/airflow-project/venv/lib/python3.12/site-packages/airflow/example_dags/example_sensor_decorator.py
[2026-03-28T19:23:36.148+0500] {logging_mixin.py:188} INFO - [2026-03-28T19:23:36.148+0500] {dag.py:3089} INFO - Sync 1 DAGs
[2026-03-28T19:23:36.156+0500] {logging_mixin.py:188} INFO - [2026-03-28T19:23:36.156+0500] {dag.py:3947} INFO - Setting next_dagrun for example_sensor_decorator to None, run_after=None
[2026-03-28T19:23:36.183+0500] {processor.py:183} INFO - Processing /home/abayturar/airflow-project/venv/lib/python3.12/site-packages/airflow/example_dags/example_sensor_decorator.py took 0.066 seconds
[2026-03-28T19:24:22.705+0500] {processor.py:161} INFO - Started process (PID=28745) to work on /home/abayturar/airflow-project/venv/lib/python3.12/site-packages/airflow/example_dags/example_sensor_decorator.py
[2026-03-28T19:24:22.707+0500] {processor.py:830} INFO - Processing file /home/abayturar/airflow-project/venv/lib/python3.12/site-packages/airflow/example_dags/example_sensor_decorator.py for tasks to queue
[2026-03-28T19:24:22.710+0500] {logging_mixin.py:188} INFO - [2026-03-28T19:24:22.709+0500] {dagbag.py:545} INFO - Filling up the DagBag from /home/abayturar/airflow-project/venv/lib/python3.12/site-packages/airflow/example_dags/example_sensor_decorator.py
[2026-03-28T19:24:22.719+0500] {processor.py:840} INFO - DAG(s) 'example_sensor_decorator' retrieved from /home/abayturar/airflow-project/venv/lib/python3.12/site-packages/airflow/example_dags/example_sensor_decorator.py
[2026-03-28T19:24:22.742+0500] {logging_mixin.py:188} INFO - [2026-03-28T19:24:22.742+0500] {dag.py:3089} INFO - Sync 1 DAGs
[2026-03-28T19:24:22.754+0500] {logging_mixin.py:188} INFO - [2026-03-28T19:24:22.754+0500] {dag.py:3947} INFO - Setting next_dagrun for example_sensor_decorator to None, run_after=None
[2026-03-28T19:24:22.788+0500] {processor.py:183} INFO - Processing /home/abayturar/airflow-project/venv/lib/python3.12/site-packages/airflow/example_dags/example_sensor_decorator.py took 0.092 seconds
[2026-03-28T19:25:09.250+0500] {processor.py:161} INFO - Started process (PID=28870) to work on /home/abayturar/airflow-project/venv/lib/python3.12/site-packages/airflow/example_dags/example_sensor_decorator.py
[2026-03-28T19:25:09.251+0500] {processor.py:830} INFO - Processing file /home/abayturar/airflow-project/venv/lib/python3.12/site-packages/airflow/example_dags/example_sensor_decorator.py for tasks to queue
[2026-03-28T19:25:09.253+0500] {logging_mixin.py:188} INFO - [2026-03-28T19:25:09.252+0500] {dagbag.py:545} INFO - Filling up the DagBag from /home/abayturar/airflow-project/venv/lib/python3.12/site-packages/airflow/example_dags/example_sensor_decorator.py
[2026-03-28T19:25:09.261+0500] {processor.py:840} INFO - DAG(s) 'example_sensor_decorator' retrieved from /home/abayturar/airflow-project/venv/lib/python3.12/site-packages/airflow/example_dags/example_sensor_decorator.py
[2026-03-28T19:25:09.278+0500] {logging_mixin.py:188} INFO - [2026-03-28T19:25:09.277+0500] {dag.py:3089} INFO - Sync 1 DAGs
[2026-03-28T19:25:09.287+0500] {logging_mixin.py:188} INFO - [2026-03-28T19:25:09.287+0500] {dag.py:3947} INFO - Setting next_dagrun for example_sensor_decorator to None, run_after=None
[2026-03-28T19:25:09.305+0500] {processor.py:183} INFO - Processing /home/abayturar/airflow-project/venv/lib/python3.12/site-packages/airflow/example_dags/example_sensor_decorator.py took 0.062 seconds
[2026-03-28T19:25:55.212+0500] {processor.py:161} INFO - Started process (PID=28993) to work on /home/abayturar/airflow-project/venv/lib/python3.12/site-packages/airflow/example_dags/example_sensor_decorator.py
[2026-03-28T19:25:55.213+0500] {processor.py:830} INFO - Processing file /home/abayturar/airflow-project/venv/lib/python3.12/site-packages/airflow/example_dags/example_sensor_decorator.py for tasks to queue
[2026-03-28T19:25:55.214+0500] {logging_mixin.py:188} INFO - [2026-03-28T19:25:55.214+0500] {dagbag.py:545} INFO - Filling up the DagBag from /home/abayturar/airflow-project/venv/lib/python3.12/site-packages/airflow/example_dags/example_sensor_decorator.py
[2026-03-28T19:25:55.221+0500] {processor.py:840} INFO - DAG(s) 'example_sensor_decorator' retrieved from /home/abayturar/airflow-project/venv/lib/python3.12/site-packages/airflow/example_dags/example_sensor_decorator.py
[2026-03-28T19:25:55.236+0500] {logging_mixin.py:188} INFO - [2026-03-28T19:25:55.236+0500] {dag.py:3089} INFO - Sync 1 DAGs
[2026-03-28T19:25:55.245+0500] {logging_mixin.py:188} INFO - [2026-03-28T19:25:55.244+0500] {dag.py:3947} INFO - Setting next_dagrun for example_sensor_decorator to None, run_after=None
[2026-03-28T19:25:55.271+0500] {processor.py:183} INFO - Processing /home/abayturar/airflow-project/venv/lib/python3.12/site-packages/airflow/example_dags/example_sensor_decorator.py took 0.065 seconds
[2026-03-28T19:26:40.538+0500] {processor.py:161} INFO - Started process (PID=29117) to work on /home/abayturar/airflow-project/venv/lib/python3.12/site-packages/airflow/example_dags/example_sensor_decorator.py
[2026-03-28T19:26:40.538+0500] {processor.py:830} INFO - Processing file /home/abayturar/airflow-project/venv/lib/python3.12/site-packages/airflow/example_dags/example_sensor_decorator.py for tasks to queue
[2026-03-28T19:26:40.540+0500] {logging_mixin.py:188} INFO - [2026-03-28T19:26:40.540+0500] {dagbag.py:545} INFO - Filling up the DagBag from /home/abayturar/airflow-project/venv/lib/python3.12/site-packages/airflow/example_dags/example_sensor_decorator.py
[2026-03-28T19:26:40.547+0500] {processor.py:840} INFO - DAG(s) 'example_sensor_decorator' retrieved from /home/abayturar/airflow-project/venv/lib/python3.12/site-packages/airflow/example_dags/example_sensor_decorator.py
[2026-03-28T19:26:40.562+0500] {logging_mixin.py:188} INFO - [2026-03-28T19:26:40.562+0500] {dag.py:3089} INFO - Sync 1 DAGs
[2026-03-28T19:26:40.571+0500] {logging_mixin.py:188} INFO - [2026-03-28T19:26:40.571+0500] {dag.py:3947} INFO - Setting next_dagrun for example_sensor_decorator to None, run_after=None
[2026-03-28T19:26:40.585+0500] {processor.py:183} INFO - Processing /home/abayturar/airflow-project/venv/lib/python3.12/site-packages/airflow/example_dags/example_sensor_decorator.py took 0.054 seconds
[2026-03-28T19:27:28.265+0500] {processor.py:161} INFO - Started process (PID=29244) to work on /home/abayturar/airflow-project/venv/lib/python3.12/site-packages/airflow/example_dags/example_sensor_decorator.py
[2026-03-28T19:27:28.266+0500] {processor.py:830} INFO - Processing file /home/abayturar/airflow-project/venv/lib/python3.12/site-packages/airflow/example_dags/example_sensor_decorator.py for tasks to queue
[2026-03-28T19:27:28.267+0500] {logging_mixin.py:188} INFO - [2026-03-28T19:27:28.267+0500] {dagbag.py:545} INFO - Filling up the DagBag from /home/abayturar/airflow-project/venv/lib/python3.12/site-packages/airflow/example_dags/example_sensor_decorator.py
[2026-03-28T19:27:28.275+0500] {processor.py:840} INFO - DAG(s) 'example_sensor_decorator' retrieved from /home/abayturar/airflow-project/venv/lib/python3.12/site-packages/airflow/example_dags/example_sensor_decorator.py
[2026-03-28T19:27:28.290+0500] {logging_mixin.py:188} INFO - [2026-03-28T19:27:28.290+0500] {dag.py:3089} INFO - Sync 1 DAGs
[2026-03-28T19:27:28.300+0500] {logging_mixin.py:188} INFO - [2026-03-28T19:27:28.300+0500] {dag.py:3947} INFO - Setting next_dagrun for example_sensor_decorator to None, run_after=None
[2026-03-28T19:27:28.316+0500] {processor.py:183} INFO - Processing /home/abayturar/airflow-project/venv/lib/python3.12/site-packages/airflow/example_dags/example_sensor_decorator.py took 0.058 seconds
[2026-03-28T19:28:16.089+0500] {processor.py:161} INFO - Started process (PID=29372) to work on /home/abayturar/airflow-project/venv/lib/python3.12/site-packages/airflow/example_dags/example_sensor_decorator.py
[2026-03-28T19:28:16.090+0500] {processor.py:830} INFO - Processing file /home/abayturar/airflow-project/venv/lib/python3.12/site-packages/airflow/example_dags/example_sensor_decorator.py for tasks to queue
[2026-03-28T19:28:16.092+0500] {logging_mixin.py:188} INFO - [2026-03-28T19:28:16.092+0500] {dagbag.py:545} INFO - Filling up the DagBag from /home/abayturar/airflow-project/venv/lib/python3.12/site-packages/airflow/example_dags/example_sensor_decorator.py
[2026-03-28T19:28:16.099+0500] {processor.py:840} INFO - DAG(s) 'example_sensor_decorator' retrieved from /home/abayturar/airflow-project/venv/lib/python3.12/site-packages/airflow/example_dags/example_sensor_decorator.py
[2026-03-28T19:28:16.115+0500] {logging_mixin.py:188} INFO - [2026-03-28T19:28:16.115+0500] {dag.py:3089} INFO - Sync 1 DAGs
[2026-03-28T19:28:16.124+0500] {logging_mixin.py:188} INFO - [2026-03-28T19:28:16.124+0500] {dag.py:3947} INFO - Setting next_dagrun for example_sensor_decorator to None, run_after=None
[2026-03-28T19:28:16.141+0500] {processor.py:183} INFO - Processing /home/abayturar/airflow-project/venv/lib/python3.12/site-packages/airflow/example_dags/example_sensor_decorator.py took 0.058 seconds
[2026-03-28T19:29:05.793+0500] {processor.py:161} INFO - Started process (PID=29536) to work on /home/abayturar/airflow-project/venv/lib/python3.12/site-packages/airflow/example_dags/example_sensor_decorator.py
[2026-03-28T19:29:05.794+0500] {processor.py:830} INFO - Processing file /home/abayturar/airflow-project/venv/lib/python3.12/site-packages/airflow/example_dags/example_sensor_decorator.py for tasks to queue
[2026-03-28T19:29:05.796+0500] {logging_mixin.py:188} INFO - [2026-03-28T19:29:05.796+0500] {dagbag.py:545} INFO - Filling up the DagBag from /home/abayturar/airflow-project/venv/lib/python3.12/site-packages/airflow/example_dags/example_sensor_decorator.py
[2026-03-28T19:29:05.804+0500] {processor.py:840} INFO - DAG(s) 'example_sensor_decorator' retrieved from /home/abayturar/airflow-project/venv/lib/python3.12/site-packages/airflow/example_dags/example_sensor_decorator.py
[2026-03-28T19:29:05.823+0500] {logging_mixin.py:188} INFO - [2026-03-28T19:29:05.823+0500] {dag.py:3089} INFO - Sync 1 DAGs
[2026-03-28T19:29:05.834+0500] {logging_mixin.py:188} INFO - [2026-03-28T19:29:05.833+0500] {dag.py:3947} INFO - Setting next_dagrun for example_sensor_decorator to None, run_after=None
[2026-03-28T19:29:05.850+0500] {processor.py:183} INFO - Processing /home/abayturar/airflow-project/venv/lib/python3.12/site-packages/airflow/example_dags/example_sensor_decorator.py took 0.066 seconds
[2026-03-28T19:29:51.978+0500] {processor.py:161} INFO - Started process (PID=29698) to work on /home/abayturar/airflow-project/venv/lib/python3.12/site-packages/airflow/example_dags/example_sensor_decorator.py
[2026-03-28T19:29:51.979+0500] {processor.py:830} INFO - Processing file /home/abayturar/airflow-project/venv/lib/python3.12/site-packages/airflow/example_dags/example_sensor_decorator.py for tasks to queue
[2026-03-28T19:29:51.981+0500] {logging_mixin.py:188} INFO - [2026-03-28T19:29:51.980+0500] {dagbag.py:545} INFO - Filling up the DagBag from /home/abayturar/airflow-project/venv/lib/python3.12/site-packages/airflow/example_dags/example_sensor_decorator.py
[2026-03-28T19:29:51.990+0500] {processor.py:840} INFO - DAG(s) 'example_sensor_decorator' retrieved from /home/abayturar/airflow-project/venv/lib/python3.12/site-packages/airflow/example_dags/example_sensor_decorator.py
[2026-03-28T19:29:52.008+0500] {logging_mixin.py:188} INFO - [2026-03-28T19:29:52.008+0500] {dag.py:3089} INFO - Sync 1 DAGs
[2026-03-28T19:29:52.020+0500] {logging_mixin.py:188} INFO - [2026-03-28T19:29:52.019+0500] {dag.py:3947} INFO - Setting next_dagrun for example_sensor_decorator to None, run_after=None
[2026-03-28T19:29:52.050+0500] {processor.py:183} INFO - Processing /home/abayturar/airflow-project/venv/lib/python3.12/site-packages/airflow/example_dags/example_sensor_decorator.py took 0.078 seconds
[2026-03-28T19:30:49.554+0500] {processor.py:161} INFO - Started process (PID=29879) to work on /home/abayturar/airflow-project/venv/lib/python3.12/site-packages/airflow/example_dags/example_sensor_decorator.py
[2026-03-28T19:30:49.555+0500] {processor.py:830} INFO - Processing file /home/abayturar/airflow-project/venv/lib/python3.12/site-packages/airflow/example_dags/example_sensor_decorator.py for tasks to queue
[2026-03-28T19:30:49.556+0500] {logging_mixin.py:188} INFO - [2026-03-28T19:30:49.556+0500] {dagbag.py:545} INFO - Filling up the DagBag from /home/abayturar/airflow-project/venv/lib/python3.12/site-packages/airflow/example_dags/example_sensor_decorator.py
[2026-03-28T19:30:49.565+0500] {processor.py:840} INFO - DAG(s) 'example_sensor_decorator' retrieved from /home/abayturar/airflow-project/venv/lib/python3.12/site-packages/airflow/example_dags/example_sensor_decorator.py
[2026-03-28T19:30:49.581+0500] {logging_mixin.py:188} INFO - [2026-03-28T19:30:49.581+0500] {dag.py:3089} INFO - Sync 1 DAGs
[2026-03-28T19:30:49.591+0500] {logging_mixin.py:188} INFO - [2026-03-28T19:30:49.590+0500] {dag.py:3947} INFO - Setting next_dagrun for example_sensor_decorator to None, run_after=None
[2026-03-28T19:30:49.607+0500] {processor.py:183} INFO - Processing /home/abayturar/airflow-project/venv/lib/python3.12/site-packages/airflow/example_dags/example_sensor_decorator.py took 0.060 seconds
[2026-03-28T19:31:35.527+0500] {processor.py:161} INFO - Started process (PID=30008) to work on /home/abayturar/airflow-project/venv/lib/python3.12/site-packages/airflow/example_dags/example_sensor_decorator.py
[2026-03-28T19:31:35.528+0500] {processor.py:830} INFO - Processing file /home/abayturar/airflow-project/venv/lib/python3.12/site-packages/airflow/example_dags/example_sensor_decorator.py for tasks to queue
[2026-03-28T19:31:35.530+0500] {logging_mixin.py:188} INFO - [2026-03-28T19:31:35.529+0500] {dagbag.py:545} INFO - Filling up the DagBag from /home/abayturar/airflow-project/venv/lib/python3.12/site-packages/airflow/example_dags/example_sensor_decorator.py
[2026-03-28T19:31:35.537+0500] {processor.py:840} INFO - DAG(s) 'example_sensor_decorator' retrieved from /home/abayturar/airflow-project/venv/lib/python3.12/site-packages/airflow/example_dags/example_sensor_decorator.py
[2026-03-28T19:31:35.552+0500] {logging_mixin.py:188} INFO - [2026-03-28T19:31:35.552+0500] {dag.py:3089} INFO - Sync 1 DAGs
[2026-03-28T19:31:35.561+0500] {logging_mixin.py:188} INFO - [2026-03-28T19:31:35.561+0500] {dag.py:3947} INFO - Setting next_dagrun for example_sensor_decorator to None, run_after=None
[2026-03-28T19:31:35.577+0500] {processor.py:183} INFO - Processing /home/abayturar/airflow-project/venv/lib/python3.12/site-packages/airflow/example_dags/example_sensor_decorator.py took 0.057 seconds
[2026-03-28T19:32:28.852+0500] {processor.py:161} INFO - Started process (PID=30157) to work on /home/abayturar/airflow-project/venv/lib/python3.12/site-packages/airflow/example_dags/example_sensor_decorator.py
[2026-03-28T19:32:28.853+0500] {processor.py:830} INFO - Processing file /home/abayturar/airflow-project/venv/lib/python3.12/site-packages/airflow/example_dags/example_sensor_decorator.py for tasks to queue
[2026-03-28T19:32:28.855+0500] {logging_mixin.py:188} INFO - [2026-03-28T19:32:28.855+0500] {dagbag.py:545} INFO - Filling up the DagBag from /home/abayturar/airflow-project/venv/lib/python3.12/site-packages/airflow/example_dags/example_sensor_decorator.py
[2026-03-28T19:32:28.862+0500] {processor.py:840} INFO - DAG(s) 'example_sensor_decorator' retrieved from /home/abayturar/airflow-project/venv/lib/python3.12/site-packages/airflow/example_dags/example_sensor_decorator.py
[2026-03-28T19:32:28.877+0500] {logging_mixin.py:188} INFO - [2026-03-28T19:32:28.876+0500] {dag.py:3089} INFO - Sync 1 DAGs
[2026-03-28T19:32:28.886+0500] {logging_mixin.py:188} INFO - [2026-03-28T19:32:28.885+0500] {dag.py:3947} INFO - Setting next_dagrun for example_sensor_decorator to None, run_after=None
[2026-03-28T19:32:28.901+0500] {processor.py:183} INFO - Processing /home/abayturar/airflow-project/venv/lib/python3.12/site-packages/airflow/example_dags/example_sensor_decorator.py took 0.054 seconds
[2026-03-28T19:33:20.270+0500] {processor.py:161} INFO - Started process (PID=30308) to work on /home/abayturar/airflow-project/venv/lib/python3.12/site-packages/airflow/example_dags/example_sensor_decorator.py
[2026-03-28T19:33:20.271+0500] {processor.py:830} INFO - Processing file /home/abayturar/airflow-project/venv/lib/python3.12/site-packages/airflow/example_dags/example_sensor_decorator.py for tasks to queue
[2026-03-28T19:33:20.273+0500] {logging_mixin.py:188} INFO - [2026-03-28T19:33:20.273+0500] {dagbag.py:545} INFO - Filling up the DagBag from /home/abayturar/airflow-project/venv/lib/python3.12/site-packages/airflow/example_dags/example_sensor_decorator.py
[2026-03-28T19:33:20.284+0500] {processor.py:840} INFO - DAG(s) 'example_sensor_decorator' retrieved from /home/abayturar/airflow-project/venv/lib/python3.12/site-packages/airflow/example_dags/example_sensor_decorator.py
[2026-03-28T19:33:20.301+0500] {logging_mixin.py:188} INFO - [2026-03-28T19:33:20.301+0500] {dag.py:3089} INFO - Sync 1 DAGs
[2026-03-28T19:33:20.311+0500] {logging_mixin.py:188} INFO - [2026-03-28T19:33:20.310+0500] {dag.py:3947} INFO - Setting next_dagrun for example_sensor_decorator to None, run_after=None
[2026-03-28T19:33:20.331+0500] {processor.py:183} INFO - Processing /home/abayturar/airflow-project/venv/lib/python3.12/site-packages/airflow/example_dags/example_sensor_decorator.py took 0.068 seconds
[2026-03-28T19:35:27.345+0500] {processor.py:161} INFO - Started process (PID=30604) to work on /home/abayturar/airflow-project/venv/lib/python3.12/site-packages/airflow/example_dags/example_sensor_decorator.py
[2026-03-28T19:35:27.346+0500] {processor.py:830} INFO - Processing file /home/abayturar/airflow-project/venv/lib/python3.12/site-packages/airflow/example_dags/example_sensor_decorator.py for tasks to queue
[2026-03-28T19:35:27.347+0500] {logging_mixin.py:188} INFO - [2026-03-28T19:35:27.347+0500] {dagbag.py:545} INFO - Filling up the DagBag from /home/abayturar/airflow-project/venv/lib/python3.12/site-packages/airflow/example_dags/example_sensor_decorator.py
[2026-03-28T19:35:27.355+0500] {processor.py:840} INFO - DAG(s) 'example_sensor_decorator' retrieved from /home/abayturar/airflow-project/venv/lib/python3.12/site-packages/airflow/example_dags/example_sensor_decorator.py
[2026-03-28T19:35:27.374+0500] {logging_mixin.py:188} INFO - [2026-03-28T19:35:27.374+0500] {dag.py:3089} INFO - Sync 1 DAGs
[2026-03-28T19:35:27.384+0500] {logging_mixin.py:188} INFO - [2026-03-28T19:35:27.384+0500] {dag.py:3947} INFO - Setting next_dagrun for example_sensor_decorator to None, run_after=None
[2026-03-28T19:35:27.413+0500] {processor.py:183} INFO - Processing /home/abayturar/airflow-project/venv/lib/python3.12/site-packages/airflow/example_dags/example_sensor_decorator.py took 0.075 seconds
[2026-03-28T19:36:31.611+0500] {processor.py:161} INFO - Started process (PID=30821) to work on /home/abayturar/airflow-project/venv/lib/python3.12/site-packages/airflow/example_dags/example_sensor_decorator.py
[2026-03-28T19:36:31.613+0500] {processor.py:830} INFO - Processing file /home/abayturar/airflow-project/venv/lib/python3.12/site-packages/airflow/example_dags/example_sensor_decorator.py for tasks to queue
[2026-03-28T19:36:31.615+0500] {logging_mixin.py:188} INFO - [2026-03-28T19:36:31.615+0500] {dagbag.py:545} INFO - Filling up the DagBag from /home/abayturar/airflow-project/venv/lib/python3.12/site-packages/airflow/example_dags/example_sensor_decorator.py
[2026-03-28T19:36:31.624+0500] {processor.py:840} INFO - DAG(s) 'example_sensor_decorator' retrieved from /home/abayturar/airflow-project/venv/lib/python3.12/site-packages/airflow/example_dags/example_sensor_decorator.py
[2026-03-28T19:36:31.641+0500] {logging_mixin.py:188} INFO - [2026-03-28T19:36:31.641+0500] {dag.py:3089} INFO - Sync 1 DAGs
[2026-03-28T19:36:31.654+0500] {logging_mixin.py:188} INFO - [2026-03-28T19:36:31.654+0500] {dag.py:3947} INFO - Setting next_dagrun for example_sensor_decorator to None, run_after=None
[2026-03-28T19:36:31.673+0500] {processor.py:183} INFO - Processing /home/abayturar/airflow-project/venv/lib/python3.12/site-packages/airflow/example_dags/example_sensor_decorator.py took 0.069 seconds
[2026-03-28T19:37:23.597+0500] {processor.py:161} INFO - Started process (PID=30963) to work on /home/abayturar/airflow-project/venv/lib/python3.12/site-packages/airflow/example_dags/example_sensor_decorator.py
[2026-03-28T19:37:23.598+0500] {processor.py:830} INFO - Processing file /home/abayturar/airflow-project/venv/lib/python3.12/site-packages/airflow/example_dags/example_sensor_decorator.py for tasks to queue
[2026-03-28T19:37:23.600+0500] {logging_mixin.py:188} INFO - [2026-03-28T19:37:23.599+0500] {dagbag.py:545} INFO - Filling up the DagBag from /home/abayturar/airflow-project/venv/lib/python3.12/site-packages/airflow/example_dags/example_sensor_decorator.py
[2026-03-28T19:37:23.610+0500] {processor.py:840} INFO - DAG(s) 'example_sensor_decorator' retrieved from /home/abayturar/airflow-project/venv/lib/python3.12/site-packages/airflow/example_dags/example_sensor_decorator.py
[2026-03-28T19:37:23.637+0500] {logging_mixin.py:188} INFO - [2026-03-28T19:37:23.636+0500] {dag.py:3089} INFO - Sync 1 DAGs
[2026-03-28T19:37:23.652+0500] {logging_mixin.py:188} INFO - [2026-03-28T19:37:23.652+0500] {dag.py:3947} INFO - Setting next_dagrun for example_sensor_decorator to None, run_after=None
[2026-03-28T19:37:23.680+0500] {processor.py:183} INFO - Processing /home/abayturar/airflow-project/venv/lib/python3.12/site-packages/airflow/example_dags/example_sensor_decorator.py took 0.091 seconds
[2026-03-28T19:38:15.752+0500] {processor.py:161} INFO - Started process (PID=31105) to work on /home/abayturar/airflow-project/venv/lib/python3.12/site-packages/airflow/example_dags/example_sensor_decorator.py
[2026-03-28T19:38:15.753+0500] {processor.py:830} INFO - Processing file /home/abayturar/airflow-project/venv/lib/python3.12/site-packages/airflow/example_dags/example_sensor_decorator.py for tasks to queue
[2026-03-28T19:38:15.755+0500] {logging_mixin.py:188} INFO - [2026-03-28T19:38:15.754+0500] {dagbag.py:545} INFO - Filling up the DagBag from /home/abayturar/airflow-project/venv/lib/python3.12/site-packages/airflow/example_dags/example_sensor_decorator.py
[2026-03-28T19:38:15.761+0500] {processor.py:840} INFO - DAG(s) 'example_sensor_decorator' retrieved from /home/abayturar/airflow-project/venv/lib/python3.12/site-packages/airflow/example_dags/example_sensor_decorator.py
[2026-03-28T19:38:15.776+0500] {logging_mixin.py:188} INFO - [2026-03-28T19:38:15.776+0500] {dag.py:3089} INFO - Sync 1 DAGs
[2026-03-28T19:38:15.785+0500] {logging_mixin.py:188} INFO - [2026-03-28T19:38:15.784+0500] {dag.py:3947} INFO - Setting next_dagrun for example_sensor_decorator to None, run_after=None
[2026-03-28T19:38:15.800+0500] {processor.py:183} INFO - Processing /home/abayturar/airflow-project/venv/lib/python3.12/site-packages/airflow/example_dags/example_sensor_decorator.py took 0.053 seconds
[2026-03-28T19:39:02.301+0500] {processor.py:161} INFO - Started process (PID=31231) to work on /home/abayturar/airflow-project/venv/lib/python3.12/site-packages/airflow/example_dags/example_sensor_decorator.py
[2026-03-28T19:39:02.302+0500] {processor.py:830} INFO - Processing file /home/abayturar/airflow-project/venv/lib/python3.12/site-packages/airflow/example_dags/example_sensor_decorator.py for tasks to queue
[2026-03-28T19:39:02.304+0500] {logging_mixin.py:188} INFO - [2026-03-28T19:39:02.304+0500] {dagbag.py:545} INFO - Filling up the DagBag from /home/abayturar/airflow-project/venv/lib/python3.12/site-packages/airflow/example_dags/example_sensor_decorator.py
[2026-03-28T19:39:02.312+0500] {processor.py:840} INFO - DAG(s) 'example_sensor_decorator' retrieved from /home/abayturar/airflow-project/venv/lib/python3.12/site-packages/airflow/example_dags/example_sensor_decorator.py
[2026-03-28T19:39:02.327+0500] {logging_mixin.py:188} INFO - [2026-03-28T19:39:02.327+0500] {dag.py:3089} INFO - Sync 1 DAGs
[2026-03-28T19:39:02.337+0500] {logging_mixin.py:188} INFO - [2026-03-28T19:39:02.337+0500] {dag.py:3947} INFO - Setting next_dagrun for example_sensor_decorator to None, run_after=None
[2026-03-28T19:39:02.353+0500] {processor.py:183} INFO - Processing /home/abayturar/airflow-project/venv/lib/python3.12/site-packages/airflow/example_dags/example_sensor_decorator.py took 0.058 seconds
[2026-03-28T19:39:47.273+0500] {processor.py:161} INFO - Started process (PID=31355) to work on /home/abayturar/airflow-project/venv/lib/python3.12/site-packages/airflow/example_dags/example_sensor_decorator.py
[2026-03-28T19:39:47.274+0500] {processor.py:830} INFO - Processing file /home/abayturar/airflow-project/venv/lib/python3.12/site-packages/airflow/example_dags/example_sensor_decorator.py for tasks to queue
[2026-03-28T19:39:47.276+0500] {logging_mixin.py:188} INFO - [2026-03-28T19:39:47.275+0500] {dagbag.py:545} INFO - Filling up the DagBag from /home/abayturar/airflow-project/venv/lib/python3.12/site-packages/airflow/example_dags/example_sensor_decorator.py
[2026-03-28T19:39:47.283+0500] {processor.py:840} INFO - DAG(s) 'example_sensor_decorator' retrieved from /home/abayturar/airflow-project/venv/lib/python3.12/site-packages/airflow/example_dags/example_sensor_decorator.py
[2026-03-28T19:39:47.300+0500] {logging_mixin.py:188} INFO - [2026-03-28T19:39:47.300+0500] {dag.py:3089} INFO - Sync 1 DAGs
[2026-03-28T19:39:47.310+0500] {logging_mixin.py:188} INFO - [2026-03-28T19:39:47.310+0500] {dag.py:3947} INFO - Setting next_dagrun for example_sensor_decorator to None, run_after=None
[2026-03-28T19:39:47.326+0500] {processor.py:183} INFO - Processing /home/abayturar/airflow-project/venv/lib/python3.12/site-packages/airflow/example_dags/example_sensor_decorator.py took 0.059 seconds
[2026-03-28T19:40:34.131+0500] {processor.py:161} INFO - Started process (PID=31480) to work on /home/abayturar/airflow-project/venv/lib/python3.12/site-packages/airflow/example_dags/example_sensor_decorator.py
[2026-03-28T19:40:34.132+0500] {processor.py:830} INFO - Processing file /home/abayturar/airflow-project/venv/lib/python3.12/site-packages/airflow/example_dags/example_sensor_decorator.py for tasks to queue
[2026-03-28T19:40:34.133+0500] {logging_mixin.py:188} INFO - [2026-03-28T19:40:34.133+0500] {dagbag.py:545} INFO - Filling up the DagBag from /home/abayturar/airflow-project/venv/lib/python3.12/site-packages/airflow/example_dags/example_sensor_decorator.py
[2026-03-28T19:40:34.140+0500] {processor.py:840} INFO - DAG(s) 'example_sensor_decorator' retrieved from /home/abayturar/airflow-project/venv/lib/python3.12/site-packages/airflow/example_dags/example_sensor_decorator.py
[2026-03-28T19:40:34.154+0500] {logging_mixin.py:188} INFO - [2026-03-28T19:40:34.154+0500] {dag.py:3089} INFO - Sync 1 DAGs
[2026-03-28T19:40:34.163+0500] {logging_mixin.py:188} INFO - [2026-03-28T19:40:34.163+0500] {dag.py:3947} INFO - Setting next_dagrun for example_sensor_decorator to None, run_after=None
[2026-03-28T19:40:34.191+0500] {processor.py:183} INFO - Processing /home/abayturar/airflow-project/venv/lib/python3.12/site-packages/airflow/example_dags/example_sensor_decorator.py took 0.066 seconds
[2026-03-28T19:41:17.589+0500] {processor.py:161} INFO - Started process (PID=31599) to work on /home/abayturar/airflow-project/venv/lib/python3.12/site-packages/airflow/example_dags/example_sensor_decorator.py
[2026-03-28T19:41:17.590+0500] {processor.py:830} INFO - Processing file /home/abayturar/airflow-project/venv/lib/python3.12/site-packages/airflow/example_dags/example_sensor_decorator.py for tasks to queue
[2026-03-28T19:41:17.592+0500] {logging_mixin.py:188} INFO - [2026-03-28T19:41:17.591+0500] {dagbag.py:545} INFO - Filling up the DagBag from /home/abayturar/airflow-project/venv/lib/python3.12/site-packages/airflow/example_dags/example_sensor_decorator.py
[2026-03-28T19:41:17.599+0500] {processor.py:840} INFO - DAG(s) 'example_sensor_decorator' retrieved from /home/abayturar/airflow-project/venv/lib/python3.12/site-packages/airflow/example_dags/example_sensor_decorator.py
[2026-03-28T19:41:17.616+0500] {logging_mixin.py:188} INFO - [2026-03-28T19:41:17.616+0500] {dag.py:3089} INFO - Sync 1 DAGs
[2026-03-28T19:41:17.626+0500] {logging_mixin.py:188} INFO - [2026-03-28T19:41:17.626+0500] {dag.py:3947} INFO - Setting next_dagrun for example_sensor_decorator to None, run_after=None
[2026-03-28T19:41:17.656+0500] {processor.py:183} INFO - Processing /home/abayturar/airflow-project/venv/lib/python3.12/site-packages/airflow/example_dags/example_sensor_decorator.py took 0.073 seconds
[2026-03-28T19:42:03.146+0500] {processor.py:161} INFO - Started process (PID=31721) to work on /home/abayturar/airflow-project/venv/lib/python3.12/site-packages/airflow/example_dags/example_sensor_decorator.py
[2026-03-28T19:42:03.148+0500] {processor.py:830} INFO - Processing file /home/abayturar/airflow-project/venv/lib/python3.12/site-packages/airflow/example_dags/example_sensor_decorator.py for tasks to queue
[2026-03-28T19:42:03.150+0500] {logging_mixin.py:188} INFO - [2026-03-28T19:42:03.149+0500] {dagbag.py:545} INFO - Filling up the DagBag from /home/abayturar/airflow-project/venv/lib/python3.12/site-packages/airflow/example_dags/example_sensor_decorator.py
[2026-03-28T19:42:03.157+0500] {processor.py:840} INFO - DAG(s) 'example_sensor_decorator' retrieved from /home/abayturar/airflow-project/venv/lib/python3.12/site-packages/airflow/example_dags/example_sensor_decorator.py
[2026-03-28T19:42:03.175+0500] {logging_mixin.py:188} INFO - [2026-03-28T19:42:03.175+0500] {dag.py:3089} INFO - Sync 1 DAGs
[2026-03-28T19:42:03.185+0500] {logging_mixin.py:188} INFO - [2026-03-28T19:42:03.185+0500] {dag.py:3947} INFO - Setting next_dagrun for example_sensor_decorator to None, run_after=None
[2026-03-28T19:42:03.214+0500] {processor.py:183} INFO - Processing /home/abayturar/airflow-project/venv/lib/python3.12/site-packages/airflow/example_dags/example_sensor_decorator.py took 0.074 seconds
[2026-03-28T19:42:53.069+0500] {processor.py:161} INFO - Started process (PID=31853) to work on /home/abayturar/airflow-project/venv/lib/python3.12/site-packages/airflow/example_dags/example_sensor_decorator.py
[2026-03-28T19:42:53.070+0500] {processor.py:830} INFO - Processing file /home/abayturar/airflow-project/venv/lib/python3.12/site-packages/airflow/example_dags/example_sensor_decorator.py for tasks to queue
[2026-03-28T19:42:53.072+0500] {logging_mixin.py:188} INFO - [2026-03-28T19:42:53.072+0500] {dagbag.py:545} INFO - Filling up the DagBag from /home/abayturar/airflow-project/venv/lib/python3.12/site-packages/airflow/example_dags/example_sensor_decorator.py
[2026-03-28T19:42:53.080+0500] {processor.py:840} INFO - DAG(s) 'example_sensor_decorator' retrieved from /home/abayturar/airflow-project/venv/lib/python3.12/site-packages/airflow/example_dags/example_sensor_decorator.py
[2026-03-28T19:42:53.096+0500] {logging_mixin.py:188} INFO - [2026-03-28T19:42:53.095+0500] {dag.py:3089} INFO - Sync 1 DAGs
[2026-03-28T19:42:53.105+0500] {logging_mixin.py:188} INFO - [2026-03-28T19:42:53.105+0500] {dag.py:3947} INFO - Setting next_dagrun for example_sensor_decorator to None, run_after=None
[2026-03-28T19:42:53.132+0500] {processor.py:183} INFO - Processing /home/abayturar/airflow-project/venv/lib/python3.12/site-packages/airflow/example_dags/example_sensor_decorator.py took 0.070 seconds
[2026-03-28T19:43:44.287+0500] {processor.py:161} INFO - Started process (PID=31989) to work on /home/abayturar/airflow-project/venv/lib/python3.12/site-packages/airflow/example_dags/example_sensor_decorator.py
[2026-03-28T19:43:44.288+0500] {processor.py:830} INFO - Processing file /home/abayturar/airflow-project/venv/lib/python3.12/site-packages/airflow/example_dags/example_sensor_decorator.py for tasks to queue
[2026-03-28T19:43:44.290+0500] {logging_mixin.py:188} INFO - [2026-03-28T19:43:44.289+0500] {dagbag.py:545} INFO - Filling up the DagBag from /home/abayturar/airflow-project/venv/lib/python3.12/site-packages/airflow/example_dags/example_sensor_decorator.py
[2026-03-28T19:43:44.297+0500] {processor.py:840} INFO - DAG(s) 'example_sensor_decorator' retrieved from /home/abayturar/airflow-project/venv/lib/python3.12/site-packages/airflow/example_dags/example_sensor_decorator.py
[2026-03-28T19:43:44.313+0500] {logging_mixin.py:188} INFO - [2026-03-28T19:43:44.313+0500] {dag.py:3089} INFO - Sync 1 DAGs
[2026-03-28T19:43:44.323+0500] {logging_mixin.py:188} INFO - [2026-03-28T19:43:44.323+0500] {dag.py:3947} INFO - Setting next_dagrun for example_sensor_decorator to None, run_after=None
[2026-03-28T19:43:44.339+0500] {processor.py:183} INFO - Processing /home/abayturar/airflow-project/venv/lib/python3.12/site-packages/airflow/example_dags/example_sensor_decorator.py took 0.058 seconds
[2026-03-28T19:44:29.255+0500] {processor.py:161} INFO - Started process (PID=32111) to work on /home/abayturar/airflow-project/venv/lib/python3.12/site-packages/airflow/example_dags/example_sensor_decorator.py
[2026-03-28T19:44:29.256+0500] {processor.py:830} INFO - Processing file /home/abayturar/airflow-project/venv/lib/python3.12/site-packages/airflow/example_dags/example_sensor_decorator.py for tasks to queue
[2026-03-28T19:44:29.258+0500] {logging_mixin.py:188} INFO - [2026-03-28T19:44:29.257+0500] {dagbag.py:545} INFO - Filling up the DagBag from /home/abayturar/airflow-project/venv/lib/python3.12/site-packages/airflow/example_dags/example_sensor_decorator.py
[2026-03-28T19:44:29.264+0500] {processor.py:840} INFO - DAG(s) 'example_sensor_decorator' retrieved from /home/abayturar/airflow-project/venv/lib/python3.12/site-packages/airflow/example_dags/example_sensor_decorator.py
[2026-03-28T19:44:29.279+0500] {logging_mixin.py:188} INFO - [2026-03-28T19:44:29.279+0500] {dag.py:3089} INFO - Sync 1 DAGs
[2026-03-28T19:44:29.287+0500] {logging_mixin.py:188} INFO - [2026-03-28T19:44:29.287+0500] {dag.py:3947} INFO - Setting next_dagrun for example_sensor_decorator to None, run_after=None
[2026-03-28T19:44:29.304+0500] {processor.py:183} INFO - Processing /home/abayturar/airflow-project/venv/lib/python3.12/site-packages/airflow/example_dags/example_sensor_decorator.py took 0.054 seconds
