[2026-03-28T15:21:45.510+0500] {processor.py:161} INFO - Started process (PID=11914) to work on /home/abayturar/airflow-project/venv/lib/python3.12/site-packages/airflow/example_dags/example_branch_datetime_operator.py
[2026-03-28T15:21:45.511+0500] {processor.py:830} INFO - Processing file /home/abayturar/airflow-project/venv/lib/python3.12/site-packages/airflow/example_dags/example_branch_datetime_operator.py for tasks to queue
[2026-03-28T15:21:45.513+0500] {logging_mixin.py:188} INFO - [2026-03-28T15:21:45.513+0500] {dagbag.py:545} INFO - Filling up the DagBag from /home/abayturar/airflow-project/venv/lib/python3.12/site-packages/airflow/example_dags/example_branch_datetime_operator.py
[2026-03-28T15:21:45.523+0500] {processor.py:840} INFO - DAG(s) 'example_branch_datetime_operator_3', 'example_branch_datetime_operator', 'example_branch_datetime_operator_2' retrieved from /home/abayturar/airflow-project/venv/lib/python3.12/site-packages/airflow/example_dags/example_branch_datetime_operator.py
[2026-03-28T15:21:45.616+0500] {logging_mixin.py:188} INFO - [2026-03-28T15:21:45.616+0500] {override.py:1858} INFO - Created Permission View: can edit on DAG:example_branch_datetime_operator_3
[2026-03-28T15:21:45.623+0500] {logging_mixin.py:188} INFO - [2026-03-28T15:21:45.623+0500] {override.py:1858} INFO - Created Permission View: can read on DAG:example_branch_datetime_operator_3
[2026-03-28T15:21:45.628+0500] {logging_mixin.py:188} INFO - [2026-03-28T15:21:45.628+0500] {override.py:1858} INFO - Created Permission View: can delete on DAG:example_branch_datetime_operator_3
[2026-03-28T15:21:45.639+0500] {logging_mixin.py:188} INFO - [2026-03-28T15:21:45.639+0500] {override.py:1858} INFO - Created Permission View: can edit on DAG:example_branch_datetime_operator
[2026-03-28T15:21:45.644+0500] {logging_mixin.py:188} INFO - [2026-03-28T15:21:45.644+0500] {override.py:1858} INFO - Created Permission View: can read on DAG:example_branch_datetime_operator
[2026-03-28T15:21:45.649+0500] {logging_mixin.py:188} INFO - [2026-03-28T15:21:45.649+0500] {override.py:1858} INFO - Created Permission View: can delete on DAG:example_branch_datetime_operator
[2026-03-28T15:21:45.659+0500] {logging_mixin.py:188} INFO - [2026-03-28T15:21:45.659+0500] {override.py:1858} INFO - Created Permission View: can edit on DAG:example_branch_datetime_operator_2
[2026-03-28T15:21:45.664+0500] {logging_mixin.py:188} INFO - [2026-03-28T15:21:45.663+0500] {override.py:1858} INFO - Created Permission View: can read on DAG:example_branch_datetime_operator_2
[2026-03-28T15:21:45.669+0500] {logging_mixin.py:188} INFO - [2026-03-28T15:21:45.668+0500] {override.py:1858} INFO - Created Permission View: can delete on DAG:example_branch_datetime_operator_2
[2026-03-28T15:21:45.669+0500] {logging_mixin.py:188} INFO - [2026-03-28T15:21:45.669+0500] {dag.py:3089} INFO - Sync 3 DAGs
[2026-03-28T15:21:45.675+0500] {logging_mixin.py:188} INFO - [2026-03-28T15:21:45.675+0500] {dag.py:3111} INFO - Creating ORM DAG for example_branch_datetime_operator_2
[2026-03-28T15:21:45.675+0500] {logging_mixin.py:188} INFO - [2026-03-28T15:21:45.675+0500] {dag.py:3111} INFO - Creating ORM DAG for example_branch_datetime_operator
[2026-03-28T15:21:45.676+0500] {logging_mixin.py:188} INFO - [2026-03-28T15:21:45.676+0500] {dag.py:3111} INFO - Creating ORM DAG for example_branch_datetime_operator_3
[2026-03-28T15:21:45.681+0500] {logging_mixin.py:188} INFO - [2026-03-28T15:21:45.681+0500] {dag.py:3947} INFO - Setting next_dagrun for example_branch_datetime_operator to 2026-03-27 00:00:00+00:00, run_after=2026-03-28 00:00:00+00:00
[2026-03-28T15:21:45.682+0500] {logging_mixin.py:188} INFO - [2026-03-28T15:21:45.682+0500] {dag.py:3947} INFO - Setting next_dagrun for example_branch_datetime_operator_2 to 2026-03-27 00:00:00+00:00, run_after=2026-03-28 00:00:00+00:00
[2026-03-28T15:21:45.683+0500] {logging_mixin.py:188} INFO - [2026-03-28T15:21:45.683+0500] {dag.py:3947} INFO - Setting next_dagrun for example_branch_datetime_operator_3 to 2026-03-27 00:00:00+00:00, run_after=2026-03-28 00:00:00+00:00
[2026-03-28T15:21:45.697+0500] {processor.py:183} INFO - Processing /home/abayturar/airflow-project/venv/lib/python3.12/site-packages/airflow/example_dags/example_branch_datetime_operator.py took 0.193 seconds
[2026-03-28T15:22:42.178+0500] {processor.py:161} INFO - Started process (PID=12079) to work on /home/abayturar/airflow-project/venv/lib/python3.12/site-packages/airflow/example_dags/example_branch_datetime_operator.py
[2026-03-28T15:22:42.179+0500] {processor.py:830} INFO - Processing file /home/abayturar/airflow-project/venv/lib/python3.12/site-packages/airflow/example_dags/example_branch_datetime_operator.py for tasks to queue
[2026-03-28T15:22:42.180+0500] {logging_mixin.py:188} INFO - [2026-03-28T15:22:42.180+0500] {dagbag.py:545} INFO - Filling up the DagBag from /home/abayturar/airflow-project/venv/lib/python3.12/site-packages/airflow/example_dags/example_branch_datetime_operator.py
[2026-03-28T15:22:42.189+0500] {processor.py:840} INFO - DAG(s) 'example_branch_datetime_operator_3', 'example_branch_datetime_operator_2', 'example_branch_datetime_operator' retrieved from /home/abayturar/airflow-project/venv/lib/python3.12/site-packages/airflow/example_dags/example_branch_datetime_operator.py
[2026-03-28T15:22:42.206+0500] {logging_mixin.py:188} INFO - [2026-03-28T15:22:42.206+0500] {dag.py:3089} INFO - Sync 3 DAGs
[2026-03-28T15:22:42.220+0500] {logging_mixin.py:188} INFO - [2026-03-28T15:22:42.220+0500] {dag.py:3947} INFO - Setting next_dagrun for example_branch_datetime_operator to 2026-03-27 00:00:00+00:00, run_after=2026-03-28 00:00:00+00:00
[2026-03-28T15:22:42.222+0500] {logging_mixin.py:188} INFO - [2026-03-28T15:22:42.222+0500] {dag.py:3947} INFO - Setting next_dagrun for example_branch_datetime_operator_2 to 2026-03-27 00:00:00+00:00, run_after=2026-03-28 00:00:00+00:00
[2026-03-28T15:22:42.223+0500] {logging_mixin.py:188} INFO - [2026-03-28T15:22:42.223+0500] {dag.py:3947} INFO - Setting next_dagrun for example_branch_datetime_operator_3 to 2026-03-27 00:00:00+00:00, run_after=2026-03-28 00:00:00+00:00
[2026-03-28T15:22:42.250+0500] {processor.py:183} INFO - Processing /home/abayturar/airflow-project/venv/lib/python3.12/site-packages/airflow/example_dags/example_branch_datetime_operator.py took 0.077 seconds
[2026-03-28T15:23:36.858+0500] {processor.py:161} INFO - Started process (PID=12241) to work on /home/abayturar/airflow-project/venv/lib/python3.12/site-packages/airflow/example_dags/example_branch_datetime_operator.py
[2026-03-28T15:23:36.858+0500] {processor.py:830} INFO - Processing file /home/abayturar/airflow-project/venv/lib/python3.12/site-packages/airflow/example_dags/example_branch_datetime_operator.py for tasks to queue
[2026-03-28T15:23:36.860+0500] {logging_mixin.py:188} INFO - [2026-03-28T15:23:36.860+0500] {dagbag.py:545} INFO - Filling up the DagBag from /home/abayturar/airflow-project/venv/lib/python3.12/site-packages/airflow/example_dags/example_branch_datetime_operator.py
[2026-03-28T15:23:36.869+0500] {processor.py:840} INFO - DAG(s) 'example_branch_datetime_operator_2', 'example_branch_datetime_operator_3', 'example_branch_datetime_operator' retrieved from /home/abayturar/airflow-project/venv/lib/python3.12/site-packages/airflow/example_dags/example_branch_datetime_operator.py
[2026-03-28T15:23:36.889+0500] {logging_mixin.py:188} INFO - [2026-03-28T15:23:36.889+0500] {dag.py:3089} INFO - Sync 3 DAGs
[2026-03-28T15:23:36.907+0500] {logging_mixin.py:188} INFO - [2026-03-28T15:23:36.907+0500] {dag.py:3947} INFO - Setting next_dagrun for example_branch_datetime_operator to 2026-03-27 00:00:00+00:00, run_after=2026-03-28 00:00:00+00:00
[2026-03-28T15:23:36.910+0500] {logging_mixin.py:188} INFO - [2026-03-28T15:23:36.910+0500] {dag.py:3947} INFO - Setting next_dagrun for example_branch_datetime_operator_2 to 2026-03-27 00:00:00+00:00, run_after=2026-03-28 00:00:00+00:00
[2026-03-28T15:23:36.912+0500] {logging_mixin.py:188} INFO - [2026-03-28T15:23:36.912+0500] {dag.py:3947} INFO - Setting next_dagrun for example_branch_datetime_operator_3 to 2026-03-27 00:00:00+00:00, run_after=2026-03-28 00:00:00+00:00
[2026-03-28T15:23:36.939+0500] {processor.py:183} INFO - Processing /home/abayturar/airflow-project/venv/lib/python3.12/site-packages/airflow/example_dags/example_branch_datetime_operator.py took 0.087 seconds
[2026-03-28T15:24:25.959+0500] {processor.py:161} INFO - Started process (PID=12382) to work on /home/abayturar/airflow-project/venv/lib/python3.12/site-packages/airflow/example_dags/example_branch_datetime_operator.py
[2026-03-28T15:24:25.960+0500] {processor.py:830} INFO - Processing file /home/abayturar/airflow-project/venv/lib/python3.12/site-packages/airflow/example_dags/example_branch_datetime_operator.py for tasks to queue
[2026-03-28T15:24:25.962+0500] {logging_mixin.py:188} INFO - [2026-03-28T15:24:25.961+0500] {dagbag.py:545} INFO - Filling up the DagBag from /home/abayturar/airflow-project/venv/lib/python3.12/site-packages/airflow/example_dags/example_branch_datetime_operator.py
[2026-03-28T15:24:25.971+0500] {processor.py:840} INFO - DAG(s) 'example_branch_datetime_operator_2', 'example_branch_datetime_operator', 'example_branch_datetime_operator_3' retrieved from /home/abayturar/airflow-project/venv/lib/python3.12/site-packages/airflow/example_dags/example_branch_datetime_operator.py
[2026-03-28T15:24:25.991+0500] {logging_mixin.py:188} INFO - [2026-03-28T15:24:25.991+0500] {dag.py:3089} INFO - Sync 3 DAGs
[2026-03-28T15:24:26.007+0500] {logging_mixin.py:188} INFO - [2026-03-28T15:24:26.007+0500] {dag.py:3947} INFO - Setting next_dagrun for example_branch_datetime_operator to 2026-03-27 00:00:00+00:00, run_after=2026-03-28 00:00:00+00:00
[2026-03-28T15:24:26.010+0500] {logging_mixin.py:188} INFO - [2026-03-28T15:24:26.010+0500] {dag.py:3947} INFO - Setting next_dagrun for example_branch_datetime_operator_2 to 2026-03-27 00:00:00+00:00, run_after=2026-03-28 00:00:00+00:00
[2026-03-28T15:24:26.011+0500] {logging_mixin.py:188} INFO - [2026-03-28T15:24:26.011+0500] {dag.py:3947} INFO - Setting next_dagrun for example_branch_datetime_operator_3 to 2026-03-27 00:00:00+00:00, run_after=2026-03-28 00:00:00+00:00
[2026-03-28T15:24:26.025+0500] {processor.py:183} INFO - Processing /home/abayturar/airflow-project/venv/lib/python3.12/site-packages/airflow/example_dags/example_branch_datetime_operator.py took 0.071 seconds
[2026-03-28T15:27:30.600+0500] {processor.py:161} INFO - Started process (PID=12858) to work on /home/abayturar/airflow-project/venv/lib/python3.12/site-packages/airflow/example_dags/example_branch_datetime_operator.py
[2026-03-28T15:27:30.601+0500] {processor.py:830} INFO - Processing file /home/abayturar/airflow-project/venv/lib/python3.12/site-packages/airflow/example_dags/example_branch_datetime_operator.py for tasks to queue
[2026-03-28T15:27:30.603+0500] {logging_mixin.py:188} INFO - [2026-03-28T15:27:30.603+0500] {dagbag.py:545} INFO - Filling up the DagBag from /home/abayturar/airflow-project/venv/lib/python3.12/site-packages/airflow/example_dags/example_branch_datetime_operator.py
[2026-03-28T15:27:30.613+0500] {processor.py:840} INFO - DAG(s) 'example_branch_datetime_operator_3', 'example_branch_datetime_operator_2', 'example_branch_datetime_operator' retrieved from /home/abayturar/airflow-project/venv/lib/python3.12/site-packages/airflow/example_dags/example_branch_datetime_operator.py
[2026-03-28T15:27:30.708+0500] {logging_mixin.py:188} INFO - [2026-03-28T15:27:30.708+0500] {dag.py:3089} INFO - Sync 3 DAGs
[2026-03-28T15:27:30.720+0500] {logging_mixin.py:188} INFO - [2026-03-28T15:27:30.720+0500] {dag.py:3947} INFO - Setting next_dagrun for example_branch_datetime_operator to 2026-03-27 00:00:00+00:00, run_after=2026-03-28 00:00:00+00:00
[2026-03-28T15:27:30.722+0500] {logging_mixin.py:188} INFO - [2026-03-28T15:27:30.722+0500] {dag.py:3947} INFO - Setting next_dagrun for example_branch_datetime_operator_2 to 2026-03-27 00:00:00+00:00, run_after=2026-03-28 00:00:00+00:00
[2026-03-28T15:27:30.723+0500] {logging_mixin.py:188} INFO - [2026-03-28T15:27:30.723+0500] {dag.py:3947} INFO - Setting next_dagrun for example_branch_datetime_operator_3 to 2026-03-27 00:00:00+00:00, run_after=2026-03-28 00:00:00+00:00
[2026-03-28T15:27:30.751+0500] {processor.py:183} INFO - Processing /home/abayturar/airflow-project/venv/lib/python3.12/site-packages/airflow/example_dags/example_branch_datetime_operator.py took 0.157 seconds
[2026-03-28T18:18:06.559+0500] {processor.py:161} INFO - Started process (PID=17986) to work on /home/abayturar/airflow-project/venv/lib/python3.12/site-packages/airflow/example_dags/example_branch_datetime_operator.py
[2026-03-28T18:18:06.560+0500] {processor.py:830} INFO - Processing file /home/abayturar/airflow-project/venv/lib/python3.12/site-packages/airflow/example_dags/example_branch_datetime_operator.py for tasks to queue
[2026-03-28T18:18:06.562+0500] {logging_mixin.py:188} INFO - [2026-03-28T18:18:06.561+0500] {dagbag.py:545} INFO - Filling up the DagBag from /home/abayturar/airflow-project/venv/lib/python3.12/site-packages/airflow/example_dags/example_branch_datetime_operator.py
[2026-03-28T18:18:06.570+0500] {processor.py:840} INFO - DAG(s) 'example_branch_datetime_operator_3', 'example_branch_datetime_operator', 'example_branch_datetime_operator_2' retrieved from /home/abayturar/airflow-project/venv/lib/python3.12/site-packages/airflow/example_dags/example_branch_datetime_operator.py
[2026-03-28T18:18:06.673+0500] {logging_mixin.py:188} INFO - [2026-03-28T18:18:06.672+0500] {override.py:1858} INFO - Created Permission View: can edit on DAG:example_branch_datetime_operator_3
[2026-03-28T18:18:06.680+0500] {logging_mixin.py:188} INFO - [2026-03-28T18:18:06.680+0500] {override.py:1858} INFO - Created Permission View: can delete on DAG:example_branch_datetime_operator_3
[2026-03-28T18:18:06.685+0500] {logging_mixin.py:188} INFO - [2026-03-28T18:18:06.685+0500] {override.py:1858} INFO - Created Permission View: can read on DAG:example_branch_datetime_operator_3
[2026-03-28T18:18:06.697+0500] {logging_mixin.py:188} INFO - [2026-03-28T18:18:06.697+0500] {override.py:1858} INFO - Created Permission View: can edit on DAG:example_branch_datetime_operator
[2026-03-28T18:18:06.704+0500] {logging_mixin.py:188} INFO - [2026-03-28T18:18:06.704+0500] {override.py:1858} INFO - Created Permission View: can delete on DAG:example_branch_datetime_operator
[2026-03-28T18:18:06.709+0500] {logging_mixin.py:188} INFO - [2026-03-28T18:18:06.709+0500] {override.py:1858} INFO - Created Permission View: can read on DAG:example_branch_datetime_operator
[2026-03-28T18:18:06.721+0500] {logging_mixin.py:188} INFO - [2026-03-28T18:18:06.720+0500] {override.py:1858} INFO - Created Permission View: can edit on DAG:example_branch_datetime_operator_2
[2026-03-28T18:18:06.726+0500] {logging_mixin.py:188} INFO - [2026-03-28T18:18:06.726+0500] {override.py:1858} INFO - Created Permission View: can delete on DAG:example_branch_datetime_operator_2
[2026-03-28T18:18:06.732+0500] {logging_mixin.py:188} INFO - [2026-03-28T18:18:06.732+0500] {override.py:1858} INFO - Created Permission View: can read on DAG:example_branch_datetime_operator_2
[2026-03-28T18:18:06.732+0500] {logging_mixin.py:188} INFO - [2026-03-28T18:18:06.732+0500] {dag.py:3089} INFO - Sync 3 DAGs
[2026-03-28T18:18:06.739+0500] {logging_mixin.py:188} INFO - [2026-03-28T18:18:06.739+0500] {dag.py:3111} INFO - Creating ORM DAG for example_branch_datetime_operator_2
[2026-03-28T18:18:06.739+0500] {logging_mixin.py:188} INFO - [2026-03-28T18:18:06.739+0500] {dag.py:3111} INFO - Creating ORM DAG for example_branch_datetime_operator_3
[2026-03-28T18:18:06.739+0500] {logging_mixin.py:188} INFO - [2026-03-28T18:18:06.739+0500] {dag.py:3111} INFO - Creating ORM DAG for example_branch_datetime_operator
[2026-03-28T18:18:06.745+0500] {logging_mixin.py:188} INFO - [2026-03-28T18:18:06.745+0500] {dag.py:3947} INFO - Setting next_dagrun for example_branch_datetime_operator to 2026-03-27 00:00:00+00:00, run_after=2026-03-28 00:00:00+00:00
[2026-03-28T18:18:06.746+0500] {logging_mixin.py:188} INFO - [2026-03-28T18:18:06.746+0500] {dag.py:3947} INFO - Setting next_dagrun for example_branch_datetime_operator_2 to 2026-03-27 00:00:00+00:00, run_after=2026-03-28 00:00:00+00:00
[2026-03-28T18:18:06.747+0500] {logging_mixin.py:188} INFO - [2026-03-28T18:18:06.747+0500] {dag.py:3947} INFO - Setting next_dagrun for example_branch_datetime_operator_3 to 2026-03-27 00:00:00+00:00, run_after=2026-03-28 00:00:00+00:00
[2026-03-28T18:18:06.760+0500] {processor.py:183} INFO - Processing /home/abayturar/airflow-project/venv/lib/python3.12/site-packages/airflow/example_dags/example_branch_datetime_operator.py took 0.207 seconds
[2026-03-28T18:19:06.220+0500] {processor.py:161} INFO - Started process (PID=18164) to work on /home/abayturar/airflow-project/venv/lib/python3.12/site-packages/airflow/example_dags/example_branch_datetime_operator.py
[2026-03-28T18:19:06.221+0500] {processor.py:830} INFO - Processing file /home/abayturar/airflow-project/venv/lib/python3.12/site-packages/airflow/example_dags/example_branch_datetime_operator.py for tasks to queue
[2026-03-28T18:19:06.223+0500] {logging_mixin.py:188} INFO - [2026-03-28T18:19:06.223+0500] {dagbag.py:545} INFO - Filling up the DagBag from /home/abayturar/airflow-project/venv/lib/python3.12/site-packages/airflow/example_dags/example_branch_datetime_operator.py
[2026-03-28T18:19:06.233+0500] {processor.py:840} INFO - DAG(s) 'example_branch_datetime_operator_3', 'example_branch_datetime_operator_2', 'example_branch_datetime_operator' retrieved from /home/abayturar/airflow-project/venv/lib/python3.12/site-packages/airflow/example_dags/example_branch_datetime_operator.py
[2026-03-28T18:19:06.252+0500] {logging_mixin.py:188} INFO - [2026-03-28T18:19:06.252+0500] {dag.py:3089} INFO - Sync 3 DAGs
[2026-03-28T18:19:06.267+0500] {logging_mixin.py:188} INFO - [2026-03-28T18:19:06.267+0500] {dag.py:3947} INFO - Setting next_dagrun for example_branch_datetime_operator to 2026-03-27 00:00:00+00:00, run_after=2026-03-28 00:00:00+00:00
[2026-03-28T18:19:06.269+0500] {logging_mixin.py:188} INFO - [2026-03-28T18:19:06.269+0500] {dag.py:3947} INFO - Setting next_dagrun for example_branch_datetime_operator_2 to 2026-03-27 00:00:00+00:00, run_after=2026-03-28 00:00:00+00:00
[2026-03-28T18:19:06.271+0500] {logging_mixin.py:188} INFO - [2026-03-28T18:19:06.271+0500] {dag.py:3947} INFO - Setting next_dagrun for example_branch_datetime_operator_3 to 2026-03-27 00:00:00+00:00, run_after=2026-03-28 00:00:00+00:00
[2026-03-28T18:19:06.286+0500] {processor.py:183} INFO - Processing /home/abayturar/airflow-project/venv/lib/python3.12/site-packages/airflow/example_dags/example_branch_datetime_operator.py took 0.073 seconds
[2026-03-28T18:22:51.185+0500] {processor.py:161} INFO - Started process (PID=18672) to work on /home/abayturar/airflow-project/venv/lib/python3.12/site-packages/airflow/example_dags/example_branch_datetime_operator.py
[2026-03-28T18:22:51.186+0500] {processor.py:830} INFO - Processing file /home/abayturar/airflow-project/venv/lib/python3.12/site-packages/airflow/example_dags/example_branch_datetime_operator.py for tasks to queue
[2026-03-28T18:22:51.188+0500] {logging_mixin.py:188} INFO - [2026-03-28T18:22:51.187+0500] {dagbag.py:545} INFO - Filling up the DagBag from /home/abayturar/airflow-project/venv/lib/python3.12/site-packages/airflow/example_dags/example_branch_datetime_operator.py
[2026-03-28T18:22:51.197+0500] {processor.py:840} INFO - DAG(s) 'example_branch_datetime_operator_2', 'example_branch_datetime_operator', 'example_branch_datetime_operator_3' retrieved from /home/abayturar/airflow-project/venv/lib/python3.12/site-packages/airflow/example_dags/example_branch_datetime_operator.py
[2026-03-28T18:22:51.220+0500] {logging_mixin.py:188} INFO - [2026-03-28T18:22:51.219+0500] {dag.py:3089} INFO - Sync 3 DAGs
[2026-03-28T18:22:51.239+0500] {logging_mixin.py:188} INFO - [2026-03-28T18:22:51.239+0500] {dag.py:3947} INFO - Setting next_dagrun for example_branch_datetime_operator to 2026-03-27 00:00:00+00:00, run_after=2026-03-28 00:00:00+00:00
[2026-03-28T18:22:51.243+0500] {logging_mixin.py:188} INFO - [2026-03-28T18:22:51.242+0500] {dag.py:3947} INFO - Setting next_dagrun for example_branch_datetime_operator_2 to 2026-03-27 00:00:00+00:00, run_after=2026-03-28 00:00:00+00:00
[2026-03-28T18:22:51.244+0500] {logging_mixin.py:188} INFO - [2026-03-28T18:22:51.244+0500] {dag.py:3947} INFO - Setting next_dagrun for example_branch_datetime_operator_3 to 2026-03-27 00:00:00+00:00, run_after=2026-03-28 00:00:00+00:00
[2026-03-28T18:22:51.259+0500] {processor.py:183} INFO - Processing /home/abayturar/airflow-project/venv/lib/python3.12/site-packages/airflow/example_dags/example_branch_datetime_operator.py took 0.081 seconds
[2026-03-28T18:24:01.534+0500] {processor.py:161} INFO - Started process (PID=18864) to work on /home/abayturar/airflow-project/venv/lib/python3.12/site-packages/airflow/example_dags/example_branch_datetime_operator.py
[2026-03-28T18:24:01.534+0500] {processor.py:830} INFO - Processing file /home/abayturar/airflow-project/venv/lib/python3.12/site-packages/airflow/example_dags/example_branch_datetime_operator.py for tasks to queue
[2026-03-28T18:24:01.536+0500] {logging_mixin.py:188} INFO - [2026-03-28T18:24:01.536+0500] {dagbag.py:545} INFO - Filling up the DagBag from /home/abayturar/airflow-project/venv/lib/python3.12/site-packages/airflow/example_dags/example_branch_datetime_operator.py
[2026-03-28T18:24:01.545+0500] {processor.py:840} INFO - DAG(s) 'example_branch_datetime_operator_3', 'example_branch_datetime_operator', 'example_branch_datetime_operator_2' retrieved from /home/abayturar/airflow-project/venv/lib/python3.12/site-packages/airflow/example_dags/example_branch_datetime_operator.py
[2026-03-28T18:24:01.564+0500] {logging_mixin.py:188} INFO - [2026-03-28T18:24:01.564+0500] {dag.py:3089} INFO - Sync 3 DAGs
[2026-03-28T18:24:01.579+0500] {logging_mixin.py:188} INFO - [2026-03-28T18:24:01.579+0500] {dag.py:3947} INFO - Setting next_dagrun for example_branch_datetime_operator to 2026-03-27 00:00:00+00:00, run_after=2026-03-28 00:00:00+00:00
[2026-03-28T18:24:01.581+0500] {logging_mixin.py:188} INFO - [2026-03-28T18:24:01.581+0500] {dag.py:3947} INFO - Setting next_dagrun for example_branch_datetime_operator_2 to 2026-03-27 00:00:00+00:00, run_after=2026-03-28 00:00:00+00:00
[2026-03-28T18:24:01.583+0500] {logging_mixin.py:188} INFO - [2026-03-28T18:24:01.583+0500] {dag.py:3947} INFO - Setting next_dagrun for example_branch_datetime_operator_3 to 2026-03-27 00:00:00+00:00, run_after=2026-03-28 00:00:00+00:00
[2026-03-28T18:24:01.615+0500] {processor.py:183} INFO - Processing /home/abayturar/airflow-project/venv/lib/python3.12/site-packages/airflow/example_dags/example_branch_datetime_operator.py took 0.087 seconds
[2026-03-28T18:25:11.628+0500] {processor.py:161} INFO - Started process (PID=19049) to work on /home/abayturar/airflow-project/venv/lib/python3.12/site-packages/airflow/example_dags/example_branch_datetime_operator.py
[2026-03-28T18:25:11.629+0500] {processor.py:830} INFO - Processing file /home/abayturar/airflow-project/venv/lib/python3.12/site-packages/airflow/example_dags/example_branch_datetime_operator.py for tasks to queue
[2026-03-28T18:25:11.631+0500] {logging_mixin.py:188} INFO - [2026-03-28T18:25:11.631+0500] {dagbag.py:545} INFO - Filling up the DagBag from /home/abayturar/airflow-project/venv/lib/python3.12/site-packages/airflow/example_dags/example_branch_datetime_operator.py
[2026-03-28T18:25:11.641+0500] {processor.py:840} INFO - DAG(s) 'example_branch_datetime_operator', 'example_branch_datetime_operator_2', 'example_branch_datetime_operator_3' retrieved from /home/abayturar/airflow-project/venv/lib/python3.12/site-packages/airflow/example_dags/example_branch_datetime_operator.py
[2026-03-28T18:25:11.660+0500] {logging_mixin.py:188} INFO - [2026-03-28T18:25:11.659+0500] {dag.py:3089} INFO - Sync 3 DAGs
[2026-03-28T18:25:11.673+0500] {logging_mixin.py:188} INFO - [2026-03-28T18:25:11.673+0500] {dag.py:3947} INFO - Setting next_dagrun for example_branch_datetime_operator to 2026-03-27 00:00:00+00:00, run_after=2026-03-28 00:00:00+00:00
[2026-03-28T18:25:11.676+0500] {logging_mixin.py:188} INFO - [2026-03-28T18:25:11.676+0500] {dag.py:3947} INFO - Setting next_dagrun for example_branch_datetime_operator_2 to 2026-03-27 00:00:00+00:00, run_after=2026-03-28 00:00:00+00:00
[2026-03-28T18:25:11.677+0500] {logging_mixin.py:188} INFO - [2026-03-28T18:25:11.677+0500] {dag.py:3947} INFO - Setting next_dagrun for example_branch_datetime_operator_3 to 2026-03-27 00:00:00+00:00, run_after=2026-03-28 00:00:00+00:00
[2026-03-28T18:25:11.691+0500] {processor.py:183} INFO - Processing /home/abayturar/airflow-project/venv/lib/python3.12/site-packages/airflow/example_dags/example_branch_datetime_operator.py took 0.069 seconds
[2026-03-28T18:26:21.116+0500] {processor.py:161} INFO - Started process (PID=19239) to work on /home/abayturar/airflow-project/venv/lib/python3.12/site-packages/airflow/example_dags/example_branch_datetime_operator.py
[2026-03-28T18:26:21.117+0500] {processor.py:830} INFO - Processing file /home/abayturar/airflow-project/venv/lib/python3.12/site-packages/airflow/example_dags/example_branch_datetime_operator.py for tasks to queue
[2026-03-28T18:26:21.119+0500] {logging_mixin.py:188} INFO - [2026-03-28T18:26:21.118+0500] {dagbag.py:545} INFO - Filling up the DagBag from /home/abayturar/airflow-project/venv/lib/python3.12/site-packages/airflow/example_dags/example_branch_datetime_operator.py
[2026-03-28T18:26:21.128+0500] {processor.py:840} INFO - DAG(s) 'example_branch_datetime_operator', 'example_branch_datetime_operator_3', 'example_branch_datetime_operator_2' retrieved from /home/abayturar/airflow-project/venv/lib/python3.12/site-packages/airflow/example_dags/example_branch_datetime_operator.py
[2026-03-28T18:26:21.149+0500] {logging_mixin.py:188} INFO - [2026-03-28T18:26:21.149+0500] {dag.py:3089} INFO - Sync 3 DAGs
[2026-03-28T18:26:21.163+0500] {logging_mixin.py:188} INFO - [2026-03-28T18:26:21.163+0500] {dag.py:3947} INFO - Setting next_dagrun for example_branch_datetime_operator to 2026-03-27 00:00:00+00:00, run_after=2026-03-28 00:00:00+00:00
[2026-03-28T18:26:21.165+0500] {logging_mixin.py:188} INFO - [2026-03-28T18:26:21.165+0500] {dag.py:3947} INFO - Setting next_dagrun for example_branch_datetime_operator_2 to 2026-03-27 00:00:00+00:00, run_after=2026-03-28 00:00:00+00:00
[2026-03-28T18:26:21.166+0500] {logging_mixin.py:188} INFO - [2026-03-28T18:26:21.166+0500] {dag.py:3947} INFO - Setting next_dagrun for example_branch_datetime_operator_3 to 2026-03-27 00:00:00+00:00, run_after=2026-03-28 00:00:00+00:00
[2026-03-28T18:26:21.180+0500] {processor.py:183} INFO - Processing /home/abayturar/airflow-project/venv/lib/python3.12/site-packages/airflow/example_dags/example_branch_datetime_operator.py took 0.069 seconds
[2026-03-28T18:27:15.105+0500] {processor.py:161} INFO - Started process (PID=19380) to work on /home/abayturar/airflow-project/venv/lib/python3.12/site-packages/airflow/example_dags/example_branch_datetime_operator.py
[2026-03-28T18:27:15.106+0500] {processor.py:830} INFO - Processing file /home/abayturar/airflow-project/venv/lib/python3.12/site-packages/airflow/example_dags/example_branch_datetime_operator.py for tasks to queue
[2026-03-28T18:27:15.109+0500] {logging_mixin.py:188} INFO - [2026-03-28T18:27:15.108+0500] {dagbag.py:545} INFO - Filling up the DagBag from /home/abayturar/airflow-project/venv/lib/python3.12/site-packages/airflow/example_dags/example_branch_datetime_operator.py
[2026-03-28T18:27:15.119+0500] {processor.py:840} INFO - DAG(s) 'example_branch_datetime_operator_3', 'example_branch_datetime_operator', 'example_branch_datetime_operator_2' retrieved from /home/abayturar/airflow-project/venv/lib/python3.12/site-packages/airflow/example_dags/example_branch_datetime_operator.py
[2026-03-28T18:27:15.141+0500] {logging_mixin.py:188} INFO - [2026-03-28T18:27:15.141+0500] {dag.py:3089} INFO - Sync 3 DAGs
[2026-03-28T18:27:15.158+0500] {logging_mixin.py:188} INFO - [2026-03-28T18:27:15.158+0500] {dag.py:3947} INFO - Setting next_dagrun for example_branch_datetime_operator to 2026-03-27 00:00:00+00:00, run_after=2026-03-28 00:00:00+00:00
[2026-03-28T18:27:15.161+0500] {logging_mixin.py:188} INFO - [2026-03-28T18:27:15.161+0500] {dag.py:3947} INFO - Setting next_dagrun for example_branch_datetime_operator_2 to 2026-03-27 00:00:00+00:00, run_after=2026-03-28 00:00:00+00:00
[2026-03-28T18:27:15.162+0500] {logging_mixin.py:188} INFO - [2026-03-28T18:27:15.162+0500] {dag.py:3947} INFO - Setting next_dagrun for example_branch_datetime_operator_3 to 2026-03-27 00:00:00+00:00, run_after=2026-03-28 00:00:00+00:00
[2026-03-28T18:27:15.192+0500] {processor.py:183} INFO - Processing /home/abayturar/airflow-project/venv/lib/python3.12/site-packages/airflow/example_dags/example_branch_datetime_operator.py took 0.093 seconds
[2026-03-28T18:28:32.016+0500] {processor.py:161} INFO - Started process (PID=19593) to work on /home/abayturar/airflow-project/venv/lib/python3.12/site-packages/airflow/example_dags/example_branch_datetime_operator.py
[2026-03-28T18:28:32.017+0500] {processor.py:830} INFO - Processing file /home/abayturar/airflow-project/venv/lib/python3.12/site-packages/airflow/example_dags/example_branch_datetime_operator.py for tasks to queue
[2026-03-28T18:28:32.019+0500] {logging_mixin.py:188} INFO - [2026-03-28T18:28:32.018+0500] {dagbag.py:545} INFO - Filling up the DagBag from /home/abayturar/airflow-project/venv/lib/python3.12/site-packages/airflow/example_dags/example_branch_datetime_operator.py
[2026-03-28T18:28:32.028+0500] {processor.py:840} INFO - DAG(s) 'example_branch_datetime_operator_2', 'example_branch_datetime_operator_3', 'example_branch_datetime_operator' retrieved from /home/abayturar/airflow-project/venv/lib/python3.12/site-packages/airflow/example_dags/example_branch_datetime_operator.py
[2026-03-28T18:28:32.048+0500] {logging_mixin.py:188} INFO - [2026-03-28T18:28:32.047+0500] {dag.py:3089} INFO - Sync 3 DAGs
[2026-03-28T18:28:32.062+0500] {logging_mixin.py:188} INFO - [2026-03-28T18:28:32.062+0500] {dag.py:3947} INFO - Setting next_dagrun for example_branch_datetime_operator to 2026-03-27 00:00:00+00:00, run_after=2026-03-28 00:00:00+00:00
[2026-03-28T18:28:32.065+0500] {logging_mixin.py:188} INFO - [2026-03-28T18:28:32.065+0500] {dag.py:3947} INFO - Setting next_dagrun for example_branch_datetime_operator_2 to 2026-03-27 00:00:00+00:00, run_after=2026-03-28 00:00:00+00:00
[2026-03-28T18:28:32.066+0500] {logging_mixin.py:188} INFO - [2026-03-28T18:28:32.066+0500] {dag.py:3947} INFO - Setting next_dagrun for example_branch_datetime_operator_3 to 2026-03-27 00:00:00+00:00, run_after=2026-03-28 00:00:00+00:00
[2026-03-28T18:28:32.084+0500] {processor.py:183} INFO - Processing /home/abayturar/airflow-project/venv/lib/python3.12/site-packages/airflow/example_dags/example_branch_datetime_operator.py took 0.075 seconds
[2026-03-28T18:29:28.806+0500] {processor.py:161} INFO - Started process (PID=19741) to work on /home/abayturar/airflow-project/venv/lib/python3.12/site-packages/airflow/example_dags/example_branch_datetime_operator.py
[2026-03-28T18:29:28.808+0500] {processor.py:830} INFO - Processing file /home/abayturar/airflow-project/venv/lib/python3.12/site-packages/airflow/example_dags/example_branch_datetime_operator.py for tasks to queue
[2026-03-28T18:29:28.810+0500] {logging_mixin.py:188} INFO - [2026-03-28T18:29:28.809+0500] {dagbag.py:545} INFO - Filling up the DagBag from /home/abayturar/airflow-project/venv/lib/python3.12/site-packages/airflow/example_dags/example_branch_datetime_operator.py
[2026-03-28T18:29:28.822+0500] {processor.py:840} INFO - DAG(s) 'example_branch_datetime_operator', 'example_branch_datetime_operator_2', 'example_branch_datetime_operator_3' retrieved from /home/abayturar/airflow-project/venv/lib/python3.12/site-packages/airflow/example_dags/example_branch_datetime_operator.py
[2026-03-28T18:29:28.843+0500] {logging_mixin.py:188} INFO - [2026-03-28T18:29:28.843+0500] {dag.py:3089} INFO - Sync 3 DAGs
[2026-03-28T18:29:28.859+0500] {logging_mixin.py:188} INFO - [2026-03-28T18:29:28.859+0500] {dag.py:3947} INFO - Setting next_dagrun for example_branch_datetime_operator to 2026-03-27 00:00:00+00:00, run_after=2026-03-28 00:00:00+00:00
[2026-03-28T18:29:28.862+0500] {logging_mixin.py:188} INFO - [2026-03-28T18:29:28.862+0500] {dag.py:3947} INFO - Setting next_dagrun for example_branch_datetime_operator_2 to 2026-03-27 00:00:00+00:00, run_after=2026-03-28 00:00:00+00:00
[2026-03-28T18:29:28.864+0500] {logging_mixin.py:188} INFO - [2026-03-28T18:29:28.864+0500] {dag.py:3947} INFO - Setting next_dagrun for example_branch_datetime_operator_3 to 2026-03-27 00:00:00+00:00, run_after=2026-03-28 00:00:00+00:00
[2026-03-28T18:29:28.890+0500] {processor.py:183} INFO - Processing /home/abayturar/airflow-project/venv/lib/python3.12/site-packages/airflow/example_dags/example_branch_datetime_operator.py took 0.092 seconds
[2026-03-28T18:30:38.727+0500] {processor.py:161} INFO - Started process (PID=19933) to work on /home/abayturar/airflow-project/venv/lib/python3.12/site-packages/airflow/example_dags/example_branch_datetime_operator.py
[2026-03-28T18:30:38.728+0500] {processor.py:830} INFO - Processing file /home/abayturar/airflow-project/venv/lib/python3.12/site-packages/airflow/example_dags/example_branch_datetime_operator.py for tasks to queue
[2026-03-28T18:30:38.730+0500] {logging_mixin.py:188} INFO - [2026-03-28T18:30:38.729+0500] {dagbag.py:545} INFO - Filling up the DagBag from /home/abayturar/airflow-project/venv/lib/python3.12/site-packages/airflow/example_dags/example_branch_datetime_operator.py
[2026-03-28T18:30:38.739+0500] {processor.py:840} INFO - DAG(s) 'example_branch_datetime_operator_3', 'example_branch_datetime_operator_2', 'example_branch_datetime_operator' retrieved from /home/abayturar/airflow-project/venv/lib/python3.12/site-packages/airflow/example_dags/example_branch_datetime_operator.py
[2026-03-28T18:30:38.759+0500] {logging_mixin.py:188} INFO - [2026-03-28T18:30:38.758+0500] {dag.py:3089} INFO - Sync 3 DAGs
[2026-03-28T18:30:38.774+0500] {logging_mixin.py:188} INFO - [2026-03-28T18:30:38.774+0500] {dag.py:3947} INFO - Setting next_dagrun for example_branch_datetime_operator to 2026-03-27 00:00:00+00:00, run_after=2026-03-28 00:00:00+00:00
[2026-03-28T18:30:38.777+0500] {logging_mixin.py:188} INFO - [2026-03-28T18:30:38.777+0500] {dag.py:3947} INFO - Setting next_dagrun for example_branch_datetime_operator_2 to 2026-03-27 00:00:00+00:00, run_after=2026-03-28 00:00:00+00:00
[2026-03-28T18:30:38.778+0500] {logging_mixin.py:188} INFO - [2026-03-28T18:30:38.778+0500] {dag.py:3947} INFO - Setting next_dagrun for example_branch_datetime_operator_3 to 2026-03-27 00:00:00+00:00, run_after=2026-03-28 00:00:00+00:00
[2026-03-28T18:30:38.804+0500] {processor.py:183} INFO - Processing /home/abayturar/airflow-project/venv/lib/python3.12/site-packages/airflow/example_dags/example_branch_datetime_operator.py took 0.083 seconds
[2026-03-28T18:31:47.355+0500] {processor.py:161} INFO - Started process (PID=20122) to work on /home/abayturar/airflow-project/venv/lib/python3.12/site-packages/airflow/example_dags/example_branch_datetime_operator.py
[2026-03-28T18:31:47.356+0500] {processor.py:830} INFO - Processing file /home/abayturar/airflow-project/venv/lib/python3.12/site-packages/airflow/example_dags/example_branch_datetime_operator.py for tasks to queue
[2026-03-28T18:31:47.357+0500] {logging_mixin.py:188} INFO - [2026-03-28T18:31:47.357+0500] {dagbag.py:545} INFO - Filling up the DagBag from /home/abayturar/airflow-project/venv/lib/python3.12/site-packages/airflow/example_dags/example_branch_datetime_operator.py
[2026-03-28T18:31:47.369+0500] {processor.py:840} INFO - DAG(s) 'example_branch_datetime_operator', 'example_branch_datetime_operator_3', 'example_branch_datetime_operator_2' retrieved from /home/abayturar/airflow-project/venv/lib/python3.12/site-packages/airflow/example_dags/example_branch_datetime_operator.py
[2026-03-28T18:31:47.389+0500] {logging_mixin.py:188} INFO - [2026-03-28T18:31:47.389+0500] {dag.py:3089} INFO - Sync 3 DAGs
[2026-03-28T18:31:47.406+0500] {logging_mixin.py:188} INFO - [2026-03-28T18:31:47.405+0500] {dag.py:3947} INFO - Setting next_dagrun for example_branch_datetime_operator to 2026-03-27 00:00:00+00:00, run_after=2026-03-28 00:00:00+00:00
[2026-03-28T18:31:47.409+0500] {logging_mixin.py:188} INFO - [2026-03-28T18:31:47.409+0500] {dag.py:3947} INFO - Setting next_dagrun for example_branch_datetime_operator_2 to 2026-03-27 00:00:00+00:00, run_after=2026-03-28 00:00:00+00:00
[2026-03-28T18:31:47.410+0500] {logging_mixin.py:188} INFO - [2026-03-28T18:31:47.410+0500] {dag.py:3947} INFO - Setting next_dagrun for example_branch_datetime_operator_3 to 2026-03-27 00:00:00+00:00, run_after=2026-03-28 00:00:00+00:00
[2026-03-28T18:31:47.426+0500] {processor.py:183} INFO - Processing /home/abayturar/airflow-project/venv/lib/python3.12/site-packages/airflow/example_dags/example_branch_datetime_operator.py took 0.078 seconds
[2026-03-28T18:32:55.160+0500] {processor.py:161} INFO - Started process (PID=20306) to work on /home/abayturar/airflow-project/venv/lib/python3.12/site-packages/airflow/example_dags/example_branch_datetime_operator.py
[2026-03-28T18:32:55.161+0500] {processor.py:830} INFO - Processing file /home/abayturar/airflow-project/venv/lib/python3.12/site-packages/airflow/example_dags/example_branch_datetime_operator.py for tasks to queue
[2026-03-28T18:32:55.163+0500] {logging_mixin.py:188} INFO - [2026-03-28T18:32:55.162+0500] {dagbag.py:545} INFO - Filling up the DagBag from /home/abayturar/airflow-project/venv/lib/python3.12/site-packages/airflow/example_dags/example_branch_datetime_operator.py
[2026-03-28T18:32:55.172+0500] {processor.py:840} INFO - DAG(s) 'example_branch_datetime_operator', 'example_branch_datetime_operator_2', 'example_branch_datetime_operator_3' retrieved from /home/abayturar/airflow-project/venv/lib/python3.12/site-packages/airflow/example_dags/example_branch_datetime_operator.py
[2026-03-28T18:32:55.191+0500] {logging_mixin.py:188} INFO - [2026-03-28T18:32:55.191+0500] {dag.py:3089} INFO - Sync 3 DAGs
[2026-03-28T18:32:55.206+0500] {logging_mixin.py:188} INFO - [2026-03-28T18:32:55.206+0500] {dag.py:3947} INFO - Setting next_dagrun for example_branch_datetime_operator to 2026-03-27 00:00:00+00:00, run_after=2026-03-28 00:00:00+00:00
[2026-03-28T18:32:55.209+0500] {logging_mixin.py:188} INFO - [2026-03-28T18:32:55.208+0500] {dag.py:3947} INFO - Setting next_dagrun for example_branch_datetime_operator_2 to 2026-03-27 00:00:00+00:00, run_after=2026-03-28 00:00:00+00:00
[2026-03-28T18:32:55.210+0500] {logging_mixin.py:188} INFO - [2026-03-28T18:32:55.210+0500] {dag.py:3947} INFO - Setting next_dagrun for example_branch_datetime_operator_3 to 2026-03-27 00:00:00+00:00, run_after=2026-03-28 00:00:00+00:00
[2026-03-28T18:32:55.225+0500] {processor.py:183} INFO - Processing /home/abayturar/airflow-project/venv/lib/python3.12/site-packages/airflow/example_dags/example_branch_datetime_operator.py took 0.072 seconds
[2026-03-28T18:34:15.292+0500] {processor.py:161} INFO - Started process (PID=20526) to work on /home/abayturar/airflow-project/venv/lib/python3.12/site-packages/airflow/example_dags/example_branch_datetime_operator.py
[2026-03-28T18:34:15.293+0500] {processor.py:830} INFO - Processing file /home/abayturar/airflow-project/venv/lib/python3.12/site-packages/airflow/example_dags/example_branch_datetime_operator.py for tasks to queue
[2026-03-28T18:34:15.296+0500] {logging_mixin.py:188} INFO - [2026-03-28T18:34:15.295+0500] {dagbag.py:545} INFO - Filling up the DagBag from /home/abayturar/airflow-project/venv/lib/python3.12/site-packages/airflow/example_dags/example_branch_datetime_operator.py
[2026-03-28T18:34:15.306+0500] {processor.py:840} INFO - DAG(s) 'example_branch_datetime_operator_3', 'example_branch_datetime_operator_2', 'example_branch_datetime_operator' retrieved from /home/abayturar/airflow-project/venv/lib/python3.12/site-packages/airflow/example_dags/example_branch_datetime_operator.py
[2026-03-28T18:34:15.333+0500] {logging_mixin.py:188} INFO - [2026-03-28T18:34:15.332+0500] {dag.py:3089} INFO - Sync 3 DAGs
[2026-03-28T18:34:15.351+0500] {logging_mixin.py:188} INFO - [2026-03-28T18:34:15.350+0500] {dag.py:3947} INFO - Setting next_dagrun for example_branch_datetime_operator to 2026-03-27 00:00:00+00:00, run_after=2026-03-28 00:00:00+00:00
[2026-03-28T18:34:15.354+0500] {logging_mixin.py:188} INFO - [2026-03-28T18:34:15.354+0500] {dag.py:3947} INFO - Setting next_dagrun for example_branch_datetime_operator_2 to 2026-03-27 00:00:00+00:00, run_after=2026-03-28 00:00:00+00:00
[2026-03-28T18:34:15.355+0500] {logging_mixin.py:188} INFO - [2026-03-28T18:34:15.355+0500] {dag.py:3947} INFO - Setting next_dagrun for example_branch_datetime_operator_3 to 2026-03-27 00:00:00+00:00, run_after=2026-03-28 00:00:00+00:00
[2026-03-28T18:34:15.372+0500] {processor.py:183} INFO - Processing /home/abayturar/airflow-project/venv/lib/python3.12/site-packages/airflow/example_dags/example_branch_datetime_operator.py took 0.087 seconds
[2026-03-28T18:35:30.213+0500] {processor.py:161} INFO - Started process (PID=20738) to work on /home/abayturar/airflow-project/venv/lib/python3.12/site-packages/airflow/example_dags/example_branch_datetime_operator.py
[2026-03-28T18:35:30.214+0500] {processor.py:830} INFO - Processing file /home/abayturar/airflow-project/venv/lib/python3.12/site-packages/airflow/example_dags/example_branch_datetime_operator.py for tasks to queue
[2026-03-28T18:35:30.215+0500] {logging_mixin.py:188} INFO - [2026-03-28T18:35:30.215+0500] {dagbag.py:545} INFO - Filling up the DagBag from /home/abayturar/airflow-project/venv/lib/python3.12/site-packages/airflow/example_dags/example_branch_datetime_operator.py
[2026-03-28T18:35:30.224+0500] {processor.py:840} INFO - DAG(s) 'example_branch_datetime_operator_2', 'example_branch_datetime_operator', 'example_branch_datetime_operator_3' retrieved from /home/abayturar/airflow-project/venv/lib/python3.12/site-packages/airflow/example_dags/example_branch_datetime_operator.py
[2026-03-28T18:35:30.243+0500] {logging_mixin.py:188} INFO - [2026-03-28T18:35:30.242+0500] {dag.py:3089} INFO - Sync 3 DAGs
[2026-03-28T18:35:30.257+0500] {logging_mixin.py:188} INFO - [2026-03-28T18:35:30.257+0500] {dag.py:3947} INFO - Setting next_dagrun for example_branch_datetime_operator to 2026-03-27 00:00:00+00:00, run_after=2026-03-28 00:00:00+00:00
[2026-03-28T18:35:30.260+0500] {logging_mixin.py:188} INFO - [2026-03-28T18:35:30.260+0500] {dag.py:3947} INFO - Setting next_dagrun for example_branch_datetime_operator_2 to 2026-03-27 00:00:00+00:00, run_after=2026-03-28 00:00:00+00:00
[2026-03-28T18:35:30.262+0500] {logging_mixin.py:188} INFO - [2026-03-28T18:35:30.262+0500] {dag.py:3947} INFO - Setting next_dagrun for example_branch_datetime_operator_3 to 2026-03-27 00:00:00+00:00, run_after=2026-03-28 00:00:00+00:00
[2026-03-28T18:35:30.287+0500] {processor.py:183} INFO - Processing /home/abayturar/airflow-project/venv/lib/python3.12/site-packages/airflow/example_dags/example_branch_datetime_operator.py took 0.080 seconds
[2026-03-28T18:36:48.672+0500] {processor.py:161} INFO - Started process (PID=20956) to work on /home/abayturar/airflow-project/venv/lib/python3.12/site-packages/airflow/example_dags/example_branch_datetime_operator.py
[2026-03-28T18:36:48.673+0500] {processor.py:830} INFO - Processing file /home/abayturar/airflow-project/venv/lib/python3.12/site-packages/airflow/example_dags/example_branch_datetime_operator.py for tasks to queue
[2026-03-28T18:36:48.675+0500] {logging_mixin.py:188} INFO - [2026-03-28T18:36:48.675+0500] {dagbag.py:545} INFO - Filling up the DagBag from /home/abayturar/airflow-project/venv/lib/python3.12/site-packages/airflow/example_dags/example_branch_datetime_operator.py
[2026-03-28T18:36:48.686+0500] {processor.py:840} INFO - DAG(s) 'example_branch_datetime_operator_2', 'example_branch_datetime_operator_3', 'example_branch_datetime_operator' retrieved from /home/abayturar/airflow-project/venv/lib/python3.12/site-packages/airflow/example_dags/example_branch_datetime_operator.py
[2026-03-28T18:36:48.710+0500] {logging_mixin.py:188} INFO - [2026-03-28T18:36:48.710+0500] {dag.py:3089} INFO - Sync 3 DAGs
[2026-03-28T18:36:48.728+0500] {logging_mixin.py:188} INFO - [2026-03-28T18:36:48.728+0500] {dag.py:3947} INFO - Setting next_dagrun for example_branch_datetime_operator to 2026-03-27 00:00:00+00:00, run_after=2026-03-28 00:00:00+00:00
[2026-03-28T18:36:48.731+0500] {logging_mixin.py:188} INFO - [2026-03-28T18:36:48.731+0500] {dag.py:3947} INFO - Setting next_dagrun for example_branch_datetime_operator_2 to 2026-03-27 00:00:00+00:00, run_after=2026-03-28 00:00:00+00:00
[2026-03-28T18:36:48.733+0500] {logging_mixin.py:188} INFO - [2026-03-28T18:36:48.733+0500] {dag.py:3947} INFO - Setting next_dagrun for example_branch_datetime_operator_3 to 2026-03-27 00:00:00+00:00, run_after=2026-03-28 00:00:00+00:00
[2026-03-28T18:36:48.751+0500] {processor.py:183} INFO - Processing /home/abayturar/airflow-project/venv/lib/python3.12/site-packages/airflow/example_dags/example_branch_datetime_operator.py took 0.086 seconds
[2026-03-28T18:37:42.841+0500] {processor.py:161} INFO - Started process (PID=21106) to work on /home/abayturar/airflow-project/venv/lib/python3.12/site-packages/airflow/example_dags/example_branch_datetime_operator.py
[2026-03-28T18:37:42.842+0500] {processor.py:830} INFO - Processing file /home/abayturar/airflow-project/venv/lib/python3.12/site-packages/airflow/example_dags/example_branch_datetime_operator.py for tasks to queue
[2026-03-28T18:37:42.843+0500] {logging_mixin.py:188} INFO - [2026-03-28T18:37:42.843+0500] {dagbag.py:545} INFO - Filling up the DagBag from /home/abayturar/airflow-project/venv/lib/python3.12/site-packages/airflow/example_dags/example_branch_datetime_operator.py
[2026-03-28T18:37:42.854+0500] {processor.py:840} INFO - DAG(s) 'example_branch_datetime_operator', 'example_branch_datetime_operator_3', 'example_branch_datetime_operator_2' retrieved from /home/abayturar/airflow-project/venv/lib/python3.12/site-packages/airflow/example_dags/example_branch_datetime_operator.py
[2026-03-28T18:37:42.877+0500] {logging_mixin.py:188} INFO - [2026-03-28T18:37:42.877+0500] {dag.py:3089} INFO - Sync 3 DAGs
[2026-03-28T18:37:42.895+0500] {logging_mixin.py:188} INFO - [2026-03-28T18:37:42.895+0500] {dag.py:3947} INFO - Setting next_dagrun for example_branch_datetime_operator to 2026-03-27 00:00:00+00:00, run_after=2026-03-28 00:00:00+00:00
[2026-03-28T18:37:42.897+0500] {logging_mixin.py:188} INFO - [2026-03-28T18:37:42.897+0500] {dag.py:3947} INFO - Setting next_dagrun for example_branch_datetime_operator_2 to 2026-03-27 00:00:00+00:00, run_after=2026-03-28 00:00:00+00:00
[2026-03-28T18:37:42.899+0500] {logging_mixin.py:188} INFO - [2026-03-28T18:37:42.899+0500] {dag.py:3947} INFO - Setting next_dagrun for example_branch_datetime_operator_3 to 2026-03-27 00:00:00+00:00, run_after=2026-03-28 00:00:00+00:00
[2026-03-28T18:37:42.915+0500] {processor.py:183} INFO - Processing /home/abayturar/airflow-project/venv/lib/python3.12/site-packages/airflow/example_dags/example_branch_datetime_operator.py took 0.081 seconds
[2026-03-28T18:38:57.532+0500] {processor.py:161} INFO - Started process (PID=21308) to work on /home/abayturar/airflow-project/venv/lib/python3.12/site-packages/airflow/example_dags/example_branch_datetime_operator.py
[2026-03-28T18:38:57.533+0500] {processor.py:830} INFO - Processing file /home/abayturar/airflow-project/venv/lib/python3.12/site-packages/airflow/example_dags/example_branch_datetime_operator.py for tasks to queue
[2026-03-28T18:38:57.535+0500] {logging_mixin.py:188} INFO - [2026-03-28T18:38:57.534+0500] {dagbag.py:545} INFO - Filling up the DagBag from /home/abayturar/airflow-project/venv/lib/python3.12/site-packages/airflow/example_dags/example_branch_datetime_operator.py
[2026-03-28T18:38:57.549+0500] {processor.py:840} INFO - DAG(s) 'example_branch_datetime_operator', 'example_branch_datetime_operator_2', 'example_branch_datetime_operator_3' retrieved from /home/abayturar/airflow-project/venv/lib/python3.12/site-packages/airflow/example_dags/example_branch_datetime_operator.py
[2026-03-28T18:38:57.572+0500] {logging_mixin.py:188} INFO - [2026-03-28T18:38:57.571+0500] {dag.py:3089} INFO - Sync 3 DAGs
[2026-03-28T18:38:57.595+0500] {logging_mixin.py:188} INFO - [2026-03-28T18:38:57.594+0500] {dag.py:3947} INFO - Setting next_dagrun for example_branch_datetime_operator to 2026-03-27 00:00:00+00:00, run_after=2026-03-28 00:00:00+00:00
[2026-03-28T18:38:57.598+0500] {logging_mixin.py:188} INFO - [2026-03-28T18:38:57.597+0500] {dag.py:3947} INFO - Setting next_dagrun for example_branch_datetime_operator_2 to 2026-03-27 00:00:00+00:00, run_after=2026-03-28 00:00:00+00:00
[2026-03-28T18:38:57.599+0500] {logging_mixin.py:188} INFO - [2026-03-28T18:38:57.599+0500] {dag.py:3947} INFO - Setting next_dagrun for example_branch_datetime_operator_3 to 2026-03-27 00:00:00+00:00, run_after=2026-03-28 00:00:00+00:00
[2026-03-28T18:38:57.629+0500] {processor.py:183} INFO - Processing /home/abayturar/airflow-project/venv/lib/python3.12/site-packages/airflow/example_dags/example_branch_datetime_operator.py took 0.104 seconds
[2026-03-28T18:40:14.038+0500] {processor.py:161} INFO - Started process (PID=21509) to work on /home/abayturar/airflow-project/venv/lib/python3.12/site-packages/airflow/example_dags/example_branch_datetime_operator.py
[2026-03-28T18:40:14.038+0500] {processor.py:830} INFO - Processing file /home/abayturar/airflow-project/venv/lib/python3.12/site-packages/airflow/example_dags/example_branch_datetime_operator.py for tasks to queue
[2026-03-28T18:40:14.040+0500] {logging_mixin.py:188} INFO - [2026-03-28T18:40:14.040+0500] {dagbag.py:545} INFO - Filling up the DagBag from /home/abayturar/airflow-project/venv/lib/python3.12/site-packages/airflow/example_dags/example_branch_datetime_operator.py
[2026-03-28T18:40:14.049+0500] {processor.py:840} INFO - DAG(s) 'example_branch_datetime_operator_2', 'example_branch_datetime_operator_3', 'example_branch_datetime_operator' retrieved from /home/abayturar/airflow-project/venv/lib/python3.12/site-packages/airflow/example_dags/example_branch_datetime_operator.py
[2026-03-28T18:40:14.069+0500] {logging_mixin.py:188} INFO - [2026-03-28T18:40:14.068+0500] {dag.py:3089} INFO - Sync 3 DAGs
[2026-03-28T18:40:14.083+0500] {logging_mixin.py:188} INFO - [2026-03-28T18:40:14.083+0500] {dag.py:3947} INFO - Setting next_dagrun for example_branch_datetime_operator to 2026-03-27 00:00:00+00:00, run_after=2026-03-28 00:00:00+00:00
[2026-03-28T18:40:14.086+0500] {logging_mixin.py:188} INFO - [2026-03-28T18:40:14.086+0500] {dag.py:3947} INFO - Setting next_dagrun for example_branch_datetime_operator_2 to 2026-03-27 00:00:00+00:00, run_after=2026-03-28 00:00:00+00:00
[2026-03-28T18:40:14.087+0500] {logging_mixin.py:188} INFO - [2026-03-28T18:40:14.087+0500] {dag.py:3947} INFO - Setting next_dagrun for example_branch_datetime_operator_3 to 2026-03-27 00:00:00+00:00, run_after=2026-03-28 00:00:00+00:00
[2026-03-28T18:40:14.101+0500] {processor.py:183} INFO - Processing /home/abayturar/airflow-project/venv/lib/python3.12/site-packages/airflow/example_dags/example_branch_datetime_operator.py took 0.069 seconds
[2026-03-28T18:41:44.295+0500] {processor.py:161} INFO - Started process (PID=21794) to work on /home/abayturar/airflow-project/venv/lib/python3.12/site-packages/airflow/example_dags/example_branch_datetime_operator.py
[2026-03-28T18:41:44.296+0500] {processor.py:830} INFO - Processing file /home/abayturar/airflow-project/venv/lib/python3.12/site-packages/airflow/example_dags/example_branch_datetime_operator.py for tasks to queue
[2026-03-28T18:41:44.297+0500] {logging_mixin.py:188} INFO - [2026-03-28T18:41:44.297+0500] {dagbag.py:545} INFO - Filling up the DagBag from /home/abayturar/airflow-project/venv/lib/python3.12/site-packages/airflow/example_dags/example_branch_datetime_operator.py
[2026-03-28T18:41:44.306+0500] {processor.py:840} INFO - DAG(s) 'example_branch_datetime_operator', 'example_branch_datetime_operator_2', 'example_branch_datetime_operator_3' retrieved from /home/abayturar/airflow-project/venv/lib/python3.12/site-packages/airflow/example_dags/example_branch_datetime_operator.py
[2026-03-28T18:41:44.325+0500] {logging_mixin.py:188} INFO - [2026-03-28T18:41:44.325+0500] {dag.py:3089} INFO - Sync 3 DAGs
[2026-03-28T18:41:44.343+0500] {logging_mixin.py:188} INFO - [2026-03-28T18:41:44.343+0500] {dag.py:3947} INFO - Setting next_dagrun for example_branch_datetime_operator to 2026-03-27 00:00:00+00:00, run_after=2026-03-28 00:00:00+00:00
[2026-03-28T18:41:44.346+0500] {logging_mixin.py:188} INFO - [2026-03-28T18:41:44.346+0500] {dag.py:3947} INFO - Setting next_dagrun for example_branch_datetime_operator_2 to 2026-03-27 00:00:00+00:00, run_after=2026-03-28 00:00:00+00:00
[2026-03-28T18:41:44.347+0500] {logging_mixin.py:188} INFO - [2026-03-28T18:41:44.347+0500] {dag.py:3947} INFO - Setting next_dagrun for example_branch_datetime_operator_3 to 2026-03-27 00:00:00+00:00, run_after=2026-03-28 00:00:00+00:00
[2026-03-28T18:41:44.373+0500] {processor.py:183} INFO - Processing /home/abayturar/airflow-project/venv/lib/python3.12/site-packages/airflow/example_dags/example_branch_datetime_operator.py took 0.085 seconds
[2026-03-28T18:42:42.827+0500] {processor.py:161} INFO - Started process (PID=21957) to work on /home/abayturar/airflow-project/venv/lib/python3.12/site-packages/airflow/example_dags/example_branch_datetime_operator.py
[2026-03-28T18:42:42.828+0500] {processor.py:830} INFO - Processing file /home/abayturar/airflow-project/venv/lib/python3.12/site-packages/airflow/example_dags/example_branch_datetime_operator.py for tasks to queue
[2026-03-28T18:42:42.830+0500] {logging_mixin.py:188} INFO - [2026-03-28T18:42:42.830+0500] {dagbag.py:545} INFO - Filling up the DagBag from /home/abayturar/airflow-project/venv/lib/python3.12/site-packages/airflow/example_dags/example_branch_datetime_operator.py
[2026-03-28T18:42:42.841+0500] {processor.py:840} INFO - DAG(s) 'example_branch_datetime_operator_3', 'example_branch_datetime_operator_2', 'example_branch_datetime_operator' retrieved from /home/abayturar/airflow-project/venv/lib/python3.12/site-packages/airflow/example_dags/example_branch_datetime_operator.py
[2026-03-28T18:42:42.864+0500] {logging_mixin.py:188} INFO - [2026-03-28T18:42:42.864+0500] {dag.py:3089} INFO - Sync 3 DAGs
[2026-03-28T18:42:42.882+0500] {logging_mixin.py:188} INFO - [2026-03-28T18:42:42.882+0500] {dag.py:3947} INFO - Setting next_dagrun for example_branch_datetime_operator to 2026-03-27 00:00:00+00:00, run_after=2026-03-28 00:00:00+00:00
[2026-03-28T18:42:42.885+0500] {logging_mixin.py:188} INFO - [2026-03-28T18:42:42.885+0500] {dag.py:3947} INFO - Setting next_dagrun for example_branch_datetime_operator_2 to 2026-03-27 00:00:00+00:00, run_after=2026-03-28 00:00:00+00:00
[2026-03-28T18:42:42.887+0500] {logging_mixin.py:188} INFO - [2026-03-28T18:42:42.887+0500] {dag.py:3947} INFO - Setting next_dagrun for example_branch_datetime_operator_3 to 2026-03-27 00:00:00+00:00, run_after=2026-03-28 00:00:00+00:00
[2026-03-28T18:42:42.915+0500] {processor.py:183} INFO - Processing /home/abayturar/airflow-project/venv/lib/python3.12/site-packages/airflow/example_dags/example_branch_datetime_operator.py took 0.095 seconds
[2026-03-28T18:43:56.378+0500] {processor.py:161} INFO - Started process (PID=22188) to work on /home/abayturar/airflow-project/venv/lib/python3.12/site-packages/airflow/example_dags/example_branch_datetime_operator.py
[2026-03-28T18:43:56.380+0500] {processor.py:830} INFO - Processing file /home/abayturar/airflow-project/venv/lib/python3.12/site-packages/airflow/example_dags/example_branch_datetime_operator.py for tasks to queue
[2026-03-28T18:43:56.382+0500] {logging_mixin.py:188} INFO - [2026-03-28T18:43:56.381+0500] {dagbag.py:545} INFO - Filling up the DagBag from /home/abayturar/airflow-project/venv/lib/python3.12/site-packages/airflow/example_dags/example_branch_datetime_operator.py
[2026-03-28T18:43:56.393+0500] {processor.py:840} INFO - DAG(s) 'example_branch_datetime_operator_2', 'example_branch_datetime_operator_3', 'example_branch_datetime_operator' retrieved from /home/abayturar/airflow-project/venv/lib/python3.12/site-packages/airflow/example_dags/example_branch_datetime_operator.py
[2026-03-28T18:43:56.527+0500] {logging_mixin.py:188} INFO - [2026-03-28T18:43:56.527+0500] {dag.py:3089} INFO - Sync 3 DAGs
[2026-03-28T18:43:56.542+0500] {logging_mixin.py:188} INFO - [2026-03-28T18:43:56.542+0500] {dag.py:3947} INFO - Setting next_dagrun for example_branch_datetime_operator to 2026-03-27 00:00:00+00:00, run_after=2026-03-28 00:00:00+00:00
[2026-03-28T18:43:56.545+0500] {logging_mixin.py:188} INFO - [2026-03-28T18:43:56.545+0500] {dag.py:3947} INFO - Setting next_dagrun for example_branch_datetime_operator_2 to 2026-03-27 00:00:00+00:00, run_after=2026-03-28 00:00:00+00:00
[2026-03-28T18:43:56.546+0500] {logging_mixin.py:188} INFO - [2026-03-28T18:43:56.546+0500] {dag.py:3947} INFO - Setting next_dagrun for example_branch_datetime_operator_3 to 2026-03-27 00:00:00+00:00, run_after=2026-03-28 00:00:00+00:00
[2026-03-28T18:43:56.573+0500] {processor.py:183} INFO - Processing /home/abayturar/airflow-project/venv/lib/python3.12/site-packages/airflow/example_dags/example_branch_datetime_operator.py took 0.202 seconds
[2026-03-28T18:45:10.241+0500] {processor.py:161} INFO - Started process (PID=22386) to work on /home/abayturar/airflow-project/venv/lib/python3.12/site-packages/airflow/example_dags/example_branch_datetime_operator.py
[2026-03-28T18:45:10.242+0500] {processor.py:830} INFO - Processing file /home/abayturar/airflow-project/venv/lib/python3.12/site-packages/airflow/example_dags/example_branch_datetime_operator.py for tasks to queue
[2026-03-28T18:45:10.243+0500] {logging_mixin.py:188} INFO - [2026-03-28T18:45:10.243+0500] {dagbag.py:545} INFO - Filling up the DagBag from /home/abayturar/airflow-project/venv/lib/python3.12/site-packages/airflow/example_dags/example_branch_datetime_operator.py
[2026-03-28T18:45:10.253+0500] {processor.py:840} INFO - DAG(s) 'example_branch_datetime_operator_3', 'example_branch_datetime_operator_2', 'example_branch_datetime_operator' retrieved from /home/abayturar/airflow-project/venv/lib/python3.12/site-packages/airflow/example_dags/example_branch_datetime_operator.py
[2026-03-28T18:45:10.272+0500] {logging_mixin.py:188} INFO - [2026-03-28T18:45:10.272+0500] {dag.py:3089} INFO - Sync 3 DAGs
[2026-03-28T18:45:10.287+0500] {logging_mixin.py:188} INFO - [2026-03-28T18:45:10.287+0500] {dag.py:3947} INFO - Setting next_dagrun for example_branch_datetime_operator to 2026-03-27 00:00:00+00:00, run_after=2026-03-28 00:00:00+00:00
[2026-03-28T18:45:10.289+0500] {logging_mixin.py:188} INFO - [2026-03-28T18:45:10.289+0500] {dag.py:3947} INFO - Setting next_dagrun for example_branch_datetime_operator_2 to 2026-03-27 00:00:00+00:00, run_after=2026-03-28 00:00:00+00:00
[2026-03-28T18:45:10.291+0500] {logging_mixin.py:188} INFO - [2026-03-28T18:45:10.291+0500] {dag.py:3947} INFO - Setting next_dagrun for example_branch_datetime_operator_3 to 2026-03-27 00:00:00+00:00, run_after=2026-03-28 00:00:00+00:00
[2026-03-28T18:45:10.306+0500] {processor.py:183} INFO - Processing /home/abayturar/airflow-project/venv/lib/python3.12/site-packages/airflow/example_dags/example_branch_datetime_operator.py took 0.070 seconds
[2026-03-28T18:46:22.520+0500] {processor.py:161} INFO - Started process (PID=22577) to work on /home/abayturar/airflow-project/venv/lib/python3.12/site-packages/airflow/example_dags/example_branch_datetime_operator.py
[2026-03-28T18:46:22.521+0500] {processor.py:830} INFO - Processing file /home/abayturar/airflow-project/venv/lib/python3.12/site-packages/airflow/example_dags/example_branch_datetime_operator.py for tasks to queue
[2026-03-28T18:46:22.523+0500] {logging_mixin.py:188} INFO - [2026-03-28T18:46:22.522+0500] {dagbag.py:545} INFO - Filling up the DagBag from /home/abayturar/airflow-project/venv/lib/python3.12/site-packages/airflow/example_dags/example_branch_datetime_operator.py
[2026-03-28T18:46:22.532+0500] {processor.py:840} INFO - DAG(s) 'example_branch_datetime_operator_2', 'example_branch_datetime_operator', 'example_branch_datetime_operator_3' retrieved from /home/abayturar/airflow-project/venv/lib/python3.12/site-packages/airflow/example_dags/example_branch_datetime_operator.py
[2026-03-28T18:46:22.552+0500] {logging_mixin.py:188} INFO - [2026-03-28T18:46:22.551+0500] {dag.py:3089} INFO - Sync 3 DAGs
[2026-03-28T18:46:22.569+0500] {logging_mixin.py:188} INFO - [2026-03-28T18:46:22.569+0500] {dag.py:3947} INFO - Setting next_dagrun for example_branch_datetime_operator to 2026-03-27 00:00:00+00:00, run_after=2026-03-28 00:00:00+00:00
[2026-03-28T18:46:22.572+0500] {logging_mixin.py:188} INFO - [2026-03-28T18:46:22.572+0500] {dag.py:3947} INFO - Setting next_dagrun for example_branch_datetime_operator_2 to 2026-03-27 00:00:00+00:00, run_after=2026-03-28 00:00:00+00:00
[2026-03-28T18:46:22.573+0500] {logging_mixin.py:188} INFO - [2026-03-28T18:46:22.573+0500] {dag.py:3947} INFO - Setting next_dagrun for example_branch_datetime_operator_3 to 2026-03-27 00:00:00+00:00, run_after=2026-03-28 00:00:00+00:00
[2026-03-28T18:46:22.599+0500] {processor.py:183} INFO - Processing /home/abayturar/airflow-project/venv/lib/python3.12/site-packages/airflow/example_dags/example_branch_datetime_operator.py took 0.085 seconds
[2026-03-28T18:47:32.789+0500] {processor.py:161} INFO - Started process (PID=22768) to work on /home/abayturar/airflow-project/venv/lib/python3.12/site-packages/airflow/example_dags/example_branch_datetime_operator.py
[2026-03-28T18:47:32.791+0500] {processor.py:830} INFO - Processing file /home/abayturar/airflow-project/venv/lib/python3.12/site-packages/airflow/example_dags/example_branch_datetime_operator.py for tasks to queue
[2026-03-28T18:47:32.793+0500] {logging_mixin.py:188} INFO - [2026-03-28T18:47:32.792+0500] {dagbag.py:545} INFO - Filling up the DagBag from /home/abayturar/airflow-project/venv/lib/python3.12/site-packages/airflow/example_dags/example_branch_datetime_operator.py
[2026-03-28T18:47:32.804+0500] {processor.py:840} INFO - DAG(s) 'example_branch_datetime_operator_2', 'example_branch_datetime_operator', 'example_branch_datetime_operator_3' retrieved from /home/abayturar/airflow-project/venv/lib/python3.12/site-packages/airflow/example_dags/example_branch_datetime_operator.py
[2026-03-28T18:47:32.824+0500] {logging_mixin.py:188} INFO - [2026-03-28T18:47:32.824+0500] {dag.py:3089} INFO - Sync 3 DAGs
[2026-03-28T18:47:32.839+0500] {logging_mixin.py:188} INFO - [2026-03-28T18:47:32.839+0500] {dag.py:3947} INFO - Setting next_dagrun for example_branch_datetime_operator to 2026-03-27 00:00:00+00:00, run_after=2026-03-28 00:00:00+00:00
[2026-03-28T18:47:32.842+0500] {logging_mixin.py:188} INFO - [2026-03-28T18:47:32.842+0500] {dag.py:3947} INFO - Setting next_dagrun for example_branch_datetime_operator_2 to 2026-03-27 00:00:00+00:00, run_after=2026-03-28 00:00:00+00:00
[2026-03-28T18:47:32.843+0500] {logging_mixin.py:188} INFO - [2026-03-28T18:47:32.843+0500] {dag.py:3947} INFO - Setting next_dagrun for example_branch_datetime_operator_3 to 2026-03-27 00:00:00+00:00, run_after=2026-03-28 00:00:00+00:00
[2026-03-28T18:47:32.869+0500] {processor.py:183} INFO - Processing /home/abayturar/airflow-project/venv/lib/python3.12/site-packages/airflow/example_dags/example_branch_datetime_operator.py took 0.086 seconds
[2026-03-28T18:48:38.910+0500] {processor.py:161} INFO - Started process (PID=22944) to work on /home/abayturar/airflow-project/venv/lib/python3.12/site-packages/airflow/example_dags/example_branch_datetime_operator.py
[2026-03-28T18:48:38.911+0500] {processor.py:830} INFO - Processing file /home/abayturar/airflow-project/venv/lib/python3.12/site-packages/airflow/example_dags/example_branch_datetime_operator.py for tasks to queue
[2026-03-28T18:48:38.913+0500] {logging_mixin.py:188} INFO - [2026-03-28T18:48:38.913+0500] {dagbag.py:545} INFO - Filling up the DagBag from /home/abayturar/airflow-project/venv/lib/python3.12/site-packages/airflow/example_dags/example_branch_datetime_operator.py
[2026-03-28T18:48:38.924+0500] {processor.py:840} INFO - DAG(s) 'example_branch_datetime_operator', 'example_branch_datetime_operator_2', 'example_branch_datetime_operator_3' retrieved from /home/abayturar/airflow-project/venv/lib/python3.12/site-packages/airflow/example_dags/example_branch_datetime_operator.py
[2026-03-28T18:48:38.948+0500] {logging_mixin.py:188} INFO - [2026-03-28T18:48:38.948+0500] {dag.py:3089} INFO - Sync 3 DAGs
[2026-03-28T18:48:38.965+0500] {logging_mixin.py:188} INFO - [2026-03-28T18:48:38.965+0500] {dag.py:3947} INFO - Setting next_dagrun for example_branch_datetime_operator to 2026-03-27 00:00:00+00:00, run_after=2026-03-28 00:00:00+00:00
[2026-03-28T18:48:38.969+0500] {logging_mixin.py:188} INFO - [2026-03-28T18:48:38.969+0500] {dag.py:3947} INFO - Setting next_dagrun for example_branch_datetime_operator_2 to 2026-03-27 00:00:00+00:00, run_after=2026-03-28 00:00:00+00:00
[2026-03-28T18:48:38.970+0500] {logging_mixin.py:188} INFO - [2026-03-28T18:48:38.970+0500] {dag.py:3947} INFO - Setting next_dagrun for example_branch_datetime_operator_3 to 2026-03-27 00:00:00+00:00, run_after=2026-03-28 00:00:00+00:00
[2026-03-28T18:48:38.988+0500] {processor.py:183} INFO - Processing /home/abayturar/airflow-project/venv/lib/python3.12/site-packages/airflow/example_dags/example_branch_datetime_operator.py took 0.084 seconds
[2026-03-28T18:49:47.146+0500] {processor.py:161} INFO - Started process (PID=23130) to work on /home/abayturar/airflow-project/venv/lib/python3.12/site-packages/airflow/example_dags/example_branch_datetime_operator.py
[2026-03-28T18:49:47.147+0500] {processor.py:830} INFO - Processing file /home/abayturar/airflow-project/venv/lib/python3.12/site-packages/airflow/example_dags/example_branch_datetime_operator.py for tasks to queue
[2026-03-28T18:49:47.149+0500] {logging_mixin.py:188} INFO - [2026-03-28T18:49:47.148+0500] {dagbag.py:545} INFO - Filling up the DagBag from /home/abayturar/airflow-project/venv/lib/python3.12/site-packages/airflow/example_dags/example_branch_datetime_operator.py
[2026-03-28T18:49:47.158+0500] {processor.py:840} INFO - DAG(s) 'example_branch_datetime_operator_2', 'example_branch_datetime_operator_3', 'example_branch_datetime_operator' retrieved from /home/abayturar/airflow-project/venv/lib/python3.12/site-packages/airflow/example_dags/example_branch_datetime_operator.py
[2026-03-28T18:49:47.177+0500] {logging_mixin.py:188} INFO - [2026-03-28T18:49:47.177+0500] {dag.py:3089} INFO - Sync 3 DAGs
[2026-03-28T18:49:47.193+0500] {logging_mixin.py:188} INFO - [2026-03-28T18:49:47.193+0500] {dag.py:3947} INFO - Setting next_dagrun for example_branch_datetime_operator to 2026-03-27 00:00:00+00:00, run_after=2026-03-28 00:00:00+00:00
[2026-03-28T18:49:47.195+0500] {logging_mixin.py:188} INFO - [2026-03-28T18:49:47.195+0500] {dag.py:3947} INFO - Setting next_dagrun for example_branch_datetime_operator_2 to 2026-03-27 00:00:00+00:00, run_after=2026-03-28 00:00:00+00:00
[2026-03-28T18:49:47.197+0500] {logging_mixin.py:188} INFO - [2026-03-28T18:49:47.197+0500] {dag.py:3947} INFO - Setting next_dagrun for example_branch_datetime_operator_3 to 2026-03-27 00:00:00+00:00, run_after=2026-03-28 00:00:00+00:00
[2026-03-28T18:49:47.224+0500] {processor.py:183} INFO - Processing /home/abayturar/airflow-project/venv/lib/python3.12/site-packages/airflow/example_dags/example_branch_datetime_operator.py took 0.084 seconds
[2026-03-28T18:50:56.865+0500] {processor.py:161} INFO - Started process (PID=23313) to work on /home/abayturar/airflow-project/venv/lib/python3.12/site-packages/airflow/example_dags/example_branch_datetime_operator.py
[2026-03-28T18:50:56.866+0500] {processor.py:830} INFO - Processing file /home/abayturar/airflow-project/venv/lib/python3.12/site-packages/airflow/example_dags/example_branch_datetime_operator.py for tasks to queue
[2026-03-28T18:50:56.869+0500] {logging_mixin.py:188} INFO - [2026-03-28T18:50:56.868+0500] {dagbag.py:545} INFO - Filling up the DagBag from /home/abayturar/airflow-project/venv/lib/python3.12/site-packages/airflow/example_dags/example_branch_datetime_operator.py
[2026-03-28T18:50:56.879+0500] {processor.py:840} INFO - DAG(s) 'example_branch_datetime_operator_2', 'example_branch_datetime_operator', 'example_branch_datetime_operator_3' retrieved from /home/abayturar/airflow-project/venv/lib/python3.12/site-packages/airflow/example_dags/example_branch_datetime_operator.py
[2026-03-28T18:50:56.904+0500] {logging_mixin.py:188} INFO - [2026-03-28T18:50:56.904+0500] {dag.py:3089} INFO - Sync 3 DAGs
[2026-03-28T18:50:56.927+0500] {logging_mixin.py:188} INFO - [2026-03-28T18:50:56.926+0500] {dag.py:3947} INFO - Setting next_dagrun for example_branch_datetime_operator to 2026-03-27 00:00:00+00:00, run_after=2026-03-28 00:00:00+00:00
[2026-03-28T18:50:56.931+0500] {logging_mixin.py:188} INFO - [2026-03-28T18:50:56.930+0500] {dag.py:3947} INFO - Setting next_dagrun for example_branch_datetime_operator_2 to 2026-03-27 00:00:00+00:00, run_after=2026-03-28 00:00:00+00:00
[2026-03-28T18:50:56.932+0500] {logging_mixin.py:188} INFO - [2026-03-28T18:50:56.932+0500] {dag.py:3947} INFO - Setting next_dagrun for example_branch_datetime_operator_3 to 2026-03-27 00:00:00+00:00, run_after=2026-03-28 00:00:00+00:00
[2026-03-28T18:50:56.962+0500] {processor.py:183} INFO - Processing /home/abayturar/airflow-project/venv/lib/python3.12/site-packages/airflow/example_dags/example_branch_datetime_operator.py took 0.106 seconds
[2026-03-28T18:52:07.281+0500] {processor.py:161} INFO - Started process (PID=23506) to work on /home/abayturar/airflow-project/venv/lib/python3.12/site-packages/airflow/example_dags/example_branch_datetime_operator.py
[2026-03-28T18:52:07.283+0500] {processor.py:830} INFO - Processing file /home/abayturar/airflow-project/venv/lib/python3.12/site-packages/airflow/example_dags/example_branch_datetime_operator.py for tasks to queue
[2026-03-28T18:52:07.285+0500] {logging_mixin.py:188} INFO - [2026-03-28T18:52:07.285+0500] {dagbag.py:545} INFO - Filling up the DagBag from /home/abayturar/airflow-project/venv/lib/python3.12/site-packages/airflow/example_dags/example_branch_datetime_operator.py
[2026-03-28T18:52:07.295+0500] {processor.py:840} INFO - DAG(s) 'example_branch_datetime_operator_2', 'example_branch_datetime_operator', 'example_branch_datetime_operator_3' retrieved from /home/abayturar/airflow-project/venv/lib/python3.12/site-packages/airflow/example_dags/example_branch_datetime_operator.py
[2026-03-28T18:52:07.319+0500] {logging_mixin.py:188} INFO - [2026-03-28T18:52:07.319+0500] {dag.py:3089} INFO - Sync 3 DAGs
[2026-03-28T18:52:07.337+0500] {logging_mixin.py:188} INFO - [2026-03-28T18:52:07.337+0500] {dag.py:3947} INFO - Setting next_dagrun for example_branch_datetime_operator to 2026-03-27 00:00:00+00:00, run_after=2026-03-28 00:00:00+00:00
[2026-03-28T18:52:07.341+0500] {logging_mixin.py:188} INFO - [2026-03-28T18:52:07.340+0500] {dag.py:3947} INFO - Setting next_dagrun for example_branch_datetime_operator_2 to 2026-03-27 00:00:00+00:00, run_after=2026-03-28 00:00:00+00:00
[2026-03-28T18:52:07.343+0500] {logging_mixin.py:188} INFO - [2026-03-28T18:52:07.343+0500] {dag.py:3947} INFO - Setting next_dagrun for example_branch_datetime_operator_3 to 2026-03-27 00:00:00+00:00, run_after=2026-03-28 00:00:00+00:00
[2026-03-28T18:52:07.376+0500] {processor.py:183} INFO - Processing /home/abayturar/airflow-project/venv/lib/python3.12/site-packages/airflow/example_dags/example_branch_datetime_operator.py took 0.104 seconds
[2026-03-28T18:53:14.386+0500] {processor.py:161} INFO - Started process (PID=23685) to work on /home/abayturar/airflow-project/venv/lib/python3.12/site-packages/airflow/example_dags/example_branch_datetime_operator.py
[2026-03-28T18:53:14.387+0500] {processor.py:830} INFO - Processing file /home/abayturar/airflow-project/venv/lib/python3.12/site-packages/airflow/example_dags/example_branch_datetime_operator.py for tasks to queue
[2026-03-28T18:53:14.388+0500] {logging_mixin.py:188} INFO - [2026-03-28T18:53:14.388+0500] {dagbag.py:545} INFO - Filling up the DagBag from /home/abayturar/airflow-project/venv/lib/python3.12/site-packages/airflow/example_dags/example_branch_datetime_operator.py
[2026-03-28T18:53:14.397+0500] {processor.py:840} INFO - DAG(s) 'example_branch_datetime_operator', 'example_branch_datetime_operator_3', 'example_branch_datetime_operator_2' retrieved from /home/abayturar/airflow-project/venv/lib/python3.12/site-packages/airflow/example_dags/example_branch_datetime_operator.py
[2026-03-28T18:53:14.415+0500] {logging_mixin.py:188} INFO - [2026-03-28T18:53:14.415+0500] {dag.py:3089} INFO - Sync 3 DAGs
[2026-03-28T18:53:14.428+0500] {logging_mixin.py:188} INFO - [2026-03-28T18:53:14.428+0500] {dag.py:3947} INFO - Setting next_dagrun for example_branch_datetime_operator to 2026-03-27 00:00:00+00:00, run_after=2026-03-28 00:00:00+00:00
[2026-03-28T18:53:14.431+0500] {logging_mixin.py:188} INFO - [2026-03-28T18:53:14.431+0500] {dag.py:3947} INFO - Setting next_dagrun for example_branch_datetime_operator_2 to 2026-03-27 00:00:00+00:00, run_after=2026-03-28 00:00:00+00:00
[2026-03-28T18:53:14.432+0500] {logging_mixin.py:188} INFO - [2026-03-28T18:53:14.432+0500] {dag.py:3947} INFO - Setting next_dagrun for example_branch_datetime_operator_3 to 2026-03-27 00:00:00+00:00, run_after=2026-03-28 00:00:00+00:00
[2026-03-28T18:53:14.456+0500] {processor.py:183} INFO - Processing /home/abayturar/airflow-project/venv/lib/python3.12/site-packages/airflow/example_dags/example_branch_datetime_operator.py took 0.076 seconds
[2026-03-28T18:54:22.889+0500] {processor.py:161} INFO - Started process (PID=23872) to work on /home/abayturar/airflow-project/venv/lib/python3.12/site-packages/airflow/example_dags/example_branch_datetime_operator.py
[2026-03-28T18:54:22.890+0500] {processor.py:830} INFO - Processing file /home/abayturar/airflow-project/venv/lib/python3.12/site-packages/airflow/example_dags/example_branch_datetime_operator.py for tasks to queue
[2026-03-28T18:54:22.891+0500] {logging_mixin.py:188} INFO - [2026-03-28T18:54:22.891+0500] {dagbag.py:545} INFO - Filling up the DagBag from /home/abayturar/airflow-project/venv/lib/python3.12/site-packages/airflow/example_dags/example_branch_datetime_operator.py
[2026-03-28T18:54:22.900+0500] {processor.py:840} INFO - DAG(s) 'example_branch_datetime_operator_2', 'example_branch_datetime_operator_3', 'example_branch_datetime_operator' retrieved from /home/abayturar/airflow-project/venv/lib/python3.12/site-packages/airflow/example_dags/example_branch_datetime_operator.py
[2026-03-28T18:54:22.918+0500] {logging_mixin.py:188} INFO - [2026-03-28T18:54:22.918+0500] {dag.py:3089} INFO - Sync 3 DAGs
[2026-03-28T18:54:22.933+0500] {logging_mixin.py:188} INFO - [2026-03-28T18:54:22.933+0500] {dag.py:3947} INFO - Setting next_dagrun for example_branch_datetime_operator to 2026-03-27 00:00:00+00:00, run_after=2026-03-28 00:00:00+00:00
[2026-03-28T18:54:22.935+0500] {logging_mixin.py:188} INFO - [2026-03-28T18:54:22.935+0500] {dag.py:3947} INFO - Setting next_dagrun for example_branch_datetime_operator_2 to 2026-03-27 00:00:00+00:00, run_after=2026-03-28 00:00:00+00:00
[2026-03-28T18:54:22.937+0500] {logging_mixin.py:188} INFO - [2026-03-28T18:54:22.937+0500] {dag.py:3947} INFO - Setting next_dagrun for example_branch_datetime_operator_3 to 2026-03-27 00:00:00+00:00, run_after=2026-03-28 00:00:00+00:00
[2026-03-28T18:54:22.951+0500] {processor.py:183} INFO - Processing /home/abayturar/airflow-project/venv/lib/python3.12/site-packages/airflow/example_dags/example_branch_datetime_operator.py took 0.068 seconds
[2026-03-28T18:55:34.053+0500] {processor.py:161} INFO - Started process (PID=24055) to work on /home/abayturar/airflow-project/venv/lib/python3.12/site-packages/airflow/example_dags/example_branch_datetime_operator.py
[2026-03-28T18:55:34.054+0500] {processor.py:830} INFO - Processing file /home/abayturar/airflow-project/venv/lib/python3.12/site-packages/airflow/example_dags/example_branch_datetime_operator.py for tasks to queue
[2026-03-28T18:55:34.056+0500] {logging_mixin.py:188} INFO - [2026-03-28T18:55:34.056+0500] {dagbag.py:545} INFO - Filling up the DagBag from /home/abayturar/airflow-project/venv/lib/python3.12/site-packages/airflow/example_dags/example_branch_datetime_operator.py
[2026-03-28T18:55:34.067+0500] {processor.py:840} INFO - DAG(s) 'example_branch_datetime_operator_3', 'example_branch_datetime_operator_2', 'example_branch_datetime_operator' retrieved from /home/abayturar/airflow-project/venv/lib/python3.12/site-packages/airflow/example_dags/example_branch_datetime_operator.py
[2026-03-28T18:55:34.097+0500] {logging_mixin.py:188} INFO - [2026-03-28T18:55:34.097+0500] {dag.py:3089} INFO - Sync 3 DAGs
[2026-03-28T18:55:34.120+0500] {logging_mixin.py:188} INFO - [2026-03-28T18:55:34.120+0500] {dag.py:3947} INFO - Setting next_dagrun for example_branch_datetime_operator to 2026-03-27 00:00:00+00:00, run_after=2026-03-28 00:00:00+00:00
[2026-03-28T18:55:34.123+0500] {logging_mixin.py:188} INFO - [2026-03-28T18:55:34.123+0500] {dag.py:3947} INFO - Setting next_dagrun for example_branch_datetime_operator_2 to 2026-03-27 00:00:00+00:00, run_after=2026-03-28 00:00:00+00:00
[2026-03-28T18:55:34.127+0500] {logging_mixin.py:188} INFO - [2026-03-28T18:55:34.126+0500] {dag.py:3947} INFO - Setting next_dagrun for example_branch_datetime_operator_3 to 2026-03-27 00:00:00+00:00, run_after=2026-03-28 00:00:00+00:00
[2026-03-28T18:55:34.160+0500] {processor.py:183} INFO - Processing /home/abayturar/airflow-project/venv/lib/python3.12/site-packages/airflow/example_dags/example_branch_datetime_operator.py took 0.116 seconds
[2026-03-28T18:56:28.161+0500] {processor.py:161} INFO - Started process (PID=24195) to work on /home/abayturar/airflow-project/venv/lib/python3.12/site-packages/airflow/example_dags/example_branch_datetime_operator.py
[2026-03-28T18:56:28.162+0500] {processor.py:830} INFO - Processing file /home/abayturar/airflow-project/venv/lib/python3.12/site-packages/airflow/example_dags/example_branch_datetime_operator.py for tasks to queue
[2026-03-28T18:56:28.163+0500] {logging_mixin.py:188} INFO - [2026-03-28T18:56:28.163+0500] {dagbag.py:545} INFO - Filling up the DagBag from /home/abayturar/airflow-project/venv/lib/python3.12/site-packages/airflow/example_dags/example_branch_datetime_operator.py
[2026-03-28T18:56:28.172+0500] {processor.py:840} INFO - DAG(s) 'example_branch_datetime_operator', 'example_branch_datetime_operator_2', 'example_branch_datetime_operator_3' retrieved from /home/abayturar/airflow-project/venv/lib/python3.12/site-packages/airflow/example_dags/example_branch_datetime_operator.py
[2026-03-28T18:56:28.192+0500] {logging_mixin.py:188} INFO - [2026-03-28T18:56:28.192+0500] {dag.py:3089} INFO - Sync 3 DAGs
[2026-03-28T18:56:28.207+0500] {logging_mixin.py:188} INFO - [2026-03-28T18:56:28.207+0500] {dag.py:3947} INFO - Setting next_dagrun for example_branch_datetime_operator to 2026-03-27 00:00:00+00:00, run_after=2026-03-28 00:00:00+00:00
[2026-03-28T18:56:28.210+0500] {logging_mixin.py:188} INFO - [2026-03-28T18:56:28.210+0500] {dag.py:3947} INFO - Setting next_dagrun for example_branch_datetime_operator_2 to 2026-03-27 00:00:00+00:00, run_after=2026-03-28 00:00:00+00:00
[2026-03-28T18:56:28.212+0500] {logging_mixin.py:188} INFO - [2026-03-28T18:56:28.212+0500] {dag.py:3947} INFO - Setting next_dagrun for example_branch_datetime_operator_3 to 2026-03-27 00:00:00+00:00, run_after=2026-03-28 00:00:00+00:00
[2026-03-28T18:56:28.239+0500] {processor.py:183} INFO - Processing /home/abayturar/airflow-project/venv/lib/python3.12/site-packages/airflow/example_dags/example_branch_datetime_operator.py took 0.084 seconds
[2026-03-28T18:57:40.848+0500] {processor.py:161} INFO - Started process (PID=24394) to work on /home/abayturar/airflow-project/venv/lib/python3.12/site-packages/airflow/example_dags/example_branch_datetime_operator.py
[2026-03-28T18:57:40.849+0500] {processor.py:830} INFO - Processing file /home/abayturar/airflow-project/venv/lib/python3.12/site-packages/airflow/example_dags/example_branch_datetime_operator.py for tasks to queue
[2026-03-28T18:57:40.852+0500] {logging_mixin.py:188} INFO - [2026-03-28T18:57:40.851+0500] {dagbag.py:545} INFO - Filling up the DagBag from /home/abayturar/airflow-project/venv/lib/python3.12/site-packages/airflow/example_dags/example_branch_datetime_operator.py
[2026-03-28T18:57:40.866+0500] {processor.py:840} INFO - DAG(s) 'example_branch_datetime_operator_3', 'example_branch_datetime_operator', 'example_branch_datetime_operator_2' retrieved from /home/abayturar/airflow-project/venv/lib/python3.12/site-packages/airflow/example_dags/example_branch_datetime_operator.py
[2026-03-28T18:57:40.895+0500] {logging_mixin.py:188} INFO - [2026-03-28T18:57:40.894+0500] {dag.py:3089} INFO - Sync 3 DAGs
[2026-03-28T18:57:40.917+0500] {logging_mixin.py:188} INFO - [2026-03-28T18:57:40.916+0500] {dag.py:3947} INFO - Setting next_dagrun for example_branch_datetime_operator to 2026-03-27 00:00:00+00:00, run_after=2026-03-28 00:00:00+00:00
[2026-03-28T18:57:40.920+0500] {logging_mixin.py:188} INFO - [2026-03-28T18:57:40.920+0500] {dag.py:3947} INFO - Setting next_dagrun for example_branch_datetime_operator_2 to 2026-03-27 00:00:00+00:00, run_after=2026-03-28 00:00:00+00:00
[2026-03-28T18:57:40.921+0500] {logging_mixin.py:188} INFO - [2026-03-28T18:57:40.921+0500] {dag.py:3947} INFO - Setting next_dagrun for example_branch_datetime_operator_3 to 2026-03-27 00:00:00+00:00, run_after=2026-03-28 00:00:00+00:00
[2026-03-28T18:57:40.941+0500] {processor.py:183} INFO - Processing /home/abayturar/airflow-project/venv/lib/python3.12/site-packages/airflow/example_dags/example_branch_datetime_operator.py took 0.101 seconds
[2026-03-28T18:58:50.737+0500] {processor.py:161} INFO - Started process (PID=24578) to work on /home/abayturar/airflow-project/venv/lib/python3.12/site-packages/airflow/example_dags/example_branch_datetime_operator.py
[2026-03-28T18:58:50.738+0500] {processor.py:830} INFO - Processing file /home/abayturar/airflow-project/venv/lib/python3.12/site-packages/airflow/example_dags/example_branch_datetime_operator.py for tasks to queue
[2026-03-28T18:58:50.740+0500] {logging_mixin.py:188} INFO - [2026-03-28T18:58:50.740+0500] {dagbag.py:545} INFO - Filling up the DagBag from /home/abayturar/airflow-project/venv/lib/python3.12/site-packages/airflow/example_dags/example_branch_datetime_operator.py
[2026-03-28T18:58:50.750+0500] {processor.py:840} INFO - DAG(s) 'example_branch_datetime_operator', 'example_branch_datetime_operator_2', 'example_branch_datetime_operator_3' retrieved from /home/abayturar/airflow-project/venv/lib/python3.12/site-packages/airflow/example_dags/example_branch_datetime_operator.py
[2026-03-28T18:58:50.773+0500] {logging_mixin.py:188} INFO - [2026-03-28T18:58:50.772+0500] {dag.py:3089} INFO - Sync 3 DAGs
[2026-03-28T18:58:50.791+0500] {logging_mixin.py:188} INFO - [2026-03-28T18:58:50.791+0500] {dag.py:3947} INFO - Setting next_dagrun for example_branch_datetime_operator to 2026-03-27 00:00:00+00:00, run_after=2026-03-28 00:00:00+00:00
[2026-03-28T18:58:50.795+0500] {logging_mixin.py:188} INFO - [2026-03-28T18:58:50.794+0500] {dag.py:3947} INFO - Setting next_dagrun for example_branch_datetime_operator_2 to 2026-03-27 00:00:00+00:00, run_after=2026-03-28 00:00:00+00:00
[2026-03-28T18:58:50.796+0500] {logging_mixin.py:188} INFO - [2026-03-28T18:58:50.796+0500] {dag.py:3947} INFO - Setting next_dagrun for example_branch_datetime_operator_3 to 2026-03-27 00:00:00+00:00, run_after=2026-03-28 00:00:00+00:00
[2026-03-28T18:58:50.814+0500] {processor.py:183} INFO - Processing /home/abayturar/airflow-project/venv/lib/python3.12/site-packages/airflow/example_dags/example_branch_datetime_operator.py took 0.084 seconds
[2026-03-28T19:00:02.862+0500] {processor.py:161} INFO - Started process (PID=24774) to work on /home/abayturar/airflow-project/venv/lib/python3.12/site-packages/airflow/example_dags/example_branch_datetime_operator.py
[2026-03-28T19:00:02.863+0500] {processor.py:830} INFO - Processing file /home/abayturar/airflow-project/venv/lib/python3.12/site-packages/airflow/example_dags/example_branch_datetime_operator.py for tasks to queue
[2026-03-28T19:00:02.865+0500] {logging_mixin.py:188} INFO - [2026-03-28T19:00:02.865+0500] {dagbag.py:545} INFO - Filling up the DagBag from /home/abayturar/airflow-project/venv/lib/python3.12/site-packages/airflow/example_dags/example_branch_datetime_operator.py
[2026-03-28T19:00:02.875+0500] {processor.py:840} INFO - DAG(s) 'example_branch_datetime_operator_2', 'example_branch_datetime_operator', 'example_branch_datetime_operator_3' retrieved from /home/abayturar/airflow-project/venv/lib/python3.12/site-packages/airflow/example_dags/example_branch_datetime_operator.py
[2026-03-28T19:00:02.894+0500] {logging_mixin.py:188} INFO - [2026-03-28T19:00:02.894+0500] {dag.py:3089} INFO - Sync 3 DAGs
[2026-03-28T19:00:02.908+0500] {logging_mixin.py:188} INFO - [2026-03-28T19:00:02.907+0500] {dag.py:3947} INFO - Setting next_dagrun for example_branch_datetime_operator to 2026-03-27 00:00:00+00:00, run_after=2026-03-28 00:00:00+00:00
[2026-03-28T19:00:02.910+0500] {logging_mixin.py:188} INFO - [2026-03-28T19:00:02.910+0500] {dag.py:3947} INFO - Setting next_dagrun for example_branch_datetime_operator_2 to 2026-03-27 00:00:00+00:00, run_after=2026-03-28 00:00:00+00:00
[2026-03-28T19:00:02.912+0500] {logging_mixin.py:188} INFO - [2026-03-28T19:00:02.911+0500] {dag.py:3947} INFO - Setting next_dagrun for example_branch_datetime_operator_3 to 2026-03-27 00:00:00+00:00, run_after=2026-03-28 00:00:00+00:00
[2026-03-28T19:00:02.926+0500] {processor.py:183} INFO - Processing /home/abayturar/airflow-project/venv/lib/python3.12/site-packages/airflow/example_dags/example_branch_datetime_operator.py took 0.071 seconds
[2026-03-28T19:01:11.199+0500] {processor.py:161} INFO - Started process (PID=24954) to work on /home/abayturar/airflow-project/venv/lib/python3.12/site-packages/airflow/example_dags/example_branch_datetime_operator.py
[2026-03-28T19:01:11.199+0500] {processor.py:830} INFO - Processing file /home/abayturar/airflow-project/venv/lib/python3.12/site-packages/airflow/example_dags/example_branch_datetime_operator.py for tasks to queue
[2026-03-28T19:01:11.201+0500] {logging_mixin.py:188} INFO - [2026-03-28T19:01:11.201+0500] {dagbag.py:545} INFO - Filling up the DagBag from /home/abayturar/airflow-project/venv/lib/python3.12/site-packages/airflow/example_dags/example_branch_datetime_operator.py
[2026-03-28T19:01:11.210+0500] {processor.py:840} INFO - DAG(s) 'example_branch_datetime_operator_2', 'example_branch_datetime_operator', 'example_branch_datetime_operator_3' retrieved from /home/abayturar/airflow-project/venv/lib/python3.12/site-packages/airflow/example_dags/example_branch_datetime_operator.py
[2026-03-28T19:01:11.230+0500] {logging_mixin.py:188} INFO - [2026-03-28T19:01:11.230+0500] {dag.py:3089} INFO - Sync 3 DAGs
[2026-03-28T19:01:11.245+0500] {logging_mixin.py:188} INFO - [2026-03-28T19:01:11.245+0500] {dag.py:3947} INFO - Setting next_dagrun for example_branch_datetime_operator to 2026-03-27 00:00:00+00:00, run_after=2026-03-28 00:00:00+00:00
[2026-03-28T19:01:11.248+0500] {logging_mixin.py:188} INFO - [2026-03-28T19:01:11.248+0500] {dag.py:3947} INFO - Setting next_dagrun for example_branch_datetime_operator_2 to 2026-03-27 00:00:00+00:00, run_after=2026-03-28 00:00:00+00:00
[2026-03-28T19:01:11.249+0500] {logging_mixin.py:188} INFO - [2026-03-28T19:01:11.249+0500] {dag.py:3947} INFO - Setting next_dagrun for example_branch_datetime_operator_3 to 2026-03-27 00:00:00+00:00, run_after=2026-03-28 00:00:00+00:00
[2026-03-28T19:01:11.279+0500] {processor.py:183} INFO - Processing /home/abayturar/airflow-project/venv/lib/python3.12/site-packages/airflow/example_dags/example_branch_datetime_operator.py took 0.086 seconds
[2026-03-28T19:02:22.058+0500] {processor.py:161} INFO - Started process (PID=25147) to work on /home/abayturar/airflow-project/venv/lib/python3.12/site-packages/airflow/example_dags/example_branch_datetime_operator.py
[2026-03-28T19:02:22.059+0500] {processor.py:830} INFO - Processing file /home/abayturar/airflow-project/venv/lib/python3.12/site-packages/airflow/example_dags/example_branch_datetime_operator.py for tasks to queue
[2026-03-28T19:02:22.061+0500] {logging_mixin.py:188} INFO - [2026-03-28T19:02:22.060+0500] {dagbag.py:545} INFO - Filling up the DagBag from /home/abayturar/airflow-project/venv/lib/python3.12/site-packages/airflow/example_dags/example_branch_datetime_operator.py
[2026-03-28T19:02:22.069+0500] {processor.py:840} INFO - DAG(s) 'example_branch_datetime_operator', 'example_branch_datetime_operator_2', 'example_branch_datetime_operator_3' retrieved from /home/abayturar/airflow-project/venv/lib/python3.12/site-packages/airflow/example_dags/example_branch_datetime_operator.py
[2026-03-28T19:02:22.088+0500] {logging_mixin.py:188} INFO - [2026-03-28T19:02:22.088+0500] {dag.py:3089} INFO - Sync 3 DAGs
[2026-03-28T19:02:22.104+0500] {logging_mixin.py:188} INFO - [2026-03-28T19:02:22.104+0500] {dag.py:3947} INFO - Setting next_dagrun for example_branch_datetime_operator to 2026-03-27 00:00:00+00:00, run_after=2026-03-28 00:00:00+00:00
[2026-03-28T19:02:22.107+0500] {logging_mixin.py:188} INFO - [2026-03-28T19:02:22.107+0500] {dag.py:3947} INFO - Setting next_dagrun for example_branch_datetime_operator_2 to 2026-03-27 00:00:00+00:00, run_after=2026-03-28 00:00:00+00:00
[2026-03-28T19:02:22.108+0500] {logging_mixin.py:188} INFO - [2026-03-28T19:02:22.108+0500] {dag.py:3947} INFO - Setting next_dagrun for example_branch_datetime_operator_3 to 2026-03-27 00:00:00+00:00, run_after=2026-03-28 00:00:00+00:00
[2026-03-28T19:02:22.136+0500] {processor.py:183} INFO - Processing /home/abayturar/airflow-project/venv/lib/python3.12/site-packages/airflow/example_dags/example_branch_datetime_operator.py took 0.084 seconds
[2026-03-28T19:03:24.442+0500] {processor.py:161} INFO - Started process (PID=25315) to work on /home/abayturar/airflow-project/venv/lib/python3.12/site-packages/airflow/example_dags/example_branch_datetime_operator.py
[2026-03-28T19:03:24.443+0500] {processor.py:830} INFO - Processing file /home/abayturar/airflow-project/venv/lib/python3.12/site-packages/airflow/example_dags/example_branch_datetime_operator.py for tasks to queue
[2026-03-28T19:03:24.445+0500] {logging_mixin.py:188} INFO - [2026-03-28T19:03:24.444+0500] {dagbag.py:545} INFO - Filling up the DagBag from /home/abayturar/airflow-project/venv/lib/python3.12/site-packages/airflow/example_dags/example_branch_datetime_operator.py
[2026-03-28T19:03:24.454+0500] {processor.py:840} INFO - DAG(s) 'example_branch_datetime_operator_3', 'example_branch_datetime_operator', 'example_branch_datetime_operator_2' retrieved from /home/abayturar/airflow-project/venv/lib/python3.12/site-packages/airflow/example_dags/example_branch_datetime_operator.py
[2026-03-28T19:03:24.476+0500] {logging_mixin.py:188} INFO - [2026-03-28T19:03:24.476+0500] {dag.py:3089} INFO - Sync 3 DAGs
[2026-03-28T19:03:24.493+0500] {logging_mixin.py:188} INFO - [2026-03-28T19:03:24.493+0500] {dag.py:3947} INFO - Setting next_dagrun for example_branch_datetime_operator to 2026-03-27 00:00:00+00:00, run_after=2026-03-28 00:00:00+00:00
[2026-03-28T19:03:24.496+0500] {logging_mixin.py:188} INFO - [2026-03-28T19:03:24.496+0500] {dag.py:3947} INFO - Setting next_dagrun for example_branch_datetime_operator_2 to 2026-03-27 00:00:00+00:00, run_after=2026-03-28 00:00:00+00:00
[2026-03-28T19:03:24.498+0500] {logging_mixin.py:188} INFO - [2026-03-28T19:03:24.498+0500] {dag.py:3947} INFO - Setting next_dagrun for example_branch_datetime_operator_3 to 2026-03-27 00:00:00+00:00, run_after=2026-03-28 00:00:00+00:00
[2026-03-28T19:03:24.529+0500] {processor.py:183} INFO - Processing /home/abayturar/airflow-project/venv/lib/python3.12/site-packages/airflow/example_dags/example_branch_datetime_operator.py took 0.094 seconds
[2026-03-28T19:04:36.613+0500] {processor.py:161} INFO - Started process (PID=25511) to work on /home/abayturar/airflow-project/venv/lib/python3.12/site-packages/airflow/example_dags/example_branch_datetime_operator.py
[2026-03-28T19:04:36.614+0500] {processor.py:830} INFO - Processing file /home/abayturar/airflow-project/venv/lib/python3.12/site-packages/airflow/example_dags/example_branch_datetime_operator.py for tasks to queue
[2026-03-28T19:04:36.615+0500] {logging_mixin.py:188} INFO - [2026-03-28T19:04:36.615+0500] {dagbag.py:545} INFO - Filling up the DagBag from /home/abayturar/airflow-project/venv/lib/python3.12/site-packages/airflow/example_dags/example_branch_datetime_operator.py
[2026-03-28T19:04:36.625+0500] {processor.py:840} INFO - DAG(s) 'example_branch_datetime_operator', 'example_branch_datetime_operator_2', 'example_branch_datetime_operator_3' retrieved from /home/abayturar/airflow-project/venv/lib/python3.12/site-packages/airflow/example_dags/example_branch_datetime_operator.py
[2026-03-28T19:04:36.644+0500] {logging_mixin.py:188} INFO - [2026-03-28T19:04:36.644+0500] {dag.py:3089} INFO - Sync 3 DAGs
[2026-03-28T19:04:36.658+0500] {logging_mixin.py:188} INFO - [2026-03-28T19:04:36.658+0500] {dag.py:3947} INFO - Setting next_dagrun for example_branch_datetime_operator to 2026-03-27 00:00:00+00:00, run_after=2026-03-28 00:00:00+00:00
[2026-03-28T19:04:36.660+0500] {logging_mixin.py:188} INFO - [2026-03-28T19:04:36.660+0500] {dag.py:3947} INFO - Setting next_dagrun for example_branch_datetime_operator_2 to 2026-03-27 00:00:00+00:00, run_after=2026-03-28 00:00:00+00:00
[2026-03-28T19:04:36.661+0500] {logging_mixin.py:188} INFO - [2026-03-28T19:04:36.661+0500] {dag.py:3947} INFO - Setting next_dagrun for example_branch_datetime_operator_3 to 2026-03-27 00:00:00+00:00, run_after=2026-03-28 00:00:00+00:00
[2026-03-28T19:04:36.686+0500] {processor.py:183} INFO - Processing /home/abayturar/airflow-project/venv/lib/python3.12/site-packages/airflow/example_dags/example_branch_datetime_operator.py took 0.080 seconds
[2026-03-28T19:05:41.300+0500] {processor.py:161} INFO - Started process (PID=25684) to work on /home/abayturar/airflow-project/venv/lib/python3.12/site-packages/airflow/example_dags/example_branch_datetime_operator.py
[2026-03-28T19:05:41.301+0500] {processor.py:830} INFO - Processing file /home/abayturar/airflow-project/venv/lib/python3.12/site-packages/airflow/example_dags/example_branch_datetime_operator.py for tasks to queue
[2026-03-28T19:05:41.303+0500] {logging_mixin.py:188} INFO - [2026-03-28T19:05:41.302+0500] {dagbag.py:545} INFO - Filling up the DagBag from /home/abayturar/airflow-project/venv/lib/python3.12/site-packages/airflow/example_dags/example_branch_datetime_operator.py
[2026-03-28T19:05:41.312+0500] {processor.py:840} INFO - DAG(s) 'example_branch_datetime_operator', 'example_branch_datetime_operator_2', 'example_branch_datetime_operator_3' retrieved from /home/abayturar/airflow-project/venv/lib/python3.12/site-packages/airflow/example_dags/example_branch_datetime_operator.py
[2026-03-28T19:05:41.330+0500] {logging_mixin.py:188} INFO - [2026-03-28T19:05:41.329+0500] {dag.py:3089} INFO - Sync 3 DAGs
[2026-03-28T19:05:41.343+0500] {logging_mixin.py:188} INFO - [2026-03-28T19:05:41.343+0500] {dag.py:3947} INFO - Setting next_dagrun for example_branch_datetime_operator to 2026-03-27 00:00:00+00:00, run_after=2026-03-28 00:00:00+00:00
[2026-03-28T19:05:41.346+0500] {logging_mixin.py:188} INFO - [2026-03-28T19:05:41.346+0500] {dag.py:3947} INFO - Setting next_dagrun for example_branch_datetime_operator_2 to 2026-03-27 00:00:00+00:00, run_after=2026-03-28 00:00:00+00:00
[2026-03-28T19:05:41.347+0500] {logging_mixin.py:188} INFO - [2026-03-28T19:05:41.347+0500] {dag.py:3947} INFO - Setting next_dagrun for example_branch_datetime_operator_3 to 2026-03-27 00:00:00+00:00, run_after=2026-03-28 00:00:00+00:00
[2026-03-28T19:05:41.371+0500] {processor.py:183} INFO - Processing /home/abayturar/airflow-project/venv/lib/python3.12/site-packages/airflow/example_dags/example_branch_datetime_operator.py took 0.077 seconds
[2026-03-28T19:06:45.206+0500] {processor.py:161} INFO - Started process (PID=25861) to work on /home/abayturar/airflow-project/venv/lib/python3.12/site-packages/airflow/example_dags/example_branch_datetime_operator.py
[2026-03-28T19:06:45.207+0500] {processor.py:830} INFO - Processing file /home/abayturar/airflow-project/venv/lib/python3.12/site-packages/airflow/example_dags/example_branch_datetime_operator.py for tasks to queue
[2026-03-28T19:06:45.211+0500] {logging_mixin.py:188} INFO - [2026-03-28T19:06:45.211+0500] {dagbag.py:545} INFO - Filling up the DagBag from /home/abayturar/airflow-project/venv/lib/python3.12/site-packages/airflow/example_dags/example_branch_datetime_operator.py
[2026-03-28T19:06:45.228+0500] {processor.py:840} INFO - DAG(s) 'example_branch_datetime_operator', 'example_branch_datetime_operator_2', 'example_branch_datetime_operator_3' retrieved from /home/abayturar/airflow-project/venv/lib/python3.12/site-packages/airflow/example_dags/example_branch_datetime_operator.py
[2026-03-28T19:06:45.257+0500] {logging_mixin.py:188} INFO - [2026-03-28T19:06:45.256+0500] {dag.py:3089} INFO - Sync 3 DAGs
[2026-03-28T19:06:45.279+0500] {logging_mixin.py:188} INFO - [2026-03-28T19:06:45.279+0500] {dag.py:3947} INFO - Setting next_dagrun for example_branch_datetime_operator to 2026-03-27 00:00:00+00:00, run_after=2026-03-28 00:00:00+00:00
[2026-03-28T19:06:45.282+0500] {logging_mixin.py:188} INFO - [2026-03-28T19:06:45.282+0500] {dag.py:3947} INFO - Setting next_dagrun for example_branch_datetime_operator_2 to 2026-03-27 00:00:00+00:00, run_after=2026-03-28 00:00:00+00:00
[2026-03-28T19:06:45.286+0500] {logging_mixin.py:188} INFO - [2026-03-28T19:06:45.285+0500] {dag.py:3947} INFO - Setting next_dagrun for example_branch_datetime_operator_3 to 2026-03-27 00:00:00+00:00, run_after=2026-03-28 00:00:00+00:00
[2026-03-28T19:06:45.312+0500] {processor.py:183} INFO - Processing /home/abayturar/airflow-project/venv/lib/python3.12/site-packages/airflow/example_dags/example_branch_datetime_operator.py took 0.115 seconds
[2026-03-28T19:07:57.064+0500] {processor.py:161} INFO - Started process (PID=26049) to work on /home/abayturar/airflow-project/venv/lib/python3.12/site-packages/airflow/example_dags/example_branch_datetime_operator.py
[2026-03-28T19:07:57.065+0500] {processor.py:830} INFO - Processing file /home/abayturar/airflow-project/venv/lib/python3.12/site-packages/airflow/example_dags/example_branch_datetime_operator.py for tasks to queue
[2026-03-28T19:07:57.067+0500] {logging_mixin.py:188} INFO - [2026-03-28T19:07:57.067+0500] {dagbag.py:545} INFO - Filling up the DagBag from /home/abayturar/airflow-project/venv/lib/python3.12/site-packages/airflow/example_dags/example_branch_datetime_operator.py
[2026-03-28T19:07:57.076+0500] {processor.py:840} INFO - DAG(s) 'example_branch_datetime_operator_3', 'example_branch_datetime_operator', 'example_branch_datetime_operator_2' retrieved from /home/abayturar/airflow-project/venv/lib/python3.12/site-packages/airflow/example_dags/example_branch_datetime_operator.py
[2026-03-28T19:07:57.096+0500] {logging_mixin.py:188} INFO - [2026-03-28T19:07:57.096+0500] {dag.py:3089} INFO - Sync 3 DAGs
[2026-03-28T19:07:57.111+0500] {logging_mixin.py:188} INFO - [2026-03-28T19:07:57.111+0500] {dag.py:3947} INFO - Setting next_dagrun for example_branch_datetime_operator to 2026-03-27 00:00:00+00:00, run_after=2026-03-28 00:00:00+00:00
[2026-03-28T19:07:57.114+0500] {logging_mixin.py:188} INFO - [2026-03-28T19:07:57.114+0500] {dag.py:3947} INFO - Setting next_dagrun for example_branch_datetime_operator_2 to 2026-03-27 00:00:00+00:00, run_after=2026-03-28 00:00:00+00:00
[2026-03-28T19:07:57.115+0500] {logging_mixin.py:188} INFO - [2026-03-28T19:07:57.115+0500] {dag.py:3947} INFO - Setting next_dagrun for example_branch_datetime_operator_3 to 2026-03-27 00:00:00+00:00, run_after=2026-03-28 00:00:00+00:00
[2026-03-28T19:07:57.141+0500] {processor.py:183} INFO - Processing /home/abayturar/airflow-project/venv/lib/python3.12/site-packages/airflow/example_dags/example_branch_datetime_operator.py took 0.083 seconds
[2026-03-28T19:09:09.393+0500] {processor.py:161} INFO - Started process (PID=26245) to work on /home/abayturar/airflow-project/venv/lib/python3.12/site-packages/airflow/example_dags/example_branch_datetime_operator.py
[2026-03-28T19:09:09.394+0500] {processor.py:830} INFO - Processing file /home/abayturar/airflow-project/venv/lib/python3.12/site-packages/airflow/example_dags/example_branch_datetime_operator.py for tasks to queue
[2026-03-28T19:09:09.395+0500] {logging_mixin.py:188} INFO - [2026-03-28T19:09:09.395+0500] {dagbag.py:545} INFO - Filling up the DagBag from /home/abayturar/airflow-project/venv/lib/python3.12/site-packages/airflow/example_dags/example_branch_datetime_operator.py
[2026-03-28T19:09:09.404+0500] {processor.py:840} INFO - DAG(s) 'example_branch_datetime_operator', 'example_branch_datetime_operator_3', 'example_branch_datetime_operator_2' retrieved from /home/abayturar/airflow-project/venv/lib/python3.12/site-packages/airflow/example_dags/example_branch_datetime_operator.py
[2026-03-28T19:09:09.423+0500] {logging_mixin.py:188} INFO - [2026-03-28T19:09:09.423+0500] {dag.py:3089} INFO - Sync 3 DAGs
[2026-03-28T19:09:09.438+0500] {logging_mixin.py:188} INFO - [2026-03-28T19:09:09.438+0500] {dag.py:3947} INFO - Setting next_dagrun for example_branch_datetime_operator to 2026-03-27 00:00:00+00:00, run_after=2026-03-28 00:00:00+00:00
[2026-03-28T19:09:09.441+0500] {logging_mixin.py:188} INFO - [2026-03-28T19:09:09.440+0500] {dag.py:3947} INFO - Setting next_dagrun for example_branch_datetime_operator_2 to 2026-03-27 00:00:00+00:00, run_after=2026-03-28 00:00:00+00:00
[2026-03-28T19:09:09.442+0500] {logging_mixin.py:188} INFO - [2026-03-28T19:09:09.442+0500] {dag.py:3947} INFO - Setting next_dagrun for example_branch_datetime_operator_3 to 2026-03-27 00:00:00+00:00, run_after=2026-03-28 00:00:00+00:00
[2026-03-28T19:09:09.468+0500] {processor.py:183} INFO - Processing /home/abayturar/airflow-project/venv/lib/python3.12/site-packages/airflow/example_dags/example_branch_datetime_operator.py took 0.081 seconds
[2026-03-28T19:10:16.793+0500] {processor.py:161} INFO - Started process (PID=26425) to work on /home/abayturar/airflow-project/venv/lib/python3.12/site-packages/airflow/example_dags/example_branch_datetime_operator.py
[2026-03-28T19:10:16.794+0500] {processor.py:830} INFO - Processing file /home/abayturar/airflow-project/venv/lib/python3.12/site-packages/airflow/example_dags/example_branch_datetime_operator.py for tasks to queue
[2026-03-28T19:10:16.796+0500] {logging_mixin.py:188} INFO - [2026-03-28T19:10:16.795+0500] {dagbag.py:545} INFO - Filling up the DagBag from /home/abayturar/airflow-project/venv/lib/python3.12/site-packages/airflow/example_dags/example_branch_datetime_operator.py
[2026-03-28T19:10:16.805+0500] {processor.py:840} INFO - DAG(s) 'example_branch_datetime_operator', 'example_branch_datetime_operator_2', 'example_branch_datetime_operator_3' retrieved from /home/abayturar/airflow-project/venv/lib/python3.12/site-packages/airflow/example_dags/example_branch_datetime_operator.py
[2026-03-28T19:10:16.826+0500] {logging_mixin.py:188} INFO - [2026-03-28T19:10:16.826+0500] {dag.py:3089} INFO - Sync 3 DAGs
[2026-03-28T19:10:16.841+0500] {logging_mixin.py:188} INFO - [2026-03-28T19:10:16.841+0500] {dag.py:3947} INFO - Setting next_dagrun for example_branch_datetime_operator to 2026-03-27 00:00:00+00:00, run_after=2026-03-28 00:00:00+00:00
[2026-03-28T19:10:16.844+0500] {logging_mixin.py:188} INFO - [2026-03-28T19:10:16.844+0500] {dag.py:3947} INFO - Setting next_dagrun for example_branch_datetime_operator_2 to 2026-03-27 00:00:00+00:00, run_after=2026-03-28 00:00:00+00:00
[2026-03-28T19:10:16.845+0500] {logging_mixin.py:188} INFO - [2026-03-28T19:10:16.845+0500] {dag.py:3947} INFO - Setting next_dagrun for example_branch_datetime_operator_3 to 2026-03-27 00:00:00+00:00, run_after=2026-03-28 00:00:00+00:00
[2026-03-28T19:10:16.871+0500] {processor.py:183} INFO - Processing /home/abayturar/airflow-project/venv/lib/python3.12/site-packages/airflow/example_dags/example_branch_datetime_operator.py took 0.084 seconds
[2026-03-28T19:11:28.657+0500] {processor.py:161} INFO - Started process (PID=26620) to work on /home/abayturar/airflow-project/venv/lib/python3.12/site-packages/airflow/example_dags/example_branch_datetime_operator.py
[2026-03-28T19:11:28.658+0500] {processor.py:830} INFO - Processing file /home/abayturar/airflow-project/venv/lib/python3.12/site-packages/airflow/example_dags/example_branch_datetime_operator.py for tasks to queue
[2026-03-28T19:11:28.660+0500] {logging_mixin.py:188} INFO - [2026-03-28T19:11:28.660+0500] {dagbag.py:545} INFO - Filling up the DagBag from /home/abayturar/airflow-project/venv/lib/python3.12/site-packages/airflow/example_dags/example_branch_datetime_operator.py
[2026-03-28T19:11:28.670+0500] {processor.py:840} INFO - DAG(s) 'example_branch_datetime_operator_3', 'example_branch_datetime_operator_2', 'example_branch_datetime_operator' retrieved from /home/abayturar/airflow-project/venv/lib/python3.12/site-packages/airflow/example_dags/example_branch_datetime_operator.py
[2026-03-28T19:11:28.692+0500] {logging_mixin.py:188} INFO - [2026-03-28T19:11:28.692+0500] {dag.py:3089} INFO - Sync 3 DAGs
[2026-03-28T19:11:28.709+0500] {logging_mixin.py:188} INFO - [2026-03-28T19:11:28.709+0500] {dag.py:3947} INFO - Setting next_dagrun for example_branch_datetime_operator to 2026-03-27 00:00:00+00:00, run_after=2026-03-28 00:00:00+00:00
[2026-03-28T19:11:28.712+0500] {logging_mixin.py:188} INFO - [2026-03-28T19:11:28.712+0500] {dag.py:3947} INFO - Setting next_dagrun for example_branch_datetime_operator_2 to 2026-03-27 00:00:00+00:00, run_after=2026-03-28 00:00:00+00:00
[2026-03-28T19:11:28.713+0500] {logging_mixin.py:188} INFO - [2026-03-28T19:11:28.713+0500] {dag.py:3947} INFO - Setting next_dagrun for example_branch_datetime_operator_3 to 2026-03-27 00:00:00+00:00, run_after=2026-03-28 00:00:00+00:00
[2026-03-28T19:11:28.728+0500] {processor.py:183} INFO - Processing /home/abayturar/airflow-project/venv/lib/python3.12/site-packages/airflow/example_dags/example_branch_datetime_operator.py took 0.078 seconds
[2026-03-28T19:12:39.727+0500] {processor.py:161} INFO - Started process (PID=26805) to work on /home/abayturar/airflow-project/venv/lib/python3.12/site-packages/airflow/example_dags/example_branch_datetime_operator.py
[2026-03-28T19:12:39.728+0500] {processor.py:830} INFO - Processing file /home/abayturar/airflow-project/venv/lib/python3.12/site-packages/airflow/example_dags/example_branch_datetime_operator.py for tasks to queue
[2026-03-28T19:12:39.730+0500] {logging_mixin.py:188} INFO - [2026-03-28T19:12:39.729+0500] {dagbag.py:545} INFO - Filling up the DagBag from /home/abayturar/airflow-project/venv/lib/python3.12/site-packages/airflow/example_dags/example_branch_datetime_operator.py
[2026-03-28T19:12:39.739+0500] {processor.py:840} INFO - DAG(s) 'example_branch_datetime_operator', 'example_branch_datetime_operator_2', 'example_branch_datetime_operator_3' retrieved from /home/abayturar/airflow-project/venv/lib/python3.12/site-packages/airflow/example_dags/example_branch_datetime_operator.py
[2026-03-28T19:12:39.758+0500] {logging_mixin.py:188} INFO - [2026-03-28T19:12:39.758+0500] {dag.py:3089} INFO - Sync 3 DAGs
[2026-03-28T19:12:39.773+0500] {logging_mixin.py:188} INFO - [2026-03-28T19:12:39.772+0500] {dag.py:3947} INFO - Setting next_dagrun for example_branch_datetime_operator to 2026-03-27 00:00:00+00:00, run_after=2026-03-28 00:00:00+00:00
[2026-03-28T19:12:39.775+0500] {logging_mixin.py:188} INFO - [2026-03-28T19:12:39.775+0500] {dag.py:3947} INFO - Setting next_dagrun for example_branch_datetime_operator_2 to 2026-03-27 00:00:00+00:00, run_after=2026-03-28 00:00:00+00:00
[2026-03-28T19:12:39.776+0500] {logging_mixin.py:188} INFO - [2026-03-28T19:12:39.776+0500] {dag.py:3947} INFO - Setting next_dagrun for example_branch_datetime_operator_3 to 2026-03-27 00:00:00+00:00, run_after=2026-03-28 00:00:00+00:00
[2026-03-28T19:12:39.802+0500] {processor.py:183} INFO - Processing /home/abayturar/airflow-project/venv/lib/python3.12/site-packages/airflow/example_dags/example_branch_datetime_operator.py took 0.082 seconds
[2026-03-28T19:13:50.152+0500] {processor.py:161} INFO - Started process (PID=26996) to work on /home/abayturar/airflow-project/venv/lib/python3.12/site-packages/airflow/example_dags/example_branch_datetime_operator.py
[2026-03-28T19:13:50.153+0500] {processor.py:830} INFO - Processing file /home/abayturar/airflow-project/venv/lib/python3.12/site-packages/airflow/example_dags/example_branch_datetime_operator.py for tasks to queue
[2026-03-28T19:13:50.155+0500] {logging_mixin.py:188} INFO - [2026-03-28T19:13:50.154+0500] {dagbag.py:545} INFO - Filling up the DagBag from /home/abayturar/airflow-project/venv/lib/python3.12/site-packages/airflow/example_dags/example_branch_datetime_operator.py
[2026-03-28T19:13:50.167+0500] {processor.py:840} INFO - DAG(s) 'example_branch_datetime_operator', 'example_branch_datetime_operator_2', 'example_branch_datetime_operator_3' retrieved from /home/abayturar/airflow-project/venv/lib/python3.12/site-packages/airflow/example_dags/example_branch_datetime_operator.py
[2026-03-28T19:13:50.194+0500] {logging_mixin.py:188} INFO - [2026-03-28T19:13:50.194+0500] {dag.py:3089} INFO - Sync 3 DAGs
[2026-03-28T19:13:50.214+0500] {logging_mixin.py:188} INFO - [2026-03-28T19:13:50.214+0500] {dag.py:3947} INFO - Setting next_dagrun for example_branch_datetime_operator to 2026-03-27 00:00:00+00:00, run_after=2026-03-28 00:00:00+00:00
[2026-03-28T19:13:50.218+0500] {logging_mixin.py:188} INFO - [2026-03-28T19:13:50.218+0500] {dag.py:3947} INFO - Setting next_dagrun for example_branch_datetime_operator_2 to 2026-03-27 00:00:00+00:00, run_after=2026-03-28 00:00:00+00:00
[2026-03-28T19:13:50.219+0500] {logging_mixin.py:188} INFO - [2026-03-28T19:13:50.219+0500] {dag.py:3947} INFO - Setting next_dagrun for example_branch_datetime_operator_3 to 2026-03-27 00:00:00+00:00, run_after=2026-03-28 00:00:00+00:00
[2026-03-28T19:13:50.253+0500] {processor.py:183} INFO - Processing /home/abayturar/airflow-project/venv/lib/python3.12/site-packages/airflow/example_dags/example_branch_datetime_operator.py took 0.111 seconds
[2026-03-28T19:15:02.563+0500] {processor.py:161} INFO - Started process (PID=27191) to work on /home/abayturar/airflow-project/venv/lib/python3.12/site-packages/airflow/example_dags/example_branch_datetime_operator.py
[2026-03-28T19:15:02.564+0500] {processor.py:830} INFO - Processing file /home/abayturar/airflow-project/venv/lib/python3.12/site-packages/airflow/example_dags/example_branch_datetime_operator.py for tasks to queue
[2026-03-28T19:15:02.566+0500] {logging_mixin.py:188} INFO - [2026-03-28T19:15:02.565+0500] {dagbag.py:545} INFO - Filling up the DagBag from /home/abayturar/airflow-project/venv/lib/python3.12/site-packages/airflow/example_dags/example_branch_datetime_operator.py
[2026-03-28T19:15:02.575+0500] {processor.py:840} INFO - DAG(s) 'example_branch_datetime_operator', 'example_branch_datetime_operator_3', 'example_branch_datetime_operator_2' retrieved from /home/abayturar/airflow-project/venv/lib/python3.12/site-packages/airflow/example_dags/example_branch_datetime_operator.py
[2026-03-28T19:15:02.594+0500] {logging_mixin.py:188} INFO - [2026-03-28T19:15:02.594+0500] {dag.py:3089} INFO - Sync 3 DAGs
[2026-03-28T19:15:02.608+0500] {logging_mixin.py:188} INFO - [2026-03-28T19:15:02.608+0500] {dag.py:3947} INFO - Setting next_dagrun for example_branch_datetime_operator to 2026-03-27 00:00:00+00:00, run_after=2026-03-28 00:00:00+00:00
[2026-03-28T19:15:02.611+0500] {logging_mixin.py:188} INFO - [2026-03-28T19:15:02.611+0500] {dag.py:3947} INFO - Setting next_dagrun for example_branch_datetime_operator_2 to 2026-03-27 00:00:00+00:00, run_after=2026-03-28 00:00:00+00:00
[2026-03-28T19:15:02.612+0500] {logging_mixin.py:188} INFO - [2026-03-28T19:15:02.612+0500] {dag.py:3947} INFO - Setting next_dagrun for example_branch_datetime_operator_3 to 2026-03-27 00:00:00+00:00, run_after=2026-03-28 00:00:00+00:00
[2026-03-28T19:15:02.626+0500] {processor.py:183} INFO - Processing /home/abayturar/airflow-project/venv/lib/python3.12/site-packages/airflow/example_dags/example_branch_datetime_operator.py took 0.070 seconds
[2026-03-28T19:16:09.190+0500] {processor.py:161} INFO - Started process (PID=27372) to work on /home/abayturar/airflow-project/venv/lib/python3.12/site-packages/airflow/example_dags/example_branch_datetime_operator.py
[2026-03-28T19:16:09.191+0500] {processor.py:830} INFO - Processing file /home/abayturar/airflow-project/venv/lib/python3.12/site-packages/airflow/example_dags/example_branch_datetime_operator.py for tasks to queue
[2026-03-28T19:16:09.193+0500] {logging_mixin.py:188} INFO - [2026-03-28T19:16:09.192+0500] {dagbag.py:545} INFO - Filling up the DagBag from /home/abayturar/airflow-project/venv/lib/python3.12/site-packages/airflow/example_dags/example_branch_datetime_operator.py
[2026-03-28T19:16:09.201+0500] {processor.py:840} INFO - DAG(s) 'example_branch_datetime_operator_3', 'example_branch_datetime_operator_2', 'example_branch_datetime_operator' retrieved from /home/abayturar/airflow-project/venv/lib/python3.12/site-packages/airflow/example_dags/example_branch_datetime_operator.py
[2026-03-28T19:16:09.220+0500] {logging_mixin.py:188} INFO - [2026-03-28T19:16:09.220+0500] {dag.py:3089} INFO - Sync 3 DAGs
[2026-03-28T19:16:09.235+0500] {logging_mixin.py:188} INFO - [2026-03-28T19:16:09.235+0500] {dag.py:3947} INFO - Setting next_dagrun for example_branch_datetime_operator to 2026-03-27 00:00:00+00:00, run_after=2026-03-28 00:00:00+00:00
[2026-03-28T19:16:09.238+0500] {logging_mixin.py:188} INFO - [2026-03-28T19:16:09.237+0500] {dag.py:3947} INFO - Setting next_dagrun for example_branch_datetime_operator_2 to 2026-03-27 00:00:00+00:00, run_after=2026-03-28 00:00:00+00:00
[2026-03-28T19:16:09.239+0500] {logging_mixin.py:188} INFO - [2026-03-28T19:16:09.239+0500] {dag.py:3947} INFO - Setting next_dagrun for example_branch_datetime_operator_3 to 2026-03-27 00:00:00+00:00, run_after=2026-03-28 00:00:00+00:00
[2026-03-28T19:16:09.263+0500] {processor.py:183} INFO - Processing /home/abayturar/airflow-project/venv/lib/python3.12/site-packages/airflow/example_dags/example_branch_datetime_operator.py took 0.079 seconds
[2026-03-28T19:17:19.740+0500] {processor.py:161} INFO - Started process (PID=27558) to work on /home/abayturar/airflow-project/venv/lib/python3.12/site-packages/airflow/example_dags/example_branch_datetime_operator.py
[2026-03-28T19:17:19.741+0500] {processor.py:830} INFO - Processing file /home/abayturar/airflow-project/venv/lib/python3.12/site-packages/airflow/example_dags/example_branch_datetime_operator.py for tasks to queue
[2026-03-28T19:17:19.743+0500] {logging_mixin.py:188} INFO - [2026-03-28T19:17:19.742+0500] {dagbag.py:545} INFO - Filling up the DagBag from /home/abayturar/airflow-project/venv/lib/python3.12/site-packages/airflow/example_dags/example_branch_datetime_operator.py
[2026-03-28T19:17:19.753+0500] {processor.py:840} INFO - DAG(s) 'example_branch_datetime_operator_2', 'example_branch_datetime_operator_3', 'example_branch_datetime_operator' retrieved from /home/abayturar/airflow-project/venv/lib/python3.12/site-packages/airflow/example_dags/example_branch_datetime_operator.py
[2026-03-28T19:17:19.773+0500] {logging_mixin.py:188} INFO - [2026-03-28T19:17:19.772+0500] {dag.py:3089} INFO - Sync 3 DAGs
[2026-03-28T19:17:19.787+0500] {logging_mixin.py:188} INFO - [2026-03-28T19:17:19.787+0500] {dag.py:3947} INFO - Setting next_dagrun for example_branch_datetime_operator to 2026-03-27 00:00:00+00:00, run_after=2026-03-28 00:00:00+00:00
[2026-03-28T19:17:19.790+0500] {logging_mixin.py:188} INFO - [2026-03-28T19:17:19.790+0500] {dag.py:3947} INFO - Setting next_dagrun for example_branch_datetime_operator_2 to 2026-03-27 00:00:00+00:00, run_after=2026-03-28 00:00:00+00:00
[2026-03-28T19:17:19.791+0500] {logging_mixin.py:188} INFO - [2026-03-28T19:17:19.791+0500] {dag.py:3947} INFO - Setting next_dagrun for example_branch_datetime_operator_3 to 2026-03-27 00:00:00+00:00, run_after=2026-03-28 00:00:00+00:00
[2026-03-28T19:17:19.817+0500] {processor.py:183} INFO - Processing /home/abayturar/airflow-project/venv/lib/python3.12/site-packages/airflow/example_dags/example_branch_datetime_operator.py took 0.083 seconds
[2026-03-28T19:18:26.096+0500] {processor.py:161} INFO - Started process (PID=27744) to work on /home/abayturar/airflow-project/venv/lib/python3.12/site-packages/airflow/example_dags/example_branch_datetime_operator.py
[2026-03-28T19:18:26.097+0500] {processor.py:830} INFO - Processing file /home/abayturar/airflow-project/venv/lib/python3.12/site-packages/airflow/example_dags/example_branch_datetime_operator.py for tasks to queue
[2026-03-28T19:18:26.098+0500] {logging_mixin.py:188} INFO - [2026-03-28T19:18:26.098+0500] {dagbag.py:545} INFO - Filling up the DagBag from /home/abayturar/airflow-project/venv/lib/python3.12/site-packages/airflow/example_dags/example_branch_datetime_operator.py
[2026-03-28T19:18:26.107+0500] {processor.py:840} INFO - DAG(s) 'example_branch_datetime_operator_2', 'example_branch_datetime_operator', 'example_branch_datetime_operator_3' retrieved from /home/abayturar/airflow-project/venv/lib/python3.12/site-packages/airflow/example_dags/example_branch_datetime_operator.py
[2026-03-28T19:18:26.125+0500] {logging_mixin.py:188} INFO - [2026-03-28T19:18:26.125+0500] {dag.py:3089} INFO - Sync 3 DAGs
[2026-03-28T19:18:26.139+0500] {logging_mixin.py:188} INFO - [2026-03-28T19:18:26.139+0500] {dag.py:3947} INFO - Setting next_dagrun for example_branch_datetime_operator to 2026-03-27 00:00:00+00:00, run_after=2026-03-28 00:00:00+00:00
[2026-03-28T19:18:26.141+0500] {logging_mixin.py:188} INFO - [2026-03-28T19:18:26.141+0500] {dag.py:3947} INFO - Setting next_dagrun for example_branch_datetime_operator_2 to 2026-03-27 00:00:00+00:00, run_after=2026-03-28 00:00:00+00:00
[2026-03-28T19:18:26.142+0500] {logging_mixin.py:188} INFO - [2026-03-28T19:18:26.142+0500] {dag.py:3947} INFO - Setting next_dagrun for example_branch_datetime_operator_3 to 2026-03-27 00:00:00+00:00, run_after=2026-03-28 00:00:00+00:00
[2026-03-28T19:18:26.169+0500] {processor.py:183} INFO - Processing /home/abayturar/airflow-project/venv/lib/python3.12/site-packages/airflow/example_dags/example_branch_datetime_operator.py took 0.079 seconds
[2026-03-28T19:19:34.992+0500] {processor.py:161} INFO - Started process (PID=27924) to work on /home/abayturar/airflow-project/venv/lib/python3.12/site-packages/airflow/example_dags/example_branch_datetime_operator.py
[2026-03-28T19:19:34.993+0500] {processor.py:830} INFO - Processing file /home/abayturar/airflow-project/venv/lib/python3.12/site-packages/airflow/example_dags/example_branch_datetime_operator.py for tasks to queue
[2026-03-28T19:19:34.995+0500] {logging_mixin.py:188} INFO - [2026-03-28T19:19:34.994+0500] {dagbag.py:545} INFO - Filling up the DagBag from /home/abayturar/airflow-project/venv/lib/python3.12/site-packages/airflow/example_dags/example_branch_datetime_operator.py
[2026-03-28T19:19:35.005+0500] {processor.py:840} INFO - DAG(s) 'example_branch_datetime_operator_3', 'example_branch_datetime_operator', 'example_branch_datetime_operator_2' retrieved from /home/abayturar/airflow-project/venv/lib/python3.12/site-packages/airflow/example_dags/example_branch_datetime_operator.py
[2026-03-28T19:19:35.024+0500] {logging_mixin.py:188} INFO - [2026-03-28T19:19:35.024+0500] {dag.py:3089} INFO - Sync 3 DAGs
[2026-03-28T19:19:35.040+0500] {logging_mixin.py:188} INFO - [2026-03-28T19:19:35.040+0500] {dag.py:3947} INFO - Setting next_dagrun for example_branch_datetime_operator to 2026-03-27 00:00:00+00:00, run_after=2026-03-28 00:00:00+00:00
[2026-03-28T19:19:35.043+0500] {logging_mixin.py:188} INFO - [2026-03-28T19:19:35.043+0500] {dag.py:3947} INFO - Setting next_dagrun for example_branch_datetime_operator_2 to 2026-03-27 00:00:00+00:00, run_after=2026-03-28 00:00:00+00:00
[2026-03-28T19:19:35.044+0500] {logging_mixin.py:188} INFO - [2026-03-28T19:19:35.044+0500] {dag.py:3947} INFO - Setting next_dagrun for example_branch_datetime_operator_3 to 2026-03-27 00:00:00+00:00, run_after=2026-03-28 00:00:00+00:00
[2026-03-28T19:19:35.074+0500] {processor.py:183} INFO - Processing /home/abayturar/airflow-project/venv/lib/python3.12/site-packages/airflow/example_dags/example_branch_datetime_operator.py took 0.089 seconds
[2026-03-28T19:20:46.445+0500] {processor.py:161} INFO - Started process (PID=28121) to work on /home/abayturar/airflow-project/venv/lib/python3.12/site-packages/airflow/example_dags/example_branch_datetime_operator.py
[2026-03-28T19:20:46.446+0500] {processor.py:830} INFO - Processing file /home/abayturar/airflow-project/venv/lib/python3.12/site-packages/airflow/example_dags/example_branch_datetime_operator.py for tasks to queue
[2026-03-28T19:20:46.448+0500] {logging_mixin.py:188} INFO - [2026-03-28T19:20:46.448+0500] {dagbag.py:545} INFO - Filling up the DagBag from /home/abayturar/airflow-project/venv/lib/python3.12/site-packages/airflow/example_dags/example_branch_datetime_operator.py
[2026-03-28T19:20:46.457+0500] {processor.py:840} INFO - DAG(s) 'example_branch_datetime_operator_2', 'example_branch_datetime_operator_3', 'example_branch_datetime_operator' retrieved from /home/abayturar/airflow-project/venv/lib/python3.12/site-packages/airflow/example_dags/example_branch_datetime_operator.py
[2026-03-28T19:20:46.476+0500] {logging_mixin.py:188} INFO - [2026-03-28T19:20:46.476+0500] {dag.py:3089} INFO - Sync 3 DAGs
[2026-03-28T19:20:46.491+0500] {logging_mixin.py:188} INFO - [2026-03-28T19:20:46.491+0500] {dag.py:3947} INFO - Setting next_dagrun for example_branch_datetime_operator to 2026-03-27 00:00:00+00:00, run_after=2026-03-28 00:00:00+00:00
[2026-03-28T19:20:46.493+0500] {logging_mixin.py:188} INFO - [2026-03-28T19:20:46.493+0500] {dag.py:3947} INFO - Setting next_dagrun for example_branch_datetime_operator_2 to 2026-03-27 00:00:00+00:00, run_after=2026-03-28 00:00:00+00:00
[2026-03-28T19:20:46.494+0500] {logging_mixin.py:188} INFO - [2026-03-28T19:20:46.494+0500] {dag.py:3947} INFO - Setting next_dagrun for example_branch_datetime_operator_3 to 2026-03-27 00:00:00+00:00, run_after=2026-03-28 00:00:00+00:00
[2026-03-28T19:20:46.521+0500] {processor.py:183} INFO - Processing /home/abayturar/airflow-project/venv/lib/python3.12/site-packages/airflow/example_dags/example_branch_datetime_operator.py took 0.081 seconds
[2026-03-28T19:21:53.443+0500] {processor.py:161} INFO - Started process (PID=28333) to work on /home/abayturar/airflow-project/venv/lib/python3.12/site-packages/airflow/example_dags/example_branch_datetime_operator.py
[2026-03-28T19:21:53.444+0500] {processor.py:830} INFO - Processing file /home/abayturar/airflow-project/venv/lib/python3.12/site-packages/airflow/example_dags/example_branch_datetime_operator.py for tasks to queue
[2026-03-28T19:21:53.445+0500] {logging_mixin.py:188} INFO - [2026-03-28T19:21:53.445+0500] {dagbag.py:545} INFO - Filling up the DagBag from /home/abayturar/airflow-project/venv/lib/python3.12/site-packages/airflow/example_dags/example_branch_datetime_operator.py
[2026-03-28T19:21:53.454+0500] {processor.py:840} INFO - DAG(s) 'example_branch_datetime_operator_2', 'example_branch_datetime_operator_3', 'example_branch_datetime_operator' retrieved from /home/abayturar/airflow-project/venv/lib/python3.12/site-packages/airflow/example_dags/example_branch_datetime_operator.py
[2026-03-28T19:21:53.473+0500] {logging_mixin.py:188} INFO - [2026-03-28T19:21:53.473+0500] {dag.py:3089} INFO - Sync 3 DAGs
[2026-03-28T19:21:53.488+0500] {logging_mixin.py:188} INFO - [2026-03-28T19:21:53.488+0500] {dag.py:3947} INFO - Setting next_dagrun for example_branch_datetime_operator to 2026-03-27 00:00:00+00:00, run_after=2026-03-28 00:00:00+00:00
[2026-03-28T19:21:53.490+0500] {logging_mixin.py:188} INFO - [2026-03-28T19:21:53.490+0500] {dag.py:3947} INFO - Setting next_dagrun for example_branch_datetime_operator_2 to 2026-03-27 00:00:00+00:00, run_after=2026-03-28 00:00:00+00:00
[2026-03-28T19:21:53.491+0500] {logging_mixin.py:188} INFO - [2026-03-28T19:21:53.491+0500] {dag.py:3947} INFO - Setting next_dagrun for example_branch_datetime_operator_3 to 2026-03-27 00:00:00+00:00, run_after=2026-03-28 00:00:00+00:00
[2026-03-28T19:21:53.516+0500] {processor.py:183} INFO - Processing /home/abayturar/airflow-project/venv/lib/python3.12/site-packages/airflow/example_dags/example_branch_datetime_operator.py took 0.079 seconds
[2026-03-28T19:22:57.149+0500] {processor.py:161} INFO - Started process (PID=28511) to work on /home/abayturar/airflow-project/venv/lib/python3.12/site-packages/airflow/example_dags/example_branch_datetime_operator.py
[2026-03-28T19:22:57.149+0500] {processor.py:830} INFO - Processing file /home/abayturar/airflow-project/venv/lib/python3.12/site-packages/airflow/example_dags/example_branch_datetime_operator.py for tasks to queue
[2026-03-28T19:22:57.151+0500] {logging_mixin.py:188} INFO - [2026-03-28T19:22:57.151+0500] {dagbag.py:545} INFO - Filling up the DagBag from /home/abayturar/airflow-project/venv/lib/python3.12/site-packages/airflow/example_dags/example_branch_datetime_operator.py
[2026-03-28T19:22:57.161+0500] {processor.py:840} INFO - DAG(s) 'example_branch_datetime_operator_2', 'example_branch_datetime_operator_3', 'example_branch_datetime_operator' retrieved from /home/abayturar/airflow-project/venv/lib/python3.12/site-packages/airflow/example_dags/example_branch_datetime_operator.py
[2026-03-28T19:22:57.182+0500] {logging_mixin.py:188} INFO - [2026-03-28T19:22:57.182+0500] {dag.py:3089} INFO - Sync 3 DAGs
[2026-03-28T19:22:57.203+0500] {logging_mixin.py:188} INFO - [2026-03-28T19:22:57.203+0500] {dag.py:3947} INFO - Setting next_dagrun for example_branch_datetime_operator to 2026-03-27 00:00:00+00:00, run_after=2026-03-28 00:00:00+00:00
[2026-03-28T19:22:57.207+0500] {logging_mixin.py:188} INFO - [2026-03-28T19:22:57.207+0500] {dag.py:3947} INFO - Setting next_dagrun for example_branch_datetime_operator_2 to 2026-03-27 00:00:00+00:00, run_after=2026-03-28 00:00:00+00:00
[2026-03-28T19:22:57.209+0500] {logging_mixin.py:188} INFO - [2026-03-28T19:22:57.209+0500] {dag.py:3947} INFO - Setting next_dagrun for example_branch_datetime_operator_3 to 2026-03-27 00:00:00+00:00, run_after=2026-03-28 00:00:00+00:00
[2026-03-28T19:22:57.228+0500] {processor.py:183} INFO - Processing /home/abayturar/airflow-project/venv/lib/python3.12/site-packages/airflow/example_dags/example_branch_datetime_operator.py took 0.086 seconds
[2026-03-28T19:24:07.234+0500] {processor.py:161} INFO - Started process (PID=28698) to work on /home/abayturar/airflow-project/venv/lib/python3.12/site-packages/airflow/example_dags/example_branch_datetime_operator.py
[2026-03-28T19:24:07.235+0500] {processor.py:830} INFO - Processing file /home/abayturar/airflow-project/venv/lib/python3.12/site-packages/airflow/example_dags/example_branch_datetime_operator.py for tasks to queue
[2026-03-28T19:24:07.237+0500] {logging_mixin.py:188} INFO - [2026-03-28T19:24:07.237+0500] {dagbag.py:545} INFO - Filling up the DagBag from /home/abayturar/airflow-project/venv/lib/python3.12/site-packages/airflow/example_dags/example_branch_datetime_operator.py
[2026-03-28T19:24:07.247+0500] {processor.py:840} INFO - DAG(s) 'example_branch_datetime_operator_2', 'example_branch_datetime_operator_3', 'example_branch_datetime_operator' retrieved from /home/abayturar/airflow-project/venv/lib/python3.12/site-packages/airflow/example_dags/example_branch_datetime_operator.py
[2026-03-28T19:24:07.267+0500] {logging_mixin.py:188} INFO - [2026-03-28T19:24:07.267+0500] {dag.py:3089} INFO - Sync 3 DAGs
[2026-03-28T19:24:07.282+0500] {logging_mixin.py:188} INFO - [2026-03-28T19:24:07.282+0500] {dag.py:3947} INFO - Setting next_dagrun for example_branch_datetime_operator to 2026-03-27 00:00:00+00:00, run_after=2026-03-28 00:00:00+00:00
[2026-03-28T19:24:07.285+0500] {logging_mixin.py:188} INFO - [2026-03-28T19:24:07.285+0500] {dag.py:3947} INFO - Setting next_dagrun for example_branch_datetime_operator_2 to 2026-03-27 00:00:00+00:00, run_after=2026-03-28 00:00:00+00:00
[2026-03-28T19:24:07.286+0500] {logging_mixin.py:188} INFO - [2026-03-28T19:24:07.286+0500] {dag.py:3947} INFO - Setting next_dagrun for example_branch_datetime_operator_3 to 2026-03-27 00:00:00+00:00, run_after=2026-03-28 00:00:00+00:00
[2026-03-28T19:24:07.313+0500] {processor.py:183} INFO - Processing /home/abayturar/airflow-project/venv/lib/python3.12/site-packages/airflow/example_dags/example_branch_datetime_operator.py took 0.085 seconds
[2026-03-28T19:25:16.881+0500] {processor.py:161} INFO - Started process (PID=28887) to work on /home/abayturar/airflow-project/venv/lib/python3.12/site-packages/airflow/example_dags/example_branch_datetime_operator.py
[2026-03-28T19:25:16.882+0500] {processor.py:830} INFO - Processing file /home/abayturar/airflow-project/venv/lib/python3.12/site-packages/airflow/example_dags/example_branch_datetime_operator.py for tasks to queue
[2026-03-28T19:25:16.883+0500] {logging_mixin.py:188} INFO - [2026-03-28T19:25:16.883+0500] {dagbag.py:545} INFO - Filling up the DagBag from /home/abayturar/airflow-project/venv/lib/python3.12/site-packages/airflow/example_dags/example_branch_datetime_operator.py
[2026-03-28T19:25:16.892+0500] {processor.py:840} INFO - DAG(s) 'example_branch_datetime_operator_2', 'example_branch_datetime_operator', 'example_branch_datetime_operator_3' retrieved from /home/abayturar/airflow-project/venv/lib/python3.12/site-packages/airflow/example_dags/example_branch_datetime_operator.py
[2026-03-28T19:25:16.911+0500] {logging_mixin.py:188} INFO - [2026-03-28T19:25:16.911+0500] {dag.py:3089} INFO - Sync 3 DAGs
[2026-03-28T19:25:16.925+0500] {logging_mixin.py:188} INFO - [2026-03-28T19:25:16.925+0500] {dag.py:3947} INFO - Setting next_dagrun for example_branch_datetime_operator to 2026-03-27 00:00:00+00:00, run_after=2026-03-28 00:00:00+00:00
[2026-03-28T19:25:16.928+0500] {logging_mixin.py:188} INFO - [2026-03-28T19:25:16.928+0500] {dag.py:3947} INFO - Setting next_dagrun for example_branch_datetime_operator_2 to 2026-03-27 00:00:00+00:00, run_after=2026-03-28 00:00:00+00:00
[2026-03-28T19:25:16.929+0500] {logging_mixin.py:188} INFO - [2026-03-28T19:25:16.929+0500] {dag.py:3947} INFO - Setting next_dagrun for example_branch_datetime_operator_3 to 2026-03-27 00:00:00+00:00, run_after=2026-03-28 00:00:00+00:00
[2026-03-28T19:25:16.955+0500] {processor.py:183} INFO - Processing /home/abayturar/airflow-project/venv/lib/python3.12/site-packages/airflow/example_dags/example_branch_datetime_operator.py took 0.080 seconds
[2026-03-28T19:26:24.973+0500] {processor.py:161} INFO - Started process (PID=29069) to work on /home/abayturar/airflow-project/venv/lib/python3.12/site-packages/airflow/example_dags/example_branch_datetime_operator.py
[2026-03-28T19:26:24.974+0500] {processor.py:830} INFO - Processing file /home/abayturar/airflow-project/venv/lib/python3.12/site-packages/airflow/example_dags/example_branch_datetime_operator.py for tasks to queue
[2026-03-28T19:26:24.976+0500] {logging_mixin.py:188} INFO - [2026-03-28T19:26:24.975+0500] {dagbag.py:545} INFO - Filling up the DagBag from /home/abayturar/airflow-project/venv/lib/python3.12/site-packages/airflow/example_dags/example_branch_datetime_operator.py
[2026-03-28T19:26:24.984+0500] {processor.py:840} INFO - DAG(s) 'example_branch_datetime_operator_2', 'example_branch_datetime_operator', 'example_branch_datetime_operator_3' retrieved from /home/abayturar/airflow-project/venv/lib/python3.12/site-packages/airflow/example_dags/example_branch_datetime_operator.py
[2026-03-28T19:26:25.004+0500] {logging_mixin.py:188} INFO - [2026-03-28T19:26:25.003+0500] {dag.py:3089} INFO - Sync 3 DAGs
[2026-03-28T19:26:25.019+0500] {logging_mixin.py:188} INFO - [2026-03-28T19:26:25.018+0500] {dag.py:3947} INFO - Setting next_dagrun for example_branch_datetime_operator to 2026-03-27 00:00:00+00:00, run_after=2026-03-28 00:00:00+00:00
[2026-03-28T19:26:25.021+0500] {logging_mixin.py:188} INFO - [2026-03-28T19:26:25.021+0500] {dag.py:3947} INFO - Setting next_dagrun for example_branch_datetime_operator_2 to 2026-03-27 00:00:00+00:00, run_after=2026-03-28 00:00:00+00:00
[2026-03-28T19:26:25.022+0500] {logging_mixin.py:188} INFO - [2026-03-28T19:26:25.022+0500] {dag.py:3947} INFO - Setting next_dagrun for example_branch_datetime_operator_3 to 2026-03-27 00:00:00+00:00, run_after=2026-03-28 00:00:00+00:00
[2026-03-28T19:26:25.047+0500] {processor.py:183} INFO - Processing /home/abayturar/airflow-project/venv/lib/python3.12/site-packages/airflow/example_dags/example_branch_datetime_operator.py took 0.080 seconds
[2026-03-28T19:27:37.066+0500] {processor.py:161} INFO - Started process (PID=29265) to work on /home/abayturar/airflow-project/venv/lib/python3.12/site-packages/airflow/example_dags/example_branch_datetime_operator.py
[2026-03-28T19:27:37.067+0500] {processor.py:830} INFO - Processing file /home/abayturar/airflow-project/venv/lib/python3.12/site-packages/airflow/example_dags/example_branch_datetime_operator.py for tasks to queue
[2026-03-28T19:27:37.070+0500] {logging_mixin.py:188} INFO - [2026-03-28T19:27:37.070+0500] {dagbag.py:545} INFO - Filling up the DagBag from /home/abayturar/airflow-project/venv/lib/python3.12/site-packages/airflow/example_dags/example_branch_datetime_operator.py
[2026-03-28T19:27:37.080+0500] {processor.py:840} INFO - DAG(s) 'example_branch_datetime_operator_2', 'example_branch_datetime_operator', 'example_branch_datetime_operator_3' retrieved from /home/abayturar/airflow-project/venv/lib/python3.12/site-packages/airflow/example_dags/example_branch_datetime_operator.py
[2026-03-28T19:27:37.101+0500] {logging_mixin.py:188} INFO - [2026-03-28T19:27:37.101+0500] {dag.py:3089} INFO - Sync 3 DAGs
[2026-03-28T19:27:37.116+0500] {logging_mixin.py:188} INFO - [2026-03-28T19:27:37.116+0500] {dag.py:3947} INFO - Setting next_dagrun for example_branch_datetime_operator to 2026-03-27 00:00:00+00:00, run_after=2026-03-28 00:00:00+00:00
[2026-03-28T19:27:37.118+0500] {logging_mixin.py:188} INFO - [2026-03-28T19:27:37.118+0500] {dag.py:3947} INFO - Setting next_dagrun for example_branch_datetime_operator_2 to 2026-03-27 00:00:00+00:00, run_after=2026-03-28 00:00:00+00:00
[2026-03-28T19:27:37.120+0500] {logging_mixin.py:188} INFO - [2026-03-28T19:27:37.120+0500] {dag.py:3947} INFO - Setting next_dagrun for example_branch_datetime_operator_3 to 2026-03-27 00:00:00+00:00, run_after=2026-03-28 00:00:00+00:00
[2026-03-28T19:27:37.146+0500] {processor.py:183} INFO - Processing /home/abayturar/airflow-project/venv/lib/python3.12/site-packages/airflow/example_dags/example_branch_datetime_operator.py took 0.087 seconds
[2026-03-28T19:28:50.394+0500] {processor.py:161} INFO - Started process (PID=29458) to work on /home/abayturar/airflow-project/venv/lib/python3.12/site-packages/airflow/example_dags/example_branch_datetime_operator.py
[2026-03-28T19:28:50.395+0500] {processor.py:830} INFO - Processing file /home/abayturar/airflow-project/venv/lib/python3.12/site-packages/airflow/example_dags/example_branch_datetime_operator.py for tasks to queue
[2026-03-28T19:28:50.397+0500] {logging_mixin.py:188} INFO - [2026-03-28T19:28:50.396+0500] {dagbag.py:545} INFO - Filling up the DagBag from /home/abayturar/airflow-project/venv/lib/python3.12/site-packages/airflow/example_dags/example_branch_datetime_operator.py
[2026-03-28T19:28:50.407+0500] {processor.py:840} INFO - DAG(s) 'example_branch_datetime_operator', 'example_branch_datetime_operator_2', 'example_branch_datetime_operator_3' retrieved from /home/abayturar/airflow-project/venv/lib/python3.12/site-packages/airflow/example_dags/example_branch_datetime_operator.py
[2026-03-28T19:28:50.426+0500] {logging_mixin.py:188} INFO - [2026-03-28T19:28:50.426+0500] {dag.py:3089} INFO - Sync 3 DAGs
[2026-03-28T19:28:50.440+0500] {logging_mixin.py:188} INFO - [2026-03-28T19:28:50.440+0500] {dag.py:3947} INFO - Setting next_dagrun for example_branch_datetime_operator to 2026-03-27 00:00:00+00:00, run_after=2026-03-28 00:00:00+00:00
[2026-03-28T19:28:50.443+0500] {logging_mixin.py:188} INFO - [2026-03-28T19:28:50.443+0500] {dag.py:3947} INFO - Setting next_dagrun for example_branch_datetime_operator_2 to 2026-03-27 00:00:00+00:00, run_after=2026-03-28 00:00:00+00:00
[2026-03-28T19:28:50.444+0500] {logging_mixin.py:188} INFO - [2026-03-28T19:28:50.444+0500] {dag.py:3947} INFO - Setting next_dagrun for example_branch_datetime_operator_3 to 2026-03-27 00:00:00+00:00, run_after=2026-03-28 00:00:00+00:00
[2026-03-28T19:28:50.457+0500] {processor.py:183} INFO - Processing /home/abayturar/airflow-project/venv/lib/python3.12/site-packages/airflow/example_dags/example_branch_datetime_operator.py took 0.071 seconds
[2026-03-28T19:29:58.749+0500] {processor.py:161} INFO - Started process (PID=29715) to work on /home/abayturar/airflow-project/venv/lib/python3.12/site-packages/airflow/example_dags/example_branch_datetime_operator.py
[2026-03-28T19:29:58.751+0500] {processor.py:830} INFO - Processing file /home/abayturar/airflow-project/venv/lib/python3.12/site-packages/airflow/example_dags/example_branch_datetime_operator.py for tasks to queue
[2026-03-28T19:29:58.753+0500] {logging_mixin.py:188} INFO - [2026-03-28T19:29:58.753+0500] {dagbag.py:545} INFO - Filling up the DagBag from /home/abayturar/airflow-project/venv/lib/python3.12/site-packages/airflow/example_dags/example_branch_datetime_operator.py
[2026-03-28T19:29:58.768+0500] {processor.py:840} INFO - DAG(s) 'example_branch_datetime_operator', 'example_branch_datetime_operator_2', 'example_branch_datetime_operator_3' retrieved from /home/abayturar/airflow-project/venv/lib/python3.12/site-packages/airflow/example_dags/example_branch_datetime_operator.py
[2026-03-28T19:29:58.796+0500] {logging_mixin.py:188} INFO - [2026-03-28T19:29:58.795+0500] {dag.py:3089} INFO - Sync 3 DAGs
[2026-03-28T19:29:58.816+0500] {logging_mixin.py:188} INFO - [2026-03-28T19:29:58.816+0500] {dag.py:3947} INFO - Setting next_dagrun for example_branch_datetime_operator to 2026-03-27 00:00:00+00:00, run_after=2026-03-28 00:00:00+00:00
[2026-03-28T19:29:58.822+0500] {logging_mixin.py:188} INFO - [2026-03-28T19:29:58.822+0500] {dag.py:3947} INFO - Setting next_dagrun for example_branch_datetime_operator_2 to 2026-03-27 00:00:00+00:00, run_after=2026-03-28 00:00:00+00:00
[2026-03-28T19:29:58.823+0500] {logging_mixin.py:188} INFO - [2026-03-28T19:29:58.823+0500] {dag.py:3947} INFO - Setting next_dagrun for example_branch_datetime_operator_3 to 2026-03-27 00:00:00+00:00, run_after=2026-03-28 00:00:00+00:00
[2026-03-28T19:29:58.855+0500] {processor.py:183} INFO - Processing /home/abayturar/airflow-project/venv/lib/python3.12/site-packages/airflow/example_dags/example_branch_datetime_operator.py took 0.116 seconds
[2026-03-28T19:31:01.708+0500] {processor.py:161} INFO - Started process (PID=29912) to work on /home/abayturar/airflow-project/venv/lib/python3.12/site-packages/airflow/example_dags/example_branch_datetime_operator.py
[2026-03-28T19:31:01.709+0500] {processor.py:830} INFO - Processing file /home/abayturar/airflow-project/venv/lib/python3.12/site-packages/airflow/example_dags/example_branch_datetime_operator.py for tasks to queue
[2026-03-28T19:31:01.710+0500] {logging_mixin.py:188} INFO - [2026-03-28T19:31:01.710+0500] {dagbag.py:545} INFO - Filling up the DagBag from /home/abayturar/airflow-project/venv/lib/python3.12/site-packages/airflow/example_dags/example_branch_datetime_operator.py
[2026-03-28T19:31:01.720+0500] {processor.py:840} INFO - DAG(s) 'example_branch_datetime_operator', 'example_branch_datetime_operator_2', 'example_branch_datetime_operator_3' retrieved from /home/abayturar/airflow-project/venv/lib/python3.12/site-packages/airflow/example_dags/example_branch_datetime_operator.py
[2026-03-28T19:31:01.743+0500] {logging_mixin.py:188} INFO - [2026-03-28T19:31:01.742+0500] {dag.py:3089} INFO - Sync 3 DAGs
[2026-03-28T19:31:01.760+0500] {logging_mixin.py:188} INFO - [2026-03-28T19:31:01.760+0500] {dag.py:3947} INFO - Setting next_dagrun for example_branch_datetime_operator to 2026-03-27 00:00:00+00:00, run_after=2026-03-28 00:00:00+00:00
[2026-03-28T19:31:01.763+0500] {logging_mixin.py:188} INFO - [2026-03-28T19:31:01.763+0500] {dag.py:3947} INFO - Setting next_dagrun for example_branch_datetime_operator_2 to 2026-03-27 00:00:00+00:00, run_after=2026-03-28 00:00:00+00:00
[2026-03-28T19:31:01.764+0500] {logging_mixin.py:188} INFO - [2026-03-28T19:31:01.764+0500] {dag.py:3947} INFO - Setting next_dagrun for example_branch_datetime_operator_3 to 2026-03-27 00:00:00+00:00, run_after=2026-03-28 00:00:00+00:00
[2026-03-28T19:31:01.782+0500] {processor.py:183} INFO - Processing /home/abayturar/airflow-project/venv/lib/python3.12/site-packages/airflow/example_dags/example_branch_datetime_operator.py took 0.081 seconds
[2026-03-28T19:31:54.260+0500] {processor.py:161} INFO - Started process (PID=30057) to work on /home/abayturar/airflow-project/venv/lib/python3.12/site-packages/airflow/example_dags/example_branch_datetime_operator.py
[2026-03-28T19:31:54.261+0500] {processor.py:830} INFO - Processing file /home/abayturar/airflow-project/venv/lib/python3.12/site-packages/airflow/example_dags/example_branch_datetime_operator.py for tasks to queue
[2026-03-28T19:31:54.263+0500] {logging_mixin.py:188} INFO - [2026-03-28T19:31:54.263+0500] {dagbag.py:545} INFO - Filling up the DagBag from /home/abayturar/airflow-project/venv/lib/python3.12/site-packages/airflow/example_dags/example_branch_datetime_operator.py
[2026-03-28T19:31:54.273+0500] {processor.py:840} INFO - DAG(s) 'example_branch_datetime_operator_3', 'example_branch_datetime_operator', 'example_branch_datetime_operator_2' retrieved from /home/abayturar/airflow-project/venv/lib/python3.12/site-packages/airflow/example_dags/example_branch_datetime_operator.py
[2026-03-28T19:31:54.294+0500] {logging_mixin.py:188} INFO - [2026-03-28T19:31:54.294+0500] {dag.py:3089} INFO - Sync 3 DAGs
[2026-03-28T19:31:54.312+0500] {logging_mixin.py:188} INFO - [2026-03-28T19:31:54.312+0500] {dag.py:3947} INFO - Setting next_dagrun for example_branch_datetime_operator to 2026-03-27 00:00:00+00:00, run_after=2026-03-28 00:00:00+00:00
[2026-03-28T19:31:54.315+0500] {logging_mixin.py:188} INFO - [2026-03-28T19:31:54.315+0500] {dag.py:3947} INFO - Setting next_dagrun for example_branch_datetime_operator_2 to 2026-03-27 00:00:00+00:00, run_after=2026-03-28 00:00:00+00:00
[2026-03-28T19:31:54.317+0500] {logging_mixin.py:188} INFO - [2026-03-28T19:31:54.316+0500] {dag.py:3947} INFO - Setting next_dagrun for example_branch_datetime_operator_3 to 2026-03-27 00:00:00+00:00, run_after=2026-03-28 00:00:00+00:00
[2026-03-28T19:31:54.334+0500] {processor.py:183} INFO - Processing /home/abayturar/airflow-project/venv/lib/python3.12/site-packages/airflow/example_dags/example_branch_datetime_operator.py took 0.081 seconds
[2026-03-28T19:32:47.040+0500] {processor.py:161} INFO - Started process (PID=30213) to work on /home/abayturar/airflow-project/venv/lib/python3.12/site-packages/airflow/example_dags/example_branch_datetime_operator.py
[2026-03-28T19:32:47.041+0500] {processor.py:830} INFO - Processing file /home/abayturar/airflow-project/venv/lib/python3.12/site-packages/airflow/example_dags/example_branch_datetime_operator.py for tasks to queue
[2026-03-28T19:32:47.043+0500] {logging_mixin.py:188} INFO - [2026-03-28T19:32:47.043+0500] {dagbag.py:545} INFO - Filling up the DagBag from /home/abayturar/airflow-project/venv/lib/python3.12/site-packages/airflow/example_dags/example_branch_datetime_operator.py
[2026-03-28T19:32:47.052+0500] {processor.py:840} INFO - DAG(s) 'example_branch_datetime_operator_3', 'example_branch_datetime_operator', 'example_branch_datetime_operator_2' retrieved from /home/abayturar/airflow-project/venv/lib/python3.12/site-packages/airflow/example_dags/example_branch_datetime_operator.py
[2026-03-28T19:32:47.071+0500] {logging_mixin.py:188} INFO - [2026-03-28T19:32:47.071+0500] {dag.py:3089} INFO - Sync 3 DAGs
[2026-03-28T19:32:47.086+0500] {logging_mixin.py:188} INFO - [2026-03-28T19:32:47.086+0500] {dag.py:3947} INFO - Setting next_dagrun for example_branch_datetime_operator to 2026-03-27 00:00:00+00:00, run_after=2026-03-28 00:00:00+00:00
[2026-03-28T19:32:47.088+0500] {logging_mixin.py:188} INFO - [2026-03-28T19:32:47.088+0500] {dag.py:3947} INFO - Setting next_dagrun for example_branch_datetime_operator_2 to 2026-03-27 00:00:00+00:00, run_after=2026-03-28 00:00:00+00:00
[2026-03-28T19:32:47.090+0500] {logging_mixin.py:188} INFO - [2026-03-28T19:32:47.089+0500] {dag.py:3947} INFO - Setting next_dagrun for example_branch_datetime_operator_3 to 2026-03-27 00:00:00+00:00, run_after=2026-03-28 00:00:00+00:00
[2026-03-28T19:32:47.104+0500] {processor.py:183} INFO - Processing /home/abayturar/airflow-project/venv/lib/python3.12/site-packages/airflow/example_dags/example_branch_datetime_operator.py took 0.070 seconds
[2026-03-28T19:33:38.248+0500] {processor.py:161} INFO - Started process (PID=30357) to work on /home/abayturar/airflow-project/venv/lib/python3.12/site-packages/airflow/example_dags/example_branch_datetime_operator.py
[2026-03-28T19:33:38.249+0500] {processor.py:830} INFO - Processing file /home/abayturar/airflow-project/venv/lib/python3.12/site-packages/airflow/example_dags/example_branch_datetime_operator.py for tasks to queue
[2026-03-28T19:33:38.250+0500] {logging_mixin.py:188} INFO - [2026-03-28T19:33:38.250+0500] {dagbag.py:545} INFO - Filling up the DagBag from /home/abayturar/airflow-project/venv/lib/python3.12/site-packages/airflow/example_dags/example_branch_datetime_operator.py
[2026-03-28T19:33:38.259+0500] {processor.py:840} INFO - DAG(s) 'example_branch_datetime_operator_3', 'example_branch_datetime_operator_2', 'example_branch_datetime_operator' retrieved from /home/abayturar/airflow-project/venv/lib/python3.12/site-packages/airflow/example_dags/example_branch_datetime_operator.py
[2026-03-28T19:33:38.284+0500] {logging_mixin.py:188} INFO - [2026-03-28T19:33:38.284+0500] {dag.py:3089} INFO - Sync 3 DAGs
[2026-03-28T19:33:38.300+0500] {logging_mixin.py:188} INFO - [2026-03-28T19:33:38.300+0500] {dag.py:3947} INFO - Setting next_dagrun for example_branch_datetime_operator to 2026-03-27 00:00:00+00:00, run_after=2026-03-28 00:00:00+00:00
[2026-03-28T19:33:38.303+0500] {logging_mixin.py:188} INFO - [2026-03-28T19:33:38.303+0500] {dag.py:3947} INFO - Setting next_dagrun for example_branch_datetime_operator_2 to 2026-03-27 00:00:00+00:00, run_after=2026-03-28 00:00:00+00:00
[2026-03-28T19:33:38.304+0500] {logging_mixin.py:188} INFO - [2026-03-28T19:33:38.304+0500] {dag.py:3947} INFO - Setting next_dagrun for example_branch_datetime_operator_3 to 2026-03-27 00:00:00+00:00, run_after=2026-03-28 00:00:00+00:00
[2026-03-28T19:33:38.321+0500] {processor.py:183} INFO - Processing /home/abayturar/airflow-project/venv/lib/python3.12/site-packages/airflow/example_dags/example_branch_datetime_operator.py took 0.081 seconds
[2026-03-28T19:35:59.512+0500] {processor.py:161} INFO - Started process (PID=30732) to work on /home/abayturar/airflow-project/venv/lib/python3.12/site-packages/airflow/example_dags/example_branch_datetime_operator.py
[2026-03-28T19:35:59.513+0500] {processor.py:830} INFO - Processing file /home/abayturar/airflow-project/venv/lib/python3.12/site-packages/airflow/example_dags/example_branch_datetime_operator.py for tasks to queue
[2026-03-28T19:35:59.514+0500] {logging_mixin.py:188} INFO - [2026-03-28T19:35:59.514+0500] {dagbag.py:545} INFO - Filling up the DagBag from /home/abayturar/airflow-project/venv/lib/python3.12/site-packages/airflow/example_dags/example_branch_datetime_operator.py
[2026-03-28T19:35:59.523+0500] {processor.py:840} INFO - DAG(s) 'example_branch_datetime_operator_2', 'example_branch_datetime_operator', 'example_branch_datetime_operator_3' retrieved from /home/abayturar/airflow-project/venv/lib/python3.12/site-packages/airflow/example_dags/example_branch_datetime_operator.py
[2026-03-28T19:35:59.543+0500] {logging_mixin.py:188} INFO - [2026-03-28T19:35:59.542+0500] {dag.py:3089} INFO - Sync 3 DAGs
[2026-03-28T19:35:59.556+0500] {logging_mixin.py:188} INFO - [2026-03-28T19:35:59.556+0500] {dag.py:3947} INFO - Setting next_dagrun for example_branch_datetime_operator to 2026-03-27 00:00:00+00:00, run_after=2026-03-28 00:00:00+00:00
[2026-03-28T19:35:59.559+0500] {logging_mixin.py:188} INFO - [2026-03-28T19:35:59.559+0500] {dag.py:3947} INFO - Setting next_dagrun for example_branch_datetime_operator_2 to 2026-03-27 00:00:00+00:00, run_after=2026-03-28 00:00:00+00:00
[2026-03-28T19:35:59.560+0500] {logging_mixin.py:188} INFO - [2026-03-28T19:35:59.560+0500] {dag.py:3947} INFO - Setting next_dagrun for example_branch_datetime_operator_3 to 2026-03-27 00:00:00+00:00, run_after=2026-03-28 00:00:00+00:00
[2026-03-28T19:35:59.573+0500] {processor.py:183} INFO - Processing /home/abayturar/airflow-project/venv/lib/python3.12/site-packages/airflow/example_dags/example_branch_datetime_operator.py took 0.067 seconds
[2026-03-28T19:36:52.694+0500] {processor.py:161} INFO - Started process (PID=30876) to work on /home/abayturar/airflow-project/venv/lib/python3.12/site-packages/airflow/example_dags/example_branch_datetime_operator.py
[2026-03-28T19:36:52.695+0500] {processor.py:830} INFO - Processing file /home/abayturar/airflow-project/venv/lib/python3.12/site-packages/airflow/example_dags/example_branch_datetime_operator.py for tasks to queue
[2026-03-28T19:36:52.696+0500] {logging_mixin.py:188} INFO - [2026-03-28T19:36:52.696+0500] {dagbag.py:545} INFO - Filling up the DagBag from /home/abayturar/airflow-project/venv/lib/python3.12/site-packages/airflow/example_dags/example_branch_datetime_operator.py
[2026-03-28T19:36:52.705+0500] {processor.py:840} INFO - DAG(s) 'example_branch_datetime_operator', 'example_branch_datetime_operator_3', 'example_branch_datetime_operator_2' retrieved from /home/abayturar/airflow-project/venv/lib/python3.12/site-packages/airflow/example_dags/example_branch_datetime_operator.py
[2026-03-28T19:36:52.724+0500] {logging_mixin.py:188} INFO - [2026-03-28T19:36:52.724+0500] {dag.py:3089} INFO - Sync 3 DAGs
[2026-03-28T19:36:52.737+0500] {logging_mixin.py:188} INFO - [2026-03-28T19:36:52.737+0500] {dag.py:3947} INFO - Setting next_dagrun for example_branch_datetime_operator to 2026-03-27 00:00:00+00:00, run_after=2026-03-28 00:00:00+00:00
[2026-03-28T19:36:52.740+0500] {logging_mixin.py:188} INFO - [2026-03-28T19:36:52.740+0500] {dag.py:3947} INFO - Setting next_dagrun for example_branch_datetime_operator_2 to 2026-03-27 00:00:00+00:00, run_after=2026-03-28 00:00:00+00:00
[2026-03-28T19:36:52.741+0500] {logging_mixin.py:188} INFO - [2026-03-28T19:36:52.741+0500] {dag.py:3947} INFO - Setting next_dagrun for example_branch_datetime_operator_3 to 2026-03-27 00:00:00+00:00, run_after=2026-03-28 00:00:00+00:00
[2026-03-28T19:36:52.754+0500] {processor.py:183} INFO - Processing /home/abayturar/airflow-project/venv/lib/python3.12/site-packages/airflow/example_dags/example_branch_datetime_operator.py took 0.066 seconds
[2026-03-28T19:38:02.541+0500] {processor.py:161} INFO - Started process (PID=31069) to work on /home/abayturar/airflow-project/venv/lib/python3.12/site-packages/airflow/example_dags/example_branch_datetime_operator.py
[2026-03-28T19:38:02.542+0500] {processor.py:830} INFO - Processing file /home/abayturar/airflow-project/venv/lib/python3.12/site-packages/airflow/example_dags/example_branch_datetime_operator.py for tasks to queue
[2026-03-28T19:38:02.544+0500] {logging_mixin.py:188} INFO - [2026-03-28T19:38:02.543+0500] {dagbag.py:545} INFO - Filling up the DagBag from /home/abayturar/airflow-project/venv/lib/python3.12/site-packages/airflow/example_dags/example_branch_datetime_operator.py
[2026-03-28T19:38:02.552+0500] {processor.py:840} INFO - DAG(s) 'example_branch_datetime_operator_3', 'example_branch_datetime_operator', 'example_branch_datetime_operator_2' retrieved from /home/abayturar/airflow-project/venv/lib/python3.12/site-packages/airflow/example_dags/example_branch_datetime_operator.py
[2026-03-28T19:38:02.571+0500] {logging_mixin.py:188} INFO - [2026-03-28T19:38:02.571+0500] {dag.py:3089} INFO - Sync 3 DAGs
[2026-03-28T19:38:02.584+0500] {logging_mixin.py:188} INFO - [2026-03-28T19:38:02.584+0500] {dag.py:3947} INFO - Setting next_dagrun for example_branch_datetime_operator to 2026-03-27 00:00:00+00:00, run_after=2026-03-28 00:00:00+00:00
[2026-03-28T19:38:02.587+0500] {logging_mixin.py:188} INFO - [2026-03-28T19:38:02.587+0500] {dag.py:3947} INFO - Setting next_dagrun for example_branch_datetime_operator_2 to 2026-03-27 00:00:00+00:00, run_after=2026-03-28 00:00:00+00:00
[2026-03-28T19:38:02.588+0500] {logging_mixin.py:188} INFO - [2026-03-28T19:38:02.588+0500] {dag.py:3947} INFO - Setting next_dagrun for example_branch_datetime_operator_3 to 2026-03-27 00:00:00+00:00, run_after=2026-03-28 00:00:00+00:00
[2026-03-28T19:38:02.613+0500] {processor.py:183} INFO - Processing /home/abayturar/airflow-project/venv/lib/python3.12/site-packages/airflow/example_dags/example_branch_datetime_operator.py took 0.077 seconds
[2026-03-28T19:39:08.829+0500] {processor.py:161} INFO - Started process (PID=31248) to work on /home/abayturar/airflow-project/venv/lib/python3.12/site-packages/airflow/example_dags/example_branch_datetime_operator.py
[2026-03-28T19:39:08.830+0500] {processor.py:830} INFO - Processing file /home/abayturar/airflow-project/venv/lib/python3.12/site-packages/airflow/example_dags/example_branch_datetime_operator.py for tasks to queue
[2026-03-28T19:39:08.831+0500] {logging_mixin.py:188} INFO - [2026-03-28T19:39:08.831+0500] {dagbag.py:545} INFO - Filling up the DagBag from /home/abayturar/airflow-project/venv/lib/python3.12/site-packages/airflow/example_dags/example_branch_datetime_operator.py
[2026-03-28T19:39:08.841+0500] {processor.py:840} INFO - DAG(s) 'example_branch_datetime_operator_3', 'example_branch_datetime_operator_2', 'example_branch_datetime_operator' retrieved from /home/abayturar/airflow-project/venv/lib/python3.12/site-packages/airflow/example_dags/example_branch_datetime_operator.py
[2026-03-28T19:39:08.863+0500] {logging_mixin.py:188} INFO - [2026-03-28T19:39:08.863+0500] {dag.py:3089} INFO - Sync 3 DAGs
[2026-03-28T19:39:08.879+0500] {logging_mixin.py:188} INFO - [2026-03-28T19:39:08.879+0500] {dag.py:3947} INFO - Setting next_dagrun for example_branch_datetime_operator to 2026-03-27 00:00:00+00:00, run_after=2026-03-28 00:00:00+00:00
[2026-03-28T19:39:08.882+0500] {logging_mixin.py:188} INFO - [2026-03-28T19:39:08.882+0500] {dag.py:3947} INFO - Setting next_dagrun for example_branch_datetime_operator_2 to 2026-03-27 00:00:00+00:00, run_after=2026-03-28 00:00:00+00:00
[2026-03-28T19:39:08.883+0500] {logging_mixin.py:188} INFO - [2026-03-28T19:39:08.883+0500] {dag.py:3947} INFO - Setting next_dagrun for example_branch_datetime_operator_3 to 2026-03-27 00:00:00+00:00, run_after=2026-03-28 00:00:00+00:00
[2026-03-28T19:39:08.911+0500] {processor.py:183} INFO - Processing /home/abayturar/airflow-project/venv/lib/python3.12/site-packages/airflow/example_dags/example_branch_datetime_operator.py took 0.089 seconds
[2026-03-28T19:40:17.703+0500] {processor.py:161} INFO - Started process (PID=31439) to work on /home/abayturar/airflow-project/venv/lib/python3.12/site-packages/airflow/example_dags/example_branch_datetime_operator.py
[2026-03-28T19:40:17.704+0500] {processor.py:830} INFO - Processing file /home/abayturar/airflow-project/venv/lib/python3.12/site-packages/airflow/example_dags/example_branch_datetime_operator.py for tasks to queue
[2026-03-28T19:40:17.706+0500] {logging_mixin.py:188} INFO - [2026-03-28T19:40:17.706+0500] {dagbag.py:545} INFO - Filling up the DagBag from /home/abayturar/airflow-project/venv/lib/python3.12/site-packages/airflow/example_dags/example_branch_datetime_operator.py
[2026-03-28T19:40:17.717+0500] {processor.py:840} INFO - DAG(s) 'example_branch_datetime_operator_3', 'example_branch_datetime_operator_2', 'example_branch_datetime_operator' retrieved from /home/abayturar/airflow-project/venv/lib/python3.12/site-packages/airflow/example_dags/example_branch_datetime_operator.py
[2026-03-28T19:40:17.738+0500] {logging_mixin.py:188} INFO - [2026-03-28T19:40:17.738+0500] {dag.py:3089} INFO - Sync 3 DAGs
[2026-03-28T19:40:17.753+0500] {logging_mixin.py:188} INFO - [2026-03-28T19:40:17.753+0500] {dag.py:3947} INFO - Setting next_dagrun for example_branch_datetime_operator to 2026-03-27 00:00:00+00:00, run_after=2026-03-28 00:00:00+00:00
[2026-03-28T19:40:17.755+0500] {logging_mixin.py:188} INFO - [2026-03-28T19:40:17.755+0500] {dag.py:3947} INFO - Setting next_dagrun for example_branch_datetime_operator_2 to 2026-03-27 00:00:00+00:00, run_after=2026-03-28 00:00:00+00:00
[2026-03-28T19:40:17.757+0500] {logging_mixin.py:188} INFO - [2026-03-28T19:40:17.756+0500] {dag.py:3947} INFO - Setting next_dagrun for example_branch_datetime_operator_3 to 2026-03-27 00:00:00+00:00, run_after=2026-03-28 00:00:00+00:00
[2026-03-28T19:40:17.782+0500] {processor.py:183} INFO - Processing /home/abayturar/airflow-project/venv/lib/python3.12/site-packages/airflow/example_dags/example_branch_datetime_operator.py took 0.085 seconds
[2026-03-28T19:41:23.268+0500] {processor.py:161} INFO - Started process (PID=31615) to work on /home/abayturar/airflow-project/venv/lib/python3.12/site-packages/airflow/example_dags/example_branch_datetime_operator.py
[2026-03-28T19:41:23.269+0500] {processor.py:830} INFO - Processing file /home/abayturar/airflow-project/venv/lib/python3.12/site-packages/airflow/example_dags/example_branch_datetime_operator.py for tasks to queue
[2026-03-28T19:41:23.271+0500] {logging_mixin.py:188} INFO - [2026-03-28T19:41:23.270+0500] {dagbag.py:545} INFO - Filling up the DagBag from /home/abayturar/airflow-project/venv/lib/python3.12/site-packages/airflow/example_dags/example_branch_datetime_operator.py
[2026-03-28T19:41:23.281+0500] {processor.py:840} INFO - DAG(s) 'example_branch_datetime_operator', 'example_branch_datetime_operator_2', 'example_branch_datetime_operator_3' retrieved from /home/abayturar/airflow-project/venv/lib/python3.12/site-packages/airflow/example_dags/example_branch_datetime_operator.py
[2026-03-28T19:41:23.303+0500] {logging_mixin.py:188} INFO - [2026-03-28T19:41:23.303+0500] {dag.py:3089} INFO - Sync 3 DAGs
[2026-03-28T19:41:23.323+0500] {logging_mixin.py:188} INFO - [2026-03-28T19:41:23.323+0500] {dag.py:3947} INFO - Setting next_dagrun for example_branch_datetime_operator to 2026-03-27 00:00:00+00:00, run_after=2026-03-28 00:00:00+00:00
[2026-03-28T19:41:23.326+0500] {logging_mixin.py:188} INFO - [2026-03-28T19:41:23.326+0500] {dag.py:3947} INFO - Setting next_dagrun for example_branch_datetime_operator_2 to 2026-03-27 00:00:00+00:00, run_after=2026-03-28 00:00:00+00:00
[2026-03-28T19:41:23.328+0500] {logging_mixin.py:188} INFO - [2026-03-28T19:41:23.327+0500] {dag.py:3947} INFO - Setting next_dagrun for example_branch_datetime_operator_3 to 2026-03-27 00:00:00+00:00, run_after=2026-03-28 00:00:00+00:00
[2026-03-28T19:41:23.353+0500] {processor.py:183} INFO - Processing /home/abayturar/airflow-project/venv/lib/python3.12/site-packages/airflow/example_dags/example_branch_datetime_operator.py took 0.092 seconds
[2026-03-28T19:42:35.905+0500] {processor.py:161} INFO - Started process (PID=31811) to work on /home/abayturar/airflow-project/venv/lib/python3.12/site-packages/airflow/example_dags/example_branch_datetime_operator.py
[2026-03-28T19:42:35.906+0500] {processor.py:830} INFO - Processing file /home/abayturar/airflow-project/venv/lib/python3.12/site-packages/airflow/example_dags/example_branch_datetime_operator.py for tasks to queue
[2026-03-28T19:42:35.908+0500] {logging_mixin.py:188} INFO - [2026-03-28T19:42:35.907+0500] {dagbag.py:545} INFO - Filling up the DagBag from /home/abayturar/airflow-project/venv/lib/python3.12/site-packages/airflow/example_dags/example_branch_datetime_operator.py
[2026-03-28T19:42:35.917+0500] {processor.py:840} INFO - DAG(s) 'example_branch_datetime_operator_2', 'example_branch_datetime_operator_3', 'example_branch_datetime_operator' retrieved from /home/abayturar/airflow-project/venv/lib/python3.12/site-packages/airflow/example_dags/example_branch_datetime_operator.py
[2026-03-28T19:42:35.937+0500] {logging_mixin.py:188} INFO - [2026-03-28T19:42:35.936+0500] {dag.py:3089} INFO - Sync 3 DAGs
[2026-03-28T19:42:35.952+0500] {logging_mixin.py:188} INFO - [2026-03-28T19:42:35.952+0500] {dag.py:3947} INFO - Setting next_dagrun for example_branch_datetime_operator to 2026-03-27 00:00:00+00:00, run_after=2026-03-28 00:00:00+00:00
[2026-03-28T19:42:35.956+0500] {logging_mixin.py:188} INFO - [2026-03-28T19:42:35.956+0500] {dag.py:3947} INFO - Setting next_dagrun for example_branch_datetime_operator_2 to 2026-03-27 00:00:00+00:00, run_after=2026-03-28 00:00:00+00:00
[2026-03-28T19:42:35.958+0500] {logging_mixin.py:188} INFO - [2026-03-28T19:42:35.958+0500] {dag.py:3947} INFO - Setting next_dagrun for example_branch_datetime_operator_3 to 2026-03-27 00:00:00+00:00, run_after=2026-03-28 00:00:00+00:00
[2026-03-28T19:42:35.986+0500] {processor.py:183} INFO - Processing /home/abayturar/airflow-project/venv/lib/python3.12/site-packages/airflow/example_dags/example_branch_datetime_operator.py took 0.087 seconds
[2026-03-28T19:43:30.185+0500] {processor.py:161} INFO - Started process (PID=31953) to work on /home/abayturar/airflow-project/venv/lib/python3.12/site-packages/airflow/example_dags/example_branch_datetime_operator.py
[2026-03-28T19:43:30.186+0500] {processor.py:830} INFO - Processing file /home/abayturar/airflow-project/venv/lib/python3.12/site-packages/airflow/example_dags/example_branch_datetime_operator.py for tasks to queue
[2026-03-28T19:43:30.188+0500] {logging_mixin.py:188} INFO - [2026-03-28T19:43:30.188+0500] {dagbag.py:545} INFO - Filling up the DagBag from /home/abayturar/airflow-project/venv/lib/python3.12/site-packages/airflow/example_dags/example_branch_datetime_operator.py
[2026-03-28T19:43:30.197+0500] {processor.py:840} INFO - DAG(s) 'example_branch_datetime_operator', 'example_branch_datetime_operator_3', 'example_branch_datetime_operator_2' retrieved from /home/abayturar/airflow-project/venv/lib/python3.12/site-packages/airflow/example_dags/example_branch_datetime_operator.py
[2026-03-28T19:43:30.215+0500] {logging_mixin.py:188} INFO - [2026-03-28T19:43:30.215+0500] {dag.py:3089} INFO - Sync 3 DAGs
[2026-03-28T19:43:30.229+0500] {logging_mixin.py:188} INFO - [2026-03-28T19:43:30.229+0500] {dag.py:3947} INFO - Setting next_dagrun for example_branch_datetime_operator to 2026-03-27 00:00:00+00:00, run_after=2026-03-28 00:00:00+00:00
[2026-03-28T19:43:30.232+0500] {logging_mixin.py:188} INFO - [2026-03-28T19:43:30.232+0500] {dag.py:3947} INFO - Setting next_dagrun for example_branch_datetime_operator_2 to 2026-03-27 00:00:00+00:00, run_after=2026-03-28 00:00:00+00:00
[2026-03-28T19:43:30.233+0500] {logging_mixin.py:188} INFO - [2026-03-28T19:43:30.233+0500] {dag.py:3947} INFO - Setting next_dagrun for example_branch_datetime_operator_3 to 2026-03-27 00:00:00+00:00, run_after=2026-03-28 00:00:00+00:00
[2026-03-28T19:43:30.246+0500] {processor.py:183} INFO - Processing /home/abayturar/airflow-project/venv/lib/python3.12/site-packages/airflow/example_dags/example_branch_datetime_operator.py took 0.067 seconds
[2026-03-28T19:44:37.873+0500] {processor.py:161} INFO - Started process (PID=32132) to work on /home/abayturar/airflow-project/venv/lib/python3.12/site-packages/airflow/example_dags/example_branch_datetime_operator.py
[2026-03-28T19:44:37.874+0500] {processor.py:830} INFO - Processing file /home/abayturar/airflow-project/venv/lib/python3.12/site-packages/airflow/example_dags/example_branch_datetime_operator.py for tasks to queue
[2026-03-28T19:44:37.876+0500] {logging_mixin.py:188} INFO - [2026-03-28T19:44:37.876+0500] {dagbag.py:545} INFO - Filling up the DagBag from /home/abayturar/airflow-project/venv/lib/python3.12/site-packages/airflow/example_dags/example_branch_datetime_operator.py
[2026-03-28T19:44:37.885+0500] {processor.py:840} INFO - DAG(s) 'example_branch_datetime_operator_3', 'example_branch_datetime_operator', 'example_branch_datetime_operator_2' retrieved from /home/abayturar/airflow-project/venv/lib/python3.12/site-packages/airflow/example_dags/example_branch_datetime_operator.py
[2026-03-28T19:44:37.904+0500] {logging_mixin.py:188} INFO - [2026-03-28T19:44:37.903+0500] {dag.py:3089} INFO - Sync 3 DAGs
[2026-03-28T19:44:37.918+0500] {logging_mixin.py:188} INFO - [2026-03-28T19:44:37.918+0500] {dag.py:3947} INFO - Setting next_dagrun for example_branch_datetime_operator to 2026-03-27 00:00:00+00:00, run_after=2026-03-28 00:00:00+00:00
[2026-03-28T19:44:37.920+0500] {logging_mixin.py:188} INFO - [2026-03-28T19:44:37.920+0500] {dag.py:3947} INFO - Setting next_dagrun for example_branch_datetime_operator_2 to 2026-03-27 00:00:00+00:00, run_after=2026-03-28 00:00:00+00:00
[2026-03-28T19:44:37.922+0500] {logging_mixin.py:188} INFO - [2026-03-28T19:44:37.922+0500] {dag.py:3947} INFO - Setting next_dagrun for example_branch_datetime_operator_3 to 2026-03-27 00:00:00+00:00, run_after=2026-03-28 00:00:00+00:00
[2026-03-28T19:44:37.947+0500] {processor.py:183} INFO - Processing /home/abayturar/airflow-project/venv/lib/python3.12/site-packages/airflow/example_dags/example_branch_datetime_operator.py took 0.079 seconds
