[2026-03-28T15:21:04.932+0500] {processor.py:161} INFO - Started process (PID=11811) to work on /home/abayturar/airflow-project/venv/lib/python3.12/site-packages/airflow/example_dags/tutorial.py
[2026-03-28T15:21:04.933+0500] {processor.py:830} INFO - Processing file /home/abayturar/airflow-project/venv/lib/python3.12/site-packages/airflow/example_dags/tutorial.py for tasks to queue
[2026-03-28T15:21:04.935+0500] {logging_mixin.py:188} INFO - [2026-03-28T15:21:04.935+0500] {dagbag.py:545} INFO - Filling up the DagBag from /home/abayturar/airflow-project/venv/lib/python3.12/site-packages/airflow/example_dags/tutorial.py
[2026-03-28T15:21:04.958+0500] {processor.py:840} INFO - DAG(s) 'tutorial' retrieved from /home/abayturar/airflow-project/venv/lib/python3.12/site-packages/airflow/example_dags/tutorial.py
[2026-03-28T15:21:05.059+0500] {logging_mixin.py:188} INFO - [2026-03-28T15:21:05.058+0500] {override.py:1858} INFO - Created Permission View: can edit on DAG:tutorial
[2026-03-28T15:21:05.068+0500] {logging_mixin.py:188} INFO - [2026-03-28T15:21:05.067+0500] {override.py:1858} INFO - Created Permission View: can read on DAG:tutorial
[2026-03-28T15:21:05.073+0500] {logging_mixin.py:188} INFO - [2026-03-28T15:21:05.073+0500] {override.py:1858} INFO - Created Permission View: can delete on DAG:tutorial
[2026-03-28T15:21:05.074+0500] {logging_mixin.py:188} INFO - [2026-03-28T15:21:05.074+0500] {dag.py:3089} INFO - Sync 1 DAGs
[2026-03-28T15:21:05.082+0500] {logging_mixin.py:188} INFO - [2026-03-28T15:21:05.082+0500] {dag.py:3111} INFO - Creating ORM DAG for tutorial
[2026-03-28T15:21:05.088+0500] {logging_mixin.py:188} INFO - [2026-03-28T15:21:05.087+0500] {dag.py:3947} INFO - Setting next_dagrun for tutorial to 2026-03-27 00:00:00+00:00, run_after=2026-03-28 00:00:00+00:00
[2026-03-28T15:21:05.103+0500] {processor.py:183} INFO - Processing /home/abayturar/airflow-project/venv/lib/python3.12/site-packages/airflow/example_dags/tutorial.py took 0.177 seconds
[2026-03-28T15:22:01.241+0500] {processor.py:161} INFO - Started process (PID=11964) to work on /home/abayturar/airflow-project/venv/lib/python3.12/site-packages/airflow/example_dags/tutorial.py
[2026-03-28T15:22:01.242+0500] {processor.py:830} INFO - Processing file /home/abayturar/airflow-project/venv/lib/python3.12/site-packages/airflow/example_dags/tutorial.py for tasks to queue
[2026-03-28T15:22:01.243+0500] {logging_mixin.py:188} INFO - [2026-03-28T15:22:01.243+0500] {dagbag.py:545} INFO - Filling up the DagBag from /home/abayturar/airflow-project/venv/lib/python3.12/site-packages/airflow/example_dags/tutorial.py
[2026-03-28T15:22:01.250+0500] {processor.py:840} INFO - DAG(s) 'tutorial' retrieved from /home/abayturar/airflow-project/venv/lib/python3.12/site-packages/airflow/example_dags/tutorial.py
[2026-03-28T15:22:01.265+0500] {logging_mixin.py:188} INFO - [2026-03-28T15:22:01.265+0500] {dag.py:3089} INFO - Sync 1 DAGs
[2026-03-28T15:22:01.278+0500] {logging_mixin.py:188} INFO - [2026-03-28T15:22:01.278+0500] {dag.py:3947} INFO - Setting next_dagrun for tutorial to 2026-03-27 00:00:00+00:00, run_after=2026-03-28 00:00:00+00:00
[2026-03-28T15:22:01.293+0500] {processor.py:183} INFO - Processing /home/abayturar/airflow-project/venv/lib/python3.12/site-packages/airflow/example_dags/tutorial.py took 0.059 seconds
[2026-03-28T15:22:51.993+0500] {processor.py:161} INFO - Started process (PID=12113) to work on /home/abayturar/airflow-project/venv/lib/python3.12/site-packages/airflow/example_dags/tutorial.py
[2026-03-28T15:22:51.994+0500] {processor.py:830} INFO - Processing file /home/abayturar/airflow-project/venv/lib/python3.12/site-packages/airflow/example_dags/tutorial.py for tasks to queue
[2026-03-28T15:22:51.997+0500] {logging_mixin.py:188} INFO - [2026-03-28T15:22:51.996+0500] {dagbag.py:545} INFO - Filling up the DagBag from /home/abayturar/airflow-project/venv/lib/python3.12/site-packages/airflow/example_dags/tutorial.py
[2026-03-28T15:22:52.004+0500] {processor.py:840} INFO - DAG(s) 'tutorial' retrieved from /home/abayturar/airflow-project/venv/lib/python3.12/site-packages/airflow/example_dags/tutorial.py
[2026-03-28T15:22:52.023+0500] {logging_mixin.py:188} INFO - [2026-03-28T15:22:52.023+0500] {dag.py:3089} INFO - Sync 1 DAGs
[2026-03-28T15:22:52.041+0500] {logging_mixin.py:188} INFO - [2026-03-28T15:22:52.041+0500] {dag.py:3947} INFO - Setting next_dagrun for tutorial to 2026-03-27 00:00:00+00:00, run_after=2026-03-28 00:00:00+00:00
[2026-03-28T15:22:52.069+0500] {processor.py:183} INFO - Processing /home/abayturar/airflow-project/venv/lib/python3.12/site-packages/airflow/example_dags/tutorial.py took 0.083 seconds
[2026-03-28T15:23:30.227+0500] {processor.py:161} INFO - Started process (PID=12225) to work on /home/abayturar/airflow-project/venv/lib/python3.12/site-packages/airflow/example_dags/tutorial.py
[2026-03-28T15:23:30.228+0500] {processor.py:830} INFO - Processing file /home/abayturar/airflow-project/venv/lib/python3.12/site-packages/airflow/example_dags/tutorial.py for tasks to queue
[2026-03-28T15:23:30.231+0500] {logging_mixin.py:188} INFO - [2026-03-28T15:23:30.230+0500] {dagbag.py:545} INFO - Filling up the DagBag from /home/abayturar/airflow-project/venv/lib/python3.12/site-packages/airflow/example_dags/tutorial.py
[2026-03-28T15:23:30.239+0500] {processor.py:840} INFO - DAG(s) 'tutorial' retrieved from /home/abayturar/airflow-project/venv/lib/python3.12/site-packages/airflow/example_dags/tutorial.py
[2026-03-28T15:23:30.256+0500] {logging_mixin.py:188} INFO - [2026-03-28T15:23:30.256+0500] {dag.py:3089} INFO - Sync 1 DAGs
[2026-03-28T15:23:30.272+0500] {logging_mixin.py:188} INFO - [2026-03-28T15:23:30.272+0500] {dag.py:3947} INFO - Setting next_dagrun for tutorial to 2026-03-27 00:00:00+00:00, run_after=2026-03-28 00:00:00+00:00
[2026-03-28T15:23:30.288+0500] {processor.py:183} INFO - Processing /home/abayturar/airflow-project/venv/lib/python3.12/site-packages/airflow/example_dags/tutorial.py took 0.069 seconds
[2026-03-28T15:24:16.959+0500] {processor.py:161} INFO - Started process (PID=12356) to work on /home/abayturar/airflow-project/venv/lib/python3.12/site-packages/airflow/example_dags/tutorial.py
[2026-03-28T15:24:16.960+0500] {processor.py:830} INFO - Processing file /home/abayturar/airflow-project/venv/lib/python3.12/site-packages/airflow/example_dags/tutorial.py for tasks to queue
[2026-03-28T15:24:16.962+0500] {logging_mixin.py:188} INFO - [2026-03-28T15:24:16.961+0500] {dagbag.py:545} INFO - Filling up the DagBag from /home/abayturar/airflow-project/venv/lib/python3.12/site-packages/airflow/example_dags/tutorial.py
[2026-03-28T15:24:16.968+0500] {processor.py:840} INFO - DAG(s) 'tutorial' retrieved from /home/abayturar/airflow-project/venv/lib/python3.12/site-packages/airflow/example_dags/tutorial.py
[2026-03-28T15:24:16.984+0500] {logging_mixin.py:188} INFO - [2026-03-28T15:24:16.984+0500] {dag.py:3089} INFO - Sync 1 DAGs
[2026-03-28T15:24:16.998+0500] {logging_mixin.py:188} INFO - [2026-03-28T15:24:16.998+0500] {dag.py:3947} INFO - Setting next_dagrun for tutorial to 2026-03-27 00:00:00+00:00, run_after=2026-03-28 00:00:00+00:00
[2026-03-28T15:24:17.027+0500] {processor.py:183} INFO - Processing /home/abayturar/airflow-project/venv/lib/python3.12/site-packages/airflow/example_dags/tutorial.py took 0.074 seconds
[2026-03-28T15:25:45.699+0500] {processor.py:161} INFO - Started process (PID=12578) to work on /home/abayturar/airflow-project/venv/lib/python3.12/site-packages/airflow/example_dags/tutorial.py
[2026-03-28T15:25:45.700+0500] {processor.py:830} INFO - Processing file /home/abayturar/airflow-project/venv/lib/python3.12/site-packages/airflow/example_dags/tutorial.py for tasks to queue
[2026-03-28T15:25:45.702+0500] {logging_mixin.py:188} INFO - [2026-03-28T15:25:45.702+0500] {dagbag.py:545} INFO - Filling up the DagBag from /home/abayturar/airflow-project/venv/lib/python3.12/site-packages/airflow/example_dags/tutorial.py
[2026-03-28T15:25:45.713+0500] {processor.py:840} INFO - DAG(s) 'tutorial' retrieved from /home/abayturar/airflow-project/venv/lib/python3.12/site-packages/airflow/example_dags/tutorial.py
[2026-03-28T15:25:45.742+0500] {logging_mixin.py:188} INFO - [2026-03-28T15:25:45.741+0500] {dag.py:3089} INFO - Sync 1 DAGs
[2026-03-28T15:25:45.764+0500] {logging_mixin.py:188} INFO - [2026-03-28T15:25:45.764+0500] {dag.py:3947} INFO - Setting next_dagrun for tutorial to 2026-03-27 00:00:00+00:00, run_after=2026-03-28 00:00:00+00:00
[2026-03-28T15:25:45.798+0500] {processor.py:183} INFO - Processing /home/abayturar/airflow-project/venv/lib/python3.12/site-packages/airflow/example_dags/tutorial.py took 0.106 seconds
[2026-03-28T15:26:53.133+0500] {processor.py:161} INFO - Started process (PID=12763) to work on /home/abayturar/airflow-project/venv/lib/python3.12/site-packages/airflow/example_dags/tutorial.py
[2026-03-28T15:26:53.134+0500] {processor.py:830} INFO - Processing file /home/abayturar/airflow-project/venv/lib/python3.12/site-packages/airflow/example_dags/tutorial.py for tasks to queue
[2026-03-28T15:26:53.136+0500] {logging_mixin.py:188} INFO - [2026-03-28T15:26:53.135+0500] {dagbag.py:545} INFO - Filling up the DagBag from /home/abayturar/airflow-project/venv/lib/python3.12/site-packages/airflow/example_dags/tutorial.py
[2026-03-28T15:26:53.144+0500] {processor.py:840} INFO - DAG(s) 'tutorial' retrieved from /home/abayturar/airflow-project/venv/lib/python3.12/site-packages/airflow/example_dags/tutorial.py
[2026-03-28T15:26:53.153+0500] {logging_mixin.py:188} INFO - [2026-03-28T15:26:53.153+0500] {dag.py:3089} INFO - Sync 1 DAGs
[2026-03-28T15:26:53.167+0500] {logging_mixin.py:188} INFO - [2026-03-28T15:26:53.167+0500] {dag.py:3947} INFO - Setting next_dagrun for tutorial to 2026-03-27 00:00:00+00:00, run_after=2026-03-28 00:00:00+00:00
[2026-03-28T15:26:53.196+0500] {processor.py:183} INFO - Processing /home/abayturar/airflow-project/venv/lib/python3.12/site-packages/airflow/example_dags/tutorial.py took 0.068 seconds
[2026-03-28T18:17:25.970+0500] {processor.py:161} INFO - Started process (PID=17882) to work on /home/abayturar/airflow-project/venv/lib/python3.12/site-packages/airflow/example_dags/tutorial.py
[2026-03-28T18:17:25.971+0500] {processor.py:830} INFO - Processing file /home/abayturar/airflow-project/venv/lib/python3.12/site-packages/airflow/example_dags/tutorial.py for tasks to queue
[2026-03-28T18:17:25.973+0500] {logging_mixin.py:188} INFO - [2026-03-28T18:17:25.972+0500] {dagbag.py:545} INFO - Filling up the DagBag from /home/abayturar/airflow-project/venv/lib/python3.12/site-packages/airflow/example_dags/tutorial.py
[2026-03-28T18:17:25.982+0500] {processor.py:840} INFO - DAG(s) 'tutorial' retrieved from /home/abayturar/airflow-project/venv/lib/python3.12/site-packages/airflow/example_dags/tutorial.py
[2026-03-28T18:17:26.085+0500] {logging_mixin.py:188} INFO - [2026-03-28T18:17:26.085+0500] {override.py:1858} INFO - Created Permission View: can edit on DAG:tutorial
[2026-03-28T18:17:26.092+0500] {logging_mixin.py:188} INFO - [2026-03-28T18:17:26.092+0500] {override.py:1858} INFO - Created Permission View: can delete on DAG:tutorial
[2026-03-28T18:17:26.097+0500] {logging_mixin.py:188} INFO - [2026-03-28T18:17:26.097+0500] {override.py:1858} INFO - Created Permission View: can read on DAG:tutorial
[2026-03-28T18:17:26.098+0500] {logging_mixin.py:188} INFO - [2026-03-28T18:17:26.098+0500] {dag.py:3089} INFO - Sync 1 DAGs
[2026-03-28T18:17:26.104+0500] {logging_mixin.py:188} INFO - [2026-03-28T18:17:26.104+0500] {dag.py:3111} INFO - Creating ORM DAG for tutorial
[2026-03-28T18:17:26.109+0500] {logging_mixin.py:188} INFO - [2026-03-28T18:17:26.109+0500] {dag.py:3947} INFO - Setting next_dagrun for tutorial to 2026-03-27 00:00:00+00:00, run_after=2026-03-28 00:00:00+00:00
[2026-03-28T18:17:26.123+0500] {processor.py:183} INFO - Processing /home/abayturar/airflow-project/venv/lib/python3.12/site-packages/airflow/example_dags/tutorial.py took 0.158 seconds
[2026-03-28T18:18:21.845+0500] {processor.py:161} INFO - Started process (PID=18034) to work on /home/abayturar/airflow-project/venv/lib/python3.12/site-packages/airflow/example_dags/tutorial.py
[2026-03-28T18:18:21.846+0500] {processor.py:830} INFO - Processing file /home/abayturar/airflow-project/venv/lib/python3.12/site-packages/airflow/example_dags/tutorial.py for tasks to queue
[2026-03-28T18:18:21.848+0500] {logging_mixin.py:188} INFO - [2026-03-28T18:18:21.847+0500] {dagbag.py:545} INFO - Filling up the DagBag from /home/abayturar/airflow-project/venv/lib/python3.12/site-packages/airflow/example_dags/tutorial.py
[2026-03-28T18:18:21.855+0500] {processor.py:840} INFO - DAG(s) 'tutorial' retrieved from /home/abayturar/airflow-project/venv/lib/python3.12/site-packages/airflow/example_dags/tutorial.py
[2026-03-28T18:18:21.871+0500] {logging_mixin.py:188} INFO - [2026-03-28T18:18:21.871+0500] {dag.py:3089} INFO - Sync 1 DAGs
[2026-03-28T18:18:21.885+0500] {logging_mixin.py:188} INFO - [2026-03-28T18:18:21.884+0500] {dag.py:3947} INFO - Setting next_dagrun for tutorial to 2026-03-27 00:00:00+00:00, run_after=2026-03-28 00:00:00+00:00
[2026-03-28T18:18:21.911+0500] {processor.py:183} INFO - Processing /home/abayturar/airflow-project/venv/lib/python3.12/site-packages/airflow/example_dags/tutorial.py took 0.071 seconds
[2026-03-28T18:19:14.873+0500] {processor.py:161} INFO - Started process (PID=18197) to work on /home/abayturar/airflow-project/venv/lib/python3.12/site-packages/airflow/example_dags/tutorial.py
[2026-03-28T18:19:14.874+0500] {processor.py:830} INFO - Processing file /home/abayturar/airflow-project/venv/lib/python3.12/site-packages/airflow/example_dags/tutorial.py for tasks to queue
[2026-03-28T18:19:14.876+0500] {logging_mixin.py:188} INFO - [2026-03-28T18:19:14.876+0500] {dagbag.py:545} INFO - Filling up the DagBag from /home/abayturar/airflow-project/venv/lib/python3.12/site-packages/airflow/example_dags/tutorial.py
[2026-03-28T18:19:14.883+0500] {processor.py:840} INFO - DAG(s) 'tutorial' retrieved from /home/abayturar/airflow-project/venv/lib/python3.12/site-packages/airflow/example_dags/tutorial.py
[2026-03-28T18:19:14.901+0500] {logging_mixin.py:188} INFO - [2026-03-28T18:19:14.901+0500] {dag.py:3089} INFO - Sync 1 DAGs
[2026-03-28T18:19:14.917+0500] {logging_mixin.py:188} INFO - [2026-03-28T18:19:14.916+0500] {dag.py:3947} INFO - Setting next_dagrun for tutorial to 2026-03-27 00:00:00+00:00, run_after=2026-03-28 00:00:00+00:00
[2026-03-28T18:19:14.937+0500] {processor.py:183} INFO - Processing /home/abayturar/airflow-project/venv/lib/python3.12/site-packages/airflow/example_dags/tutorial.py took 0.070 seconds
[2026-03-28T18:19:41.300+0500] {processor.py:161} INFO - Started process (PID=18272) to work on /home/abayturar/airflow-project/venv/lib/python3.12/site-packages/airflow/example_dags/tutorial.py
[2026-03-28T18:19:41.301+0500] {processor.py:830} INFO - Processing file /home/abayturar/airflow-project/venv/lib/python3.12/site-packages/airflow/example_dags/tutorial.py for tasks to queue
[2026-03-28T18:19:41.303+0500] {logging_mixin.py:188} INFO - [2026-03-28T18:19:41.302+0500] {dagbag.py:545} INFO - Filling up the DagBag from /home/abayturar/airflow-project/venv/lib/python3.12/site-packages/airflow/example_dags/tutorial.py
[2026-03-28T18:19:41.313+0500] {processor.py:840} INFO - DAG(s) 'tutorial' retrieved from /home/abayturar/airflow-project/venv/lib/python3.12/site-packages/airflow/example_dags/tutorial.py
[2026-03-28T18:19:41.336+0500] {logging_mixin.py:188} INFO - [2026-03-28T18:19:41.336+0500] {dag.py:3089} INFO - Sync 1 DAGs
[2026-03-28T18:19:41.352+0500] {logging_mixin.py:188} INFO - [2026-03-28T18:19:41.352+0500] {dag.py:3947} INFO - Setting next_dagrun for tutorial to 2026-03-27 00:00:00+00:00, run_after=2026-03-28 00:00:00+00:00
[2026-03-28T18:19:41.381+0500] {processor.py:183} INFO - Processing /home/abayturar/airflow-project/venv/lib/python3.12/site-packages/airflow/example_dags/tutorial.py took 0.087 seconds
[2026-03-28T18:22:06.975+0500] {processor.py:161} INFO - Started process (PID=18529) to work on /home/abayturar/airflow-project/venv/lib/python3.12/site-packages/airflow/example_dags/tutorial.py
[2026-03-28T18:22:06.976+0500] {processor.py:830} INFO - Processing file /home/abayturar/airflow-project/venv/lib/python3.12/site-packages/airflow/example_dags/tutorial.py for tasks to queue
[2026-03-28T18:22:06.978+0500] {logging_mixin.py:188} INFO - [2026-03-28T18:22:06.977+0500] {dagbag.py:545} INFO - Filling up the DagBag from /home/abayturar/airflow-project/venv/lib/python3.12/site-packages/airflow/example_dags/tutorial.py
[2026-03-28T18:22:06.988+0500] {processor.py:840} INFO - DAG(s) 'tutorial' retrieved from /home/abayturar/airflow-project/venv/lib/python3.12/site-packages/airflow/example_dags/tutorial.py
[2026-03-28T18:22:07.012+0500] {logging_mixin.py:188} INFO - [2026-03-28T18:22:07.012+0500] {dag.py:3089} INFO - Sync 1 DAGs
[2026-03-28T18:22:07.027+0500] {logging_mixin.py:188} INFO - [2026-03-28T18:22:07.027+0500] {dag.py:3947} INFO - Setting next_dagrun for tutorial to 2026-03-27 00:00:00+00:00, run_after=2026-03-28 00:00:00+00:00
[2026-03-28T18:22:07.077+0500] {processor.py:183} INFO - Processing /home/abayturar/airflow-project/venv/lib/python3.12/site-packages/airflow/example_dags/tutorial.py took 0.109 seconds
[2026-03-28T18:23:07.149+0500] {processor.py:161} INFO - Started process (PID=18720) to work on /home/abayturar/airflow-project/venv/lib/python3.12/site-packages/airflow/example_dags/tutorial.py
[2026-03-28T18:23:07.149+0500] {processor.py:830} INFO - Processing file /home/abayturar/airflow-project/venv/lib/python3.12/site-packages/airflow/example_dags/tutorial.py for tasks to queue
[2026-03-28T18:23:07.151+0500] {logging_mixin.py:188} INFO - [2026-03-28T18:23:07.151+0500] {dagbag.py:545} INFO - Filling up the DagBag from /home/abayturar/airflow-project/venv/lib/python3.12/site-packages/airflow/example_dags/tutorial.py
[2026-03-28T18:23:07.157+0500] {processor.py:840} INFO - DAG(s) 'tutorial' retrieved from /home/abayturar/airflow-project/venv/lib/python3.12/site-packages/airflow/example_dags/tutorial.py
[2026-03-28T18:23:07.173+0500] {logging_mixin.py:188} INFO - [2026-03-28T18:23:07.173+0500] {dag.py:3089} INFO - Sync 1 DAGs
[2026-03-28T18:23:07.187+0500] {logging_mixin.py:188} INFO - [2026-03-28T18:23:07.187+0500] {dag.py:3947} INFO - Setting next_dagrun for tutorial to 2026-03-27 00:00:00+00:00, run_after=2026-03-28 00:00:00+00:00
[2026-03-28T18:23:07.215+0500] {processor.py:183} INFO - Processing /home/abayturar/airflow-project/venv/lib/python3.12/site-packages/airflow/example_dags/tutorial.py took 0.072 seconds
[2026-03-28T18:23:52.829+0500] {processor.py:161} INFO - Started process (PID=18842) to work on /home/abayturar/airflow-project/venv/lib/python3.12/site-packages/airflow/example_dags/tutorial.py
[2026-03-28T18:23:52.830+0500] {processor.py:830} INFO - Processing file /home/abayturar/airflow-project/venv/lib/python3.12/site-packages/airflow/example_dags/tutorial.py for tasks to queue
[2026-03-28T18:23:52.832+0500] {logging_mixin.py:188} INFO - [2026-03-28T18:23:52.832+0500] {dagbag.py:545} INFO - Filling up the DagBag from /home/abayturar/airflow-project/venv/lib/python3.12/site-packages/airflow/example_dags/tutorial.py
[2026-03-28T18:23:52.838+0500] {processor.py:840} INFO - DAG(s) 'tutorial' retrieved from /home/abayturar/airflow-project/venv/lib/python3.12/site-packages/airflow/example_dags/tutorial.py
[2026-03-28T18:23:52.852+0500] {logging_mixin.py:188} INFO - [2026-03-28T18:23:52.852+0500] {dag.py:3089} INFO - Sync 1 DAGs
[2026-03-28T18:23:52.866+0500] {logging_mixin.py:188} INFO - [2026-03-28T18:23:52.866+0500] {dag.py:3947} INFO - Setting next_dagrun for tutorial to 2026-03-27 00:00:00+00:00, run_after=2026-03-28 00:00:00+00:00
[2026-03-28T18:23:52.893+0500] {processor.py:183} INFO - Processing /home/abayturar/airflow-project/venv/lib/python3.12/site-packages/airflow/example_dags/tutorial.py took 0.069 seconds
[2026-03-28T18:24:41.178+0500] {processor.py:161} INFO - Started process (PID=18970) to work on /home/abayturar/airflow-project/venv/lib/python3.12/site-packages/airflow/example_dags/tutorial.py
[2026-03-28T18:24:41.178+0500] {processor.py:830} INFO - Processing file /home/abayturar/airflow-project/venv/lib/python3.12/site-packages/airflow/example_dags/tutorial.py for tasks to queue
[2026-03-28T18:24:41.180+0500] {logging_mixin.py:188} INFO - [2026-03-28T18:24:41.180+0500] {dagbag.py:545} INFO - Filling up the DagBag from /home/abayturar/airflow-project/venv/lib/python3.12/site-packages/airflow/example_dags/tutorial.py
[2026-03-28T18:24:41.186+0500] {processor.py:840} INFO - DAG(s) 'tutorial' retrieved from /home/abayturar/airflow-project/venv/lib/python3.12/site-packages/airflow/example_dags/tutorial.py
[2026-03-28T18:24:41.200+0500] {logging_mixin.py:188} INFO - [2026-03-28T18:24:41.200+0500] {dag.py:3089} INFO - Sync 1 DAGs
[2026-03-28T18:24:41.214+0500] {logging_mixin.py:188} INFO - [2026-03-28T18:24:41.214+0500] {dag.py:3947} INFO - Setting next_dagrun for tutorial to 2026-03-27 00:00:00+00:00, run_after=2026-03-28 00:00:00+00:00
[2026-03-28T18:24:41.241+0500] {processor.py:183} INFO - Processing /home/abayturar/airflow-project/venv/lib/python3.12/site-packages/airflow/example_dags/tutorial.py took 0.069 seconds
[2026-03-28T18:25:29.043+0500] {processor.py:161} INFO - Started process (PID=19100) to work on /home/abayturar/airflow-project/venv/lib/python3.12/site-packages/airflow/example_dags/tutorial.py
[2026-03-28T18:25:29.044+0500] {processor.py:830} INFO - Processing file /home/abayturar/airflow-project/venv/lib/python3.12/site-packages/airflow/example_dags/tutorial.py for tasks to queue
[2026-03-28T18:25:29.046+0500] {logging_mixin.py:188} INFO - [2026-03-28T18:25:29.046+0500] {dagbag.py:545} INFO - Filling up the DagBag from /home/abayturar/airflow-project/venv/lib/python3.12/site-packages/airflow/example_dags/tutorial.py
[2026-03-28T18:25:29.053+0500] {processor.py:840} INFO - DAG(s) 'tutorial' retrieved from /home/abayturar/airflow-project/venv/lib/python3.12/site-packages/airflow/example_dags/tutorial.py
[2026-03-28T18:25:29.071+0500] {logging_mixin.py:188} INFO - [2026-03-28T18:25:29.071+0500] {dag.py:3089} INFO - Sync 1 DAGs
[2026-03-28T18:25:29.086+0500] {logging_mixin.py:188} INFO - [2026-03-28T18:25:29.086+0500] {dag.py:3947} INFO - Setting next_dagrun for tutorial to 2026-03-27 00:00:00+00:00, run_after=2026-03-28 00:00:00+00:00
[2026-03-28T18:25:29.117+0500] {processor.py:183} INFO - Processing /home/abayturar/airflow-project/venv/lib/python3.12/site-packages/airflow/example_dags/tutorial.py took 0.081 seconds
[2026-03-28T18:26:13.345+0500] {processor.py:161} INFO - Started process (PID=19218) to work on /home/abayturar/airflow-project/venv/lib/python3.12/site-packages/airflow/example_dags/tutorial.py
[2026-03-28T18:26:13.346+0500] {processor.py:830} INFO - Processing file /home/abayturar/airflow-project/venv/lib/python3.12/site-packages/airflow/example_dags/tutorial.py for tasks to queue
[2026-03-28T18:26:13.347+0500] {logging_mixin.py:188} INFO - [2026-03-28T18:26:13.347+0500] {dagbag.py:545} INFO - Filling up the DagBag from /home/abayturar/airflow-project/venv/lib/python3.12/site-packages/airflow/example_dags/tutorial.py
[2026-03-28T18:26:13.354+0500] {processor.py:840} INFO - DAG(s) 'tutorial' retrieved from /home/abayturar/airflow-project/venv/lib/python3.12/site-packages/airflow/example_dags/tutorial.py
[2026-03-28T18:26:13.369+0500] {logging_mixin.py:188} INFO - [2026-03-28T18:26:13.368+0500] {dag.py:3089} INFO - Sync 1 DAGs
[2026-03-28T18:26:13.382+0500] {logging_mixin.py:188} INFO - [2026-03-28T18:26:13.382+0500] {dag.py:3947} INFO - Setting next_dagrun for tutorial to 2026-03-27 00:00:00+00:00, run_after=2026-03-28 00:00:00+00:00
[2026-03-28T18:26:13.409+0500] {processor.py:183} INFO - Processing /home/abayturar/airflow-project/venv/lib/python3.12/site-packages/airflow/example_dags/tutorial.py took 0.070 seconds
[2026-03-28T18:27:01.100+0500] {processor.py:161} INFO - Started process (PID=19345) to work on /home/abayturar/airflow-project/venv/lib/python3.12/site-packages/airflow/example_dags/tutorial.py
[2026-03-28T18:27:01.101+0500] {processor.py:830} INFO - Processing file /home/abayturar/airflow-project/venv/lib/python3.12/site-packages/airflow/example_dags/tutorial.py for tasks to queue
[2026-03-28T18:27:01.103+0500] {logging_mixin.py:188} INFO - [2026-03-28T18:27:01.102+0500] {dagbag.py:545} INFO - Filling up the DagBag from /home/abayturar/airflow-project/venv/lib/python3.12/site-packages/airflow/example_dags/tutorial.py
[2026-03-28T18:27:01.109+0500] {processor.py:840} INFO - DAG(s) 'tutorial' retrieved from /home/abayturar/airflow-project/venv/lib/python3.12/site-packages/airflow/example_dags/tutorial.py
[2026-03-28T18:27:01.127+0500] {logging_mixin.py:188} INFO - [2026-03-28T18:27:01.126+0500] {dag.py:3089} INFO - Sync 1 DAGs
[2026-03-28T18:27:01.141+0500] {logging_mixin.py:188} INFO - [2026-03-28T18:27:01.141+0500] {dag.py:3947} INFO - Setting next_dagrun for tutorial to 2026-03-27 00:00:00+00:00, run_after=2026-03-28 00:00:00+00:00
[2026-03-28T18:27:01.168+0500] {processor.py:183} INFO - Processing /home/abayturar/airflow-project/venv/lib/python3.12/site-packages/airflow/example_dags/tutorial.py took 0.074 seconds
[2026-03-28T18:27:54.552+0500] {processor.py:161} INFO - Started process (PID=19499) to work on /home/abayturar/airflow-project/venv/lib/python3.12/site-packages/airflow/example_dags/tutorial.py
[2026-03-28T18:27:54.553+0500] {processor.py:830} INFO - Processing file /home/abayturar/airflow-project/venv/lib/python3.12/site-packages/airflow/example_dags/tutorial.py for tasks to queue
[2026-03-28T18:27:54.555+0500] {logging_mixin.py:188} INFO - [2026-03-28T18:27:54.554+0500] {dagbag.py:545} INFO - Filling up the DagBag from /home/abayturar/airflow-project/venv/lib/python3.12/site-packages/airflow/example_dags/tutorial.py
[2026-03-28T18:27:54.561+0500] {processor.py:840} INFO - DAG(s) 'tutorial' retrieved from /home/abayturar/airflow-project/venv/lib/python3.12/site-packages/airflow/example_dags/tutorial.py
[2026-03-28T18:27:54.577+0500] {logging_mixin.py:188} INFO - [2026-03-28T18:27:54.577+0500] {dag.py:3089} INFO - Sync 1 DAGs
[2026-03-28T18:27:54.592+0500] {logging_mixin.py:188} INFO - [2026-03-28T18:27:54.592+0500] {dag.py:3947} INFO - Setting next_dagrun for tutorial to 2026-03-27 00:00:00+00:00, run_after=2026-03-28 00:00:00+00:00
[2026-03-28T18:27:54.609+0500] {processor.py:183} INFO - Processing /home/abayturar/airflow-project/venv/lib/python3.12/site-packages/airflow/example_dags/tutorial.py took 0.062 seconds
[2026-03-28T18:28:47.433+0500] {processor.py:161} INFO - Started process (PID=19639) to work on /home/abayturar/airflow-project/venv/lib/python3.12/site-packages/airflow/example_dags/tutorial.py
[2026-03-28T18:28:47.435+0500] {processor.py:830} INFO - Processing file /home/abayturar/airflow-project/venv/lib/python3.12/site-packages/airflow/example_dags/tutorial.py for tasks to queue
[2026-03-28T18:28:47.436+0500] {logging_mixin.py:188} INFO - [2026-03-28T18:28:47.436+0500] {dagbag.py:545} INFO - Filling up the DagBag from /home/abayturar/airflow-project/venv/lib/python3.12/site-packages/airflow/example_dags/tutorial.py
[2026-03-28T18:28:47.443+0500] {processor.py:840} INFO - DAG(s) 'tutorial' retrieved from /home/abayturar/airflow-project/venv/lib/python3.12/site-packages/airflow/example_dags/tutorial.py
[2026-03-28T18:28:47.460+0500] {logging_mixin.py:188} INFO - [2026-03-28T18:28:47.460+0500] {dag.py:3089} INFO - Sync 1 DAGs
[2026-03-28T18:28:47.478+0500] {logging_mixin.py:188} INFO - [2026-03-28T18:28:47.478+0500] {dag.py:3947} INFO - Setting next_dagrun for tutorial to 2026-03-27 00:00:00+00:00, run_after=2026-03-28 00:00:00+00:00
[2026-03-28T18:28:47.497+0500] {processor.py:183} INFO - Processing /home/abayturar/airflow-project/venv/lib/python3.12/site-packages/airflow/example_dags/tutorial.py took 0.070 seconds
[2026-03-28T18:29:39.128+0500] {processor.py:161} INFO - Started process (PID=19775) to work on /home/abayturar/airflow-project/venv/lib/python3.12/site-packages/airflow/example_dags/tutorial.py
[2026-03-28T18:29:39.128+0500] {processor.py:830} INFO - Processing file /home/abayturar/airflow-project/venv/lib/python3.12/site-packages/airflow/example_dags/tutorial.py for tasks to queue
[2026-03-28T18:29:39.130+0500] {logging_mixin.py:188} INFO - [2026-03-28T18:29:39.130+0500] {dagbag.py:545} INFO - Filling up the DagBag from /home/abayturar/airflow-project/venv/lib/python3.12/site-packages/airflow/example_dags/tutorial.py
[2026-03-28T18:29:39.137+0500] {processor.py:840} INFO - DAG(s) 'tutorial' retrieved from /home/abayturar/airflow-project/venv/lib/python3.12/site-packages/airflow/example_dags/tutorial.py
[2026-03-28T18:29:39.153+0500] {logging_mixin.py:188} INFO - [2026-03-28T18:29:39.153+0500] {dag.py:3089} INFO - Sync 1 DAGs
[2026-03-28T18:29:39.168+0500] {logging_mixin.py:188} INFO - [2026-03-28T18:29:39.168+0500] {dag.py:3947} INFO - Setting next_dagrun for tutorial to 2026-03-27 00:00:00+00:00, run_after=2026-03-28 00:00:00+00:00
[2026-03-28T18:29:39.185+0500] {processor.py:183} INFO - Processing /home/abayturar/airflow-project/venv/lib/python3.12/site-packages/airflow/example_dags/tutorial.py took 0.063 seconds
[2026-03-28T18:30:26.277+0500] {processor.py:161} INFO - Started process (PID=19902) to work on /home/abayturar/airflow-project/venv/lib/python3.12/site-packages/airflow/example_dags/tutorial.py
[2026-03-28T18:30:26.278+0500] {processor.py:830} INFO - Processing file /home/abayturar/airflow-project/venv/lib/python3.12/site-packages/airflow/example_dags/tutorial.py for tasks to queue
[2026-03-28T18:30:26.280+0500] {logging_mixin.py:188} INFO - [2026-03-28T18:30:26.280+0500] {dagbag.py:545} INFO - Filling up the DagBag from /home/abayturar/airflow-project/venv/lib/python3.12/site-packages/airflow/example_dags/tutorial.py
[2026-03-28T18:30:26.288+0500] {processor.py:840} INFO - DAG(s) 'tutorial' retrieved from /home/abayturar/airflow-project/venv/lib/python3.12/site-packages/airflow/example_dags/tutorial.py
[2026-03-28T18:30:26.307+0500] {logging_mixin.py:188} INFO - [2026-03-28T18:30:26.307+0500] {dag.py:3089} INFO - Sync 1 DAGs
[2026-03-28T18:30:26.325+0500] {logging_mixin.py:188} INFO - [2026-03-28T18:30:26.325+0500] {dag.py:3947} INFO - Setting next_dagrun for tutorial to 2026-03-27 00:00:00+00:00, run_after=2026-03-28 00:00:00+00:00
[2026-03-28T18:30:26.364+0500] {processor.py:183} INFO - Processing /home/abayturar/airflow-project/venv/lib/python3.12/site-packages/airflow/example_dags/tutorial.py took 0.094 seconds
[2026-03-28T18:31:12.882+0500] {processor.py:161} INFO - Started process (PID=20036) to work on /home/abayturar/airflow-project/venv/lib/python3.12/site-packages/airflow/example_dags/tutorial.py
[2026-03-28T18:31:12.883+0500] {processor.py:830} INFO - Processing file /home/abayturar/airflow-project/venv/lib/python3.12/site-packages/airflow/example_dags/tutorial.py for tasks to queue
[2026-03-28T18:31:12.885+0500] {logging_mixin.py:188} INFO - [2026-03-28T18:31:12.884+0500] {dagbag.py:545} INFO - Filling up the DagBag from /home/abayturar/airflow-project/venv/lib/python3.12/site-packages/airflow/example_dags/tutorial.py
[2026-03-28T18:31:12.891+0500] {processor.py:840} INFO - DAG(s) 'tutorial' retrieved from /home/abayturar/airflow-project/venv/lib/python3.12/site-packages/airflow/example_dags/tutorial.py
[2026-03-28T18:31:12.908+0500] {logging_mixin.py:188} INFO - [2026-03-28T18:31:12.908+0500] {dag.py:3089} INFO - Sync 1 DAGs
[2026-03-28T18:31:12.924+0500] {logging_mixin.py:188} INFO - [2026-03-28T18:31:12.924+0500] {dag.py:3947} INFO - Setting next_dagrun for tutorial to 2026-03-27 00:00:00+00:00, run_after=2026-03-28 00:00:00+00:00
[2026-03-28T18:31:12.941+0500] {processor.py:183} INFO - Processing /home/abayturar/airflow-project/venv/lib/python3.12/site-packages/airflow/example_dags/tutorial.py took 0.066 seconds
[2026-03-28T18:31:57.499+0500] {processor.py:161} INFO - Started process (PID=20156) to work on /home/abayturar/airflow-project/venv/lib/python3.12/site-packages/airflow/example_dags/tutorial.py
[2026-03-28T18:31:57.500+0500] {processor.py:830} INFO - Processing file /home/abayturar/airflow-project/venv/lib/python3.12/site-packages/airflow/example_dags/tutorial.py for tasks to queue
[2026-03-28T18:31:57.502+0500] {logging_mixin.py:188} INFO - [2026-03-28T18:31:57.501+0500] {dagbag.py:545} INFO - Filling up the DagBag from /home/abayturar/airflow-project/venv/lib/python3.12/site-packages/airflow/example_dags/tutorial.py
[2026-03-28T18:31:57.507+0500] {processor.py:840} INFO - DAG(s) 'tutorial' retrieved from /home/abayturar/airflow-project/venv/lib/python3.12/site-packages/airflow/example_dags/tutorial.py
[2026-03-28T18:31:57.522+0500] {logging_mixin.py:188} INFO - [2026-03-28T18:31:57.522+0500] {dag.py:3089} INFO - Sync 1 DAGs
[2026-03-28T18:31:57.536+0500] {logging_mixin.py:188} INFO - [2026-03-28T18:31:57.536+0500] {dag.py:3947} INFO - Setting next_dagrun for tutorial to 2026-03-27 00:00:00+00:00, run_after=2026-03-28 00:00:00+00:00
[2026-03-28T18:31:57.552+0500] {processor.py:183} INFO - Processing /home/abayturar/airflow-project/venv/lib/python3.12/site-packages/airflow/example_dags/tutorial.py took 0.059 seconds
[2026-03-28T18:32:41.988+0500] {processor.py:161} INFO - Started process (PID=20275) to work on /home/abayturar/airflow-project/venv/lib/python3.12/site-packages/airflow/example_dags/tutorial.py
[2026-03-28T18:32:41.988+0500] {processor.py:830} INFO - Processing file /home/abayturar/airflow-project/venv/lib/python3.12/site-packages/airflow/example_dags/tutorial.py for tasks to queue
[2026-03-28T18:32:41.990+0500] {logging_mixin.py:188} INFO - [2026-03-28T18:32:41.990+0500] {dagbag.py:545} INFO - Filling up the DagBag from /home/abayturar/airflow-project/venv/lib/python3.12/site-packages/airflow/example_dags/tutorial.py
[2026-03-28T18:32:41.996+0500] {processor.py:840} INFO - DAG(s) 'tutorial' retrieved from /home/abayturar/airflow-project/venv/lib/python3.12/site-packages/airflow/example_dags/tutorial.py
[2026-03-28T18:32:42.010+0500] {logging_mixin.py:188} INFO - [2026-03-28T18:32:42.010+0500] {dag.py:3089} INFO - Sync 1 DAGs
[2026-03-28T18:32:42.024+0500] {logging_mixin.py:188} INFO - [2026-03-28T18:32:42.024+0500] {dag.py:3947} INFO - Setting next_dagrun for tutorial to 2026-03-27 00:00:00+00:00, run_after=2026-03-28 00:00:00+00:00
[2026-03-28T18:32:42.051+0500] {processor.py:183} INFO - Processing /home/abayturar/airflow-project/venv/lib/python3.12/site-packages/airflow/example_dags/tutorial.py took 0.070 seconds
[2026-03-28T18:33:33.971+0500] {processor.py:161} INFO - Started process (PID=20410) to work on /home/abayturar/airflow-project/venv/lib/python3.12/site-packages/airflow/example_dags/tutorial.py
[2026-03-28T18:33:33.972+0500] {processor.py:830} INFO - Processing file /home/abayturar/airflow-project/venv/lib/python3.12/site-packages/airflow/example_dags/tutorial.py for tasks to queue
[2026-03-28T18:33:33.974+0500] {logging_mixin.py:188} INFO - [2026-03-28T18:33:33.973+0500] {dagbag.py:545} INFO - Filling up the DagBag from /home/abayturar/airflow-project/venv/lib/python3.12/site-packages/airflow/example_dags/tutorial.py
[2026-03-28T18:33:33.980+0500] {processor.py:840} INFO - DAG(s) 'tutorial' retrieved from /home/abayturar/airflow-project/venv/lib/python3.12/site-packages/airflow/example_dags/tutorial.py
[2026-03-28T18:33:33.997+0500] {logging_mixin.py:188} INFO - [2026-03-28T18:33:33.997+0500] {dag.py:3089} INFO - Sync 1 DAGs
[2026-03-28T18:33:34.013+0500] {logging_mixin.py:188} INFO - [2026-03-28T18:33:34.013+0500] {dag.py:3947} INFO - Setting next_dagrun for tutorial to 2026-03-27 00:00:00+00:00, run_after=2026-03-28 00:00:00+00:00
[2026-03-28T18:33:34.042+0500] {processor.py:183} INFO - Processing /home/abayturar/airflow-project/venv/lib/python3.12/site-packages/airflow/example_dags/tutorial.py took 0.078 seconds
[2026-03-28T18:34:26.738+0500] {processor.py:161} INFO - Started process (PID=20563) to work on /home/abayturar/airflow-project/venv/lib/python3.12/site-packages/airflow/example_dags/tutorial.py
[2026-03-28T18:34:26.739+0500] {processor.py:830} INFO - Processing file /home/abayturar/airflow-project/venv/lib/python3.12/site-packages/airflow/example_dags/tutorial.py for tasks to queue
[2026-03-28T18:34:26.741+0500] {logging_mixin.py:188} INFO - [2026-03-28T18:34:26.740+0500] {dagbag.py:545} INFO - Filling up the DagBag from /home/abayturar/airflow-project/venv/lib/python3.12/site-packages/airflow/example_dags/tutorial.py
[2026-03-28T18:34:26.747+0500] {processor.py:840} INFO - DAG(s) 'tutorial' retrieved from /home/abayturar/airflow-project/venv/lib/python3.12/site-packages/airflow/example_dags/tutorial.py
[2026-03-28T18:34:26.761+0500] {logging_mixin.py:188} INFO - [2026-03-28T18:34:26.761+0500] {dag.py:3089} INFO - Sync 1 DAGs
[2026-03-28T18:34:26.775+0500] {logging_mixin.py:188} INFO - [2026-03-28T18:34:26.775+0500] {dag.py:3947} INFO - Setting next_dagrun for tutorial to 2026-03-27 00:00:00+00:00, run_after=2026-03-28 00:00:00+00:00
[2026-03-28T18:34:26.801+0500] {processor.py:183} INFO - Processing /home/abayturar/airflow-project/venv/lib/python3.12/site-packages/airflow/example_dags/tutorial.py took 0.069 seconds
[2026-03-28T18:35:16.268+0500] {processor.py:161} INFO - Started process (PID=20699) to work on /home/abayturar/airflow-project/venv/lib/python3.12/site-packages/airflow/example_dags/tutorial.py
[2026-03-28T18:35:16.269+0500] {processor.py:830} INFO - Processing file /home/abayturar/airflow-project/venv/lib/python3.12/site-packages/airflow/example_dags/tutorial.py for tasks to queue
[2026-03-28T18:35:16.271+0500] {logging_mixin.py:188} INFO - [2026-03-28T18:35:16.270+0500] {dagbag.py:545} INFO - Filling up the DagBag from /home/abayturar/airflow-project/venv/lib/python3.12/site-packages/airflow/example_dags/tutorial.py
[2026-03-28T18:35:16.277+0500] {processor.py:840} INFO - DAG(s) 'tutorial' retrieved from /home/abayturar/airflow-project/venv/lib/python3.12/site-packages/airflow/example_dags/tutorial.py
[2026-03-28T18:35:16.292+0500] {logging_mixin.py:188} INFO - [2026-03-28T18:35:16.292+0500] {dag.py:3089} INFO - Sync 1 DAGs
[2026-03-28T18:35:16.305+0500] {logging_mixin.py:188} INFO - [2026-03-28T18:35:16.305+0500] {dag.py:3947} INFO - Setting next_dagrun for tutorial to 2026-03-27 00:00:00+00:00, run_after=2026-03-28 00:00:00+00:00
[2026-03-28T18:35:16.332+0500] {processor.py:183} INFO - Processing /home/abayturar/airflow-project/venv/lib/python3.12/site-packages/airflow/example_dags/tutorial.py took 0.069 seconds
[2026-03-28T18:36:04.116+0500] {processor.py:161} INFO - Started process (PID=20830) to work on /home/abayturar/airflow-project/venv/lib/python3.12/site-packages/airflow/example_dags/tutorial.py
[2026-03-28T18:36:04.117+0500] {processor.py:830} INFO - Processing file /home/abayturar/airflow-project/venv/lib/python3.12/site-packages/airflow/example_dags/tutorial.py for tasks to queue
[2026-03-28T18:36:04.119+0500] {logging_mixin.py:188} INFO - [2026-03-28T18:36:04.119+0500] {dagbag.py:545} INFO - Filling up the DagBag from /home/abayturar/airflow-project/venv/lib/python3.12/site-packages/airflow/example_dags/tutorial.py
[2026-03-28T18:36:04.127+0500] {processor.py:840} INFO - DAG(s) 'tutorial' retrieved from /home/abayturar/airflow-project/venv/lib/python3.12/site-packages/airflow/example_dags/tutorial.py
[2026-03-28T18:36:04.142+0500] {logging_mixin.py:188} INFO - [2026-03-28T18:36:04.142+0500] {dag.py:3089} INFO - Sync 1 DAGs
[2026-03-28T18:36:04.157+0500] {logging_mixin.py:188} INFO - [2026-03-28T18:36:04.156+0500] {dag.py:3947} INFO - Setting next_dagrun for tutorial to 2026-03-27 00:00:00+00:00, run_after=2026-03-28 00:00:00+00:00
[2026-03-28T18:36:04.172+0500] {processor.py:183} INFO - Processing /home/abayturar/airflow-project/venv/lib/python3.12/site-packages/airflow/example_dags/tutorial.py took 0.061 seconds
[2026-03-28T18:37:00.677+0500] {processor.py:161} INFO - Started process (PID=20994) to work on /home/abayturar/airflow-project/venv/lib/python3.12/site-packages/airflow/example_dags/tutorial.py
[2026-03-28T18:37:00.678+0500] {processor.py:830} INFO - Processing file /home/abayturar/airflow-project/venv/lib/python3.12/site-packages/airflow/example_dags/tutorial.py for tasks to queue
[2026-03-28T18:37:00.681+0500] {logging_mixin.py:188} INFO - [2026-03-28T18:37:00.680+0500] {dagbag.py:545} INFO - Filling up the DagBag from /home/abayturar/airflow-project/venv/lib/python3.12/site-packages/airflow/example_dags/tutorial.py
[2026-03-28T18:37:00.690+0500] {processor.py:840} INFO - DAG(s) 'tutorial' retrieved from /home/abayturar/airflow-project/venv/lib/python3.12/site-packages/airflow/example_dags/tutorial.py
[2026-03-28T18:37:00.714+0500] {logging_mixin.py:188} INFO - [2026-03-28T18:37:00.714+0500] {dag.py:3089} INFO - Sync 1 DAGs
[2026-03-28T18:37:00.736+0500] {logging_mixin.py:188} INFO - [2026-03-28T18:37:00.736+0500] {dag.py:3947} INFO - Setting next_dagrun for tutorial to 2026-03-27 00:00:00+00:00, run_after=2026-03-28 00:00:00+00:00
[2026-03-28T18:37:00.762+0500] {processor.py:183} INFO - Processing /home/abayturar/airflow-project/venv/lib/python3.12/site-packages/airflow/example_dags/tutorial.py took 0.093 seconds
[2026-03-28T18:37:56.332+0500] {processor.py:161} INFO - Started process (PID=21147) to work on /home/abayturar/airflow-project/venv/lib/python3.12/site-packages/airflow/example_dags/tutorial.py
[2026-03-28T18:37:56.333+0500] {processor.py:830} INFO - Processing file /home/abayturar/airflow-project/venv/lib/python3.12/site-packages/airflow/example_dags/tutorial.py for tasks to queue
[2026-03-28T18:37:56.336+0500] {logging_mixin.py:188} INFO - [2026-03-28T18:37:56.335+0500] {dagbag.py:545} INFO - Filling up the DagBag from /home/abayturar/airflow-project/venv/lib/python3.12/site-packages/airflow/example_dags/tutorial.py
[2026-03-28T18:37:56.344+0500] {processor.py:840} INFO - DAG(s) 'tutorial' retrieved from /home/abayturar/airflow-project/venv/lib/python3.12/site-packages/airflow/example_dags/tutorial.py
[2026-03-28T18:37:56.366+0500] {logging_mixin.py:188} INFO - [2026-03-28T18:37:56.366+0500] {dag.py:3089} INFO - Sync 1 DAGs
[2026-03-28T18:37:56.381+0500] {logging_mixin.py:188} INFO - [2026-03-28T18:37:56.381+0500] {dag.py:3947} INFO - Setting next_dagrun for tutorial to 2026-03-27 00:00:00+00:00, run_after=2026-03-28 00:00:00+00:00
[2026-03-28T18:37:56.397+0500] {processor.py:183} INFO - Processing /home/abayturar/airflow-project/venv/lib/python3.12/site-packages/airflow/example_dags/tutorial.py took 0.073 seconds
[2026-03-28T18:38:45.243+0500] {processor.py:161} INFO - Started process (PID=21274) to work on /home/abayturar/airflow-project/venv/lib/python3.12/site-packages/airflow/example_dags/tutorial.py
[2026-03-28T18:38:45.244+0500] {processor.py:830} INFO - Processing file /home/abayturar/airflow-project/venv/lib/python3.12/site-packages/airflow/example_dags/tutorial.py for tasks to queue
[2026-03-28T18:38:45.246+0500] {logging_mixin.py:188} INFO - [2026-03-28T18:38:45.246+0500] {dagbag.py:545} INFO - Filling up the DagBag from /home/abayturar/airflow-project/venv/lib/python3.12/site-packages/airflow/example_dags/tutorial.py
[2026-03-28T18:38:45.254+0500] {processor.py:840} INFO - DAG(s) 'tutorial' retrieved from /home/abayturar/airflow-project/venv/lib/python3.12/site-packages/airflow/example_dags/tutorial.py
[2026-03-28T18:38:45.273+0500] {logging_mixin.py:188} INFO - [2026-03-28T18:38:45.273+0500] {dag.py:3089} INFO - Sync 1 DAGs
[2026-03-28T18:38:45.289+0500] {logging_mixin.py:188} INFO - [2026-03-28T18:38:45.289+0500] {dag.py:3947} INFO - Setting next_dagrun for tutorial to 2026-03-27 00:00:00+00:00, run_after=2026-03-28 00:00:00+00:00
[2026-03-28T18:38:45.317+0500] {processor.py:183} INFO - Processing /home/abayturar/airflow-project/venv/lib/python3.12/site-packages/airflow/example_dags/tutorial.py took 0.080 seconds
[2026-03-28T18:39:36.347+0500] {processor.py:161} INFO - Started process (PID=21411) to work on /home/abayturar/airflow-project/venv/lib/python3.12/site-packages/airflow/example_dags/tutorial.py
[2026-03-28T18:39:36.348+0500] {processor.py:830} INFO - Processing file /home/abayturar/airflow-project/venv/lib/python3.12/site-packages/airflow/example_dags/tutorial.py for tasks to queue
[2026-03-28T18:39:36.350+0500] {logging_mixin.py:188} INFO - [2026-03-28T18:39:36.349+0500] {dagbag.py:545} INFO - Filling up the DagBag from /home/abayturar/airflow-project/venv/lib/python3.12/site-packages/airflow/example_dags/tutorial.py
[2026-03-28T18:39:36.356+0500] {processor.py:840} INFO - DAG(s) 'tutorial' retrieved from /home/abayturar/airflow-project/venv/lib/python3.12/site-packages/airflow/example_dags/tutorial.py
[2026-03-28T18:39:36.372+0500] {logging_mixin.py:188} INFO - [2026-03-28T18:39:36.372+0500] {dag.py:3089} INFO - Sync 1 DAGs
[2026-03-28T18:39:36.387+0500] {logging_mixin.py:188} INFO - [2026-03-28T18:39:36.387+0500] {dag.py:3947} INFO - Setting next_dagrun for tutorial to 2026-03-27 00:00:00+00:00, run_after=2026-03-28 00:00:00+00:00
[2026-03-28T18:39:36.414+0500] {processor.py:183} INFO - Processing /home/abayturar/airflow-project/venv/lib/python3.12/site-packages/airflow/example_dags/tutorial.py took 0.073 seconds
[2026-03-28T18:40:27.601+0500] {processor.py:161} INFO - Started process (PID=21548) to work on /home/abayturar/airflow-project/venv/lib/python3.12/site-packages/airflow/example_dags/tutorial.py
[2026-03-28T18:40:27.602+0500] {processor.py:830} INFO - Processing file /home/abayturar/airflow-project/venv/lib/python3.12/site-packages/airflow/example_dags/tutorial.py for tasks to queue
[2026-03-28T18:40:27.603+0500] {logging_mixin.py:188} INFO - [2026-03-28T18:40:27.603+0500] {dagbag.py:545} INFO - Filling up the DagBag from /home/abayturar/airflow-project/venv/lib/python3.12/site-packages/airflow/example_dags/tutorial.py
[2026-03-28T18:40:27.609+0500] {processor.py:840} INFO - DAG(s) 'tutorial' retrieved from /home/abayturar/airflow-project/venv/lib/python3.12/site-packages/airflow/example_dags/tutorial.py
[2026-03-28T18:40:27.624+0500] {logging_mixin.py:188} INFO - [2026-03-28T18:40:27.623+0500] {dag.py:3089} INFO - Sync 1 DAGs
[2026-03-28T18:40:27.636+0500] {logging_mixin.py:188} INFO - [2026-03-28T18:40:27.636+0500] {dag.py:3947} INFO - Setting next_dagrun for tutorial to 2026-03-27 00:00:00+00:00, run_after=2026-03-28 00:00:00+00:00
[2026-03-28T18:40:27.657+0500] {processor.py:183} INFO - Processing /home/abayturar/airflow-project/venv/lib/python3.12/site-packages/airflow/example_dags/tutorial.py took 0.062 seconds
[2026-03-28T18:41:22.665+0500] {processor.py:161} INFO - Started process (PID=21700) to work on /home/abayturar/airflow-project/venv/lib/python3.12/site-packages/airflow/example_dags/tutorial.py
[2026-03-28T18:41:22.666+0500] {processor.py:830} INFO - Processing file /home/abayturar/airflow-project/venv/lib/python3.12/site-packages/airflow/example_dags/tutorial.py for tasks to queue
[2026-03-28T18:41:22.668+0500] {logging_mixin.py:188} INFO - [2026-03-28T18:41:22.667+0500] {dagbag.py:545} INFO - Filling up the DagBag from /home/abayturar/airflow-project/venv/lib/python3.12/site-packages/airflow/example_dags/tutorial.py
[2026-03-28T18:41:22.675+0500] {processor.py:840} INFO - DAG(s) 'tutorial' retrieved from /home/abayturar/airflow-project/venv/lib/python3.12/site-packages/airflow/example_dags/tutorial.py
[2026-03-28T18:41:22.692+0500] {logging_mixin.py:188} INFO - [2026-03-28T18:41:22.692+0500] {dag.py:3089} INFO - Sync 1 DAGs
[2026-03-28T18:41:22.707+0500] {logging_mixin.py:188} INFO - [2026-03-28T18:41:22.707+0500] {dag.py:3947} INFO - Setting next_dagrun for tutorial to 2026-03-27 00:00:00+00:00, run_after=2026-03-28 00:00:00+00:00
[2026-03-28T18:41:22.727+0500] {processor.py:183} INFO - Processing /home/abayturar/airflow-project/venv/lib/python3.12/site-packages/airflow/example_dags/tutorial.py took 0.068 seconds
[2026-03-28T18:42:29.415+0500] {processor.py:161} INFO - Started process (PID=21921) to work on /home/abayturar/airflow-project/venv/lib/python3.12/site-packages/airflow/example_dags/tutorial.py
[2026-03-28T18:42:29.416+0500] {processor.py:830} INFO - Processing file /home/abayturar/airflow-project/venv/lib/python3.12/site-packages/airflow/example_dags/tutorial.py for tasks to queue
[2026-03-28T18:42:29.417+0500] {logging_mixin.py:188} INFO - [2026-03-28T18:42:29.417+0500] {dagbag.py:545} INFO - Filling up the DagBag from /home/abayturar/airflow-project/venv/lib/python3.12/site-packages/airflow/example_dags/tutorial.py
[2026-03-28T18:42:29.424+0500] {processor.py:840} INFO - DAG(s) 'tutorial' retrieved from /home/abayturar/airflow-project/venv/lib/python3.12/site-packages/airflow/example_dags/tutorial.py
[2026-03-28T18:42:29.440+0500] {logging_mixin.py:188} INFO - [2026-03-28T18:42:29.440+0500] {dag.py:3089} INFO - Sync 1 DAGs
[2026-03-28T18:42:29.553+0500] {logging_mixin.py:188} INFO - [2026-03-28T18:42:29.552+0500] {dag.py:3947} INFO - Setting next_dagrun for tutorial to 2026-03-27 00:00:00+00:00, run_after=2026-03-28 00:00:00+00:00
[2026-03-28T18:42:29.578+0500] {processor.py:183} INFO - Processing /home/abayturar/airflow-project/venv/lib/python3.12/site-packages/airflow/example_dags/tutorial.py took 0.169 seconds
[2026-03-28T18:43:17.405+0500] {processor.py:161} INFO - Started process (PID=22076) to work on /home/abayturar/airflow-project/venv/lib/python3.12/site-packages/airflow/example_dags/tutorial.py
[2026-03-28T18:43:17.406+0500] {processor.py:830} INFO - Processing file /home/abayturar/airflow-project/venv/lib/python3.12/site-packages/airflow/example_dags/tutorial.py for tasks to queue
[2026-03-28T18:43:17.408+0500] {logging_mixin.py:188} INFO - [2026-03-28T18:43:17.407+0500] {dagbag.py:545} INFO - Filling up the DagBag from /home/abayturar/airflow-project/venv/lib/python3.12/site-packages/airflow/example_dags/tutorial.py
[2026-03-28T18:43:17.414+0500] {processor.py:840} INFO - DAG(s) 'tutorial' retrieved from /home/abayturar/airflow-project/venv/lib/python3.12/site-packages/airflow/example_dags/tutorial.py
[2026-03-28T18:43:17.495+0500] {logging_mixin.py:188} INFO - [2026-03-28T18:43:17.495+0500] {dag.py:3089} INFO - Sync 1 DAGs
[2026-03-28T18:43:17.517+0500] {logging_mixin.py:188} INFO - [2026-03-28T18:43:17.516+0500] {dag.py:3947} INFO - Setting next_dagrun for tutorial to 2026-03-27 00:00:00+00:00, run_after=2026-03-28 00:00:00+00:00
[2026-03-28T18:43:17.546+0500] {processor.py:183} INFO - Processing /home/abayturar/airflow-project/venv/lib/python3.12/site-packages/airflow/example_dags/tutorial.py took 0.147 seconds
[2026-03-28T18:44:04.485+0500] {processor.py:161} INFO - Started process (PID=22215) to work on /home/abayturar/airflow-project/venv/lib/python3.12/site-packages/airflow/example_dags/tutorial.py
[2026-03-28T18:44:04.486+0500] {processor.py:830} INFO - Processing file /home/abayturar/airflow-project/venv/lib/python3.12/site-packages/airflow/example_dags/tutorial.py for tasks to queue
[2026-03-28T18:44:04.487+0500] {logging_mixin.py:188} INFO - [2026-03-28T18:44:04.487+0500] {dagbag.py:545} INFO - Filling up the DagBag from /home/abayturar/airflow-project/venv/lib/python3.12/site-packages/airflow/example_dags/tutorial.py
[2026-03-28T18:44:04.494+0500] {processor.py:840} INFO - DAG(s) 'tutorial' retrieved from /home/abayturar/airflow-project/venv/lib/python3.12/site-packages/airflow/example_dags/tutorial.py
[2026-03-28T18:44:04.616+0500] {logging_mixin.py:188} INFO - [2026-03-28T18:44:04.615+0500] {dag.py:3089} INFO - Sync 1 DAGs
[2026-03-28T18:44:04.626+0500] {logging_mixin.py:188} INFO - [2026-03-28T18:44:04.626+0500] {dag.py:3947} INFO - Setting next_dagrun for tutorial to 2026-03-27 00:00:00+00:00, run_after=2026-03-28 00:00:00+00:00
[2026-03-28T18:44:04.651+0500] {processor.py:183} INFO - Processing /home/abayturar/airflow-project/venv/lib/python3.12/site-packages/airflow/example_dags/tutorial.py took 0.172 seconds
[2026-03-28T18:44:55.948+0500] {processor.py:161} INFO - Started process (PID=22348) to work on /home/abayturar/airflow-project/venv/lib/python3.12/site-packages/airflow/example_dags/tutorial.py
[2026-03-28T18:44:55.949+0500] {processor.py:830} INFO - Processing file /home/abayturar/airflow-project/venv/lib/python3.12/site-packages/airflow/example_dags/tutorial.py for tasks to queue
[2026-03-28T18:44:55.950+0500] {logging_mixin.py:188} INFO - [2026-03-28T18:44:55.950+0500] {dagbag.py:545} INFO - Filling up the DagBag from /home/abayturar/airflow-project/venv/lib/python3.12/site-packages/airflow/example_dags/tutorial.py
[2026-03-28T18:44:55.957+0500] {processor.py:840} INFO - DAG(s) 'tutorial' retrieved from /home/abayturar/airflow-project/venv/lib/python3.12/site-packages/airflow/example_dags/tutorial.py
[2026-03-28T18:44:55.972+0500] {logging_mixin.py:188} INFO - [2026-03-28T18:44:55.972+0500] {dag.py:3089} INFO - Sync 1 DAGs
[2026-03-28T18:44:55.986+0500] {logging_mixin.py:188} INFO - [2026-03-28T18:44:55.986+0500] {dag.py:3947} INFO - Setting next_dagrun for tutorial to 2026-03-27 00:00:00+00:00, run_after=2026-03-28 00:00:00+00:00
[2026-03-28T18:44:56.003+0500] {processor.py:183} INFO - Processing /home/abayturar/airflow-project/venv/lib/python3.12/site-packages/airflow/example_dags/tutorial.py took 0.062 seconds
[2026-03-28T18:45:45.086+0500] {processor.py:161} INFO - Started process (PID=22480) to work on /home/abayturar/airflow-project/venv/lib/python3.12/site-packages/airflow/example_dags/tutorial.py
[2026-03-28T18:45:45.087+0500] {processor.py:830} INFO - Processing file /home/abayturar/airflow-project/venv/lib/python3.12/site-packages/airflow/example_dags/tutorial.py for tasks to queue
[2026-03-28T18:45:45.089+0500] {logging_mixin.py:188} INFO - [2026-03-28T18:45:45.088+0500] {dagbag.py:545} INFO - Filling up the DagBag from /home/abayturar/airflow-project/venv/lib/python3.12/site-packages/airflow/example_dags/tutorial.py
[2026-03-28T18:45:45.095+0500] {processor.py:840} INFO - DAG(s) 'tutorial' retrieved from /home/abayturar/airflow-project/venv/lib/python3.12/site-packages/airflow/example_dags/tutorial.py
[2026-03-28T18:45:45.110+0500] {logging_mixin.py:188} INFO - [2026-03-28T18:45:45.110+0500] {dag.py:3089} INFO - Sync 1 DAGs
[2026-03-28T18:45:45.124+0500] {logging_mixin.py:188} INFO - [2026-03-28T18:45:45.123+0500] {dag.py:3947} INFO - Setting next_dagrun for tutorial to 2026-03-27 00:00:00+00:00, run_after=2026-03-28 00:00:00+00:00
[2026-03-28T18:45:45.150+0500] {processor.py:183} INFO - Processing /home/abayturar/airflow-project/venv/lib/python3.12/site-packages/airflow/example_dags/tutorial.py took 0.070 seconds
[2026-03-28T18:46:32.809+0500] {processor.py:161} INFO - Started process (PID=22609) to work on /home/abayturar/airflow-project/venv/lib/python3.12/site-packages/airflow/example_dags/tutorial.py
[2026-03-28T18:46:32.810+0500] {processor.py:830} INFO - Processing file /home/abayturar/airflow-project/venv/lib/python3.12/site-packages/airflow/example_dags/tutorial.py for tasks to queue
[2026-03-28T18:46:32.811+0500] {logging_mixin.py:188} INFO - [2026-03-28T18:46:32.811+0500] {dagbag.py:545} INFO - Filling up the DagBag from /home/abayturar/airflow-project/venv/lib/python3.12/site-packages/airflow/example_dags/tutorial.py
[2026-03-28T18:46:32.818+0500] {processor.py:840} INFO - DAG(s) 'tutorial' retrieved from /home/abayturar/airflow-project/venv/lib/python3.12/site-packages/airflow/example_dags/tutorial.py
[2026-03-28T18:46:32.832+0500] {logging_mixin.py:188} INFO - [2026-03-28T18:46:32.832+0500] {dag.py:3089} INFO - Sync 1 DAGs
[2026-03-28T18:46:32.845+0500] {logging_mixin.py:188} INFO - [2026-03-28T18:46:32.845+0500] {dag.py:3947} INFO - Setting next_dagrun for tutorial to 2026-03-27 00:00:00+00:00, run_after=2026-03-28 00:00:00+00:00
[2026-03-28T18:46:32.860+0500] {processor.py:183} INFO - Processing /home/abayturar/airflow-project/venv/lib/python3.12/site-packages/airflow/example_dags/tutorial.py took 0.057 seconds
[2026-03-28T18:47:20.222+0500] {processor.py:161} INFO - Started process (PID=22737) to work on /home/abayturar/airflow-project/venv/lib/python3.12/site-packages/airflow/example_dags/tutorial.py
[2026-03-28T18:47:20.223+0500] {processor.py:830} INFO - Processing file /home/abayturar/airflow-project/venv/lib/python3.12/site-packages/airflow/example_dags/tutorial.py for tasks to queue
[2026-03-28T18:47:20.225+0500] {logging_mixin.py:188} INFO - [2026-03-28T18:47:20.224+0500] {dagbag.py:545} INFO - Filling up the DagBag from /home/abayturar/airflow-project/venv/lib/python3.12/site-packages/airflow/example_dags/tutorial.py
[2026-03-28T18:47:20.231+0500] {processor.py:840} INFO - DAG(s) 'tutorial' retrieved from /home/abayturar/airflow-project/venv/lib/python3.12/site-packages/airflow/example_dags/tutorial.py
[2026-03-28T18:47:20.246+0500] {logging_mixin.py:188} INFO - [2026-03-28T18:47:20.246+0500] {dag.py:3089} INFO - Sync 1 DAGs
[2026-03-28T18:47:20.259+0500] {logging_mixin.py:188} INFO - [2026-03-28T18:47:20.259+0500] {dag.py:3947} INFO - Setting next_dagrun for tutorial to 2026-03-27 00:00:00+00:00, run_after=2026-03-28 00:00:00+00:00
[2026-03-28T18:47:20.286+0500] {processor.py:183} INFO - Processing /home/abayturar/airflow-project/venv/lib/python3.12/site-packages/airflow/example_dags/tutorial.py took 0.069 seconds
[2026-03-28T18:48:05.734+0500] {processor.py:161} INFO - Started process (PID=22859) to work on /home/abayturar/airflow-project/venv/lib/python3.12/site-packages/airflow/example_dags/tutorial.py
[2026-03-28T18:48:05.734+0500] {processor.py:830} INFO - Processing file /home/abayturar/airflow-project/venv/lib/python3.12/site-packages/airflow/example_dags/tutorial.py for tasks to queue
[2026-03-28T18:48:05.736+0500] {logging_mixin.py:188} INFO - [2026-03-28T18:48:05.736+0500] {dagbag.py:545} INFO - Filling up the DagBag from /home/abayturar/airflow-project/venv/lib/python3.12/site-packages/airflow/example_dags/tutorial.py
[2026-03-28T18:48:05.742+0500] {processor.py:840} INFO - DAG(s) 'tutorial' retrieved from /home/abayturar/airflow-project/venv/lib/python3.12/site-packages/airflow/example_dags/tutorial.py
[2026-03-28T18:48:05.757+0500] {logging_mixin.py:188} INFO - [2026-03-28T18:48:05.757+0500] {dag.py:3089} INFO - Sync 1 DAGs
[2026-03-28T18:48:05.770+0500] {logging_mixin.py:188} INFO - [2026-03-28T18:48:05.770+0500] {dag.py:3947} INFO - Setting next_dagrun for tutorial to 2026-03-27 00:00:00+00:00, run_after=2026-03-28 00:00:00+00:00
[2026-03-28T18:48:05.787+0500] {processor.py:183} INFO - Processing /home/abayturar/airflow-project/venv/lib/python3.12/site-packages/airflow/example_dags/tutorial.py took 0.060 seconds
[2026-03-28T18:48:48.067+0500] {processor.py:161} INFO - Started process (PID=22973) to work on /home/abayturar/airflow-project/venv/lib/python3.12/site-packages/airflow/example_dags/tutorial.py
[2026-03-28T18:48:48.068+0500] {processor.py:830} INFO - Processing file /home/abayturar/airflow-project/venv/lib/python3.12/site-packages/airflow/example_dags/tutorial.py for tasks to queue
[2026-03-28T18:48:48.069+0500] {logging_mixin.py:188} INFO - [2026-03-28T18:48:48.069+0500] {dagbag.py:545} INFO - Filling up the DagBag from /home/abayturar/airflow-project/venv/lib/python3.12/site-packages/airflow/example_dags/tutorial.py
[2026-03-28T18:48:48.076+0500] {processor.py:840} INFO - DAG(s) 'tutorial' retrieved from /home/abayturar/airflow-project/venv/lib/python3.12/site-packages/airflow/example_dags/tutorial.py
[2026-03-28T18:48:48.091+0500] {logging_mixin.py:188} INFO - [2026-03-28T18:48:48.091+0500] {dag.py:3089} INFO - Sync 1 DAGs
[2026-03-28T18:48:48.105+0500] {logging_mixin.py:188} INFO - [2026-03-28T18:48:48.105+0500] {dag.py:3947} INFO - Setting next_dagrun for tutorial to 2026-03-27 00:00:00+00:00, run_after=2026-03-28 00:00:00+00:00
[2026-03-28T18:48:48.120+0500] {processor.py:183} INFO - Processing /home/abayturar/airflow-project/venv/lib/python3.12/site-packages/airflow/example_dags/tutorial.py took 0.060 seconds
[2026-03-28T18:49:34.300+0500] {processor.py:161} INFO - Started process (PID=23097) to work on /home/abayturar/airflow-project/venv/lib/python3.12/site-packages/airflow/example_dags/tutorial.py
[2026-03-28T18:49:34.301+0500] {processor.py:830} INFO - Processing file /home/abayturar/airflow-project/venv/lib/python3.12/site-packages/airflow/example_dags/tutorial.py for tasks to queue
[2026-03-28T18:49:34.303+0500] {logging_mixin.py:188} INFO - [2026-03-28T18:49:34.303+0500] {dagbag.py:545} INFO - Filling up the DagBag from /home/abayturar/airflow-project/venv/lib/python3.12/site-packages/airflow/example_dags/tutorial.py
[2026-03-28T18:49:34.309+0500] {processor.py:840} INFO - DAG(s) 'tutorial' retrieved from /home/abayturar/airflow-project/venv/lib/python3.12/site-packages/airflow/example_dags/tutorial.py
[2026-03-28T18:49:34.327+0500] {logging_mixin.py:188} INFO - [2026-03-28T18:49:34.327+0500] {dag.py:3089} INFO - Sync 1 DAGs
[2026-03-28T18:49:34.343+0500] {logging_mixin.py:188} INFO - [2026-03-28T18:49:34.343+0500] {dag.py:3947} INFO - Setting next_dagrun for tutorial to 2026-03-27 00:00:00+00:00, run_after=2026-03-28 00:00:00+00:00
[2026-03-28T18:49:34.358+0500] {processor.py:183} INFO - Processing /home/abayturar/airflow-project/venv/lib/python3.12/site-packages/airflow/example_dags/tutorial.py took 0.064 seconds
[2026-03-28T18:50:19.719+0500] {processor.py:161} INFO - Started process (PID=23220) to work on /home/abayturar/airflow-project/venv/lib/python3.12/site-packages/airflow/example_dags/tutorial.py
[2026-03-28T18:50:19.720+0500] {processor.py:830} INFO - Processing file /home/abayturar/airflow-project/venv/lib/python3.12/site-packages/airflow/example_dags/tutorial.py for tasks to queue
[2026-03-28T18:50:19.722+0500] {logging_mixin.py:188} INFO - [2026-03-28T18:50:19.722+0500] {dagbag.py:545} INFO - Filling up the DagBag from /home/abayturar/airflow-project/venv/lib/python3.12/site-packages/airflow/example_dags/tutorial.py
[2026-03-28T18:50:19.728+0500] {processor.py:840} INFO - DAG(s) 'tutorial' retrieved from /home/abayturar/airflow-project/venv/lib/python3.12/site-packages/airflow/example_dags/tutorial.py
[2026-03-28T18:50:19.743+0500] {logging_mixin.py:188} INFO - [2026-03-28T18:50:19.743+0500] {dag.py:3089} INFO - Sync 1 DAGs
[2026-03-28T18:50:19.759+0500] {logging_mixin.py:188} INFO - [2026-03-28T18:50:19.758+0500] {dag.py:3947} INFO - Setting next_dagrun for tutorial to 2026-03-27 00:00:00+00:00, run_after=2026-03-28 00:00:00+00:00
[2026-03-28T18:50:19.787+0500] {processor.py:183} INFO - Processing /home/abayturar/airflow-project/venv/lib/python3.12/site-packages/airflow/example_dags/tutorial.py took 0.074 seconds
[2026-03-28T18:51:07.160+0500] {processor.py:161} INFO - Started process (PID=23346) to work on /home/abayturar/airflow-project/venv/lib/python3.12/site-packages/airflow/example_dags/tutorial.py
[2026-03-28T18:51:07.161+0500] {processor.py:830} INFO - Processing file /home/abayturar/airflow-project/venv/lib/python3.12/site-packages/airflow/example_dags/tutorial.py for tasks to queue
[2026-03-28T18:51:07.162+0500] {logging_mixin.py:188} INFO - [2026-03-28T18:51:07.162+0500] {dagbag.py:545} INFO - Filling up the DagBag from /home/abayturar/airflow-project/venv/lib/python3.12/site-packages/airflow/example_dags/tutorial.py
[2026-03-28T18:51:07.169+0500] {processor.py:840} INFO - DAG(s) 'tutorial' retrieved from /home/abayturar/airflow-project/venv/lib/python3.12/site-packages/airflow/example_dags/tutorial.py
[2026-03-28T18:51:07.185+0500] {logging_mixin.py:188} INFO - [2026-03-28T18:51:07.185+0500] {dag.py:3089} INFO - Sync 1 DAGs
[2026-03-28T18:51:07.198+0500] {logging_mixin.py:188} INFO - [2026-03-28T18:51:07.198+0500] {dag.py:3947} INFO - Setting next_dagrun for tutorial to 2026-03-27 00:00:00+00:00, run_after=2026-03-28 00:00:00+00:00
[2026-03-28T18:51:07.213+0500] {processor.py:183} INFO - Processing /home/abayturar/airflow-project/venv/lib/python3.12/site-packages/airflow/example_dags/tutorial.py took 0.059 seconds
[2026-03-28T18:51:54.616+0500] {processor.py:161} INFO - Started process (PID=23473) to work on /home/abayturar/airflow-project/venv/lib/python3.12/site-packages/airflow/example_dags/tutorial.py
[2026-03-28T18:51:54.617+0500] {processor.py:830} INFO - Processing file /home/abayturar/airflow-project/venv/lib/python3.12/site-packages/airflow/example_dags/tutorial.py for tasks to queue
[2026-03-28T18:51:54.618+0500] {logging_mixin.py:188} INFO - [2026-03-28T18:51:54.618+0500] {dagbag.py:545} INFO - Filling up the DagBag from /home/abayturar/airflow-project/venv/lib/python3.12/site-packages/airflow/example_dags/tutorial.py
[2026-03-28T18:51:54.625+0500] {processor.py:840} INFO - DAG(s) 'tutorial' retrieved from /home/abayturar/airflow-project/venv/lib/python3.12/site-packages/airflow/example_dags/tutorial.py
[2026-03-28T18:51:54.639+0500] {logging_mixin.py:188} INFO - [2026-03-28T18:51:54.639+0500] {dag.py:3089} INFO - Sync 1 DAGs
[2026-03-28T18:51:54.653+0500] {logging_mixin.py:188} INFO - [2026-03-28T18:51:54.653+0500] {dag.py:3947} INFO - Setting next_dagrun for tutorial to 2026-03-27 00:00:00+00:00, run_after=2026-03-28 00:00:00+00:00
[2026-03-28T18:51:54.680+0500] {processor.py:183} INFO - Processing /home/abayturar/airflow-project/venv/lib/python3.12/site-packages/airflow/example_dags/tutorial.py took 0.070 seconds
[2026-03-28T18:52:39.559+0500] {processor.py:161} INFO - Started process (PID=23595) to work on /home/abayturar/airflow-project/venv/lib/python3.12/site-packages/airflow/example_dags/tutorial.py
[2026-03-28T18:52:39.560+0500] {processor.py:830} INFO - Processing file /home/abayturar/airflow-project/venv/lib/python3.12/site-packages/airflow/example_dags/tutorial.py for tasks to queue
[2026-03-28T18:52:39.562+0500] {logging_mixin.py:188} INFO - [2026-03-28T18:52:39.561+0500] {dagbag.py:545} INFO - Filling up the DagBag from /home/abayturar/airflow-project/venv/lib/python3.12/site-packages/airflow/example_dags/tutorial.py
[2026-03-28T18:52:39.568+0500] {processor.py:840} INFO - DAG(s) 'tutorial' retrieved from /home/abayturar/airflow-project/venv/lib/python3.12/site-packages/airflow/example_dags/tutorial.py
[2026-03-28T18:52:39.584+0500] {logging_mixin.py:188} INFO - [2026-03-28T18:52:39.584+0500] {dag.py:3089} INFO - Sync 1 DAGs
[2026-03-28T18:52:39.599+0500] {logging_mixin.py:188} INFO - [2026-03-28T18:52:39.599+0500] {dag.py:3947} INFO - Setting next_dagrun for tutorial to 2026-03-27 00:00:00+00:00, run_after=2026-03-28 00:00:00+00:00
[2026-03-28T18:52:39.628+0500] {processor.py:183} INFO - Processing /home/abayturar/airflow-project/venv/lib/python3.12/site-packages/airflow/example_dags/tutorial.py took 0.075 seconds
[2026-03-28T18:53:24.690+0500] {processor.py:161} INFO - Started process (PID=23718) to work on /home/abayturar/airflow-project/venv/lib/python3.12/site-packages/airflow/example_dags/tutorial.py
[2026-03-28T18:53:24.690+0500] {processor.py:830} INFO - Processing file /home/abayturar/airflow-project/venv/lib/python3.12/site-packages/airflow/example_dags/tutorial.py for tasks to queue
[2026-03-28T18:53:24.692+0500] {logging_mixin.py:188} INFO - [2026-03-28T18:53:24.692+0500] {dagbag.py:545} INFO - Filling up the DagBag from /home/abayturar/airflow-project/venv/lib/python3.12/site-packages/airflow/example_dags/tutorial.py
[2026-03-28T18:53:24.699+0500] {processor.py:840} INFO - DAG(s) 'tutorial' retrieved from /home/abayturar/airflow-project/venv/lib/python3.12/site-packages/airflow/example_dags/tutorial.py
[2026-03-28T18:53:24.714+0500] {logging_mixin.py:188} INFO - [2026-03-28T18:53:24.714+0500] {dag.py:3089} INFO - Sync 1 DAGs
[2026-03-28T18:53:24.730+0500] {logging_mixin.py:188} INFO - [2026-03-28T18:53:24.729+0500] {dag.py:3947} INFO - Setting next_dagrun for tutorial to 2026-03-27 00:00:00+00:00, run_after=2026-03-28 00:00:00+00:00
[2026-03-28T18:53:24.747+0500] {processor.py:183} INFO - Processing /home/abayturar/airflow-project/venv/lib/python3.12/site-packages/airflow/example_dags/tutorial.py took 0.063 seconds
[2026-03-28T18:54:10.911+0500] {processor.py:161} INFO - Started process (PID=23840) to work on /home/abayturar/airflow-project/venv/lib/python3.12/site-packages/airflow/example_dags/tutorial.py
[2026-03-28T18:54:10.912+0500] {processor.py:830} INFO - Processing file /home/abayturar/airflow-project/venv/lib/python3.12/site-packages/airflow/example_dags/tutorial.py for tasks to queue
[2026-03-28T18:54:10.915+0500] {logging_mixin.py:188} INFO - [2026-03-28T18:54:10.915+0500] {dagbag.py:545} INFO - Filling up the DagBag from /home/abayturar/airflow-project/venv/lib/python3.12/site-packages/airflow/example_dags/tutorial.py
[2026-03-28T18:54:10.924+0500] {processor.py:840} INFO - DAG(s) 'tutorial' retrieved from /home/abayturar/airflow-project/venv/lib/python3.12/site-packages/airflow/example_dags/tutorial.py
[2026-03-28T18:54:10.946+0500] {logging_mixin.py:188} INFO - [2026-03-28T18:54:10.946+0500] {dag.py:3089} INFO - Sync 1 DAGs
[2026-03-28T18:54:10.967+0500] {logging_mixin.py:188} INFO - [2026-03-28T18:54:10.967+0500] {dag.py:3947} INFO - Setting next_dagrun for tutorial to 2026-03-27 00:00:00+00:00, run_after=2026-03-28 00:00:00+00:00
[2026-03-28T18:54:11.003+0500] {processor.py:183} INFO - Processing /home/abayturar/airflow-project/venv/lib/python3.12/site-packages/airflow/example_dags/tutorial.py took 0.100 seconds
[2026-03-28T18:54:55.029+0500] {processor.py:161} INFO - Started process (PID=23958) to work on /home/abayturar/airflow-project/venv/lib/python3.12/site-packages/airflow/example_dags/tutorial.py
[2026-03-28T18:54:55.030+0500] {processor.py:830} INFO - Processing file /home/abayturar/airflow-project/venv/lib/python3.12/site-packages/airflow/example_dags/tutorial.py for tasks to queue
[2026-03-28T18:54:55.032+0500] {logging_mixin.py:188} INFO - [2026-03-28T18:54:55.031+0500] {dagbag.py:545} INFO - Filling up the DagBag from /home/abayturar/airflow-project/venv/lib/python3.12/site-packages/airflow/example_dags/tutorial.py
[2026-03-28T18:54:55.039+0500] {processor.py:840} INFO - DAG(s) 'tutorial' retrieved from /home/abayturar/airflow-project/venv/lib/python3.12/site-packages/airflow/example_dags/tutorial.py
[2026-03-28T18:54:55.057+0500] {logging_mixin.py:188} INFO - [2026-03-28T18:54:55.056+0500] {dag.py:3089} INFO - Sync 1 DAGs
[2026-03-28T18:54:55.074+0500] {logging_mixin.py:188} INFO - [2026-03-28T18:54:55.073+0500] {dag.py:3947} INFO - Setting next_dagrun for tutorial to 2026-03-27 00:00:00+00:00, run_after=2026-03-28 00:00:00+00:00
[2026-03-28T18:54:55.095+0500] {processor.py:183} INFO - Processing /home/abayturar/airflow-project/venv/lib/python3.12/site-packages/airflow/example_dags/tutorial.py took 0.073 seconds
[2026-03-28T18:55:44.629+0500] {processor.py:161} INFO - Started process (PID=24088) to work on /home/abayturar/airflow-project/venv/lib/python3.12/site-packages/airflow/example_dags/tutorial.py
[2026-03-28T18:55:44.630+0500] {processor.py:830} INFO - Processing file /home/abayturar/airflow-project/venv/lib/python3.12/site-packages/airflow/example_dags/tutorial.py for tasks to queue
[2026-03-28T18:55:44.632+0500] {logging_mixin.py:188} INFO - [2026-03-28T18:55:44.632+0500] {dagbag.py:545} INFO - Filling up the DagBag from /home/abayturar/airflow-project/venv/lib/python3.12/site-packages/airflow/example_dags/tutorial.py
[2026-03-28T18:55:44.639+0500] {processor.py:840} INFO - DAG(s) 'tutorial' retrieved from /home/abayturar/airflow-project/venv/lib/python3.12/site-packages/airflow/example_dags/tutorial.py
[2026-03-28T18:55:44.668+0500] {logging_mixin.py:188} INFO - [2026-03-28T18:55:44.668+0500] {dag.py:3089} INFO - Sync 1 DAGs
[2026-03-28T18:55:44.697+0500] {logging_mixin.py:188} INFO - [2026-03-28T18:55:44.697+0500] {dag.py:3947} INFO - Setting next_dagrun for tutorial to 2026-03-27 00:00:00+00:00, run_after=2026-03-28 00:00:00+00:00
[2026-03-28T18:55:44.735+0500] {processor.py:183} INFO - Processing /home/abayturar/airflow-project/venv/lib/python3.12/site-packages/airflow/example_dags/tutorial.py took 0.118 seconds
[2026-03-28T18:56:37.314+0500] {processor.py:161} INFO - Started process (PID=24227) to work on /home/abayturar/airflow-project/venv/lib/python3.12/site-packages/airflow/example_dags/tutorial.py
[2026-03-28T18:56:37.315+0500] {processor.py:830} INFO - Processing file /home/abayturar/airflow-project/venv/lib/python3.12/site-packages/airflow/example_dags/tutorial.py for tasks to queue
[2026-03-28T18:56:37.316+0500] {logging_mixin.py:188} INFO - [2026-03-28T18:56:37.316+0500] {dagbag.py:545} INFO - Filling up the DagBag from /home/abayturar/airflow-project/venv/lib/python3.12/site-packages/airflow/example_dags/tutorial.py
[2026-03-28T18:56:37.323+0500] {processor.py:840} INFO - DAG(s) 'tutorial' retrieved from /home/abayturar/airflow-project/venv/lib/python3.12/site-packages/airflow/example_dags/tutorial.py
[2026-03-28T18:56:37.339+0500] {logging_mixin.py:188} INFO - [2026-03-28T18:56:37.339+0500] {dag.py:3089} INFO - Sync 1 DAGs
[2026-03-28T18:56:37.353+0500] {logging_mixin.py:188} INFO - [2026-03-28T18:56:37.352+0500] {dag.py:3947} INFO - Setting next_dagrun for tutorial to 2026-03-27 00:00:00+00:00, run_after=2026-03-28 00:00:00+00:00
[2026-03-28T18:56:37.381+0500] {processor.py:183} INFO - Processing /home/abayturar/airflow-project/venv/lib/python3.12/site-packages/airflow/example_dags/tutorial.py took 0.073 seconds
[2026-03-28T18:57:27.054+0500] {processor.py:161} INFO - Started process (PID=24358) to work on /home/abayturar/airflow-project/venv/lib/python3.12/site-packages/airflow/example_dags/tutorial.py
[2026-03-28T18:57:27.055+0500] {processor.py:830} INFO - Processing file /home/abayturar/airflow-project/venv/lib/python3.12/site-packages/airflow/example_dags/tutorial.py for tasks to queue
[2026-03-28T18:57:27.057+0500] {logging_mixin.py:188} INFO - [2026-03-28T18:57:27.057+0500] {dagbag.py:545} INFO - Filling up the DagBag from /home/abayturar/airflow-project/venv/lib/python3.12/site-packages/airflow/example_dags/tutorial.py
[2026-03-28T18:57:27.063+0500] {processor.py:840} INFO - DAG(s) 'tutorial' retrieved from /home/abayturar/airflow-project/venv/lib/python3.12/site-packages/airflow/example_dags/tutorial.py
[2026-03-28T18:57:27.078+0500] {logging_mixin.py:188} INFO - [2026-03-28T18:57:27.078+0500] {dag.py:3089} INFO - Sync 1 DAGs
[2026-03-28T18:57:27.091+0500] {logging_mixin.py:188} INFO - [2026-03-28T18:57:27.091+0500] {dag.py:3947} INFO - Setting next_dagrun for tutorial to 2026-03-27 00:00:00+00:00, run_after=2026-03-28 00:00:00+00:00
[2026-03-28T18:57:27.106+0500] {processor.py:183} INFO - Processing /home/abayturar/airflow-project/venv/lib/python3.12/site-packages/airflow/example_dags/tutorial.py took 0.057 seconds
[2026-03-28T18:58:14.223+0500] {processor.py:161} INFO - Started process (PID=24484) to work on /home/abayturar/airflow-project/venv/lib/python3.12/site-packages/airflow/example_dags/tutorial.py
[2026-03-28T18:58:14.224+0500] {processor.py:830} INFO - Processing file /home/abayturar/airflow-project/venv/lib/python3.12/site-packages/airflow/example_dags/tutorial.py for tasks to queue
[2026-03-28T18:58:14.226+0500] {logging_mixin.py:188} INFO - [2026-03-28T18:58:14.226+0500] {dagbag.py:545} INFO - Filling up the DagBag from /home/abayturar/airflow-project/venv/lib/python3.12/site-packages/airflow/example_dags/tutorial.py
[2026-03-28T18:58:14.232+0500] {processor.py:840} INFO - DAG(s) 'tutorial' retrieved from /home/abayturar/airflow-project/venv/lib/python3.12/site-packages/airflow/example_dags/tutorial.py
[2026-03-28T18:58:14.248+0500] {logging_mixin.py:188} INFO - [2026-03-28T18:58:14.248+0500] {dag.py:3089} INFO - Sync 1 DAGs
[2026-03-28T18:58:14.263+0500] {logging_mixin.py:188} INFO - [2026-03-28T18:58:14.262+0500] {dag.py:3947} INFO - Setting next_dagrun for tutorial to 2026-03-27 00:00:00+00:00, run_after=2026-03-28 00:00:00+00:00
[2026-03-28T18:58:14.291+0500] {processor.py:183} INFO - Processing /home/abayturar/airflow-project/venv/lib/python3.12/site-packages/airflow/example_dags/tutorial.py took 0.074 seconds
[2026-03-28T18:59:00.681+0500] {processor.py:161} INFO - Started process (PID=24608) to work on /home/abayturar/airflow-project/venv/lib/python3.12/site-packages/airflow/example_dags/tutorial.py
[2026-03-28T18:59:00.682+0500] {processor.py:830} INFO - Processing file /home/abayturar/airflow-project/venv/lib/python3.12/site-packages/airflow/example_dags/tutorial.py for tasks to queue
[2026-03-28T18:59:00.684+0500] {logging_mixin.py:188} INFO - [2026-03-28T18:59:00.684+0500] {dagbag.py:545} INFO - Filling up the DagBag from /home/abayturar/airflow-project/venv/lib/python3.12/site-packages/airflow/example_dags/tutorial.py
[2026-03-28T18:59:00.690+0500] {processor.py:840} INFO - DAG(s) 'tutorial' retrieved from /home/abayturar/airflow-project/venv/lib/python3.12/site-packages/airflow/example_dags/tutorial.py
[2026-03-28T18:59:00.706+0500] {logging_mixin.py:188} INFO - [2026-03-28T18:59:00.706+0500] {dag.py:3089} INFO - Sync 1 DAGs
[2026-03-28T18:59:00.720+0500] {logging_mixin.py:188} INFO - [2026-03-28T18:59:00.720+0500] {dag.py:3947} INFO - Setting next_dagrun for tutorial to 2026-03-27 00:00:00+00:00, run_after=2026-03-28 00:00:00+00:00
[2026-03-28T18:59:00.748+0500] {processor.py:183} INFO - Processing /home/abayturar/airflow-project/venv/lib/python3.12/site-packages/airflow/example_dags/tutorial.py took 0.072 seconds
[2026-03-28T18:59:47.683+0500] {processor.py:161} INFO - Started process (PID=24734) to work on /home/abayturar/airflow-project/venv/lib/python3.12/site-packages/airflow/example_dags/tutorial.py
[2026-03-28T18:59:47.684+0500] {processor.py:830} INFO - Processing file /home/abayturar/airflow-project/venv/lib/python3.12/site-packages/airflow/example_dags/tutorial.py for tasks to queue
[2026-03-28T18:59:47.686+0500] {logging_mixin.py:188} INFO - [2026-03-28T18:59:47.685+0500] {dagbag.py:545} INFO - Filling up the DagBag from /home/abayturar/airflow-project/venv/lib/python3.12/site-packages/airflow/example_dags/tutorial.py
[2026-03-28T18:59:47.693+0500] {processor.py:840} INFO - DAG(s) 'tutorial' retrieved from /home/abayturar/airflow-project/venv/lib/python3.12/site-packages/airflow/example_dags/tutorial.py
[2026-03-28T18:59:47.709+0500] {logging_mixin.py:188} INFO - [2026-03-28T18:59:47.709+0500] {dag.py:3089} INFO - Sync 1 DAGs
[2026-03-28T18:59:47.724+0500] {logging_mixin.py:188} INFO - [2026-03-28T18:59:47.724+0500] {dag.py:3947} INFO - Setting next_dagrun for tutorial to 2026-03-27 00:00:00+00:00, run_after=2026-03-28 00:00:00+00:00
[2026-03-28T18:59:47.752+0500] {processor.py:183} INFO - Processing /home/abayturar/airflow-project/venv/lib/python3.12/site-packages/airflow/example_dags/tutorial.py took 0.075 seconds
[2026-03-28T19:00:35.161+0500] {processor.py:161} INFO - Started process (PID=24861) to work on /home/abayturar/airflow-project/venv/lib/python3.12/site-packages/airflow/example_dags/tutorial.py
[2026-03-28T19:00:35.162+0500] {processor.py:830} INFO - Processing file /home/abayturar/airflow-project/venv/lib/python3.12/site-packages/airflow/example_dags/tutorial.py for tasks to queue
[2026-03-28T19:00:35.163+0500] {logging_mixin.py:188} INFO - [2026-03-28T19:00:35.163+0500] {dagbag.py:545} INFO - Filling up the DagBag from /home/abayturar/airflow-project/venv/lib/python3.12/site-packages/airflow/example_dags/tutorial.py
[2026-03-28T19:00:35.171+0500] {processor.py:840} INFO - DAG(s) 'tutorial' retrieved from /home/abayturar/airflow-project/venv/lib/python3.12/site-packages/airflow/example_dags/tutorial.py
[2026-03-28T19:00:35.189+0500] {logging_mixin.py:188} INFO - [2026-03-28T19:00:35.189+0500] {dag.py:3089} INFO - Sync 1 DAGs
[2026-03-28T19:00:35.211+0500] {logging_mixin.py:188} INFO - [2026-03-28T19:00:35.211+0500] {dag.py:3947} INFO - Setting next_dagrun for tutorial to 2026-03-27 00:00:00+00:00, run_after=2026-03-28 00:00:00+00:00
[2026-03-28T19:00:35.258+0500] {processor.py:183} INFO - Processing /home/abayturar/airflow-project/venv/lib/python3.12/site-packages/airflow/example_dags/tutorial.py took 0.105 seconds
[2026-03-28T19:01:21.504+0500] {processor.py:161} INFO - Started process (PID=24987) to work on /home/abayturar/airflow-project/venv/lib/python3.12/site-packages/airflow/example_dags/tutorial.py
[2026-03-28T19:01:21.505+0500] {processor.py:830} INFO - Processing file /home/abayturar/airflow-project/venv/lib/python3.12/site-packages/airflow/example_dags/tutorial.py for tasks to queue
[2026-03-28T19:01:21.507+0500] {logging_mixin.py:188} INFO - [2026-03-28T19:01:21.507+0500] {dagbag.py:545} INFO - Filling up the DagBag from /home/abayturar/airflow-project/venv/lib/python3.12/site-packages/airflow/example_dags/tutorial.py
[2026-03-28T19:01:21.515+0500] {processor.py:840} INFO - DAG(s) 'tutorial' retrieved from /home/abayturar/airflow-project/venv/lib/python3.12/site-packages/airflow/example_dags/tutorial.py
[2026-03-28T19:01:21.532+0500] {logging_mixin.py:188} INFO - [2026-03-28T19:01:21.532+0500] {dag.py:3089} INFO - Sync 1 DAGs
[2026-03-28T19:01:21.547+0500] {logging_mixin.py:188} INFO - [2026-03-28T19:01:21.547+0500] {dag.py:3947} INFO - Setting next_dagrun for tutorial to 2026-03-27 00:00:00+00:00, run_after=2026-03-28 00:00:00+00:00
[2026-03-28T19:01:21.576+0500] {processor.py:183} INFO - Processing /home/abayturar/airflow-project/venv/lib/python3.12/site-packages/airflow/example_dags/tutorial.py took 0.079 seconds
[2026-03-28T19:02:09.639+0500] {processor.py:161} INFO - Started process (PID=25116) to work on /home/abayturar/airflow-project/venv/lib/python3.12/site-packages/airflow/example_dags/tutorial.py
[2026-03-28T19:02:09.640+0500] {processor.py:830} INFO - Processing file /home/abayturar/airflow-project/venv/lib/python3.12/site-packages/airflow/example_dags/tutorial.py for tasks to queue
[2026-03-28T19:02:09.642+0500] {logging_mixin.py:188} INFO - [2026-03-28T19:02:09.642+0500] {dagbag.py:545} INFO - Filling up the DagBag from /home/abayturar/airflow-project/venv/lib/python3.12/site-packages/airflow/example_dags/tutorial.py
[2026-03-28T19:02:09.649+0500] {processor.py:840} INFO - DAG(s) 'tutorial' retrieved from /home/abayturar/airflow-project/venv/lib/python3.12/site-packages/airflow/example_dags/tutorial.py
[2026-03-28T19:02:09.665+0500] {logging_mixin.py:188} INFO - [2026-03-28T19:02:09.665+0500] {dag.py:3089} INFO - Sync 1 DAGs
[2026-03-28T19:02:09.680+0500] {logging_mixin.py:188} INFO - [2026-03-28T19:02:09.680+0500] {dag.py:3947} INFO - Setting next_dagrun for tutorial to 2026-03-27 00:00:00+00:00, run_after=2026-03-28 00:00:00+00:00
[2026-03-28T19:02:09.696+0500] {processor.py:183} INFO - Processing /home/abayturar/airflow-project/venv/lib/python3.12/site-packages/airflow/example_dags/tutorial.py took 0.063 seconds
[2026-03-28T19:02:52.495+0500] {processor.py:161} INFO - Started process (PID=25232) to work on /home/abayturar/airflow-project/venv/lib/python3.12/site-packages/airflow/example_dags/tutorial.py
[2026-03-28T19:02:52.496+0500] {processor.py:830} INFO - Processing file /home/abayturar/airflow-project/venv/lib/python3.12/site-packages/airflow/example_dags/tutorial.py for tasks to queue
[2026-03-28T19:02:52.498+0500] {logging_mixin.py:188} INFO - [2026-03-28T19:02:52.497+0500] {dagbag.py:545} INFO - Filling up the DagBag from /home/abayturar/airflow-project/venv/lib/python3.12/site-packages/airflow/example_dags/tutorial.py
[2026-03-28T19:02:52.504+0500] {processor.py:840} INFO - DAG(s) 'tutorial' retrieved from /home/abayturar/airflow-project/venv/lib/python3.12/site-packages/airflow/example_dags/tutorial.py
[2026-03-28T19:02:52.520+0500] {logging_mixin.py:188} INFO - [2026-03-28T19:02:52.520+0500] {dag.py:3089} INFO - Sync 1 DAGs
[2026-03-28T19:02:52.539+0500] {logging_mixin.py:188} INFO - [2026-03-28T19:02:52.539+0500] {dag.py:3947} INFO - Setting next_dagrun for tutorial to 2026-03-27 00:00:00+00:00, run_after=2026-03-28 00:00:00+00:00
[2026-03-28T19:02:52.569+0500] {processor.py:183} INFO - Processing /home/abayturar/airflow-project/venv/lib/python3.12/site-packages/airflow/example_dags/tutorial.py took 0.081 seconds
[2026-03-28T19:03:35.867+0500] {processor.py:161} INFO - Started process (PID=25350) to work on /home/abayturar/airflow-project/venv/lib/python3.12/site-packages/airflow/example_dags/tutorial.py
[2026-03-28T19:03:35.868+0500] {processor.py:830} INFO - Processing file /home/abayturar/airflow-project/venv/lib/python3.12/site-packages/airflow/example_dags/tutorial.py for tasks to queue
[2026-03-28T19:03:35.870+0500] {logging_mixin.py:188} INFO - [2026-03-28T19:03:35.870+0500] {dagbag.py:545} INFO - Filling up the DagBag from /home/abayturar/airflow-project/venv/lib/python3.12/site-packages/airflow/example_dags/tutorial.py
[2026-03-28T19:03:35.878+0500] {processor.py:840} INFO - DAG(s) 'tutorial' retrieved from /home/abayturar/airflow-project/venv/lib/python3.12/site-packages/airflow/example_dags/tutorial.py
[2026-03-28T19:03:35.896+0500] {logging_mixin.py:188} INFO - [2026-03-28T19:03:35.896+0500] {dag.py:3089} INFO - Sync 1 DAGs
[2026-03-28T19:03:35.913+0500] {logging_mixin.py:188} INFO - [2026-03-28T19:03:35.912+0500] {dag.py:3947} INFO - Setting next_dagrun for tutorial to 2026-03-27 00:00:00+00:00, run_after=2026-03-28 00:00:00+00:00
[2026-03-28T19:03:35.942+0500] {processor.py:183} INFO - Processing /home/abayturar/airflow-project/venv/lib/python3.12/site-packages/airflow/example_dags/tutorial.py took 0.083 seconds
[2026-03-28T19:04:23.452+0500] {processor.py:161} INFO - Started process (PID=25477) to work on /home/abayturar/airflow-project/venv/lib/python3.12/site-packages/airflow/example_dags/tutorial.py
[2026-03-28T19:04:23.453+0500] {processor.py:830} INFO - Processing file /home/abayturar/airflow-project/venv/lib/python3.12/site-packages/airflow/example_dags/tutorial.py for tasks to queue
[2026-03-28T19:04:23.455+0500] {logging_mixin.py:188} INFO - [2026-03-28T19:04:23.454+0500] {dagbag.py:545} INFO - Filling up the DagBag from /home/abayturar/airflow-project/venv/lib/python3.12/site-packages/airflow/example_dags/tutorial.py
[2026-03-28T19:04:23.461+0500] {processor.py:840} INFO - DAG(s) 'tutorial' retrieved from /home/abayturar/airflow-project/venv/lib/python3.12/site-packages/airflow/example_dags/tutorial.py
[2026-03-28T19:04:23.477+0500] {logging_mixin.py:188} INFO - [2026-03-28T19:04:23.476+0500] {dag.py:3089} INFO - Sync 1 DAGs
[2026-03-28T19:04:23.491+0500] {logging_mixin.py:188} INFO - [2026-03-28T19:04:23.490+0500] {dag.py:3947} INFO - Setting next_dagrun for tutorial to 2026-03-27 00:00:00+00:00, run_after=2026-03-28 00:00:00+00:00
[2026-03-28T19:04:23.505+0500] {processor.py:183} INFO - Processing /home/abayturar/airflow-project/venv/lib/python3.12/site-packages/airflow/example_dags/tutorial.py took 0.059 seconds
[2026-03-28T19:05:08.454+0500] {processor.py:161} INFO - Started process (PID=25600) to work on /home/abayturar/airflow-project/venv/lib/python3.12/site-packages/airflow/example_dags/tutorial.py
[2026-03-28T19:05:08.454+0500] {processor.py:830} INFO - Processing file /home/abayturar/airflow-project/venv/lib/python3.12/site-packages/airflow/example_dags/tutorial.py for tasks to queue
[2026-03-28T19:05:08.456+0500] {logging_mixin.py:188} INFO - [2026-03-28T19:05:08.456+0500] {dagbag.py:545} INFO - Filling up the DagBag from /home/abayturar/airflow-project/venv/lib/python3.12/site-packages/airflow/example_dags/tutorial.py
[2026-03-28T19:05:08.462+0500] {processor.py:840} INFO - DAG(s) 'tutorial' retrieved from /home/abayturar/airflow-project/venv/lib/python3.12/site-packages/airflow/example_dags/tutorial.py
[2026-03-28T19:05:08.477+0500] {logging_mixin.py:188} INFO - [2026-03-28T19:05:08.477+0500] {dag.py:3089} INFO - Sync 1 DAGs
[2026-03-28T19:05:08.491+0500] {logging_mixin.py:188} INFO - [2026-03-28T19:05:08.490+0500] {dag.py:3947} INFO - Setting next_dagrun for tutorial to 2026-03-27 00:00:00+00:00, run_after=2026-03-28 00:00:00+00:00
[2026-03-28T19:05:08.505+0500] {processor.py:183} INFO - Processing /home/abayturar/airflow-project/venv/lib/python3.12/site-packages/airflow/example_dags/tutorial.py took 0.058 seconds
[2026-03-28T19:05:51.448+0500] {processor.py:161} INFO - Started process (PID=25716) to work on /home/abayturar/airflow-project/venv/lib/python3.12/site-packages/airflow/example_dags/tutorial.py
[2026-03-28T19:05:51.449+0500] {processor.py:830} INFO - Processing file /home/abayturar/airflow-project/venv/lib/python3.12/site-packages/airflow/example_dags/tutorial.py for tasks to queue
[2026-03-28T19:05:51.451+0500] {logging_mixin.py:188} INFO - [2026-03-28T19:05:51.451+0500] {dagbag.py:545} INFO - Filling up the DagBag from /home/abayturar/airflow-project/venv/lib/python3.12/site-packages/airflow/example_dags/tutorial.py
[2026-03-28T19:05:51.458+0500] {processor.py:840} INFO - DAG(s) 'tutorial' retrieved from /home/abayturar/airflow-project/venv/lib/python3.12/site-packages/airflow/example_dags/tutorial.py
[2026-03-28T19:05:51.477+0500] {logging_mixin.py:188} INFO - [2026-03-28T19:05:51.477+0500] {dag.py:3089} INFO - Sync 1 DAGs
[2026-03-28T19:05:51.492+0500] {logging_mixin.py:188} INFO - [2026-03-28T19:05:51.492+0500] {dag.py:3947} INFO - Setting next_dagrun for tutorial to 2026-03-27 00:00:00+00:00, run_after=2026-03-28 00:00:00+00:00
[2026-03-28T19:05:51.508+0500] {processor.py:183} INFO - Processing /home/abayturar/airflow-project/venv/lib/python3.12/site-packages/airflow/example_dags/tutorial.py took 0.068 seconds
[2026-03-28T19:06:34.897+0500] {processor.py:161} INFO - Started process (PID=25834) to work on /home/abayturar/airflow-project/venv/lib/python3.12/site-packages/airflow/example_dags/tutorial.py
[2026-03-28T19:06:34.898+0500] {processor.py:830} INFO - Processing file /home/abayturar/airflow-project/venv/lib/python3.12/site-packages/airflow/example_dags/tutorial.py for tasks to queue
[2026-03-28T19:06:34.899+0500] {logging_mixin.py:188} INFO - [2026-03-28T19:06:34.899+0500] {dagbag.py:545} INFO - Filling up the DagBag from /home/abayturar/airflow-project/venv/lib/python3.12/site-packages/airflow/example_dags/tutorial.py
[2026-03-28T19:06:34.907+0500] {processor.py:840} INFO - DAG(s) 'tutorial' retrieved from /home/abayturar/airflow-project/venv/lib/python3.12/site-packages/airflow/example_dags/tutorial.py
[2026-03-28T19:06:34.924+0500] {logging_mixin.py:188} INFO - [2026-03-28T19:06:34.924+0500] {dag.py:3089} INFO - Sync 1 DAGs
[2026-03-28T19:06:34.940+0500] {logging_mixin.py:188} INFO - [2026-03-28T19:06:34.940+0500] {dag.py:3947} INFO - Setting next_dagrun for tutorial to 2026-03-27 00:00:00+00:00, run_after=2026-03-28 00:00:00+00:00
[2026-03-28T19:06:34.957+0500] {processor.py:183} INFO - Processing /home/abayturar/airflow-project/venv/lib/python3.12/site-packages/airflow/example_dags/tutorial.py took 0.067 seconds
[2026-03-28T19:07:17.391+0500] {processor.py:161} INFO - Started process (PID=25950) to work on /home/abayturar/airflow-project/venv/lib/python3.12/site-packages/airflow/example_dags/tutorial.py
[2026-03-28T19:07:17.392+0500] {processor.py:830} INFO - Processing file /home/abayturar/airflow-project/venv/lib/python3.12/site-packages/airflow/example_dags/tutorial.py for tasks to queue
[2026-03-28T19:07:17.394+0500] {logging_mixin.py:188} INFO - [2026-03-28T19:07:17.394+0500] {dagbag.py:545} INFO - Filling up the DagBag from /home/abayturar/airflow-project/venv/lib/python3.12/site-packages/airflow/example_dags/tutorial.py
[2026-03-28T19:07:17.401+0500] {processor.py:840} INFO - DAG(s) 'tutorial' retrieved from /home/abayturar/airflow-project/venv/lib/python3.12/site-packages/airflow/example_dags/tutorial.py
[2026-03-28T19:07:17.416+0500] {logging_mixin.py:188} INFO - [2026-03-28T19:07:17.416+0500] {dag.py:3089} INFO - Sync 1 DAGs
[2026-03-28T19:07:17.431+0500] {logging_mixin.py:188} INFO - [2026-03-28T19:07:17.431+0500] {dag.py:3947} INFO - Setting next_dagrun for tutorial to 2026-03-27 00:00:00+00:00, run_after=2026-03-28 00:00:00+00:00
[2026-03-28T19:07:17.460+0500] {processor.py:183} INFO - Processing /home/abayturar/airflow-project/venv/lib/python3.12/site-packages/airflow/example_dags/tutorial.py took 0.075 seconds
[2026-03-28T19:08:07.417+0500] {processor.py:161} INFO - Started process (PID=26082) to work on /home/abayturar/airflow-project/venv/lib/python3.12/site-packages/airflow/example_dags/tutorial.py
[2026-03-28T19:08:07.418+0500] {processor.py:830} INFO - Processing file /home/abayturar/airflow-project/venv/lib/python3.12/site-packages/airflow/example_dags/tutorial.py for tasks to queue
[2026-03-28T19:08:07.419+0500] {logging_mixin.py:188} INFO - [2026-03-28T19:08:07.419+0500] {dagbag.py:545} INFO - Filling up the DagBag from /home/abayturar/airflow-project/venv/lib/python3.12/site-packages/airflow/example_dags/tutorial.py
[2026-03-28T19:08:07.427+0500] {processor.py:840} INFO - DAG(s) 'tutorial' retrieved from /home/abayturar/airflow-project/venv/lib/python3.12/site-packages/airflow/example_dags/tutorial.py
[2026-03-28T19:08:07.442+0500] {logging_mixin.py:188} INFO - [2026-03-28T19:08:07.442+0500] {dag.py:3089} INFO - Sync 1 DAGs
[2026-03-28T19:08:07.457+0500] {logging_mixin.py:188} INFO - [2026-03-28T19:08:07.457+0500] {dag.py:3947} INFO - Setting next_dagrun for tutorial to 2026-03-27 00:00:00+00:00, run_after=2026-03-28 00:00:00+00:00
[2026-03-28T19:08:07.484+0500] {processor.py:183} INFO - Processing /home/abayturar/airflow-project/venv/lib/python3.12/site-packages/airflow/example_dags/tutorial.py took 0.075 seconds
[2026-03-28T19:08:54.689+0500] {processor.py:161} INFO - Started process (PID=26209) to work on /home/abayturar/airflow-project/venv/lib/python3.12/site-packages/airflow/example_dags/tutorial.py
[2026-03-28T19:08:54.690+0500] {processor.py:830} INFO - Processing file /home/abayturar/airflow-project/venv/lib/python3.12/site-packages/airflow/example_dags/tutorial.py for tasks to queue
[2026-03-28T19:08:54.692+0500] {logging_mixin.py:188} INFO - [2026-03-28T19:08:54.691+0500] {dagbag.py:545} INFO - Filling up the DagBag from /home/abayturar/airflow-project/venv/lib/python3.12/site-packages/airflow/example_dags/tutorial.py
[2026-03-28T19:08:54.698+0500] {processor.py:840} INFO - DAG(s) 'tutorial' retrieved from /home/abayturar/airflow-project/venv/lib/python3.12/site-packages/airflow/example_dags/tutorial.py
[2026-03-28T19:08:54.714+0500] {logging_mixin.py:188} INFO - [2026-03-28T19:08:54.714+0500] {dag.py:3089} INFO - Sync 1 DAGs
[2026-03-28T19:08:54.729+0500] {logging_mixin.py:188} INFO - [2026-03-28T19:08:54.729+0500] {dag.py:3947} INFO - Setting next_dagrun for tutorial to 2026-03-27 00:00:00+00:00, run_after=2026-03-28 00:00:00+00:00
[2026-03-28T19:08:54.750+0500] {processor.py:183} INFO - Processing /home/abayturar/airflow-project/venv/lib/python3.12/site-packages/airflow/example_dags/tutorial.py took 0.067 seconds
[2026-03-28T19:09:40.881+0500] {processor.py:161} INFO - Started process (PID=26333) to work on /home/abayturar/airflow-project/venv/lib/python3.12/site-packages/airflow/example_dags/tutorial.py
[2026-03-28T19:09:40.882+0500] {processor.py:830} INFO - Processing file /home/abayturar/airflow-project/venv/lib/python3.12/site-packages/airflow/example_dags/tutorial.py for tasks to queue
[2026-03-28T19:09:40.885+0500] {logging_mixin.py:188} INFO - [2026-03-28T19:09:40.884+0500] {dagbag.py:545} INFO - Filling up the DagBag from /home/abayturar/airflow-project/venv/lib/python3.12/site-packages/airflow/example_dags/tutorial.py
[2026-03-28T19:09:40.892+0500] {processor.py:840} INFO - DAG(s) 'tutorial' retrieved from /home/abayturar/airflow-project/venv/lib/python3.12/site-packages/airflow/example_dags/tutorial.py
[2026-03-28T19:09:40.910+0500] {logging_mixin.py:188} INFO - [2026-03-28T19:09:40.910+0500] {dag.py:3089} INFO - Sync 1 DAGs
[2026-03-28T19:09:40.927+0500] {logging_mixin.py:188} INFO - [2026-03-28T19:09:40.927+0500] {dag.py:3947} INFO - Setting next_dagrun for tutorial to 2026-03-27 00:00:00+00:00, run_after=2026-03-28 00:00:00+00:00
[2026-03-28T19:09:40.946+0500] {processor.py:183} INFO - Processing /home/abayturar/airflow-project/venv/lib/python3.12/site-packages/airflow/example_dags/tutorial.py took 0.071 seconds
[2026-03-28T19:10:26.933+0500] {processor.py:161} INFO - Started process (PID=26458) to work on /home/abayturar/airflow-project/venv/lib/python3.12/site-packages/airflow/example_dags/tutorial.py
[2026-03-28T19:10:26.934+0500] {processor.py:830} INFO - Processing file /home/abayturar/airflow-project/venv/lib/python3.12/site-packages/airflow/example_dags/tutorial.py for tasks to queue
[2026-03-28T19:10:26.936+0500] {logging_mixin.py:188} INFO - [2026-03-28T19:10:26.935+0500] {dagbag.py:545} INFO - Filling up the DagBag from /home/abayturar/airflow-project/venv/lib/python3.12/site-packages/airflow/example_dags/tutorial.py
[2026-03-28T19:10:26.942+0500] {processor.py:840} INFO - DAG(s) 'tutorial' retrieved from /home/abayturar/airflow-project/venv/lib/python3.12/site-packages/airflow/example_dags/tutorial.py
[2026-03-28T19:10:26.959+0500] {logging_mixin.py:188} INFO - [2026-03-28T19:10:26.959+0500] {dag.py:3089} INFO - Sync 1 DAGs
[2026-03-28T19:10:26.973+0500] {logging_mixin.py:188} INFO - [2026-03-28T19:10:26.973+0500] {dag.py:3947} INFO - Setting next_dagrun for tutorial to 2026-03-27 00:00:00+00:00, run_after=2026-03-28 00:00:00+00:00
[2026-03-28T19:10:26.999+0500] {processor.py:183} INFO - Processing /home/abayturar/airflow-project/venv/lib/python3.12/site-packages/airflow/example_dags/tutorial.py took 0.072 seconds
[2026-03-28T19:11:14.111+0500] {processor.py:161} INFO - Started process (PID=26584) to work on /home/abayturar/airflow-project/venv/lib/python3.12/site-packages/airflow/example_dags/tutorial.py
[2026-03-28T19:11:14.112+0500] {processor.py:830} INFO - Processing file /home/abayturar/airflow-project/venv/lib/python3.12/site-packages/airflow/example_dags/tutorial.py for tasks to queue
[2026-03-28T19:11:14.115+0500] {logging_mixin.py:188} INFO - [2026-03-28T19:11:14.114+0500] {dagbag.py:545} INFO - Filling up the DagBag from /home/abayturar/airflow-project/venv/lib/python3.12/site-packages/airflow/example_dags/tutorial.py
[2026-03-28T19:11:14.124+0500] {processor.py:840} INFO - DAG(s) 'tutorial' retrieved from /home/abayturar/airflow-project/venv/lib/python3.12/site-packages/airflow/example_dags/tutorial.py
[2026-03-28T19:11:14.142+0500] {logging_mixin.py:188} INFO - [2026-03-28T19:11:14.142+0500] {dag.py:3089} INFO - Sync 1 DAGs
[2026-03-28T19:11:14.158+0500] {logging_mixin.py:188} INFO - [2026-03-28T19:11:14.158+0500] {dag.py:3947} INFO - Setting next_dagrun for tutorial to 2026-03-27 00:00:00+00:00, run_after=2026-03-28 00:00:00+00:00
[2026-03-28T19:11:14.177+0500] {processor.py:183} INFO - Processing /home/abayturar/airflow-project/venv/lib/python3.12/site-packages/airflow/example_dags/tutorial.py took 0.073 seconds
[2026-03-28T19:12:01.733+0500] {processor.py:161} INFO - Started process (PID=26711) to work on /home/abayturar/airflow-project/venv/lib/python3.12/site-packages/airflow/example_dags/tutorial.py
[2026-03-28T19:12:01.734+0500] {processor.py:830} INFO - Processing file /home/abayturar/airflow-project/venv/lib/python3.12/site-packages/airflow/example_dags/tutorial.py for tasks to queue
[2026-03-28T19:12:01.735+0500] {logging_mixin.py:188} INFO - [2026-03-28T19:12:01.735+0500] {dagbag.py:545} INFO - Filling up the DagBag from /home/abayturar/airflow-project/venv/lib/python3.12/site-packages/airflow/example_dags/tutorial.py
[2026-03-28T19:12:01.741+0500] {processor.py:840} INFO - DAG(s) 'tutorial' retrieved from /home/abayturar/airflow-project/venv/lib/python3.12/site-packages/airflow/example_dags/tutorial.py
[2026-03-28T19:12:01.757+0500] {logging_mixin.py:188} INFO - [2026-03-28T19:12:01.757+0500] {dag.py:3089} INFO - Sync 1 DAGs
[2026-03-28T19:12:01.771+0500] {logging_mixin.py:188} INFO - [2026-03-28T19:12:01.771+0500] {dag.py:3947} INFO - Setting next_dagrun for tutorial to 2026-03-27 00:00:00+00:00, run_after=2026-03-28 00:00:00+00:00
[2026-03-28T19:12:01.798+0500] {processor.py:183} INFO - Processing /home/abayturar/airflow-project/venv/lib/python3.12/site-packages/airflow/example_dags/tutorial.py took 0.072 seconds
[2026-03-28T19:12:49.869+0500] {processor.py:161} INFO - Started process (PID=26837) to work on /home/abayturar/airflow-project/venv/lib/python3.12/site-packages/airflow/example_dags/tutorial.py
[2026-03-28T19:12:49.869+0500] {processor.py:830} INFO - Processing file /home/abayturar/airflow-project/venv/lib/python3.12/site-packages/airflow/example_dags/tutorial.py for tasks to queue
[2026-03-28T19:12:49.871+0500] {logging_mixin.py:188} INFO - [2026-03-28T19:12:49.871+0500] {dagbag.py:545} INFO - Filling up the DagBag from /home/abayturar/airflow-project/venv/lib/python3.12/site-packages/airflow/example_dags/tutorial.py
[2026-03-28T19:12:49.878+0500] {processor.py:840} INFO - DAG(s) 'tutorial' retrieved from /home/abayturar/airflow-project/venv/lib/python3.12/site-packages/airflow/example_dags/tutorial.py
[2026-03-28T19:12:49.894+0500] {logging_mixin.py:188} INFO - [2026-03-28T19:12:49.893+0500] {dag.py:3089} INFO - Sync 1 DAGs
[2026-03-28T19:12:49.908+0500] {logging_mixin.py:188} INFO - [2026-03-28T19:12:49.907+0500] {dag.py:3947} INFO - Setting next_dagrun for tutorial to 2026-03-27 00:00:00+00:00, run_after=2026-03-28 00:00:00+00:00
[2026-03-28T19:12:49.936+0500] {processor.py:183} INFO - Processing /home/abayturar/airflow-project/venv/lib/python3.12/site-packages/airflow/example_dags/tutorial.py took 0.074 seconds
[2026-03-28T19:13:38.109+0500] {processor.py:161} INFO - Started process (PID=26968) to work on /home/abayturar/airflow-project/venv/lib/python3.12/site-packages/airflow/example_dags/tutorial.py
[2026-03-28T19:13:38.110+0500] {processor.py:830} INFO - Processing file /home/abayturar/airflow-project/venv/lib/python3.12/site-packages/airflow/example_dags/tutorial.py for tasks to queue
[2026-03-28T19:13:38.111+0500] {logging_mixin.py:188} INFO - [2026-03-28T19:13:38.111+0500] {dagbag.py:545} INFO - Filling up the DagBag from /home/abayturar/airflow-project/venv/lib/python3.12/site-packages/airflow/example_dags/tutorial.py
[2026-03-28T19:13:38.117+0500] {processor.py:840} INFO - DAG(s) 'tutorial' retrieved from /home/abayturar/airflow-project/venv/lib/python3.12/site-packages/airflow/example_dags/tutorial.py
[2026-03-28T19:13:38.133+0500] {logging_mixin.py:188} INFO - [2026-03-28T19:13:38.133+0500] {dag.py:3089} INFO - Sync 1 DAGs
[2026-03-28T19:13:38.147+0500] {logging_mixin.py:188} INFO - [2026-03-28T19:13:38.147+0500] {dag.py:3947} INFO - Setting next_dagrun for tutorial to 2026-03-27 00:00:00+00:00, run_after=2026-03-28 00:00:00+00:00
[2026-03-28T19:13:38.165+0500] {processor.py:183} INFO - Processing /home/abayturar/airflow-project/venv/lib/python3.12/site-packages/airflow/example_dags/tutorial.py took 0.062 seconds
[2026-03-28T19:14:24.694+0500] {processor.py:161} INFO - Started process (PID=27092) to work on /home/abayturar/airflow-project/venv/lib/python3.12/site-packages/airflow/example_dags/tutorial.py
[2026-03-28T19:14:24.695+0500] {processor.py:830} INFO - Processing file /home/abayturar/airflow-project/venv/lib/python3.12/site-packages/airflow/example_dags/tutorial.py for tasks to queue
[2026-03-28T19:14:24.697+0500] {logging_mixin.py:188} INFO - [2026-03-28T19:14:24.696+0500] {dagbag.py:545} INFO - Filling up the DagBag from /home/abayturar/airflow-project/venv/lib/python3.12/site-packages/airflow/example_dags/tutorial.py
[2026-03-28T19:14:24.703+0500] {processor.py:840} INFO - DAG(s) 'tutorial' retrieved from /home/abayturar/airflow-project/venv/lib/python3.12/site-packages/airflow/example_dags/tutorial.py
[2026-03-28T19:14:24.718+0500] {logging_mixin.py:188} INFO - [2026-03-28T19:14:24.718+0500] {dag.py:3089} INFO - Sync 1 DAGs
[2026-03-28T19:14:24.732+0500] {logging_mixin.py:188} INFO - [2026-03-28T19:14:24.732+0500] {dag.py:3947} INFO - Setting next_dagrun for tutorial to 2026-03-27 00:00:00+00:00, run_after=2026-03-28 00:00:00+00:00
[2026-03-28T19:14:24.759+0500] {processor.py:183} INFO - Processing /home/abayturar/airflow-project/venv/lib/python3.12/site-packages/airflow/example_dags/tutorial.py took 0.071 seconds
[2026-03-28T19:15:11.679+0500] {processor.py:161} INFO - Started process (PID=27220) to work on /home/abayturar/airflow-project/venv/lib/python3.12/site-packages/airflow/example_dags/tutorial.py
[2026-03-28T19:15:11.680+0500] {processor.py:830} INFO - Processing file /home/abayturar/airflow-project/venv/lib/python3.12/site-packages/airflow/example_dags/tutorial.py for tasks to queue
[2026-03-28T19:15:11.682+0500] {logging_mixin.py:188} INFO - [2026-03-28T19:15:11.682+0500] {dagbag.py:545} INFO - Filling up the DagBag from /home/abayturar/airflow-project/venv/lib/python3.12/site-packages/airflow/example_dags/tutorial.py
[2026-03-28T19:15:11.690+0500] {processor.py:840} INFO - DAG(s) 'tutorial' retrieved from /home/abayturar/airflow-project/venv/lib/python3.12/site-packages/airflow/example_dags/tutorial.py
[2026-03-28T19:15:11.708+0500] {logging_mixin.py:188} INFO - [2026-03-28T19:15:11.708+0500] {dag.py:3089} INFO - Sync 1 DAGs
[2026-03-28T19:15:11.724+0500] {logging_mixin.py:188} INFO - [2026-03-28T19:15:11.724+0500] {dag.py:3947} INFO - Setting next_dagrun for tutorial to 2026-03-27 00:00:00+00:00, run_after=2026-03-28 00:00:00+00:00
[2026-03-28T19:15:11.754+0500] {processor.py:183} INFO - Processing /home/abayturar/airflow-project/venv/lib/python3.12/site-packages/airflow/example_dags/tutorial.py took 0.082 seconds
[2026-03-28T19:15:56.134+0500] {processor.py:161} INFO - Started process (PID=27340) to work on /home/abayturar/airflow-project/venv/lib/python3.12/site-packages/airflow/example_dags/tutorial.py
[2026-03-28T19:15:56.135+0500] {processor.py:830} INFO - Processing file /home/abayturar/airflow-project/venv/lib/python3.12/site-packages/airflow/example_dags/tutorial.py for tasks to queue
[2026-03-28T19:15:56.137+0500] {logging_mixin.py:188} INFO - [2026-03-28T19:15:56.137+0500] {dagbag.py:545} INFO - Filling up the DagBag from /home/abayturar/airflow-project/venv/lib/python3.12/site-packages/airflow/example_dags/tutorial.py
[2026-03-28T19:15:56.144+0500] {processor.py:840} INFO - DAG(s) 'tutorial' retrieved from /home/abayturar/airflow-project/venv/lib/python3.12/site-packages/airflow/example_dags/tutorial.py
[2026-03-28T19:15:56.160+0500] {logging_mixin.py:188} INFO - [2026-03-28T19:15:56.160+0500] {dag.py:3089} INFO - Sync 1 DAGs
[2026-03-28T19:15:56.176+0500] {logging_mixin.py:188} INFO - [2026-03-28T19:15:56.175+0500] {dag.py:3947} INFO - Setting next_dagrun for tutorial to 2026-03-27 00:00:00+00:00, run_after=2026-03-28 00:00:00+00:00
[2026-03-28T19:15:56.205+0500] {processor.py:183} INFO - Processing /home/abayturar/airflow-project/venv/lib/python3.12/site-packages/airflow/example_dags/tutorial.py took 0.077 seconds
[2026-03-28T19:16:43.803+0500] {processor.py:161} INFO - Started process (PID=27467) to work on /home/abayturar/airflow-project/venv/lib/python3.12/site-packages/airflow/example_dags/tutorial.py
[2026-03-28T19:16:43.804+0500] {processor.py:830} INFO - Processing file /home/abayturar/airflow-project/venv/lib/python3.12/site-packages/airflow/example_dags/tutorial.py for tasks to queue
[2026-03-28T19:16:43.806+0500] {logging_mixin.py:188} INFO - [2026-03-28T19:16:43.806+0500] {dagbag.py:545} INFO - Filling up the DagBag from /home/abayturar/airflow-project/venv/lib/python3.12/site-packages/airflow/example_dags/tutorial.py
[2026-03-28T19:16:43.812+0500] {processor.py:840} INFO - DAG(s) 'tutorial' retrieved from /home/abayturar/airflow-project/venv/lib/python3.12/site-packages/airflow/example_dags/tutorial.py
[2026-03-28T19:16:43.828+0500] {logging_mixin.py:188} INFO - [2026-03-28T19:16:43.827+0500] {dag.py:3089} INFO - Sync 1 DAGs
[2026-03-28T19:16:43.842+0500] {logging_mixin.py:188} INFO - [2026-03-28T19:16:43.842+0500] {dag.py:3947} INFO - Setting next_dagrun for tutorial to 2026-03-27 00:00:00+00:00, run_after=2026-03-28 00:00:00+00:00
[2026-03-28T19:16:43.870+0500] {processor.py:183} INFO - Processing /home/abayturar/airflow-project/venv/lib/python3.12/site-packages/airflow/example_dags/tutorial.py took 0.072 seconds
[2026-03-28T19:17:30.617+0500] {processor.py:161} INFO - Started process (PID=27594) to work on /home/abayturar/airflow-project/venv/lib/python3.12/site-packages/airflow/example_dags/tutorial.py
[2026-03-28T19:17:30.618+0500] {processor.py:830} INFO - Processing file /home/abayturar/airflow-project/venv/lib/python3.12/site-packages/airflow/example_dags/tutorial.py for tasks to queue
[2026-03-28T19:17:30.619+0500] {logging_mixin.py:188} INFO - [2026-03-28T19:17:30.619+0500] {dagbag.py:545} INFO - Filling up the DagBag from /home/abayturar/airflow-project/venv/lib/python3.12/site-packages/airflow/example_dags/tutorial.py
[2026-03-28T19:17:30.626+0500] {processor.py:840} INFO - DAG(s) 'tutorial' retrieved from /home/abayturar/airflow-project/venv/lib/python3.12/site-packages/airflow/example_dags/tutorial.py
[2026-03-28T19:17:30.642+0500] {logging_mixin.py:188} INFO - [2026-03-28T19:17:30.642+0500] {dag.py:3089} INFO - Sync 1 DAGs
[2026-03-28T19:17:30.658+0500] {logging_mixin.py:188} INFO - [2026-03-28T19:17:30.657+0500] {dag.py:3947} INFO - Setting next_dagrun for tutorial to 2026-03-27 00:00:00+00:00, run_after=2026-03-28 00:00:00+00:00
[2026-03-28T19:17:30.690+0500] {processor.py:183} INFO - Processing /home/abayturar/airflow-project/venv/lib/python3.12/site-packages/airflow/example_dags/tutorial.py took 0.080 seconds
[2026-03-28T19:18:15.800+0500] {processor.py:161} INFO - Started process (PID=27717) to work on /home/abayturar/airflow-project/venv/lib/python3.12/site-packages/airflow/example_dags/tutorial.py
[2026-03-28T19:18:15.801+0500] {processor.py:830} INFO - Processing file /home/abayturar/airflow-project/venv/lib/python3.12/site-packages/airflow/example_dags/tutorial.py for tasks to queue
[2026-03-28T19:18:15.803+0500] {logging_mixin.py:188} INFO - [2026-03-28T19:18:15.802+0500] {dagbag.py:545} INFO - Filling up the DagBag from /home/abayturar/airflow-project/venv/lib/python3.12/site-packages/airflow/example_dags/tutorial.py
[2026-03-28T19:18:15.810+0500] {processor.py:840} INFO - DAG(s) 'tutorial' retrieved from /home/abayturar/airflow-project/venv/lib/python3.12/site-packages/airflow/example_dags/tutorial.py
[2026-03-28T19:18:15.826+0500] {logging_mixin.py:188} INFO - [2026-03-28T19:18:15.826+0500] {dag.py:3089} INFO - Sync 1 DAGs
[2026-03-28T19:18:15.842+0500] {logging_mixin.py:188} INFO - [2026-03-28T19:18:15.841+0500] {dag.py:3947} INFO - Setting next_dagrun for tutorial to 2026-03-27 00:00:00+00:00, run_after=2026-03-28 00:00:00+00:00
[2026-03-28T19:18:15.870+0500] {processor.py:183} INFO - Processing /home/abayturar/airflow-project/venv/lib/python3.12/site-packages/airflow/example_dags/tutorial.py took 0.077 seconds
[2026-03-28T19:18:58.382+0500] {processor.py:161} INFO - Started process (PID=27829) to work on /home/abayturar/airflow-project/venv/lib/python3.12/site-packages/airflow/example_dags/tutorial.py
[2026-03-28T19:18:58.383+0500] {processor.py:830} INFO - Processing file /home/abayturar/airflow-project/venv/lib/python3.12/site-packages/airflow/example_dags/tutorial.py for tasks to queue
[2026-03-28T19:18:58.385+0500] {logging_mixin.py:188} INFO - [2026-03-28T19:18:58.385+0500] {dagbag.py:545} INFO - Filling up the DagBag from /home/abayturar/airflow-project/venv/lib/python3.12/site-packages/airflow/example_dags/tutorial.py
[2026-03-28T19:18:58.392+0500] {processor.py:840} INFO - DAG(s) 'tutorial' retrieved from /home/abayturar/airflow-project/venv/lib/python3.12/site-packages/airflow/example_dags/tutorial.py
[2026-03-28T19:18:58.407+0500] {logging_mixin.py:188} INFO - [2026-03-28T19:18:58.407+0500] {dag.py:3089} INFO - Sync 1 DAGs
[2026-03-28T19:18:58.421+0500] {logging_mixin.py:188} INFO - [2026-03-28T19:18:58.421+0500] {dag.py:3947} INFO - Setting next_dagrun for tutorial to 2026-03-27 00:00:00+00:00, run_after=2026-03-28 00:00:00+00:00
[2026-03-28T19:18:58.436+0500] {processor.py:183} INFO - Processing /home/abayturar/airflow-project/venv/lib/python3.12/site-packages/airflow/example_dags/tutorial.py took 0.060 seconds
[2026-03-28T19:19:45.282+0500] {processor.py:161} INFO - Started process (PID=27958) to work on /home/abayturar/airflow-project/venv/lib/python3.12/site-packages/airflow/example_dags/tutorial.py
[2026-03-28T19:19:45.283+0500] {processor.py:830} INFO - Processing file /home/abayturar/airflow-project/venv/lib/python3.12/site-packages/airflow/example_dags/tutorial.py for tasks to queue
[2026-03-28T19:19:45.285+0500] {logging_mixin.py:188} INFO - [2026-03-28T19:19:45.285+0500] {dagbag.py:545} INFO - Filling up the DagBag from /home/abayturar/airflow-project/venv/lib/python3.12/site-packages/airflow/example_dags/tutorial.py
[2026-03-28T19:19:45.292+0500] {processor.py:840} INFO - DAG(s) 'tutorial' retrieved from /home/abayturar/airflow-project/venv/lib/python3.12/site-packages/airflow/example_dags/tutorial.py
[2026-03-28T19:19:45.308+0500] {logging_mixin.py:188} INFO - [2026-03-28T19:19:45.307+0500] {dag.py:3089} INFO - Sync 1 DAGs
[2026-03-28T19:19:45.321+0500] {logging_mixin.py:188} INFO - [2026-03-28T19:19:45.321+0500] {dag.py:3947} INFO - Setting next_dagrun for tutorial to 2026-03-27 00:00:00+00:00, run_after=2026-03-28 00:00:00+00:00
[2026-03-28T19:19:45.348+0500] {processor.py:183} INFO - Processing /home/abayturar/airflow-project/venv/lib/python3.12/site-packages/airflow/example_dags/tutorial.py took 0.073 seconds
[2026-03-28T19:20:32.575+0500] {processor.py:161} INFO - Started process (PID=28084) to work on /home/abayturar/airflow-project/venv/lib/python3.12/site-packages/airflow/example_dags/tutorial.py
[2026-03-28T19:20:32.576+0500] {processor.py:830} INFO - Processing file /home/abayturar/airflow-project/venv/lib/python3.12/site-packages/airflow/example_dags/tutorial.py for tasks to queue
[2026-03-28T19:20:32.579+0500] {logging_mixin.py:188} INFO - [2026-03-28T19:20:32.578+0500] {dagbag.py:545} INFO - Filling up the DagBag from /home/abayturar/airflow-project/venv/lib/python3.12/site-packages/airflow/example_dags/tutorial.py
[2026-03-28T19:20:32.587+0500] {processor.py:840} INFO - DAG(s) 'tutorial' retrieved from /home/abayturar/airflow-project/venv/lib/python3.12/site-packages/airflow/example_dags/tutorial.py
[2026-03-28T19:20:32.605+0500] {logging_mixin.py:188} INFO - [2026-03-28T19:20:32.605+0500] {dag.py:3089} INFO - Sync 1 DAGs
[2026-03-28T19:20:32.620+0500] {logging_mixin.py:188} INFO - [2026-03-28T19:20:32.620+0500] {dag.py:3947} INFO - Setting next_dagrun for tutorial to 2026-03-27 00:00:00+00:00, run_after=2026-03-28 00:00:00+00:00
[2026-03-28T19:20:32.638+0500] {processor.py:183} INFO - Processing /home/abayturar/airflow-project/venv/lib/python3.12/site-packages/airflow/example_dags/tutorial.py took 0.069 seconds
[2026-03-28T19:21:17.738+0500] {processor.py:161} INFO - Started process (PID=28207) to work on /home/abayturar/airflow-project/venv/lib/python3.12/site-packages/airflow/example_dags/tutorial.py
[2026-03-28T19:21:17.739+0500] {processor.py:830} INFO - Processing file /home/abayturar/airflow-project/venv/lib/python3.12/site-packages/airflow/example_dags/tutorial.py for tasks to queue
[2026-03-28T19:21:17.741+0500] {logging_mixin.py:188} INFO - [2026-03-28T19:21:17.740+0500] {dagbag.py:545} INFO - Filling up the DagBag from /home/abayturar/airflow-project/venv/lib/python3.12/site-packages/airflow/example_dags/tutorial.py
[2026-03-28T19:21:17.747+0500] {processor.py:840} INFO - DAG(s) 'tutorial' retrieved from /home/abayturar/airflow-project/venv/lib/python3.12/site-packages/airflow/example_dags/tutorial.py
[2026-03-28T19:21:17.762+0500] {logging_mixin.py:188} INFO - [2026-03-28T19:21:17.762+0500] {dag.py:3089} INFO - Sync 1 DAGs
[2026-03-28T19:21:17.775+0500] {logging_mixin.py:188} INFO - [2026-03-28T19:21:17.775+0500] {dag.py:3947} INFO - Setting next_dagrun for tutorial to 2026-03-27 00:00:00+00:00, run_after=2026-03-28 00:00:00+00:00
[2026-03-28T19:21:17.790+0500] {processor.py:183} INFO - Processing /home/abayturar/airflow-project/venv/lib/python3.12/site-packages/airflow/example_dags/tutorial.py took 0.058 seconds
[2026-03-28T19:22:01.441+0500] {processor.py:161} INFO - Started process (PID=28363) to work on /home/abayturar/airflow-project/venv/lib/python3.12/site-packages/airflow/example_dags/tutorial.py
[2026-03-28T19:22:01.442+0500] {processor.py:830} INFO - Processing file /home/abayturar/airflow-project/venv/lib/python3.12/site-packages/airflow/example_dags/tutorial.py for tasks to queue
[2026-03-28T19:22:01.443+0500] {logging_mixin.py:188} INFO - [2026-03-28T19:22:01.443+0500] {dagbag.py:545} INFO - Filling up the DagBag from /home/abayturar/airflow-project/venv/lib/python3.12/site-packages/airflow/example_dags/tutorial.py
[2026-03-28T19:22:01.450+0500] {processor.py:840} INFO - DAG(s) 'tutorial' retrieved from /home/abayturar/airflow-project/venv/lib/python3.12/site-packages/airflow/example_dags/tutorial.py
[2026-03-28T19:22:01.465+0500] {logging_mixin.py:188} INFO - [2026-03-28T19:22:01.465+0500] {dag.py:3089} INFO - Sync 1 DAGs
[2026-03-28T19:22:01.479+0500] {logging_mixin.py:188} INFO - [2026-03-28T19:22:01.479+0500] {dag.py:3947} INFO - Setting next_dagrun for tutorial to 2026-03-27 00:00:00+00:00, run_after=2026-03-28 00:00:00+00:00
[2026-03-28T19:22:01.507+0500] {processor.py:183} INFO - Processing /home/abayturar/airflow-project/venv/lib/python3.12/site-packages/airflow/example_dags/tutorial.py took 0.072 seconds
[2026-03-28T19:22:44.934+0500] {processor.py:161} INFO - Started process (PID=28479) to work on /home/abayturar/airflow-project/venv/lib/python3.12/site-packages/airflow/example_dags/tutorial.py
[2026-03-28T19:22:44.935+0500] {processor.py:830} INFO - Processing file /home/abayturar/airflow-project/venv/lib/python3.12/site-packages/airflow/example_dags/tutorial.py for tasks to queue
[2026-03-28T19:22:44.936+0500] {logging_mixin.py:188} INFO - [2026-03-28T19:22:44.936+0500] {dagbag.py:545} INFO - Filling up the DagBag from /home/abayturar/airflow-project/venv/lib/python3.12/site-packages/airflow/example_dags/tutorial.py
[2026-03-28T19:22:44.943+0500] {processor.py:840} INFO - DAG(s) 'tutorial' retrieved from /home/abayturar/airflow-project/venv/lib/python3.12/site-packages/airflow/example_dags/tutorial.py
[2026-03-28T19:22:44.958+0500] {logging_mixin.py:188} INFO - [2026-03-28T19:22:44.958+0500] {dag.py:3089} INFO - Sync 1 DAGs
[2026-03-28T19:22:44.973+0500] {logging_mixin.py:188} INFO - [2026-03-28T19:22:44.973+0500] {dag.py:3947} INFO - Setting next_dagrun for tutorial to 2026-03-27 00:00:00+00:00, run_after=2026-03-28 00:00:00+00:00
[2026-03-28T19:22:45.001+0500] {processor.py:183} INFO - Processing /home/abayturar/airflow-project/venv/lib/python3.12/site-packages/airflow/example_dags/tutorial.py took 0.073 seconds
[2026-03-28T19:23:31.229+0500] {processor.py:161} INFO - Started process (PID=28606) to work on /home/abayturar/airflow-project/venv/lib/python3.12/site-packages/airflow/example_dags/tutorial.py
[2026-03-28T19:23:31.230+0500] {processor.py:830} INFO - Processing file /home/abayturar/airflow-project/venv/lib/python3.12/site-packages/airflow/example_dags/tutorial.py for tasks to queue
[2026-03-28T19:23:31.231+0500] {logging_mixin.py:188} INFO - [2026-03-28T19:23:31.231+0500] {dagbag.py:545} INFO - Filling up the DagBag from /home/abayturar/airflow-project/venv/lib/python3.12/site-packages/airflow/example_dags/tutorial.py
[2026-03-28T19:23:31.238+0500] {processor.py:840} INFO - DAG(s) 'tutorial' retrieved from /home/abayturar/airflow-project/venv/lib/python3.12/site-packages/airflow/example_dags/tutorial.py
[2026-03-28T19:23:31.253+0500] {logging_mixin.py:188} INFO - [2026-03-28T19:23:31.253+0500] {dag.py:3089} INFO - Sync 1 DAGs
[2026-03-28T19:23:31.267+0500] {logging_mixin.py:188} INFO - [2026-03-28T19:23:31.266+0500] {dag.py:3947} INFO - Setting next_dagrun for tutorial to 2026-03-27 00:00:00+00:00, run_after=2026-03-28 00:00:00+00:00
[2026-03-28T19:23:31.294+0500] {processor.py:183} INFO - Processing /home/abayturar/airflow-project/venv/lib/python3.12/site-packages/airflow/example_dags/tutorial.py took 0.071 seconds
[2026-03-28T19:24:17.374+0500] {processor.py:161} INFO - Started process (PID=28730) to work on /home/abayturar/airflow-project/venv/lib/python3.12/site-packages/airflow/example_dags/tutorial.py
[2026-03-28T19:24:17.375+0500] {processor.py:830} INFO - Processing file /home/abayturar/airflow-project/venv/lib/python3.12/site-packages/airflow/example_dags/tutorial.py for tasks to queue
[2026-03-28T19:24:17.377+0500] {logging_mixin.py:188} INFO - [2026-03-28T19:24:17.377+0500] {dagbag.py:545} INFO - Filling up the DagBag from /home/abayturar/airflow-project/venv/lib/python3.12/site-packages/airflow/example_dags/tutorial.py
[2026-03-28T19:24:17.384+0500] {processor.py:840} INFO - DAG(s) 'tutorial' retrieved from /home/abayturar/airflow-project/venv/lib/python3.12/site-packages/airflow/example_dags/tutorial.py
[2026-03-28T19:24:17.400+0500] {logging_mixin.py:188} INFO - [2026-03-28T19:24:17.399+0500] {dag.py:3089} INFO - Sync 1 DAGs
[2026-03-28T19:24:17.414+0500] {logging_mixin.py:188} INFO - [2026-03-28T19:24:17.414+0500] {dag.py:3947} INFO - Setting next_dagrun for tutorial to 2026-03-27 00:00:00+00:00, run_after=2026-03-28 00:00:00+00:00
[2026-03-28T19:24:17.430+0500] {processor.py:183} INFO - Processing /home/abayturar/airflow-project/venv/lib/python3.12/site-packages/airflow/example_dags/tutorial.py took 0.061 seconds
[2026-03-28T19:25:04.999+0500] {processor.py:161} INFO - Started process (PID=28856) to work on /home/abayturar/airflow-project/venv/lib/python3.12/site-packages/airflow/example_dags/tutorial.py
[2026-03-28T19:25:05.000+0500] {processor.py:830} INFO - Processing file /home/abayturar/airflow-project/venv/lib/python3.12/site-packages/airflow/example_dags/tutorial.py for tasks to queue
[2026-03-28T19:25:05.003+0500] {logging_mixin.py:188} INFO - [2026-03-28T19:25:05.003+0500] {dagbag.py:545} INFO - Filling up the DagBag from /home/abayturar/airflow-project/venv/lib/python3.12/site-packages/airflow/example_dags/tutorial.py
[2026-03-28T19:25:05.013+0500] {processor.py:840} INFO - DAG(s) 'tutorial' retrieved from /home/abayturar/airflow-project/venv/lib/python3.12/site-packages/airflow/example_dags/tutorial.py
[2026-03-28T19:25:05.031+0500] {logging_mixin.py:188} INFO - [2026-03-28T19:25:05.031+0500] {dag.py:3089} INFO - Sync 1 DAGs
[2026-03-28T19:25:05.048+0500] {logging_mixin.py:188} INFO - [2026-03-28T19:25:05.048+0500] {dag.py:3947} INFO - Setting next_dagrun for tutorial to 2026-03-27 00:00:00+00:00, run_after=2026-03-28 00:00:00+00:00
[2026-03-28T19:25:05.077+0500] {processor.py:183} INFO - Processing /home/abayturar/airflow-project/venv/lib/python3.12/site-packages/airflow/example_dags/tutorial.py took 0.086 seconds
[2026-03-28T19:25:49.956+0500] {processor.py:161} INFO - Started process (PID=28979) to work on /home/abayturar/airflow-project/venv/lib/python3.12/site-packages/airflow/example_dags/tutorial.py
[2026-03-28T19:25:49.957+0500] {processor.py:830} INFO - Processing file /home/abayturar/airflow-project/venv/lib/python3.12/site-packages/airflow/example_dags/tutorial.py for tasks to queue
[2026-03-28T19:25:49.958+0500] {logging_mixin.py:188} INFO - [2026-03-28T19:25:49.958+0500] {dagbag.py:545} INFO - Filling up the DagBag from /home/abayturar/airflow-project/venv/lib/python3.12/site-packages/airflow/example_dags/tutorial.py
[2026-03-28T19:25:49.965+0500] {processor.py:840} INFO - DAG(s) 'tutorial' retrieved from /home/abayturar/airflow-project/venv/lib/python3.12/site-packages/airflow/example_dags/tutorial.py
[2026-03-28T19:25:49.979+0500] {logging_mixin.py:188} INFO - [2026-03-28T19:25:49.979+0500] {dag.py:3089} INFO - Sync 1 DAGs
[2026-03-28T19:25:49.993+0500] {logging_mixin.py:188} INFO - [2026-03-28T19:25:49.993+0500] {dag.py:3947} INFO - Setting next_dagrun for tutorial to 2026-03-27 00:00:00+00:00, run_after=2026-03-28 00:00:00+00:00
[2026-03-28T19:25:50.020+0500] {processor.py:183} INFO - Processing /home/abayturar/airflow-project/venv/lib/python3.12/site-packages/airflow/example_dags/tutorial.py took 0.070 seconds
[2026-03-28T19:26:35.396+0500] {processor.py:161} INFO - Started process (PID=29102) to work on /home/abayturar/airflow-project/venv/lib/python3.12/site-packages/airflow/example_dags/tutorial.py
[2026-03-28T19:26:35.397+0500] {processor.py:830} INFO - Processing file /home/abayturar/airflow-project/venv/lib/python3.12/site-packages/airflow/example_dags/tutorial.py for tasks to queue
[2026-03-28T19:26:35.399+0500] {logging_mixin.py:188} INFO - [2026-03-28T19:26:35.399+0500] {dagbag.py:545} INFO - Filling up the DagBag from /home/abayturar/airflow-project/venv/lib/python3.12/site-packages/airflow/example_dags/tutorial.py
[2026-03-28T19:26:35.405+0500] {processor.py:840} INFO - DAG(s) 'tutorial' retrieved from /home/abayturar/airflow-project/venv/lib/python3.12/site-packages/airflow/example_dags/tutorial.py
[2026-03-28T19:26:35.420+0500] {logging_mixin.py:188} INFO - [2026-03-28T19:26:35.420+0500] {dag.py:3089} INFO - Sync 1 DAGs
[2026-03-28T19:26:35.434+0500] {logging_mixin.py:188} INFO - [2026-03-28T19:26:35.434+0500] {dag.py:3947} INFO - Setting next_dagrun for tutorial to 2026-03-27 00:00:00+00:00, run_after=2026-03-28 00:00:00+00:00
[2026-03-28T19:26:35.461+0500] {processor.py:183} INFO - Processing /home/abayturar/airflow-project/venv/lib/python3.12/site-packages/airflow/example_dags/tutorial.py took 0.071 seconds
[2026-03-28T19:27:23.065+0500] {processor.py:161} INFO - Started process (PID=29233) to work on /home/abayturar/airflow-project/venv/lib/python3.12/site-packages/airflow/example_dags/tutorial.py
[2026-03-28T19:27:23.066+0500] {processor.py:830} INFO - Processing file /home/abayturar/airflow-project/venv/lib/python3.12/site-packages/airflow/example_dags/tutorial.py for tasks to queue
[2026-03-28T19:27:23.068+0500] {logging_mixin.py:188} INFO - [2026-03-28T19:27:23.067+0500] {dagbag.py:545} INFO - Filling up the DagBag from /home/abayturar/airflow-project/venv/lib/python3.12/site-packages/airflow/example_dags/tutorial.py
[2026-03-28T19:27:23.074+0500] {processor.py:840} INFO - DAG(s) 'tutorial' retrieved from /home/abayturar/airflow-project/venv/lib/python3.12/site-packages/airflow/example_dags/tutorial.py
[2026-03-28T19:27:23.090+0500] {logging_mixin.py:188} INFO - [2026-03-28T19:27:23.090+0500] {dag.py:3089} INFO - Sync 1 DAGs
[2026-03-28T19:27:23.105+0500] {logging_mixin.py:188} INFO - [2026-03-28T19:27:23.104+0500] {dag.py:3947} INFO - Setting next_dagrun for tutorial to 2026-03-27 00:00:00+00:00, run_after=2026-03-28 00:00:00+00:00
[2026-03-28T19:27:23.134+0500] {processor.py:183} INFO - Processing /home/abayturar/airflow-project/venv/lib/python3.12/site-packages/airflow/example_dags/tutorial.py took 0.076 seconds
[2026-03-28T19:28:10.942+0500] {processor.py:161} INFO - Started process (PID=29360) to work on /home/abayturar/airflow-project/venv/lib/python3.12/site-packages/airflow/example_dags/tutorial.py
[2026-03-28T19:28:10.943+0500] {processor.py:830} INFO - Processing file /home/abayturar/airflow-project/venv/lib/python3.12/site-packages/airflow/example_dags/tutorial.py for tasks to queue
[2026-03-28T19:28:10.944+0500] {logging_mixin.py:188} INFO - [2026-03-28T19:28:10.944+0500] {dagbag.py:545} INFO - Filling up the DagBag from /home/abayturar/airflow-project/venv/lib/python3.12/site-packages/airflow/example_dags/tutorial.py
[2026-03-28T19:28:10.951+0500] {processor.py:840} INFO - DAG(s) 'tutorial' retrieved from /home/abayturar/airflow-project/venv/lib/python3.12/site-packages/airflow/example_dags/tutorial.py
[2026-03-28T19:28:10.965+0500] {logging_mixin.py:188} INFO - [2026-03-28T19:28:10.965+0500] {dag.py:3089} INFO - Sync 1 DAGs
[2026-03-28T19:28:10.979+0500] {logging_mixin.py:188} INFO - [2026-03-28T19:28:10.978+0500] {dag.py:3947} INFO - Setting next_dagrun for tutorial to 2026-03-27 00:00:00+00:00, run_after=2026-03-28 00:00:00+00:00
[2026-03-28T19:28:11.005+0500] {processor.py:183} INFO - Processing /home/abayturar/airflow-project/venv/lib/python3.12/site-packages/airflow/example_dags/tutorial.py took 0.069 seconds
[2026-03-28T19:29:00.684+0500] {processor.py:161} INFO - Started process (PID=29491) to work on /home/abayturar/airflow-project/venv/lib/python3.12/site-packages/airflow/example_dags/tutorial.py
[2026-03-28T19:29:00.685+0500] {processor.py:830} INFO - Processing file /home/abayturar/airflow-project/venv/lib/python3.12/site-packages/airflow/example_dags/tutorial.py for tasks to queue
[2026-03-28T19:29:00.686+0500] {logging_mixin.py:188} INFO - [2026-03-28T19:29:00.686+0500] {dagbag.py:545} INFO - Filling up the DagBag from /home/abayturar/airflow-project/venv/lib/python3.12/site-packages/airflow/example_dags/tutorial.py
[2026-03-28T19:29:00.693+0500] {processor.py:840} INFO - DAG(s) 'tutorial' retrieved from /home/abayturar/airflow-project/venv/lib/python3.12/site-packages/airflow/example_dags/tutorial.py
[2026-03-28T19:29:00.708+0500] {logging_mixin.py:188} INFO - [2026-03-28T19:29:00.708+0500] {dag.py:3089} INFO - Sync 1 DAGs
[2026-03-28T19:29:00.722+0500] {logging_mixin.py:188} INFO - [2026-03-28T19:29:00.722+0500] {dag.py:3947} INFO - Setting next_dagrun for tutorial to 2026-03-27 00:00:00+00:00, run_after=2026-03-28 00:00:00+00:00
[2026-03-28T19:29:00.749+0500] {processor.py:183} INFO - Processing /home/abayturar/airflow-project/venv/lib/python3.12/site-packages/airflow/example_dags/tutorial.py took 0.071 seconds
[2026-03-28T19:29:46.722+0500] {processor.py:161} INFO - Started process (PID=29684) to work on /home/abayturar/airflow-project/venv/lib/python3.12/site-packages/airflow/example_dags/tutorial.py
[2026-03-28T19:29:46.723+0500] {processor.py:830} INFO - Processing file /home/abayturar/airflow-project/venv/lib/python3.12/site-packages/airflow/example_dags/tutorial.py for tasks to queue
[2026-03-28T19:29:46.725+0500] {logging_mixin.py:188} INFO - [2026-03-28T19:29:46.724+0500] {dagbag.py:545} INFO - Filling up the DagBag from /home/abayturar/airflow-project/venv/lib/python3.12/site-packages/airflow/example_dags/tutorial.py
[2026-03-28T19:29:46.731+0500] {processor.py:840} INFO - DAG(s) 'tutorial' retrieved from /home/abayturar/airflow-project/venv/lib/python3.12/site-packages/airflow/example_dags/tutorial.py
[2026-03-28T19:29:46.747+0500] {logging_mixin.py:188} INFO - [2026-03-28T19:29:46.746+0500] {dag.py:3089} INFO - Sync 1 DAGs
[2026-03-28T19:29:46.760+0500] {logging_mixin.py:188} INFO - [2026-03-28T19:29:46.760+0500] {dag.py:3947} INFO - Setting next_dagrun for tutorial to 2026-03-27 00:00:00+00:00, run_after=2026-03-28 00:00:00+00:00
[2026-03-28T19:29:46.775+0500] {processor.py:183} INFO - Processing /home/abayturar/airflow-project/venv/lib/python3.12/site-packages/airflow/example_dags/tutorial.py took 0.060 seconds
[2026-03-28T19:30:44.984+0500] {processor.py:161} INFO - Started process (PID=29867) to work on /home/abayturar/airflow-project/venv/lib/python3.12/site-packages/airflow/example_dags/tutorial.py
[2026-03-28T19:30:44.985+0500] {processor.py:830} INFO - Processing file /home/abayturar/airflow-project/venv/lib/python3.12/site-packages/airflow/example_dags/tutorial.py for tasks to queue
[2026-03-28T19:30:44.987+0500] {logging_mixin.py:188} INFO - [2026-03-28T19:30:44.986+0500] {dagbag.py:545} INFO - Filling up the DagBag from /home/abayturar/airflow-project/venv/lib/python3.12/site-packages/airflow/example_dags/tutorial.py
[2026-03-28T19:30:44.993+0500] {processor.py:840} INFO - DAG(s) 'tutorial' retrieved from /home/abayturar/airflow-project/venv/lib/python3.12/site-packages/airflow/example_dags/tutorial.py
[2026-03-28T19:30:45.010+0500] {logging_mixin.py:188} INFO - [2026-03-28T19:30:45.009+0500] {dag.py:3089} INFO - Sync 1 DAGs
[2026-03-28T19:30:45.025+0500] {logging_mixin.py:188} INFO - [2026-03-28T19:30:45.025+0500] {dag.py:3947} INFO - Setting next_dagrun for tutorial to 2026-03-27 00:00:00+00:00, run_after=2026-03-28 00:00:00+00:00
[2026-03-28T19:30:45.053+0500] {processor.py:183} INFO - Processing /home/abayturar/airflow-project/venv/lib/python3.12/site-packages/airflow/example_dags/tutorial.py took 0.076 seconds
[2026-03-28T19:31:30.944+0500] {processor.py:161} INFO - Started process (PID=29997) to work on /home/abayturar/airflow-project/venv/lib/python3.12/site-packages/airflow/example_dags/tutorial.py
[2026-03-28T19:31:30.945+0500] {processor.py:830} INFO - Processing file /home/abayturar/airflow-project/venv/lib/python3.12/site-packages/airflow/example_dags/tutorial.py for tasks to queue
[2026-03-28T19:31:30.947+0500] {logging_mixin.py:188} INFO - [2026-03-28T19:31:30.947+0500] {dagbag.py:545} INFO - Filling up the DagBag from /home/abayturar/airflow-project/venv/lib/python3.12/site-packages/airflow/example_dags/tutorial.py
[2026-03-28T19:31:30.953+0500] {processor.py:840} INFO - DAG(s) 'tutorial' retrieved from /home/abayturar/airflow-project/venv/lib/python3.12/site-packages/airflow/example_dags/tutorial.py
[2026-03-28T19:31:30.972+0500] {logging_mixin.py:188} INFO - [2026-03-28T19:31:30.971+0500] {dag.py:3089} INFO - Sync 1 DAGs
[2026-03-28T19:31:30.985+0500] {logging_mixin.py:188} INFO - [2026-03-28T19:31:30.985+0500] {dag.py:3947} INFO - Setting next_dagrun for tutorial to 2026-03-27 00:00:00+00:00, run_after=2026-03-28 00:00:00+00:00
[2026-03-28T19:31:31.001+0500] {processor.py:183} INFO - Processing /home/abayturar/airflow-project/venv/lib/python3.12/site-packages/airflow/example_dags/tutorial.py took 0.063 seconds
[2026-03-28T19:32:19.866+0500] {processor.py:161} INFO - Started process (PID=30134) to work on /home/abayturar/airflow-project/venv/lib/python3.12/site-packages/airflow/example_dags/tutorial.py
[2026-03-28T19:32:19.867+0500] {processor.py:830} INFO - Processing file /home/abayturar/airflow-project/venv/lib/python3.12/site-packages/airflow/example_dags/tutorial.py for tasks to queue
[2026-03-28T19:32:19.869+0500] {logging_mixin.py:188} INFO - [2026-03-28T19:32:19.869+0500] {dagbag.py:545} INFO - Filling up the DagBag from /home/abayturar/airflow-project/venv/lib/python3.12/site-packages/airflow/example_dags/tutorial.py
[2026-03-28T19:32:19.876+0500] {processor.py:840} INFO - DAG(s) 'tutorial' retrieved from /home/abayturar/airflow-project/venv/lib/python3.12/site-packages/airflow/example_dags/tutorial.py
[2026-03-28T19:32:19.893+0500] {logging_mixin.py:188} INFO - [2026-03-28T19:32:19.892+0500] {dag.py:3089} INFO - Sync 1 DAGs
[2026-03-28T19:32:19.907+0500] {logging_mixin.py:188} INFO - [2026-03-28T19:32:19.907+0500] {dag.py:3947} INFO - Setting next_dagrun for tutorial to 2026-03-27 00:00:00+00:00, run_after=2026-03-28 00:00:00+00:00
[2026-03-28T19:32:19.923+0500] {processor.py:183} INFO - Processing /home/abayturar/airflow-project/venv/lib/python3.12/site-packages/airflow/example_dags/tutorial.py took 0.065 seconds
[2026-03-28T19:32:55.397+0500] {processor.py:161} INFO - Started process (PID=30234) to work on /home/abayturar/airflow-project/venv/lib/python3.12/site-packages/airflow/example_dags/tutorial.py
[2026-03-28T19:32:55.398+0500] {processor.py:830} INFO - Processing file /home/abayturar/airflow-project/venv/lib/python3.12/site-packages/airflow/example_dags/tutorial.py for tasks to queue
[2026-03-28T19:32:55.400+0500] {logging_mixin.py:188} INFO - [2026-03-28T19:32:55.399+0500] {dagbag.py:545} INFO - Filling up the DagBag from /home/abayturar/airflow-project/venv/lib/python3.12/site-packages/airflow/example_dags/tutorial.py
[2026-03-28T19:32:55.407+0500] {processor.py:840} INFO - DAG(s) 'tutorial' retrieved from /home/abayturar/airflow-project/venv/lib/python3.12/site-packages/airflow/example_dags/tutorial.py
[2026-03-28T19:32:55.424+0500] {logging_mixin.py:188} INFO - [2026-03-28T19:32:55.423+0500] {dag.py:3089} INFO - Sync 1 DAGs
[2026-03-28T19:32:55.441+0500] {logging_mixin.py:188} INFO - [2026-03-28T19:32:55.440+0500] {dag.py:3947} INFO - Setting next_dagrun for tutorial to 2026-03-27 00:00:00+00:00, run_after=2026-03-28 00:00:00+00:00
[2026-03-28T19:32:55.462+0500] {processor.py:183} INFO - Processing /home/abayturar/airflow-project/venv/lib/python3.12/site-packages/airflow/example_dags/tutorial.py took 0.072 seconds
[2026-03-28T19:33:46.152+0500] {processor.py:161} INFO - Started process (PID=30386) to work on /home/abayturar/airflow-project/venv/lib/python3.12/site-packages/airflow/example_dags/tutorial.py
[2026-03-28T19:33:46.153+0500] {processor.py:830} INFO - Processing file /home/abayturar/airflow-project/venv/lib/python3.12/site-packages/airflow/example_dags/tutorial.py for tasks to queue
[2026-03-28T19:33:46.155+0500] {logging_mixin.py:188} INFO - [2026-03-28T19:33:46.154+0500] {dagbag.py:545} INFO - Filling up the DagBag from /home/abayturar/airflow-project/venv/lib/python3.12/site-packages/airflow/example_dags/tutorial.py
[2026-03-28T19:33:46.162+0500] {processor.py:840} INFO - DAG(s) 'tutorial' retrieved from /home/abayturar/airflow-project/venv/lib/python3.12/site-packages/airflow/example_dags/tutorial.py
[2026-03-28T19:33:46.183+0500] {logging_mixin.py:188} INFO - [2026-03-28T19:33:46.183+0500] {dag.py:3089} INFO - Sync 1 DAGs
[2026-03-28T19:33:46.202+0500] {logging_mixin.py:188} INFO - [2026-03-28T19:33:46.201+0500] {dag.py:3947} INFO - Setting next_dagrun for tutorial to 2026-03-27 00:00:00+00:00, run_after=2026-03-28 00:00:00+00:00
[2026-03-28T19:33:46.220+0500] {processor.py:183} INFO - Processing /home/abayturar/airflow-project/venv/lib/python3.12/site-packages/airflow/example_dags/tutorial.py took 0.076 seconds
[2026-03-28T19:35:12.311+0500] {processor.py:161} INFO - Started process (PID=30566) to work on /home/abayturar/airflow-project/venv/lib/python3.12/site-packages/airflow/example_dags/tutorial.py
[2026-03-28T19:35:12.312+0500] {processor.py:830} INFO - Processing file /home/abayturar/airflow-project/venv/lib/python3.12/site-packages/airflow/example_dags/tutorial.py for tasks to queue
[2026-03-28T19:35:12.314+0500] {logging_mixin.py:188} INFO - [2026-03-28T19:35:12.313+0500] {dagbag.py:545} INFO - Filling up the DagBag from /home/abayturar/airflow-project/venv/lib/python3.12/site-packages/airflow/example_dags/tutorial.py
[2026-03-28T19:35:12.323+0500] {processor.py:840} INFO - DAG(s) 'tutorial' retrieved from /home/abayturar/airflow-project/venv/lib/python3.12/site-packages/airflow/example_dags/tutorial.py
[2026-03-28T19:35:12.343+0500] {logging_mixin.py:188} INFO - [2026-03-28T19:35:12.343+0500] {dag.py:3089} INFO - Sync 1 DAGs
[2026-03-28T19:35:12.357+0500] {logging_mixin.py:188} INFO - [2026-03-28T19:35:12.357+0500] {dag.py:3947} INFO - Setting next_dagrun for tutorial to 2026-03-27 00:00:00+00:00, run_after=2026-03-28 00:00:00+00:00
[2026-03-28T19:35:12.372+0500] {processor.py:183} INFO - Processing /home/abayturar/airflow-project/venv/lib/python3.12/site-packages/airflow/example_dags/tutorial.py took 0.066 seconds
[2026-03-28T19:36:15.090+0500] {processor.py:161} INFO - Started process (PID=30780) to work on /home/abayturar/airflow-project/venv/lib/python3.12/site-packages/airflow/example_dags/tutorial.py
[2026-03-28T19:36:15.091+0500] {processor.py:830} INFO - Processing file /home/abayturar/airflow-project/venv/lib/python3.12/site-packages/airflow/example_dags/tutorial.py for tasks to queue
[2026-03-28T19:36:15.094+0500] {logging_mixin.py:188} INFO - [2026-03-28T19:36:15.094+0500] {dagbag.py:545} INFO - Filling up the DagBag from /home/abayturar/airflow-project/venv/lib/python3.12/site-packages/airflow/example_dags/tutorial.py
[2026-03-28T19:36:15.103+0500] {processor.py:840} INFO - DAG(s) 'tutorial' retrieved from /home/abayturar/airflow-project/venv/lib/python3.12/site-packages/airflow/example_dags/tutorial.py
[2026-03-28T19:36:15.125+0500] {logging_mixin.py:188} INFO - [2026-03-28T19:36:15.124+0500] {dag.py:3089} INFO - Sync 1 DAGs
[2026-03-28T19:36:15.149+0500] {logging_mixin.py:188} INFO - [2026-03-28T19:36:15.149+0500] {dag.py:3947} INFO - Setting next_dagrun for tutorial to 2026-03-27 00:00:00+00:00, run_after=2026-03-28 00:00:00+00:00
[2026-03-28T19:36:15.184+0500] {processor.py:183} INFO - Processing /home/abayturar/airflow-project/venv/lib/python3.12/site-packages/airflow/example_dags/tutorial.py took 0.101 seconds
[2026-03-28T19:37:07.080+0500] {processor.py:161} INFO - Started process (PID=30921) to work on /home/abayturar/airflow-project/venv/lib/python3.12/site-packages/airflow/example_dags/tutorial.py
[2026-03-28T19:37:07.081+0500] {processor.py:830} INFO - Processing file /home/abayturar/airflow-project/venv/lib/python3.12/site-packages/airflow/example_dags/tutorial.py for tasks to queue
[2026-03-28T19:37:07.083+0500] {logging_mixin.py:188} INFO - [2026-03-28T19:37:07.083+0500] {dagbag.py:545} INFO - Filling up the DagBag from /home/abayturar/airflow-project/venv/lib/python3.12/site-packages/airflow/example_dags/tutorial.py
[2026-03-28T19:37:07.089+0500] {processor.py:840} INFO - DAG(s) 'tutorial' retrieved from /home/abayturar/airflow-project/venv/lib/python3.12/site-packages/airflow/example_dags/tutorial.py
[2026-03-28T19:37:07.105+0500] {logging_mixin.py:188} INFO - [2026-03-28T19:37:07.105+0500] {dag.py:3089} INFO - Sync 1 DAGs
[2026-03-28T19:37:07.122+0500] {logging_mixin.py:188} INFO - [2026-03-28T19:37:07.122+0500] {dag.py:3947} INFO - Setting next_dagrun for tutorial to 2026-03-27 00:00:00+00:00, run_after=2026-03-28 00:00:00+00:00
[2026-03-28T19:37:07.150+0500] {processor.py:183} INFO - Processing /home/abayturar/airflow-project/venv/lib/python3.12/site-packages/airflow/example_dags/tutorial.py took 0.076 seconds
[2026-03-28T19:37:54.612+0500] {processor.py:161} INFO - Started process (PID=31048) to work on /home/abayturar/airflow-project/venv/lib/python3.12/site-packages/airflow/example_dags/tutorial.py
[2026-03-28T19:37:54.613+0500] {processor.py:830} INFO - Processing file /home/abayturar/airflow-project/venv/lib/python3.12/site-packages/airflow/example_dags/tutorial.py for tasks to queue
[2026-03-28T19:37:54.615+0500] {logging_mixin.py:188} INFO - [2026-03-28T19:37:54.614+0500] {dagbag.py:545} INFO - Filling up the DagBag from /home/abayturar/airflow-project/venv/lib/python3.12/site-packages/airflow/example_dags/tutorial.py
[2026-03-28T19:37:54.621+0500] {processor.py:840} INFO - DAG(s) 'tutorial' retrieved from /home/abayturar/airflow-project/venv/lib/python3.12/site-packages/airflow/example_dags/tutorial.py
[2026-03-28T19:37:54.636+0500] {logging_mixin.py:188} INFO - [2026-03-28T19:37:54.636+0500] {dag.py:3089} INFO - Sync 1 DAGs
[2026-03-28T19:37:54.650+0500] {logging_mixin.py:188} INFO - [2026-03-28T19:37:54.650+0500] {dag.py:3947} INFO - Setting next_dagrun for tutorial to 2026-03-27 00:00:00+00:00, run_after=2026-03-28 00:00:00+00:00
[2026-03-28T19:37:54.676+0500] {processor.py:183} INFO - Processing /home/abayturar/airflow-project/venv/lib/python3.12/site-packages/airflow/example_dags/tutorial.py took 0.069 seconds
[2026-03-28T19:38:39.457+0500] {processor.py:161} INFO - Started process (PID=31174) to work on /home/abayturar/airflow-project/venv/lib/python3.12/site-packages/airflow/example_dags/tutorial.py
[2026-03-28T19:38:39.458+0500] {processor.py:830} INFO - Processing file /home/abayturar/airflow-project/venv/lib/python3.12/site-packages/airflow/example_dags/tutorial.py for tasks to queue
[2026-03-28T19:38:39.460+0500] {logging_mixin.py:188} INFO - [2026-03-28T19:38:39.459+0500] {dagbag.py:545} INFO - Filling up the DagBag from /home/abayturar/airflow-project/venv/lib/python3.12/site-packages/airflow/example_dags/tutorial.py
[2026-03-28T19:38:39.466+0500] {processor.py:840} INFO - DAG(s) 'tutorial' retrieved from /home/abayturar/airflow-project/venv/lib/python3.12/site-packages/airflow/example_dags/tutorial.py
[2026-03-28T19:38:39.482+0500] {logging_mixin.py:188} INFO - [2026-03-28T19:38:39.481+0500] {dag.py:3089} INFO - Sync 1 DAGs
[2026-03-28T19:38:39.495+0500] {logging_mixin.py:188} INFO - [2026-03-28T19:38:39.495+0500] {dag.py:3947} INFO - Setting next_dagrun for tutorial to 2026-03-27 00:00:00+00:00, run_after=2026-03-28 00:00:00+00:00
[2026-03-28T19:38:39.523+0500] {processor.py:183} INFO - Processing /home/abayturar/airflow-project/venv/lib/python3.12/site-packages/airflow/example_dags/tutorial.py took 0.072 seconds
[2026-03-28T19:39:24.313+0500] {processor.py:161} INFO - Started process (PID=31296) to work on /home/abayturar/airflow-project/venv/lib/python3.12/site-packages/airflow/example_dags/tutorial.py
[2026-03-28T19:39:24.313+0500] {processor.py:830} INFO - Processing file /home/abayturar/airflow-project/venv/lib/python3.12/site-packages/airflow/example_dags/tutorial.py for tasks to queue
[2026-03-28T19:39:24.315+0500] {logging_mixin.py:188} INFO - [2026-03-28T19:39:24.315+0500] {dagbag.py:545} INFO - Filling up the DagBag from /home/abayturar/airflow-project/venv/lib/python3.12/site-packages/airflow/example_dags/tutorial.py
[2026-03-28T19:39:24.322+0500] {processor.py:840} INFO - DAG(s) 'tutorial' retrieved from /home/abayturar/airflow-project/venv/lib/python3.12/site-packages/airflow/example_dags/tutorial.py
[2026-03-28T19:39:24.340+0500] {logging_mixin.py:188} INFO - [2026-03-28T19:39:24.340+0500] {dag.py:3089} INFO - Sync 1 DAGs
[2026-03-28T19:39:24.355+0500] {logging_mixin.py:188} INFO - [2026-03-28T19:39:24.355+0500] {dag.py:3947} INFO - Setting next_dagrun for tutorial to 2026-03-27 00:00:00+00:00, run_after=2026-03-28 00:00:00+00:00
[2026-03-28T19:39:24.385+0500] {processor.py:183} INFO - Processing /home/abayturar/airflow-project/venv/lib/python3.12/site-packages/airflow/example_dags/tutorial.py took 0.079 seconds
[2026-03-28T19:40:08.476+0500] {processor.py:161} INFO - Started process (PID=31415) to work on /home/abayturar/airflow-project/venv/lib/python3.12/site-packages/airflow/example_dags/tutorial.py
[2026-03-28T19:40:08.477+0500] {processor.py:830} INFO - Processing file /home/abayturar/airflow-project/venv/lib/python3.12/site-packages/airflow/example_dags/tutorial.py for tasks to queue
[2026-03-28T19:40:08.479+0500] {logging_mixin.py:188} INFO - [2026-03-28T19:40:08.478+0500] {dagbag.py:545} INFO - Filling up the DagBag from /home/abayturar/airflow-project/venv/lib/python3.12/site-packages/airflow/example_dags/tutorial.py
[2026-03-28T19:40:08.486+0500] {processor.py:840} INFO - DAG(s) 'tutorial' retrieved from /home/abayturar/airflow-project/venv/lib/python3.12/site-packages/airflow/example_dags/tutorial.py
[2026-03-28T19:40:08.504+0500] {logging_mixin.py:188} INFO - [2026-03-28T19:40:08.503+0500] {dag.py:3089} INFO - Sync 1 DAGs
[2026-03-28T19:40:08.520+0500] {logging_mixin.py:188} INFO - [2026-03-28T19:40:08.520+0500] {dag.py:3947} INFO - Setting next_dagrun for tutorial to 2026-03-27 00:00:00+00:00, run_after=2026-03-28 00:00:00+00:00
[2026-03-28T19:40:08.549+0500] {processor.py:183} INFO - Processing /home/abayturar/airflow-project/venv/lib/python3.12/site-packages/airflow/example_dags/tutorial.py took 0.080 seconds
[2026-03-28T19:40:55.866+0500] {processor.py:161} INFO - Started process (PID=31541) to work on /home/abayturar/airflow-project/venv/lib/python3.12/site-packages/airflow/example_dags/tutorial.py
[2026-03-28T19:40:55.867+0500] {processor.py:830} INFO - Processing file /home/abayturar/airflow-project/venv/lib/python3.12/site-packages/airflow/example_dags/tutorial.py for tasks to queue
[2026-03-28T19:40:55.870+0500] {logging_mixin.py:188} INFO - [2026-03-28T19:40:55.869+0500] {dagbag.py:545} INFO - Filling up the DagBag from /home/abayturar/airflow-project/venv/lib/python3.12/site-packages/airflow/example_dags/tutorial.py
[2026-03-28T19:40:55.877+0500] {processor.py:840} INFO - DAG(s) 'tutorial' retrieved from /home/abayturar/airflow-project/venv/lib/python3.12/site-packages/airflow/example_dags/tutorial.py
[2026-03-28T19:40:55.893+0500] {logging_mixin.py:188} INFO - [2026-03-28T19:40:55.893+0500] {dag.py:3089} INFO - Sync 1 DAGs
[2026-03-28T19:40:55.909+0500] {logging_mixin.py:188} INFO - [2026-03-28T19:40:55.909+0500] {dag.py:3947} INFO - Setting next_dagrun for tutorial to 2026-03-27 00:00:00+00:00, run_after=2026-03-28 00:00:00+00:00
[2026-03-28T19:40:55.937+0500] {processor.py:183} INFO - Processing /home/abayturar/airflow-project/venv/lib/python3.12/site-packages/airflow/example_dags/tutorial.py took 0.078 seconds
[2026-03-28T19:41:38.419+0500] {processor.py:161} INFO - Started process (PID=31658) to work on /home/abayturar/airflow-project/venv/lib/python3.12/site-packages/airflow/example_dags/tutorial.py
[2026-03-28T19:41:38.420+0500] {processor.py:830} INFO - Processing file /home/abayturar/airflow-project/venv/lib/python3.12/site-packages/airflow/example_dags/tutorial.py for tasks to queue
[2026-03-28T19:41:38.421+0500] {logging_mixin.py:188} INFO - [2026-03-28T19:41:38.421+0500] {dagbag.py:545} INFO - Filling up the DagBag from /home/abayturar/airflow-project/venv/lib/python3.12/site-packages/airflow/example_dags/tutorial.py
[2026-03-28T19:41:38.427+0500] {processor.py:840} INFO - DAG(s) 'tutorial' retrieved from /home/abayturar/airflow-project/venv/lib/python3.12/site-packages/airflow/example_dags/tutorial.py
[2026-03-28T19:41:38.442+0500] {logging_mixin.py:188} INFO - [2026-03-28T19:41:38.442+0500] {dag.py:3089} INFO - Sync 1 DAGs
[2026-03-28T19:41:38.456+0500] {logging_mixin.py:188} INFO - [2026-03-28T19:41:38.456+0500] {dag.py:3947} INFO - Setting next_dagrun for tutorial to 2026-03-27 00:00:00+00:00, run_after=2026-03-28 00:00:00+00:00
[2026-03-28T19:41:38.486+0500] {processor.py:183} INFO - Processing /home/abayturar/airflow-project/venv/lib/python3.12/site-packages/airflow/example_dags/tutorial.py took 0.073 seconds
[2026-03-28T19:42:26.740+0500] {processor.py:161} INFO - Started process (PID=31789) to work on /home/abayturar/airflow-project/venv/lib/python3.12/site-packages/airflow/example_dags/tutorial.py
[2026-03-28T19:42:26.741+0500] {processor.py:830} INFO - Processing file /home/abayturar/airflow-project/venv/lib/python3.12/site-packages/airflow/example_dags/tutorial.py for tasks to queue
[2026-03-28T19:42:26.742+0500] {logging_mixin.py:188} INFO - [2026-03-28T19:42:26.742+0500] {dagbag.py:545} INFO - Filling up the DagBag from /home/abayturar/airflow-project/venv/lib/python3.12/site-packages/airflow/example_dags/tutorial.py
[2026-03-28T19:42:26.748+0500] {processor.py:840} INFO - DAG(s) 'tutorial' retrieved from /home/abayturar/airflow-project/venv/lib/python3.12/site-packages/airflow/example_dags/tutorial.py
[2026-03-28T19:42:26.763+0500] {logging_mixin.py:188} INFO - [2026-03-28T19:42:26.763+0500] {dag.py:3089} INFO - Sync 1 DAGs
[2026-03-28T19:42:26.777+0500] {logging_mixin.py:188} INFO - [2026-03-28T19:42:26.777+0500] {dag.py:3947} INFO - Setting next_dagrun for tutorial to 2026-03-27 00:00:00+00:00, run_after=2026-03-28 00:00:00+00:00
[2026-03-28T19:42:26.792+0500] {processor.py:183} INFO - Processing /home/abayturar/airflow-project/venv/lib/python3.12/site-packages/airflow/example_dags/tutorial.py took 0.058 seconds
[2026-03-28T19:43:17.026+0500] {processor.py:161} INFO - Started process (PID=31920) to work on /home/abayturar/airflow-project/venv/lib/python3.12/site-packages/airflow/example_dags/tutorial.py
[2026-03-28T19:43:17.027+0500] {processor.py:830} INFO - Processing file /home/abayturar/airflow-project/venv/lib/python3.12/site-packages/airflow/example_dags/tutorial.py for tasks to queue
[2026-03-28T19:43:17.028+0500] {logging_mixin.py:188} INFO - [2026-03-28T19:43:17.028+0500] {dagbag.py:545} INFO - Filling up the DagBag from /home/abayturar/airflow-project/venv/lib/python3.12/site-packages/airflow/example_dags/tutorial.py
[2026-03-28T19:43:17.034+0500] {processor.py:840} INFO - DAG(s) 'tutorial' retrieved from /home/abayturar/airflow-project/venv/lib/python3.12/site-packages/airflow/example_dags/tutorial.py
[2026-03-28T19:43:17.049+0500] {logging_mixin.py:188} INFO - [2026-03-28T19:43:17.049+0500] {dag.py:3089} INFO - Sync 1 DAGs
[2026-03-28T19:43:17.064+0500] {logging_mixin.py:188} INFO - [2026-03-28T19:43:17.064+0500] {dag.py:3947} INFO - Setting next_dagrun for tutorial to 2026-03-27 00:00:00+00:00, run_after=2026-03-28 00:00:00+00:00
[2026-03-28T19:43:17.079+0500] {processor.py:183} INFO - Processing /home/abayturar/airflow-project/venv/lib/python3.12/site-packages/airflow/example_dags/tutorial.py took 0.059 seconds
[2026-03-28T19:44:05.059+0500] {processor.py:161} INFO - Started process (PID=32049) to work on /home/abayturar/airflow-project/venv/lib/python3.12/site-packages/airflow/example_dags/tutorial.py
[2026-03-28T19:44:05.060+0500] {processor.py:830} INFO - Processing file /home/abayturar/airflow-project/venv/lib/python3.12/site-packages/airflow/example_dags/tutorial.py for tasks to queue
[2026-03-28T19:44:05.062+0500] {logging_mixin.py:188} INFO - [2026-03-28T19:44:05.061+0500] {dagbag.py:545} INFO - Filling up the DagBag from /home/abayturar/airflow-project/venv/lib/python3.12/site-packages/airflow/example_dags/tutorial.py
[2026-03-28T19:44:05.069+0500] {processor.py:840} INFO - DAG(s) 'tutorial' retrieved from /home/abayturar/airflow-project/venv/lib/python3.12/site-packages/airflow/example_dags/tutorial.py
[2026-03-28T19:44:05.085+0500] {logging_mixin.py:188} INFO - [2026-03-28T19:44:05.085+0500] {dag.py:3089} INFO - Sync 1 DAGs
[2026-03-28T19:44:05.099+0500] {logging_mixin.py:188} INFO - [2026-03-28T19:44:05.099+0500] {dag.py:3947} INFO - Setting next_dagrun for tutorial to 2026-03-27 00:00:00+00:00, run_after=2026-03-28 00:00:00+00:00
[2026-03-28T19:44:05.126+0500] {processor.py:183} INFO - Processing /home/abayturar/airflow-project/venv/lib/python3.12/site-packages/airflow/example_dags/tutorial.py took 0.073 seconds
[2026-03-28T19:44:50.932+0500] {processor.py:161} INFO - Started process (PID=32173) to work on /home/abayturar/airflow-project/venv/lib/python3.12/site-packages/airflow/example_dags/tutorial.py
[2026-03-28T19:44:50.933+0500] {processor.py:830} INFO - Processing file /home/abayturar/airflow-project/venv/lib/python3.12/site-packages/airflow/example_dags/tutorial.py for tasks to queue
[2026-03-28T19:44:50.935+0500] {logging_mixin.py:188} INFO - [2026-03-28T19:44:50.935+0500] {dagbag.py:545} INFO - Filling up the DagBag from /home/abayturar/airflow-project/venv/lib/python3.12/site-packages/airflow/example_dags/tutorial.py
[2026-03-28T19:44:50.942+0500] {processor.py:840} INFO - DAG(s) 'tutorial' retrieved from /home/abayturar/airflow-project/venv/lib/python3.12/site-packages/airflow/example_dags/tutorial.py
[2026-03-28T19:44:50.959+0500] {logging_mixin.py:188} INFO - [2026-03-28T19:44:50.958+0500] {dag.py:3089} INFO - Sync 1 DAGs
[2026-03-28T19:44:50.974+0500] {logging_mixin.py:188} INFO - [2026-03-28T19:44:50.974+0500] {dag.py:3947} INFO - Setting next_dagrun for tutorial to 2026-03-27 00:00:00+00:00, run_after=2026-03-28 00:00:00+00:00
[2026-03-28T19:44:51.003+0500] {processor.py:183} INFO - Processing /home/abayturar/airflow-project/venv/lib/python3.12/site-packages/airflow/example_dags/tutorial.py took 0.077 seconds
