[2026-03-28T15:21:02.107+0500] {processor.py:161} INFO - Started process (PID=11805) to work on /home/abayturar/airflow-project/venv/lib/python3.12/site-packages/airflow/example_dags/tutorial_taskflow_api.py
[2026-03-28T15:21:02.108+0500] {processor.py:830} INFO - Processing file /home/abayturar/airflow-project/venv/lib/python3.12/site-packages/airflow/example_dags/tutorial_taskflow_api.py for tasks to queue
[2026-03-28T15:21:02.110+0500] {logging_mixin.py:188} INFO - [2026-03-28T15:21:02.110+0500] {dagbag.py:545} INFO - Filling up the DagBag from /home/abayturar/airflow-project/venv/lib/python3.12/site-packages/airflow/example_dags/tutorial_taskflow_api.py
[2026-03-28T15:21:02.132+0500] {processor.py:840} INFO - DAG(s) 'tutorial_taskflow_api' retrieved from /home/abayturar/airflow-project/venv/lib/python3.12/site-packages/airflow/example_dags/tutorial_taskflow_api.py
[2026-03-28T15:21:02.222+0500] {logging_mixin.py:188} INFO - [2026-03-28T15:21:02.222+0500] {override.py:1858} INFO - Created Permission View: can edit on DAG:tutorial_taskflow_api
[2026-03-28T15:21:02.230+0500] {logging_mixin.py:188} INFO - [2026-03-28T15:21:02.229+0500] {override.py:1858} INFO - Created Permission View: can read on DAG:tutorial_taskflow_api
[2026-03-28T15:21:02.235+0500] {logging_mixin.py:188} INFO - [2026-03-28T15:21:02.235+0500] {override.py:1858} INFO - Created Permission View: can delete on DAG:tutorial_taskflow_api
[2026-03-28T15:21:02.235+0500] {logging_mixin.py:188} INFO - [2026-03-28T15:21:02.235+0500] {dag.py:3089} INFO - Sync 1 DAGs
[2026-03-28T15:21:02.242+0500] {logging_mixin.py:188} INFO - [2026-03-28T15:21:02.242+0500] {dag.py:3111} INFO - Creating ORM DAG for tutorial_taskflow_api
[2026-03-28T15:21:02.243+0500] {logging_mixin.py:188} INFO - [2026-03-28T15:21:02.242+0500] {dag.py:3947} INFO - Setting next_dagrun for tutorial_taskflow_api to None, run_after=None
[2026-03-28T15:21:02.255+0500] {processor.py:183} INFO - Processing /home/abayturar/airflow-project/venv/lib/python3.12/site-packages/airflow/example_dags/tutorial_taskflow_api.py took 0.154 seconds
[2026-03-28T15:21:58.396+0500] {processor.py:161} INFO - Started process (PID=11955) to work on /home/abayturar/airflow-project/venv/lib/python3.12/site-packages/airflow/example_dags/tutorial_taskflow_api.py
[2026-03-28T15:21:58.398+0500] {processor.py:830} INFO - Processing file /home/abayturar/airflow-project/venv/lib/python3.12/site-packages/airflow/example_dags/tutorial_taskflow_api.py for tasks to queue
[2026-03-28T15:21:58.401+0500] {logging_mixin.py:188} INFO - [2026-03-28T15:21:58.400+0500] {dagbag.py:545} INFO - Filling up the DagBag from /home/abayturar/airflow-project/venv/lib/python3.12/site-packages/airflow/example_dags/tutorial_taskflow_api.py
[2026-03-28T15:21:58.410+0500] {processor.py:840} INFO - DAG(s) 'tutorial_taskflow_api' retrieved from /home/abayturar/airflow-project/venv/lib/python3.12/site-packages/airflow/example_dags/tutorial_taskflow_api.py
[2026-03-28T15:21:58.432+0500] {logging_mixin.py:188} INFO - [2026-03-28T15:21:58.432+0500] {dag.py:3089} INFO - Sync 1 DAGs
[2026-03-28T15:21:58.449+0500] {logging_mixin.py:188} INFO - [2026-03-28T15:21:58.448+0500] {dag.py:3947} INFO - Setting next_dagrun for tutorial_taskflow_api to None, run_after=None
[2026-03-28T15:21:58.474+0500] {processor.py:183} INFO - Processing /home/abayturar/airflow-project/venv/lib/python3.12/site-packages/airflow/example_dags/tutorial_taskflow_api.py took 0.086 seconds
[2026-03-28T15:22:48.926+0500] {processor.py:161} INFO - Started process (PID=12106) to work on /home/abayturar/airflow-project/venv/lib/python3.12/site-packages/airflow/example_dags/tutorial_taskflow_api.py
[2026-03-28T15:22:48.927+0500] {processor.py:830} INFO - Processing file /home/abayturar/airflow-project/venv/lib/python3.12/site-packages/airflow/example_dags/tutorial_taskflow_api.py for tasks to queue
[2026-03-28T15:22:48.929+0500] {logging_mixin.py:188} INFO - [2026-03-28T15:22:48.928+0500] {dagbag.py:545} INFO - Filling up the DagBag from /home/abayturar/airflow-project/venv/lib/python3.12/site-packages/airflow/example_dags/tutorial_taskflow_api.py
[2026-03-28T15:22:48.936+0500] {processor.py:840} INFO - DAG(s) 'tutorial_taskflow_api' retrieved from /home/abayturar/airflow-project/venv/lib/python3.12/site-packages/airflow/example_dags/tutorial_taskflow_api.py
[2026-03-28T15:22:48.952+0500] {logging_mixin.py:188} INFO - [2026-03-28T15:22:48.952+0500] {dag.py:3089} INFO - Sync 1 DAGs
[2026-03-28T15:22:48.962+0500] {logging_mixin.py:188} INFO - [2026-03-28T15:22:48.962+0500] {dag.py:3947} INFO - Setting next_dagrun for tutorial_taskflow_api to None, run_after=None
[2026-03-28T15:22:48.979+0500] {processor.py:183} INFO - Processing /home/abayturar/airflow-project/venv/lib/python3.12/site-packages/airflow/example_dags/tutorial_taskflow_api.py took 0.059 seconds
[2026-03-28T15:23:27.857+0500] {processor.py:161} INFO - Started process (PID=12218) to work on /home/abayturar/airflow-project/venv/lib/python3.12/site-packages/airflow/example_dags/tutorial_taskflow_api.py
[2026-03-28T15:23:27.858+0500] {processor.py:830} INFO - Processing file /home/abayturar/airflow-project/venv/lib/python3.12/site-packages/airflow/example_dags/tutorial_taskflow_api.py for tasks to queue
[2026-03-28T15:23:27.859+0500] {logging_mixin.py:188} INFO - [2026-03-28T15:23:27.859+0500] {dagbag.py:545} INFO - Filling up the DagBag from /home/abayturar/airflow-project/venv/lib/python3.12/site-packages/airflow/example_dags/tutorial_taskflow_api.py
[2026-03-28T15:23:27.866+0500] {processor.py:840} INFO - DAG(s) 'tutorial_taskflow_api' retrieved from /home/abayturar/airflow-project/venv/lib/python3.12/site-packages/airflow/example_dags/tutorial_taskflow_api.py
[2026-03-28T15:23:27.881+0500] {logging_mixin.py:188} INFO - [2026-03-28T15:23:27.880+0500] {dag.py:3089} INFO - Sync 1 DAGs
[2026-03-28T15:23:27.890+0500] {logging_mixin.py:188} INFO - [2026-03-28T15:23:27.889+0500] {dag.py:3947} INFO - Setting next_dagrun for tutorial_taskflow_api to None, run_after=None
[2026-03-28T15:23:27.917+0500] {processor.py:183} INFO - Processing /home/abayturar/airflow-project/venv/lib/python3.12/site-packages/airflow/example_dags/tutorial_taskflow_api.py took 0.066 seconds
[2026-03-28T15:24:14.506+0500] {processor.py:161} INFO - Started process (PID=12350) to work on /home/abayturar/airflow-project/venv/lib/python3.12/site-packages/airflow/example_dags/tutorial_taskflow_api.py
[2026-03-28T15:24:14.507+0500] {processor.py:830} INFO - Processing file /home/abayturar/airflow-project/venv/lib/python3.12/site-packages/airflow/example_dags/tutorial_taskflow_api.py for tasks to queue
[2026-03-28T15:24:14.509+0500] {logging_mixin.py:188} INFO - [2026-03-28T15:24:14.508+0500] {dagbag.py:545} INFO - Filling up the DagBag from /home/abayturar/airflow-project/venv/lib/python3.12/site-packages/airflow/example_dags/tutorial_taskflow_api.py
[2026-03-28T15:24:14.515+0500] {processor.py:840} INFO - DAG(s) 'tutorial_taskflow_api' retrieved from /home/abayturar/airflow-project/venv/lib/python3.12/site-packages/airflow/example_dags/tutorial_taskflow_api.py
[2026-03-28T15:24:14.530+0500] {logging_mixin.py:188} INFO - [2026-03-28T15:24:14.530+0500] {dag.py:3089} INFO - Sync 1 DAGs
[2026-03-28T15:24:14.540+0500] {logging_mixin.py:188} INFO - [2026-03-28T15:24:14.540+0500] {dag.py:3947} INFO - Setting next_dagrun for tutorial_taskflow_api to None, run_after=None
[2026-03-28T15:24:14.569+0500] {processor.py:183} INFO - Processing /home/abayturar/airflow-project/venv/lib/python3.12/site-packages/airflow/example_dags/tutorial_taskflow_api.py took 0.069 seconds
[2026-03-28T15:24:48.063+0500] {processor.py:161} INFO - Started process (PID=12445) to work on /home/abayturar/airflow-project/venv/lib/python3.12/site-packages/airflow/example_dags/tutorial_taskflow_api.py
[2026-03-28T15:24:48.064+0500] {processor.py:830} INFO - Processing file /home/abayturar/airflow-project/venv/lib/python3.12/site-packages/airflow/example_dags/tutorial_taskflow_api.py for tasks to queue
[2026-03-28T15:24:48.065+0500] {logging_mixin.py:188} INFO - [2026-03-28T15:24:48.065+0500] {dagbag.py:545} INFO - Filling up the DagBag from /home/abayturar/airflow-project/venv/lib/python3.12/site-packages/airflow/example_dags/tutorial_taskflow_api.py
[2026-03-28T15:24:48.072+0500] {processor.py:840} INFO - DAG(s) 'tutorial_taskflow_api' retrieved from /home/abayturar/airflow-project/venv/lib/python3.12/site-packages/airflow/example_dags/tutorial_taskflow_api.py
[2026-03-28T15:24:48.087+0500] {logging_mixin.py:188} INFO - [2026-03-28T15:24:48.086+0500] {dag.py:3089} INFO - Sync 1 DAGs
[2026-03-28T15:24:48.095+0500] {logging_mixin.py:188} INFO - [2026-03-28T15:24:48.095+0500] {dag.py:3947} INFO - Setting next_dagrun for tutorial_taskflow_api to None, run_after=None
[2026-03-28T15:24:48.122+0500] {processor.py:183} INFO - Processing /home/abayturar/airflow-project/venv/lib/python3.12/site-packages/airflow/example_dags/tutorial_taskflow_api.py took 0.065 seconds
[2026-03-28T15:25:42.975+0500] {processor.py:161} INFO - Started process (PID=12572) to work on /home/abayturar/airflow-project/venv/lib/python3.12/site-packages/airflow/example_dags/tutorial_taskflow_api.py
[2026-03-28T15:25:42.976+0500] {processor.py:830} INFO - Processing file /home/abayturar/airflow-project/venv/lib/python3.12/site-packages/airflow/example_dags/tutorial_taskflow_api.py for tasks to queue
[2026-03-28T15:25:42.978+0500] {logging_mixin.py:188} INFO - [2026-03-28T15:25:42.978+0500] {dagbag.py:545} INFO - Filling up the DagBag from /home/abayturar/airflow-project/venv/lib/python3.12/site-packages/airflow/example_dags/tutorial_taskflow_api.py
[2026-03-28T15:25:42.990+0500] {processor.py:840} INFO - DAG(s) 'tutorial_taskflow_api' retrieved from /home/abayturar/airflow-project/venv/lib/python3.12/site-packages/airflow/example_dags/tutorial_taskflow_api.py
[2026-03-28T15:25:43.014+0500] {logging_mixin.py:188} INFO - [2026-03-28T15:25:43.013+0500] {dag.py:3089} INFO - Sync 1 DAGs
[2026-03-28T15:25:43.024+0500] {logging_mixin.py:188} INFO - [2026-03-28T15:25:43.024+0500] {dag.py:3947} INFO - Setting next_dagrun for tutorial_taskflow_api to None, run_after=None
[2026-03-28T15:25:43.052+0500] {processor.py:183} INFO - Processing /home/abayturar/airflow-project/venv/lib/python3.12/site-packages/airflow/example_dags/tutorial_taskflow_api.py took 0.084 seconds
[2026-03-28T15:26:50.351+0500] {processor.py:161} INFO - Started process (PID=12757) to work on /home/abayturar/airflow-project/venv/lib/python3.12/site-packages/airflow/example_dags/tutorial_taskflow_api.py
[2026-03-28T15:26:50.351+0500] {processor.py:830} INFO - Processing file /home/abayturar/airflow-project/venv/lib/python3.12/site-packages/airflow/example_dags/tutorial_taskflow_api.py for tasks to queue
[2026-03-28T15:26:50.353+0500] {logging_mixin.py:188} INFO - [2026-03-28T15:26:50.353+0500] {dagbag.py:545} INFO - Filling up the DagBag from /home/abayturar/airflow-project/venv/lib/python3.12/site-packages/airflow/example_dags/tutorial_taskflow_api.py
[2026-03-28T15:26:50.362+0500] {processor.py:840} INFO - DAG(s) 'tutorial_taskflow_api' retrieved from /home/abayturar/airflow-project/venv/lib/python3.12/site-packages/airflow/example_dags/tutorial_taskflow_api.py
[2026-03-28T15:26:50.371+0500] {logging_mixin.py:188} INFO - [2026-03-28T15:26:50.371+0500] {dag.py:3089} INFO - Sync 1 DAGs
[2026-03-28T15:26:50.380+0500] {logging_mixin.py:188} INFO - [2026-03-28T15:26:50.380+0500] {dag.py:3947} INFO - Setting next_dagrun for tutorial_taskflow_api to None, run_after=None
[2026-03-28T15:26:50.408+0500] {processor.py:183} INFO - Processing /home/abayturar/airflow-project/venv/lib/python3.12/site-packages/airflow/example_dags/tutorial_taskflow_api.py took 0.062 seconds
[2026-03-28T15:27:42.812+0500] {processor.py:161} INFO - Started process (PID=12895) to work on /home/abayturar/airflow-project/venv/lib/python3.12/site-packages/airflow/example_dags/tutorial_taskflow_api.py
[2026-03-28T15:27:42.813+0500] {processor.py:830} INFO - Processing file /home/abayturar/airflow-project/venv/lib/python3.12/site-packages/airflow/example_dags/tutorial_taskflow_api.py for tasks to queue
[2026-03-28T15:27:42.815+0500] {logging_mixin.py:188} INFO - [2026-03-28T15:27:42.814+0500] {dagbag.py:545} INFO - Filling up the DagBag from /home/abayturar/airflow-project/venv/lib/python3.12/site-packages/airflow/example_dags/tutorial_taskflow_api.py
[2026-03-28T15:27:42.821+0500] {processor.py:840} INFO - DAG(s) 'tutorial_taskflow_api' retrieved from /home/abayturar/airflow-project/venv/lib/python3.12/site-packages/airflow/example_dags/tutorial_taskflow_api.py
[2026-03-28T15:27:42.899+0500] {logging_mixin.py:188} INFO - [2026-03-28T15:27:42.899+0500] {dag.py:3089} INFO - Sync 1 DAGs
[2026-03-28T15:27:42.907+0500] {logging_mixin.py:188} INFO - [2026-03-28T15:27:42.907+0500] {dag.py:3947} INFO - Setting next_dagrun for tutorial_taskflow_api to None, run_after=None
[2026-03-28T15:27:42.924+0500] {processor.py:183} INFO - Processing /home/abayturar/airflow-project/venv/lib/python3.12/site-packages/airflow/example_dags/tutorial_taskflow_api.py took 0.117 seconds
[2026-03-28T18:17:23.114+0500] {processor.py:161} INFO - Started process (PID=17873) to work on /home/abayturar/airflow-project/venv/lib/python3.12/site-packages/airflow/example_dags/tutorial_taskflow_api.py
[2026-03-28T18:17:23.115+0500] {processor.py:830} INFO - Processing file /home/abayturar/airflow-project/venv/lib/python3.12/site-packages/airflow/example_dags/tutorial_taskflow_api.py for tasks to queue
[2026-03-28T18:17:23.117+0500] {logging_mixin.py:188} INFO - [2026-03-28T18:17:23.116+0500] {dagbag.py:545} INFO - Filling up the DagBag from /home/abayturar/airflow-project/venv/lib/python3.12/site-packages/airflow/example_dags/tutorial_taskflow_api.py
[2026-03-28T18:17:23.125+0500] {processor.py:840} INFO - DAG(s) 'tutorial_taskflow_api' retrieved from /home/abayturar/airflow-project/venv/lib/python3.12/site-packages/airflow/example_dags/tutorial_taskflow_api.py
[2026-03-28T18:17:23.226+0500] {logging_mixin.py:188} INFO - [2026-03-28T18:17:23.226+0500] {override.py:1858} INFO - Created Permission View: can edit on DAG:tutorial_taskflow_api
[2026-03-28T18:17:23.234+0500] {logging_mixin.py:188} INFO - [2026-03-28T18:17:23.233+0500] {override.py:1858} INFO - Created Permission View: can delete on DAG:tutorial_taskflow_api
[2026-03-28T18:17:23.239+0500] {logging_mixin.py:188} INFO - [2026-03-28T18:17:23.239+0500] {override.py:1858} INFO - Created Permission View: can read on DAG:tutorial_taskflow_api
[2026-03-28T18:17:23.239+0500] {logging_mixin.py:188} INFO - [2026-03-28T18:17:23.239+0500] {dag.py:3089} INFO - Sync 1 DAGs
[2026-03-28T18:17:23.246+0500] {logging_mixin.py:188} INFO - [2026-03-28T18:17:23.246+0500] {dag.py:3111} INFO - Creating ORM DAG for tutorial_taskflow_api
[2026-03-28T18:17:23.247+0500] {logging_mixin.py:188} INFO - [2026-03-28T18:17:23.246+0500] {dag.py:3947} INFO - Setting next_dagrun for tutorial_taskflow_api to None, run_after=None
[2026-03-28T18:17:23.259+0500] {processor.py:183} INFO - Processing /home/abayturar/airflow-project/venv/lib/python3.12/site-packages/airflow/example_dags/tutorial_taskflow_api.py took 0.151 seconds
[2026-03-28T18:18:18.424+0500] {processor.py:161} INFO - Started process (PID=18025) to work on /home/abayturar/airflow-project/venv/lib/python3.12/site-packages/airflow/example_dags/tutorial_taskflow_api.py
[2026-03-28T18:18:18.425+0500] {processor.py:830} INFO - Processing file /home/abayturar/airflow-project/venv/lib/python3.12/site-packages/airflow/example_dags/tutorial_taskflow_api.py for tasks to queue
[2026-03-28T18:18:18.428+0500] {logging_mixin.py:188} INFO - [2026-03-28T18:18:18.427+0500] {dagbag.py:545} INFO - Filling up the DagBag from /home/abayturar/airflow-project/venv/lib/python3.12/site-packages/airflow/example_dags/tutorial_taskflow_api.py
[2026-03-28T18:18:18.436+0500] {processor.py:840} INFO - DAG(s) 'tutorial_taskflow_api' retrieved from /home/abayturar/airflow-project/venv/lib/python3.12/site-packages/airflow/example_dags/tutorial_taskflow_api.py
[2026-03-28T18:18:18.454+0500] {logging_mixin.py:188} INFO - [2026-03-28T18:18:18.454+0500] {dag.py:3089} INFO - Sync 1 DAGs
[2026-03-28T18:18:18.464+0500] {logging_mixin.py:188} INFO - [2026-03-28T18:18:18.463+0500] {dag.py:3947} INFO - Setting next_dagrun for tutorial_taskflow_api to None, run_after=None
[2026-03-28T18:18:18.482+0500] {processor.py:183} INFO - Processing /home/abayturar/airflow-project/venv/lib/python3.12/site-packages/airflow/example_dags/tutorial_taskflow_api.py took 0.065 seconds
[2026-03-28T18:19:13.079+0500] {processor.py:161} INFO - Started process (PID=18191) to work on /home/abayturar/airflow-project/venv/lib/python3.12/site-packages/airflow/example_dags/tutorial_taskflow_api.py
[2026-03-28T18:19:13.080+0500] {processor.py:830} INFO - Processing file /home/abayturar/airflow-project/venv/lib/python3.12/site-packages/airflow/example_dags/tutorial_taskflow_api.py for tasks to queue
[2026-03-28T18:19:13.082+0500] {logging_mixin.py:188} INFO - [2026-03-28T18:19:13.081+0500] {dagbag.py:545} INFO - Filling up the DagBag from /home/abayturar/airflow-project/venv/lib/python3.12/site-packages/airflow/example_dags/tutorial_taskflow_api.py
[2026-03-28T18:19:13.089+0500] {processor.py:840} INFO - DAG(s) 'tutorial_taskflow_api' retrieved from /home/abayturar/airflow-project/venv/lib/python3.12/site-packages/airflow/example_dags/tutorial_taskflow_api.py
[2026-03-28T18:19:13.104+0500] {logging_mixin.py:188} INFO - [2026-03-28T18:19:13.104+0500] {dag.py:3089} INFO - Sync 1 DAGs
[2026-03-28T18:19:13.114+0500] {logging_mixin.py:188} INFO - [2026-03-28T18:19:13.113+0500] {dag.py:3947} INFO - Setting next_dagrun for tutorial_taskflow_api to None, run_after=None
[2026-03-28T18:19:13.129+0500] {processor.py:183} INFO - Processing /home/abayturar/airflow-project/venv/lib/python3.12/site-packages/airflow/example_dags/tutorial_taskflow_api.py took 0.056 seconds
[2026-03-28T18:19:38.490+0500] {processor.py:161} INFO - Started process (PID=18266) to work on /home/abayturar/airflow-project/venv/lib/python3.12/site-packages/airflow/example_dags/tutorial_taskflow_api.py
[2026-03-28T18:19:38.491+0500] {processor.py:830} INFO - Processing file /home/abayturar/airflow-project/venv/lib/python3.12/site-packages/airflow/example_dags/tutorial_taskflow_api.py for tasks to queue
[2026-03-28T18:19:38.492+0500] {logging_mixin.py:188} INFO - [2026-03-28T18:19:38.492+0500] {dagbag.py:545} INFO - Filling up the DagBag from /home/abayturar/airflow-project/venv/lib/python3.12/site-packages/airflow/example_dags/tutorial_taskflow_api.py
[2026-03-28T18:19:38.502+0500] {processor.py:840} INFO - DAG(s) 'tutorial_taskflow_api' retrieved from /home/abayturar/airflow-project/venv/lib/python3.12/site-packages/airflow/example_dags/tutorial_taskflow_api.py
[2026-03-28T18:19:38.524+0500] {logging_mixin.py:188} INFO - [2026-03-28T18:19:38.524+0500] {dag.py:3089} INFO - Sync 1 DAGs
[2026-03-28T18:19:38.534+0500] {logging_mixin.py:188} INFO - [2026-03-28T18:19:38.534+0500] {dag.py:3947} INFO - Setting next_dagrun for tutorial_taskflow_api to None, run_after=None
[2026-03-28T18:19:38.562+0500] {processor.py:183} INFO - Processing /home/abayturar/airflow-project/venv/lib/python3.12/site-packages/airflow/example_dags/tutorial_taskflow_api.py took 0.077 seconds
[2026-03-28T18:22:04.158+0500] {processor.py:161} INFO - Started process (PID=18519) to work on /home/abayturar/airflow-project/venv/lib/python3.12/site-packages/airflow/example_dags/tutorial_taskflow_api.py
[2026-03-28T18:22:04.159+0500] {processor.py:830} INFO - Processing file /home/abayturar/airflow-project/venv/lib/python3.12/site-packages/airflow/example_dags/tutorial_taskflow_api.py for tasks to queue
[2026-03-28T18:22:04.162+0500] {logging_mixin.py:188} INFO - [2026-03-28T18:22:04.162+0500] {dagbag.py:545} INFO - Filling up the DagBag from /home/abayturar/airflow-project/venv/lib/python3.12/site-packages/airflow/example_dags/tutorial_taskflow_api.py
[2026-03-28T18:22:04.174+0500] {processor.py:840} INFO - DAG(s) 'tutorial_taskflow_api' retrieved from /home/abayturar/airflow-project/venv/lib/python3.12/site-packages/airflow/example_dags/tutorial_taskflow_api.py
[2026-03-28T18:22:04.205+0500] {logging_mixin.py:188} INFO - [2026-03-28T18:22:04.205+0500] {dag.py:3089} INFO - Sync 1 DAGs
[2026-03-28T18:22:04.217+0500] {logging_mixin.py:188} INFO - [2026-03-28T18:22:04.217+0500] {dag.py:3947} INFO - Setting next_dagrun for tutorial_taskflow_api to None, run_after=None
[2026-03-28T18:22:04.252+0500] {processor.py:183} INFO - Processing /home/abayturar/airflow-project/venv/lib/python3.12/site-packages/airflow/example_dags/tutorial_taskflow_api.py took 0.104 seconds
[2026-03-28T18:23:04.321+0500] {processor.py:161} INFO - Started process (PID=18711) to work on /home/abayturar/airflow-project/venv/lib/python3.12/site-packages/airflow/example_dags/tutorial_taskflow_api.py
[2026-03-28T18:23:04.322+0500] {processor.py:830} INFO - Processing file /home/abayturar/airflow-project/venv/lib/python3.12/site-packages/airflow/example_dags/tutorial_taskflow_api.py for tasks to queue
[2026-03-28T18:23:04.324+0500] {logging_mixin.py:188} INFO - [2026-03-28T18:23:04.323+0500] {dagbag.py:545} INFO - Filling up the DagBag from /home/abayturar/airflow-project/venv/lib/python3.12/site-packages/airflow/example_dags/tutorial_taskflow_api.py
[2026-03-28T18:23:04.330+0500] {processor.py:840} INFO - DAG(s) 'tutorial_taskflow_api' retrieved from /home/abayturar/airflow-project/venv/lib/python3.12/site-packages/airflow/example_dags/tutorial_taskflow_api.py
[2026-03-28T18:23:04.344+0500] {logging_mixin.py:188} INFO - [2026-03-28T18:23:04.344+0500] {dag.py:3089} INFO - Sync 1 DAGs
[2026-03-28T18:23:04.353+0500] {logging_mixin.py:188} INFO - [2026-03-28T18:23:04.353+0500] {dag.py:3947} INFO - Setting next_dagrun for tutorial_taskflow_api to None, run_after=None
[2026-03-28T18:23:04.380+0500] {processor.py:183} INFO - Processing /home/abayturar/airflow-project/venv/lib/python3.12/site-packages/airflow/example_dags/tutorial_taskflow_api.py took 0.065 seconds
[2026-03-28T18:23:50.289+0500] {processor.py:161} INFO - Started process (PID=18836) to work on /home/abayturar/airflow-project/venv/lib/python3.12/site-packages/airflow/example_dags/tutorial_taskflow_api.py
[2026-03-28T18:23:50.290+0500] {processor.py:830} INFO - Processing file /home/abayturar/airflow-project/venv/lib/python3.12/site-packages/airflow/example_dags/tutorial_taskflow_api.py for tasks to queue
[2026-03-28T18:23:50.291+0500] {logging_mixin.py:188} INFO - [2026-03-28T18:23:50.291+0500] {dagbag.py:545} INFO - Filling up the DagBag from /home/abayturar/airflow-project/venv/lib/python3.12/site-packages/airflow/example_dags/tutorial_taskflow_api.py
[2026-03-28T18:23:50.299+0500] {processor.py:840} INFO - DAG(s) 'tutorial_taskflow_api' retrieved from /home/abayturar/airflow-project/venv/lib/python3.12/site-packages/airflow/example_dags/tutorial_taskflow_api.py
[2026-03-28T18:23:50.317+0500] {logging_mixin.py:188} INFO - [2026-03-28T18:23:50.317+0500] {dag.py:3089} INFO - Sync 1 DAGs
[2026-03-28T18:23:50.327+0500] {logging_mixin.py:188} INFO - [2026-03-28T18:23:50.326+0500] {dag.py:3947} INFO - Setting next_dagrun for tutorial_taskflow_api to None, run_after=None
[2026-03-28T18:23:50.357+0500] {processor.py:183} INFO - Processing /home/abayturar/airflow-project/venv/lib/python3.12/site-packages/airflow/example_dags/tutorial_taskflow_api.py took 0.075 seconds
[2026-03-28T18:24:38.189+0500] {processor.py:161} INFO - Started process (PID=18964) to work on /home/abayturar/airflow-project/venv/lib/python3.12/site-packages/airflow/example_dags/tutorial_taskflow_api.py
[2026-03-28T18:24:38.190+0500] {processor.py:830} INFO - Processing file /home/abayturar/airflow-project/venv/lib/python3.12/site-packages/airflow/example_dags/tutorial_taskflow_api.py for tasks to queue
[2026-03-28T18:24:38.191+0500] {logging_mixin.py:188} INFO - [2026-03-28T18:24:38.191+0500] {dagbag.py:545} INFO - Filling up the DagBag from /home/abayturar/airflow-project/venv/lib/python3.12/site-packages/airflow/example_dags/tutorial_taskflow_api.py
[2026-03-28T18:24:38.199+0500] {processor.py:840} INFO - DAG(s) 'tutorial_taskflow_api' retrieved from /home/abayturar/airflow-project/venv/lib/python3.12/site-packages/airflow/example_dags/tutorial_taskflow_api.py
[2026-03-28T18:24:38.215+0500] {logging_mixin.py:188} INFO - [2026-03-28T18:24:38.214+0500] {dag.py:3089} INFO - Sync 1 DAGs
[2026-03-28T18:24:38.225+0500] {logging_mixin.py:188} INFO - [2026-03-28T18:24:38.225+0500] {dag.py:3947} INFO - Setting next_dagrun for tutorial_taskflow_api to None, run_after=None
[2026-03-28T18:24:38.245+0500] {processor.py:183} INFO - Processing /home/abayturar/airflow-project/venv/lib/python3.12/site-packages/airflow/example_dags/tutorial_taskflow_api.py took 0.063 seconds
[2026-03-28T18:25:25.627+0500] {processor.py:161} INFO - Started process (PID=19091) to work on /home/abayturar/airflow-project/venv/lib/python3.12/site-packages/airflow/example_dags/tutorial_taskflow_api.py
[2026-03-28T18:25:25.628+0500] {processor.py:830} INFO - Processing file /home/abayturar/airflow-project/venv/lib/python3.12/site-packages/airflow/example_dags/tutorial_taskflow_api.py for tasks to queue
[2026-03-28T18:25:25.630+0500] {logging_mixin.py:188} INFO - [2026-03-28T18:25:25.630+0500] {dagbag.py:545} INFO - Filling up the DagBag from /home/abayturar/airflow-project/venv/lib/python3.12/site-packages/airflow/example_dags/tutorial_taskflow_api.py
[2026-03-28T18:25:25.637+0500] {processor.py:840} INFO - DAG(s) 'tutorial_taskflow_api' retrieved from /home/abayturar/airflow-project/venv/lib/python3.12/site-packages/airflow/example_dags/tutorial_taskflow_api.py
[2026-03-28T18:25:25.653+0500] {logging_mixin.py:188} INFO - [2026-03-28T18:25:25.653+0500] {dag.py:3089} INFO - Sync 1 DAGs
[2026-03-28T18:25:25.662+0500] {logging_mixin.py:188} INFO - [2026-03-28T18:25:25.662+0500] {dag.py:3947} INFO - Setting next_dagrun for tutorial_taskflow_api to None, run_after=None
[2026-03-28T18:25:25.679+0500] {processor.py:183} INFO - Processing /home/abayturar/airflow-project/venv/lib/python3.12/site-packages/airflow/example_dags/tutorial_taskflow_api.py took 0.057 seconds
[2026-03-28T18:26:10.814+0500] {processor.py:161} INFO - Started process (PID=19212) to work on /home/abayturar/airflow-project/venv/lib/python3.12/site-packages/airflow/example_dags/tutorial_taskflow_api.py
[2026-03-28T18:26:10.815+0500] {processor.py:830} INFO - Processing file /home/abayturar/airflow-project/venv/lib/python3.12/site-packages/airflow/example_dags/tutorial_taskflow_api.py for tasks to queue
[2026-03-28T18:26:10.817+0500] {logging_mixin.py:188} INFO - [2026-03-28T18:26:10.816+0500] {dagbag.py:545} INFO - Filling up the DagBag from /home/abayturar/airflow-project/venv/lib/python3.12/site-packages/airflow/example_dags/tutorial_taskflow_api.py
[2026-03-28T18:26:10.825+0500] {processor.py:840} INFO - DAG(s) 'tutorial_taskflow_api' retrieved from /home/abayturar/airflow-project/venv/lib/python3.12/site-packages/airflow/example_dags/tutorial_taskflow_api.py
[2026-03-28T18:26:10.846+0500] {logging_mixin.py:188} INFO - [2026-03-28T18:26:10.846+0500] {dag.py:3089} INFO - Sync 1 DAGs
[2026-03-28T18:26:10.860+0500] {logging_mixin.py:188} INFO - [2026-03-28T18:26:10.860+0500] {dag.py:3947} INFO - Setting next_dagrun for tutorial_taskflow_api to None, run_after=None
[2026-03-28T18:26:10.883+0500] {processor.py:183} INFO - Processing /home/abayturar/airflow-project/venv/lib/python3.12/site-packages/airflow/example_dags/tutorial_taskflow_api.py took 0.076 seconds
[2026-03-28T18:26:58.485+0500] {processor.py:161} INFO - Started process (PID=19339) to work on /home/abayturar/airflow-project/venv/lib/python3.12/site-packages/airflow/example_dags/tutorial_taskflow_api.py
[2026-03-28T18:26:58.486+0500] {processor.py:830} INFO - Processing file /home/abayturar/airflow-project/venv/lib/python3.12/site-packages/airflow/example_dags/tutorial_taskflow_api.py for tasks to queue
[2026-03-28T18:26:58.488+0500] {logging_mixin.py:188} INFO - [2026-03-28T18:26:58.487+0500] {dagbag.py:545} INFO - Filling up the DagBag from /home/abayturar/airflow-project/venv/lib/python3.12/site-packages/airflow/example_dags/tutorial_taskflow_api.py
[2026-03-28T18:26:58.494+0500] {processor.py:840} INFO - DAG(s) 'tutorial_taskflow_api' retrieved from /home/abayturar/airflow-project/venv/lib/python3.12/site-packages/airflow/example_dags/tutorial_taskflow_api.py
[2026-03-28T18:26:58.509+0500] {logging_mixin.py:188} INFO - [2026-03-28T18:26:58.509+0500] {dag.py:3089} INFO - Sync 1 DAGs
[2026-03-28T18:26:58.518+0500] {logging_mixin.py:188} INFO - [2026-03-28T18:26:58.517+0500] {dag.py:3947} INFO - Setting next_dagrun for tutorial_taskflow_api to None, run_after=None
[2026-03-28T18:26:58.545+0500] {processor.py:183} INFO - Processing /home/abayturar/airflow-project/venv/lib/python3.12/site-packages/airflow/example_dags/tutorial_taskflow_api.py took 0.065 seconds
[2026-03-28T18:27:50.093+0500] {processor.py:161} INFO - Started process (PID=19481) to work on /home/abayturar/airflow-project/venv/lib/python3.12/site-packages/airflow/example_dags/tutorial_taskflow_api.py
[2026-03-28T18:27:50.095+0500] {processor.py:830} INFO - Processing file /home/abayturar/airflow-project/venv/lib/python3.12/site-packages/airflow/example_dags/tutorial_taskflow_api.py for tasks to queue
[2026-03-28T18:27:50.097+0500] {logging_mixin.py:188} INFO - [2026-03-28T18:27:50.096+0500] {dagbag.py:545} INFO - Filling up the DagBag from /home/abayturar/airflow-project/venv/lib/python3.12/site-packages/airflow/example_dags/tutorial_taskflow_api.py
[2026-03-28T18:27:50.105+0500] {processor.py:840} INFO - DAG(s) 'tutorial_taskflow_api' retrieved from /home/abayturar/airflow-project/venv/lib/python3.12/site-packages/airflow/example_dags/tutorial_taskflow_api.py
[2026-03-28T18:27:50.135+0500] {logging_mixin.py:188} INFO - [2026-03-28T18:27:50.134+0500] {dag.py:3089} INFO - Sync 1 DAGs
[2026-03-28T18:27:50.146+0500] {logging_mixin.py:188} INFO - [2026-03-28T18:27:50.146+0500] {dag.py:3947} INFO - Setting next_dagrun for tutorial_taskflow_api to None, run_after=None
[2026-03-28T18:27:50.166+0500] {processor.py:183} INFO - Processing /home/abayturar/airflow-project/venv/lib/python3.12/site-packages/airflow/example_dags/tutorial_taskflow_api.py took 0.079 seconds
[2026-03-28T18:28:44.870+0500] {processor.py:161} INFO - Started process (PID=19633) to work on /home/abayturar/airflow-project/venv/lib/python3.12/site-packages/airflow/example_dags/tutorial_taskflow_api.py
[2026-03-28T18:28:44.871+0500] {processor.py:830} INFO - Processing file /home/abayturar/airflow-project/venv/lib/python3.12/site-packages/airflow/example_dags/tutorial_taskflow_api.py for tasks to queue
[2026-03-28T18:28:44.873+0500] {logging_mixin.py:188} INFO - [2026-03-28T18:28:44.873+0500] {dagbag.py:545} INFO - Filling up the DagBag from /home/abayturar/airflow-project/venv/lib/python3.12/site-packages/airflow/example_dags/tutorial_taskflow_api.py
[2026-03-28T18:28:44.881+0500] {processor.py:840} INFO - DAG(s) 'tutorial_taskflow_api' retrieved from /home/abayturar/airflow-project/venv/lib/python3.12/site-packages/airflow/example_dags/tutorial_taskflow_api.py
[2026-03-28T18:28:44.898+0500] {logging_mixin.py:188} INFO - [2026-03-28T18:28:44.898+0500] {dag.py:3089} INFO - Sync 1 DAGs
[2026-03-28T18:28:44.908+0500] {logging_mixin.py:188} INFO - [2026-03-28T18:28:44.908+0500] {dag.py:3947} INFO - Setting next_dagrun for tutorial_taskflow_api to None, run_after=None
[2026-03-28T18:28:44.937+0500] {processor.py:183} INFO - Processing /home/abayturar/airflow-project/venv/lib/python3.12/site-packages/airflow/example_dags/tutorial_taskflow_api.py took 0.074 seconds
[2026-03-28T18:29:36.653+0500] {processor.py:161} INFO - Started process (PID=19769) to work on /home/abayturar/airflow-project/venv/lib/python3.12/site-packages/airflow/example_dags/tutorial_taskflow_api.py
[2026-03-28T18:29:36.654+0500] {processor.py:830} INFO - Processing file /home/abayturar/airflow-project/venv/lib/python3.12/site-packages/airflow/example_dags/tutorial_taskflow_api.py for tasks to queue
[2026-03-28T18:29:36.656+0500] {logging_mixin.py:188} INFO - [2026-03-28T18:29:36.656+0500] {dagbag.py:545} INFO - Filling up the DagBag from /home/abayturar/airflow-project/venv/lib/python3.12/site-packages/airflow/example_dags/tutorial_taskflow_api.py
[2026-03-28T18:29:36.663+0500] {processor.py:840} INFO - DAG(s) 'tutorial_taskflow_api' retrieved from /home/abayturar/airflow-project/venv/lib/python3.12/site-packages/airflow/example_dags/tutorial_taskflow_api.py
[2026-03-28T18:29:36.679+0500] {logging_mixin.py:188} INFO - [2026-03-28T18:29:36.678+0500] {dag.py:3089} INFO - Sync 1 DAGs
[2026-03-28T18:29:36.687+0500] {logging_mixin.py:188} INFO - [2026-03-28T18:29:36.687+0500] {dag.py:3947} INFO - Setting next_dagrun for tutorial_taskflow_api to None, run_after=None
[2026-03-28T18:29:36.715+0500] {processor.py:183} INFO - Processing /home/abayturar/airflow-project/venv/lib/python3.12/site-packages/airflow/example_dags/tutorial_taskflow_api.py took 0.069 seconds
[2026-03-28T18:30:23.954+0500] {processor.py:161} INFO - Started process (PID=19896) to work on /home/abayturar/airflow-project/venv/lib/python3.12/site-packages/airflow/example_dags/tutorial_taskflow_api.py
[2026-03-28T18:30:23.955+0500] {processor.py:830} INFO - Processing file /home/abayturar/airflow-project/venv/lib/python3.12/site-packages/airflow/example_dags/tutorial_taskflow_api.py for tasks to queue
[2026-03-28T18:30:23.957+0500] {logging_mixin.py:188} INFO - [2026-03-28T18:30:23.956+0500] {dagbag.py:545} INFO - Filling up the DagBag from /home/abayturar/airflow-project/venv/lib/python3.12/site-packages/airflow/example_dags/tutorial_taskflow_api.py
[2026-03-28T18:30:23.963+0500] {processor.py:840} INFO - DAG(s) 'tutorial_taskflow_api' retrieved from /home/abayturar/airflow-project/venv/lib/python3.12/site-packages/airflow/example_dags/tutorial_taskflow_api.py
[2026-03-28T18:30:23.978+0500] {logging_mixin.py:188} INFO - [2026-03-28T18:30:23.978+0500] {dag.py:3089} INFO - Sync 1 DAGs
[2026-03-28T18:30:23.986+0500] {logging_mixin.py:188} INFO - [2026-03-28T18:30:23.986+0500] {dag.py:3947} INFO - Setting next_dagrun for tutorial_taskflow_api to None, run_after=None
[2026-03-28T18:30:24.001+0500] {processor.py:183} INFO - Processing /home/abayturar/airflow-project/venv/lib/python3.12/site-packages/airflow/example_dags/tutorial_taskflow_api.py took 0.053 seconds
[2026-03-28T18:31:08.048+0500] {processor.py:161} INFO - Started process (PID=20015) to work on /home/abayturar/airflow-project/venv/lib/python3.12/site-packages/airflow/example_dags/tutorial_taskflow_api.py
[2026-03-28T18:31:08.049+0500] {processor.py:830} INFO - Processing file /home/abayturar/airflow-project/venv/lib/python3.12/site-packages/airflow/example_dags/tutorial_taskflow_api.py for tasks to queue
[2026-03-28T18:31:08.050+0500] {logging_mixin.py:188} INFO - [2026-03-28T18:31:08.050+0500] {dagbag.py:545} INFO - Filling up the DagBag from /home/abayturar/airflow-project/venv/lib/python3.12/site-packages/airflow/example_dags/tutorial_taskflow_api.py
[2026-03-28T18:31:08.060+0500] {processor.py:840} INFO - DAG(s) 'tutorial_taskflow_api' retrieved from /home/abayturar/airflow-project/venv/lib/python3.12/site-packages/airflow/example_dags/tutorial_taskflow_api.py
[2026-03-28T18:31:08.080+0500] {logging_mixin.py:188} INFO - [2026-03-28T18:31:08.080+0500] {dag.py:3089} INFO - Sync 1 DAGs
[2026-03-28T18:31:08.089+0500] {logging_mixin.py:188} INFO - [2026-03-28T18:31:08.089+0500] {dag.py:3947} INFO - Setting next_dagrun for tutorial_taskflow_api to None, run_after=None
[2026-03-28T18:31:08.107+0500] {processor.py:183} INFO - Processing /home/abayturar/airflow-project/venv/lib/python3.12/site-packages/airflow/example_dags/tutorial_taskflow_api.py took 0.067 seconds
[2026-03-28T18:31:55.975+0500] {processor.py:161} INFO - Started process (PID=20152) to work on /home/abayturar/airflow-project/venv/lib/python3.12/site-packages/airflow/example_dags/tutorial_taskflow_api.py
[2026-03-28T18:31:55.976+0500] {processor.py:830} INFO - Processing file /home/abayturar/airflow-project/venv/lib/python3.12/site-packages/airflow/example_dags/tutorial_taskflow_api.py for tasks to queue
[2026-03-28T18:31:55.978+0500] {logging_mixin.py:188} INFO - [2026-03-28T18:31:55.977+0500] {dagbag.py:545} INFO - Filling up the DagBag from /home/abayturar/airflow-project/venv/lib/python3.12/site-packages/airflow/example_dags/tutorial_taskflow_api.py
[2026-03-28T18:31:55.984+0500] {processor.py:840} INFO - DAG(s) 'tutorial_taskflow_api' retrieved from /home/abayturar/airflow-project/venv/lib/python3.12/site-packages/airflow/example_dags/tutorial_taskflow_api.py
[2026-03-28T18:31:55.999+0500] {logging_mixin.py:188} INFO - [2026-03-28T18:31:55.998+0500] {dag.py:3089} INFO - Sync 1 DAGs
[2026-03-28T18:31:56.008+0500] {logging_mixin.py:188} INFO - [2026-03-28T18:31:56.008+0500] {dag.py:3947} INFO - Setting next_dagrun for tutorial_taskflow_api to None, run_after=None
[2026-03-28T18:31:56.023+0500] {processor.py:183} INFO - Processing /home/abayturar/airflow-project/venv/lib/python3.12/site-packages/airflow/example_dags/tutorial_taskflow_api.py took 0.053 seconds
[2026-03-28T18:32:39.167+0500] {processor.py:161} INFO - Started process (PID=20269) to work on /home/abayturar/airflow-project/venv/lib/python3.12/site-packages/airflow/example_dags/tutorial_taskflow_api.py
[2026-03-28T18:32:39.168+0500] {processor.py:830} INFO - Processing file /home/abayturar/airflow-project/venv/lib/python3.12/site-packages/airflow/example_dags/tutorial_taskflow_api.py for tasks to queue
[2026-03-28T18:32:39.169+0500] {logging_mixin.py:188} INFO - [2026-03-28T18:32:39.169+0500] {dagbag.py:545} INFO - Filling up the DagBag from /home/abayturar/airflow-project/venv/lib/python3.12/site-packages/airflow/example_dags/tutorial_taskflow_api.py
[2026-03-28T18:32:39.177+0500] {processor.py:840} INFO - DAG(s) 'tutorial_taskflow_api' retrieved from /home/abayturar/airflow-project/venv/lib/python3.12/site-packages/airflow/example_dags/tutorial_taskflow_api.py
[2026-03-28T18:32:39.193+0500] {logging_mixin.py:188} INFO - [2026-03-28T18:32:39.193+0500] {dag.py:3089} INFO - Sync 1 DAGs
[2026-03-28T18:32:39.203+0500] {logging_mixin.py:188} INFO - [2026-03-28T18:32:39.203+0500] {dag.py:3947} INFO - Setting next_dagrun for tutorial_taskflow_api to None, run_after=None
[2026-03-28T18:32:39.232+0500] {processor.py:183} INFO - Processing /home/abayturar/airflow-project/venv/lib/python3.12/site-packages/airflow/example_dags/tutorial_taskflow_api.py took 0.071 seconds
[2026-03-28T18:33:31.142+0500] {processor.py:161} INFO - Started process (PID=20403) to work on /home/abayturar/airflow-project/venv/lib/python3.12/site-packages/airflow/example_dags/tutorial_taskflow_api.py
[2026-03-28T18:33:31.143+0500] {processor.py:830} INFO - Processing file /home/abayturar/airflow-project/venv/lib/python3.12/site-packages/airflow/example_dags/tutorial_taskflow_api.py for tasks to queue
[2026-03-28T18:33:31.145+0500] {logging_mixin.py:188} INFO - [2026-03-28T18:33:31.145+0500] {dagbag.py:545} INFO - Filling up the DagBag from /home/abayturar/airflow-project/venv/lib/python3.12/site-packages/airflow/example_dags/tutorial_taskflow_api.py
[2026-03-28T18:33:31.152+0500] {processor.py:840} INFO - DAG(s) 'tutorial_taskflow_api' retrieved from /home/abayturar/airflow-project/venv/lib/python3.12/site-packages/airflow/example_dags/tutorial_taskflow_api.py
[2026-03-28T18:33:31.168+0500] {logging_mixin.py:188} INFO - [2026-03-28T18:33:31.168+0500] {dag.py:3089} INFO - Sync 1 DAGs
[2026-03-28T18:33:31.179+0500] {logging_mixin.py:188} INFO - [2026-03-28T18:33:31.179+0500] {dag.py:3947} INFO - Setting next_dagrun for tutorial_taskflow_api to None, run_after=None
[2026-03-28T18:33:31.208+0500] {processor.py:183} INFO - Processing /home/abayturar/airflow-project/venv/lib/python3.12/site-packages/airflow/example_dags/tutorial_taskflow_api.py took 0.072 seconds
[2026-03-28T18:34:23.298+0500] {processor.py:161} INFO - Started process (PID=20554) to work on /home/abayturar/airflow-project/venv/lib/python3.12/site-packages/airflow/example_dags/tutorial_taskflow_api.py
[2026-03-28T18:34:23.299+0500] {processor.py:830} INFO - Processing file /home/abayturar/airflow-project/venv/lib/python3.12/site-packages/airflow/example_dags/tutorial_taskflow_api.py for tasks to queue
[2026-03-28T18:34:23.301+0500] {logging_mixin.py:188} INFO - [2026-03-28T18:34:23.301+0500] {dagbag.py:545} INFO - Filling up the DagBag from /home/abayturar/airflow-project/venv/lib/python3.12/site-packages/airflow/example_dags/tutorial_taskflow_api.py
[2026-03-28T18:34:23.307+0500] {processor.py:840} INFO - DAG(s) 'tutorial_taskflow_api' retrieved from /home/abayturar/airflow-project/venv/lib/python3.12/site-packages/airflow/example_dags/tutorial_taskflow_api.py
[2026-03-28T18:34:23.323+0500] {logging_mixin.py:188} INFO - [2026-03-28T18:34:23.323+0500] {dag.py:3089} INFO - Sync 1 DAGs
[2026-03-28T18:34:23.332+0500] {logging_mixin.py:188} INFO - [2026-03-28T18:34:23.332+0500] {dag.py:3947} INFO - Setting next_dagrun for tutorial_taskflow_api to None, run_after=None
[2026-03-28T18:34:23.347+0500] {processor.py:183} INFO - Processing /home/abayturar/airflow-project/venv/lib/python3.12/site-packages/airflow/example_dags/tutorial_taskflow_api.py took 0.054 seconds
[2026-03-28T18:35:13.802+0500] {processor.py:161} INFO - Started process (PID=20693) to work on /home/abayturar/airflow-project/venv/lib/python3.12/site-packages/airflow/example_dags/tutorial_taskflow_api.py
[2026-03-28T18:35:13.803+0500] {processor.py:830} INFO - Processing file /home/abayturar/airflow-project/venv/lib/python3.12/site-packages/airflow/example_dags/tutorial_taskflow_api.py for tasks to queue
[2026-03-28T18:35:13.805+0500] {logging_mixin.py:188} INFO - [2026-03-28T18:35:13.804+0500] {dagbag.py:545} INFO - Filling up the DagBag from /home/abayturar/airflow-project/venv/lib/python3.12/site-packages/airflow/example_dags/tutorial_taskflow_api.py
[2026-03-28T18:35:13.811+0500] {processor.py:840} INFO - DAG(s) 'tutorial_taskflow_api' retrieved from /home/abayturar/airflow-project/venv/lib/python3.12/site-packages/airflow/example_dags/tutorial_taskflow_api.py
[2026-03-28T18:35:13.826+0500] {logging_mixin.py:188} INFO - [2026-03-28T18:35:13.825+0500] {dag.py:3089} INFO - Sync 1 DAGs
[2026-03-28T18:35:13.834+0500] {logging_mixin.py:188} INFO - [2026-03-28T18:35:13.834+0500] {dag.py:3947} INFO - Setting next_dagrun for tutorial_taskflow_api to None, run_after=None
[2026-03-28T18:35:13.849+0500] {processor.py:183} INFO - Processing /home/abayturar/airflow-project/venv/lib/python3.12/site-packages/airflow/example_dags/tutorial_taskflow_api.py took 0.052 seconds
[2026-03-28T18:36:01.407+0500] {processor.py:161} INFO - Started process (PID=20824) to work on /home/abayturar/airflow-project/venv/lib/python3.12/site-packages/airflow/example_dags/tutorial_taskflow_api.py
[2026-03-28T18:36:01.408+0500] {processor.py:830} INFO - Processing file /home/abayturar/airflow-project/venv/lib/python3.12/site-packages/airflow/example_dags/tutorial_taskflow_api.py for tasks to queue
[2026-03-28T18:36:01.410+0500] {logging_mixin.py:188} INFO - [2026-03-28T18:36:01.409+0500] {dagbag.py:545} INFO - Filling up the DagBag from /home/abayturar/airflow-project/venv/lib/python3.12/site-packages/airflow/example_dags/tutorial_taskflow_api.py
[2026-03-28T18:36:01.418+0500] {processor.py:840} INFO - DAG(s) 'tutorial_taskflow_api' retrieved from /home/abayturar/airflow-project/venv/lib/python3.12/site-packages/airflow/example_dags/tutorial_taskflow_api.py
[2026-03-28T18:36:01.436+0500] {logging_mixin.py:188} INFO - [2026-03-28T18:36:01.435+0500] {dag.py:3089} INFO - Sync 1 DAGs
[2026-03-28T18:36:01.449+0500] {logging_mixin.py:188} INFO - [2026-03-28T18:36:01.449+0500] {dag.py:3947} INFO - Setting next_dagrun for tutorial_taskflow_api to None, run_after=None
[2026-03-28T18:36:01.468+0500] {processor.py:183} INFO - Processing /home/abayturar/airflow-project/venv/lib/python3.12/site-packages/airflow/example_dags/tutorial_taskflow_api.py took 0.068 seconds
[2026-03-28T18:36:57.879+0500] {processor.py:161} INFO - Started process (PID=20985) to work on /home/abayturar/airflow-project/venv/lib/python3.12/site-packages/airflow/example_dags/tutorial_taskflow_api.py
[2026-03-28T18:36:57.880+0500] {processor.py:830} INFO - Processing file /home/abayturar/airflow-project/venv/lib/python3.12/site-packages/airflow/example_dags/tutorial_taskflow_api.py for tasks to queue
[2026-03-28T18:36:57.882+0500] {logging_mixin.py:188} INFO - [2026-03-28T18:36:57.882+0500] {dagbag.py:545} INFO - Filling up the DagBag from /home/abayturar/airflow-project/venv/lib/python3.12/site-packages/airflow/example_dags/tutorial_taskflow_api.py
[2026-03-28T18:36:57.889+0500] {processor.py:840} INFO - DAG(s) 'tutorial_taskflow_api' retrieved from /home/abayturar/airflow-project/venv/lib/python3.12/site-packages/airflow/example_dags/tutorial_taskflow_api.py
[2026-03-28T18:36:57.905+0500] {logging_mixin.py:188} INFO - [2026-03-28T18:36:57.904+0500] {dag.py:3089} INFO - Sync 1 DAGs
[2026-03-28T18:36:57.914+0500] {logging_mixin.py:188} INFO - [2026-03-28T18:36:57.913+0500] {dag.py:3947} INFO - Setting next_dagrun for tutorial_taskflow_api to None, run_after=None
[2026-03-28T18:36:57.929+0500] {processor.py:183} INFO - Processing /home/abayturar/airflow-project/venv/lib/python3.12/site-packages/airflow/example_dags/tutorial_taskflow_api.py took 0.055 seconds
[2026-03-28T18:37:52.651+0500] {processor.py:161} INFO - Started process (PID=21138) to work on /home/abayturar/airflow-project/venv/lib/python3.12/site-packages/airflow/example_dags/tutorial_taskflow_api.py
[2026-03-28T18:37:52.652+0500] {processor.py:830} INFO - Processing file /home/abayturar/airflow-project/venv/lib/python3.12/site-packages/airflow/example_dags/tutorial_taskflow_api.py for tasks to queue
[2026-03-28T18:37:52.655+0500] {logging_mixin.py:188} INFO - [2026-03-28T18:37:52.655+0500] {dagbag.py:545} INFO - Filling up the DagBag from /home/abayturar/airflow-project/venv/lib/python3.12/site-packages/airflow/example_dags/tutorial_taskflow_api.py
[2026-03-28T18:37:52.664+0500] {processor.py:840} INFO - DAG(s) 'tutorial_taskflow_api' retrieved from /home/abayturar/airflow-project/venv/lib/python3.12/site-packages/airflow/example_dags/tutorial_taskflow_api.py
[2026-03-28T18:37:52.691+0500] {logging_mixin.py:188} INFO - [2026-03-28T18:37:52.691+0500] {dag.py:3089} INFO - Sync 1 DAGs
[2026-03-28T18:37:52.707+0500] {logging_mixin.py:188} INFO - [2026-03-28T18:37:52.707+0500] {dag.py:3947} INFO - Setting next_dagrun for tutorial_taskflow_api to None, run_after=None
[2026-03-28T18:37:52.747+0500] {processor.py:183} INFO - Processing /home/abayturar/airflow-project/venv/lib/python3.12/site-packages/airflow/example_dags/tutorial_taskflow_api.py took 0.104 seconds
[2026-03-28T18:38:41.790+0500] {processor.py:161} INFO - Started process (PID=21268) to work on /home/abayturar/airflow-project/venv/lib/python3.12/site-packages/airflow/example_dags/tutorial_taskflow_api.py
[2026-03-28T18:38:41.791+0500] {processor.py:830} INFO - Processing file /home/abayturar/airflow-project/venv/lib/python3.12/site-packages/airflow/example_dags/tutorial_taskflow_api.py for tasks to queue
[2026-03-28T18:38:41.792+0500] {logging_mixin.py:188} INFO - [2026-03-28T18:38:41.792+0500] {dagbag.py:545} INFO - Filling up the DagBag from /home/abayturar/airflow-project/venv/lib/python3.12/site-packages/airflow/example_dags/tutorial_taskflow_api.py
[2026-03-28T18:38:41.799+0500] {processor.py:840} INFO - DAG(s) 'tutorial_taskflow_api' retrieved from /home/abayturar/airflow-project/venv/lib/python3.12/site-packages/airflow/example_dags/tutorial_taskflow_api.py
[2026-03-28T18:38:41.815+0500] {logging_mixin.py:188} INFO - [2026-03-28T18:38:41.815+0500] {dag.py:3089} INFO - Sync 1 DAGs
[2026-03-28T18:38:41.825+0500] {logging_mixin.py:188} INFO - [2026-03-28T18:38:41.825+0500] {dag.py:3947} INFO - Setting next_dagrun for tutorial_taskflow_api to None, run_after=None
[2026-03-28T18:38:41.841+0500] {processor.py:183} INFO - Processing /home/abayturar/airflow-project/venv/lib/python3.12/site-packages/airflow/example_dags/tutorial_taskflow_api.py took 0.057 seconds
[2026-03-28T18:39:32.909+0500] {processor.py:161} INFO - Started process (PID=21405) to work on /home/abayturar/airflow-project/venv/lib/python3.12/site-packages/airflow/example_dags/tutorial_taskflow_api.py
[2026-03-28T18:39:32.910+0500] {processor.py:830} INFO - Processing file /home/abayturar/airflow-project/venv/lib/python3.12/site-packages/airflow/example_dags/tutorial_taskflow_api.py for tasks to queue
[2026-03-28T18:39:32.912+0500] {logging_mixin.py:188} INFO - [2026-03-28T18:39:32.912+0500] {dagbag.py:545} INFO - Filling up the DagBag from /home/abayturar/airflow-project/venv/lib/python3.12/site-packages/airflow/example_dags/tutorial_taskflow_api.py
[2026-03-28T18:39:32.920+0500] {processor.py:840} INFO - DAG(s) 'tutorial_taskflow_api' retrieved from /home/abayturar/airflow-project/venv/lib/python3.12/site-packages/airflow/example_dags/tutorial_taskflow_api.py
[2026-03-28T18:39:32.936+0500] {logging_mixin.py:188} INFO - [2026-03-28T18:39:32.936+0500] {dag.py:3089} INFO - Sync 1 DAGs
[2026-03-28T18:39:32.945+0500] {logging_mixin.py:188} INFO - [2026-03-28T18:39:32.945+0500] {dag.py:3947} INFO - Setting next_dagrun for tutorial_taskflow_api to None, run_after=None
[2026-03-28T18:39:32.972+0500] {processor.py:183} INFO - Processing /home/abayturar/airflow-project/venv/lib/python3.12/site-packages/airflow/example_dags/tutorial_taskflow_api.py took 0.069 seconds
[2026-03-28T18:40:24.485+0500] {processor.py:161} INFO - Started process (PID=21542) to work on /home/abayturar/airflow-project/venv/lib/python3.12/site-packages/airflow/example_dags/tutorial_taskflow_api.py
[2026-03-28T18:40:24.486+0500] {processor.py:830} INFO - Processing file /home/abayturar/airflow-project/venv/lib/python3.12/site-packages/airflow/example_dags/tutorial_taskflow_api.py for tasks to queue
[2026-03-28T18:40:24.488+0500] {logging_mixin.py:188} INFO - [2026-03-28T18:40:24.487+0500] {dagbag.py:545} INFO - Filling up the DagBag from /home/abayturar/airflow-project/venv/lib/python3.12/site-packages/airflow/example_dags/tutorial_taskflow_api.py
[2026-03-28T18:40:24.495+0500] {processor.py:840} INFO - DAG(s) 'tutorial_taskflow_api' retrieved from /home/abayturar/airflow-project/venv/lib/python3.12/site-packages/airflow/example_dags/tutorial_taskflow_api.py
[2026-03-28T18:40:24.510+0500] {logging_mixin.py:188} INFO - [2026-03-28T18:40:24.510+0500] {dag.py:3089} INFO - Sync 1 DAGs
[2026-03-28T18:40:24.519+0500] {logging_mixin.py:188} INFO - [2026-03-28T18:40:24.519+0500] {dag.py:3947} INFO - Setting next_dagrun for tutorial_taskflow_api to None, run_after=None
[2026-03-28T18:40:24.535+0500] {processor.py:183} INFO - Processing /home/abayturar/airflow-project/venv/lib/python3.12/site-packages/airflow/example_dags/tutorial_taskflow_api.py took 0.055 seconds
[2026-03-28T18:41:18.474+0500] {processor.py:161} INFO - Started process (PID=21681) to work on /home/abayturar/airflow-project/venv/lib/python3.12/site-packages/airflow/example_dags/tutorial_taskflow_api.py
[2026-03-28T18:41:18.475+0500] {processor.py:830} INFO - Processing file /home/abayturar/airflow-project/venv/lib/python3.12/site-packages/airflow/example_dags/tutorial_taskflow_api.py for tasks to queue
[2026-03-28T18:41:18.477+0500] {logging_mixin.py:188} INFO - [2026-03-28T18:41:18.477+0500] {dagbag.py:545} INFO - Filling up the DagBag from /home/abayturar/airflow-project/venv/lib/python3.12/site-packages/airflow/example_dags/tutorial_taskflow_api.py
[2026-03-28T18:41:18.485+0500] {processor.py:840} INFO - DAG(s) 'tutorial_taskflow_api' retrieved from /home/abayturar/airflow-project/venv/lib/python3.12/site-packages/airflow/example_dags/tutorial_taskflow_api.py
[2026-03-28T18:41:18.503+0500] {logging_mixin.py:188} INFO - [2026-03-28T18:41:18.503+0500] {dag.py:3089} INFO - Sync 1 DAGs
[2026-03-28T18:41:18.513+0500] {logging_mixin.py:188} INFO - [2026-03-28T18:41:18.513+0500] {dag.py:3947} INFO - Setting next_dagrun for tutorial_taskflow_api to None, run_after=None
[2026-03-28T18:41:18.532+0500] {processor.py:183} INFO - Processing /home/abayturar/airflow-project/venv/lib/python3.12/site-packages/airflow/example_dags/tutorial_taskflow_api.py took 0.065 seconds
[2026-03-28T18:42:25.697+0500] {processor.py:161} INFO - Started process (PID=21912) to work on /home/abayturar/airflow-project/venv/lib/python3.12/site-packages/airflow/example_dags/tutorial_taskflow_api.py
[2026-03-28T18:42:25.698+0500] {processor.py:830} INFO - Processing file /home/abayturar/airflow-project/venv/lib/python3.12/site-packages/airflow/example_dags/tutorial_taskflow_api.py for tasks to queue
[2026-03-28T18:42:25.700+0500] {logging_mixin.py:188} INFO - [2026-03-28T18:42:25.700+0500] {dagbag.py:545} INFO - Filling up the DagBag from /home/abayturar/airflow-project/venv/lib/python3.12/site-packages/airflow/example_dags/tutorial_taskflow_api.py
[2026-03-28T18:42:25.709+0500] {processor.py:840} INFO - DAG(s) 'tutorial_taskflow_api' retrieved from /home/abayturar/airflow-project/venv/lib/python3.12/site-packages/airflow/example_dags/tutorial_taskflow_api.py
[2026-03-28T18:42:25.729+0500] {logging_mixin.py:188} INFO - [2026-03-28T18:42:25.729+0500] {dag.py:3089} INFO - Sync 1 DAGs
[2026-03-28T18:42:25.741+0500] {logging_mixin.py:188} INFO - [2026-03-28T18:42:25.741+0500] {dag.py:3947} INFO - Setting next_dagrun for tutorial_taskflow_api to None, run_after=None
[2026-03-28T18:42:25.866+0500] {processor.py:183} INFO - Processing /home/abayturar/airflow-project/venv/lib/python3.12/site-packages/airflow/example_dags/tutorial_taskflow_api.py took 0.178 seconds
[2026-03-28T18:43:14.674+0500] {processor.py:161} INFO - Started process (PID=22066) to work on /home/abayturar/airflow-project/venv/lib/python3.12/site-packages/airflow/example_dags/tutorial_taskflow_api.py
[2026-03-28T18:43:14.674+0500] {processor.py:830} INFO - Processing file /home/abayturar/airflow-project/venv/lib/python3.12/site-packages/airflow/example_dags/tutorial_taskflow_api.py for tasks to queue
[2026-03-28T18:43:14.676+0500] {logging_mixin.py:188} INFO - [2026-03-28T18:43:14.676+0500] {dagbag.py:545} INFO - Filling up the DagBag from /home/abayturar/airflow-project/venv/lib/python3.12/site-packages/airflow/example_dags/tutorial_taskflow_api.py
[2026-03-28T18:43:14.683+0500] {processor.py:840} INFO - DAG(s) 'tutorial_taskflow_api' retrieved from /home/abayturar/airflow-project/venv/lib/python3.12/site-packages/airflow/example_dags/tutorial_taskflow_api.py
[2026-03-28T18:43:14.698+0500] {logging_mixin.py:188} INFO - [2026-03-28T18:43:14.698+0500] {dag.py:3089} INFO - Sync 1 DAGs
[2026-03-28T18:43:14.706+0500] {logging_mixin.py:188} INFO - [2026-03-28T18:43:14.706+0500] {dag.py:3947} INFO - Setting next_dagrun for tutorial_taskflow_api to None, run_after=None
[2026-03-28T18:43:14.734+0500] {processor.py:183} INFO - Processing /home/abayturar/airflow-project/venv/lib/python3.12/site-packages/airflow/example_dags/tutorial_taskflow_api.py took 0.066 seconds
[2026-03-28T18:44:01.981+0500] {processor.py:161} INFO - Started process (PID=22209) to work on /home/abayturar/airflow-project/venv/lib/python3.12/site-packages/airflow/example_dags/tutorial_taskflow_api.py
[2026-03-28T18:44:01.982+0500] {processor.py:830} INFO - Processing file /home/abayturar/airflow-project/venv/lib/python3.12/site-packages/airflow/example_dags/tutorial_taskflow_api.py for tasks to queue
[2026-03-28T18:44:01.984+0500] {logging_mixin.py:188} INFO - [2026-03-28T18:44:01.983+0500] {dagbag.py:545} INFO - Filling up the DagBag from /home/abayturar/airflow-project/venv/lib/python3.12/site-packages/airflow/example_dags/tutorial_taskflow_api.py
[2026-03-28T18:44:01.992+0500] {processor.py:840} INFO - DAG(s) 'tutorial_taskflow_api' retrieved from /home/abayturar/airflow-project/venv/lib/python3.12/site-packages/airflow/example_dags/tutorial_taskflow_api.py
[2026-03-28T18:44:02.111+0500] {logging_mixin.py:188} INFO - [2026-03-28T18:44:02.110+0500] {dag.py:3089} INFO - Sync 1 DAGs
[2026-03-28T18:44:02.117+0500] {logging_mixin.py:188} INFO - [2026-03-28T18:44:02.117+0500] {dag.py:3947} INFO - Setting next_dagrun for tutorial_taskflow_api to None, run_after=None
[2026-03-28T18:44:02.133+0500] {processor.py:183} INFO - Processing /home/abayturar/airflow-project/venv/lib/python3.12/site-packages/airflow/example_dags/tutorial_taskflow_api.py took 0.158 seconds
[2026-03-28T18:44:53.391+0500] {processor.py:161} INFO - Started process (PID=22342) to work on /home/abayturar/airflow-project/venv/lib/python3.12/site-packages/airflow/example_dags/tutorial_taskflow_api.py
[2026-03-28T18:44:53.392+0500] {processor.py:830} INFO - Processing file /home/abayturar/airflow-project/venv/lib/python3.12/site-packages/airflow/example_dags/tutorial_taskflow_api.py for tasks to queue
[2026-03-28T18:44:53.394+0500] {logging_mixin.py:188} INFO - [2026-03-28T18:44:53.393+0500] {dagbag.py:545} INFO - Filling up the DagBag from /home/abayturar/airflow-project/venv/lib/python3.12/site-packages/airflow/example_dags/tutorial_taskflow_api.py
[2026-03-28T18:44:53.401+0500] {processor.py:840} INFO - DAG(s) 'tutorial_taskflow_api' retrieved from /home/abayturar/airflow-project/venv/lib/python3.12/site-packages/airflow/example_dags/tutorial_taskflow_api.py
[2026-03-28T18:44:53.418+0500] {logging_mixin.py:188} INFO - [2026-03-28T18:44:53.418+0500] {dag.py:3089} INFO - Sync 1 DAGs
[2026-03-28T18:44:53.427+0500] {logging_mixin.py:188} INFO - [2026-03-28T18:44:53.427+0500] {dag.py:3947} INFO - Setting next_dagrun for tutorial_taskflow_api to None, run_after=None
[2026-03-28T18:44:53.456+0500] {processor.py:183} INFO - Processing /home/abayturar/airflow-project/venv/lib/python3.12/site-packages/airflow/example_dags/tutorial_taskflow_api.py took 0.071 seconds
[2026-03-28T18:45:42.491+0500] {processor.py:161} INFO - Started process (PID=22474) to work on /home/abayturar/airflow-project/venv/lib/python3.12/site-packages/airflow/example_dags/tutorial_taskflow_api.py
[2026-03-28T18:45:42.492+0500] {processor.py:830} INFO - Processing file /home/abayturar/airflow-project/venv/lib/python3.12/site-packages/airflow/example_dags/tutorial_taskflow_api.py for tasks to queue
[2026-03-28T18:45:42.493+0500] {logging_mixin.py:188} INFO - [2026-03-28T18:45:42.493+0500] {dagbag.py:545} INFO - Filling up the DagBag from /home/abayturar/airflow-project/venv/lib/python3.12/site-packages/airflow/example_dags/tutorial_taskflow_api.py
[2026-03-28T18:45:42.500+0500] {processor.py:840} INFO - DAG(s) 'tutorial_taskflow_api' retrieved from /home/abayturar/airflow-project/venv/lib/python3.12/site-packages/airflow/example_dags/tutorial_taskflow_api.py
[2026-03-28T18:45:42.515+0500] {logging_mixin.py:188} INFO - [2026-03-28T18:45:42.515+0500] {dag.py:3089} INFO - Sync 1 DAGs
[2026-03-28T18:45:42.524+0500] {logging_mixin.py:188} INFO - [2026-03-28T18:45:42.523+0500] {dag.py:3947} INFO - Setting next_dagrun for tutorial_taskflow_api to None, run_after=None
[2026-03-28T18:45:42.551+0500] {processor.py:183} INFO - Processing /home/abayturar/airflow-project/venv/lib/python3.12/site-packages/airflow/example_dags/tutorial_taskflow_api.py took 0.066 seconds
[2026-03-28T18:46:29.678+0500] {processor.py:161} INFO - Started process (PID=22600) to work on /home/abayturar/airflow-project/venv/lib/python3.12/site-packages/airflow/example_dags/tutorial_taskflow_api.py
[2026-03-28T18:46:29.679+0500] {processor.py:830} INFO - Processing file /home/abayturar/airflow-project/venv/lib/python3.12/site-packages/airflow/example_dags/tutorial_taskflow_api.py for tasks to queue
[2026-03-28T18:46:29.680+0500] {logging_mixin.py:188} INFO - [2026-03-28T18:46:29.680+0500] {dagbag.py:545} INFO - Filling up the DagBag from /home/abayturar/airflow-project/venv/lib/python3.12/site-packages/airflow/example_dags/tutorial_taskflow_api.py
[2026-03-28T18:46:29.687+0500] {processor.py:840} INFO - DAG(s) 'tutorial_taskflow_api' retrieved from /home/abayturar/airflow-project/venv/lib/python3.12/site-packages/airflow/example_dags/tutorial_taskflow_api.py
[2026-03-28T18:46:29.701+0500] {logging_mixin.py:188} INFO - [2026-03-28T18:46:29.701+0500] {dag.py:3089} INFO - Sync 1 DAGs
[2026-03-28T18:46:29.710+0500] {logging_mixin.py:188} INFO - [2026-03-28T18:46:29.710+0500] {dag.py:3947} INFO - Setting next_dagrun for tutorial_taskflow_api to None, run_after=None
[2026-03-28T18:46:29.738+0500] {processor.py:183} INFO - Processing /home/abayturar/airflow-project/venv/lib/python3.12/site-packages/airflow/example_dags/tutorial_taskflow_api.py took 0.066 seconds
[2026-03-28T18:47:17.562+0500] {processor.py:161} INFO - Started process (PID=22728) to work on /home/abayturar/airflow-project/venv/lib/python3.12/site-packages/airflow/example_dags/tutorial_taskflow_api.py
[2026-03-28T18:47:17.563+0500] {processor.py:830} INFO - Processing file /home/abayturar/airflow-project/venv/lib/python3.12/site-packages/airflow/example_dags/tutorial_taskflow_api.py for tasks to queue
[2026-03-28T18:47:17.565+0500] {logging_mixin.py:188} INFO - [2026-03-28T18:47:17.564+0500] {dagbag.py:545} INFO - Filling up the DagBag from /home/abayturar/airflow-project/venv/lib/python3.12/site-packages/airflow/example_dags/tutorial_taskflow_api.py
[2026-03-28T18:47:17.571+0500] {processor.py:840} INFO - DAG(s) 'tutorial_taskflow_api' retrieved from /home/abayturar/airflow-project/venv/lib/python3.12/site-packages/airflow/example_dags/tutorial_taskflow_api.py
[2026-03-28T18:47:17.585+0500] {logging_mixin.py:188} INFO - [2026-03-28T18:47:17.585+0500] {dag.py:3089} INFO - Sync 1 DAGs
[2026-03-28T18:47:17.594+0500] {logging_mixin.py:188} INFO - [2026-03-28T18:47:17.594+0500] {dag.py:3947} INFO - Setting next_dagrun for tutorial_taskflow_api to None, run_after=None
[2026-03-28T18:47:17.621+0500] {processor.py:183} INFO - Processing /home/abayturar/airflow-project/venv/lib/python3.12/site-packages/airflow/example_dags/tutorial_taskflow_api.py took 0.065 seconds
[2026-03-28T18:48:03.196+0500] {processor.py:161} INFO - Started process (PID=22853) to work on /home/abayturar/airflow-project/venv/lib/python3.12/site-packages/airflow/example_dags/tutorial_taskflow_api.py
[2026-03-28T18:48:03.197+0500] {processor.py:830} INFO - Processing file /home/abayturar/airflow-project/venv/lib/python3.12/site-packages/airflow/example_dags/tutorial_taskflow_api.py for tasks to queue
[2026-03-28T18:48:03.199+0500] {logging_mixin.py:188} INFO - [2026-03-28T18:48:03.198+0500] {dagbag.py:545} INFO - Filling up the DagBag from /home/abayturar/airflow-project/venv/lib/python3.12/site-packages/airflow/example_dags/tutorial_taskflow_api.py
[2026-03-28T18:48:03.206+0500] {processor.py:840} INFO - DAG(s) 'tutorial_taskflow_api' retrieved from /home/abayturar/airflow-project/venv/lib/python3.12/site-packages/airflow/example_dags/tutorial_taskflow_api.py
[2026-03-28T18:48:03.222+0500] {logging_mixin.py:188} INFO - [2026-03-28T18:48:03.222+0500] {dag.py:3089} INFO - Sync 1 DAGs
[2026-03-28T18:48:03.231+0500] {logging_mixin.py:188} INFO - [2026-03-28T18:48:03.231+0500] {dag.py:3947} INFO - Setting next_dagrun for tutorial_taskflow_api to None, run_after=None
[2026-03-28T18:48:03.259+0500] {processor.py:183} INFO - Processing /home/abayturar/airflow-project/venv/lib/python3.12/site-packages/airflow/example_dags/tutorial_taskflow_api.py took 0.071 seconds
[2026-03-28T18:48:46.137+0500] {processor.py:161} INFO - Started process (PID=22967) to work on /home/abayturar/airflow-project/venv/lib/python3.12/site-packages/airflow/example_dags/tutorial_taskflow_api.py
[2026-03-28T18:48:46.138+0500] {processor.py:830} INFO - Processing file /home/abayturar/airflow-project/venv/lib/python3.12/site-packages/airflow/example_dags/tutorial_taskflow_api.py for tasks to queue
[2026-03-28T18:48:46.140+0500] {logging_mixin.py:188} INFO - [2026-03-28T18:48:46.139+0500] {dagbag.py:545} INFO - Filling up the DagBag from /home/abayturar/airflow-project/venv/lib/python3.12/site-packages/airflow/example_dags/tutorial_taskflow_api.py
[2026-03-28T18:48:46.147+0500] {processor.py:840} INFO - DAG(s) 'tutorial_taskflow_api' retrieved from /home/abayturar/airflow-project/venv/lib/python3.12/site-packages/airflow/example_dags/tutorial_taskflow_api.py
[2026-03-28T18:48:46.161+0500] {logging_mixin.py:188} INFO - [2026-03-28T18:48:46.161+0500] {dag.py:3089} INFO - Sync 1 DAGs
[2026-03-28T18:48:46.170+0500] {logging_mixin.py:188} INFO - [2026-03-28T18:48:46.170+0500] {dag.py:3947} INFO - Setting next_dagrun for tutorial_taskflow_api to None, run_after=None
[2026-03-28T18:48:46.186+0500] {processor.py:183} INFO - Processing /home/abayturar/airflow-project/venv/lib/python3.12/site-packages/airflow/example_dags/tutorial_taskflow_api.py took 0.055 seconds
[2026-03-28T18:49:31.745+0500] {processor.py:161} INFO - Started process (PID=23091) to work on /home/abayturar/airflow-project/venv/lib/python3.12/site-packages/airflow/example_dags/tutorial_taskflow_api.py
[2026-03-28T18:49:31.746+0500] {processor.py:830} INFO - Processing file /home/abayturar/airflow-project/venv/lib/python3.12/site-packages/airflow/example_dags/tutorial_taskflow_api.py for tasks to queue
[2026-03-28T18:49:31.748+0500] {logging_mixin.py:188} INFO - [2026-03-28T18:49:31.747+0500] {dagbag.py:545} INFO - Filling up the DagBag from /home/abayturar/airflow-project/venv/lib/python3.12/site-packages/airflow/example_dags/tutorial_taskflow_api.py
[2026-03-28T18:49:31.755+0500] {processor.py:840} INFO - DAG(s) 'tutorial_taskflow_api' retrieved from /home/abayturar/airflow-project/venv/lib/python3.12/site-packages/airflow/example_dags/tutorial_taskflow_api.py
[2026-03-28T18:49:31.769+0500] {logging_mixin.py:188} INFO - [2026-03-28T18:49:31.769+0500] {dag.py:3089} INFO - Sync 1 DAGs
[2026-03-28T18:49:31.778+0500] {logging_mixin.py:188} INFO - [2026-03-28T18:49:31.778+0500] {dag.py:3947} INFO - Setting next_dagrun for tutorial_taskflow_api to None, run_after=None
[2026-03-28T18:49:31.792+0500] {processor.py:183} INFO - Processing /home/abayturar/airflow-project/venv/lib/python3.12/site-packages/airflow/example_dags/tutorial_taskflow_api.py took 0.053 seconds
[2026-03-28T18:50:17.068+0500] {processor.py:161} INFO - Started process (PID=23213) to work on /home/abayturar/airflow-project/venv/lib/python3.12/site-packages/airflow/example_dags/tutorial_taskflow_api.py
[2026-03-28T18:50:17.069+0500] {processor.py:830} INFO - Processing file /home/abayturar/airflow-project/venv/lib/python3.12/site-packages/airflow/example_dags/tutorial_taskflow_api.py for tasks to queue
[2026-03-28T18:50:17.070+0500] {logging_mixin.py:188} INFO - [2026-03-28T18:50:17.070+0500] {dagbag.py:545} INFO - Filling up the DagBag from /home/abayturar/airflow-project/venv/lib/python3.12/site-packages/airflow/example_dags/tutorial_taskflow_api.py
[2026-03-28T18:50:17.077+0500] {processor.py:840} INFO - DAG(s) 'tutorial_taskflow_api' retrieved from /home/abayturar/airflow-project/venv/lib/python3.12/site-packages/airflow/example_dags/tutorial_taskflow_api.py
[2026-03-28T18:50:17.093+0500] {logging_mixin.py:188} INFO - [2026-03-28T18:50:17.093+0500] {dag.py:3089} INFO - Sync 1 DAGs
[2026-03-28T18:50:17.102+0500] {logging_mixin.py:188} INFO - [2026-03-28T18:50:17.101+0500] {dag.py:3947} INFO - Setting next_dagrun for tutorial_taskflow_api to None, run_after=None
[2026-03-28T18:50:17.128+0500] {processor.py:183} INFO - Processing /home/abayturar/airflow-project/venv/lib/python3.12/site-packages/airflow/example_dags/tutorial_taskflow_api.py took 0.066 seconds
[2026-03-28T18:51:03.849+0500] {processor.py:161} INFO - Started process (PID=23337) to work on /home/abayturar/airflow-project/venv/lib/python3.12/site-packages/airflow/example_dags/tutorial_taskflow_api.py
[2026-03-28T18:51:03.849+0500] {processor.py:830} INFO - Processing file /home/abayturar/airflow-project/venv/lib/python3.12/site-packages/airflow/example_dags/tutorial_taskflow_api.py for tasks to queue
[2026-03-28T18:51:03.851+0500] {logging_mixin.py:188} INFO - [2026-03-28T18:51:03.851+0500] {dagbag.py:545} INFO - Filling up the DagBag from /home/abayturar/airflow-project/venv/lib/python3.12/site-packages/airflow/example_dags/tutorial_taskflow_api.py
[2026-03-28T18:51:03.859+0500] {processor.py:840} INFO - DAG(s) 'tutorial_taskflow_api' retrieved from /home/abayturar/airflow-project/venv/lib/python3.12/site-packages/airflow/example_dags/tutorial_taskflow_api.py
[2026-03-28T18:51:03.874+0500] {logging_mixin.py:188} INFO - [2026-03-28T18:51:03.874+0500] {dag.py:3089} INFO - Sync 1 DAGs
[2026-03-28T18:51:03.883+0500] {logging_mixin.py:188} INFO - [2026-03-28T18:51:03.883+0500] {dag.py:3947} INFO - Setting next_dagrun for tutorial_taskflow_api to None, run_after=None
[2026-03-28T18:51:03.911+0500] {processor.py:183} INFO - Processing /home/abayturar/airflow-project/venv/lib/python3.12/site-packages/airflow/example_dags/tutorial_taskflow_api.py took 0.069 seconds
[2026-03-28T18:51:51.558+0500] {processor.py:161} INFO - Started process (PID=23464) to work on /home/abayturar/airflow-project/venv/lib/python3.12/site-packages/airflow/example_dags/tutorial_taskflow_api.py
[2026-03-28T18:51:51.559+0500] {processor.py:830} INFO - Processing file /home/abayturar/airflow-project/venv/lib/python3.12/site-packages/airflow/example_dags/tutorial_taskflow_api.py for tasks to queue
[2026-03-28T18:51:51.560+0500] {logging_mixin.py:188} INFO - [2026-03-28T18:51:51.560+0500] {dagbag.py:545} INFO - Filling up the DagBag from /home/abayturar/airflow-project/venv/lib/python3.12/site-packages/airflow/example_dags/tutorial_taskflow_api.py
[2026-03-28T18:51:51.567+0500] {processor.py:840} INFO - DAG(s) 'tutorial_taskflow_api' retrieved from /home/abayturar/airflow-project/venv/lib/python3.12/site-packages/airflow/example_dags/tutorial_taskflow_api.py
[2026-03-28T18:51:51.581+0500] {logging_mixin.py:188} INFO - [2026-03-28T18:51:51.581+0500] {dag.py:3089} INFO - Sync 1 DAGs
[2026-03-28T18:51:51.590+0500] {logging_mixin.py:188} INFO - [2026-03-28T18:51:51.590+0500] {dag.py:3947} INFO - Setting next_dagrun for tutorial_taskflow_api to None, run_after=None
[2026-03-28T18:51:51.616+0500] {processor.py:183} INFO - Processing /home/abayturar/airflow-project/venv/lib/python3.12/site-packages/airflow/example_dags/tutorial_taskflow_api.py took 0.065 seconds
[2026-03-28T18:52:37.018+0500] {processor.py:161} INFO - Started process (PID=23585) to work on /home/abayturar/airflow-project/venv/lib/python3.12/site-packages/airflow/example_dags/tutorial_taskflow_api.py
[2026-03-28T18:52:37.019+0500] {processor.py:830} INFO - Processing file /home/abayturar/airflow-project/venv/lib/python3.12/site-packages/airflow/example_dags/tutorial_taskflow_api.py for tasks to queue
[2026-03-28T18:52:37.021+0500] {logging_mixin.py:188} INFO - [2026-03-28T18:52:37.020+0500] {dagbag.py:545} INFO - Filling up the DagBag from /home/abayturar/airflow-project/venv/lib/python3.12/site-packages/airflow/example_dags/tutorial_taskflow_api.py
[2026-03-28T18:52:37.031+0500] {processor.py:840} INFO - DAG(s) 'tutorial_taskflow_api' retrieved from /home/abayturar/airflow-project/venv/lib/python3.12/site-packages/airflow/example_dags/tutorial_taskflow_api.py
[2026-03-28T18:52:37.049+0500] {logging_mixin.py:188} INFO - [2026-03-28T18:52:37.048+0500] {dag.py:3089} INFO - Sync 1 DAGs
[2026-03-28T18:52:37.059+0500] {logging_mixin.py:188} INFO - [2026-03-28T18:52:37.059+0500] {dag.py:3947} INFO - Setting next_dagrun for tutorial_taskflow_api to None, run_after=None
[2026-03-28T18:52:37.076+0500] {processor.py:183} INFO - Processing /home/abayturar/airflow-project/venv/lib/python3.12/site-packages/airflow/example_dags/tutorial_taskflow_api.py took 0.067 seconds
[2026-03-28T18:53:21.877+0500] {processor.py:161} INFO - Started process (PID=23709) to work on /home/abayturar/airflow-project/venv/lib/python3.12/site-packages/airflow/example_dags/tutorial_taskflow_api.py
[2026-03-28T18:53:21.878+0500] {processor.py:830} INFO - Processing file /home/abayturar/airflow-project/venv/lib/python3.12/site-packages/airflow/example_dags/tutorial_taskflow_api.py for tasks to queue
[2026-03-28T18:53:21.879+0500] {logging_mixin.py:188} INFO - [2026-03-28T18:53:21.879+0500] {dagbag.py:545} INFO - Filling up the DagBag from /home/abayturar/airflow-project/venv/lib/python3.12/site-packages/airflow/example_dags/tutorial_taskflow_api.py
[2026-03-28T18:53:21.886+0500] {processor.py:840} INFO - DAG(s) 'tutorial_taskflow_api' retrieved from /home/abayturar/airflow-project/venv/lib/python3.12/site-packages/airflow/example_dags/tutorial_taskflow_api.py
[2026-03-28T18:53:21.902+0500] {logging_mixin.py:188} INFO - [2026-03-28T18:53:21.901+0500] {dag.py:3089} INFO - Sync 1 DAGs
[2026-03-28T18:53:21.910+0500] {logging_mixin.py:188} INFO - [2026-03-28T18:53:21.910+0500] {dag.py:3947} INFO - Setting next_dagrun for tutorial_taskflow_api to None, run_after=None
[2026-03-28T18:53:21.937+0500] {processor.py:183} INFO - Processing /home/abayturar/airflow-project/venv/lib/python3.12/site-packages/airflow/example_dags/tutorial_taskflow_api.py took 0.066 seconds
[2026-03-28T18:54:07.479+0500] {processor.py:161} INFO - Started process (PID=23831) to work on /home/abayturar/airflow-project/venv/lib/python3.12/site-packages/airflow/example_dags/tutorial_taskflow_api.py
[2026-03-28T18:54:07.480+0500] {processor.py:830} INFO - Processing file /home/abayturar/airflow-project/venv/lib/python3.12/site-packages/airflow/example_dags/tutorial_taskflow_api.py for tasks to queue
[2026-03-28T18:54:07.482+0500] {logging_mixin.py:188} INFO - [2026-03-28T18:54:07.481+0500] {dagbag.py:545} INFO - Filling up the DagBag from /home/abayturar/airflow-project/venv/lib/python3.12/site-packages/airflow/example_dags/tutorial_taskflow_api.py
[2026-03-28T18:54:07.489+0500] {processor.py:840} INFO - DAG(s) 'tutorial_taskflow_api' retrieved from /home/abayturar/airflow-project/venv/lib/python3.12/site-packages/airflow/example_dags/tutorial_taskflow_api.py
[2026-03-28T18:54:07.505+0500] {logging_mixin.py:188} INFO - [2026-03-28T18:54:07.505+0500] {dag.py:3089} INFO - Sync 1 DAGs
[2026-03-28T18:54:07.514+0500] {logging_mixin.py:188} INFO - [2026-03-28T18:54:07.514+0500] {dag.py:3947} INFO - Setting next_dagrun for tutorial_taskflow_api to None, run_after=None
[2026-03-28T18:54:07.543+0500] {processor.py:183} INFO - Processing /home/abayturar/airflow-project/venv/lib/python3.12/site-packages/airflow/example_dags/tutorial_taskflow_api.py took 0.070 seconds
[2026-03-28T18:54:51.921+0500] {processor.py:161} INFO - Started process (PID=23952) to work on /home/abayturar/airflow-project/venv/lib/python3.12/site-packages/airflow/example_dags/tutorial_taskflow_api.py
[2026-03-28T18:54:51.921+0500] {processor.py:830} INFO - Processing file /home/abayturar/airflow-project/venv/lib/python3.12/site-packages/airflow/example_dags/tutorial_taskflow_api.py for tasks to queue
[2026-03-28T18:54:51.923+0500] {logging_mixin.py:188} INFO - [2026-03-28T18:54:51.923+0500] {dagbag.py:545} INFO - Filling up the DagBag from /home/abayturar/airflow-project/venv/lib/python3.12/site-packages/airflow/example_dags/tutorial_taskflow_api.py
[2026-03-28T18:54:51.931+0500] {processor.py:840} INFO - DAG(s) 'tutorial_taskflow_api' retrieved from /home/abayturar/airflow-project/venv/lib/python3.12/site-packages/airflow/example_dags/tutorial_taskflow_api.py
[2026-03-28T18:54:51.949+0500] {logging_mixin.py:188} INFO - [2026-03-28T18:54:51.949+0500] {dag.py:3089} INFO - Sync 1 DAGs
[2026-03-28T18:54:51.960+0500] {logging_mixin.py:188} INFO - [2026-03-28T18:54:51.960+0500] {dag.py:3947} INFO - Setting next_dagrun for tutorial_taskflow_api to None, run_after=None
[2026-03-28T18:54:51.978+0500] {processor.py:183} INFO - Processing /home/abayturar/airflow-project/venv/lib/python3.12/site-packages/airflow/example_dags/tutorial_taskflow_api.py took 0.065 seconds
[2026-03-28T18:55:42.302+0500] {processor.py:161} INFO - Started process (PID=24082) to work on /home/abayturar/airflow-project/venv/lib/python3.12/site-packages/airflow/example_dags/tutorial_taskflow_api.py
[2026-03-28T18:55:42.303+0500] {processor.py:830} INFO - Processing file /home/abayturar/airflow-project/venv/lib/python3.12/site-packages/airflow/example_dags/tutorial_taskflow_api.py for tasks to queue
[2026-03-28T18:55:42.304+0500] {logging_mixin.py:188} INFO - [2026-03-28T18:55:42.304+0500] {dagbag.py:545} INFO - Filling up the DagBag from /home/abayturar/airflow-project/venv/lib/python3.12/site-packages/airflow/example_dags/tutorial_taskflow_api.py
[2026-03-28T18:55:42.312+0500] {processor.py:840} INFO - DAG(s) 'tutorial_taskflow_api' retrieved from /home/abayturar/airflow-project/venv/lib/python3.12/site-packages/airflow/example_dags/tutorial_taskflow_api.py
[2026-03-28T18:55:42.341+0500] {logging_mixin.py:188} INFO - [2026-03-28T18:55:42.341+0500] {dag.py:3089} INFO - Sync 1 DAGs
[2026-03-28T18:55:42.359+0500] {logging_mixin.py:188} INFO - [2026-03-28T18:55:42.359+0500] {dag.py:3947} INFO - Setting next_dagrun for tutorial_taskflow_api to None, run_after=None
[2026-03-28T18:55:42.405+0500] {processor.py:183} INFO - Processing /home/abayturar/airflow-project/venv/lib/python3.12/site-packages/airflow/example_dags/tutorial_taskflow_api.py took 0.114 seconds
[2026-03-28T18:56:34.751+0500] {processor.py:161} INFO - Started process (PID=24221) to work on /home/abayturar/airflow-project/venv/lib/python3.12/site-packages/airflow/example_dags/tutorial_taskflow_api.py
[2026-03-28T18:56:34.752+0500] {processor.py:830} INFO - Processing file /home/abayturar/airflow-project/venv/lib/python3.12/site-packages/airflow/example_dags/tutorial_taskflow_api.py for tasks to queue
[2026-03-28T18:56:34.754+0500] {logging_mixin.py:188} INFO - [2026-03-28T18:56:34.753+0500] {dagbag.py:545} INFO - Filling up the DagBag from /home/abayturar/airflow-project/venv/lib/python3.12/site-packages/airflow/example_dags/tutorial_taskflow_api.py
[2026-03-28T18:56:34.763+0500] {processor.py:840} INFO - DAG(s) 'tutorial_taskflow_api' retrieved from /home/abayturar/airflow-project/venv/lib/python3.12/site-packages/airflow/example_dags/tutorial_taskflow_api.py
[2026-03-28T18:56:34.782+0500] {logging_mixin.py:188} INFO - [2026-03-28T18:56:34.782+0500] {dag.py:3089} INFO - Sync 1 DAGs
[2026-03-28T18:56:34.793+0500] {logging_mixin.py:188} INFO - [2026-03-28T18:56:34.793+0500] {dag.py:3947} INFO - Setting next_dagrun for tutorial_taskflow_api to None, run_after=None
[2026-03-28T18:56:34.822+0500] {processor.py:183} INFO - Processing /home/abayturar/airflow-project/venv/lib/python3.12/site-packages/airflow/example_dags/tutorial_taskflow_api.py took 0.079 seconds
[2026-03-28T18:57:24.045+0500] {processor.py:161} INFO - Started process (PID=24349) to work on /home/abayturar/airflow-project/venv/lib/python3.12/site-packages/airflow/example_dags/tutorial_taskflow_api.py
[2026-03-28T18:57:24.046+0500] {processor.py:830} INFO - Processing file /home/abayturar/airflow-project/venv/lib/python3.12/site-packages/airflow/example_dags/tutorial_taskflow_api.py for tasks to queue
[2026-03-28T18:57:24.048+0500] {logging_mixin.py:188} INFO - [2026-03-28T18:57:24.048+0500] {dagbag.py:545} INFO - Filling up the DagBag from /home/abayturar/airflow-project/venv/lib/python3.12/site-packages/airflow/example_dags/tutorial_taskflow_api.py
[2026-03-28T18:57:24.057+0500] {processor.py:840} INFO - DAG(s) 'tutorial_taskflow_api' retrieved from /home/abayturar/airflow-project/venv/lib/python3.12/site-packages/airflow/example_dags/tutorial_taskflow_api.py
[2026-03-28T18:57:24.074+0500] {logging_mixin.py:188} INFO - [2026-03-28T18:57:24.074+0500] {dag.py:3089} INFO - Sync 1 DAGs
[2026-03-28T18:57:24.083+0500] {logging_mixin.py:188} INFO - [2026-03-28T18:57:24.083+0500] {dag.py:3947} INFO - Setting next_dagrun for tutorial_taskflow_api to None, run_after=None
[2026-03-28T18:57:24.110+0500] {processor.py:183} INFO - Processing /home/abayturar/airflow-project/venv/lib/python3.12/site-packages/airflow/example_dags/tutorial_taskflow_api.py took 0.074 seconds
[2026-03-28T18:58:10.795+0500] {processor.py:161} INFO - Started process (PID=24475) to work on /home/abayturar/airflow-project/venv/lib/python3.12/site-packages/airflow/example_dags/tutorial_taskflow_api.py
[2026-03-28T18:58:10.796+0500] {processor.py:830} INFO - Processing file /home/abayturar/airflow-project/venv/lib/python3.12/site-packages/airflow/example_dags/tutorial_taskflow_api.py for tasks to queue
[2026-03-28T18:58:10.798+0500] {logging_mixin.py:188} INFO - [2026-03-28T18:58:10.798+0500] {dagbag.py:545} INFO - Filling up the DagBag from /home/abayturar/airflow-project/venv/lib/python3.12/site-packages/airflow/example_dags/tutorial_taskflow_api.py
[2026-03-28T18:58:10.805+0500] {processor.py:840} INFO - DAG(s) 'tutorial_taskflow_api' retrieved from /home/abayturar/airflow-project/venv/lib/python3.12/site-packages/airflow/example_dags/tutorial_taskflow_api.py
[2026-03-28T18:58:10.820+0500] {logging_mixin.py:188} INFO - [2026-03-28T18:58:10.820+0500] {dag.py:3089} INFO - Sync 1 DAGs
[2026-03-28T18:58:10.831+0500] {logging_mixin.py:188} INFO - [2026-03-28T18:58:10.831+0500] {dag.py:3947} INFO - Setting next_dagrun for tutorial_taskflow_api to None, run_after=None
[2026-03-28T18:58:10.848+0500] {processor.py:183} INFO - Processing /home/abayturar/airflow-project/venv/lib/python3.12/site-packages/airflow/example_dags/tutorial_taskflow_api.py took 0.059 seconds
[2026-03-28T18:58:57.240+0500] {processor.py:161} INFO - Started process (PID=24601) to work on /home/abayturar/airflow-project/venv/lib/python3.12/site-packages/airflow/example_dags/tutorial_taskflow_api.py
[2026-03-28T18:58:57.241+0500] {processor.py:830} INFO - Processing file /home/abayturar/airflow-project/venv/lib/python3.12/site-packages/airflow/example_dags/tutorial_taskflow_api.py for tasks to queue
[2026-03-28T18:58:57.243+0500] {logging_mixin.py:188} INFO - [2026-03-28T18:58:57.243+0500] {dagbag.py:545} INFO - Filling up the DagBag from /home/abayturar/airflow-project/venv/lib/python3.12/site-packages/airflow/example_dags/tutorial_taskflow_api.py
[2026-03-28T18:58:57.251+0500] {processor.py:840} INFO - DAG(s) 'tutorial_taskflow_api' retrieved from /home/abayturar/airflow-project/venv/lib/python3.12/site-packages/airflow/example_dags/tutorial_taskflow_api.py
[2026-03-28T18:58:57.268+0500] {logging_mixin.py:188} INFO - [2026-03-28T18:58:57.267+0500] {dag.py:3089} INFO - Sync 1 DAGs
[2026-03-28T18:58:57.278+0500] {logging_mixin.py:188} INFO - [2026-03-28T18:58:57.277+0500] {dag.py:3947} INFO - Setting next_dagrun for tutorial_taskflow_api to None, run_after=None
[2026-03-28T18:58:57.308+0500] {processor.py:183} INFO - Processing /home/abayturar/airflow-project/venv/lib/python3.12/site-packages/airflow/example_dags/tutorial_taskflow_api.py took 0.074 seconds
[2026-03-28T18:59:45.141+0500] {processor.py:161} INFO - Started process (PID=24728) to work on /home/abayturar/airflow-project/venv/lib/python3.12/site-packages/airflow/example_dags/tutorial_taskflow_api.py
[2026-03-28T18:59:45.142+0500] {processor.py:830} INFO - Processing file /home/abayturar/airflow-project/venv/lib/python3.12/site-packages/airflow/example_dags/tutorial_taskflow_api.py for tasks to queue
[2026-03-28T18:59:45.143+0500] {logging_mixin.py:188} INFO - [2026-03-28T18:59:45.143+0500] {dagbag.py:545} INFO - Filling up the DagBag from /home/abayturar/airflow-project/venv/lib/python3.12/site-packages/airflow/example_dags/tutorial_taskflow_api.py
[2026-03-28T18:59:45.152+0500] {processor.py:840} INFO - DAG(s) 'tutorial_taskflow_api' retrieved from /home/abayturar/airflow-project/venv/lib/python3.12/site-packages/airflow/example_dags/tutorial_taskflow_api.py
[2026-03-28T18:59:45.170+0500] {logging_mixin.py:188} INFO - [2026-03-28T18:59:45.169+0500] {dag.py:3089} INFO - Sync 1 DAGs
[2026-03-28T18:59:45.181+0500] {logging_mixin.py:188} INFO - [2026-03-28T18:59:45.180+0500] {dag.py:3947} INFO - Setting next_dagrun for tutorial_taskflow_api to None, run_after=None
[2026-03-28T18:59:45.200+0500] {processor.py:183} INFO - Processing /home/abayturar/airflow-project/venv/lib/python3.12/site-packages/airflow/example_dags/tutorial_taskflow_api.py took 0.067 seconds
[2026-03-28T19:00:32.496+0500] {processor.py:161} INFO - Started process (PID=24855) to work on /home/abayturar/airflow-project/venv/lib/python3.12/site-packages/airflow/example_dags/tutorial_taskflow_api.py
[2026-03-28T19:00:32.497+0500] {processor.py:830} INFO - Processing file /home/abayturar/airflow-project/venv/lib/python3.12/site-packages/airflow/example_dags/tutorial_taskflow_api.py for tasks to queue
[2026-03-28T19:00:32.499+0500] {logging_mixin.py:188} INFO - [2026-03-28T19:00:32.498+0500] {dagbag.py:545} INFO - Filling up the DagBag from /home/abayturar/airflow-project/venv/lib/python3.12/site-packages/airflow/example_dags/tutorial_taskflow_api.py
[2026-03-28T19:00:32.505+0500] {processor.py:840} INFO - DAG(s) 'tutorial_taskflow_api' retrieved from /home/abayturar/airflow-project/venv/lib/python3.12/site-packages/airflow/example_dags/tutorial_taskflow_api.py
[2026-03-28T19:00:32.521+0500] {logging_mixin.py:188} INFO - [2026-03-28T19:00:32.520+0500] {dag.py:3089} INFO - Sync 1 DAGs
[2026-03-28T19:00:32.529+0500] {logging_mixin.py:188} INFO - [2026-03-28T19:00:32.529+0500] {dag.py:3947} INFO - Setting next_dagrun for tutorial_taskflow_api to None, run_after=None
[2026-03-28T19:00:32.558+0500] {processor.py:183} INFO - Processing /home/abayturar/airflow-project/venv/lib/python3.12/site-packages/airflow/example_dags/tutorial_taskflow_api.py took 0.068 seconds
[2026-03-28T19:01:18.961+0500] {processor.py:161} INFO - Started process (PID=24981) to work on /home/abayturar/airflow-project/venv/lib/python3.12/site-packages/airflow/example_dags/tutorial_taskflow_api.py
[2026-03-28T19:01:18.962+0500] {processor.py:830} INFO - Processing file /home/abayturar/airflow-project/venv/lib/python3.12/site-packages/airflow/example_dags/tutorial_taskflow_api.py for tasks to queue
[2026-03-28T19:01:18.964+0500] {logging_mixin.py:188} INFO - [2026-03-28T19:01:18.963+0500] {dagbag.py:545} INFO - Filling up the DagBag from /home/abayturar/airflow-project/venv/lib/python3.12/site-packages/airflow/example_dags/tutorial_taskflow_api.py
[2026-03-28T19:01:18.972+0500] {processor.py:840} INFO - DAG(s) 'tutorial_taskflow_api' retrieved from /home/abayturar/airflow-project/venv/lib/python3.12/site-packages/airflow/example_dags/tutorial_taskflow_api.py
[2026-03-28T19:01:18.987+0500] {logging_mixin.py:188} INFO - [2026-03-28T19:01:18.987+0500] {dag.py:3089} INFO - Sync 1 DAGs
[2026-03-28T19:01:18.997+0500] {logging_mixin.py:188} INFO - [2026-03-28T19:01:18.997+0500] {dag.py:3947} INFO - Setting next_dagrun for tutorial_taskflow_api to None, run_after=None
[2026-03-28T19:01:19.026+0500] {processor.py:183} INFO - Processing /home/abayturar/airflow-project/venv/lib/python3.12/site-packages/airflow/example_dags/tutorial_taskflow_api.py took 0.072 seconds
[2026-03-28T19:02:06.777+0500] {processor.py:161} INFO - Started process (PID=25110) to work on /home/abayturar/airflow-project/venv/lib/python3.12/site-packages/airflow/example_dags/tutorial_taskflow_api.py
[2026-03-28T19:02:06.778+0500] {processor.py:830} INFO - Processing file /home/abayturar/airflow-project/venv/lib/python3.12/site-packages/airflow/example_dags/tutorial_taskflow_api.py for tasks to queue
[2026-03-28T19:02:06.779+0500] {logging_mixin.py:188} INFO - [2026-03-28T19:02:06.779+0500] {dagbag.py:545} INFO - Filling up the DagBag from /home/abayturar/airflow-project/venv/lib/python3.12/site-packages/airflow/example_dags/tutorial_taskflow_api.py
[2026-03-28T19:02:06.786+0500] {processor.py:840} INFO - DAG(s) 'tutorial_taskflow_api' retrieved from /home/abayturar/airflow-project/venv/lib/python3.12/site-packages/airflow/example_dags/tutorial_taskflow_api.py
[2026-03-28T19:02:06.801+0500] {logging_mixin.py:188} INFO - [2026-03-28T19:02:06.801+0500] {dag.py:3089} INFO - Sync 1 DAGs
[2026-03-28T19:02:06.810+0500] {logging_mixin.py:188} INFO - [2026-03-28T19:02:06.810+0500] {dag.py:3947} INFO - Setting next_dagrun for tutorial_taskflow_api to None, run_after=None
[2026-03-28T19:02:06.839+0500] {processor.py:183} INFO - Processing /home/abayturar/airflow-project/venv/lib/python3.12/site-packages/airflow/example_dags/tutorial_taskflow_api.py took 0.069 seconds
[2026-03-28T19:02:49.066+0500] {processor.py:161} INFO - Started process (PID=25223) to work on /home/abayturar/airflow-project/venv/lib/python3.12/site-packages/airflow/example_dags/tutorial_taskflow_api.py
[2026-03-28T19:02:49.067+0500] {processor.py:830} INFO - Processing file /home/abayturar/airflow-project/venv/lib/python3.12/site-packages/airflow/example_dags/tutorial_taskflow_api.py for tasks to queue
[2026-03-28T19:02:49.069+0500] {logging_mixin.py:188} INFO - [2026-03-28T19:02:49.069+0500] {dagbag.py:545} INFO - Filling up the DagBag from /home/abayturar/airflow-project/venv/lib/python3.12/site-packages/airflow/example_dags/tutorial_taskflow_api.py
[2026-03-28T19:02:49.078+0500] {processor.py:840} INFO - DAG(s) 'tutorial_taskflow_api' retrieved from /home/abayturar/airflow-project/venv/lib/python3.12/site-packages/airflow/example_dags/tutorial_taskflow_api.py
[2026-03-28T19:02:49.103+0500] {logging_mixin.py:188} INFO - [2026-03-28T19:02:49.102+0500] {dag.py:3089} INFO - Sync 1 DAGs
[2026-03-28T19:02:49.113+0500] {logging_mixin.py:188} INFO - [2026-03-28T19:02:49.113+0500] {dag.py:3947} INFO - Setting next_dagrun for tutorial_taskflow_api to None, run_after=None
[2026-03-28T19:02:49.132+0500] {processor.py:183} INFO - Processing /home/abayturar/airflow-project/venv/lib/python3.12/site-packages/airflow/example_dags/tutorial_taskflow_api.py took 0.073 seconds
[2026-03-28T19:03:32.321+0500] {processor.py:161} INFO - Started process (PID=25341) to work on /home/abayturar/airflow-project/venv/lib/python3.12/site-packages/airflow/example_dags/tutorial_taskflow_api.py
[2026-03-28T19:03:32.322+0500] {processor.py:830} INFO - Processing file /home/abayturar/airflow-project/venv/lib/python3.12/site-packages/airflow/example_dags/tutorial_taskflow_api.py for tasks to queue
[2026-03-28T19:03:32.323+0500] {logging_mixin.py:188} INFO - [2026-03-28T19:03:32.323+0500] {dagbag.py:545} INFO - Filling up the DagBag from /home/abayturar/airflow-project/venv/lib/python3.12/site-packages/airflow/example_dags/tutorial_taskflow_api.py
[2026-03-28T19:03:32.330+0500] {processor.py:840} INFO - DAG(s) 'tutorial_taskflow_api' retrieved from /home/abayturar/airflow-project/venv/lib/python3.12/site-packages/airflow/example_dags/tutorial_taskflow_api.py
[2026-03-28T19:03:32.345+0500] {logging_mixin.py:188} INFO - [2026-03-28T19:03:32.344+0500] {dag.py:3089} INFO - Sync 1 DAGs
[2026-03-28T19:03:32.354+0500] {logging_mixin.py:188} INFO - [2026-03-28T19:03:32.354+0500] {dag.py:3947} INFO - Setting next_dagrun for tutorial_taskflow_api to None, run_after=None
[2026-03-28T19:03:32.369+0500] {processor.py:183} INFO - Processing /home/abayturar/airflow-project/venv/lib/python3.12/site-packages/airflow/example_dags/tutorial_taskflow_api.py took 0.055 seconds
[2026-03-28T19:04:20.218+0500] {processor.py:161} INFO - Started process (PID=25471) to work on /home/abayturar/airflow-project/venv/lib/python3.12/site-packages/airflow/example_dags/tutorial_taskflow_api.py
[2026-03-28T19:04:20.219+0500] {processor.py:830} INFO - Processing file /home/abayturar/airflow-project/venv/lib/python3.12/site-packages/airflow/example_dags/tutorial_taskflow_api.py for tasks to queue
[2026-03-28T19:04:20.221+0500] {logging_mixin.py:188} INFO - [2026-03-28T19:04:20.220+0500] {dagbag.py:545} INFO - Filling up the DagBag from /home/abayturar/airflow-project/venv/lib/python3.12/site-packages/airflow/example_dags/tutorial_taskflow_api.py
[2026-03-28T19:04:20.228+0500] {processor.py:840} INFO - DAG(s) 'tutorial_taskflow_api' retrieved from /home/abayturar/airflow-project/venv/lib/python3.12/site-packages/airflow/example_dags/tutorial_taskflow_api.py
[2026-03-28T19:04:20.246+0500] {logging_mixin.py:188} INFO - [2026-03-28T19:04:20.246+0500] {dag.py:3089} INFO - Sync 1 DAGs
[2026-03-28T19:04:20.255+0500] {logging_mixin.py:188} INFO - [2026-03-28T19:04:20.255+0500] {dag.py:3947} INFO - Setting next_dagrun for tutorial_taskflow_api to None, run_after=None
[2026-03-28T19:04:20.284+0500] {processor.py:183} INFO - Processing /home/abayturar/airflow-project/venv/lib/python3.12/site-packages/airflow/example_dags/tutorial_taskflow_api.py took 0.073 seconds
[2026-03-28T19:05:05.033+0500] {processor.py:161} INFO - Started process (PID=25591) to work on /home/abayturar/airflow-project/venv/lib/python3.12/site-packages/airflow/example_dags/tutorial_taskflow_api.py
[2026-03-28T19:05:05.034+0500] {processor.py:830} INFO - Processing file /home/abayturar/airflow-project/venv/lib/python3.12/site-packages/airflow/example_dags/tutorial_taskflow_api.py for tasks to queue
[2026-03-28T19:05:05.036+0500] {logging_mixin.py:188} INFO - [2026-03-28T19:05:05.036+0500] {dagbag.py:545} INFO - Filling up the DagBag from /home/abayturar/airflow-project/venv/lib/python3.12/site-packages/airflow/example_dags/tutorial_taskflow_api.py
[2026-03-28T19:05:05.043+0500] {processor.py:840} INFO - DAG(s) 'tutorial_taskflow_api' retrieved from /home/abayturar/airflow-project/venv/lib/python3.12/site-packages/airflow/example_dags/tutorial_taskflow_api.py
[2026-03-28T19:05:05.057+0500] {logging_mixin.py:188} INFO - [2026-03-28T19:05:05.057+0500] {dag.py:3089} INFO - Sync 1 DAGs
[2026-03-28T19:05:05.066+0500] {logging_mixin.py:188} INFO - [2026-03-28T19:05:05.066+0500] {dag.py:3947} INFO - Setting next_dagrun for tutorial_taskflow_api to None, run_after=None
[2026-03-28T19:05:05.093+0500] {processor.py:183} INFO - Processing /home/abayturar/airflow-project/venv/lib/python3.12/site-packages/airflow/example_dags/tutorial_taskflow_api.py took 0.066 seconds
[2026-03-28T19:05:48.594+0500] {processor.py:161} INFO - Started process (PID=25710) to work on /home/abayturar/airflow-project/venv/lib/python3.12/site-packages/airflow/example_dags/tutorial_taskflow_api.py
[2026-03-28T19:05:48.596+0500] {processor.py:830} INFO - Processing file /home/abayturar/airflow-project/venv/lib/python3.12/site-packages/airflow/example_dags/tutorial_taskflow_api.py for tasks to queue
[2026-03-28T19:05:48.598+0500] {logging_mixin.py:188} INFO - [2026-03-28T19:05:48.597+0500] {dagbag.py:545} INFO - Filling up the DagBag from /home/abayturar/airflow-project/venv/lib/python3.12/site-packages/airflow/example_dags/tutorial_taskflow_api.py
[2026-03-28T19:05:48.606+0500] {processor.py:840} INFO - DAG(s) 'tutorial_taskflow_api' retrieved from /home/abayturar/airflow-project/venv/lib/python3.12/site-packages/airflow/example_dags/tutorial_taskflow_api.py
[2026-03-28T19:05:48.624+0500] {logging_mixin.py:188} INFO - [2026-03-28T19:05:48.624+0500] {dag.py:3089} INFO - Sync 1 DAGs
[2026-03-28T19:05:48.635+0500] {logging_mixin.py:188} INFO - [2026-03-28T19:05:48.635+0500] {dag.py:3947} INFO - Setting next_dagrun for tutorial_taskflow_api to None, run_after=None
[2026-03-28T19:05:48.665+0500] {processor.py:183} INFO - Processing /home/abayturar/airflow-project/venv/lib/python3.12/site-packages/airflow/example_dags/tutorial_taskflow_api.py took 0.078 seconds
[2026-03-28T19:06:32.121+0500] {processor.py:161} INFO - Started process (PID=25828) to work on /home/abayturar/airflow-project/venv/lib/python3.12/site-packages/airflow/example_dags/tutorial_taskflow_api.py
[2026-03-28T19:06:32.121+0500] {processor.py:830} INFO - Processing file /home/abayturar/airflow-project/venv/lib/python3.12/site-packages/airflow/example_dags/tutorial_taskflow_api.py for tasks to queue
[2026-03-28T19:06:32.123+0500] {logging_mixin.py:188} INFO - [2026-03-28T19:06:32.123+0500] {dagbag.py:545} INFO - Filling up the DagBag from /home/abayturar/airflow-project/venv/lib/python3.12/site-packages/airflow/example_dags/tutorial_taskflow_api.py
[2026-03-28T19:06:32.130+0500] {processor.py:840} INFO - DAG(s) 'tutorial_taskflow_api' retrieved from /home/abayturar/airflow-project/venv/lib/python3.12/site-packages/airflow/example_dags/tutorial_taskflow_api.py
[2026-03-28T19:06:32.145+0500] {logging_mixin.py:188} INFO - [2026-03-28T19:06:32.144+0500] {dag.py:3089} INFO - Sync 1 DAGs
[2026-03-28T19:06:32.154+0500] {logging_mixin.py:188} INFO - [2026-03-28T19:06:32.154+0500] {dag.py:3947} INFO - Setting next_dagrun for tutorial_taskflow_api to None, run_after=None
[2026-03-28T19:06:32.180+0500] {processor.py:183} INFO - Processing /home/abayturar/airflow-project/venv/lib/python3.12/site-packages/airflow/example_dags/tutorial_taskflow_api.py took 0.066 seconds
[2026-03-28T19:07:14.352+0500] {processor.py:161} INFO - Started process (PID=25941) to work on /home/abayturar/airflow-project/venv/lib/python3.12/site-packages/airflow/example_dags/tutorial_taskflow_api.py
[2026-03-28T19:07:14.353+0500] {processor.py:830} INFO - Processing file /home/abayturar/airflow-project/venv/lib/python3.12/site-packages/airflow/example_dags/tutorial_taskflow_api.py for tasks to queue
[2026-03-28T19:07:14.355+0500] {logging_mixin.py:188} INFO - [2026-03-28T19:07:14.355+0500] {dagbag.py:545} INFO - Filling up the DagBag from /home/abayturar/airflow-project/venv/lib/python3.12/site-packages/airflow/example_dags/tutorial_taskflow_api.py
[2026-03-28T19:07:14.364+0500] {processor.py:840} INFO - DAG(s) 'tutorial_taskflow_api' retrieved from /home/abayturar/airflow-project/venv/lib/python3.12/site-packages/airflow/example_dags/tutorial_taskflow_api.py
[2026-03-28T19:07:14.382+0500] {logging_mixin.py:188} INFO - [2026-03-28T19:07:14.382+0500] {dag.py:3089} INFO - Sync 1 DAGs
[2026-03-28T19:07:14.392+0500] {logging_mixin.py:188} INFO - [2026-03-28T19:07:14.392+0500] {dag.py:3947} INFO - Setting next_dagrun for tutorial_taskflow_api to None, run_after=None
[2026-03-28T19:07:14.450+0500] {processor.py:183} INFO - Processing /home/abayturar/airflow-project/venv/lib/python3.12/site-packages/airflow/example_dags/tutorial_taskflow_api.py took 0.105 seconds
[2026-03-28T19:08:03.981+0500] {processor.py:161} INFO - Started process (PID=26073) to work on /home/abayturar/airflow-project/venv/lib/python3.12/site-packages/airflow/example_dags/tutorial_taskflow_api.py
[2026-03-28T19:08:03.982+0500] {processor.py:830} INFO - Processing file /home/abayturar/airflow-project/venv/lib/python3.12/site-packages/airflow/example_dags/tutorial_taskflow_api.py for tasks to queue
[2026-03-28T19:08:03.986+0500] {logging_mixin.py:188} INFO - [2026-03-28T19:08:03.985+0500] {dagbag.py:545} INFO - Filling up the DagBag from /home/abayturar/airflow-project/venv/lib/python3.12/site-packages/airflow/example_dags/tutorial_taskflow_api.py
[2026-03-28T19:08:03.996+0500] {processor.py:840} INFO - DAG(s) 'tutorial_taskflow_api' retrieved from /home/abayturar/airflow-project/venv/lib/python3.12/site-packages/airflow/example_dags/tutorial_taskflow_api.py
[2026-03-28T19:08:04.015+0500] {logging_mixin.py:188} INFO - [2026-03-28T19:08:04.015+0500] {dag.py:3089} INFO - Sync 1 DAGs
[2026-03-28T19:08:04.025+0500] {logging_mixin.py:188} INFO - [2026-03-28T19:08:04.025+0500] {dag.py:3947} INFO - Setting next_dagrun for tutorial_taskflow_api to None, run_after=None
[2026-03-28T19:08:04.043+0500] {processor.py:183} INFO - Processing /home/abayturar/airflow-project/venv/lib/python3.12/site-packages/airflow/example_dags/tutorial_taskflow_api.py took 0.069 seconds
[2026-03-28T19:08:53.127+0500] {processor.py:161} INFO - Started process (PID=26203) to work on /home/abayturar/airflow-project/venv/lib/python3.12/site-packages/airflow/example_dags/tutorial_taskflow_api.py
[2026-03-28T19:08:53.128+0500] {processor.py:830} INFO - Processing file /home/abayturar/airflow-project/venv/lib/python3.12/site-packages/airflow/example_dags/tutorial_taskflow_api.py for tasks to queue
[2026-03-28T19:08:53.130+0500] {logging_mixin.py:188} INFO - [2026-03-28T19:08:53.130+0500] {dagbag.py:545} INFO - Filling up the DagBag from /home/abayturar/airflow-project/venv/lib/python3.12/site-packages/airflow/example_dags/tutorial_taskflow_api.py
[2026-03-28T19:08:53.138+0500] {processor.py:840} INFO - DAG(s) 'tutorial_taskflow_api' retrieved from /home/abayturar/airflow-project/venv/lib/python3.12/site-packages/airflow/example_dags/tutorial_taskflow_api.py
[2026-03-28T19:08:53.158+0500] {logging_mixin.py:188} INFO - [2026-03-28T19:08:53.157+0500] {dag.py:3089} INFO - Sync 1 DAGs
[2026-03-28T19:08:53.170+0500] {logging_mixin.py:188} INFO - [2026-03-28T19:08:53.169+0500] {dag.py:3947} INFO - Setting next_dagrun for tutorial_taskflow_api to None, run_after=None
[2026-03-28T19:08:53.193+0500] {processor.py:183} INFO - Processing /home/abayturar/airflow-project/venv/lib/python3.12/site-packages/airflow/example_dags/tutorial_taskflow_api.py took 0.073 seconds
[2026-03-28T19:09:38.327+0500] {processor.py:161} INFO - Started process (PID=26327) to work on /home/abayturar/airflow-project/venv/lib/python3.12/site-packages/airflow/example_dags/tutorial_taskflow_api.py
[2026-03-28T19:09:38.328+0500] {processor.py:830} INFO - Processing file /home/abayturar/airflow-project/venv/lib/python3.12/site-packages/airflow/example_dags/tutorial_taskflow_api.py for tasks to queue
[2026-03-28T19:09:38.329+0500] {logging_mixin.py:188} INFO - [2026-03-28T19:09:38.329+0500] {dagbag.py:545} INFO - Filling up the DagBag from /home/abayturar/airflow-project/venv/lib/python3.12/site-packages/airflow/example_dags/tutorial_taskflow_api.py
[2026-03-28T19:09:38.336+0500] {processor.py:840} INFO - DAG(s) 'tutorial_taskflow_api' retrieved from /home/abayturar/airflow-project/venv/lib/python3.12/site-packages/airflow/example_dags/tutorial_taskflow_api.py
[2026-03-28T19:09:38.350+0500] {logging_mixin.py:188} INFO - [2026-03-28T19:09:38.350+0500] {dag.py:3089} INFO - Sync 1 DAGs
[2026-03-28T19:09:38.359+0500] {logging_mixin.py:188} INFO - [2026-03-28T19:09:38.359+0500] {dag.py:3947} INFO - Setting next_dagrun for tutorial_taskflow_api to None, run_after=None
[2026-03-28T19:09:38.386+0500] {processor.py:183} INFO - Processing /home/abayturar/airflow-project/venv/lib/python3.12/site-packages/airflow/example_dags/tutorial_taskflow_api.py took 0.066 seconds
[2026-03-28T19:10:23.798+0500] {processor.py:161} INFO - Started process (PID=26449) to work on /home/abayturar/airflow-project/venv/lib/python3.12/site-packages/airflow/example_dags/tutorial_taskflow_api.py
[2026-03-28T19:10:23.799+0500] {processor.py:830} INFO - Processing file /home/abayturar/airflow-project/venv/lib/python3.12/site-packages/airflow/example_dags/tutorial_taskflow_api.py for tasks to queue
[2026-03-28T19:10:23.801+0500] {logging_mixin.py:188} INFO - [2026-03-28T19:10:23.800+0500] {dagbag.py:545} INFO - Filling up the DagBag from /home/abayturar/airflow-project/venv/lib/python3.12/site-packages/airflow/example_dags/tutorial_taskflow_api.py
[2026-03-28T19:10:23.808+0500] {processor.py:840} INFO - DAG(s) 'tutorial_taskflow_api' retrieved from /home/abayturar/airflow-project/venv/lib/python3.12/site-packages/airflow/example_dags/tutorial_taskflow_api.py
[2026-03-28T19:10:23.825+0500] {logging_mixin.py:188} INFO - [2026-03-28T19:10:23.825+0500] {dag.py:3089} INFO - Sync 1 DAGs
[2026-03-28T19:10:23.836+0500] {logging_mixin.py:188} INFO - [2026-03-28T19:10:23.836+0500] {dag.py:3947} INFO - Setting next_dagrun for tutorial_taskflow_api to None, run_after=None
[2026-03-28T19:10:23.866+0500] {processor.py:183} INFO - Processing /home/abayturar/airflow-project/venv/lib/python3.12/site-packages/airflow/example_dags/tutorial_taskflow_api.py took 0.075 seconds
[2026-03-28T19:11:11.660+0500] {processor.py:161} INFO - Started process (PID=26575) to work on /home/abayturar/airflow-project/venv/lib/python3.12/site-packages/airflow/example_dags/tutorial_taskflow_api.py
[2026-03-28T19:11:11.661+0500] {processor.py:830} INFO - Processing file /home/abayturar/airflow-project/venv/lib/python3.12/site-packages/airflow/example_dags/tutorial_taskflow_api.py for tasks to queue
[2026-03-28T19:11:11.663+0500] {logging_mixin.py:188} INFO - [2026-03-28T19:11:11.663+0500] {dagbag.py:545} INFO - Filling up the DagBag from /home/abayturar/airflow-project/venv/lib/python3.12/site-packages/airflow/example_dags/tutorial_taskflow_api.py
[2026-03-28T19:11:11.670+0500] {processor.py:840} INFO - DAG(s) 'tutorial_taskflow_api' retrieved from /home/abayturar/airflow-project/venv/lib/python3.12/site-packages/airflow/example_dags/tutorial_taskflow_api.py
[2026-03-28T19:11:11.685+0500] {logging_mixin.py:188} INFO - [2026-03-28T19:11:11.685+0500] {dag.py:3089} INFO - Sync 1 DAGs
[2026-03-28T19:11:11.693+0500] {logging_mixin.py:188} INFO - [2026-03-28T19:11:11.693+0500] {dag.py:3947} INFO - Setting next_dagrun for tutorial_taskflow_api to None, run_after=None
[2026-03-28T19:11:11.720+0500] {processor.py:183} INFO - Processing /home/abayturar/airflow-project/venv/lib/python3.12/site-packages/airflow/example_dags/tutorial_taskflow_api.py took 0.066 seconds
[2026-03-28T19:11:59.354+0500] {processor.py:161} INFO - Started process (PID=26705) to work on /home/abayturar/airflow-project/venv/lib/python3.12/site-packages/airflow/example_dags/tutorial_taskflow_api.py
[2026-03-28T19:11:59.355+0500] {processor.py:830} INFO - Processing file /home/abayturar/airflow-project/venv/lib/python3.12/site-packages/airflow/example_dags/tutorial_taskflow_api.py for tasks to queue
[2026-03-28T19:11:59.357+0500] {logging_mixin.py:188} INFO - [2026-03-28T19:11:59.357+0500] {dagbag.py:545} INFO - Filling up the DagBag from /home/abayturar/airflow-project/venv/lib/python3.12/site-packages/airflow/example_dags/tutorial_taskflow_api.py
[2026-03-28T19:11:59.366+0500] {processor.py:840} INFO - DAG(s) 'tutorial_taskflow_api' retrieved from /home/abayturar/airflow-project/venv/lib/python3.12/site-packages/airflow/example_dags/tutorial_taskflow_api.py
[2026-03-28T19:11:59.384+0500] {logging_mixin.py:188} INFO - [2026-03-28T19:11:59.384+0500] {dag.py:3089} INFO - Sync 1 DAGs
[2026-03-28T19:11:59.396+0500] {logging_mixin.py:188} INFO - [2026-03-28T19:11:59.395+0500] {dag.py:3947} INFO - Setting next_dagrun for tutorial_taskflow_api to None, run_after=None
[2026-03-28T19:11:59.423+0500] {processor.py:183} INFO - Processing /home/abayturar/airflow-project/venv/lib/python3.12/site-packages/airflow/example_dags/tutorial_taskflow_api.py took 0.075 seconds
[2026-03-28T19:12:46.896+0500] {processor.py:161} INFO - Started process (PID=26831) to work on /home/abayturar/airflow-project/venv/lib/python3.12/site-packages/airflow/example_dags/tutorial_taskflow_api.py
[2026-03-28T19:12:46.898+0500] {processor.py:830} INFO - Processing file /home/abayturar/airflow-project/venv/lib/python3.12/site-packages/airflow/example_dags/tutorial_taskflow_api.py for tasks to queue
[2026-03-28T19:12:46.899+0500] {logging_mixin.py:188} INFO - [2026-03-28T19:12:46.899+0500] {dagbag.py:545} INFO - Filling up the DagBag from /home/abayturar/airflow-project/venv/lib/python3.12/site-packages/airflow/example_dags/tutorial_taskflow_api.py
[2026-03-28T19:12:46.907+0500] {processor.py:840} INFO - DAG(s) 'tutorial_taskflow_api' retrieved from /home/abayturar/airflow-project/venv/lib/python3.12/site-packages/airflow/example_dags/tutorial_taskflow_api.py
[2026-03-28T19:12:46.923+0500] {logging_mixin.py:188} INFO - [2026-03-28T19:12:46.923+0500] {dag.py:3089} INFO - Sync 1 DAGs
[2026-03-28T19:12:46.932+0500] {logging_mixin.py:188} INFO - [2026-03-28T19:12:46.932+0500] {dag.py:3947} INFO - Setting next_dagrun for tutorial_taskflow_api to None, run_after=None
[2026-03-28T19:12:46.962+0500] {processor.py:183} INFO - Processing /home/abayturar/airflow-project/venv/lib/python3.12/site-packages/airflow/example_dags/tutorial_taskflow_api.py took 0.072 seconds
[2026-03-28T19:13:34.689+0500] {processor.py:161} INFO - Started process (PID=26958) to work on /home/abayturar/airflow-project/venv/lib/python3.12/site-packages/airflow/example_dags/tutorial_taskflow_api.py
[2026-03-28T19:13:34.690+0500] {processor.py:830} INFO - Processing file /home/abayturar/airflow-project/venv/lib/python3.12/site-packages/airflow/example_dags/tutorial_taskflow_api.py for tasks to queue
[2026-03-28T19:13:34.692+0500] {logging_mixin.py:188} INFO - [2026-03-28T19:13:34.691+0500] {dagbag.py:545} INFO - Filling up the DagBag from /home/abayturar/airflow-project/venv/lib/python3.12/site-packages/airflow/example_dags/tutorial_taskflow_api.py
[2026-03-28T19:13:34.699+0500] {processor.py:840} INFO - DAG(s) 'tutorial_taskflow_api' retrieved from /home/abayturar/airflow-project/venv/lib/python3.12/site-packages/airflow/example_dags/tutorial_taskflow_api.py
[2026-03-28T19:13:34.714+0500] {logging_mixin.py:188} INFO - [2026-03-28T19:13:34.714+0500] {dag.py:3089} INFO - Sync 1 DAGs
[2026-03-28T19:13:34.724+0500] {logging_mixin.py:188} INFO - [2026-03-28T19:13:34.724+0500] {dag.py:3947} INFO - Setting next_dagrun for tutorial_taskflow_api to None, run_after=None
[2026-03-28T19:13:34.753+0500] {processor.py:183} INFO - Processing /home/abayturar/airflow-project/venv/lib/python3.12/site-packages/airflow/example_dags/tutorial_taskflow_api.py took 0.070 seconds
[2026-03-28T19:14:21.279+0500] {processor.py:161} INFO - Started process (PID=27086) to work on /home/abayturar/airflow-project/venv/lib/python3.12/site-packages/airflow/example_dags/tutorial_taskflow_api.py
[2026-03-28T19:14:21.280+0500] {processor.py:830} INFO - Processing file /home/abayturar/airflow-project/venv/lib/python3.12/site-packages/airflow/example_dags/tutorial_taskflow_api.py for tasks to queue
[2026-03-28T19:14:21.282+0500] {logging_mixin.py:188} INFO - [2026-03-28T19:14:21.282+0500] {dagbag.py:545} INFO - Filling up the DagBag from /home/abayturar/airflow-project/venv/lib/python3.12/site-packages/airflow/example_dags/tutorial_taskflow_api.py
[2026-03-28T19:14:21.289+0500] {processor.py:840} INFO - DAG(s) 'tutorial_taskflow_api' retrieved from /home/abayturar/airflow-project/venv/lib/python3.12/site-packages/airflow/example_dags/tutorial_taskflow_api.py
[2026-03-28T19:14:21.305+0500] {logging_mixin.py:188} INFO - [2026-03-28T19:14:21.304+0500] {dag.py:3089} INFO - Sync 1 DAGs
[2026-03-28T19:14:21.314+0500] {logging_mixin.py:188} INFO - [2026-03-28T19:14:21.314+0500] {dag.py:3947} INFO - Setting next_dagrun for tutorial_taskflow_api to None, run_after=None
[2026-03-28T19:14:21.348+0500] {processor.py:183} INFO - Processing /home/abayturar/airflow-project/venv/lib/python3.12/site-packages/airflow/example_dags/tutorial_taskflow_api.py took 0.077 seconds
[2026-03-28T19:15:09.150+0500] {processor.py:161} INFO - Started process (PID=27214) to work on /home/abayturar/airflow-project/venv/lib/python3.12/site-packages/airflow/example_dags/tutorial_taskflow_api.py
[2026-03-28T19:15:09.151+0500] {processor.py:830} INFO - Processing file /home/abayturar/airflow-project/venv/lib/python3.12/site-packages/airflow/example_dags/tutorial_taskflow_api.py for tasks to queue
[2026-03-28T19:15:09.153+0500] {logging_mixin.py:188} INFO - [2026-03-28T19:15:09.152+0500] {dagbag.py:545} INFO - Filling up the DagBag from /home/abayturar/airflow-project/venv/lib/python3.12/site-packages/airflow/example_dags/tutorial_taskflow_api.py
[2026-03-28T19:15:09.159+0500] {processor.py:840} INFO - DAG(s) 'tutorial_taskflow_api' retrieved from /home/abayturar/airflow-project/venv/lib/python3.12/site-packages/airflow/example_dags/tutorial_taskflow_api.py
[2026-03-28T19:15:09.174+0500] {logging_mixin.py:188} INFO - [2026-03-28T19:15:09.174+0500] {dag.py:3089} INFO - Sync 1 DAGs
[2026-03-28T19:15:09.182+0500] {logging_mixin.py:188} INFO - [2026-03-28T19:15:09.182+0500] {dag.py:3947} INFO - Setting next_dagrun for tutorial_taskflow_api to None, run_after=None
[2026-03-28T19:15:09.210+0500] {processor.py:183} INFO - Processing /home/abayturar/airflow-project/venv/lib/python3.12/site-packages/airflow/example_dags/tutorial_taskflow_api.py took 0.066 seconds
[2026-03-28T19:15:52.710+0500] {processor.py:161} INFO - Started process (PID=27331) to work on /home/abayturar/airflow-project/venv/lib/python3.12/site-packages/airflow/example_dags/tutorial_taskflow_api.py
[2026-03-28T19:15:52.711+0500] {processor.py:830} INFO - Processing file /home/abayturar/airflow-project/venv/lib/python3.12/site-packages/airflow/example_dags/tutorial_taskflow_api.py for tasks to queue
[2026-03-28T19:15:52.713+0500] {logging_mixin.py:188} INFO - [2026-03-28T19:15:52.712+0500] {dagbag.py:545} INFO - Filling up the DagBag from /home/abayturar/airflow-project/venv/lib/python3.12/site-packages/airflow/example_dags/tutorial_taskflow_api.py
[2026-03-28T19:15:52.719+0500] {processor.py:840} INFO - DAG(s) 'tutorial_taskflow_api' retrieved from /home/abayturar/airflow-project/venv/lib/python3.12/site-packages/airflow/example_dags/tutorial_taskflow_api.py
[2026-03-28T19:15:52.735+0500] {logging_mixin.py:188} INFO - [2026-03-28T19:15:52.734+0500] {dag.py:3089} INFO - Sync 1 DAGs
[2026-03-28T19:15:52.744+0500] {logging_mixin.py:188} INFO - [2026-03-28T19:15:52.744+0500] {dag.py:3947} INFO - Setting next_dagrun for tutorial_taskflow_api to None, run_after=None
[2026-03-28T19:15:52.771+0500] {processor.py:183} INFO - Processing /home/abayturar/airflow-project/venv/lib/python3.12/site-packages/airflow/example_dags/tutorial_taskflow_api.py took 0.067 seconds
[2026-03-28T19:16:40.388+0500] {processor.py:161} INFO - Started process (PID=27458) to work on /home/abayturar/airflow-project/venv/lib/python3.12/site-packages/airflow/example_dags/tutorial_taskflow_api.py
[2026-03-28T19:16:40.389+0500] {processor.py:830} INFO - Processing file /home/abayturar/airflow-project/venv/lib/python3.12/site-packages/airflow/example_dags/tutorial_taskflow_api.py for tasks to queue
[2026-03-28T19:16:40.391+0500] {logging_mixin.py:188} INFO - [2026-03-28T19:16:40.390+0500] {dagbag.py:545} INFO - Filling up the DagBag from /home/abayturar/airflow-project/venv/lib/python3.12/site-packages/airflow/example_dags/tutorial_taskflow_api.py
[2026-03-28T19:16:40.398+0500] {processor.py:840} INFO - DAG(s) 'tutorial_taskflow_api' retrieved from /home/abayturar/airflow-project/venv/lib/python3.12/site-packages/airflow/example_dags/tutorial_taskflow_api.py
[2026-03-28T19:16:40.416+0500] {logging_mixin.py:188} INFO - [2026-03-28T19:16:40.416+0500] {dag.py:3089} INFO - Sync 1 DAGs
[2026-03-28T19:16:40.426+0500] {logging_mixin.py:188} INFO - [2026-03-28T19:16:40.425+0500] {dag.py:3947} INFO - Setting next_dagrun for tutorial_taskflow_api to None, run_after=None
[2026-03-28T19:16:40.453+0500] {processor.py:183} INFO - Processing /home/abayturar/airflow-project/venv/lib/python3.12/site-packages/airflow/example_dags/tutorial_taskflow_api.py took 0.071 seconds
[2026-03-28T19:17:27.073+0500] {processor.py:161} INFO - Started process (PID=27584) to work on /home/abayturar/airflow-project/venv/lib/python3.12/site-packages/airflow/example_dags/tutorial_taskflow_api.py
[2026-03-28T19:17:27.074+0500] {processor.py:830} INFO - Processing file /home/abayturar/airflow-project/venv/lib/python3.12/site-packages/airflow/example_dags/tutorial_taskflow_api.py for tasks to queue
[2026-03-28T19:17:27.076+0500] {logging_mixin.py:188} INFO - [2026-03-28T19:17:27.076+0500] {dagbag.py:545} INFO - Filling up the DagBag from /home/abayturar/airflow-project/venv/lib/python3.12/site-packages/airflow/example_dags/tutorial_taskflow_api.py
[2026-03-28T19:17:27.083+0500] {processor.py:840} INFO - DAG(s) 'tutorial_taskflow_api' retrieved from /home/abayturar/airflow-project/venv/lib/python3.12/site-packages/airflow/example_dags/tutorial_taskflow_api.py
[2026-03-28T19:17:27.099+0500] {logging_mixin.py:188} INFO - [2026-03-28T19:17:27.099+0500] {dag.py:3089} INFO - Sync 1 DAGs
[2026-03-28T19:17:27.108+0500] {logging_mixin.py:188} INFO - [2026-03-28T19:17:27.108+0500] {dag.py:3947} INFO - Setting next_dagrun for tutorial_taskflow_api to None, run_after=None
[2026-03-28T19:17:27.126+0500] {processor.py:183} INFO - Processing /home/abayturar/airflow-project/venv/lib/python3.12/site-packages/airflow/example_dags/tutorial_taskflow_api.py took 0.059 seconds
[2026-03-28T19:18:12.370+0500] {processor.py:161} INFO - Started process (PID=27708) to work on /home/abayturar/airflow-project/venv/lib/python3.12/site-packages/airflow/example_dags/tutorial_taskflow_api.py
[2026-03-28T19:18:12.371+0500] {processor.py:830} INFO - Processing file /home/abayturar/airflow-project/venv/lib/python3.12/site-packages/airflow/example_dags/tutorial_taskflow_api.py for tasks to queue
[2026-03-28T19:18:12.373+0500] {logging_mixin.py:188} INFO - [2026-03-28T19:18:12.373+0500] {dagbag.py:545} INFO - Filling up the DagBag from /home/abayturar/airflow-project/venv/lib/python3.12/site-packages/airflow/example_dags/tutorial_taskflow_api.py
[2026-03-28T19:18:12.381+0500] {processor.py:840} INFO - DAG(s) 'tutorial_taskflow_api' retrieved from /home/abayturar/airflow-project/venv/lib/python3.12/site-packages/airflow/example_dags/tutorial_taskflow_api.py
[2026-03-28T19:18:12.397+0500] {logging_mixin.py:188} INFO - [2026-03-28T19:18:12.397+0500] {dag.py:3089} INFO - Sync 1 DAGs
[2026-03-28T19:18:12.407+0500] {logging_mixin.py:188} INFO - [2026-03-28T19:18:12.407+0500] {dag.py:3947} INFO - Setting next_dagrun for tutorial_taskflow_api to None, run_after=None
[2026-03-28T19:18:12.435+0500] {processor.py:183} INFO - Processing /home/abayturar/airflow-project/venv/lib/python3.12/site-packages/airflow/example_dags/tutorial_taskflow_api.py took 0.072 seconds
[2026-03-28T19:18:54.970+0500] {processor.py:161} INFO - Started process (PID=27823) to work on /home/abayturar/airflow-project/venv/lib/python3.12/site-packages/airflow/example_dags/tutorial_taskflow_api.py
[2026-03-28T19:18:54.971+0500] {processor.py:830} INFO - Processing file /home/abayturar/airflow-project/venv/lib/python3.12/site-packages/airflow/example_dags/tutorial_taskflow_api.py for tasks to queue
[2026-03-28T19:18:54.972+0500] {logging_mixin.py:188} INFO - [2026-03-28T19:18:54.972+0500] {dagbag.py:545} INFO - Filling up the DagBag from /home/abayturar/airflow-project/venv/lib/python3.12/site-packages/airflow/example_dags/tutorial_taskflow_api.py
[2026-03-28T19:18:54.979+0500] {processor.py:840} INFO - DAG(s) 'tutorial_taskflow_api' retrieved from /home/abayturar/airflow-project/venv/lib/python3.12/site-packages/airflow/example_dags/tutorial_taskflow_api.py
[2026-03-28T19:18:54.994+0500] {logging_mixin.py:188} INFO - [2026-03-28T19:18:54.994+0500] {dag.py:3089} INFO - Sync 1 DAGs
[2026-03-28T19:18:55.004+0500] {logging_mixin.py:188} INFO - [2026-03-28T19:18:55.003+0500] {dag.py:3947} INFO - Setting next_dagrun for tutorial_taskflow_api to None, run_after=None
[2026-03-28T19:18:55.031+0500] {processor.py:183} INFO - Processing /home/abayturar/airflow-project/venv/lib/python3.12/site-packages/airflow/example_dags/tutorial_taskflow_api.py took 0.067 seconds
[2026-03-28T19:19:42.726+0500] {processor.py:161} INFO - Started process (PID=27952) to work on /home/abayturar/airflow-project/venv/lib/python3.12/site-packages/airflow/example_dags/tutorial_taskflow_api.py
[2026-03-28T19:19:42.727+0500] {processor.py:830} INFO - Processing file /home/abayturar/airflow-project/venv/lib/python3.12/site-packages/airflow/example_dags/tutorial_taskflow_api.py for tasks to queue
[2026-03-28T19:19:42.729+0500] {logging_mixin.py:188} INFO - [2026-03-28T19:19:42.729+0500] {dagbag.py:545} INFO - Filling up the DagBag from /home/abayturar/airflow-project/venv/lib/python3.12/site-packages/airflow/example_dags/tutorial_taskflow_api.py
[2026-03-28T19:19:42.736+0500] {processor.py:840} INFO - DAG(s) 'tutorial_taskflow_api' retrieved from /home/abayturar/airflow-project/venv/lib/python3.12/site-packages/airflow/example_dags/tutorial_taskflow_api.py
[2026-03-28T19:19:42.752+0500] {logging_mixin.py:188} INFO - [2026-03-28T19:19:42.751+0500] {dag.py:3089} INFO - Sync 1 DAGs
[2026-03-28T19:19:42.761+0500] {logging_mixin.py:188} INFO - [2026-03-28T19:19:42.761+0500] {dag.py:3947} INFO - Setting next_dagrun for tutorial_taskflow_api to None, run_after=None
[2026-03-28T19:19:42.788+0500] {processor.py:183} INFO - Processing /home/abayturar/airflow-project/venv/lib/python3.12/site-packages/airflow/example_dags/tutorial_taskflow_api.py took 0.068 seconds
[2026-03-28T19:20:29.033+0500] {processor.py:161} INFO - Started process (PID=28075) to work on /home/abayturar/airflow-project/venv/lib/python3.12/site-packages/airflow/example_dags/tutorial_taskflow_api.py
[2026-03-28T19:20:29.034+0500] {processor.py:830} INFO - Processing file /home/abayturar/airflow-project/venv/lib/python3.12/site-packages/airflow/example_dags/tutorial_taskflow_api.py for tasks to queue
[2026-03-28T19:20:29.036+0500] {logging_mixin.py:188} INFO - [2026-03-28T19:20:29.036+0500] {dagbag.py:545} INFO - Filling up the DagBag from /home/abayturar/airflow-project/venv/lib/python3.12/site-packages/airflow/example_dags/tutorial_taskflow_api.py
[2026-03-28T19:20:29.043+0500] {processor.py:840} INFO - DAG(s) 'tutorial_taskflow_api' retrieved from /home/abayturar/airflow-project/venv/lib/python3.12/site-packages/airflow/example_dags/tutorial_taskflow_api.py
[2026-03-28T19:20:29.059+0500] {logging_mixin.py:188} INFO - [2026-03-28T19:20:29.059+0500] {dag.py:3089} INFO - Sync 1 DAGs
[2026-03-28T19:20:29.068+0500] {logging_mixin.py:188} INFO - [2026-03-28T19:20:29.068+0500] {dag.py:3947} INFO - Setting next_dagrun for tutorial_taskflow_api to None, run_after=None
[2026-03-28T19:20:29.096+0500] {processor.py:183} INFO - Processing /home/abayturar/airflow-project/venv/lib/python3.12/site-packages/airflow/example_dags/tutorial_taskflow_api.py took 0.069 seconds
[2026-03-28T19:21:14.574+0500] {processor.py:161} INFO - Started process (PID=28198) to work on /home/abayturar/airflow-project/venv/lib/python3.12/site-packages/airflow/example_dags/tutorial_taskflow_api.py
[2026-03-28T19:21:14.575+0500] {processor.py:830} INFO - Processing file /home/abayturar/airflow-project/venv/lib/python3.12/site-packages/airflow/example_dags/tutorial_taskflow_api.py for tasks to queue
[2026-03-28T19:21:14.576+0500] {logging_mixin.py:188} INFO - [2026-03-28T19:21:14.576+0500] {dagbag.py:545} INFO - Filling up the DagBag from /home/abayturar/airflow-project/venv/lib/python3.12/site-packages/airflow/example_dags/tutorial_taskflow_api.py
[2026-03-28T19:21:14.584+0500] {processor.py:840} INFO - DAG(s) 'tutorial_taskflow_api' retrieved from /home/abayturar/airflow-project/venv/lib/python3.12/site-packages/airflow/example_dags/tutorial_taskflow_api.py
[2026-03-28T19:21:14.601+0500] {logging_mixin.py:188} INFO - [2026-03-28T19:21:14.600+0500] {dag.py:3089} INFO - Sync 1 DAGs
[2026-03-28T19:21:14.611+0500] {logging_mixin.py:188} INFO - [2026-03-28T19:21:14.611+0500] {dag.py:3947} INFO - Setting next_dagrun for tutorial_taskflow_api to None, run_after=None
[2026-03-28T19:21:14.630+0500] {processor.py:183} INFO - Processing /home/abayturar/airflow-project/venv/lib/python3.12/site-packages/airflow/example_dags/tutorial_taskflow_api.py took 0.063 seconds
[2026-03-28T19:21:58.889+0500] {processor.py:161} INFO - Started process (PID=28356) to work on /home/abayturar/airflow-project/venv/lib/python3.12/site-packages/airflow/example_dags/tutorial_taskflow_api.py
[2026-03-28T19:21:58.890+0500] {processor.py:830} INFO - Processing file /home/abayturar/airflow-project/venv/lib/python3.12/site-packages/airflow/example_dags/tutorial_taskflow_api.py for tasks to queue
[2026-03-28T19:21:58.892+0500] {logging_mixin.py:188} INFO - [2026-03-28T19:21:58.891+0500] {dagbag.py:545} INFO - Filling up the DagBag from /home/abayturar/airflow-project/venv/lib/python3.12/site-packages/airflow/example_dags/tutorial_taskflow_api.py
[2026-03-28T19:21:58.900+0500] {processor.py:840} INFO - DAG(s) 'tutorial_taskflow_api' retrieved from /home/abayturar/airflow-project/venv/lib/python3.12/site-packages/airflow/example_dags/tutorial_taskflow_api.py
[2026-03-28T19:21:58.915+0500] {logging_mixin.py:188} INFO - [2026-03-28T19:21:58.915+0500] {dag.py:3089} INFO - Sync 1 DAGs
[2026-03-28T19:21:58.925+0500] {logging_mixin.py:188} INFO - [2026-03-28T19:21:58.924+0500] {dag.py:3947} INFO - Setting next_dagrun for tutorial_taskflow_api to None, run_after=None
[2026-03-28T19:21:58.951+0500] {processor.py:183} INFO - Processing /home/abayturar/airflow-project/venv/lib/python3.12/site-packages/airflow/example_dags/tutorial_taskflow_api.py took 0.068 seconds
[2026-03-28T19:22:41.511+0500] {processor.py:161} INFO - Started process (PID=28473) to work on /home/abayturar/airflow-project/venv/lib/python3.12/site-packages/airflow/example_dags/tutorial_taskflow_api.py
[2026-03-28T19:22:41.512+0500] {processor.py:830} INFO - Processing file /home/abayturar/airflow-project/venv/lib/python3.12/site-packages/airflow/example_dags/tutorial_taskflow_api.py for tasks to queue
[2026-03-28T19:22:41.514+0500] {logging_mixin.py:188} INFO - [2026-03-28T19:22:41.513+0500] {dagbag.py:545} INFO - Filling up the DagBag from /home/abayturar/airflow-project/venv/lib/python3.12/site-packages/airflow/example_dags/tutorial_taskflow_api.py
[2026-03-28T19:22:41.521+0500] {processor.py:840} INFO - DAG(s) 'tutorial_taskflow_api' retrieved from /home/abayturar/airflow-project/venv/lib/python3.12/site-packages/airflow/example_dags/tutorial_taskflow_api.py
[2026-03-28T19:22:41.540+0500] {logging_mixin.py:188} INFO - [2026-03-28T19:22:41.539+0500] {dag.py:3089} INFO - Sync 1 DAGs
[2026-03-28T19:22:41.550+0500] {logging_mixin.py:188} INFO - [2026-03-28T19:22:41.549+0500] {dag.py:3947} INFO - Setting next_dagrun for tutorial_taskflow_api to None, run_after=None
[2026-03-28T19:22:41.578+0500] {processor.py:183} INFO - Processing /home/abayturar/airflow-project/venv/lib/python3.12/site-packages/airflow/example_dags/tutorial_taskflow_api.py took 0.073 seconds
[2026-03-28T19:23:27.811+0500] {processor.py:161} INFO - Started process (PID=28597) to work on /home/abayturar/airflow-project/venv/lib/python3.12/site-packages/airflow/example_dags/tutorial_taskflow_api.py
[2026-03-28T19:23:27.812+0500] {processor.py:830} INFO - Processing file /home/abayturar/airflow-project/venv/lib/python3.12/site-packages/airflow/example_dags/tutorial_taskflow_api.py for tasks to queue
[2026-03-28T19:23:27.814+0500] {logging_mixin.py:188} INFO - [2026-03-28T19:23:27.814+0500] {dagbag.py:545} INFO - Filling up the DagBag from /home/abayturar/airflow-project/venv/lib/python3.12/site-packages/airflow/example_dags/tutorial_taskflow_api.py
[2026-03-28T19:23:27.823+0500] {processor.py:840} INFO - DAG(s) 'tutorial_taskflow_api' retrieved from /home/abayturar/airflow-project/venv/lib/python3.12/site-packages/airflow/example_dags/tutorial_taskflow_api.py
[2026-03-28T19:23:27.841+0500] {logging_mixin.py:188} INFO - [2026-03-28T19:23:27.840+0500] {dag.py:3089} INFO - Sync 1 DAGs
[2026-03-28T19:23:27.853+0500] {logging_mixin.py:188} INFO - [2026-03-28T19:23:27.853+0500] {dag.py:3947} INFO - Setting next_dagrun for tutorial_taskflow_api to None, run_after=None
[2026-03-28T19:23:27.883+0500] {processor.py:183} INFO - Processing /home/abayturar/airflow-project/venv/lib/python3.12/site-packages/airflow/example_dags/tutorial_taskflow_api.py took 0.079 seconds
[2026-03-28T19:24:14.562+0500] {processor.py:161} INFO - Started process (PID=28724) to work on /home/abayturar/airflow-project/venv/lib/python3.12/site-packages/airflow/example_dags/tutorial_taskflow_api.py
[2026-03-28T19:24:14.563+0500] {processor.py:830} INFO - Processing file /home/abayturar/airflow-project/venv/lib/python3.12/site-packages/airflow/example_dags/tutorial_taskflow_api.py for tasks to queue
[2026-03-28T19:24:14.565+0500] {logging_mixin.py:188} INFO - [2026-03-28T19:24:14.565+0500] {dagbag.py:545} INFO - Filling up the DagBag from /home/abayturar/airflow-project/venv/lib/python3.12/site-packages/airflow/example_dags/tutorial_taskflow_api.py
[2026-03-28T19:24:14.575+0500] {processor.py:840} INFO - DAG(s) 'tutorial_taskflow_api' retrieved from /home/abayturar/airflow-project/venv/lib/python3.12/site-packages/airflow/example_dags/tutorial_taskflow_api.py
[2026-03-28T19:24:14.594+0500] {logging_mixin.py:188} INFO - [2026-03-28T19:24:14.593+0500] {dag.py:3089} INFO - Sync 1 DAGs
[2026-03-28T19:24:14.604+0500] {logging_mixin.py:188} INFO - [2026-03-28T19:24:14.603+0500] {dag.py:3947} INFO - Setting next_dagrun for tutorial_taskflow_api to None, run_after=None
[2026-03-28T19:24:14.633+0500] {processor.py:183} INFO - Processing /home/abayturar/airflow-project/venv/lib/python3.12/site-packages/airflow/example_dags/tutorial_taskflow_api.py took 0.078 seconds
[2026-03-28T19:25:01.533+0500] {processor.py:161} INFO - Started process (PID=28850) to work on /home/abayturar/airflow-project/venv/lib/python3.12/site-packages/airflow/example_dags/tutorial_taskflow_api.py
[2026-03-28T19:25:01.534+0500] {processor.py:830} INFO - Processing file /home/abayturar/airflow-project/venv/lib/python3.12/site-packages/airflow/example_dags/tutorial_taskflow_api.py for tasks to queue
[2026-03-28T19:25:01.537+0500] {logging_mixin.py:188} INFO - [2026-03-28T19:25:01.536+0500] {dagbag.py:545} INFO - Filling up the DagBag from /home/abayturar/airflow-project/venv/lib/python3.12/site-packages/airflow/example_dags/tutorial_taskflow_api.py
[2026-03-28T19:25:01.549+0500] {processor.py:840} INFO - DAG(s) 'tutorial_taskflow_api' retrieved from /home/abayturar/airflow-project/venv/lib/python3.12/site-packages/airflow/example_dags/tutorial_taskflow_api.py
[2026-03-28T19:25:01.572+0500] {logging_mixin.py:188} INFO - [2026-03-28T19:25:01.571+0500] {dag.py:3089} INFO - Sync 1 DAGs
[2026-03-28T19:25:01.583+0500] {logging_mixin.py:188} INFO - [2026-03-28T19:25:01.582+0500] {dag.py:3947} INFO - Setting next_dagrun for tutorial_taskflow_api to None, run_after=None
[2026-03-28T19:25:01.615+0500] {processor.py:183} INFO - Processing /home/abayturar/airflow-project/venv/lib/python3.12/site-packages/airflow/example_dags/tutorial_taskflow_api.py took 0.092 seconds
[2026-03-28T19:25:46.639+0500] {processor.py:161} INFO - Started process (PID=28973) to work on /home/abayturar/airflow-project/venv/lib/python3.12/site-packages/airflow/example_dags/tutorial_taskflow_api.py
[2026-03-28T19:25:46.640+0500] {processor.py:830} INFO - Processing file /home/abayturar/airflow-project/venv/lib/python3.12/site-packages/airflow/example_dags/tutorial_taskflow_api.py for tasks to queue
[2026-03-28T19:25:46.642+0500] {logging_mixin.py:188} INFO - [2026-03-28T19:25:46.642+0500] {dagbag.py:545} INFO - Filling up the DagBag from /home/abayturar/airflow-project/venv/lib/python3.12/site-packages/airflow/example_dags/tutorial_taskflow_api.py
[2026-03-28T19:25:46.651+0500] {processor.py:840} INFO - DAG(s) 'tutorial_taskflow_api' retrieved from /home/abayturar/airflow-project/venv/lib/python3.12/site-packages/airflow/example_dags/tutorial_taskflow_api.py
[2026-03-28T19:25:46.670+0500] {logging_mixin.py:188} INFO - [2026-03-28T19:25:46.670+0500] {dag.py:3089} INFO - Sync 1 DAGs
[2026-03-28T19:25:46.682+0500] {logging_mixin.py:188} INFO - [2026-03-28T19:25:46.682+0500] {dag.py:3947} INFO - Setting next_dagrun for tutorial_taskflow_api to None, run_after=None
[2026-03-28T19:25:46.701+0500] {processor.py:183} INFO - Processing /home/abayturar/airflow-project/venv/lib/python3.12/site-packages/airflow/example_dags/tutorial_taskflow_api.py took 0.069 seconds
[2026-03-28T19:26:31.978+0500] {processor.py:161} INFO - Started process (PID=29096) to work on /home/abayturar/airflow-project/venv/lib/python3.12/site-packages/airflow/example_dags/tutorial_taskflow_api.py
[2026-03-28T19:26:31.979+0500] {processor.py:830} INFO - Processing file /home/abayturar/airflow-project/venv/lib/python3.12/site-packages/airflow/example_dags/tutorial_taskflow_api.py for tasks to queue
[2026-03-28T19:26:31.981+0500] {logging_mixin.py:188} INFO - [2026-03-28T19:26:31.981+0500] {dagbag.py:545} INFO - Filling up the DagBag from /home/abayturar/airflow-project/venv/lib/python3.12/site-packages/airflow/example_dags/tutorial_taskflow_api.py
[2026-03-28T19:26:31.990+0500] {processor.py:840} INFO - DAG(s) 'tutorial_taskflow_api' retrieved from /home/abayturar/airflow-project/venv/lib/python3.12/site-packages/airflow/example_dags/tutorial_taskflow_api.py
[2026-03-28T19:26:32.012+0500] {logging_mixin.py:188} INFO - [2026-03-28T19:26:32.012+0500] {dag.py:3089} INFO - Sync 1 DAGs
[2026-03-28T19:26:32.023+0500] {logging_mixin.py:188} INFO - [2026-03-28T19:26:32.023+0500] {dag.py:3947} INFO - Setting next_dagrun for tutorial_taskflow_api to None, run_after=None
[2026-03-28T19:26:32.055+0500] {processor.py:183} INFO - Processing /home/abayturar/airflow-project/venv/lib/python3.12/site-packages/airflow/example_dags/tutorial_taskflow_api.py took 0.084 seconds
[2026-03-28T19:27:19.961+0500] {processor.py:161} INFO - Started process (PID=29224) to work on /home/abayturar/airflow-project/venv/lib/python3.12/site-packages/airflow/example_dags/tutorial_taskflow_api.py
[2026-03-28T19:27:19.962+0500] {processor.py:830} INFO - Processing file /home/abayturar/airflow-project/venv/lib/python3.12/site-packages/airflow/example_dags/tutorial_taskflow_api.py for tasks to queue
[2026-03-28T19:27:19.963+0500] {logging_mixin.py:188} INFO - [2026-03-28T19:27:19.963+0500] {dagbag.py:545} INFO - Filling up the DagBag from /home/abayturar/airflow-project/venv/lib/python3.12/site-packages/airflow/example_dags/tutorial_taskflow_api.py
[2026-03-28T19:27:19.971+0500] {processor.py:840} INFO - DAG(s) 'tutorial_taskflow_api' retrieved from /home/abayturar/airflow-project/venv/lib/python3.12/site-packages/airflow/example_dags/tutorial_taskflow_api.py
[2026-03-28T19:27:19.987+0500] {logging_mixin.py:188} INFO - [2026-03-28T19:27:19.987+0500] {dag.py:3089} INFO - Sync 1 DAGs
[2026-03-28T19:27:19.997+0500] {logging_mixin.py:188} INFO - [2026-03-28T19:27:19.997+0500] {dag.py:3947} INFO - Setting next_dagrun for tutorial_taskflow_api to None, run_after=None
[2026-03-28T19:27:20.013+0500] {processor.py:183} INFO - Processing /home/abayturar/airflow-project/venv/lib/python3.12/site-packages/airflow/example_dags/tutorial_taskflow_api.py took 0.059 seconds
[2026-03-28T19:28:08.392+0500] {processor.py:161} INFO - Started process (PID=29354) to work on /home/abayturar/airflow-project/venv/lib/python3.12/site-packages/airflow/example_dags/tutorial_taskflow_api.py
[2026-03-28T19:28:08.392+0500] {processor.py:830} INFO - Processing file /home/abayturar/airflow-project/venv/lib/python3.12/site-packages/airflow/example_dags/tutorial_taskflow_api.py for tasks to queue
[2026-03-28T19:28:08.394+0500] {logging_mixin.py:188} INFO - [2026-03-28T19:28:08.394+0500] {dagbag.py:545} INFO - Filling up the DagBag from /home/abayturar/airflow-project/venv/lib/python3.12/site-packages/airflow/example_dags/tutorial_taskflow_api.py
[2026-03-28T19:28:08.401+0500] {processor.py:840} INFO - DAG(s) 'tutorial_taskflow_api' retrieved from /home/abayturar/airflow-project/venv/lib/python3.12/site-packages/airflow/example_dags/tutorial_taskflow_api.py
[2026-03-28T19:28:08.416+0500] {logging_mixin.py:188} INFO - [2026-03-28T19:28:08.415+0500] {dag.py:3089} INFO - Sync 1 DAGs
[2026-03-28T19:28:08.424+0500] {logging_mixin.py:188} INFO - [2026-03-28T19:28:08.424+0500] {dag.py:3947} INFO - Setting next_dagrun for tutorial_taskflow_api to None, run_after=None
[2026-03-28T19:28:08.440+0500] {processor.py:183} INFO - Processing /home/abayturar/airflow-project/venv/lib/python3.12/site-packages/airflow/example_dags/tutorial_taskflow_api.py took 0.054 seconds
[2026-03-28T19:28:57.263+0500] {processor.py:161} INFO - Started process (PID=29481) to work on /home/abayturar/airflow-project/venv/lib/python3.12/site-packages/airflow/example_dags/tutorial_taskflow_api.py
[2026-03-28T19:28:57.264+0500] {processor.py:830} INFO - Processing file /home/abayturar/airflow-project/venv/lib/python3.12/site-packages/airflow/example_dags/tutorial_taskflow_api.py for tasks to queue
[2026-03-28T19:28:57.265+0500] {logging_mixin.py:188} INFO - [2026-03-28T19:28:57.265+0500] {dagbag.py:545} INFO - Filling up the DagBag from /home/abayturar/airflow-project/venv/lib/python3.12/site-packages/airflow/example_dags/tutorial_taskflow_api.py
[2026-03-28T19:28:57.273+0500] {processor.py:840} INFO - DAG(s) 'tutorial_taskflow_api' retrieved from /home/abayturar/airflow-project/venv/lib/python3.12/site-packages/airflow/example_dags/tutorial_taskflow_api.py
[2026-03-28T19:28:57.290+0500] {logging_mixin.py:188} INFO - [2026-03-28T19:28:57.290+0500] {dag.py:3089} INFO - Sync 1 DAGs
[2026-03-28T19:28:57.300+0500] {logging_mixin.py:188} INFO - [2026-03-28T19:28:57.300+0500] {dag.py:3947} INFO - Setting next_dagrun for tutorial_taskflow_api to None, run_after=None
[2026-03-28T19:28:57.327+0500] {processor.py:183} INFO - Processing /home/abayturar/airflow-project/venv/lib/python3.12/site-packages/airflow/example_dags/tutorial_taskflow_api.py took 0.071 seconds
[2026-03-28T19:29:43.301+0500] {processor.py:161} INFO - Started process (PID=29678) to work on /home/abayturar/airflow-project/venv/lib/python3.12/site-packages/airflow/example_dags/tutorial_taskflow_api.py
[2026-03-28T19:29:43.302+0500] {processor.py:830} INFO - Processing file /home/abayturar/airflow-project/venv/lib/python3.12/site-packages/airflow/example_dags/tutorial_taskflow_api.py for tasks to queue
[2026-03-28T19:29:43.304+0500] {logging_mixin.py:188} INFO - [2026-03-28T19:29:43.303+0500] {dagbag.py:545} INFO - Filling up the DagBag from /home/abayturar/airflow-project/venv/lib/python3.12/site-packages/airflow/example_dags/tutorial_taskflow_api.py
[2026-03-28T19:29:43.310+0500] {processor.py:840} INFO - DAG(s) 'tutorial_taskflow_api' retrieved from /home/abayturar/airflow-project/venv/lib/python3.12/site-packages/airflow/example_dags/tutorial_taskflow_api.py
[2026-03-28T19:29:43.325+0500] {logging_mixin.py:188} INFO - [2026-03-28T19:29:43.325+0500] {dag.py:3089} INFO - Sync 1 DAGs
[2026-03-28T19:29:43.334+0500] {logging_mixin.py:188} INFO - [2026-03-28T19:29:43.333+0500] {dag.py:3947} INFO - Setting next_dagrun for tutorial_taskflow_api to None, run_after=None
[2026-03-28T19:29:43.349+0500] {processor.py:183} INFO - Processing /home/abayturar/airflow-project/venv/lib/python3.12/site-packages/airflow/example_dags/tutorial_taskflow_api.py took 0.053 seconds
[2026-03-28T19:30:40.988+0500] {processor.py:161} INFO - Started process (PID=29850) to work on /home/abayturar/airflow-project/venv/lib/python3.12/site-packages/airflow/example_dags/tutorial_taskflow_api.py
[2026-03-28T19:30:40.989+0500] {processor.py:830} INFO - Processing file /home/abayturar/airflow-project/venv/lib/python3.12/site-packages/airflow/example_dags/tutorial_taskflow_api.py for tasks to queue
[2026-03-28T19:30:40.991+0500] {logging_mixin.py:188} INFO - [2026-03-28T19:30:40.991+0500] {dagbag.py:545} INFO - Filling up the DagBag from /home/abayturar/airflow-project/venv/lib/python3.12/site-packages/airflow/example_dags/tutorial_taskflow_api.py
[2026-03-28T19:30:40.999+0500] {processor.py:840} INFO - DAG(s) 'tutorial_taskflow_api' retrieved from /home/abayturar/airflow-project/venv/lib/python3.12/site-packages/airflow/example_dags/tutorial_taskflow_api.py
[2026-03-28T19:30:41.016+0500] {logging_mixin.py:188} INFO - [2026-03-28T19:30:41.016+0500] {dag.py:3089} INFO - Sync 1 DAGs
[2026-03-28T19:30:41.028+0500] {logging_mixin.py:188} INFO - [2026-03-28T19:30:41.027+0500] {dag.py:3947} INFO - Setting next_dagrun for tutorial_taskflow_api to None, run_after=None
[2026-03-28T19:30:41.045+0500] {processor.py:183} INFO - Processing /home/abayturar/airflow-project/venv/lib/python3.12/site-packages/airflow/example_dags/tutorial_taskflow_api.py took 0.065 seconds
[2026-03-28T19:31:28.597+0500] {processor.py:161} INFO - Started process (PID=29991) to work on /home/abayturar/airflow-project/venv/lib/python3.12/site-packages/airflow/example_dags/tutorial_taskflow_api.py
[2026-03-28T19:31:28.598+0500] {processor.py:830} INFO - Processing file /home/abayturar/airflow-project/venv/lib/python3.12/site-packages/airflow/example_dags/tutorial_taskflow_api.py for tasks to queue
[2026-03-28T19:31:28.599+0500] {logging_mixin.py:188} INFO - [2026-03-28T19:31:28.599+0500] {dagbag.py:545} INFO - Filling up the DagBag from /home/abayturar/airflow-project/venv/lib/python3.12/site-packages/airflow/example_dags/tutorial_taskflow_api.py
[2026-03-28T19:31:28.607+0500] {processor.py:840} INFO - DAG(s) 'tutorial_taskflow_api' retrieved from /home/abayturar/airflow-project/venv/lib/python3.12/site-packages/airflow/example_dags/tutorial_taskflow_api.py
[2026-03-28T19:31:28.622+0500] {logging_mixin.py:188} INFO - [2026-03-28T19:31:28.622+0500] {dag.py:3089} INFO - Sync 1 DAGs
[2026-03-28T19:31:28.631+0500] {logging_mixin.py:188} INFO - [2026-03-28T19:31:28.631+0500] {dag.py:3947} INFO - Setting next_dagrun for tutorial_taskflow_api to None, run_after=None
[2026-03-28T19:31:28.647+0500] {processor.py:183} INFO - Processing /home/abayturar/airflow-project/venv/lib/python3.12/site-packages/airflow/example_dags/tutorial_taskflow_api.py took 0.058 seconds
[2026-03-28T19:32:16.740+0500] {processor.py:161} INFO - Started process (PID=30124) to work on /home/abayturar/airflow-project/venv/lib/python3.12/site-packages/airflow/example_dags/tutorial_taskflow_api.py
[2026-03-28T19:32:16.741+0500] {processor.py:830} INFO - Processing file /home/abayturar/airflow-project/venv/lib/python3.12/site-packages/airflow/example_dags/tutorial_taskflow_api.py for tasks to queue
[2026-03-28T19:32:16.743+0500] {logging_mixin.py:188} INFO - [2026-03-28T19:32:16.743+0500] {dagbag.py:545} INFO - Filling up the DagBag from /home/abayturar/airflow-project/venv/lib/python3.12/site-packages/airflow/example_dags/tutorial_taskflow_api.py
[2026-03-28T19:32:16.753+0500] {processor.py:840} INFO - DAG(s) 'tutorial_taskflow_api' retrieved from /home/abayturar/airflow-project/venv/lib/python3.12/site-packages/airflow/example_dags/tutorial_taskflow_api.py
[2026-03-28T19:32:16.771+0500] {logging_mixin.py:188} INFO - [2026-03-28T19:32:16.770+0500] {dag.py:3089} INFO - Sync 1 DAGs
[2026-03-28T19:32:16.780+0500] {logging_mixin.py:188} INFO - [2026-03-28T19:32:16.780+0500] {dag.py:3947} INFO - Setting next_dagrun for tutorial_taskflow_api to None, run_after=None
[2026-03-28T19:32:16.799+0500] {processor.py:183} INFO - Processing /home/abayturar/airflow-project/venv/lib/python3.12/site-packages/airflow/example_dags/tutorial_taskflow_api.py took 0.064 seconds
[2026-03-28T19:32:52.765+0500] {processor.py:161} INFO - Started process (PID=30228) to work on /home/abayturar/airflow-project/venv/lib/python3.12/site-packages/airflow/example_dags/tutorial_taskflow_api.py
[2026-03-28T19:32:52.766+0500] {processor.py:830} INFO - Processing file /home/abayturar/airflow-project/venv/lib/python3.12/site-packages/airflow/example_dags/tutorial_taskflow_api.py for tasks to queue
[2026-03-28T19:32:52.768+0500] {logging_mixin.py:188} INFO - [2026-03-28T19:32:52.768+0500] {dagbag.py:545} INFO - Filling up the DagBag from /home/abayturar/airflow-project/venv/lib/python3.12/site-packages/airflow/example_dags/tutorial_taskflow_api.py
[2026-03-28T19:32:52.777+0500] {processor.py:840} INFO - DAG(s) 'tutorial_taskflow_api' retrieved from /home/abayturar/airflow-project/venv/lib/python3.12/site-packages/airflow/example_dags/tutorial_taskflow_api.py
[2026-03-28T19:32:52.795+0500] {logging_mixin.py:188} INFO - [2026-03-28T19:32:52.795+0500] {dag.py:3089} INFO - Sync 1 DAGs
[2026-03-28T19:32:52.805+0500] {logging_mixin.py:188} INFO - [2026-03-28T19:32:52.805+0500] {dag.py:3947} INFO - Setting next_dagrun for tutorial_taskflow_api to None, run_after=None
[2026-03-28T19:32:52.825+0500] {processor.py:183} INFO - Processing /home/abayturar/airflow-project/venv/lib/python3.12/site-packages/airflow/example_dags/tutorial_taskflow_api.py took 0.067 seconds
[2026-03-28T19:33:25.981+0500] {processor.py:161} INFO - Started process (PID=30324) to work on /home/abayturar/airflow-project/venv/lib/python3.12/site-packages/airflow/example_dags/tutorial_taskflow_api.py
[2026-03-28T19:33:25.982+0500] {processor.py:830} INFO - Processing file /home/abayturar/airflow-project/venv/lib/python3.12/site-packages/airflow/example_dags/tutorial_taskflow_api.py for tasks to queue
[2026-03-28T19:33:25.983+0500] {logging_mixin.py:188} INFO - [2026-03-28T19:33:25.983+0500] {dagbag.py:545} INFO - Filling up the DagBag from /home/abayturar/airflow-project/venv/lib/python3.12/site-packages/airflow/example_dags/tutorial_taskflow_api.py
[2026-03-28T19:33:25.991+0500] {processor.py:840} INFO - DAG(s) 'tutorial_taskflow_api' retrieved from /home/abayturar/airflow-project/venv/lib/python3.12/site-packages/airflow/example_dags/tutorial_taskflow_api.py
[2026-03-28T19:33:26.005+0500] {logging_mixin.py:188} INFO - [2026-03-28T19:33:26.005+0500] {dag.py:3089} INFO - Sync 1 DAGs
[2026-03-28T19:33:26.015+0500] {logging_mixin.py:188} INFO - [2026-03-28T19:33:26.015+0500] {dag.py:3947} INFO - Setting next_dagrun for tutorial_taskflow_api to None, run_after=None
[2026-03-28T19:33:26.032+0500] {processor.py:183} INFO - Processing /home/abayturar/airflow-project/venv/lib/python3.12/site-packages/airflow/example_dags/tutorial_taskflow_api.py took 0.057 seconds
[2026-03-28T19:34:00.524+0500] {processor.py:161} INFO - Started process (PID=30426) to work on /home/abayturar/airflow-project/venv/lib/python3.12/site-packages/airflow/example_dags/tutorial_taskflow_api.py
[2026-03-28T19:34:00.525+0500] {processor.py:830} INFO - Processing file /home/abayturar/airflow-project/venv/lib/python3.12/site-packages/airflow/example_dags/tutorial_taskflow_api.py for tasks to queue
[2026-03-28T19:34:00.526+0500] {logging_mixin.py:188} INFO - [2026-03-28T19:34:00.526+0500] {dagbag.py:545} INFO - Filling up the DagBag from /home/abayturar/airflow-project/venv/lib/python3.12/site-packages/airflow/example_dags/tutorial_taskflow_api.py
[2026-03-28T19:34:00.533+0500] {processor.py:840} INFO - DAG(s) 'tutorial_taskflow_api' retrieved from /home/abayturar/airflow-project/venv/lib/python3.12/site-packages/airflow/example_dags/tutorial_taskflow_api.py
[2026-03-28T19:34:00.549+0500] {logging_mixin.py:188} INFO - [2026-03-28T19:34:00.548+0500] {dag.py:3089} INFO - Sync 1 DAGs
[2026-03-28T19:34:00.557+0500] {logging_mixin.py:188} INFO - [2026-03-28T19:34:00.557+0500] {dag.py:3947} INFO - Setting next_dagrun for tutorial_taskflow_api to None, run_after=None
[2026-03-28T19:34:00.576+0500] {processor.py:183} INFO - Processing /home/abayturar/airflow-project/venv/lib/python3.12/site-packages/airflow/example_dags/tutorial_taskflow_api.py took 0.059 seconds
[2026-03-28T19:35:10.637+0500] {processor.py:161} INFO - Started process (PID=30560) to work on /home/abayturar/airflow-project/venv/lib/python3.12/site-packages/airflow/example_dags/tutorial_taskflow_api.py
[2026-03-28T19:35:10.638+0500] {processor.py:830} INFO - Processing file /home/abayturar/airflow-project/venv/lib/python3.12/site-packages/airflow/example_dags/tutorial_taskflow_api.py for tasks to queue
[2026-03-28T19:35:10.640+0500] {logging_mixin.py:188} INFO - [2026-03-28T19:35:10.640+0500] {dagbag.py:545} INFO - Filling up the DagBag from /home/abayturar/airflow-project/venv/lib/python3.12/site-packages/airflow/example_dags/tutorial_taskflow_api.py
[2026-03-28T19:35:10.648+0500] {processor.py:840} INFO - DAG(s) 'tutorial_taskflow_api' retrieved from /home/abayturar/airflow-project/venv/lib/python3.12/site-packages/airflow/example_dags/tutorial_taskflow_api.py
[2026-03-28T19:35:10.669+0500] {logging_mixin.py:188} INFO - [2026-03-28T19:35:10.669+0500] {dag.py:3089} INFO - Sync 1 DAGs
[2026-03-28T19:35:10.678+0500] {logging_mixin.py:188} INFO - [2026-03-28T19:35:10.678+0500] {dag.py:3947} INFO - Setting next_dagrun for tutorial_taskflow_api to None, run_after=None
[2026-03-28T19:35:10.704+0500] {processor.py:183} INFO - Processing /home/abayturar/airflow-project/venv/lib/python3.12/site-packages/airflow/example_dags/tutorial_taskflow_api.py took 0.072 seconds
[2026-03-28T19:36:12.555+0500] {processor.py:161} INFO - Started process (PID=30774) to work on /home/abayturar/airflow-project/venv/lib/python3.12/site-packages/airflow/example_dags/tutorial_taskflow_api.py
[2026-03-28T19:36:12.556+0500] {processor.py:830} INFO - Processing file /home/abayturar/airflow-project/venv/lib/python3.12/site-packages/airflow/example_dags/tutorial_taskflow_api.py for tasks to queue
[2026-03-28T19:36:12.558+0500] {logging_mixin.py:188} INFO - [2026-03-28T19:36:12.558+0500] {dagbag.py:545} INFO - Filling up the DagBag from /home/abayturar/airflow-project/venv/lib/python3.12/site-packages/airflow/example_dags/tutorial_taskflow_api.py
[2026-03-28T19:36:12.565+0500] {processor.py:840} INFO - DAG(s) 'tutorial_taskflow_api' retrieved from /home/abayturar/airflow-project/venv/lib/python3.12/site-packages/airflow/example_dags/tutorial_taskflow_api.py
[2026-03-28T19:36:12.581+0500] {logging_mixin.py:188} INFO - [2026-03-28T19:36:12.580+0500] {dag.py:3089} INFO - Sync 1 DAGs
[2026-03-28T19:36:12.589+0500] {logging_mixin.py:188} INFO - [2026-03-28T19:36:12.589+0500] {dag.py:3947} INFO - Setting next_dagrun for tutorial_taskflow_api to None, run_after=None
[2026-03-28T19:36:12.619+0500] {processor.py:183} INFO - Processing /home/abayturar/airflow-project/venv/lib/python3.12/site-packages/airflow/example_dags/tutorial_taskflow_api.py took 0.069 seconds
[2026-03-28T19:37:03.714+0500] {processor.py:161} INFO - Started process (PID=30915) to work on /home/abayturar/airflow-project/venv/lib/python3.12/site-packages/airflow/example_dags/tutorial_taskflow_api.py
[2026-03-28T19:37:03.715+0500] {processor.py:830} INFO - Processing file /home/abayturar/airflow-project/venv/lib/python3.12/site-packages/airflow/example_dags/tutorial_taskflow_api.py for tasks to queue
[2026-03-28T19:37:03.716+0500] {logging_mixin.py:188} INFO - [2026-03-28T19:37:03.716+0500] {dagbag.py:545} INFO - Filling up the DagBag from /home/abayturar/airflow-project/venv/lib/python3.12/site-packages/airflow/example_dags/tutorial_taskflow_api.py
[2026-03-28T19:37:03.723+0500] {processor.py:840} INFO - DAG(s) 'tutorial_taskflow_api' retrieved from /home/abayturar/airflow-project/venv/lib/python3.12/site-packages/airflow/example_dags/tutorial_taskflow_api.py
[2026-03-28T19:37:03.737+0500] {logging_mixin.py:188} INFO - [2026-03-28T19:37:03.737+0500] {dag.py:3089} INFO - Sync 1 DAGs
[2026-03-28T19:37:03.746+0500] {logging_mixin.py:188} INFO - [2026-03-28T19:37:03.745+0500] {dag.py:3947} INFO - Setting next_dagrun for tutorial_taskflow_api to None, run_after=None
[2026-03-28T19:37:03.772+0500] {processor.py:183} INFO - Processing /home/abayturar/airflow-project/venv/lib/python3.12/site-packages/airflow/example_dags/tutorial_taskflow_api.py took 0.064 seconds
[2026-03-28T19:37:51.750+0500] {processor.py:161} INFO - Started process (PID=31042) to work on /home/abayturar/airflow-project/venv/lib/python3.12/site-packages/airflow/example_dags/tutorial_taskflow_api.py
[2026-03-28T19:37:51.751+0500] {processor.py:830} INFO - Processing file /home/abayturar/airflow-project/venv/lib/python3.12/site-packages/airflow/example_dags/tutorial_taskflow_api.py for tasks to queue
[2026-03-28T19:37:51.753+0500] {logging_mixin.py:188} INFO - [2026-03-28T19:37:51.752+0500] {dagbag.py:545} INFO - Filling up the DagBag from /home/abayturar/airflow-project/venv/lib/python3.12/site-packages/airflow/example_dags/tutorial_taskflow_api.py
[2026-03-28T19:37:51.761+0500] {processor.py:840} INFO - DAG(s) 'tutorial_taskflow_api' retrieved from /home/abayturar/airflow-project/venv/lib/python3.12/site-packages/airflow/example_dags/tutorial_taskflow_api.py
[2026-03-28T19:37:51.779+0500] {logging_mixin.py:188} INFO - [2026-03-28T19:37:51.779+0500] {dag.py:3089} INFO - Sync 1 DAGs
[2026-03-28T19:37:51.788+0500] {logging_mixin.py:188} INFO - [2026-03-28T19:37:51.787+0500] {dag.py:3947} INFO - Setting next_dagrun for tutorial_taskflow_api to None, run_after=None
[2026-03-28T19:37:51.814+0500] {processor.py:183} INFO - Processing /home/abayturar/airflow-project/venv/lib/python3.12/site-packages/airflow/example_dags/tutorial_taskflow_api.py took 0.070 seconds
[2026-03-28T19:38:36.037+0500] {processor.py:161} INFO - Started process (PID=31164) to work on /home/abayturar/airflow-project/venv/lib/python3.12/site-packages/airflow/example_dags/tutorial_taskflow_api.py
[2026-03-28T19:38:36.038+0500] {processor.py:830} INFO - Processing file /home/abayturar/airflow-project/venv/lib/python3.12/site-packages/airflow/example_dags/tutorial_taskflow_api.py for tasks to queue
[2026-03-28T19:38:36.039+0500] {logging_mixin.py:188} INFO - [2026-03-28T19:38:36.039+0500] {dagbag.py:545} INFO - Filling up the DagBag from /home/abayturar/airflow-project/venv/lib/python3.12/site-packages/airflow/example_dags/tutorial_taskflow_api.py
[2026-03-28T19:38:36.047+0500] {processor.py:840} INFO - DAG(s) 'tutorial_taskflow_api' retrieved from /home/abayturar/airflow-project/venv/lib/python3.12/site-packages/airflow/example_dags/tutorial_taskflow_api.py
[2026-03-28T19:38:36.063+0500] {logging_mixin.py:188} INFO - [2026-03-28T19:38:36.063+0500] {dag.py:3089} INFO - Sync 1 DAGs
[2026-03-28T19:38:36.072+0500] {logging_mixin.py:188} INFO - [2026-03-28T19:38:36.072+0500] {dag.py:3947} INFO - Setting next_dagrun for tutorial_taskflow_api to None, run_after=None
[2026-03-28T19:38:36.087+0500] {processor.py:183} INFO - Processing /home/abayturar/airflow-project/venv/lib/python3.12/site-packages/airflow/example_dags/tutorial_taskflow_api.py took 0.057 seconds
[2026-03-28T19:39:20.971+0500] {processor.py:161} INFO - Started process (PID=31286) to work on /home/abayturar/airflow-project/venv/lib/python3.12/site-packages/airflow/example_dags/tutorial_taskflow_api.py
[2026-03-28T19:39:20.972+0500] {processor.py:830} INFO - Processing file /home/abayturar/airflow-project/venv/lib/python3.12/site-packages/airflow/example_dags/tutorial_taskflow_api.py for tasks to queue
[2026-03-28T19:39:20.973+0500] {logging_mixin.py:188} INFO - [2026-03-28T19:39:20.973+0500] {dagbag.py:545} INFO - Filling up the DagBag from /home/abayturar/airflow-project/venv/lib/python3.12/site-packages/airflow/example_dags/tutorial_taskflow_api.py
[2026-03-28T19:39:20.980+0500] {processor.py:840} INFO - DAG(s) 'tutorial_taskflow_api' retrieved from /home/abayturar/airflow-project/venv/lib/python3.12/site-packages/airflow/example_dags/tutorial_taskflow_api.py
[2026-03-28T19:39:20.994+0500] {logging_mixin.py:188} INFO - [2026-03-28T19:39:20.994+0500] {dag.py:3089} INFO - Sync 1 DAGs
[2026-03-28T19:39:21.003+0500] {logging_mixin.py:188} INFO - [2026-03-28T19:39:21.003+0500] {dag.py:3947} INFO - Setting next_dagrun for tutorial_taskflow_api to None, run_after=None
[2026-03-28T19:39:21.018+0500] {processor.py:183} INFO - Processing /home/abayturar/airflow-project/venv/lib/python3.12/site-packages/airflow/example_dags/tutorial_taskflow_api.py took 0.053 seconds
[2026-03-28T19:40:05.275+0500] {processor.py:161} INFO - Started process (PID=31409) to work on /home/abayturar/airflow-project/venv/lib/python3.12/site-packages/airflow/example_dags/tutorial_taskflow_api.py
[2026-03-28T19:40:05.276+0500] {processor.py:830} INFO - Processing file /home/abayturar/airflow-project/venv/lib/python3.12/site-packages/airflow/example_dags/tutorial_taskflow_api.py for tasks to queue
[2026-03-28T19:40:05.277+0500] {logging_mixin.py:188} INFO - [2026-03-28T19:40:05.277+0500] {dagbag.py:545} INFO - Filling up the DagBag from /home/abayturar/airflow-project/venv/lib/python3.12/site-packages/airflow/example_dags/tutorial_taskflow_api.py
[2026-03-28T19:40:05.284+0500] {processor.py:840} INFO - DAG(s) 'tutorial_taskflow_api' retrieved from /home/abayturar/airflow-project/venv/lib/python3.12/site-packages/airflow/example_dags/tutorial_taskflow_api.py
[2026-03-28T19:40:05.300+0500] {logging_mixin.py:188} INFO - [2026-03-28T19:40:05.300+0500] {dag.py:3089} INFO - Sync 1 DAGs
[2026-03-28T19:40:05.309+0500] {logging_mixin.py:188} INFO - [2026-03-28T19:40:05.309+0500] {dag.py:3947} INFO - Setting next_dagrun for tutorial_taskflow_api to None, run_after=None
[2026-03-28T19:40:05.337+0500] {processor.py:183} INFO - Processing /home/abayturar/airflow-project/venv/lib/python3.12/site-packages/airflow/example_dags/tutorial_taskflow_api.py took 0.068 seconds
[2026-03-28T19:40:52.979+0500] {processor.py:161} INFO - Started process (PID=31535) to work on /home/abayturar/airflow-project/venv/lib/python3.12/site-packages/airflow/example_dags/tutorial_taskflow_api.py
[2026-03-28T19:40:52.980+0500] {processor.py:830} INFO - Processing file /home/abayturar/airflow-project/venv/lib/python3.12/site-packages/airflow/example_dags/tutorial_taskflow_api.py for tasks to queue
[2026-03-28T19:40:52.982+0500] {logging_mixin.py:188} INFO - [2026-03-28T19:40:52.982+0500] {dagbag.py:545} INFO - Filling up the DagBag from /home/abayturar/airflow-project/venv/lib/python3.12/site-packages/airflow/example_dags/tutorial_taskflow_api.py
[2026-03-28T19:40:52.989+0500] {processor.py:840} INFO - DAG(s) 'tutorial_taskflow_api' retrieved from /home/abayturar/airflow-project/venv/lib/python3.12/site-packages/airflow/example_dags/tutorial_taskflow_api.py
[2026-03-28T19:40:53.004+0500] {logging_mixin.py:188} INFO - [2026-03-28T19:40:53.004+0500] {dag.py:3089} INFO - Sync 1 DAGs
[2026-03-28T19:40:53.014+0500] {logging_mixin.py:188} INFO - [2026-03-28T19:40:53.014+0500] {dag.py:3947} INFO - Setting next_dagrun for tutorial_taskflow_api to None, run_after=None
[2026-03-28T19:40:53.041+0500] {processor.py:183} INFO - Processing /home/abayturar/airflow-project/venv/lib/python3.12/site-packages/airflow/example_dags/tutorial_taskflow_api.py took 0.068 seconds
[2026-03-28T19:41:35.842+0500] {processor.py:161} INFO - Started process (PID=31652) to work on /home/abayturar/airflow-project/venv/lib/python3.12/site-packages/airflow/example_dags/tutorial_taskflow_api.py
[2026-03-28T19:41:35.843+0500] {processor.py:830} INFO - Processing file /home/abayturar/airflow-project/venv/lib/python3.12/site-packages/airflow/example_dags/tutorial_taskflow_api.py for tasks to queue
[2026-03-28T19:41:35.845+0500] {logging_mixin.py:188} INFO - [2026-03-28T19:41:35.845+0500] {dagbag.py:545} INFO - Filling up the DagBag from /home/abayturar/airflow-project/venv/lib/python3.12/site-packages/airflow/example_dags/tutorial_taskflow_api.py
[2026-03-28T19:41:35.853+0500] {processor.py:840} INFO - DAG(s) 'tutorial_taskflow_api' retrieved from /home/abayturar/airflow-project/venv/lib/python3.12/site-packages/airflow/example_dags/tutorial_taskflow_api.py
[2026-03-28T19:41:35.869+0500] {logging_mixin.py:188} INFO - [2026-03-28T19:41:35.869+0500] {dag.py:3089} INFO - Sync 1 DAGs
[2026-03-28T19:41:35.879+0500] {logging_mixin.py:188} INFO - [2026-03-28T19:41:35.879+0500] {dag.py:3947} INFO - Setting next_dagrun for tutorial_taskflow_api to None, run_after=None
[2026-03-28T19:41:35.910+0500] {processor.py:183} INFO - Processing /home/abayturar/airflow-project/venv/lib/python3.12/site-packages/airflow/example_dags/tutorial_taskflow_api.py took 0.074 seconds
[2026-03-28T19:42:23.322+0500] {processor.py:161} INFO - Started process (PID=31780) to work on /home/abayturar/airflow-project/venv/lib/python3.12/site-packages/airflow/example_dags/tutorial_taskflow_api.py
[2026-03-28T19:42:23.323+0500] {processor.py:830} INFO - Processing file /home/abayturar/airflow-project/venv/lib/python3.12/site-packages/airflow/example_dags/tutorial_taskflow_api.py for tasks to queue
[2026-03-28T19:42:23.325+0500] {logging_mixin.py:188} INFO - [2026-03-28T19:42:23.324+0500] {dagbag.py:545} INFO - Filling up the DagBag from /home/abayturar/airflow-project/venv/lib/python3.12/site-packages/airflow/example_dags/tutorial_taskflow_api.py
[2026-03-28T19:42:23.331+0500] {processor.py:840} INFO - DAG(s) 'tutorial_taskflow_api' retrieved from /home/abayturar/airflow-project/venv/lib/python3.12/site-packages/airflow/example_dags/tutorial_taskflow_api.py
[2026-03-28T19:42:23.346+0500] {logging_mixin.py:188} INFO - [2026-03-28T19:42:23.346+0500] {dag.py:3089} INFO - Sync 1 DAGs
[2026-03-28T19:42:23.355+0500] {logging_mixin.py:188} INFO - [2026-03-28T19:42:23.355+0500] {dag.py:3947} INFO - Setting next_dagrun for tutorial_taskflow_api to None, run_after=None
[2026-03-28T19:42:23.382+0500] {processor.py:183} INFO - Processing /home/abayturar/airflow-project/venv/lib/python3.12/site-packages/airflow/example_dags/tutorial_taskflow_api.py took 0.065 seconds
[2026-03-28T19:43:13.607+0500] {processor.py:161} INFO - Started process (PID=31911) to work on /home/abayturar/airflow-project/venv/lib/python3.12/site-packages/airflow/example_dags/tutorial_taskflow_api.py
[2026-03-28T19:43:13.608+0500] {processor.py:830} INFO - Processing file /home/abayturar/airflow-project/venv/lib/python3.12/site-packages/airflow/example_dags/tutorial_taskflow_api.py for tasks to queue
[2026-03-28T19:43:13.609+0500] {logging_mixin.py:188} INFO - [2026-03-28T19:43:13.609+0500] {dagbag.py:545} INFO - Filling up the DagBag from /home/abayturar/airflow-project/venv/lib/python3.12/site-packages/airflow/example_dags/tutorial_taskflow_api.py
[2026-03-28T19:43:13.616+0500] {processor.py:840} INFO - DAG(s) 'tutorial_taskflow_api' retrieved from /home/abayturar/airflow-project/venv/lib/python3.12/site-packages/airflow/example_dags/tutorial_taskflow_api.py
[2026-03-28T19:43:13.630+0500] {logging_mixin.py:188} INFO - [2026-03-28T19:43:13.630+0500] {dag.py:3089} INFO - Sync 1 DAGs
[2026-03-28T19:43:13.638+0500] {logging_mixin.py:188} INFO - [2026-03-28T19:43:13.638+0500] {dag.py:3947} INFO - Setting next_dagrun for tutorial_taskflow_api to None, run_after=None
[2026-03-28T19:43:13.666+0500] {processor.py:183} INFO - Processing /home/abayturar/airflow-project/venv/lib/python3.12/site-packages/airflow/example_dags/tutorial_taskflow_api.py took 0.064 seconds
[2026-03-28T19:44:02.199+0500] {processor.py:161} INFO - Started process (PID=32043) to work on /home/abayturar/airflow-project/venv/lib/python3.12/site-packages/airflow/example_dags/tutorial_taskflow_api.py
[2026-03-28T19:44:02.200+0500] {processor.py:830} INFO - Processing file /home/abayturar/airflow-project/venv/lib/python3.12/site-packages/airflow/example_dags/tutorial_taskflow_api.py for tasks to queue
[2026-03-28T19:44:02.202+0500] {logging_mixin.py:188} INFO - [2026-03-28T19:44:02.201+0500] {dagbag.py:545} INFO - Filling up the DagBag from /home/abayturar/airflow-project/venv/lib/python3.12/site-packages/airflow/example_dags/tutorial_taskflow_api.py
[2026-03-28T19:44:02.209+0500] {processor.py:840} INFO - DAG(s) 'tutorial_taskflow_api' retrieved from /home/abayturar/airflow-project/venv/lib/python3.12/site-packages/airflow/example_dags/tutorial_taskflow_api.py
[2026-03-28T19:44:02.229+0500] {logging_mixin.py:188} INFO - [2026-03-28T19:44:02.228+0500] {dag.py:3089} INFO - Sync 1 DAGs
[2026-03-28T19:44:02.239+0500] {logging_mixin.py:188} INFO - [2026-03-28T19:44:02.239+0500] {dag.py:3947} INFO - Setting next_dagrun for tutorial_taskflow_api to None, run_after=None
[2026-03-28T19:44:02.255+0500] {processor.py:183} INFO - Processing /home/abayturar/airflow-project/venv/lib/python3.12/site-packages/airflow/example_dags/tutorial_taskflow_api.py took 0.062 seconds
[2026-03-28T19:44:47.508+0500] {processor.py:161} INFO - Started process (PID=32164) to work on /home/abayturar/airflow-project/venv/lib/python3.12/site-packages/airflow/example_dags/tutorial_taskflow_api.py
[2026-03-28T19:44:47.509+0500] {processor.py:830} INFO - Processing file /home/abayturar/airflow-project/venv/lib/python3.12/site-packages/airflow/example_dags/tutorial_taskflow_api.py for tasks to queue
[2026-03-28T19:44:47.510+0500] {logging_mixin.py:188} INFO - [2026-03-28T19:44:47.510+0500] {dagbag.py:545} INFO - Filling up the DagBag from /home/abayturar/airflow-project/venv/lib/python3.12/site-packages/airflow/example_dags/tutorial_taskflow_api.py
[2026-03-28T19:44:47.517+0500] {processor.py:840} INFO - DAG(s) 'tutorial_taskflow_api' retrieved from /home/abayturar/airflow-project/venv/lib/python3.12/site-packages/airflow/example_dags/tutorial_taskflow_api.py
[2026-03-28T19:44:47.532+0500] {logging_mixin.py:188} INFO - [2026-03-28T19:44:47.532+0500] {dag.py:3089} INFO - Sync 1 DAGs
[2026-03-28T19:44:47.541+0500] {logging_mixin.py:188} INFO - [2026-03-28T19:44:47.541+0500] {dag.py:3947} INFO - Setting next_dagrun for tutorial_taskflow_api to None, run_after=None
[2026-03-28T19:44:47.569+0500] {processor.py:183} INFO - Processing /home/abayturar/airflow-project/venv/lib/python3.12/site-packages/airflow/example_dags/tutorial_taskflow_api.py took 0.067 seconds
