[2026-03-28T15:20:59.820+0500] {processor.py:161} INFO - Started process (PID=11800) to work on /home/abayturar/airflow-project/venv/lib/python3.12/site-packages/airflow/example_dags/plugins/decreasing_priority_weight_strategy.py
[2026-03-28T15:20:59.821+0500] {processor.py:830} INFO - Processing file /home/abayturar/airflow-project/venv/lib/python3.12/site-packages/airflow/example_dags/plugins/decreasing_priority_weight_strategy.py for tasks to queue
[2026-03-28T15:20:59.822+0500] {logging_mixin.py:188} INFO - [2026-03-28T15:20:59.822+0500] {dagbag.py:545} INFO - Filling up the DagBag from /home/abayturar/airflow-project/venv/lib/python3.12/site-packages/airflow/example_dags/plugins/decreasing_priority_weight_strategy.py
[2026-03-28T15:20:59.825+0500] {processor.py:842} WARNING - No viable dags retrieved from /home/abayturar/airflow-project/venv/lib/python3.12/site-packages/airflow/example_dags/plugins/decreasing_priority_weight_strategy.py
[2026-03-28T15:20:59.835+0500] {processor.py:183} INFO - Processing /home/abayturar/airflow-project/venv/lib/python3.12/site-packages/airflow/example_dags/plugins/decreasing_priority_weight_strategy.py took 0.021 seconds
[2026-03-28T15:21:56.085+0500] {processor.py:161} INFO - Started process (PID=11949) to work on /home/abayturar/airflow-project/venv/lib/python3.12/site-packages/airflow/example_dags/plugins/decreasing_priority_weight_strategy.py
[2026-03-28T15:21:56.086+0500] {processor.py:830} INFO - Processing file /home/abayturar/airflow-project/venv/lib/python3.12/site-packages/airflow/example_dags/plugins/decreasing_priority_weight_strategy.py for tasks to queue
[2026-03-28T15:21:56.087+0500] {logging_mixin.py:188} INFO - [2026-03-28T15:21:56.087+0500] {dagbag.py:545} INFO - Filling up the DagBag from /home/abayturar/airflow-project/venv/lib/python3.12/site-packages/airflow/example_dags/plugins/decreasing_priority_weight_strategy.py
[2026-03-28T15:21:56.089+0500] {processor.py:842} WARNING - No viable dags retrieved from /home/abayturar/airflow-project/venv/lib/python3.12/site-packages/airflow/example_dags/plugins/decreasing_priority_weight_strategy.py
[2026-03-28T15:21:56.100+0500] {processor.py:183} INFO - Processing /home/abayturar/airflow-project/venv/lib/python3.12/site-packages/airflow/example_dags/plugins/decreasing_priority_weight_strategy.py took 0.021 seconds
[2026-03-28T15:22:47.769+0500] {processor.py:161} INFO - Started process (PID=12101) to work on /home/abayturar/airflow-project/venv/lib/python3.12/site-packages/airflow/example_dags/plugins/decreasing_priority_weight_strategy.py
[2026-03-28T15:22:47.770+0500] {processor.py:830} INFO - Processing file /home/abayturar/airflow-project/venv/lib/python3.12/site-packages/airflow/example_dags/plugins/decreasing_priority_weight_strategy.py for tasks to queue
[2026-03-28T15:22:47.771+0500] {logging_mixin.py:188} INFO - [2026-03-28T15:22:47.771+0500] {dagbag.py:545} INFO - Filling up the DagBag from /home/abayturar/airflow-project/venv/lib/python3.12/site-packages/airflow/example_dags/plugins/decreasing_priority_weight_strategy.py
[2026-03-28T15:22:47.774+0500] {processor.py:842} WARNING - No viable dags retrieved from /home/abayturar/airflow-project/venv/lib/python3.12/site-packages/airflow/example_dags/plugins/decreasing_priority_weight_strategy.py
[2026-03-28T15:22:47.786+0500] {processor.py:183} INFO - Processing /home/abayturar/airflow-project/venv/lib/python3.12/site-packages/airflow/example_dags/plugins/decreasing_priority_weight_strategy.py took 0.025 seconds
[2026-03-28T15:23:25.814+0500] {processor.py:161} INFO - Started process (PID=12213) to work on /home/abayturar/airflow-project/venv/lib/python3.12/site-packages/airflow/example_dags/plugins/decreasing_priority_weight_strategy.py
[2026-03-28T15:23:25.815+0500] {processor.py:830} INFO - Processing file /home/abayturar/airflow-project/venv/lib/python3.12/site-packages/airflow/example_dags/plugins/decreasing_priority_weight_strategy.py for tasks to queue
[2026-03-28T15:23:25.816+0500] {logging_mixin.py:188} INFO - [2026-03-28T15:23:25.816+0500] {dagbag.py:545} INFO - Filling up the DagBag from /home/abayturar/airflow-project/venv/lib/python3.12/site-packages/airflow/example_dags/plugins/decreasing_priority_weight_strategy.py
[2026-03-28T15:23:25.819+0500] {processor.py:842} WARNING - No viable dags retrieved from /home/abayturar/airflow-project/venv/lib/python3.12/site-packages/airflow/example_dags/plugins/decreasing_priority_weight_strategy.py
[2026-03-28T15:23:25.831+0500] {processor.py:183} INFO - Processing /home/abayturar/airflow-project/venv/lib/python3.12/site-packages/airflow/example_dags/plugins/decreasing_priority_weight_strategy.py took 0.023 seconds
[2026-03-28T15:24:12.743+0500] {processor.py:161} INFO - Started process (PID=12343) to work on /home/abayturar/airflow-project/venv/lib/python3.12/site-packages/airflow/example_dags/plugins/decreasing_priority_weight_strategy.py
[2026-03-28T15:24:12.744+0500] {processor.py:830} INFO - Processing file /home/abayturar/airflow-project/venv/lib/python3.12/site-packages/airflow/example_dags/plugins/decreasing_priority_weight_strategy.py for tasks to queue
[2026-03-28T15:24:12.745+0500] {logging_mixin.py:188} INFO - [2026-03-28T15:24:12.745+0500] {dagbag.py:545} INFO - Filling up the DagBag from /home/abayturar/airflow-project/venv/lib/python3.12/site-packages/airflow/example_dags/plugins/decreasing_priority_weight_strategy.py
[2026-03-28T15:24:12.747+0500] {processor.py:842} WARNING - No viable dags retrieved from /home/abayturar/airflow-project/venv/lib/python3.12/site-packages/airflow/example_dags/plugins/decreasing_priority_weight_strategy.py
[2026-03-28T15:24:12.759+0500] {processor.py:183} INFO - Processing /home/abayturar/airflow-project/venv/lib/python3.12/site-packages/airflow/example_dags/plugins/decreasing_priority_weight_strategy.py took 0.021 seconds
[2026-03-28T15:24:46.026+0500] {processor.py:161} INFO - Started process (PID=12440) to work on /home/abayturar/airflow-project/venv/lib/python3.12/site-packages/airflow/example_dags/plugins/decreasing_priority_weight_strategy.py
[2026-03-28T15:24:46.027+0500] {processor.py:830} INFO - Processing file /home/abayturar/airflow-project/venv/lib/python3.12/site-packages/airflow/example_dags/plugins/decreasing_priority_weight_strategy.py for tasks to queue
[2026-03-28T15:24:46.029+0500] {logging_mixin.py:188} INFO - [2026-03-28T15:24:46.029+0500] {dagbag.py:545} INFO - Filling up the DagBag from /home/abayturar/airflow-project/venv/lib/python3.12/site-packages/airflow/example_dags/plugins/decreasing_priority_weight_strategy.py
[2026-03-28T15:24:46.033+0500] {processor.py:842} WARNING - No viable dags retrieved from /home/abayturar/airflow-project/venv/lib/python3.12/site-packages/airflow/example_dags/plugins/decreasing_priority_weight_strategy.py
[2026-03-28T15:24:46.052+0500] {processor.py:183} INFO - Processing /home/abayturar/airflow-project/venv/lib/python3.12/site-packages/airflow/example_dags/plugins/decreasing_priority_weight_strategy.py took 0.035 seconds
[2026-03-28T15:25:40.681+0500] {processor.py:161} INFO - Started process (PID=12567) to work on /home/abayturar/airflow-project/venv/lib/python3.12/site-packages/airflow/example_dags/plugins/decreasing_priority_weight_strategy.py
[2026-03-28T15:25:40.682+0500] {processor.py:830} INFO - Processing file /home/abayturar/airflow-project/venv/lib/python3.12/site-packages/airflow/example_dags/plugins/decreasing_priority_weight_strategy.py for tasks to queue
[2026-03-28T15:25:40.683+0500] {logging_mixin.py:188} INFO - [2026-03-28T15:25:40.683+0500] {dagbag.py:545} INFO - Filling up the DagBag from /home/abayturar/airflow-project/venv/lib/python3.12/site-packages/airflow/example_dags/plugins/decreasing_priority_weight_strategy.py
[2026-03-28T15:25:40.685+0500] {processor.py:842} WARNING - No viable dags retrieved from /home/abayturar/airflow-project/venv/lib/python3.12/site-packages/airflow/example_dags/plugins/decreasing_priority_weight_strategy.py
[2026-03-28T15:25:40.697+0500] {processor.py:183} INFO - Processing /home/abayturar/airflow-project/venv/lib/python3.12/site-packages/airflow/example_dags/plugins/decreasing_priority_weight_strategy.py took 0.021 seconds
[2026-03-28T15:26:48.064+0500] {processor.py:161} INFO - Started process (PID=12751) to work on /home/abayturar/airflow-project/venv/lib/python3.12/site-packages/airflow/example_dags/plugins/decreasing_priority_weight_strategy.py
[2026-03-28T15:26:48.064+0500] {processor.py:830} INFO - Processing file /home/abayturar/airflow-project/venv/lib/python3.12/site-packages/airflow/example_dags/plugins/decreasing_priority_weight_strategy.py for tasks to queue
[2026-03-28T15:26:48.066+0500] {logging_mixin.py:188} INFO - [2026-03-28T15:26:48.066+0500] {dagbag.py:545} INFO - Filling up the DagBag from /home/abayturar/airflow-project/venv/lib/python3.12/site-packages/airflow/example_dags/plugins/decreasing_priority_weight_strategy.py
[2026-03-28T15:26:48.069+0500] {processor.py:842} WARNING - No viable dags retrieved from /home/abayturar/airflow-project/venv/lib/python3.12/site-packages/airflow/example_dags/plugins/decreasing_priority_weight_strategy.py
[2026-03-28T15:26:48.080+0500] {processor.py:183} INFO - Processing /home/abayturar/airflow-project/venv/lib/python3.12/site-packages/airflow/example_dags/plugins/decreasing_priority_weight_strategy.py took 0.022 seconds
[2026-03-28T15:27:41.989+0500] {processor.py:161} INFO - Started process (PID=12893) to work on /home/abayturar/airflow-project/venv/lib/python3.12/site-packages/airflow/example_dags/plugins/decreasing_priority_weight_strategy.py
[2026-03-28T15:27:41.990+0500] {processor.py:830} INFO - Processing file /home/abayturar/airflow-project/venv/lib/python3.12/site-packages/airflow/example_dags/plugins/decreasing_priority_weight_strategy.py for tasks to queue
[2026-03-28T15:27:41.992+0500] {logging_mixin.py:188} INFO - [2026-03-28T15:27:41.991+0500] {dagbag.py:545} INFO - Filling up the DagBag from /home/abayturar/airflow-project/venv/lib/python3.12/site-packages/airflow/example_dags/plugins/decreasing_priority_weight_strategy.py
[2026-03-28T15:27:41.994+0500] {processor.py:842} WARNING - No viable dags retrieved from /home/abayturar/airflow-project/venv/lib/python3.12/site-packages/airflow/example_dags/plugins/decreasing_priority_weight_strategy.py
[2026-03-28T15:27:42.005+0500] {processor.py:183} INFO - Processing /home/abayturar/airflow-project/venv/lib/python3.12/site-packages/airflow/example_dags/plugins/decreasing_priority_weight_strategy.py took 0.021 seconds
[2026-03-28T18:17:20.827+0500] {processor.py:161} INFO - Started process (PID=17868) to work on /home/abayturar/airflow-project/venv/lib/python3.12/site-packages/airflow/example_dags/plugins/decreasing_priority_weight_strategy.py
[2026-03-28T18:17:20.828+0500] {processor.py:830} INFO - Processing file /home/abayturar/airflow-project/venv/lib/python3.12/site-packages/airflow/example_dags/plugins/decreasing_priority_weight_strategy.py for tasks to queue
[2026-03-28T18:17:20.829+0500] {logging_mixin.py:188} INFO - [2026-03-28T18:17:20.829+0500] {dagbag.py:545} INFO - Filling up the DagBag from /home/abayturar/airflow-project/venv/lib/python3.12/site-packages/airflow/example_dags/plugins/decreasing_priority_weight_strategy.py
[2026-03-28T18:17:20.832+0500] {processor.py:842} WARNING - No viable dags retrieved from /home/abayturar/airflow-project/venv/lib/python3.12/site-packages/airflow/example_dags/plugins/decreasing_priority_weight_strategy.py
[2026-03-28T18:17:20.842+0500] {processor.py:183} INFO - Processing /home/abayturar/airflow-project/venv/lib/python3.12/site-packages/airflow/example_dags/plugins/decreasing_priority_weight_strategy.py took 0.021 seconds
[2026-03-28T18:18:17.067+0500] {processor.py:161} INFO - Started process (PID=18020) to work on /home/abayturar/airflow-project/venv/lib/python3.12/site-packages/airflow/example_dags/plugins/decreasing_priority_weight_strategy.py
[2026-03-28T18:18:17.068+0500] {processor.py:830} INFO - Processing file /home/abayturar/airflow-project/venv/lib/python3.12/site-packages/airflow/example_dags/plugins/decreasing_priority_weight_strategy.py for tasks to queue
[2026-03-28T18:18:17.069+0500] {logging_mixin.py:188} INFO - [2026-03-28T18:18:17.069+0500] {dagbag.py:545} INFO - Filling up the DagBag from /home/abayturar/airflow-project/venv/lib/python3.12/site-packages/airflow/example_dags/plugins/decreasing_priority_weight_strategy.py
[2026-03-28T18:18:17.072+0500] {processor.py:842} WARNING - No viable dags retrieved from /home/abayturar/airflow-project/venv/lib/python3.12/site-packages/airflow/example_dags/plugins/decreasing_priority_weight_strategy.py
[2026-03-28T18:18:17.082+0500] {processor.py:183} INFO - Processing /home/abayturar/airflow-project/venv/lib/python3.12/site-packages/airflow/example_dags/plugins/decreasing_priority_weight_strategy.py took 0.021 seconds
[2026-03-28T18:19:11.766+0500] {processor.py:161} INFO - Started process (PID=18186) to work on /home/abayturar/airflow-project/venv/lib/python3.12/site-packages/airflow/example_dags/plugins/decreasing_priority_weight_strategy.py
[2026-03-28T18:19:11.767+0500] {processor.py:830} INFO - Processing file /home/abayturar/airflow-project/venv/lib/python3.12/site-packages/airflow/example_dags/plugins/decreasing_priority_weight_strategy.py for tasks to queue
[2026-03-28T18:19:11.769+0500] {logging_mixin.py:188} INFO - [2026-03-28T18:19:11.768+0500] {dagbag.py:545} INFO - Filling up the DagBag from /home/abayturar/airflow-project/venv/lib/python3.12/site-packages/airflow/example_dags/plugins/decreasing_priority_weight_strategy.py
[2026-03-28T18:19:11.771+0500] {processor.py:842} WARNING - No viable dags retrieved from /home/abayturar/airflow-project/venv/lib/python3.12/site-packages/airflow/example_dags/plugins/decreasing_priority_weight_strategy.py
[2026-03-28T18:19:11.782+0500] {processor.py:183} INFO - Processing /home/abayturar/airflow-project/venv/lib/python3.12/site-packages/airflow/example_dags/plugins/decreasing_priority_weight_strategy.py took 0.021 seconds
[2026-03-28T18:19:36.192+0500] {processor.py:161} INFO - Started process (PID=18261) to work on /home/abayturar/airflow-project/venv/lib/python3.12/site-packages/airflow/example_dags/plugins/decreasing_priority_weight_strategy.py
[2026-03-28T18:19:36.193+0500] {processor.py:830} INFO - Processing file /home/abayturar/airflow-project/venv/lib/python3.12/site-packages/airflow/example_dags/plugins/decreasing_priority_weight_strategy.py for tasks to queue
[2026-03-28T18:19:36.194+0500] {logging_mixin.py:188} INFO - [2026-03-28T18:19:36.194+0500] {dagbag.py:545} INFO - Filling up the DagBag from /home/abayturar/airflow-project/venv/lib/python3.12/site-packages/airflow/example_dags/plugins/decreasing_priority_weight_strategy.py
[2026-03-28T18:19:36.197+0500] {processor.py:842} WARNING - No viable dags retrieved from /home/abayturar/airflow-project/venv/lib/python3.12/site-packages/airflow/example_dags/plugins/decreasing_priority_weight_strategy.py
[2026-03-28T18:19:36.209+0500] {processor.py:183} INFO - Processing /home/abayturar/airflow-project/venv/lib/python3.12/site-packages/airflow/example_dags/plugins/decreasing_priority_weight_strategy.py took 0.022 seconds
[2026-03-28T18:22:01.844+0500] {processor.py:161} INFO - Started process (PID=18512) to work on /home/abayturar/airflow-project/venv/lib/python3.12/site-packages/airflow/example_dags/plugins/decreasing_priority_weight_strategy.py
[2026-03-28T18:22:01.845+0500] {processor.py:830} INFO - Processing file /home/abayturar/airflow-project/venv/lib/python3.12/site-packages/airflow/example_dags/plugins/decreasing_priority_weight_strategy.py for tasks to queue
[2026-03-28T18:22:01.847+0500] {logging_mixin.py:188} INFO - [2026-03-28T18:22:01.846+0500] {dagbag.py:545} INFO - Filling up the DagBag from /home/abayturar/airflow-project/venv/lib/python3.12/site-packages/airflow/example_dags/plugins/decreasing_priority_weight_strategy.py
[2026-03-28T18:22:01.849+0500] {processor.py:842} WARNING - No viable dags retrieved from /home/abayturar/airflow-project/venv/lib/python3.12/site-packages/airflow/example_dags/plugins/decreasing_priority_weight_strategy.py
[2026-03-28T18:22:01.862+0500] {processor.py:183} INFO - Processing /home/abayturar/airflow-project/venv/lib/python3.12/site-packages/airflow/example_dags/plugins/decreasing_priority_weight_strategy.py took 0.024 seconds
[2026-03-28T18:23:02.017+0500] {processor.py:161} INFO - Started process (PID=18706) to work on /home/abayturar/airflow-project/venv/lib/python3.12/site-packages/airflow/example_dags/plugins/decreasing_priority_weight_strategy.py
[2026-03-28T18:23:02.018+0500] {processor.py:830} INFO - Processing file /home/abayturar/airflow-project/venv/lib/python3.12/site-packages/airflow/example_dags/plugins/decreasing_priority_weight_strategy.py for tasks to queue
[2026-03-28T18:23:02.020+0500] {logging_mixin.py:188} INFO - [2026-03-28T18:23:02.019+0500] {dagbag.py:545} INFO - Filling up the DagBag from /home/abayturar/airflow-project/venv/lib/python3.12/site-packages/airflow/example_dags/plugins/decreasing_priority_weight_strategy.py
[2026-03-28T18:23:02.024+0500] {processor.py:842} WARNING - No viable dags retrieved from /home/abayturar/airflow-project/venv/lib/python3.12/site-packages/airflow/example_dags/plugins/decreasing_priority_weight_strategy.py
[2026-03-28T18:23:02.037+0500] {processor.py:183} INFO - Processing /home/abayturar/airflow-project/venv/lib/python3.12/site-packages/airflow/example_dags/plugins/decreasing_priority_weight_strategy.py took 0.027 seconds
[2026-03-28T18:23:48.839+0500] {processor.py:161} INFO - Started process (PID=18831) to work on /home/abayturar/airflow-project/venv/lib/python3.12/site-packages/airflow/example_dags/plugins/decreasing_priority_weight_strategy.py
[2026-03-28T18:23:48.840+0500] {processor.py:830} INFO - Processing file /home/abayturar/airflow-project/venv/lib/python3.12/site-packages/airflow/example_dags/plugins/decreasing_priority_weight_strategy.py for tasks to queue
[2026-03-28T18:23:48.841+0500] {logging_mixin.py:188} INFO - [2026-03-28T18:23:48.841+0500] {dagbag.py:545} INFO - Filling up the DagBag from /home/abayturar/airflow-project/venv/lib/python3.12/site-packages/airflow/example_dags/plugins/decreasing_priority_weight_strategy.py
[2026-03-28T18:23:48.844+0500] {processor.py:842} WARNING - No viable dags retrieved from /home/abayturar/airflow-project/venv/lib/python3.12/site-packages/airflow/example_dags/plugins/decreasing_priority_weight_strategy.py
[2026-03-28T18:23:48.859+0500] {processor.py:183} INFO - Processing /home/abayturar/airflow-project/venv/lib/python3.12/site-packages/airflow/example_dags/plugins/decreasing_priority_weight_strategy.py took 0.026 seconds
[2026-03-28T18:24:36.802+0500] {processor.py:161} INFO - Started process (PID=18959) to work on /home/abayturar/airflow-project/venv/lib/python3.12/site-packages/airflow/example_dags/plugins/decreasing_priority_weight_strategy.py
[2026-03-28T18:24:36.803+0500] {processor.py:830} INFO - Processing file /home/abayturar/airflow-project/venv/lib/python3.12/site-packages/airflow/example_dags/plugins/decreasing_priority_weight_strategy.py for tasks to queue
[2026-03-28T18:24:36.805+0500] {logging_mixin.py:188} INFO - [2026-03-28T18:24:36.804+0500] {dagbag.py:545} INFO - Filling up the DagBag from /home/abayturar/airflow-project/venv/lib/python3.12/site-packages/airflow/example_dags/plugins/decreasing_priority_weight_strategy.py
[2026-03-28T18:24:36.807+0500] {processor.py:842} WARNING - No viable dags retrieved from /home/abayturar/airflow-project/venv/lib/python3.12/site-packages/airflow/example_dags/plugins/decreasing_priority_weight_strategy.py
[2026-03-28T18:24:36.818+0500] {processor.py:183} INFO - Processing /home/abayturar/airflow-project/venv/lib/python3.12/site-packages/airflow/example_dags/plugins/decreasing_priority_weight_strategy.py took 0.021 seconds
[2026-03-28T18:25:23.339+0500] {processor.py:161} INFO - Started process (PID=19086) to work on /home/abayturar/airflow-project/venv/lib/python3.12/site-packages/airflow/example_dags/plugins/decreasing_priority_weight_strategy.py
[2026-03-28T18:25:23.341+0500] {processor.py:830} INFO - Processing file /home/abayturar/airflow-project/venv/lib/python3.12/site-packages/airflow/example_dags/plugins/decreasing_priority_weight_strategy.py for tasks to queue
[2026-03-28T18:25:23.344+0500] {logging_mixin.py:188} INFO - [2026-03-28T18:25:23.344+0500] {dagbag.py:545} INFO - Filling up the DagBag from /home/abayturar/airflow-project/venv/lib/python3.12/site-packages/airflow/example_dags/plugins/decreasing_priority_weight_strategy.py
[2026-03-28T18:25:23.350+0500] {processor.py:842} WARNING - No viable dags retrieved from /home/abayturar/airflow-project/venv/lib/python3.12/site-packages/airflow/example_dags/plugins/decreasing_priority_weight_strategy.py
[2026-03-28T18:25:23.368+0500] {processor.py:183} INFO - Processing /home/abayturar/airflow-project/venv/lib/python3.12/site-packages/airflow/example_dags/plugins/decreasing_priority_weight_strategy.py took 0.048 seconds
[2026-03-28T18:26:09.441+0500] {processor.py:161} INFO - Started process (PID=19207) to work on /home/abayturar/airflow-project/venv/lib/python3.12/site-packages/airflow/example_dags/plugins/decreasing_priority_weight_strategy.py
[2026-03-28T18:26:09.442+0500] {processor.py:830} INFO - Processing file /home/abayturar/airflow-project/venv/lib/python3.12/site-packages/airflow/example_dags/plugins/decreasing_priority_weight_strategy.py for tasks to queue
[2026-03-28T18:26:09.445+0500] {logging_mixin.py:188} INFO - [2026-03-28T18:26:09.444+0500] {dagbag.py:545} INFO - Filling up the DagBag from /home/abayturar/airflow-project/venv/lib/python3.12/site-packages/airflow/example_dags/plugins/decreasing_priority_weight_strategy.py
[2026-03-28T18:26:09.447+0500] {processor.py:842} WARNING - No viable dags retrieved from /home/abayturar/airflow-project/venv/lib/python3.12/site-packages/airflow/example_dags/plugins/decreasing_priority_weight_strategy.py
[2026-03-28T18:26:09.462+0500] {processor.py:183} INFO - Processing /home/abayturar/airflow-project/venv/lib/python3.12/site-packages/airflow/example_dags/plugins/decreasing_priority_weight_strategy.py took 0.028 seconds
[2026-03-28T18:26:56.439+0500] {processor.py:161} INFO - Started process (PID=19334) to work on /home/abayturar/airflow-project/venv/lib/python3.12/site-packages/airflow/example_dags/plugins/decreasing_priority_weight_strategy.py
[2026-03-28T18:26:56.440+0500] {processor.py:830} INFO - Processing file /home/abayturar/airflow-project/venv/lib/python3.12/site-packages/airflow/example_dags/plugins/decreasing_priority_weight_strategy.py for tasks to queue
[2026-03-28T18:26:56.442+0500] {logging_mixin.py:188} INFO - [2026-03-28T18:26:56.441+0500] {dagbag.py:545} INFO - Filling up the DagBag from /home/abayturar/airflow-project/venv/lib/python3.12/site-packages/airflow/example_dags/plugins/decreasing_priority_weight_strategy.py
[2026-03-28T18:26:56.444+0500] {processor.py:842} WARNING - No viable dags retrieved from /home/abayturar/airflow-project/venv/lib/python3.12/site-packages/airflow/example_dags/plugins/decreasing_priority_weight_strategy.py
[2026-03-28T18:26:56.454+0500] {processor.py:183} INFO - Processing /home/abayturar/airflow-project/venv/lib/python3.12/site-packages/airflow/example_dags/plugins/decreasing_priority_weight_strategy.py took 0.021 seconds
[2026-03-28T18:27:47.820+0500] {processor.py:161} INFO - Started process (PID=19476) to work on /home/abayturar/airflow-project/venv/lib/python3.12/site-packages/airflow/example_dags/plugins/decreasing_priority_weight_strategy.py
[2026-03-28T18:27:47.821+0500] {processor.py:830} INFO - Processing file /home/abayturar/airflow-project/venv/lib/python3.12/site-packages/airflow/example_dags/plugins/decreasing_priority_weight_strategy.py for tasks to queue
[2026-03-28T18:27:47.823+0500] {logging_mixin.py:188} INFO - [2026-03-28T18:27:47.822+0500] {dagbag.py:545} INFO - Filling up the DagBag from /home/abayturar/airflow-project/venv/lib/python3.12/site-packages/airflow/example_dags/plugins/decreasing_priority_weight_strategy.py
[2026-03-28T18:27:47.826+0500] {processor.py:842} WARNING - No viable dags retrieved from /home/abayturar/airflow-project/venv/lib/python3.12/site-packages/airflow/example_dags/plugins/decreasing_priority_weight_strategy.py
[2026-03-28T18:27:47.841+0500] {processor.py:183} INFO - Processing /home/abayturar/airflow-project/venv/lib/python3.12/site-packages/airflow/example_dags/plugins/decreasing_priority_weight_strategy.py took 0.028 seconds
[2026-03-28T18:28:42.259+0500] {processor.py:161} INFO - Started process (PID=19625) to work on /home/abayturar/airflow-project/venv/lib/python3.12/site-packages/airflow/example_dags/plugins/decreasing_priority_weight_strategy.py
[2026-03-28T18:28:42.260+0500] {processor.py:830} INFO - Processing file /home/abayturar/airflow-project/venv/lib/python3.12/site-packages/airflow/example_dags/plugins/decreasing_priority_weight_strategy.py for tasks to queue
[2026-03-28T18:28:42.262+0500] {logging_mixin.py:188} INFO - [2026-03-28T18:28:42.262+0500] {dagbag.py:545} INFO - Filling up the DagBag from /home/abayturar/airflow-project/venv/lib/python3.12/site-packages/airflow/example_dags/plugins/decreasing_priority_weight_strategy.py
[2026-03-28T18:28:42.264+0500] {processor.py:842} WARNING - No viable dags retrieved from /home/abayturar/airflow-project/venv/lib/python3.12/site-packages/airflow/example_dags/plugins/decreasing_priority_weight_strategy.py
[2026-03-28T18:28:42.278+0500] {processor.py:183} INFO - Processing /home/abayturar/airflow-project/venv/lib/python3.12/site-packages/airflow/example_dags/plugins/decreasing_priority_weight_strategy.py took 0.026 seconds
[2026-03-28T18:29:35.128+0500] {processor.py:161} INFO - Started process (PID=19763) to work on /home/abayturar/airflow-project/venv/lib/python3.12/site-packages/airflow/example_dags/plugins/decreasing_priority_weight_strategy.py
[2026-03-28T18:29:35.129+0500] {processor.py:830} INFO - Processing file /home/abayturar/airflow-project/venv/lib/python3.12/site-packages/airflow/example_dags/plugins/decreasing_priority_weight_strategy.py for tasks to queue
[2026-03-28T18:29:35.131+0500] {logging_mixin.py:188} INFO - [2026-03-28T18:29:35.130+0500] {dagbag.py:545} INFO - Filling up the DagBag from /home/abayturar/airflow-project/venv/lib/python3.12/site-packages/airflow/example_dags/plugins/decreasing_priority_weight_strategy.py
[2026-03-28T18:29:35.133+0500] {processor.py:842} WARNING - No viable dags retrieved from /home/abayturar/airflow-project/venv/lib/python3.12/site-packages/airflow/example_dags/plugins/decreasing_priority_weight_strategy.py
[2026-03-28T18:29:35.148+0500] {processor.py:183} INFO - Processing /home/abayturar/airflow-project/venv/lib/python3.12/site-packages/airflow/example_dags/plugins/decreasing_priority_weight_strategy.py took 0.027 seconds
[2026-03-28T18:30:21.643+0500] {processor.py:161} INFO - Started process (PID=19891) to work on /home/abayturar/airflow-project/venv/lib/python3.12/site-packages/airflow/example_dags/plugins/decreasing_priority_weight_strategy.py
[2026-03-28T18:30:21.644+0500] {processor.py:830} INFO - Processing file /home/abayturar/airflow-project/venv/lib/python3.12/site-packages/airflow/example_dags/plugins/decreasing_priority_weight_strategy.py for tasks to queue
[2026-03-28T18:30:21.645+0500] {logging_mixin.py:188} INFO - [2026-03-28T18:30:21.645+0500] {dagbag.py:545} INFO - Filling up the DagBag from /home/abayturar/airflow-project/venv/lib/python3.12/site-packages/airflow/example_dags/plugins/decreasing_priority_weight_strategy.py
[2026-03-28T18:30:21.648+0500] {processor.py:842} WARNING - No viable dags retrieved from /home/abayturar/airflow-project/venv/lib/python3.12/site-packages/airflow/example_dags/plugins/decreasing_priority_weight_strategy.py
[2026-03-28T18:30:21.658+0500] {processor.py:183} INFO - Processing /home/abayturar/airflow-project/venv/lib/python3.12/site-packages/airflow/example_dags/plugins/decreasing_priority_weight_strategy.py took 0.021 seconds
[2026-03-28T18:31:06.697+0500] {processor.py:161} INFO - Started process (PID=20013) to work on /home/abayturar/airflow-project/venv/lib/python3.12/site-packages/airflow/example_dags/plugins/decreasing_priority_weight_strategy.py
[2026-03-28T18:31:06.698+0500] {processor.py:830} INFO - Processing file /home/abayturar/airflow-project/venv/lib/python3.12/site-packages/airflow/example_dags/plugins/decreasing_priority_weight_strategy.py for tasks to queue
[2026-03-28T18:31:06.700+0500] {logging_mixin.py:188} INFO - [2026-03-28T18:31:06.700+0500] {dagbag.py:545} INFO - Filling up the DagBag from /home/abayturar/airflow-project/venv/lib/python3.12/site-packages/airflow/example_dags/plugins/decreasing_priority_weight_strategy.py
[2026-03-28T18:31:06.702+0500] {processor.py:842} WARNING - No viable dags retrieved from /home/abayturar/airflow-project/venv/lib/python3.12/site-packages/airflow/example_dags/plugins/decreasing_priority_weight_strategy.py
[2026-03-28T18:31:06.715+0500] {processor.py:183} INFO - Processing /home/abayturar/airflow-project/venv/lib/python3.12/site-packages/airflow/example_dags/plugins/decreasing_priority_weight_strategy.py took 0.025 seconds
[2026-03-28T18:31:54.046+0500] {processor.py:161} INFO - Started process (PID=20147) to work on /home/abayturar/airflow-project/venv/lib/python3.12/site-packages/airflow/example_dags/plugins/decreasing_priority_weight_strategy.py
[2026-03-28T18:31:54.047+0500] {processor.py:830} INFO - Processing file /home/abayturar/airflow-project/venv/lib/python3.12/site-packages/airflow/example_dags/plugins/decreasing_priority_weight_strategy.py for tasks to queue
[2026-03-28T18:31:54.050+0500] {logging_mixin.py:188} INFO - [2026-03-28T18:31:54.049+0500] {dagbag.py:545} INFO - Filling up the DagBag from /home/abayturar/airflow-project/venv/lib/python3.12/site-packages/airflow/example_dags/plugins/decreasing_priority_weight_strategy.py
[2026-03-28T18:31:54.054+0500] {processor.py:842} WARNING - No viable dags retrieved from /home/abayturar/airflow-project/venv/lib/python3.12/site-packages/airflow/example_dags/plugins/decreasing_priority_weight_strategy.py
[2026-03-28T18:31:54.071+0500] {processor.py:183} INFO - Processing /home/abayturar/airflow-project/venv/lib/python3.12/site-packages/airflow/example_dags/plugins/decreasing_priority_weight_strategy.py took 0.035 seconds
[2026-03-28T18:32:36.849+0500] {processor.py:161} INFO - Started process (PID=20261) to work on /home/abayturar/airflow-project/venv/lib/python3.12/site-packages/airflow/example_dags/plugins/decreasing_priority_weight_strategy.py
[2026-03-28T18:32:36.850+0500] {processor.py:830} INFO - Processing file /home/abayturar/airflow-project/venv/lib/python3.12/site-packages/airflow/example_dags/plugins/decreasing_priority_weight_strategy.py for tasks to queue
[2026-03-28T18:32:36.851+0500] {logging_mixin.py:188} INFO - [2026-03-28T18:32:36.851+0500] {dagbag.py:545} INFO - Filling up the DagBag from /home/abayturar/airflow-project/venv/lib/python3.12/site-packages/airflow/example_dags/plugins/decreasing_priority_weight_strategy.py
[2026-03-28T18:32:36.854+0500] {processor.py:842} WARNING - No viable dags retrieved from /home/abayturar/airflow-project/venv/lib/python3.12/site-packages/airflow/example_dags/plugins/decreasing_priority_weight_strategy.py
[2026-03-28T18:32:36.865+0500] {processor.py:183} INFO - Processing /home/abayturar/airflow-project/venv/lib/python3.12/site-packages/airflow/example_dags/plugins/decreasing_priority_weight_strategy.py took 0.022 seconds
[2026-03-28T18:33:28.819+0500] {processor.py:161} INFO - Started process (PID=20398) to work on /home/abayturar/airflow-project/venv/lib/python3.12/site-packages/airflow/example_dags/plugins/decreasing_priority_weight_strategy.py
[2026-03-28T18:33:28.820+0500] {processor.py:830} INFO - Processing file /home/abayturar/airflow-project/venv/lib/python3.12/site-packages/airflow/example_dags/plugins/decreasing_priority_weight_strategy.py for tasks to queue
[2026-03-28T18:33:28.821+0500] {logging_mixin.py:188} INFO - [2026-03-28T18:33:28.821+0500] {dagbag.py:545} INFO - Filling up the DagBag from /home/abayturar/airflow-project/venv/lib/python3.12/site-packages/airflow/example_dags/plugins/decreasing_priority_weight_strategy.py
[2026-03-28T18:33:28.824+0500] {processor.py:842} WARNING - No viable dags retrieved from /home/abayturar/airflow-project/venv/lib/python3.12/site-packages/airflow/example_dags/plugins/decreasing_priority_weight_strategy.py
[2026-03-28T18:33:28.836+0500] {processor.py:183} INFO - Processing /home/abayturar/airflow-project/venv/lib/python3.12/site-packages/airflow/example_dags/plugins/decreasing_priority_weight_strategy.py took 0.023 seconds
[2026-03-28T18:34:21.904+0500] {processor.py:161} INFO - Started process (PID=20549) to work on /home/abayturar/airflow-project/venv/lib/python3.12/site-packages/airflow/example_dags/plugins/decreasing_priority_weight_strategy.py
[2026-03-28T18:34:21.905+0500] {processor.py:830} INFO - Processing file /home/abayturar/airflow-project/venv/lib/python3.12/site-packages/airflow/example_dags/plugins/decreasing_priority_weight_strategy.py for tasks to queue
[2026-03-28T18:34:21.907+0500] {logging_mixin.py:188} INFO - [2026-03-28T18:34:21.906+0500] {dagbag.py:545} INFO - Filling up the DagBag from /home/abayturar/airflow-project/venv/lib/python3.12/site-packages/airflow/example_dags/plugins/decreasing_priority_weight_strategy.py
[2026-03-28T18:34:21.910+0500] {processor.py:842} WARNING - No viable dags retrieved from /home/abayturar/airflow-project/venv/lib/python3.12/site-packages/airflow/example_dags/plugins/decreasing_priority_weight_strategy.py
[2026-03-28T18:34:21.923+0500] {processor.py:183} INFO - Processing /home/abayturar/airflow-project/venv/lib/python3.12/site-packages/airflow/example_dags/plugins/decreasing_priority_weight_strategy.py took 0.026 seconds
[2026-03-28T18:35:11.501+0500] {processor.py:161} INFO - Started process (PID=20688) to work on /home/abayturar/airflow-project/venv/lib/python3.12/site-packages/airflow/example_dags/plugins/decreasing_priority_weight_strategy.py
[2026-03-28T18:35:11.502+0500] {processor.py:830} INFO - Processing file /home/abayturar/airflow-project/venv/lib/python3.12/site-packages/airflow/example_dags/plugins/decreasing_priority_weight_strategy.py for tasks to queue
[2026-03-28T18:35:11.504+0500] {logging_mixin.py:188} INFO - [2026-03-28T18:35:11.503+0500] {dagbag.py:545} INFO - Filling up the DagBag from /home/abayturar/airflow-project/venv/lib/python3.12/site-packages/airflow/example_dags/plugins/decreasing_priority_weight_strategy.py
[2026-03-28T18:35:11.506+0500] {processor.py:842} WARNING - No viable dags retrieved from /home/abayturar/airflow-project/venv/lib/python3.12/site-packages/airflow/example_dags/plugins/decreasing_priority_weight_strategy.py
[2026-03-28T18:35:11.517+0500] {processor.py:183} INFO - Processing /home/abayturar/airflow-project/venv/lib/python3.12/site-packages/airflow/example_dags/plugins/decreasing_priority_weight_strategy.py took 0.022 seconds
[2026-03-28T18:36:00.535+0500] {processor.py:161} INFO - Started process (PID=20819) to work on /home/abayturar/airflow-project/venv/lib/python3.12/site-packages/airflow/example_dags/plugins/decreasing_priority_weight_strategy.py
[2026-03-28T18:36:00.536+0500] {processor.py:830} INFO - Processing file /home/abayturar/airflow-project/venv/lib/python3.12/site-packages/airflow/example_dags/plugins/decreasing_priority_weight_strategy.py for tasks to queue
[2026-03-28T18:36:00.538+0500] {logging_mixin.py:188} INFO - [2026-03-28T18:36:00.538+0500] {dagbag.py:545} INFO - Filling up the DagBag from /home/abayturar/airflow-project/venv/lib/python3.12/site-packages/airflow/example_dags/plugins/decreasing_priority_weight_strategy.py
[2026-03-28T18:36:00.541+0500] {processor.py:842} WARNING - No viable dags retrieved from /home/abayturar/airflow-project/venv/lib/python3.12/site-packages/airflow/example_dags/plugins/decreasing_priority_weight_strategy.py
[2026-03-28T18:36:00.555+0500] {processor.py:183} INFO - Processing /home/abayturar/airflow-project/venv/lib/python3.12/site-packages/airflow/example_dags/plugins/decreasing_priority_weight_strategy.py took 0.027 seconds
[2026-03-28T18:36:56.124+0500] {processor.py:161} INFO - Started process (PID=20979) to work on /home/abayturar/airflow-project/venv/lib/python3.12/site-packages/airflow/example_dags/plugins/decreasing_priority_weight_strategy.py
[2026-03-28T18:36:56.125+0500] {processor.py:830} INFO - Processing file /home/abayturar/airflow-project/venv/lib/python3.12/site-packages/airflow/example_dags/plugins/decreasing_priority_weight_strategy.py for tasks to queue
[2026-03-28T18:36:56.127+0500] {logging_mixin.py:188} INFO - [2026-03-28T18:36:56.126+0500] {dagbag.py:545} INFO - Filling up the DagBag from /home/abayturar/airflow-project/venv/lib/python3.12/site-packages/airflow/example_dags/plugins/decreasing_priority_weight_strategy.py
[2026-03-28T18:36:56.129+0500] {processor.py:842} WARNING - No viable dags retrieved from /home/abayturar/airflow-project/venv/lib/python3.12/site-packages/airflow/example_dags/plugins/decreasing_priority_weight_strategy.py
[2026-03-28T18:36:56.141+0500] {processor.py:183} INFO - Processing /home/abayturar/airflow-project/venv/lib/python3.12/site-packages/airflow/example_dags/plugins/decreasing_priority_weight_strategy.py took 0.023 seconds
[2026-03-28T18:37:51.162+0500] {processor.py:161} INFO - Started process (PID=21133) to work on /home/abayturar/airflow-project/venv/lib/python3.12/site-packages/airflow/example_dags/plugins/decreasing_priority_weight_strategy.py
[2026-03-28T18:37:51.163+0500] {processor.py:830} INFO - Processing file /home/abayturar/airflow-project/venv/lib/python3.12/site-packages/airflow/example_dags/plugins/decreasing_priority_weight_strategy.py for tasks to queue
[2026-03-28T18:37:51.165+0500] {logging_mixin.py:188} INFO - [2026-03-28T18:37:51.164+0500] {dagbag.py:545} INFO - Filling up the DagBag from /home/abayturar/airflow-project/venv/lib/python3.12/site-packages/airflow/example_dags/plugins/decreasing_priority_weight_strategy.py
[2026-03-28T18:37:51.167+0500] {processor.py:842} WARNING - No viable dags retrieved from /home/abayturar/airflow-project/venv/lib/python3.12/site-packages/airflow/example_dags/plugins/decreasing_priority_weight_strategy.py
[2026-03-28T18:37:51.177+0500] {processor.py:183} INFO - Processing /home/abayturar/airflow-project/venv/lib/python3.12/site-packages/airflow/example_dags/plugins/decreasing_priority_weight_strategy.py took 0.021 seconds
[2026-03-28T18:38:39.586+0500] {processor.py:161} INFO - Started process (PID=21263) to work on /home/abayturar/airflow-project/venv/lib/python3.12/site-packages/airflow/example_dags/plugins/decreasing_priority_weight_strategy.py
[2026-03-28T18:38:39.587+0500] {processor.py:830} INFO - Processing file /home/abayturar/airflow-project/venv/lib/python3.12/site-packages/airflow/example_dags/plugins/decreasing_priority_weight_strategy.py for tasks to queue
[2026-03-28T18:38:39.588+0500] {logging_mixin.py:188} INFO - [2026-03-28T18:38:39.588+0500] {dagbag.py:545} INFO - Filling up the DagBag from /home/abayturar/airflow-project/venv/lib/python3.12/site-packages/airflow/example_dags/plugins/decreasing_priority_weight_strategy.py
[2026-03-28T18:38:39.591+0500] {processor.py:842} WARNING - No viable dags retrieved from /home/abayturar/airflow-project/venv/lib/python3.12/site-packages/airflow/example_dags/plugins/decreasing_priority_weight_strategy.py
[2026-03-28T18:38:39.601+0500] {processor.py:183} INFO - Processing /home/abayturar/airflow-project/venv/lib/python3.12/site-packages/airflow/example_dags/plugins/decreasing_priority_weight_strategy.py took 0.021 seconds
[2026-03-28T18:39:30.598+0500] {processor.py:161} INFO - Started process (PID=21400) to work on /home/abayturar/airflow-project/venv/lib/python3.12/site-packages/airflow/example_dags/plugins/decreasing_priority_weight_strategy.py
[2026-03-28T18:39:30.599+0500] {processor.py:830} INFO - Processing file /home/abayturar/airflow-project/venv/lib/python3.12/site-packages/airflow/example_dags/plugins/decreasing_priority_weight_strategy.py for tasks to queue
[2026-03-28T18:39:30.602+0500] {logging_mixin.py:188} INFO - [2026-03-28T18:39:30.601+0500] {dagbag.py:545} INFO - Filling up the DagBag from /home/abayturar/airflow-project/venv/lib/python3.12/site-packages/airflow/example_dags/plugins/decreasing_priority_weight_strategy.py
[2026-03-28T18:39:30.605+0500] {processor.py:842} WARNING - No viable dags retrieved from /home/abayturar/airflow-project/venv/lib/python3.12/site-packages/airflow/example_dags/plugins/decreasing_priority_weight_strategy.py
[2026-03-28T18:39:30.620+0500] {processor.py:183} INFO - Processing /home/abayturar/airflow-project/venv/lib/python3.12/site-packages/airflow/example_dags/plugins/decreasing_priority_weight_strategy.py took 0.029 seconds
[2026-03-28T18:40:23.066+0500] {processor.py:161} INFO - Started process (PID=21537) to work on /home/abayturar/airflow-project/venv/lib/python3.12/site-packages/airflow/example_dags/plugins/decreasing_priority_weight_strategy.py
[2026-03-28T18:40:23.067+0500] {processor.py:830} INFO - Processing file /home/abayturar/airflow-project/venv/lib/python3.12/site-packages/airflow/example_dags/plugins/decreasing_priority_weight_strategy.py for tasks to queue
[2026-03-28T18:40:23.069+0500] {logging_mixin.py:188} INFO - [2026-03-28T18:40:23.069+0500] {dagbag.py:545} INFO - Filling up the DagBag from /home/abayturar/airflow-project/venv/lib/python3.12/site-packages/airflow/example_dags/plugins/decreasing_priority_weight_strategy.py
[2026-03-28T18:40:23.072+0500] {processor.py:842} WARNING - No viable dags retrieved from /home/abayturar/airflow-project/venv/lib/python3.12/site-packages/airflow/example_dags/plugins/decreasing_priority_weight_strategy.py
[2026-03-28T18:40:23.083+0500] {processor.py:183} INFO - Processing /home/abayturar/airflow-project/venv/lib/python3.12/site-packages/airflow/example_dags/plugins/decreasing_priority_weight_strategy.py took 0.023 seconds
[2026-03-28T18:41:16.159+0500] {processor.py:161} INFO - Started process (PID=21675) to work on /home/abayturar/airflow-project/venv/lib/python3.12/site-packages/airflow/example_dags/plugins/decreasing_priority_weight_strategy.py
[2026-03-28T18:41:16.160+0500] {processor.py:830} INFO - Processing file /home/abayturar/airflow-project/venv/lib/python3.12/site-packages/airflow/example_dags/plugins/decreasing_priority_weight_strategy.py for tasks to queue
[2026-03-28T18:41:16.161+0500] {logging_mixin.py:188} INFO - [2026-03-28T18:41:16.161+0500] {dagbag.py:545} INFO - Filling up the DagBag from /home/abayturar/airflow-project/venv/lib/python3.12/site-packages/airflow/example_dags/plugins/decreasing_priority_weight_strategy.py
[2026-03-28T18:41:16.164+0500] {processor.py:842} WARNING - No viable dags retrieved from /home/abayturar/airflow-project/venv/lib/python3.12/site-packages/airflow/example_dags/plugins/decreasing_priority_weight_strategy.py
[2026-03-28T18:41:16.177+0500] {processor.py:183} INFO - Processing /home/abayturar/airflow-project/venv/lib/python3.12/site-packages/airflow/example_dags/plugins/decreasing_priority_weight_strategy.py took 0.027 seconds
[2026-03-28T18:41:53.010+0500] {processor.py:161} INFO - Started process (PID=21824) to work on /home/abayturar/airflow-project/venv/lib/python3.12/site-packages/airflow/example_dags/plugins/decreasing_priority_weight_strategy.py
[2026-03-28T18:41:53.011+0500] {processor.py:830} INFO - Processing file /home/abayturar/airflow-project/venv/lib/python3.12/site-packages/airflow/example_dags/plugins/decreasing_priority_weight_strategy.py for tasks to queue
[2026-03-28T18:41:53.013+0500] {logging_mixin.py:188} INFO - [2026-03-28T18:41:53.013+0500] {dagbag.py:545} INFO - Filling up the DagBag from /home/abayturar/airflow-project/venv/lib/python3.12/site-packages/airflow/example_dags/plugins/decreasing_priority_weight_strategy.py
[2026-03-28T18:41:53.016+0500] {processor.py:842} WARNING - No viable dags retrieved from /home/abayturar/airflow-project/venv/lib/python3.12/site-packages/airflow/example_dags/plugins/decreasing_priority_weight_strategy.py
[2026-03-28T18:41:53.028+0500] {processor.py:183} INFO - Processing /home/abayturar/airflow-project/venv/lib/python3.12/site-packages/airflow/example_dags/plugins/decreasing_priority_weight_strategy.py took 0.024 seconds
[2026-03-28T18:42:46.518+0500] {processor.py:161} INFO - Started process (PID=21967) to work on /home/abayturar/airflow-project/venv/lib/python3.12/site-packages/airflow/example_dags/plugins/decreasing_priority_weight_strategy.py
[2026-03-28T18:42:46.519+0500] {processor.py:830} INFO - Processing file /home/abayturar/airflow-project/venv/lib/python3.12/site-packages/airflow/example_dags/plugins/decreasing_priority_weight_strategy.py for tasks to queue
[2026-03-28T18:42:46.521+0500] {logging_mixin.py:188} INFO - [2026-03-28T18:42:46.521+0500] {dagbag.py:545} INFO - Filling up the DagBag from /home/abayturar/airflow-project/venv/lib/python3.12/site-packages/airflow/example_dags/plugins/decreasing_priority_weight_strategy.py
[2026-03-28T18:42:46.524+0500] {processor.py:842} WARNING - No viable dags retrieved from /home/abayturar/airflow-project/venv/lib/python3.12/site-packages/airflow/example_dags/plugins/decreasing_priority_weight_strategy.py
[2026-03-28T18:42:46.536+0500] {processor.py:183} INFO - Processing /home/abayturar/airflow-project/venv/lib/python3.12/site-packages/airflow/example_dags/plugins/decreasing_priority_weight_strategy.py took 0.023 seconds
[2026-03-28T18:43:33.521+0500] {processor.py:161} INFO - Started process (PID=22130) to work on /home/abayturar/airflow-project/venv/lib/python3.12/site-packages/airflow/example_dags/plugins/decreasing_priority_weight_strategy.py
[2026-03-28T18:43:33.522+0500] {processor.py:830} INFO - Processing file /home/abayturar/airflow-project/venv/lib/python3.12/site-packages/airflow/example_dags/plugins/decreasing_priority_weight_strategy.py for tasks to queue
[2026-03-28T18:43:33.524+0500] {logging_mixin.py:188} INFO - [2026-03-28T18:43:33.524+0500] {dagbag.py:545} INFO - Filling up the DagBag from /home/abayturar/airflow-project/venv/lib/python3.12/site-packages/airflow/example_dags/plugins/decreasing_priority_weight_strategy.py
[2026-03-28T18:43:33.527+0500] {processor.py:842} WARNING - No viable dags retrieved from /home/abayturar/airflow-project/venv/lib/python3.12/site-packages/airflow/example_dags/plugins/decreasing_priority_weight_strategy.py
[2026-03-28T18:43:33.541+0500] {processor.py:183} INFO - Processing /home/abayturar/airflow-project/venv/lib/python3.12/site-packages/airflow/example_dags/plugins/decreasing_priority_weight_strategy.py took 0.028 seconds
[2026-03-28T18:44:25.022+0500] {processor.py:161} INFO - Started process (PID=22265) to work on /home/abayturar/airflow-project/venv/lib/python3.12/site-packages/airflow/example_dags/plugins/decreasing_priority_weight_strategy.py
[2026-03-28T18:44:25.023+0500] {processor.py:830} INFO - Processing file /home/abayturar/airflow-project/venv/lib/python3.12/site-packages/airflow/example_dags/plugins/decreasing_priority_weight_strategy.py for tasks to queue
[2026-03-28T18:44:25.025+0500] {logging_mixin.py:188} INFO - [2026-03-28T18:44:25.025+0500] {dagbag.py:545} INFO - Filling up the DagBag from /home/abayturar/airflow-project/venv/lib/python3.12/site-packages/airflow/example_dags/plugins/decreasing_priority_weight_strategy.py
[2026-03-28T18:44:25.029+0500] {processor.py:842} WARNING - No viable dags retrieved from /home/abayturar/airflow-project/venv/lib/python3.12/site-packages/airflow/example_dags/plugins/decreasing_priority_weight_strategy.py
[2026-03-28T18:44:25.042+0500] {processor.py:183} INFO - Processing /home/abayturar/airflow-project/venv/lib/python3.12/site-packages/airflow/example_dags/plugins/decreasing_priority_weight_strategy.py took 0.029 seconds
[2026-03-28T18:45:14.803+0500] {processor.py:161} INFO - Started process (PID=22399) to work on /home/abayturar/airflow-project/venv/lib/python3.12/site-packages/airflow/example_dags/plugins/decreasing_priority_weight_strategy.py
[2026-03-28T18:45:14.804+0500] {processor.py:830} INFO - Processing file /home/abayturar/airflow-project/venv/lib/python3.12/site-packages/airflow/example_dags/plugins/decreasing_priority_weight_strategy.py for tasks to queue
[2026-03-28T18:45:14.806+0500] {logging_mixin.py:188} INFO - [2026-03-28T18:45:14.805+0500] {dagbag.py:545} INFO - Filling up the DagBag from /home/abayturar/airflow-project/venv/lib/python3.12/site-packages/airflow/example_dags/plugins/decreasing_priority_weight_strategy.py
[2026-03-28T18:45:14.809+0500] {processor.py:842} WARNING - No viable dags retrieved from /home/abayturar/airflow-project/venv/lib/python3.12/site-packages/airflow/example_dags/plugins/decreasing_priority_weight_strategy.py
[2026-03-28T18:45:14.822+0500] {processor.py:183} INFO - Processing /home/abayturar/airflow-project/venv/lib/python3.12/site-packages/airflow/example_dags/plugins/decreasing_priority_weight_strategy.py took 0.026 seconds
[2026-03-28T18:46:03.089+0500] {processor.py:161} INFO - Started process (PID=22527) to work on /home/abayturar/airflow-project/venv/lib/python3.12/site-packages/airflow/example_dags/plugins/decreasing_priority_weight_strategy.py
[2026-03-28T18:46:03.091+0500] {processor.py:830} INFO - Processing file /home/abayturar/airflow-project/venv/lib/python3.12/site-packages/airflow/example_dags/plugins/decreasing_priority_weight_strategy.py for tasks to queue
[2026-03-28T18:46:03.092+0500] {logging_mixin.py:188} INFO - [2026-03-28T18:46:03.092+0500] {dagbag.py:545} INFO - Filling up the DagBag from /home/abayturar/airflow-project/venv/lib/python3.12/site-packages/airflow/example_dags/plugins/decreasing_priority_weight_strategy.py
[2026-03-28T18:46:03.095+0500] {processor.py:842} WARNING - No viable dags retrieved from /home/abayturar/airflow-project/venv/lib/python3.12/site-packages/airflow/example_dags/plugins/decreasing_priority_weight_strategy.py
[2026-03-28T18:46:03.111+0500] {processor.py:183} INFO - Processing /home/abayturar/airflow-project/venv/lib/python3.12/site-packages/airflow/example_dags/plugins/decreasing_priority_weight_strategy.py took 0.031 seconds
[2026-03-28T18:46:51.636+0500] {processor.py:161} INFO - Started process (PID=22655) to work on /home/abayturar/airflow-project/venv/lib/python3.12/site-packages/airflow/example_dags/plugins/decreasing_priority_weight_strategy.py
[2026-03-28T18:46:51.637+0500] {processor.py:830} INFO - Processing file /home/abayturar/airflow-project/venv/lib/python3.12/site-packages/airflow/example_dags/plugins/decreasing_priority_weight_strategy.py for tasks to queue
[2026-03-28T18:46:51.638+0500] {logging_mixin.py:188} INFO - [2026-03-28T18:46:51.638+0500] {dagbag.py:545} INFO - Filling up the DagBag from /home/abayturar/airflow-project/venv/lib/python3.12/site-packages/airflow/example_dags/plugins/decreasing_priority_weight_strategy.py
[2026-03-28T18:46:51.640+0500] {processor.py:842} WARNING - No viable dags retrieved from /home/abayturar/airflow-project/venv/lib/python3.12/site-packages/airflow/example_dags/plugins/decreasing_priority_weight_strategy.py
[2026-03-28T18:46:51.652+0500] {processor.py:183} INFO - Processing /home/abayturar/airflow-project/venv/lib/python3.12/site-packages/airflow/example_dags/plugins/decreasing_priority_weight_strategy.py took 0.022 seconds
[2026-03-28T18:47:36.499+0500] {processor.py:161} INFO - Started process (PID=22778) to work on /home/abayturar/airflow-project/venv/lib/python3.12/site-packages/airflow/example_dags/plugins/decreasing_priority_weight_strategy.py
[2026-03-28T18:47:36.500+0500] {processor.py:830} INFO - Processing file /home/abayturar/airflow-project/venv/lib/python3.12/site-packages/airflow/example_dags/plugins/decreasing_priority_weight_strategy.py for tasks to queue
[2026-03-28T18:47:36.501+0500] {logging_mixin.py:188} INFO - [2026-03-28T18:47:36.501+0500] {dagbag.py:545} INFO - Filling up the DagBag from /home/abayturar/airflow-project/venv/lib/python3.12/site-packages/airflow/example_dags/plugins/decreasing_priority_weight_strategy.py
[2026-03-28T18:47:36.503+0500] {processor.py:842} WARNING - No viable dags retrieved from /home/abayturar/airflow-project/venv/lib/python3.12/site-packages/airflow/example_dags/plugins/decreasing_priority_weight_strategy.py
[2026-03-28T18:47:36.515+0500] {processor.py:183} INFO - Processing /home/abayturar/airflow-project/venv/lib/python3.12/site-packages/airflow/example_dags/plugins/decreasing_priority_weight_strategy.py took 0.022 seconds
[2026-03-28T18:48:22.332+0500] {processor.py:161} INFO - Started process (PID=22902) to work on /home/abayturar/airflow-project/venv/lib/python3.12/site-packages/airflow/example_dags/plugins/decreasing_priority_weight_strategy.py
[2026-03-28T18:48:22.333+0500] {processor.py:830} INFO - Processing file /home/abayturar/airflow-project/venv/lib/python3.12/site-packages/airflow/example_dags/plugins/decreasing_priority_weight_strategy.py for tasks to queue
[2026-03-28T18:48:22.335+0500] {logging_mixin.py:188} INFO - [2026-03-28T18:48:22.335+0500] {dagbag.py:545} INFO - Filling up the DagBag from /home/abayturar/airflow-project/venv/lib/python3.12/site-packages/airflow/example_dags/plugins/decreasing_priority_weight_strategy.py
[2026-03-28T18:48:22.337+0500] {processor.py:842} WARNING - No viable dags retrieved from /home/abayturar/airflow-project/venv/lib/python3.12/site-packages/airflow/example_dags/plugins/decreasing_priority_weight_strategy.py
[2026-03-28T18:48:22.349+0500] {processor.py:183} INFO - Processing /home/abayturar/airflow-project/venv/lib/python3.12/site-packages/airflow/example_dags/plugins/decreasing_priority_weight_strategy.py took 0.024 seconds
[2026-03-28T18:49:04.676+0500] {processor.py:161} INFO - Started process (PID=23014) to work on /home/abayturar/airflow-project/venv/lib/python3.12/site-packages/airflow/example_dags/plugins/decreasing_priority_weight_strategy.py
[2026-03-28T18:49:04.677+0500] {processor.py:830} INFO - Processing file /home/abayturar/airflow-project/venv/lib/python3.12/site-packages/airflow/example_dags/plugins/decreasing_priority_weight_strategy.py for tasks to queue
[2026-03-28T18:49:04.679+0500] {logging_mixin.py:188} INFO - [2026-03-28T18:49:04.678+0500] {dagbag.py:545} INFO - Filling up the DagBag from /home/abayturar/airflow-project/venv/lib/python3.12/site-packages/airflow/example_dags/plugins/decreasing_priority_weight_strategy.py
[2026-03-28T18:49:04.681+0500] {processor.py:842} WARNING - No viable dags retrieved from /home/abayturar/airflow-project/venv/lib/python3.12/site-packages/airflow/example_dags/plugins/decreasing_priority_weight_strategy.py
[2026-03-28T18:49:04.694+0500] {processor.py:183} INFO - Processing /home/abayturar/airflow-project/venv/lib/python3.12/site-packages/airflow/example_dags/plugins/decreasing_priority_weight_strategy.py took 0.025 seconds
[2026-03-28T18:49:50.888+0500] {processor.py:161} INFO - Started process (PID=23140) to work on /home/abayturar/airflow-project/venv/lib/python3.12/site-packages/airflow/example_dags/plugins/decreasing_priority_weight_strategy.py
[2026-03-28T18:49:50.889+0500] {processor.py:830} INFO - Processing file /home/abayturar/airflow-project/venv/lib/python3.12/site-packages/airflow/example_dags/plugins/decreasing_priority_weight_strategy.py for tasks to queue
[2026-03-28T18:49:50.891+0500] {logging_mixin.py:188} INFO - [2026-03-28T18:49:50.891+0500] {dagbag.py:545} INFO - Filling up the DagBag from /home/abayturar/airflow-project/venv/lib/python3.12/site-packages/airflow/example_dags/plugins/decreasing_priority_weight_strategy.py
[2026-03-28T18:49:50.893+0500] {processor.py:842} WARNING - No viable dags retrieved from /home/abayturar/airflow-project/venv/lib/python3.12/site-packages/airflow/example_dags/plugins/decreasing_priority_weight_strategy.py
[2026-03-28T18:49:50.905+0500] {processor.py:183} INFO - Processing /home/abayturar/airflow-project/venv/lib/python3.12/site-packages/airflow/example_dags/plugins/decreasing_priority_weight_strategy.py took 0.023 seconds
[2026-03-28T18:50:37.413+0500] {processor.py:161} INFO - Started process (PID=23262) to work on /home/abayturar/airflow-project/venv/lib/python3.12/site-packages/airflow/example_dags/plugins/decreasing_priority_weight_strategy.py
[2026-03-28T18:50:37.414+0500] {processor.py:830} INFO - Processing file /home/abayturar/airflow-project/venv/lib/python3.12/site-packages/airflow/example_dags/plugins/decreasing_priority_weight_strategy.py for tasks to queue
[2026-03-28T18:50:37.416+0500] {logging_mixin.py:188} INFO - [2026-03-28T18:50:37.415+0500] {dagbag.py:545} INFO - Filling up the DagBag from /home/abayturar/airflow-project/venv/lib/python3.12/site-packages/airflow/example_dags/plugins/decreasing_priority_weight_strategy.py
[2026-03-28T18:50:37.419+0500] {processor.py:842} WARNING - No viable dags retrieved from /home/abayturar/airflow-project/venv/lib/python3.12/site-packages/airflow/example_dags/plugins/decreasing_priority_weight_strategy.py
[2026-03-28T18:50:37.432+0500] {processor.py:183} INFO - Processing /home/abayturar/airflow-project/venv/lib/python3.12/site-packages/airflow/example_dags/plugins/decreasing_priority_weight_strategy.py took 0.026 seconds
[2026-03-28T18:51:24.930+0500] {processor.py:161} INFO - Started process (PID=23389) to work on /home/abayturar/airflow-project/venv/lib/python3.12/site-packages/airflow/example_dags/plugins/decreasing_priority_weight_strategy.py
[2026-03-28T18:51:24.930+0500] {processor.py:830} INFO - Processing file /home/abayturar/airflow-project/venv/lib/python3.12/site-packages/airflow/example_dags/plugins/decreasing_priority_weight_strategy.py for tasks to queue
[2026-03-28T18:51:24.932+0500] {logging_mixin.py:188} INFO - [2026-03-28T18:51:24.932+0500] {dagbag.py:545} INFO - Filling up the DagBag from /home/abayturar/airflow-project/venv/lib/python3.12/site-packages/airflow/example_dags/plugins/decreasing_priority_weight_strategy.py
[2026-03-28T18:51:24.935+0500] {processor.py:842} WARNING - No viable dags retrieved from /home/abayturar/airflow-project/venv/lib/python3.12/site-packages/airflow/example_dags/plugins/decreasing_priority_weight_strategy.py
[2026-03-28T18:51:24.952+0500] {processor.py:183} INFO - Processing /home/abayturar/airflow-project/venv/lib/python3.12/site-packages/airflow/example_dags/plugins/decreasing_priority_weight_strategy.py took 0.030 seconds
[2026-03-28T18:52:10.552+0500] {processor.py:161} INFO - Started process (PID=23516) to work on /home/abayturar/airflow-project/venv/lib/python3.12/site-packages/airflow/example_dags/plugins/decreasing_priority_weight_strategy.py
[2026-03-28T18:52:10.553+0500] {processor.py:830} INFO - Processing file /home/abayturar/airflow-project/venv/lib/python3.12/site-packages/airflow/example_dags/plugins/decreasing_priority_weight_strategy.py for tasks to queue
[2026-03-28T18:52:10.555+0500] {logging_mixin.py:188} INFO - [2026-03-28T18:52:10.555+0500] {dagbag.py:545} INFO - Filling up the DagBag from /home/abayturar/airflow-project/venv/lib/python3.12/site-packages/airflow/example_dags/plugins/decreasing_priority_weight_strategy.py
[2026-03-28T18:52:10.558+0500] {processor.py:842} WARNING - No viable dags retrieved from /home/abayturar/airflow-project/venv/lib/python3.12/site-packages/airflow/example_dags/plugins/decreasing_priority_weight_strategy.py
[2026-03-28T18:52:10.570+0500] {processor.py:183} INFO - Processing /home/abayturar/airflow-project/venv/lib/python3.12/site-packages/airflow/example_dags/plugins/decreasing_priority_weight_strategy.py took 0.026 seconds
[2026-03-28T18:52:57.208+0500] {processor.py:161} INFO - Started process (PID=23638) to work on /home/abayturar/airflow-project/venv/lib/python3.12/site-packages/airflow/example_dags/plugins/decreasing_priority_weight_strategy.py
[2026-03-28T18:52:57.209+0500] {processor.py:830} INFO - Processing file /home/abayturar/airflow-project/venv/lib/python3.12/site-packages/airflow/example_dags/plugins/decreasing_priority_weight_strategy.py for tasks to queue
[2026-03-28T18:52:57.211+0500] {logging_mixin.py:188} INFO - [2026-03-28T18:52:57.211+0500] {dagbag.py:545} INFO - Filling up the DagBag from /home/abayturar/airflow-project/venv/lib/python3.12/site-packages/airflow/example_dags/plugins/decreasing_priority_weight_strategy.py
[2026-03-28T18:52:57.213+0500] {processor.py:842} WARNING - No viable dags retrieved from /home/abayturar/airflow-project/venv/lib/python3.12/site-packages/airflow/example_dags/plugins/decreasing_priority_weight_strategy.py
[2026-03-28T18:52:57.225+0500] {processor.py:183} INFO - Processing /home/abayturar/airflow-project/venv/lib/python3.12/site-packages/airflow/example_dags/plugins/decreasing_priority_weight_strategy.py took 0.023 seconds
[2026-03-28T18:53:41.026+0500] {processor.py:161} INFO - Started process (PID=23759) to work on /home/abayturar/airflow-project/venv/lib/python3.12/site-packages/airflow/example_dags/plugins/decreasing_priority_weight_strategy.py
[2026-03-28T18:53:41.027+0500] {processor.py:830} INFO - Processing file /home/abayturar/airflow-project/venv/lib/python3.12/site-packages/airflow/example_dags/plugins/decreasing_priority_weight_strategy.py for tasks to queue
[2026-03-28T18:53:41.029+0500] {logging_mixin.py:188} INFO - [2026-03-28T18:53:41.028+0500] {dagbag.py:545} INFO - Filling up the DagBag from /home/abayturar/airflow-project/venv/lib/python3.12/site-packages/airflow/example_dags/plugins/decreasing_priority_weight_strategy.py
[2026-03-28T18:53:41.031+0500] {processor.py:842} WARNING - No viable dags retrieved from /home/abayturar/airflow-project/venv/lib/python3.12/site-packages/airflow/example_dags/plugins/decreasing_priority_weight_strategy.py
[2026-03-28T18:53:41.043+0500] {processor.py:183} INFO - Processing /home/abayturar/airflow-project/venv/lib/python3.12/site-packages/airflow/example_dags/plugins/decreasing_priority_weight_strategy.py took 0.023 seconds
[2026-03-28T18:54:26.889+0500] {processor.py:161} INFO - Started process (PID=23882) to work on /home/abayturar/airflow-project/venv/lib/python3.12/site-packages/airflow/example_dags/plugins/decreasing_priority_weight_strategy.py
[2026-03-28T18:54:26.890+0500] {processor.py:830} INFO - Processing file /home/abayturar/airflow-project/venv/lib/python3.12/site-packages/airflow/example_dags/plugins/decreasing_priority_weight_strategy.py for tasks to queue
[2026-03-28T18:54:26.892+0500] {logging_mixin.py:188} INFO - [2026-03-28T18:54:26.891+0500] {dagbag.py:545} INFO - Filling up the DagBag from /home/abayturar/airflow-project/venv/lib/python3.12/site-packages/airflow/example_dags/plugins/decreasing_priority_weight_strategy.py
[2026-03-28T18:54:26.894+0500] {processor.py:842} WARNING - No viable dags retrieved from /home/abayturar/airflow-project/venv/lib/python3.12/site-packages/airflow/example_dags/plugins/decreasing_priority_weight_strategy.py
[2026-03-28T18:54:26.905+0500] {processor.py:183} INFO - Processing /home/abayturar/airflow-project/venv/lib/python3.12/site-packages/airflow/example_dags/plugins/decreasing_priority_weight_strategy.py took 0.022 seconds
[2026-03-28T18:55:12.043+0500] {processor.py:161} INFO - Started process (PID=24002) to work on /home/abayturar/airflow-project/venv/lib/python3.12/site-packages/airflow/example_dags/plugins/decreasing_priority_weight_strategy.py
[2026-03-28T18:55:12.044+0500] {processor.py:830} INFO - Processing file /home/abayturar/airflow-project/venv/lib/python3.12/site-packages/airflow/example_dags/plugins/decreasing_priority_weight_strategy.py for tasks to queue
[2026-03-28T18:55:12.046+0500] {logging_mixin.py:188} INFO - [2026-03-28T18:55:12.045+0500] {dagbag.py:545} INFO - Filling up the DagBag from /home/abayturar/airflow-project/venv/lib/python3.12/site-packages/airflow/example_dags/plugins/decreasing_priority_weight_strategy.py
[2026-03-28T18:55:12.049+0500] {processor.py:842} WARNING - No viable dags retrieved from /home/abayturar/airflow-project/venv/lib/python3.12/site-packages/airflow/example_dags/plugins/decreasing_priority_weight_strategy.py
[2026-03-28T18:55:12.064+0500] {processor.py:183} INFO - Processing /home/abayturar/airflow-project/venv/lib/python3.12/site-packages/airflow/example_dags/plugins/decreasing_priority_weight_strategy.py took 0.033 seconds
[2026-03-28T18:56:05.478+0500] {processor.py:161} INFO - Started process (PID=24139) to work on /home/abayturar/airflow-project/venv/lib/python3.12/site-packages/airflow/example_dags/plugins/decreasing_priority_weight_strategy.py
[2026-03-28T18:56:05.479+0500] {processor.py:830} INFO - Processing file /home/abayturar/airflow-project/venv/lib/python3.12/site-packages/airflow/example_dags/plugins/decreasing_priority_weight_strategy.py for tasks to queue
[2026-03-28T18:56:05.481+0500] {logging_mixin.py:188} INFO - [2026-03-28T18:56:05.481+0500] {dagbag.py:545} INFO - Filling up the DagBag from /home/abayturar/airflow-project/venv/lib/python3.12/site-packages/airflow/example_dags/plugins/decreasing_priority_weight_strategy.py
[2026-03-28T18:56:05.484+0500] {processor.py:842} WARNING - No viable dags retrieved from /home/abayturar/airflow-project/venv/lib/python3.12/site-packages/airflow/example_dags/plugins/decreasing_priority_weight_strategy.py
[2026-03-28T18:56:05.496+0500] {processor.py:183} INFO - Processing /home/abayturar/airflow-project/venv/lib/python3.12/site-packages/airflow/example_dags/plugins/decreasing_priority_weight_strategy.py took 0.026 seconds
[2026-03-28T18:56:56.637+0500] {processor.py:161} INFO - Started process (PID=24274) to work on /home/abayturar/airflow-project/venv/lib/python3.12/site-packages/airflow/example_dags/plugins/decreasing_priority_weight_strategy.py
[2026-03-28T18:56:56.638+0500] {processor.py:830} INFO - Processing file /home/abayturar/airflow-project/venv/lib/python3.12/site-packages/airflow/example_dags/plugins/decreasing_priority_weight_strategy.py for tasks to queue
[2026-03-28T18:56:56.639+0500] {logging_mixin.py:188} INFO - [2026-03-28T18:56:56.639+0500] {dagbag.py:545} INFO - Filling up the DagBag from /home/abayturar/airflow-project/venv/lib/python3.12/site-packages/airflow/example_dags/plugins/decreasing_priority_weight_strategy.py
[2026-03-28T18:56:56.642+0500] {processor.py:842} WARNING - No viable dags retrieved from /home/abayturar/airflow-project/venv/lib/python3.12/site-packages/airflow/example_dags/plugins/decreasing_priority_weight_strategy.py
[2026-03-28T18:56:56.654+0500] {processor.py:183} INFO - Processing /home/abayturar/airflow-project/venv/lib/python3.12/site-packages/airflow/example_dags/plugins/decreasing_priority_weight_strategy.py took 0.024 seconds
[2026-03-28T18:57:44.841+0500] {processor.py:161} INFO - Started process (PID=24404) to work on /home/abayturar/airflow-project/venv/lib/python3.12/site-packages/airflow/example_dags/plugins/decreasing_priority_weight_strategy.py
[2026-03-28T18:57:44.841+0500] {processor.py:830} INFO - Processing file /home/abayturar/airflow-project/venv/lib/python3.12/site-packages/airflow/example_dags/plugins/decreasing_priority_weight_strategy.py for tasks to queue
[2026-03-28T18:57:44.843+0500] {logging_mixin.py:188} INFO - [2026-03-28T18:57:44.843+0500] {dagbag.py:545} INFO - Filling up the DagBag from /home/abayturar/airflow-project/venv/lib/python3.12/site-packages/airflow/example_dags/plugins/decreasing_priority_weight_strategy.py
[2026-03-28T18:57:44.845+0500] {processor.py:842} WARNING - No viable dags retrieved from /home/abayturar/airflow-project/venv/lib/python3.12/site-packages/airflow/example_dags/plugins/decreasing_priority_weight_strategy.py
[2026-03-28T18:57:44.857+0500] {processor.py:183} INFO - Processing /home/abayturar/airflow-project/venv/lib/python3.12/site-packages/airflow/example_dags/plugins/decreasing_priority_weight_strategy.py took 0.022 seconds
[2026-03-28T18:58:32.415+0500] {processor.py:161} INFO - Started process (PID=24530) to work on /home/abayturar/airflow-project/venv/lib/python3.12/site-packages/airflow/example_dags/plugins/decreasing_priority_weight_strategy.py
[2026-03-28T18:58:32.416+0500] {processor.py:830} INFO - Processing file /home/abayturar/airflow-project/venv/lib/python3.12/site-packages/airflow/example_dags/plugins/decreasing_priority_weight_strategy.py for tasks to queue
[2026-03-28T18:58:32.418+0500] {logging_mixin.py:188} INFO - [2026-03-28T18:58:32.418+0500] {dagbag.py:545} INFO - Filling up the DagBag from /home/abayturar/airflow-project/venv/lib/python3.12/site-packages/airflow/example_dags/plugins/decreasing_priority_weight_strategy.py
[2026-03-28T18:58:32.421+0500] {processor.py:842} WARNING - No viable dags retrieved from /home/abayturar/airflow-project/venv/lib/python3.12/site-packages/airflow/example_dags/plugins/decreasing_priority_weight_strategy.py
[2026-03-28T18:58:32.433+0500] {processor.py:183} INFO - Processing /home/abayturar/airflow-project/venv/lib/python3.12/site-packages/airflow/example_dags/plugins/decreasing_priority_weight_strategy.py took 0.024 seconds
[2026-03-28T18:59:16.767+0500] {processor.py:161} INFO - Started process (PID=24649) to work on /home/abayturar/airflow-project/venv/lib/python3.12/site-packages/airflow/example_dags/plugins/decreasing_priority_weight_strategy.py
[2026-03-28T18:59:16.768+0500] {processor.py:830} INFO - Processing file /home/abayturar/airflow-project/venv/lib/python3.12/site-packages/airflow/example_dags/plugins/decreasing_priority_weight_strategy.py for tasks to queue
[2026-03-28T18:59:16.769+0500] {logging_mixin.py:188} INFO - [2026-03-28T18:59:16.769+0500] {dagbag.py:545} INFO - Filling up the DagBag from /home/abayturar/airflow-project/venv/lib/python3.12/site-packages/airflow/example_dags/plugins/decreasing_priority_weight_strategy.py
[2026-03-28T18:59:16.772+0500] {processor.py:842} WARNING - No viable dags retrieved from /home/abayturar/airflow-project/venv/lib/python3.12/site-packages/airflow/example_dags/plugins/decreasing_priority_weight_strategy.py
[2026-03-28T18:59:16.783+0500] {processor.py:183} INFO - Processing /home/abayturar/airflow-project/venv/lib/python3.12/site-packages/airflow/example_dags/plugins/decreasing_priority_weight_strategy.py took 0.022 seconds
[2026-03-28T19:00:06.482+0500] {processor.py:161} INFO - Started process (PID=24781) to work on /home/abayturar/airflow-project/venv/lib/python3.12/site-packages/airflow/example_dags/plugins/decreasing_priority_weight_strategy.py
[2026-03-28T19:00:06.483+0500] {processor.py:830} INFO - Processing file /home/abayturar/airflow-project/venv/lib/python3.12/site-packages/airflow/example_dags/plugins/decreasing_priority_weight_strategy.py for tasks to queue
[2026-03-28T19:00:06.485+0500] {logging_mixin.py:188} INFO - [2026-03-28T19:00:06.484+0500] {dagbag.py:545} INFO - Filling up the DagBag from /home/abayturar/airflow-project/venv/lib/python3.12/site-packages/airflow/example_dags/plugins/decreasing_priority_weight_strategy.py
[2026-03-28T19:00:06.487+0500] {processor.py:842} WARNING - No viable dags retrieved from /home/abayturar/airflow-project/venv/lib/python3.12/site-packages/airflow/example_dags/plugins/decreasing_priority_weight_strategy.py
[2026-03-28T19:00:06.498+0500] {processor.py:183} INFO - Processing /home/abayturar/airflow-project/venv/lib/python3.12/site-packages/airflow/example_dags/plugins/decreasing_priority_weight_strategy.py took 0.024 seconds
[2026-03-28T19:00:51.748+0500] {processor.py:161} INFO - Started process (PID=24903) to work on /home/abayturar/airflow-project/venv/lib/python3.12/site-packages/airflow/example_dags/plugins/decreasing_priority_weight_strategy.py
[2026-03-28T19:00:51.749+0500] {processor.py:830} INFO - Processing file /home/abayturar/airflow-project/venv/lib/python3.12/site-packages/airflow/example_dags/plugins/decreasing_priority_weight_strategy.py for tasks to queue
[2026-03-28T19:00:51.751+0500] {logging_mixin.py:188} INFO - [2026-03-28T19:00:51.750+0500] {dagbag.py:545} INFO - Filling up the DagBag from /home/abayturar/airflow-project/venv/lib/python3.12/site-packages/airflow/example_dags/plugins/decreasing_priority_weight_strategy.py
[2026-03-28T19:00:51.754+0500] {processor.py:842} WARNING - No viable dags retrieved from /home/abayturar/airflow-project/venv/lib/python3.12/site-packages/airflow/example_dags/plugins/decreasing_priority_weight_strategy.py
[2026-03-28T19:00:51.770+0500] {processor.py:183} INFO - Processing /home/abayturar/airflow-project/venv/lib/python3.12/site-packages/airflow/example_dags/plugins/decreasing_priority_weight_strategy.py took 0.028 seconds
[2026-03-28T19:01:40.259+0500] {processor.py:161} INFO - Started process (PID=25035) to work on /home/abayturar/airflow-project/venv/lib/python3.12/site-packages/airflow/example_dags/plugins/decreasing_priority_weight_strategy.py
[2026-03-28T19:01:40.260+0500] {processor.py:830} INFO - Processing file /home/abayturar/airflow-project/venv/lib/python3.12/site-packages/airflow/example_dags/plugins/decreasing_priority_weight_strategy.py for tasks to queue
[2026-03-28T19:01:40.261+0500] {logging_mixin.py:188} INFO - [2026-03-28T19:01:40.261+0500] {dagbag.py:545} INFO - Filling up the DagBag from /home/abayturar/airflow-project/venv/lib/python3.12/site-packages/airflow/example_dags/plugins/decreasing_priority_weight_strategy.py
[2026-03-28T19:01:40.264+0500] {processor.py:842} WARNING - No viable dags retrieved from /home/abayturar/airflow-project/venv/lib/python3.12/site-packages/airflow/example_dags/plugins/decreasing_priority_weight_strategy.py
[2026-03-28T19:01:40.275+0500] {processor.py:183} INFO - Processing /home/abayturar/airflow-project/venv/lib/python3.12/site-packages/airflow/example_dags/plugins/decreasing_priority_weight_strategy.py took 0.022 seconds
[2026-03-28T19:02:25.181+0500] {processor.py:161} INFO - Started process (PID=25157) to work on /home/abayturar/airflow-project/venv/lib/python3.12/site-packages/airflow/example_dags/plugins/decreasing_priority_weight_strategy.py
[2026-03-28T19:02:25.182+0500] {processor.py:830} INFO - Processing file /home/abayturar/airflow-project/venv/lib/python3.12/site-packages/airflow/example_dags/plugins/decreasing_priority_weight_strategy.py for tasks to queue
[2026-03-28T19:02:25.184+0500] {logging_mixin.py:188} INFO - [2026-03-28T19:02:25.184+0500] {dagbag.py:545} INFO - Filling up the DagBag from /home/abayturar/airflow-project/venv/lib/python3.12/site-packages/airflow/example_dags/plugins/decreasing_priority_weight_strategy.py
[2026-03-28T19:02:25.187+0500] {processor.py:842} WARNING - No viable dags retrieved from /home/abayturar/airflow-project/venv/lib/python3.12/site-packages/airflow/example_dags/plugins/decreasing_priority_weight_strategy.py
[2026-03-28T19:02:25.198+0500] {processor.py:183} INFO - Processing /home/abayturar/airflow-project/venv/lib/python3.12/site-packages/airflow/example_dags/plugins/decreasing_priority_weight_strategy.py took 0.023 seconds
[2026-03-28T19:03:07.264+0500] {processor.py:161} INFO - Started process (PID=25270) to work on /home/abayturar/airflow-project/venv/lib/python3.12/site-packages/airflow/example_dags/plugins/decreasing_priority_weight_strategy.py
[2026-03-28T19:03:07.265+0500] {processor.py:830} INFO - Processing file /home/abayturar/airflow-project/venv/lib/python3.12/site-packages/airflow/example_dags/plugins/decreasing_priority_weight_strategy.py for tasks to queue
[2026-03-28T19:03:07.267+0500] {logging_mixin.py:188} INFO - [2026-03-28T19:03:07.266+0500] {dagbag.py:545} INFO - Filling up the DagBag from /home/abayturar/airflow-project/venv/lib/python3.12/site-packages/airflow/example_dags/plugins/decreasing_priority_weight_strategy.py
[2026-03-28T19:03:07.269+0500] {processor.py:842} WARNING - No viable dags retrieved from /home/abayturar/airflow-project/venv/lib/python3.12/site-packages/airflow/example_dags/plugins/decreasing_priority_weight_strategy.py
[2026-03-28T19:03:07.280+0500] {processor.py:183} INFO - Processing /home/abayturar/airflow-project/venv/lib/python3.12/site-packages/airflow/example_dags/plugins/decreasing_priority_weight_strategy.py took 0.022 seconds
[2026-03-28T19:03:52.361+0500] {processor.py:161} INFO - Started process (PID=25391) to work on /home/abayturar/airflow-project/venv/lib/python3.12/site-packages/airflow/example_dags/plugins/decreasing_priority_weight_strategy.py
[2026-03-28T19:03:52.363+0500] {processor.py:830} INFO - Processing file /home/abayturar/airflow-project/venv/lib/python3.12/site-packages/airflow/example_dags/plugins/decreasing_priority_weight_strategy.py for tasks to queue
[2026-03-28T19:03:52.364+0500] {logging_mixin.py:188} INFO - [2026-03-28T19:03:52.364+0500] {dagbag.py:545} INFO - Filling up the DagBag from /home/abayturar/airflow-project/venv/lib/python3.12/site-packages/airflow/example_dags/plugins/decreasing_priority_weight_strategy.py
[2026-03-28T19:03:52.367+0500] {processor.py:842} WARNING - No viable dags retrieved from /home/abayturar/airflow-project/venv/lib/python3.12/site-packages/airflow/example_dags/plugins/decreasing_priority_weight_strategy.py
[2026-03-28T19:03:52.378+0500] {processor.py:183} INFO - Processing /home/abayturar/airflow-project/venv/lib/python3.12/site-packages/airflow/example_dags/plugins/decreasing_priority_weight_strategy.py took 0.024 seconds
[2026-03-28T19:04:40.358+0500] {processor.py:161} INFO - Started process (PID=25519) to work on /home/abayturar/airflow-project/venv/lib/python3.12/site-packages/airflow/example_dags/plugins/decreasing_priority_weight_strategy.py
[2026-03-28T19:04:40.359+0500] {processor.py:830} INFO - Processing file /home/abayturar/airflow-project/venv/lib/python3.12/site-packages/airflow/example_dags/plugins/decreasing_priority_weight_strategy.py for tasks to queue
[2026-03-28T19:04:40.360+0500] {logging_mixin.py:188} INFO - [2026-03-28T19:04:40.360+0500] {dagbag.py:545} INFO - Filling up the DagBag from /home/abayturar/airflow-project/venv/lib/python3.12/site-packages/airflow/example_dags/plugins/decreasing_priority_weight_strategy.py
[2026-03-28T19:04:40.363+0500] {processor.py:842} WARNING - No viable dags retrieved from /home/abayturar/airflow-project/venv/lib/python3.12/site-packages/airflow/example_dags/plugins/decreasing_priority_weight_strategy.py
[2026-03-28T19:04:40.374+0500] {processor.py:183} INFO - Processing /home/abayturar/airflow-project/venv/lib/python3.12/site-packages/airflow/example_dags/plugins/decreasing_priority_weight_strategy.py took 0.022 seconds
[2026-03-28T19:05:23.902+0500] {processor.py:161} INFO - Started process (PID=25641) to work on /home/abayturar/airflow-project/venv/lib/python3.12/site-packages/airflow/example_dags/plugins/decreasing_priority_weight_strategy.py
[2026-03-28T19:05:23.902+0500] {processor.py:830} INFO - Processing file /home/abayturar/airflow-project/venv/lib/python3.12/site-packages/airflow/example_dags/plugins/decreasing_priority_weight_strategy.py for tasks to queue
[2026-03-28T19:05:23.904+0500] {logging_mixin.py:188} INFO - [2026-03-28T19:05:23.904+0500] {dagbag.py:545} INFO - Filling up the DagBag from /home/abayturar/airflow-project/venv/lib/python3.12/site-packages/airflow/example_dags/plugins/decreasing_priority_weight_strategy.py
[2026-03-28T19:05:23.906+0500] {processor.py:842} WARNING - No viable dags retrieved from /home/abayturar/airflow-project/venv/lib/python3.12/site-packages/airflow/example_dags/plugins/decreasing_priority_weight_strategy.py
[2026-03-28T19:05:23.917+0500] {processor.py:183} INFO - Processing /home/abayturar/airflow-project/venv/lib/python3.12/site-packages/airflow/example_dags/plugins/decreasing_priority_weight_strategy.py took 0.022 seconds
[2026-03-28T19:06:08.581+0500] {processor.py:161} INFO - Started process (PID=25759) to work on /home/abayturar/airflow-project/venv/lib/python3.12/site-packages/airflow/example_dags/plugins/decreasing_priority_weight_strategy.py
[2026-03-28T19:06:08.582+0500] {processor.py:830} INFO - Processing file /home/abayturar/airflow-project/venv/lib/python3.12/site-packages/airflow/example_dags/plugins/decreasing_priority_weight_strategy.py for tasks to queue
[2026-03-28T19:06:08.584+0500] {logging_mixin.py:188} INFO - [2026-03-28T19:06:08.584+0500] {dagbag.py:545} INFO - Filling up the DagBag from /home/abayturar/airflow-project/venv/lib/python3.12/site-packages/airflow/example_dags/plugins/decreasing_priority_weight_strategy.py
[2026-03-28T19:06:08.587+0500] {processor.py:842} WARNING - No viable dags retrieved from /home/abayturar/airflow-project/venv/lib/python3.12/site-packages/airflow/example_dags/plugins/decreasing_priority_weight_strategy.py
[2026-03-28T19:06:08.600+0500] {processor.py:183} INFO - Processing /home/abayturar/airflow-project/venv/lib/python3.12/site-packages/airflow/example_dags/plugins/decreasing_priority_weight_strategy.py took 0.027 seconds
[2026-03-28T19:06:49.885+0500] {processor.py:161} INFO - Started process (PID=25871) to work on /home/abayturar/airflow-project/venv/lib/python3.12/site-packages/airflow/example_dags/plugins/decreasing_priority_weight_strategy.py
[2026-03-28T19:06:49.886+0500] {processor.py:830} INFO - Processing file /home/abayturar/airflow-project/venv/lib/python3.12/site-packages/airflow/example_dags/plugins/decreasing_priority_weight_strategy.py for tasks to queue
[2026-03-28T19:06:49.888+0500] {logging_mixin.py:188} INFO - [2026-03-28T19:06:49.887+0500] {dagbag.py:545} INFO - Filling up the DagBag from /home/abayturar/airflow-project/venv/lib/python3.12/site-packages/airflow/example_dags/plugins/decreasing_priority_weight_strategy.py
[2026-03-28T19:06:49.890+0500] {processor.py:842} WARNING - No viable dags retrieved from /home/abayturar/airflow-project/venv/lib/python3.12/site-packages/airflow/example_dags/plugins/decreasing_priority_weight_strategy.py
[2026-03-28T19:06:49.902+0500] {processor.py:183} INFO - Processing /home/abayturar/airflow-project/venv/lib/python3.12/site-packages/airflow/example_dags/plugins/decreasing_priority_weight_strategy.py took 0.024 seconds
[2026-03-28T19:07:35.884+0500] {processor.py:161} INFO - Started process (PID=25996) to work on /home/abayturar/airflow-project/venv/lib/python3.12/site-packages/airflow/example_dags/plugins/decreasing_priority_weight_strategy.py
[2026-03-28T19:07:35.885+0500] {processor.py:830} INFO - Processing file /home/abayturar/airflow-project/venv/lib/python3.12/site-packages/airflow/example_dags/plugins/decreasing_priority_weight_strategy.py for tasks to queue
[2026-03-28T19:07:35.887+0500] {logging_mixin.py:188} INFO - [2026-03-28T19:07:35.886+0500] {dagbag.py:545} INFO - Filling up the DagBag from /home/abayturar/airflow-project/venv/lib/python3.12/site-packages/airflow/example_dags/plugins/decreasing_priority_weight_strategy.py
[2026-03-28T19:07:35.889+0500] {processor.py:842} WARNING - No viable dags retrieved from /home/abayturar/airflow-project/venv/lib/python3.12/site-packages/airflow/example_dags/plugins/decreasing_priority_weight_strategy.py
[2026-03-28T19:07:35.900+0500] {processor.py:183} INFO - Processing /home/abayturar/airflow-project/venv/lib/python3.12/site-packages/airflow/example_dags/plugins/decreasing_priority_weight_strategy.py took 0.022 seconds
[2026-03-28T19:08:25.403+0500] {processor.py:161} INFO - Started process (PID=26128) to work on /home/abayturar/airflow-project/venv/lib/python3.12/site-packages/airflow/example_dags/plugins/decreasing_priority_weight_strategy.py
[2026-03-28T19:08:25.404+0500] {processor.py:830} INFO - Processing file /home/abayturar/airflow-project/venv/lib/python3.12/site-packages/airflow/example_dags/plugins/decreasing_priority_weight_strategy.py for tasks to queue
[2026-03-28T19:08:25.406+0500] {logging_mixin.py:188} INFO - [2026-03-28T19:08:25.406+0500] {dagbag.py:545} INFO - Filling up the DagBag from /home/abayturar/airflow-project/venv/lib/python3.12/site-packages/airflow/example_dags/plugins/decreasing_priority_weight_strategy.py
[2026-03-28T19:08:25.409+0500] {processor.py:842} WARNING - No viable dags retrieved from /home/abayturar/airflow-project/venv/lib/python3.12/site-packages/airflow/example_dags/plugins/decreasing_priority_weight_strategy.py
[2026-03-28T19:08:25.420+0500] {processor.py:183} INFO - Processing /home/abayturar/airflow-project/venv/lib/python3.12/site-packages/airflow/example_dags/plugins/decreasing_priority_weight_strategy.py took 0.023 seconds
[2026-03-28T19:09:12.688+0500] {processor.py:161} INFO - Started process (PID=26255) to work on /home/abayturar/airflow-project/venv/lib/python3.12/site-packages/airflow/example_dags/plugins/decreasing_priority_weight_strategy.py
[2026-03-28T19:09:12.689+0500] {processor.py:830} INFO - Processing file /home/abayturar/airflow-project/venv/lib/python3.12/site-packages/airflow/example_dags/plugins/decreasing_priority_weight_strategy.py for tasks to queue
[2026-03-28T19:09:12.691+0500] {logging_mixin.py:188} INFO - [2026-03-28T19:09:12.690+0500] {dagbag.py:545} INFO - Filling up the DagBag from /home/abayturar/airflow-project/venv/lib/python3.12/site-packages/airflow/example_dags/plugins/decreasing_priority_weight_strategy.py
[2026-03-28T19:09:12.693+0500] {processor.py:842} WARNING - No viable dags retrieved from /home/abayturar/airflow-project/venv/lib/python3.12/site-packages/airflow/example_dags/plugins/decreasing_priority_weight_strategy.py
[2026-03-28T19:09:12.706+0500] {processor.py:183} INFO - Processing /home/abayturar/airflow-project/venv/lib/python3.12/site-packages/airflow/example_dags/plugins/decreasing_priority_weight_strategy.py took 0.025 seconds
[2026-03-28T19:09:56.878+0500] {processor.py:161} INFO - Started process (PID=26374) to work on /home/abayturar/airflow-project/venv/lib/python3.12/site-packages/airflow/example_dags/plugins/decreasing_priority_weight_strategy.py
[2026-03-28T19:09:56.879+0500] {processor.py:830} INFO - Processing file /home/abayturar/airflow-project/venv/lib/python3.12/site-packages/airflow/example_dags/plugins/decreasing_priority_weight_strategy.py for tasks to queue
[2026-03-28T19:09:56.880+0500] {logging_mixin.py:188} INFO - [2026-03-28T19:09:56.880+0500] {dagbag.py:545} INFO - Filling up the DagBag from /home/abayturar/airflow-project/venv/lib/python3.12/site-packages/airflow/example_dags/plugins/decreasing_priority_weight_strategy.py
[2026-03-28T19:09:56.882+0500] {processor.py:842} WARNING - No viable dags retrieved from /home/abayturar/airflow-project/venv/lib/python3.12/site-packages/airflow/example_dags/plugins/decreasing_priority_weight_strategy.py
[2026-03-28T19:09:56.895+0500] {processor.py:183} INFO - Processing /home/abayturar/airflow-project/venv/lib/python3.12/site-packages/airflow/example_dags/plugins/decreasing_priority_weight_strategy.py took 0.024 seconds
[2026-03-28T19:10:44.378+0500] {processor.py:161} INFO - Started process (PID=26500) to work on /home/abayturar/airflow-project/venv/lib/python3.12/site-packages/airflow/example_dags/plugins/decreasing_priority_weight_strategy.py
[2026-03-28T19:10:44.379+0500] {processor.py:830} INFO - Processing file /home/abayturar/airflow-project/venv/lib/python3.12/site-packages/airflow/example_dags/plugins/decreasing_priority_weight_strategy.py for tasks to queue
[2026-03-28T19:10:44.381+0500] {logging_mixin.py:188} INFO - [2026-03-28T19:10:44.381+0500] {dagbag.py:545} INFO - Filling up the DagBag from /home/abayturar/airflow-project/venv/lib/python3.12/site-packages/airflow/example_dags/plugins/decreasing_priority_weight_strategy.py
[2026-03-28T19:10:44.383+0500] {processor.py:842} WARNING - No viable dags retrieved from /home/abayturar/airflow-project/venv/lib/python3.12/site-packages/airflow/example_dags/plugins/decreasing_priority_weight_strategy.py
[2026-03-28T19:10:44.394+0500] {processor.py:183} INFO - Processing /home/abayturar/airflow-project/venv/lib/python3.12/site-packages/airflow/example_dags/plugins/decreasing_priority_weight_strategy.py took 0.022 seconds
[2026-03-28T19:11:33.107+0500] {processor.py:161} INFO - Started process (PID=26630) to work on /home/abayturar/airflow-project/venv/lib/python3.12/site-packages/airflow/example_dags/plugins/decreasing_priority_weight_strategy.py
[2026-03-28T19:11:33.108+0500] {processor.py:830} INFO - Processing file /home/abayturar/airflow-project/venv/lib/python3.12/site-packages/airflow/example_dags/plugins/decreasing_priority_weight_strategy.py for tasks to queue
[2026-03-28T19:11:33.109+0500] {logging_mixin.py:188} INFO - [2026-03-28T19:11:33.109+0500] {dagbag.py:545} INFO - Filling up the DagBag from /home/abayturar/airflow-project/venv/lib/python3.12/site-packages/airflow/example_dags/plugins/decreasing_priority_weight_strategy.py
[2026-03-28T19:11:33.112+0500] {processor.py:842} WARNING - No viable dags retrieved from /home/abayturar/airflow-project/venv/lib/python3.12/site-packages/airflow/example_dags/plugins/decreasing_priority_weight_strategy.py
[2026-03-28T19:11:33.123+0500] {processor.py:183} INFO - Processing /home/abayturar/airflow-project/venv/lib/python3.12/site-packages/airflow/example_dags/plugins/decreasing_priority_weight_strategy.py took 0.022 seconds
[2026-03-28T19:12:19.441+0500] {processor.py:161} INFO - Started process (PID=26754) to work on /home/abayturar/airflow-project/venv/lib/python3.12/site-packages/airflow/example_dags/plugins/decreasing_priority_weight_strategy.py
[2026-03-28T19:12:19.442+0500] {processor.py:830} INFO - Processing file /home/abayturar/airflow-project/venv/lib/python3.12/site-packages/airflow/example_dags/plugins/decreasing_priority_weight_strategy.py for tasks to queue
[2026-03-28T19:12:19.444+0500] {logging_mixin.py:188} INFO - [2026-03-28T19:12:19.443+0500] {dagbag.py:545} INFO - Filling up the DagBag from /home/abayturar/airflow-project/venv/lib/python3.12/site-packages/airflow/example_dags/plugins/decreasing_priority_weight_strategy.py
[2026-03-28T19:12:19.446+0500] {processor.py:842} WARNING - No viable dags retrieved from /home/abayturar/airflow-project/venv/lib/python3.12/site-packages/airflow/example_dags/plugins/decreasing_priority_weight_strategy.py
[2026-03-28T19:12:19.458+0500] {processor.py:183} INFO - Processing /home/abayturar/airflow-project/venv/lib/python3.12/site-packages/airflow/example_dags/plugins/decreasing_priority_weight_strategy.py took 0.023 seconds
[2026-03-28T19:13:07.865+0500] {processor.py:161} INFO - Started process (PID=26884) to work on /home/abayturar/airflow-project/venv/lib/python3.12/site-packages/airflow/example_dags/plugins/decreasing_priority_weight_strategy.py
[2026-03-28T19:13:07.866+0500] {processor.py:830} INFO - Processing file /home/abayturar/airflow-project/venv/lib/python3.12/site-packages/airflow/example_dags/plugins/decreasing_priority_weight_strategy.py for tasks to queue
[2026-03-28T19:13:07.868+0500] {logging_mixin.py:188} INFO - [2026-03-28T19:13:07.867+0500] {dagbag.py:545} INFO - Filling up the DagBag from /home/abayturar/airflow-project/venv/lib/python3.12/site-packages/airflow/example_dags/plugins/decreasing_priority_weight_strategy.py
[2026-03-28T19:13:07.870+0500] {processor.py:842} WARNING - No viable dags retrieved from /home/abayturar/airflow-project/venv/lib/python3.12/site-packages/airflow/example_dags/plugins/decreasing_priority_weight_strategy.py
[2026-03-28T19:13:07.881+0500] {processor.py:183} INFO - Processing /home/abayturar/airflow-project/venv/lib/python3.12/site-packages/airflow/example_dags/plugins/decreasing_priority_weight_strategy.py took 0.021 seconds
[2026-03-28T19:13:54.148+0500] {processor.py:161} INFO - Started process (PID=27006) to work on /home/abayturar/airflow-project/venv/lib/python3.12/site-packages/airflow/example_dags/plugins/decreasing_priority_weight_strategy.py
[2026-03-28T19:13:54.149+0500] {processor.py:830} INFO - Processing file /home/abayturar/airflow-project/venv/lib/python3.12/site-packages/airflow/example_dags/plugins/decreasing_priority_weight_strategy.py for tasks to queue
[2026-03-28T19:13:54.151+0500] {logging_mixin.py:188} INFO - [2026-03-28T19:13:54.151+0500] {dagbag.py:545} INFO - Filling up the DagBag from /home/abayturar/airflow-project/venv/lib/python3.12/site-packages/airflow/example_dags/plugins/decreasing_priority_weight_strategy.py
[2026-03-28T19:13:54.154+0500] {processor.py:842} WARNING - No viable dags retrieved from /home/abayturar/airflow-project/venv/lib/python3.12/site-packages/airflow/example_dags/plugins/decreasing_priority_weight_strategy.py
[2026-03-28T19:13:54.169+0500] {processor.py:183} INFO - Processing /home/abayturar/airflow-project/venv/lib/python3.12/site-packages/airflow/example_dags/plugins/decreasing_priority_weight_strategy.py took 0.029 seconds
[2026-03-28T19:14:41.980+0500] {processor.py:161} INFO - Started process (PID=27139) to work on /home/abayturar/airflow-project/venv/lib/python3.12/site-packages/airflow/example_dags/plugins/decreasing_priority_weight_strategy.py
[2026-03-28T19:14:41.981+0500] {processor.py:830} INFO - Processing file /home/abayturar/airflow-project/venv/lib/python3.12/site-packages/airflow/example_dags/plugins/decreasing_priority_weight_strategy.py for tasks to queue
[2026-03-28T19:14:41.982+0500] {logging_mixin.py:188} INFO - [2026-03-28T19:14:41.982+0500] {dagbag.py:545} INFO - Filling up the DagBag from /home/abayturar/airflow-project/venv/lib/python3.12/site-packages/airflow/example_dags/plugins/decreasing_priority_weight_strategy.py
[2026-03-28T19:14:41.985+0500] {processor.py:842} WARNING - No viable dags retrieved from /home/abayturar/airflow-project/venv/lib/python3.12/site-packages/airflow/example_dags/plugins/decreasing_priority_weight_strategy.py
[2026-03-28T19:14:41.996+0500] {processor.py:183} INFO - Processing /home/abayturar/airflow-project/venv/lib/python3.12/site-packages/airflow/example_dags/plugins/decreasing_priority_weight_strategy.py took 0.023 seconds
[2026-03-28T19:15:28.262+0500] {processor.py:161} INFO - Started process (PID=27262) to work on /home/abayturar/airflow-project/venv/lib/python3.12/site-packages/airflow/example_dags/plugins/decreasing_priority_weight_strategy.py
[2026-03-28T19:15:28.263+0500] {processor.py:830} INFO - Processing file /home/abayturar/airflow-project/venv/lib/python3.12/site-packages/airflow/example_dags/plugins/decreasing_priority_weight_strategy.py for tasks to queue
[2026-03-28T19:15:28.265+0500] {logging_mixin.py:188} INFO - [2026-03-28T19:15:28.265+0500] {dagbag.py:545} INFO - Filling up the DagBag from /home/abayturar/airflow-project/venv/lib/python3.12/site-packages/airflow/example_dags/plugins/decreasing_priority_weight_strategy.py
[2026-03-28T19:15:28.268+0500] {processor.py:842} WARNING - No viable dags retrieved from /home/abayturar/airflow-project/venv/lib/python3.12/site-packages/airflow/example_dags/plugins/decreasing_priority_weight_strategy.py
[2026-03-28T19:15:28.279+0500] {processor.py:183} INFO - Processing /home/abayturar/airflow-project/venv/lib/python3.12/site-packages/airflow/example_dags/plugins/decreasing_priority_weight_strategy.py took 0.022 seconds
[2026-03-28T19:16:13.190+0500] {processor.py:161} INFO - Started process (PID=27382) to work on /home/abayturar/airflow-project/venv/lib/python3.12/site-packages/airflow/example_dags/plugins/decreasing_priority_weight_strategy.py
[2026-03-28T19:16:13.191+0500] {processor.py:830} INFO - Processing file /home/abayturar/airflow-project/venv/lib/python3.12/site-packages/airflow/example_dags/plugins/decreasing_priority_weight_strategy.py for tasks to queue
[2026-03-28T19:16:13.193+0500] {logging_mixin.py:188} INFO - [2026-03-28T19:16:13.192+0500] {dagbag.py:545} INFO - Filling up the DagBag from /home/abayturar/airflow-project/venv/lib/python3.12/site-packages/airflow/example_dags/plugins/decreasing_priority_weight_strategy.py
[2026-03-28T19:16:13.195+0500] {processor.py:842} WARNING - No viable dags retrieved from /home/abayturar/airflow-project/venv/lib/python3.12/site-packages/airflow/example_dags/plugins/decreasing_priority_weight_strategy.py
[2026-03-28T19:16:13.206+0500] {processor.py:183} INFO - Processing /home/abayturar/airflow-project/venv/lib/python3.12/site-packages/airflow/example_dags/plugins/decreasing_priority_weight_strategy.py took 0.022 seconds
[2026-03-28T19:16:59.845+0500] {processor.py:161} INFO - Started process (PID=27509) to work on /home/abayturar/airflow-project/venv/lib/python3.12/site-packages/airflow/example_dags/plugins/decreasing_priority_weight_strategy.py
[2026-03-28T19:16:59.846+0500] {processor.py:830} INFO - Processing file /home/abayturar/airflow-project/venv/lib/python3.12/site-packages/airflow/example_dags/plugins/decreasing_priority_weight_strategy.py for tasks to queue
[2026-03-28T19:16:59.848+0500] {logging_mixin.py:188} INFO - [2026-03-28T19:16:59.848+0500] {dagbag.py:545} INFO - Filling up the DagBag from /home/abayturar/airflow-project/venv/lib/python3.12/site-packages/airflow/example_dags/plugins/decreasing_priority_weight_strategy.py
[2026-03-28T19:16:59.851+0500] {processor.py:842} WARNING - No viable dags retrieved from /home/abayturar/airflow-project/venv/lib/python3.12/site-packages/airflow/example_dags/plugins/decreasing_priority_weight_strategy.py
[2026-03-28T19:16:59.864+0500] {processor.py:183} INFO - Processing /home/abayturar/airflow-project/venv/lib/python3.12/site-packages/airflow/example_dags/plugins/decreasing_priority_weight_strategy.py took 0.025 seconds
[2026-03-28T19:17:46.615+0500] {processor.py:161} INFO - Started process (PID=27633) to work on /home/abayturar/airflow-project/venv/lib/python3.12/site-packages/airflow/example_dags/plugins/decreasing_priority_weight_strategy.py
[2026-03-28T19:17:46.616+0500] {processor.py:830} INFO - Processing file /home/abayturar/airflow-project/venv/lib/python3.12/site-packages/airflow/example_dags/plugins/decreasing_priority_weight_strategy.py for tasks to queue
[2026-03-28T19:17:46.617+0500] {logging_mixin.py:188} INFO - [2026-03-28T19:17:46.617+0500] {dagbag.py:545} INFO - Filling up the DagBag from /home/abayturar/airflow-project/venv/lib/python3.12/site-packages/airflow/example_dags/plugins/decreasing_priority_weight_strategy.py
[2026-03-28T19:17:46.620+0500] {processor.py:842} WARNING - No viable dags retrieved from /home/abayturar/airflow-project/venv/lib/python3.12/site-packages/airflow/example_dags/plugins/decreasing_priority_weight_strategy.py
[2026-03-28T19:17:46.632+0500] {processor.py:183} INFO - Processing /home/abayturar/airflow-project/venv/lib/python3.12/site-packages/airflow/example_dags/plugins/decreasing_priority_weight_strategy.py took 0.023 seconds
[2026-03-28T19:18:30.135+0500] {processor.py:161} INFO - Started process (PID=27754) to work on /home/abayturar/airflow-project/venv/lib/python3.12/site-packages/airflow/example_dags/plugins/decreasing_priority_weight_strategy.py
[2026-03-28T19:18:30.135+0500] {processor.py:830} INFO - Processing file /home/abayturar/airflow-project/venv/lib/python3.12/site-packages/airflow/example_dags/plugins/decreasing_priority_weight_strategy.py for tasks to queue
[2026-03-28T19:18:30.137+0500] {logging_mixin.py:188} INFO - [2026-03-28T19:18:30.137+0500] {dagbag.py:545} INFO - Filling up the DagBag from /home/abayturar/airflow-project/venv/lib/python3.12/site-packages/airflow/example_dags/plugins/decreasing_priority_weight_strategy.py
[2026-03-28T19:18:30.139+0500] {processor.py:842} WARNING - No viable dags retrieved from /home/abayturar/airflow-project/venv/lib/python3.12/site-packages/airflow/example_dags/plugins/decreasing_priority_weight_strategy.py
[2026-03-28T19:18:30.151+0500] {processor.py:183} INFO - Processing /home/abayturar/airflow-project/venv/lib/python3.12/site-packages/airflow/example_dags/plugins/decreasing_priority_weight_strategy.py took 0.022 seconds
[2026-03-28T19:19:14.388+0500] {processor.py:161} INFO - Started process (PID=27871) to work on /home/abayturar/airflow-project/venv/lib/python3.12/site-packages/airflow/example_dags/plugins/decreasing_priority_weight_strategy.py
[2026-03-28T19:19:14.389+0500] {processor.py:830} INFO - Processing file /home/abayturar/airflow-project/venv/lib/python3.12/site-packages/airflow/example_dags/plugins/decreasing_priority_weight_strategy.py for tasks to queue
[2026-03-28T19:19:14.390+0500] {logging_mixin.py:188} INFO - [2026-03-28T19:19:14.390+0500] {dagbag.py:545} INFO - Filling up the DagBag from /home/abayturar/airflow-project/venv/lib/python3.12/site-packages/airflow/example_dags/plugins/decreasing_priority_weight_strategy.py
[2026-03-28T19:19:14.393+0500] {processor.py:842} WARNING - No viable dags retrieved from /home/abayturar/airflow-project/venv/lib/python3.12/site-packages/airflow/example_dags/plugins/decreasing_priority_weight_strategy.py
[2026-03-28T19:19:14.404+0500] {processor.py:183} INFO - Processing /home/abayturar/airflow-project/venv/lib/python3.12/site-packages/airflow/example_dags/plugins/decreasing_priority_weight_strategy.py took 0.022 seconds
[2026-03-28T19:20:02.932+0500] {processor.py:161} INFO - Started process (PID=28004) to work on /home/abayturar/airflow-project/venv/lib/python3.12/site-packages/airflow/example_dags/plugins/decreasing_priority_weight_strategy.py
[2026-03-28T19:20:02.933+0500] {processor.py:830} INFO - Processing file /home/abayturar/airflow-project/venv/lib/python3.12/site-packages/airflow/example_dags/plugins/decreasing_priority_weight_strategy.py for tasks to queue
[2026-03-28T19:20:02.935+0500] {logging_mixin.py:188} INFO - [2026-03-28T19:20:02.934+0500] {dagbag.py:545} INFO - Filling up the DagBag from /home/abayturar/airflow-project/venv/lib/python3.12/site-packages/airflow/example_dags/plugins/decreasing_priority_weight_strategy.py
[2026-03-28T19:20:02.937+0500] {processor.py:842} WARNING - No viable dags retrieved from /home/abayturar/airflow-project/venv/lib/python3.12/site-packages/airflow/example_dags/plugins/decreasing_priority_weight_strategy.py
[2026-03-28T19:20:02.949+0500] {processor.py:183} INFO - Processing /home/abayturar/airflow-project/venv/lib/python3.12/site-packages/airflow/example_dags/plugins/decreasing_priority_weight_strategy.py took 0.023 seconds
[2026-03-28T19:20:49.497+0500] {processor.py:161} INFO - Started process (PID=28128) to work on /home/abayturar/airflow-project/venv/lib/python3.12/site-packages/airflow/example_dags/plugins/decreasing_priority_weight_strategy.py
[2026-03-28T19:20:49.498+0500] {processor.py:830} INFO - Processing file /home/abayturar/airflow-project/venv/lib/python3.12/site-packages/airflow/example_dags/plugins/decreasing_priority_weight_strategy.py for tasks to queue
[2026-03-28T19:20:49.500+0500] {logging_mixin.py:188} INFO - [2026-03-28T19:20:49.499+0500] {dagbag.py:545} INFO - Filling up the DagBag from /home/abayturar/airflow-project/venv/lib/python3.12/site-packages/airflow/example_dags/plugins/decreasing_priority_weight_strategy.py
[2026-03-28T19:20:49.502+0500] {processor.py:842} WARNING - No viable dags retrieved from /home/abayturar/airflow-project/venv/lib/python3.12/site-packages/airflow/example_dags/plugins/decreasing_priority_weight_strategy.py
[2026-03-28T19:20:49.513+0500] {processor.py:183} INFO - Processing /home/abayturar/airflow-project/venv/lib/python3.12/site-packages/airflow/example_dags/plugins/decreasing_priority_weight_strategy.py took 0.022 seconds
[2026-03-28T19:21:33.734+0500] {processor.py:161} INFO - Started process (PID=28284) to work on /home/abayturar/airflow-project/venv/lib/python3.12/site-packages/airflow/example_dags/plugins/decreasing_priority_weight_strategy.py
[2026-03-28T19:21:33.735+0500] {processor.py:830} INFO - Processing file /home/abayturar/airflow-project/venv/lib/python3.12/site-packages/airflow/example_dags/plugins/decreasing_priority_weight_strategy.py for tasks to queue
[2026-03-28T19:21:33.737+0500] {logging_mixin.py:188} INFO - [2026-03-28T19:21:33.737+0500] {dagbag.py:545} INFO - Filling up the DagBag from /home/abayturar/airflow-project/venv/lib/python3.12/site-packages/airflow/example_dags/plugins/decreasing_priority_weight_strategy.py
[2026-03-28T19:21:33.740+0500] {processor.py:842} WARNING - No viable dags retrieved from /home/abayturar/airflow-project/venv/lib/python3.12/site-packages/airflow/example_dags/plugins/decreasing_priority_weight_strategy.py
[2026-03-28T19:21:33.756+0500] {processor.py:183} INFO - Processing /home/abayturar/airflow-project/venv/lib/python3.12/site-packages/airflow/example_dags/plugins/decreasing_priority_weight_strategy.py took 0.029 seconds
[2026-03-28T19:22:17.714+0500] {processor.py:161} INFO - Started process (PID=28404) to work on /home/abayturar/airflow-project/venv/lib/python3.12/site-packages/airflow/example_dags/plugins/decreasing_priority_weight_strategy.py
[2026-03-28T19:22:17.714+0500] {processor.py:830} INFO - Processing file /home/abayturar/airflow-project/venv/lib/python3.12/site-packages/airflow/example_dags/plugins/decreasing_priority_weight_strategy.py for tasks to queue
[2026-03-28T19:22:17.716+0500] {logging_mixin.py:188} INFO - [2026-03-28T19:22:17.716+0500] {dagbag.py:545} INFO - Filling up the DagBag from /home/abayturar/airflow-project/venv/lib/python3.12/site-packages/airflow/example_dags/plugins/decreasing_priority_weight_strategy.py
[2026-03-28T19:22:17.719+0500] {processor.py:842} WARNING - No viable dags retrieved from /home/abayturar/airflow-project/venv/lib/python3.12/site-packages/airflow/example_dags/plugins/decreasing_priority_weight_strategy.py
[2026-03-28T19:22:17.730+0500] {processor.py:183} INFO - Processing /home/abayturar/airflow-project/venv/lib/python3.12/site-packages/airflow/example_dags/plugins/decreasing_priority_weight_strategy.py took 0.022 seconds
[2026-03-28T19:23:00.890+0500] {processor.py:161} INFO - Started process (PID=28522) to work on /home/abayturar/airflow-project/venv/lib/python3.12/site-packages/airflow/example_dags/plugins/decreasing_priority_weight_strategy.py
[2026-03-28T19:23:00.891+0500] {processor.py:830} INFO - Processing file /home/abayturar/airflow-project/venv/lib/python3.12/site-packages/airflow/example_dags/plugins/decreasing_priority_weight_strategy.py for tasks to queue
[2026-03-28T19:23:00.893+0500] {logging_mixin.py:188} INFO - [2026-03-28T19:23:00.893+0500] {dagbag.py:545} INFO - Filling up the DagBag from /home/abayturar/airflow-project/venv/lib/python3.12/site-packages/airflow/example_dags/plugins/decreasing_priority_weight_strategy.py
[2026-03-28T19:23:00.896+0500] {processor.py:842} WARNING - No viable dags retrieved from /home/abayturar/airflow-project/venv/lib/python3.12/site-packages/airflow/example_dags/plugins/decreasing_priority_weight_strategy.py
[2026-03-28T19:23:00.909+0500] {processor.py:183} INFO - Processing /home/abayturar/airflow-project/venv/lib/python3.12/site-packages/airflow/example_dags/plugins/decreasing_priority_weight_strategy.py took 0.028 seconds
[2026-03-28T19:23:46.943+0500] {processor.py:161} INFO - Started process (PID=28649) to work on /home/abayturar/airflow-project/venv/lib/python3.12/site-packages/airflow/example_dags/plugins/decreasing_priority_weight_strategy.py
[2026-03-28T19:23:46.944+0500] {processor.py:830} INFO - Processing file /home/abayturar/airflow-project/venv/lib/python3.12/site-packages/airflow/example_dags/plugins/decreasing_priority_weight_strategy.py for tasks to queue
[2026-03-28T19:23:46.946+0500] {logging_mixin.py:188} INFO - [2026-03-28T19:23:46.945+0500] {dagbag.py:545} INFO - Filling up the DagBag from /home/abayturar/airflow-project/venv/lib/python3.12/site-packages/airflow/example_dags/plugins/decreasing_priority_weight_strategy.py
[2026-03-28T19:23:46.948+0500] {processor.py:842} WARNING - No viable dags retrieved from /home/abayturar/airflow-project/venv/lib/python3.12/site-packages/airflow/example_dags/plugins/decreasing_priority_weight_strategy.py
[2026-03-28T19:23:46.959+0500] {processor.py:183} INFO - Processing /home/abayturar/airflow-project/venv/lib/python3.12/site-packages/airflow/example_dags/plugins/decreasing_priority_weight_strategy.py took 0.022 seconds
[2026-03-28T19:24:34.178+0500] {processor.py:161} INFO - Started process (PID=28775) to work on /home/abayturar/airflow-project/venv/lib/python3.12/site-packages/airflow/example_dags/plugins/decreasing_priority_weight_strategy.py
[2026-03-28T19:24:34.179+0500] {processor.py:830} INFO - Processing file /home/abayturar/airflow-project/venv/lib/python3.12/site-packages/airflow/example_dags/plugins/decreasing_priority_weight_strategy.py for tasks to queue
[2026-03-28T19:24:34.181+0500] {logging_mixin.py:188} INFO - [2026-03-28T19:24:34.180+0500] {dagbag.py:545} INFO - Filling up the DagBag from /home/abayturar/airflow-project/venv/lib/python3.12/site-packages/airflow/example_dags/plugins/decreasing_priority_weight_strategy.py
[2026-03-28T19:24:34.183+0500] {processor.py:842} WARNING - No viable dags retrieved from /home/abayturar/airflow-project/venv/lib/python3.12/site-packages/airflow/example_dags/plugins/decreasing_priority_weight_strategy.py
[2026-03-28T19:24:34.197+0500] {processor.py:183} INFO - Processing /home/abayturar/airflow-project/venv/lib/python3.12/site-packages/airflow/example_dags/plugins/decreasing_priority_weight_strategy.py took 0.028 seconds
[2026-03-28T19:25:20.526+0500] {processor.py:161} INFO - Started process (PID=28898) to work on /home/abayturar/airflow-project/venv/lib/python3.12/site-packages/airflow/example_dags/plugins/decreasing_priority_weight_strategy.py
[2026-03-28T19:25:20.527+0500] {processor.py:830} INFO - Processing file /home/abayturar/airflow-project/venv/lib/python3.12/site-packages/airflow/example_dags/plugins/decreasing_priority_weight_strategy.py for tasks to queue
[2026-03-28T19:25:20.529+0500] {logging_mixin.py:188} INFO - [2026-03-28T19:25:20.528+0500] {dagbag.py:545} INFO - Filling up the DagBag from /home/abayturar/airflow-project/venv/lib/python3.12/site-packages/airflow/example_dags/plugins/decreasing_priority_weight_strategy.py
[2026-03-28T19:25:20.531+0500] {processor.py:842} WARNING - No viable dags retrieved from /home/abayturar/airflow-project/venv/lib/python3.12/site-packages/airflow/example_dags/plugins/decreasing_priority_weight_strategy.py
[2026-03-28T19:25:20.543+0500] {processor.py:183} INFO - Processing /home/abayturar/airflow-project/venv/lib/python3.12/site-packages/airflow/example_dags/plugins/decreasing_priority_weight_strategy.py took 0.023 seconds
[2026-03-28T19:26:06.235+0500] {processor.py:161} INFO - Started process (PID=29022) to work on /home/abayturar/airflow-project/venv/lib/python3.12/site-packages/airflow/example_dags/plugins/decreasing_priority_weight_strategy.py
[2026-03-28T19:26:06.236+0500] {processor.py:830} INFO - Processing file /home/abayturar/airflow-project/venv/lib/python3.12/site-packages/airflow/example_dags/plugins/decreasing_priority_weight_strategy.py for tasks to queue
[2026-03-28T19:26:06.238+0500] {logging_mixin.py:188} INFO - [2026-03-28T19:26:06.237+0500] {dagbag.py:545} INFO - Filling up the DagBag from /home/abayturar/airflow-project/venv/lib/python3.12/site-packages/airflow/example_dags/plugins/decreasing_priority_weight_strategy.py
[2026-03-28T19:26:06.240+0500] {processor.py:842} WARNING - No viable dags retrieved from /home/abayturar/airflow-project/venv/lib/python3.12/site-packages/airflow/example_dags/plugins/decreasing_priority_weight_strategy.py
[2026-03-28T19:26:06.251+0500] {processor.py:183} INFO - Processing /home/abayturar/airflow-project/venv/lib/python3.12/site-packages/airflow/example_dags/plugins/decreasing_priority_weight_strategy.py took 0.021 seconds
[2026-03-28T19:26:52.808+0500] {processor.py:161} INFO - Started process (PID=29148) to work on /home/abayturar/airflow-project/venv/lib/python3.12/site-packages/airflow/example_dags/plugins/decreasing_priority_weight_strategy.py
[2026-03-28T19:26:52.809+0500] {processor.py:830} INFO - Processing file /home/abayturar/airflow-project/venv/lib/python3.12/site-packages/airflow/example_dags/plugins/decreasing_priority_weight_strategy.py for tasks to queue
[2026-03-28T19:26:52.810+0500] {logging_mixin.py:188} INFO - [2026-03-28T19:26:52.810+0500] {dagbag.py:545} INFO - Filling up the DagBag from /home/abayturar/airflow-project/venv/lib/python3.12/site-packages/airflow/example_dags/plugins/decreasing_priority_weight_strategy.py
[2026-03-28T19:26:52.813+0500] {processor.py:842} WARNING - No viable dags retrieved from /home/abayturar/airflow-project/venv/lib/python3.12/site-packages/airflow/example_dags/plugins/decreasing_priority_weight_strategy.py
[2026-03-28T19:26:52.824+0500] {processor.py:183} INFO - Processing /home/abayturar/airflow-project/venv/lib/python3.12/site-packages/airflow/example_dags/plugins/decreasing_priority_weight_strategy.py took 0.022 seconds
[2026-03-28T19:27:40.285+0500] {processor.py:161} INFO - Started process (PID=29276) to work on /home/abayturar/airflow-project/venv/lib/python3.12/site-packages/airflow/example_dags/plugins/decreasing_priority_weight_strategy.py
[2026-03-28T19:27:40.286+0500] {processor.py:830} INFO - Processing file /home/abayturar/airflow-project/venv/lib/python3.12/site-packages/airflow/example_dags/plugins/decreasing_priority_weight_strategy.py for tasks to queue
[2026-03-28T19:27:40.288+0500] {logging_mixin.py:188} INFO - [2026-03-28T19:27:40.287+0500] {dagbag.py:545} INFO - Filling up the DagBag from /home/abayturar/airflow-project/venv/lib/python3.12/site-packages/airflow/example_dags/plugins/decreasing_priority_weight_strategy.py
[2026-03-28T19:27:40.290+0500] {processor.py:842} WARNING - No viable dags retrieved from /home/abayturar/airflow-project/venv/lib/python3.12/site-packages/airflow/example_dags/plugins/decreasing_priority_weight_strategy.py
[2026-03-28T19:27:40.301+0500] {processor.py:183} INFO - Processing /home/abayturar/airflow-project/venv/lib/python3.12/site-packages/airflow/example_dags/plugins/decreasing_priority_weight_strategy.py took 0.022 seconds
[2026-03-28T19:28:28.665+0500] {processor.py:161} INFO - Started process (PID=29403) to work on /home/abayturar/airflow-project/venv/lib/python3.12/site-packages/airflow/example_dags/plugins/decreasing_priority_weight_strategy.py
[2026-03-28T19:28:28.666+0500] {processor.py:830} INFO - Processing file /home/abayturar/airflow-project/venv/lib/python3.12/site-packages/airflow/example_dags/plugins/decreasing_priority_weight_strategy.py for tasks to queue
[2026-03-28T19:28:28.667+0500] {logging_mixin.py:188} INFO - [2026-03-28T19:28:28.667+0500] {dagbag.py:545} INFO - Filling up the DagBag from /home/abayturar/airflow-project/venv/lib/python3.12/site-packages/airflow/example_dags/plugins/decreasing_priority_weight_strategy.py
[2026-03-28T19:28:28.670+0500] {processor.py:842} WARNING - No viable dags retrieved from /home/abayturar/airflow-project/venv/lib/python3.12/site-packages/airflow/example_dags/plugins/decreasing_priority_weight_strategy.py
[2026-03-28T19:28:28.681+0500] {processor.py:183} INFO - Processing /home/abayturar/airflow-project/venv/lib/python3.12/site-packages/airflow/example_dags/plugins/decreasing_priority_weight_strategy.py took 0.022 seconds
[2026-03-28T19:29:18.888+0500] {processor.py:161} INFO - Started process (PID=29606) to work on /home/abayturar/airflow-project/venv/lib/python3.12/site-packages/airflow/example_dags/plugins/decreasing_priority_weight_strategy.py
[2026-03-28T19:29:18.889+0500] {processor.py:830} INFO - Processing file /home/abayturar/airflow-project/venv/lib/python3.12/site-packages/airflow/example_dags/plugins/decreasing_priority_weight_strategy.py for tasks to queue
[2026-03-28T19:29:18.891+0500] {logging_mixin.py:188} INFO - [2026-03-28T19:29:18.890+0500] {dagbag.py:545} INFO - Filling up the DagBag from /home/abayturar/airflow-project/venv/lib/python3.12/site-packages/airflow/example_dags/plugins/decreasing_priority_weight_strategy.py
[2026-03-28T19:29:18.893+0500] {processor.py:842} WARNING - No viable dags retrieved from /home/abayturar/airflow-project/venv/lib/python3.12/site-packages/airflow/example_dags/plugins/decreasing_priority_weight_strategy.py
[2026-03-28T19:29:18.904+0500] {processor.py:183} INFO - Processing /home/abayturar/airflow-project/venv/lib/python3.12/site-packages/airflow/example_dags/plugins/decreasing_priority_weight_strategy.py took 0.022 seconds
[2026-03-28T19:30:02.454+0500] {processor.py:161} INFO - Started process (PID=29726) to work on /home/abayturar/airflow-project/venv/lib/python3.12/site-packages/airflow/example_dags/plugins/decreasing_priority_weight_strategy.py
[2026-03-28T19:30:02.455+0500] {processor.py:830} INFO - Processing file /home/abayturar/airflow-project/venv/lib/python3.12/site-packages/airflow/example_dags/plugins/decreasing_priority_weight_strategy.py for tasks to queue
[2026-03-28T19:30:02.458+0500] {logging_mixin.py:188} INFO - [2026-03-28T19:30:02.457+0500] {dagbag.py:545} INFO - Filling up the DagBag from /home/abayturar/airflow-project/venv/lib/python3.12/site-packages/airflow/example_dags/plugins/decreasing_priority_weight_strategy.py
[2026-03-28T19:30:02.462+0500] {processor.py:842} WARNING - No viable dags retrieved from /home/abayturar/airflow-project/venv/lib/python3.12/site-packages/airflow/example_dags/plugins/decreasing_priority_weight_strategy.py
[2026-03-28T19:30:02.476+0500] {processor.py:183} INFO - Processing /home/abayturar/airflow-project/venv/lib/python3.12/site-packages/airflow/example_dags/plugins/decreasing_priority_weight_strategy.py took 0.033 seconds
[2026-03-28T19:30:38.862+0500] {processor.py:161} INFO - Started process (PID=29844) to work on /home/abayturar/airflow-project/venv/lib/python3.12/site-packages/airflow/example_dags/plugins/decreasing_priority_weight_strategy.py
[2026-03-28T19:30:38.863+0500] {processor.py:830} INFO - Processing file /home/abayturar/airflow-project/venv/lib/python3.12/site-packages/airflow/example_dags/plugins/decreasing_priority_weight_strategy.py for tasks to queue
[2026-03-28T19:30:38.866+0500] {logging_mixin.py:188} INFO - [2026-03-28T19:30:38.866+0500] {dagbag.py:545} INFO - Filling up the DagBag from /home/abayturar/airflow-project/venv/lib/python3.12/site-packages/airflow/example_dags/plugins/decreasing_priority_weight_strategy.py
[2026-03-28T19:30:38.869+0500] {processor.py:842} WARNING - No viable dags retrieved from /home/abayturar/airflow-project/venv/lib/python3.12/site-packages/airflow/example_dags/plugins/decreasing_priority_weight_strategy.py
[2026-03-28T19:30:38.885+0500] {processor.py:183} INFO - Processing /home/abayturar/airflow-project/venv/lib/python3.12/site-packages/airflow/example_dags/plugins/decreasing_priority_weight_strategy.py took 0.030 seconds
[2026-03-28T19:31:26.532+0500] {processor.py:161} INFO - Started process (PID=29986) to work on /home/abayturar/airflow-project/venv/lib/python3.12/site-packages/airflow/example_dags/plugins/decreasing_priority_weight_strategy.py
[2026-03-28T19:31:26.533+0500] {processor.py:830} INFO - Processing file /home/abayturar/airflow-project/venv/lib/python3.12/site-packages/airflow/example_dags/plugins/decreasing_priority_weight_strategy.py for tasks to queue
[2026-03-28T19:31:26.535+0500] {logging_mixin.py:188} INFO - [2026-03-28T19:31:26.534+0500] {dagbag.py:545} INFO - Filling up the DagBag from /home/abayturar/airflow-project/venv/lib/python3.12/site-packages/airflow/example_dags/plugins/decreasing_priority_weight_strategy.py
[2026-03-28T19:31:26.537+0500] {processor.py:842} WARNING - No viable dags retrieved from /home/abayturar/airflow-project/venv/lib/python3.12/site-packages/airflow/example_dags/plugins/decreasing_priority_weight_strategy.py
[2026-03-28T19:31:26.552+0500] {processor.py:183} INFO - Processing /home/abayturar/airflow-project/venv/lib/python3.12/site-packages/airflow/example_dags/plugins/decreasing_priority_weight_strategy.py took 0.029 seconds
[2026-03-28T19:32:01.066+0500] {processor.py:161} INFO - Started process (PID=30085) to work on /home/abayturar/airflow-project/venv/lib/python3.12/site-packages/airflow/example_dags/plugins/decreasing_priority_weight_strategy.py
[2026-03-28T19:32:01.066+0500] {processor.py:830} INFO - Processing file /home/abayturar/airflow-project/venv/lib/python3.12/site-packages/airflow/example_dags/plugins/decreasing_priority_weight_strategy.py for tasks to queue
[2026-03-28T19:32:01.068+0500] {logging_mixin.py:188} INFO - [2026-03-28T19:32:01.068+0500] {dagbag.py:545} INFO - Filling up the DagBag from /home/abayturar/airflow-project/venv/lib/python3.12/site-packages/airflow/example_dags/plugins/decreasing_priority_weight_strategy.py
[2026-03-28T19:32:01.071+0500] {processor.py:842} WARNING - No viable dags retrieved from /home/abayturar/airflow-project/venv/lib/python3.12/site-packages/airflow/example_dags/plugins/decreasing_priority_weight_strategy.py
[2026-03-28T19:32:01.087+0500] {processor.py:183} INFO - Processing /home/abayturar/airflow-project/venv/lib/python3.12/site-packages/airflow/example_dags/plugins/decreasing_priority_weight_strategy.py took 0.027 seconds
[2026-03-28T19:32:37.010+0500] {processor.py:161} INFO - Started process (PID=30185) to work on /home/abayturar/airflow-project/venv/lib/python3.12/site-packages/airflow/example_dags/plugins/decreasing_priority_weight_strategy.py
[2026-03-28T19:32:37.011+0500] {processor.py:830} INFO - Processing file /home/abayturar/airflow-project/venv/lib/python3.12/site-packages/airflow/example_dags/plugins/decreasing_priority_weight_strategy.py for tasks to queue
[2026-03-28T19:32:37.012+0500] {logging_mixin.py:188} INFO - [2026-03-28T19:32:37.012+0500] {dagbag.py:545} INFO - Filling up the DagBag from /home/abayturar/airflow-project/venv/lib/python3.12/site-packages/airflow/example_dags/plugins/decreasing_priority_weight_strategy.py
[2026-03-28T19:32:37.015+0500] {processor.py:842} WARNING - No viable dags retrieved from /home/abayturar/airflow-project/venv/lib/python3.12/site-packages/airflow/example_dags/plugins/decreasing_priority_weight_strategy.py
[2026-03-28T19:32:37.026+0500] {processor.py:183} INFO - Processing /home/abayturar/airflow-project/venv/lib/python3.12/site-packages/airflow/example_dags/plugins/decreasing_priority_weight_strategy.py took 0.023 seconds
[2026-03-28T19:33:10.854+0500] {processor.py:161} INFO - Started process (PID=30282) to work on /home/abayturar/airflow-project/venv/lib/python3.12/site-packages/airflow/example_dags/plugins/decreasing_priority_weight_strategy.py
[2026-03-28T19:33:10.856+0500] {processor.py:830} INFO - Processing file /home/abayturar/airflow-project/venv/lib/python3.12/site-packages/airflow/example_dags/plugins/decreasing_priority_weight_strategy.py for tasks to queue
[2026-03-28T19:33:10.858+0500] {logging_mixin.py:188} INFO - [2026-03-28T19:33:10.857+0500] {dagbag.py:545} INFO - Filling up the DagBag from /home/abayturar/airflow-project/venv/lib/python3.12/site-packages/airflow/example_dags/plugins/decreasing_priority_weight_strategy.py
[2026-03-28T19:33:10.860+0500] {processor.py:842} WARNING - No viable dags retrieved from /home/abayturar/airflow-project/venv/lib/python3.12/site-packages/airflow/example_dags/plugins/decreasing_priority_weight_strategy.py
[2026-03-28T19:33:10.874+0500] {processor.py:183} INFO - Processing /home/abayturar/airflow-project/venv/lib/python3.12/site-packages/airflow/example_dags/plugins/decreasing_priority_weight_strategy.py took 0.028 seconds
[2026-03-28T19:33:45.262+0500] {processor.py:161} INFO - Started process (PID=30382) to work on /home/abayturar/airflow-project/venv/lib/python3.12/site-packages/airflow/example_dags/plugins/decreasing_priority_weight_strategy.py
[2026-03-28T19:33:45.263+0500] {processor.py:830} INFO - Processing file /home/abayturar/airflow-project/venv/lib/python3.12/site-packages/airflow/example_dags/plugins/decreasing_priority_weight_strategy.py for tasks to queue
[2026-03-28T19:33:45.265+0500] {logging_mixin.py:188} INFO - [2026-03-28T19:33:45.265+0500] {dagbag.py:545} INFO - Filling up the DagBag from /home/abayturar/airflow-project/venv/lib/python3.12/site-packages/airflow/example_dags/plugins/decreasing_priority_weight_strategy.py
[2026-03-28T19:33:45.268+0500] {processor.py:842} WARNING - No viable dags retrieved from /home/abayturar/airflow-project/venv/lib/python3.12/site-packages/airflow/example_dags/plugins/decreasing_priority_weight_strategy.py
[2026-03-28T19:33:45.280+0500] {processor.py:183} INFO - Processing /home/abayturar/airflow-project/venv/lib/python3.12/site-packages/airflow/example_dags/plugins/decreasing_priority_weight_strategy.py took 0.025 seconds
[2026-03-28T19:35:08.312+0500] {processor.py:161} INFO - Started process (PID=30551) to work on /home/abayturar/airflow-project/venv/lib/python3.12/site-packages/airflow/example_dags/plugins/decreasing_priority_weight_strategy.py
[2026-03-28T19:35:08.313+0500] {processor.py:830} INFO - Processing file /home/abayturar/airflow-project/venv/lib/python3.12/site-packages/airflow/example_dags/plugins/decreasing_priority_weight_strategy.py for tasks to queue
[2026-03-28T19:35:08.315+0500] {logging_mixin.py:188} INFO - [2026-03-28T19:35:08.315+0500] {dagbag.py:545} INFO - Filling up the DagBag from /home/abayturar/airflow-project/venv/lib/python3.12/site-packages/airflow/example_dags/plugins/decreasing_priority_weight_strategy.py
[2026-03-28T19:35:08.317+0500] {processor.py:842} WARNING - No viable dags retrieved from /home/abayturar/airflow-project/venv/lib/python3.12/site-packages/airflow/example_dags/plugins/decreasing_priority_weight_strategy.py
[2026-03-28T19:35:08.329+0500] {processor.py:183} INFO - Processing /home/abayturar/airflow-project/venv/lib/python3.12/site-packages/airflow/example_dags/plugins/decreasing_priority_weight_strategy.py took 0.022 seconds
[2026-03-28T19:36:10.259+0500] {processor.py:161} INFO - Started process (PID=30769) to work on /home/abayturar/airflow-project/venv/lib/python3.12/site-packages/airflow/example_dags/plugins/decreasing_priority_weight_strategy.py
[2026-03-28T19:36:10.260+0500] {processor.py:830} INFO - Processing file /home/abayturar/airflow-project/venv/lib/python3.12/site-packages/airflow/example_dags/plugins/decreasing_priority_weight_strategy.py for tasks to queue
[2026-03-28T19:36:10.261+0500] {logging_mixin.py:188} INFO - [2026-03-28T19:36:10.261+0500] {dagbag.py:545} INFO - Filling up the DagBag from /home/abayturar/airflow-project/venv/lib/python3.12/site-packages/airflow/example_dags/plugins/decreasing_priority_weight_strategy.py
[2026-03-28T19:36:10.264+0500] {processor.py:842} WARNING - No viable dags retrieved from /home/abayturar/airflow-project/venv/lib/python3.12/site-packages/airflow/example_dags/plugins/decreasing_priority_weight_strategy.py
[2026-03-28T19:36:10.276+0500] {processor.py:183} INFO - Processing /home/abayturar/airflow-project/venv/lib/python3.12/site-packages/airflow/example_dags/plugins/decreasing_priority_weight_strategy.py took 0.023 seconds
[2026-03-28T19:37:02.402+0500] {processor.py:161} INFO - Started process (PID=30910) to work on /home/abayturar/airflow-project/venv/lib/python3.12/site-packages/airflow/example_dags/plugins/decreasing_priority_weight_strategy.py
[2026-03-28T19:37:02.403+0500] {processor.py:830} INFO - Processing file /home/abayturar/airflow-project/venv/lib/python3.12/site-packages/airflow/example_dags/plugins/decreasing_priority_weight_strategy.py for tasks to queue
[2026-03-28T19:37:02.405+0500] {logging_mixin.py:188} INFO - [2026-03-28T19:37:02.404+0500] {dagbag.py:545} INFO - Filling up the DagBag from /home/abayturar/airflow-project/venv/lib/python3.12/site-packages/airflow/example_dags/plugins/decreasing_priority_weight_strategy.py
[2026-03-28T19:37:02.407+0500] {processor.py:842} WARNING - No viable dags retrieved from /home/abayturar/airflow-project/venv/lib/python3.12/site-packages/airflow/example_dags/plugins/decreasing_priority_weight_strategy.py
[2026-03-28T19:37:02.419+0500] {processor.py:183} INFO - Processing /home/abayturar/airflow-project/venv/lib/python3.12/site-packages/airflow/example_dags/plugins/decreasing_priority_weight_strategy.py took 0.024 seconds
[2026-03-28T19:37:49.457+0500] {processor.py:161} INFO - Started process (PID=31037) to work on /home/abayturar/airflow-project/venv/lib/python3.12/site-packages/airflow/example_dags/plugins/decreasing_priority_weight_strategy.py
[2026-03-28T19:37:49.458+0500] {processor.py:830} INFO - Processing file /home/abayturar/airflow-project/venv/lib/python3.12/site-packages/airflow/example_dags/plugins/decreasing_priority_weight_strategy.py for tasks to queue
[2026-03-28T19:37:49.460+0500] {logging_mixin.py:188} INFO - [2026-03-28T19:37:49.459+0500] {dagbag.py:545} INFO - Filling up the DagBag from /home/abayturar/airflow-project/venv/lib/python3.12/site-packages/airflow/example_dags/plugins/decreasing_priority_weight_strategy.py
[2026-03-28T19:37:49.462+0500] {processor.py:842} WARNING - No viable dags retrieved from /home/abayturar/airflow-project/venv/lib/python3.12/site-packages/airflow/example_dags/plugins/decreasing_priority_weight_strategy.py
[2026-03-28T19:37:49.473+0500] {processor.py:183} INFO - Processing /home/abayturar/airflow-project/venv/lib/python3.12/site-packages/airflow/example_dags/plugins/decreasing_priority_weight_strategy.py took 0.022 seconds
[2026-03-28T19:38:35.504+0500] {processor.py:161} INFO - Started process (PID=31162) to work on /home/abayturar/airflow-project/venv/lib/python3.12/site-packages/airflow/example_dags/plugins/decreasing_priority_weight_strategy.py
[2026-03-28T19:38:35.505+0500] {processor.py:830} INFO - Processing file /home/abayturar/airflow-project/venv/lib/python3.12/site-packages/airflow/example_dags/plugins/decreasing_priority_weight_strategy.py for tasks to queue
[2026-03-28T19:38:35.507+0500] {logging_mixin.py:188} INFO - [2026-03-28T19:38:35.507+0500] {dagbag.py:545} INFO - Filling up the DagBag from /home/abayturar/airflow-project/venv/lib/python3.12/site-packages/airflow/example_dags/plugins/decreasing_priority_weight_strategy.py
[2026-03-28T19:38:35.510+0500] {processor.py:842} WARNING - No viable dags retrieved from /home/abayturar/airflow-project/venv/lib/python3.12/site-packages/airflow/example_dags/plugins/decreasing_priority_weight_strategy.py
[2026-03-28T19:38:35.522+0500] {processor.py:183} INFO - Processing /home/abayturar/airflow-project/venv/lib/python3.12/site-packages/airflow/example_dags/plugins/decreasing_priority_weight_strategy.py took 0.024 seconds
[2026-03-28T19:39:19.125+0500] {processor.py:161} INFO - Started process (PID=31280) to work on /home/abayturar/airflow-project/venv/lib/python3.12/site-packages/airflow/example_dags/plugins/decreasing_priority_weight_strategy.py
[2026-03-28T19:39:19.127+0500] {processor.py:830} INFO - Processing file /home/abayturar/airflow-project/venv/lib/python3.12/site-packages/airflow/example_dags/plugins/decreasing_priority_weight_strategy.py for tasks to queue
[2026-03-28T19:39:19.128+0500] {logging_mixin.py:188} INFO - [2026-03-28T19:39:19.128+0500] {dagbag.py:545} INFO - Filling up the DagBag from /home/abayturar/airflow-project/venv/lib/python3.12/site-packages/airflow/example_dags/plugins/decreasing_priority_weight_strategy.py
[2026-03-28T19:39:19.131+0500] {processor.py:842} WARNING - No viable dags retrieved from /home/abayturar/airflow-project/venv/lib/python3.12/site-packages/airflow/example_dags/plugins/decreasing_priority_weight_strategy.py
[2026-03-28T19:39:19.142+0500] {processor.py:183} INFO - Processing /home/abayturar/airflow-project/venv/lib/python3.12/site-packages/airflow/example_dags/plugins/decreasing_priority_weight_strategy.py took 0.022 seconds
[2026-03-28T19:40:03.314+0500] {processor.py:161} INFO - Started process (PID=31404) to work on /home/abayturar/airflow-project/venv/lib/python3.12/site-packages/airflow/example_dags/plugins/decreasing_priority_weight_strategy.py
[2026-03-28T19:40:03.314+0500] {processor.py:830} INFO - Processing file /home/abayturar/airflow-project/venv/lib/python3.12/site-packages/airflow/example_dags/plugins/decreasing_priority_weight_strategy.py for tasks to queue
[2026-03-28T19:40:03.316+0500] {logging_mixin.py:188} INFO - [2026-03-28T19:40:03.316+0500] {dagbag.py:545} INFO - Filling up the DagBag from /home/abayturar/airflow-project/venv/lib/python3.12/site-packages/airflow/example_dags/plugins/decreasing_priority_weight_strategy.py
[2026-03-28T19:40:03.319+0500] {processor.py:842} WARNING - No viable dags retrieved from /home/abayturar/airflow-project/venv/lib/python3.12/site-packages/airflow/example_dags/plugins/decreasing_priority_weight_strategy.py
[2026-03-28T19:40:03.330+0500] {processor.py:183} INFO - Processing /home/abayturar/airflow-project/venv/lib/python3.12/site-packages/airflow/example_dags/plugins/decreasing_priority_weight_strategy.py took 0.023 seconds
[2026-03-28T19:40:50.700+0500] {processor.py:161} INFO - Started process (PID=31530) to work on /home/abayturar/airflow-project/venv/lib/python3.12/site-packages/airflow/example_dags/plugins/decreasing_priority_weight_strategy.py
[2026-03-28T19:40:50.701+0500] {processor.py:830} INFO - Processing file /home/abayturar/airflow-project/venv/lib/python3.12/site-packages/airflow/example_dags/plugins/decreasing_priority_weight_strategy.py for tasks to queue
[2026-03-28T19:40:50.702+0500] {logging_mixin.py:188} INFO - [2026-03-28T19:40:50.702+0500] {dagbag.py:545} INFO - Filling up the DagBag from /home/abayturar/airflow-project/venv/lib/python3.12/site-packages/airflow/example_dags/plugins/decreasing_priority_weight_strategy.py
[2026-03-28T19:40:50.704+0500] {processor.py:842} WARNING - No viable dags retrieved from /home/abayturar/airflow-project/venv/lib/python3.12/site-packages/airflow/example_dags/plugins/decreasing_priority_weight_strategy.py
[2026-03-28T19:40:50.716+0500] {processor.py:183} INFO - Processing /home/abayturar/airflow-project/venv/lib/python3.12/site-packages/airflow/example_dags/plugins/decreasing_priority_weight_strategy.py took 0.022 seconds
[2026-03-28T19:41:34.534+0500] {processor.py:161} INFO - Started process (PID=31647) to work on /home/abayturar/airflow-project/venv/lib/python3.12/site-packages/airflow/example_dags/plugins/decreasing_priority_weight_strategy.py
[2026-03-28T19:41:34.534+0500] {processor.py:830} INFO - Processing file /home/abayturar/airflow-project/venv/lib/python3.12/site-packages/airflow/example_dags/plugins/decreasing_priority_weight_strategy.py for tasks to queue
[2026-03-28T19:41:34.536+0500] {logging_mixin.py:188} INFO - [2026-03-28T19:41:34.536+0500] {dagbag.py:545} INFO - Filling up the DagBag from /home/abayturar/airflow-project/venv/lib/python3.12/site-packages/airflow/example_dags/plugins/decreasing_priority_weight_strategy.py
[2026-03-28T19:41:34.538+0500] {processor.py:842} WARNING - No viable dags retrieved from /home/abayturar/airflow-project/venv/lib/python3.12/site-packages/airflow/example_dags/plugins/decreasing_priority_weight_strategy.py
[2026-03-28T19:41:34.549+0500] {processor.py:183} INFO - Processing /home/abayturar/airflow-project/venv/lib/python3.12/site-packages/airflow/example_dags/plugins/decreasing_priority_weight_strategy.py took 0.022 seconds
[2026-03-28T19:42:21.571+0500] {processor.py:161} INFO - Started process (PID=31775) to work on /home/abayturar/airflow-project/venv/lib/python3.12/site-packages/airflow/example_dags/plugins/decreasing_priority_weight_strategy.py
[2026-03-28T19:42:21.572+0500] {processor.py:830} INFO - Processing file /home/abayturar/airflow-project/venv/lib/python3.12/site-packages/airflow/example_dags/plugins/decreasing_priority_weight_strategy.py for tasks to queue
[2026-03-28T19:42:21.574+0500] {logging_mixin.py:188} INFO - [2026-03-28T19:42:21.573+0500] {dagbag.py:545} INFO - Filling up the DagBag from /home/abayturar/airflow-project/venv/lib/python3.12/site-packages/airflow/example_dags/plugins/decreasing_priority_weight_strategy.py
[2026-03-28T19:42:21.576+0500] {processor.py:842} WARNING - No viable dags retrieved from /home/abayturar/airflow-project/venv/lib/python3.12/site-packages/airflow/example_dags/plugins/decreasing_priority_weight_strategy.py
[2026-03-28T19:42:21.587+0500] {processor.py:183} INFO - Processing /home/abayturar/airflow-project/venv/lib/python3.12/site-packages/airflow/example_dags/plugins/decreasing_priority_weight_strategy.py took 0.021 seconds
[2026-03-28T19:43:11.571+0500] {processor.py:161} INFO - Started process (PID=31906) to work on /home/abayturar/airflow-project/venv/lib/python3.12/site-packages/airflow/example_dags/plugins/decreasing_priority_weight_strategy.py
[2026-03-28T19:43:11.572+0500] {processor.py:830} INFO - Processing file /home/abayturar/airflow-project/venv/lib/python3.12/site-packages/airflow/example_dags/plugins/decreasing_priority_weight_strategy.py for tasks to queue
[2026-03-28T19:43:11.574+0500] {logging_mixin.py:188} INFO - [2026-03-28T19:43:11.573+0500] {dagbag.py:545} INFO - Filling up the DagBag from /home/abayturar/airflow-project/venv/lib/python3.12/site-packages/airflow/example_dags/plugins/decreasing_priority_weight_strategy.py
[2026-03-28T19:43:11.576+0500] {processor.py:842} WARNING - No viable dags retrieved from /home/abayturar/airflow-project/venv/lib/python3.12/site-packages/airflow/example_dags/plugins/decreasing_priority_weight_strategy.py
[2026-03-28T19:43:11.587+0500] {processor.py:183} INFO - Processing /home/abayturar/airflow-project/venv/lib/python3.12/site-packages/airflow/example_dags/plugins/decreasing_priority_weight_strategy.py took 0.022 seconds
[2026-03-28T19:43:59.900+0500] {processor.py:161} INFO - Started process (PID=32038) to work on /home/abayturar/airflow-project/venv/lib/python3.12/site-packages/airflow/example_dags/plugins/decreasing_priority_weight_strategy.py
[2026-03-28T19:43:59.901+0500] {processor.py:830} INFO - Processing file /home/abayturar/airflow-project/venv/lib/python3.12/site-packages/airflow/example_dags/plugins/decreasing_priority_weight_strategy.py for tasks to queue
[2026-03-28T19:43:59.903+0500] {logging_mixin.py:188} INFO - [2026-03-28T19:43:59.902+0500] {dagbag.py:545} INFO - Filling up the DagBag from /home/abayturar/airflow-project/venv/lib/python3.12/site-packages/airflow/example_dags/plugins/decreasing_priority_weight_strategy.py
[2026-03-28T19:43:59.906+0500] {processor.py:842} WARNING - No viable dags retrieved from /home/abayturar/airflow-project/venv/lib/python3.12/site-packages/airflow/example_dags/plugins/decreasing_priority_weight_strategy.py
[2026-03-28T19:43:59.919+0500] {processor.py:183} INFO - Processing /home/abayturar/airflow-project/venv/lib/python3.12/site-packages/airflow/example_dags/plugins/decreasing_priority_weight_strategy.py took 0.026 seconds
[2026-03-28T19:44:45.368+0500] {processor.py:161} INFO - Started process (PID=32159) to work on /home/abayturar/airflow-project/venv/lib/python3.12/site-packages/airflow/example_dags/plugins/decreasing_priority_weight_strategy.py
[2026-03-28T19:44:45.369+0500] {processor.py:830} INFO - Processing file /home/abayturar/airflow-project/venv/lib/python3.12/site-packages/airflow/example_dags/plugins/decreasing_priority_weight_strategy.py for tasks to queue
[2026-03-28T19:44:45.372+0500] {logging_mixin.py:188} INFO - [2026-03-28T19:44:45.371+0500] {dagbag.py:545} INFO - Filling up the DagBag from /home/abayturar/airflow-project/venv/lib/python3.12/site-packages/airflow/example_dags/plugins/decreasing_priority_weight_strategy.py
[2026-03-28T19:44:45.375+0500] {processor.py:842} WARNING - No viable dags retrieved from /home/abayturar/airflow-project/venv/lib/python3.12/site-packages/airflow/example_dags/plugins/decreasing_priority_weight_strategy.py
[2026-03-28T19:44:45.391+0500] {processor.py:183} INFO - Processing /home/abayturar/airflow-project/venv/lib/python3.12/site-packages/airflow/example_dags/plugins/decreasing_priority_weight_strategy.py took 0.034 seconds
