[2026-03-28T15:20:58.685+0500] {processor.py:161} INFO - Started process (PID=11796) to work on /home/abayturar/airflow-project/venv/lib/python3.12/site-packages/airflow/example_dags/plugins/event_listener.py
[2026-03-28T15:20:58.686+0500] {processor.py:830} INFO - Processing file /home/abayturar/airflow-project/venv/lib/python3.12/site-packages/airflow/example_dags/plugins/event_listener.py for tasks to queue
[2026-03-28T15:20:58.688+0500] {logging_mixin.py:188} INFO - [2026-03-28T15:20:58.687+0500] {dagbag.py:545} INFO - Filling up the DagBag from /home/abayturar/airflow-project/venv/lib/python3.12/site-packages/airflow/example_dags/plugins/event_listener.py
[2026-03-28T15:20:58.690+0500] {processor.py:842} WARNING - No viable dags retrieved from /home/abayturar/airflow-project/venv/lib/python3.12/site-packages/airflow/example_dags/plugins/event_listener.py
[2026-03-28T15:20:58.701+0500] {processor.py:183} INFO - Processing /home/abayturar/airflow-project/venv/lib/python3.12/site-packages/airflow/example_dags/plugins/event_listener.py took 0.022 seconds
[2026-03-28T15:21:54.984+0500] {processor.py:161} INFO - Started process (PID=11948) to work on /home/abayturar/airflow-project/venv/lib/python3.12/site-packages/airflow/example_dags/plugins/event_listener.py
[2026-03-28T15:21:54.985+0500] {processor.py:830} INFO - Processing file /home/abayturar/airflow-project/venv/lib/python3.12/site-packages/airflow/example_dags/plugins/event_listener.py for tasks to queue
[2026-03-28T15:21:54.987+0500] {logging_mixin.py:188} INFO - [2026-03-28T15:21:54.986+0500] {dagbag.py:545} INFO - Filling up the DagBag from /home/abayturar/airflow-project/venv/lib/python3.12/site-packages/airflow/example_dags/plugins/event_listener.py
[2026-03-28T15:21:54.989+0500] {processor.py:842} WARNING - No viable dags retrieved from /home/abayturar/airflow-project/venv/lib/python3.12/site-packages/airflow/example_dags/plugins/event_listener.py
[2026-03-28T15:21:55.001+0500] {processor.py:183} INFO - Processing /home/abayturar/airflow-project/venv/lib/python3.12/site-packages/airflow/example_dags/plugins/event_listener.py took 0.022 seconds
[2026-03-28T15:22:46.748+0500] {processor.py:161} INFO - Started process (PID=12100) to work on /home/abayturar/airflow-project/venv/lib/python3.12/site-packages/airflow/example_dags/plugins/event_listener.py
[2026-03-28T15:22:46.749+0500] {processor.py:830} INFO - Processing file /home/abayturar/airflow-project/venv/lib/python3.12/site-packages/airflow/example_dags/plugins/event_listener.py for tasks to queue
[2026-03-28T15:22:46.751+0500] {logging_mixin.py:188} INFO - [2026-03-28T15:22:46.751+0500] {dagbag.py:545} INFO - Filling up the DagBag from /home/abayturar/airflow-project/venv/lib/python3.12/site-packages/airflow/example_dags/plugins/event_listener.py
[2026-03-28T15:22:46.753+0500] {processor.py:842} WARNING - No viable dags retrieved from /home/abayturar/airflow-project/venv/lib/python3.12/site-packages/airflow/example_dags/plugins/event_listener.py
[2026-03-28T15:22:46.766+0500] {processor.py:183} INFO - Processing /home/abayturar/airflow-project/venv/lib/python3.12/site-packages/airflow/example_dags/plugins/event_listener.py took 0.023 seconds
[2026-03-28T15:23:25.631+0500] {processor.py:161} INFO - Started process (PID=12209) to work on /home/abayturar/airflow-project/venv/lib/python3.12/site-packages/airflow/example_dags/plugins/event_listener.py
[2026-03-28T15:23:25.632+0500] {processor.py:830} INFO - Processing file /home/abayturar/airflow-project/venv/lib/python3.12/site-packages/airflow/example_dags/plugins/event_listener.py for tasks to queue
[2026-03-28T15:23:25.634+0500] {logging_mixin.py:188} INFO - [2026-03-28T15:23:25.633+0500] {dagbag.py:545} INFO - Filling up the DagBag from /home/abayturar/airflow-project/venv/lib/python3.12/site-packages/airflow/example_dags/plugins/event_listener.py
[2026-03-28T15:23:25.637+0500] {processor.py:842} WARNING - No viable dags retrieved from /home/abayturar/airflow-project/venv/lib/python3.12/site-packages/airflow/example_dags/plugins/event_listener.py
[2026-03-28T15:23:25.650+0500] {processor.py:183} INFO - Processing /home/abayturar/airflow-project/venv/lib/python3.12/site-packages/airflow/example_dags/plugins/event_listener.py took 0.026 seconds
[2026-03-28T15:24:11.724+0500] {processor.py:161} INFO - Started process (PID=12342) to work on /home/abayturar/airflow-project/venv/lib/python3.12/site-packages/airflow/example_dags/plugins/event_listener.py
[2026-03-28T15:24:11.725+0500] {processor.py:830} INFO - Processing file /home/abayturar/airflow-project/venv/lib/python3.12/site-packages/airflow/example_dags/plugins/event_listener.py for tasks to queue
[2026-03-28T15:24:11.727+0500] {logging_mixin.py:188} INFO - [2026-03-28T15:24:11.727+0500] {dagbag.py:545} INFO - Filling up the DagBag from /home/abayturar/airflow-project/venv/lib/python3.12/site-packages/airflow/example_dags/plugins/event_listener.py
[2026-03-28T15:24:11.729+0500] {processor.py:842} WARNING - No viable dags retrieved from /home/abayturar/airflow-project/venv/lib/python3.12/site-packages/airflow/example_dags/plugins/event_listener.py
[2026-03-28T15:24:11.740+0500] {processor.py:183} INFO - Processing /home/abayturar/airflow-project/venv/lib/python3.12/site-packages/airflow/example_dags/plugins/event_listener.py took 0.022 seconds
[2026-03-28T15:24:45.762+0500] {processor.py:161} INFO - Started process (PID=12439) to work on /home/abayturar/airflow-project/venv/lib/python3.12/site-packages/airflow/example_dags/plugins/event_listener.py
[2026-03-28T15:24:45.763+0500] {processor.py:830} INFO - Processing file /home/abayturar/airflow-project/venv/lib/python3.12/site-packages/airflow/example_dags/plugins/event_listener.py for tasks to queue
[2026-03-28T15:24:45.765+0500] {logging_mixin.py:188} INFO - [2026-03-28T15:24:45.764+0500] {dagbag.py:545} INFO - Filling up the DagBag from /home/abayturar/airflow-project/venv/lib/python3.12/site-packages/airflow/example_dags/plugins/event_listener.py
[2026-03-28T15:24:45.767+0500] {processor.py:842} WARNING - No viable dags retrieved from /home/abayturar/airflow-project/venv/lib/python3.12/site-packages/airflow/example_dags/plugins/event_listener.py
[2026-03-28T15:24:45.778+0500] {processor.py:183} INFO - Processing /home/abayturar/airflow-project/venv/lib/python3.12/site-packages/airflow/example_dags/plugins/event_listener.py took 0.021 seconds
[2026-03-28T15:25:39.525+0500] {processor.py:161} INFO - Started process (PID=12563) to work on /home/abayturar/airflow-project/venv/lib/python3.12/site-packages/airflow/example_dags/plugins/event_listener.py
[2026-03-28T15:25:39.526+0500] {processor.py:830} INFO - Processing file /home/abayturar/airflow-project/venv/lib/python3.12/site-packages/airflow/example_dags/plugins/event_listener.py for tasks to queue
[2026-03-28T15:25:39.527+0500] {logging_mixin.py:188} INFO - [2026-03-28T15:25:39.527+0500] {dagbag.py:545} INFO - Filling up the DagBag from /home/abayturar/airflow-project/venv/lib/python3.12/site-packages/airflow/example_dags/plugins/event_listener.py
[2026-03-28T15:25:39.531+0500] {processor.py:842} WARNING - No viable dags retrieved from /home/abayturar/airflow-project/venv/lib/python3.12/site-packages/airflow/example_dags/plugins/event_listener.py
[2026-03-28T15:25:39.549+0500] {processor.py:183} INFO - Processing /home/abayturar/airflow-project/venv/lib/python3.12/site-packages/airflow/example_dags/plugins/event_listener.py took 0.032 seconds
[2026-03-28T15:26:46.906+0500] {processor.py:161} INFO - Started process (PID=12747) to work on /home/abayturar/airflow-project/venv/lib/python3.12/site-packages/airflow/example_dags/plugins/event_listener.py
[2026-03-28T15:26:46.907+0500] {processor.py:830} INFO - Processing file /home/abayturar/airflow-project/venv/lib/python3.12/site-packages/airflow/example_dags/plugins/event_listener.py for tasks to queue
[2026-03-28T15:26:46.908+0500] {logging_mixin.py:188} INFO - [2026-03-28T15:26:46.908+0500] {dagbag.py:545} INFO - Filling up the DagBag from /home/abayturar/airflow-project/venv/lib/python3.12/site-packages/airflow/example_dags/plugins/event_listener.py
[2026-03-28T15:26:46.910+0500] {processor.py:842} WARNING - No viable dags retrieved from /home/abayturar/airflow-project/venv/lib/python3.12/site-packages/airflow/example_dags/plugins/event_listener.py
[2026-03-28T15:26:46.921+0500] {processor.py:183} INFO - Processing /home/abayturar/airflow-project/venv/lib/python3.12/site-packages/airflow/example_dags/plugins/event_listener.py took 0.021 seconds
[2026-03-28T15:27:41.207+0500] {processor.py:161} INFO - Started process (PID=12892) to work on /home/abayturar/airflow-project/venv/lib/python3.12/site-packages/airflow/example_dags/plugins/event_listener.py
[2026-03-28T15:27:41.208+0500] {processor.py:830} INFO - Processing file /home/abayturar/airflow-project/venv/lib/python3.12/site-packages/airflow/example_dags/plugins/event_listener.py for tasks to queue
[2026-03-28T15:27:41.210+0500] {logging_mixin.py:188} INFO - [2026-03-28T15:27:41.210+0500] {dagbag.py:545} INFO - Filling up the DagBag from /home/abayturar/airflow-project/venv/lib/python3.12/site-packages/airflow/example_dags/plugins/event_listener.py
[2026-03-28T15:27:41.212+0500] {processor.py:842} WARNING - No viable dags retrieved from /home/abayturar/airflow-project/venv/lib/python3.12/site-packages/airflow/example_dags/plugins/event_listener.py
[2026-03-28T15:27:41.224+0500] {processor.py:183} INFO - Processing /home/abayturar/airflow-project/venv/lib/python3.12/site-packages/airflow/example_dags/plugins/event_listener.py took 0.022 seconds
[2026-03-28T18:17:19.683+0500] {processor.py:161} INFO - Started process (PID=17867) to work on /home/abayturar/airflow-project/venv/lib/python3.12/site-packages/airflow/example_dags/plugins/event_listener.py
[2026-03-28T18:17:19.683+0500] {processor.py:830} INFO - Processing file /home/abayturar/airflow-project/venv/lib/python3.12/site-packages/airflow/example_dags/plugins/event_listener.py for tasks to queue
[2026-03-28T18:17:19.685+0500] {logging_mixin.py:188} INFO - [2026-03-28T18:17:19.685+0500] {dagbag.py:545} INFO - Filling up the DagBag from /home/abayturar/airflow-project/venv/lib/python3.12/site-packages/airflow/example_dags/plugins/event_listener.py
[2026-03-28T18:17:19.687+0500] {processor.py:842} WARNING - No viable dags retrieved from /home/abayturar/airflow-project/venv/lib/python3.12/site-packages/airflow/example_dags/plugins/event_listener.py
[2026-03-28T18:17:19.699+0500] {processor.py:183} INFO - Processing /home/abayturar/airflow-project/venv/lib/python3.12/site-packages/airflow/example_dags/plugins/event_listener.py took 0.022 seconds
[2026-03-28T18:18:15.925+0500] {processor.py:161} INFO - Started process (PID=18019) to work on /home/abayturar/airflow-project/venv/lib/python3.12/site-packages/airflow/example_dags/plugins/event_listener.py
[2026-03-28T18:18:15.925+0500] {processor.py:830} INFO - Processing file /home/abayturar/airflow-project/venv/lib/python3.12/site-packages/airflow/example_dags/plugins/event_listener.py for tasks to queue
[2026-03-28T18:18:15.927+0500] {logging_mixin.py:188} INFO - [2026-03-28T18:18:15.927+0500] {dagbag.py:545} INFO - Filling up the DagBag from /home/abayturar/airflow-project/venv/lib/python3.12/site-packages/airflow/example_dags/plugins/event_listener.py
[2026-03-28T18:18:15.930+0500] {processor.py:842} WARNING - No viable dags retrieved from /home/abayturar/airflow-project/venv/lib/python3.12/site-packages/airflow/example_dags/plugins/event_listener.py
[2026-03-28T18:18:15.944+0500] {processor.py:183} INFO - Processing /home/abayturar/airflow-project/venv/lib/python3.12/site-packages/airflow/example_dags/plugins/event_listener.py took 0.026 seconds
[2026-03-28T18:19:10.629+0500] {processor.py:161} INFO - Started process (PID=18182) to work on /home/abayturar/airflow-project/venv/lib/python3.12/site-packages/airflow/example_dags/plugins/event_listener.py
[2026-03-28T18:19:10.630+0500] {processor.py:830} INFO - Processing file /home/abayturar/airflow-project/venv/lib/python3.12/site-packages/airflow/example_dags/plugins/event_listener.py for tasks to queue
[2026-03-28T18:19:10.631+0500] {logging_mixin.py:188} INFO - [2026-03-28T18:19:10.631+0500] {dagbag.py:545} INFO - Filling up the DagBag from /home/abayturar/airflow-project/venv/lib/python3.12/site-packages/airflow/example_dags/plugins/event_listener.py
[2026-03-28T18:19:10.634+0500] {processor.py:842} WARNING - No viable dags retrieved from /home/abayturar/airflow-project/venv/lib/python3.12/site-packages/airflow/example_dags/plugins/event_listener.py
[2026-03-28T18:19:10.646+0500] {processor.py:183} INFO - Processing /home/abayturar/airflow-project/venv/lib/python3.12/site-packages/airflow/example_dags/plugins/event_listener.py took 0.023 seconds
[2026-03-28T18:19:35.033+0500] {processor.py:161} INFO - Started process (PID=18252) to work on /home/abayturar/airflow-project/venv/lib/python3.12/site-packages/airflow/example_dags/plugins/event_listener.py
[2026-03-28T18:19:35.034+0500] {processor.py:830} INFO - Processing file /home/abayturar/airflow-project/venv/lib/python3.12/site-packages/airflow/example_dags/plugins/event_listener.py for tasks to queue
[2026-03-28T18:19:35.035+0500] {logging_mixin.py:188} INFO - [2026-03-28T18:19:35.035+0500] {dagbag.py:545} INFO - Filling up the DagBag from /home/abayturar/airflow-project/venv/lib/python3.12/site-packages/airflow/example_dags/plugins/event_listener.py
[2026-03-28T18:19:35.038+0500] {processor.py:842} WARNING - No viable dags retrieved from /home/abayturar/airflow-project/venv/lib/python3.12/site-packages/airflow/example_dags/plugins/event_listener.py
[2026-03-28T18:19:35.051+0500] {processor.py:183} INFO - Processing /home/abayturar/airflow-project/venv/lib/python3.12/site-packages/airflow/example_dags/plugins/event_listener.py took 0.024 seconds
[2026-03-28T18:22:00.695+0500] {processor.py:161} INFO - Started process (PID=18507) to work on /home/abayturar/airflow-project/venv/lib/python3.12/site-packages/airflow/example_dags/plugins/event_listener.py
[2026-03-28T18:22:00.696+0500] {processor.py:830} INFO - Processing file /home/abayturar/airflow-project/venv/lib/python3.12/site-packages/airflow/example_dags/plugins/event_listener.py for tasks to queue
[2026-03-28T18:22:00.698+0500] {logging_mixin.py:188} INFO - [2026-03-28T18:22:00.697+0500] {dagbag.py:545} INFO - Filling up the DagBag from /home/abayturar/airflow-project/venv/lib/python3.12/site-packages/airflow/example_dags/plugins/event_listener.py
[2026-03-28T18:22:00.700+0500] {processor.py:842} WARNING - No viable dags retrieved from /home/abayturar/airflow-project/venv/lib/python3.12/site-packages/airflow/example_dags/plugins/event_listener.py
[2026-03-28T18:22:00.711+0500] {processor.py:183} INFO - Processing /home/abayturar/airflow-project/venv/lib/python3.12/site-packages/airflow/example_dags/plugins/event_listener.py took 0.021 seconds
[2026-03-28T18:23:00.861+0500] {processor.py:161} INFO - Started process (PID=18705) to work on /home/abayturar/airflow-project/venv/lib/python3.12/site-packages/airflow/example_dags/plugins/event_listener.py
[2026-03-28T18:23:00.862+0500] {processor.py:830} INFO - Processing file /home/abayturar/airflow-project/venv/lib/python3.12/site-packages/airflow/example_dags/plugins/event_listener.py for tasks to queue
[2026-03-28T18:23:00.864+0500] {logging_mixin.py:188} INFO - [2026-03-28T18:23:00.863+0500] {dagbag.py:545} INFO - Filling up the DagBag from /home/abayturar/airflow-project/venv/lib/python3.12/site-packages/airflow/example_dags/plugins/event_listener.py
[2026-03-28T18:23:00.866+0500] {processor.py:842} WARNING - No viable dags retrieved from /home/abayturar/airflow-project/venv/lib/python3.12/site-packages/airflow/example_dags/plugins/event_listener.py
[2026-03-28T18:23:00.880+0500] {processor.py:183} INFO - Processing /home/abayturar/airflow-project/venv/lib/python3.12/site-packages/airflow/example_dags/plugins/event_listener.py took 0.026 seconds
[2026-03-28T18:23:47.680+0500] {processor.py:161} INFO - Started process (PID=18827) to work on /home/abayturar/airflow-project/venv/lib/python3.12/site-packages/airflow/example_dags/plugins/event_listener.py
[2026-03-28T18:23:47.680+0500] {processor.py:830} INFO - Processing file /home/abayturar/airflow-project/venv/lib/python3.12/site-packages/airflow/example_dags/plugins/event_listener.py for tasks to queue
[2026-03-28T18:23:47.682+0500] {logging_mixin.py:188} INFO - [2026-03-28T18:23:47.682+0500] {dagbag.py:545} INFO - Filling up the DagBag from /home/abayturar/airflow-project/venv/lib/python3.12/site-packages/airflow/example_dags/plugins/event_listener.py
[2026-03-28T18:23:47.685+0500] {processor.py:842} WARNING - No viable dags retrieved from /home/abayturar/airflow-project/venv/lib/python3.12/site-packages/airflow/example_dags/plugins/event_listener.py
[2026-03-28T18:23:47.696+0500] {processor.py:183} INFO - Processing /home/abayturar/airflow-project/venv/lib/python3.12/site-packages/airflow/example_dags/plugins/event_listener.py took 0.023 seconds
[2026-03-28T18:24:35.646+0500] {processor.py:161} INFO - Started process (PID=18957) to work on /home/abayturar/airflow-project/venv/lib/python3.12/site-packages/airflow/example_dags/plugins/event_listener.py
[2026-03-28T18:24:35.647+0500] {processor.py:830} INFO - Processing file /home/abayturar/airflow-project/venv/lib/python3.12/site-packages/airflow/example_dags/plugins/event_listener.py for tasks to queue
[2026-03-28T18:24:35.649+0500] {logging_mixin.py:188} INFO - [2026-03-28T18:24:35.648+0500] {dagbag.py:545} INFO - Filling up the DagBag from /home/abayturar/airflow-project/venv/lib/python3.12/site-packages/airflow/example_dags/plugins/event_listener.py
[2026-03-28T18:24:35.652+0500] {processor.py:842} WARNING - No viable dags retrieved from /home/abayturar/airflow-project/venv/lib/python3.12/site-packages/airflow/example_dags/plugins/event_listener.py
[2026-03-28T18:24:35.663+0500] {processor.py:183} INFO - Processing /home/abayturar/airflow-project/venv/lib/python3.12/site-packages/airflow/example_dags/plugins/event_listener.py took 0.023 seconds
[2026-03-28T18:25:22.157+0500] {processor.py:161} INFO - Started process (PID=19082) to work on /home/abayturar/airflow-project/venv/lib/python3.12/site-packages/airflow/example_dags/plugins/event_listener.py
[2026-03-28T18:25:22.158+0500] {processor.py:830} INFO - Processing file /home/abayturar/airflow-project/venv/lib/python3.12/site-packages/airflow/example_dags/plugins/event_listener.py for tasks to queue
[2026-03-28T18:25:22.161+0500] {logging_mixin.py:188} INFO - [2026-03-28T18:25:22.160+0500] {dagbag.py:545} INFO - Filling up the DagBag from /home/abayturar/airflow-project/venv/lib/python3.12/site-packages/airflow/example_dags/plugins/event_listener.py
[2026-03-28T18:25:22.164+0500] {processor.py:842} WARNING - No viable dags retrieved from /home/abayturar/airflow-project/venv/lib/python3.12/site-packages/airflow/example_dags/plugins/event_listener.py
[2026-03-28T18:25:22.176+0500] {processor.py:183} INFO - Processing /home/abayturar/airflow-project/venv/lib/python3.12/site-packages/airflow/example_dags/plugins/event_listener.py took 0.027 seconds
[2026-03-28T18:26:08.278+0500] {processor.py:161} INFO - Started process (PID=19206) to work on /home/abayturar/airflow-project/venv/lib/python3.12/site-packages/airflow/example_dags/plugins/event_listener.py
[2026-03-28T18:26:08.278+0500] {processor.py:830} INFO - Processing file /home/abayturar/airflow-project/venv/lib/python3.12/site-packages/airflow/example_dags/plugins/event_listener.py for tasks to queue
[2026-03-28T18:26:08.280+0500] {logging_mixin.py:188} INFO - [2026-03-28T18:26:08.280+0500] {dagbag.py:545} INFO - Filling up the DagBag from /home/abayturar/airflow-project/venv/lib/python3.12/site-packages/airflow/example_dags/plugins/event_listener.py
[2026-03-28T18:26:08.282+0500] {processor.py:842} WARNING - No viable dags retrieved from /home/abayturar/airflow-project/venv/lib/python3.12/site-packages/airflow/example_dags/plugins/event_listener.py
[2026-03-28T18:26:08.293+0500] {processor.py:183} INFO - Processing /home/abayturar/airflow-project/venv/lib/python3.12/site-packages/airflow/example_dags/plugins/event_listener.py took 0.021 seconds
[2026-03-28T18:26:55.817+0500] {processor.py:161} INFO - Started process (PID=19332) to work on /home/abayturar/airflow-project/venv/lib/python3.12/site-packages/airflow/example_dags/plugins/event_listener.py
[2026-03-28T18:26:55.817+0500] {processor.py:830} INFO - Processing file /home/abayturar/airflow-project/venv/lib/python3.12/site-packages/airflow/example_dags/plugins/event_listener.py for tasks to queue
[2026-03-28T18:26:55.819+0500] {logging_mixin.py:188} INFO - [2026-03-28T18:26:55.819+0500] {dagbag.py:545} INFO - Filling up the DagBag from /home/abayturar/airflow-project/venv/lib/python3.12/site-packages/airflow/example_dags/plugins/event_listener.py
[2026-03-28T18:26:55.821+0500] {processor.py:842} WARNING - No viable dags retrieved from /home/abayturar/airflow-project/venv/lib/python3.12/site-packages/airflow/example_dags/plugins/event_listener.py
[2026-03-28T18:26:55.832+0500] {processor.py:183} INFO - Processing /home/abayturar/airflow-project/venv/lib/python3.12/site-packages/airflow/example_dags/plugins/event_listener.py took 0.022 seconds
[2026-03-28T18:27:46.677+0500] {processor.py:161} INFO - Started process (PID=19472) to work on /home/abayturar/airflow-project/venv/lib/python3.12/site-packages/airflow/example_dags/plugins/event_listener.py
[2026-03-28T18:27:46.678+0500] {processor.py:830} INFO - Processing file /home/abayturar/airflow-project/venv/lib/python3.12/site-packages/airflow/example_dags/plugins/event_listener.py for tasks to queue
[2026-03-28T18:27:46.679+0500] {logging_mixin.py:188} INFO - [2026-03-28T18:27:46.679+0500] {dagbag.py:545} INFO - Filling up the DagBag from /home/abayturar/airflow-project/venv/lib/python3.12/site-packages/airflow/example_dags/plugins/event_listener.py
[2026-03-28T18:27:46.682+0500] {processor.py:842} WARNING - No viable dags retrieved from /home/abayturar/airflow-project/venv/lib/python3.12/site-packages/airflow/example_dags/plugins/event_listener.py
[2026-03-28T18:27:46.694+0500] {processor.py:183} INFO - Processing /home/abayturar/airflow-project/venv/lib/python3.12/site-packages/airflow/example_dags/plugins/event_listener.py took 0.023 seconds
[2026-03-28T18:28:41.088+0500] {processor.py:161} INFO - Started process (PID=19624) to work on /home/abayturar/airflow-project/venv/lib/python3.12/site-packages/airflow/example_dags/plugins/event_listener.py
[2026-03-28T18:28:41.089+0500] {processor.py:830} INFO - Processing file /home/abayturar/airflow-project/venv/lib/python3.12/site-packages/airflow/example_dags/plugins/event_listener.py for tasks to queue
[2026-03-28T18:28:41.091+0500] {logging_mixin.py:188} INFO - [2026-03-28T18:28:41.091+0500] {dagbag.py:545} INFO - Filling up the DagBag from /home/abayturar/airflow-project/venv/lib/python3.12/site-packages/airflow/example_dags/plugins/event_listener.py
[2026-03-28T18:28:41.094+0500] {processor.py:842} WARNING - No viable dags retrieved from /home/abayturar/airflow-project/venv/lib/python3.12/site-packages/airflow/example_dags/plugins/event_listener.py
[2026-03-28T18:28:41.107+0500] {processor.py:183} INFO - Processing /home/abayturar/airflow-project/venv/lib/python3.12/site-packages/airflow/example_dags/plugins/event_listener.py took 0.025 seconds
[2026-03-28T18:29:33.962+0500] {processor.py:161} INFO - Started process (PID=19762) to work on /home/abayturar/airflow-project/venv/lib/python3.12/site-packages/airflow/example_dags/plugins/event_listener.py
[2026-03-28T18:29:33.963+0500] {processor.py:830} INFO - Processing file /home/abayturar/airflow-project/venv/lib/python3.12/site-packages/airflow/example_dags/plugins/event_listener.py for tasks to queue
[2026-03-28T18:29:33.965+0500] {logging_mixin.py:188} INFO - [2026-03-28T18:29:33.965+0500] {dagbag.py:545} INFO - Filling up the DagBag from /home/abayturar/airflow-project/venv/lib/python3.12/site-packages/airflow/example_dags/plugins/event_listener.py
[2026-03-28T18:29:33.968+0500] {processor.py:842} WARNING - No viable dags retrieved from /home/abayturar/airflow-project/venv/lib/python3.12/site-packages/airflow/example_dags/plugins/event_listener.py
[2026-03-28T18:29:33.981+0500] {processor.py:183} INFO - Processing /home/abayturar/airflow-project/venv/lib/python3.12/site-packages/airflow/example_dags/plugins/event_listener.py took 0.025 seconds
[2026-03-28T18:30:20.480+0500] {processor.py:161} INFO - Started process (PID=19887) to work on /home/abayturar/airflow-project/venv/lib/python3.12/site-packages/airflow/example_dags/plugins/event_listener.py
[2026-03-28T18:30:20.481+0500] {processor.py:830} INFO - Processing file /home/abayturar/airflow-project/venv/lib/python3.12/site-packages/airflow/example_dags/plugins/event_listener.py for tasks to queue
[2026-03-28T18:30:20.483+0500] {logging_mixin.py:188} INFO - [2026-03-28T18:30:20.483+0500] {dagbag.py:545} INFO - Filling up the DagBag from /home/abayturar/airflow-project/venv/lib/python3.12/site-packages/airflow/example_dags/plugins/event_listener.py
[2026-03-28T18:30:20.485+0500] {processor.py:842} WARNING - No viable dags retrieved from /home/abayturar/airflow-project/venv/lib/python3.12/site-packages/airflow/example_dags/plugins/event_listener.py
[2026-03-28T18:30:20.497+0500] {processor.py:183} INFO - Processing /home/abayturar/airflow-project/venv/lib/python3.12/site-packages/airflow/example_dags/plugins/event_listener.py took 0.022 seconds
[2026-03-28T18:31:05.548+0500] {processor.py:161} INFO - Started process (PID=20009) to work on /home/abayturar/airflow-project/venv/lib/python3.12/site-packages/airflow/example_dags/plugins/event_listener.py
[2026-03-28T18:31:05.549+0500] {processor.py:830} INFO - Processing file /home/abayturar/airflow-project/venv/lib/python3.12/site-packages/airflow/example_dags/plugins/event_listener.py for tasks to queue
[2026-03-28T18:31:05.550+0500] {logging_mixin.py:188} INFO - [2026-03-28T18:31:05.550+0500] {dagbag.py:545} INFO - Filling up the DagBag from /home/abayturar/airflow-project/venv/lib/python3.12/site-packages/airflow/example_dags/plugins/event_listener.py
[2026-03-28T18:31:05.553+0500] {processor.py:842} WARNING - No viable dags retrieved from /home/abayturar/airflow-project/venv/lib/python3.12/site-packages/airflow/example_dags/plugins/event_listener.py
[2026-03-28T18:31:05.567+0500] {processor.py:183} INFO - Processing /home/abayturar/airflow-project/venv/lib/python3.12/site-packages/airflow/example_dags/plugins/event_listener.py took 0.025 seconds
[2026-03-28T18:31:52.865+0500] {processor.py:161} INFO - Started process (PID=20143) to work on /home/abayturar/airflow-project/venv/lib/python3.12/site-packages/airflow/example_dags/plugins/event_listener.py
[2026-03-28T18:31:52.866+0500] {processor.py:830} INFO - Processing file /home/abayturar/airflow-project/venv/lib/python3.12/site-packages/airflow/example_dags/plugins/event_listener.py for tasks to queue
[2026-03-28T18:31:52.868+0500] {logging_mixin.py:188} INFO - [2026-03-28T18:31:52.868+0500] {dagbag.py:545} INFO - Filling up the DagBag from /home/abayturar/airflow-project/venv/lib/python3.12/site-packages/airflow/example_dags/plugins/event_listener.py
[2026-03-28T18:31:52.870+0500] {processor.py:842} WARNING - No viable dags retrieved from /home/abayturar/airflow-project/venv/lib/python3.12/site-packages/airflow/example_dags/plugins/event_listener.py
[2026-03-28T18:31:52.882+0500] {processor.py:183} INFO - Processing /home/abayturar/airflow-project/venv/lib/python3.12/site-packages/airflow/example_dags/plugins/event_listener.py took 0.024 seconds
[2026-03-28T18:32:35.694+0500] {processor.py:161} INFO - Started process (PID=20259) to work on /home/abayturar/airflow-project/venv/lib/python3.12/site-packages/airflow/example_dags/plugins/event_listener.py
[2026-03-28T18:32:35.695+0500] {processor.py:830} INFO - Processing file /home/abayturar/airflow-project/venv/lib/python3.12/site-packages/airflow/example_dags/plugins/event_listener.py for tasks to queue
[2026-03-28T18:32:35.697+0500] {logging_mixin.py:188} INFO - [2026-03-28T18:32:35.696+0500] {dagbag.py:545} INFO - Filling up the DagBag from /home/abayturar/airflow-project/venv/lib/python3.12/site-packages/airflow/example_dags/plugins/event_listener.py
[2026-03-28T18:32:35.699+0500] {processor.py:842} WARNING - No viable dags retrieved from /home/abayturar/airflow-project/venv/lib/python3.12/site-packages/airflow/example_dags/plugins/event_listener.py
[2026-03-28T18:32:35.712+0500] {processor.py:183} INFO - Processing /home/abayturar/airflow-project/venv/lib/python3.12/site-packages/airflow/example_dags/plugins/event_listener.py took 0.024 seconds
[2026-03-28T18:33:27.661+0500] {processor.py:161} INFO - Started process (PID=20394) to work on /home/abayturar/airflow-project/venv/lib/python3.12/site-packages/airflow/example_dags/plugins/event_listener.py
[2026-03-28T18:33:27.662+0500] {processor.py:830} INFO - Processing file /home/abayturar/airflow-project/venv/lib/python3.12/site-packages/airflow/example_dags/plugins/event_listener.py for tasks to queue
[2026-03-28T18:33:27.664+0500] {logging_mixin.py:188} INFO - [2026-03-28T18:33:27.663+0500] {dagbag.py:545} INFO - Filling up the DagBag from /home/abayturar/airflow-project/venv/lib/python3.12/site-packages/airflow/example_dags/plugins/event_listener.py
[2026-03-28T18:33:27.666+0500] {processor.py:842} WARNING - No viable dags retrieved from /home/abayturar/airflow-project/venv/lib/python3.12/site-packages/airflow/example_dags/plugins/event_listener.py
[2026-03-28T18:33:27.677+0500] {processor.py:183} INFO - Processing /home/abayturar/airflow-project/venv/lib/python3.12/site-packages/airflow/example_dags/plugins/event_listener.py took 0.021 seconds
[2026-03-28T18:34:20.759+0500] {processor.py:161} INFO - Started process (PID=20548) to work on /home/abayturar/airflow-project/venv/lib/python3.12/site-packages/airflow/example_dags/plugins/event_listener.py
[2026-03-28T18:34:20.760+0500] {processor.py:830} INFO - Processing file /home/abayturar/airflow-project/venv/lib/python3.12/site-packages/airflow/example_dags/plugins/event_listener.py for tasks to queue
[2026-03-28T18:34:20.761+0500] {logging_mixin.py:188} INFO - [2026-03-28T18:34:20.761+0500] {dagbag.py:545} INFO - Filling up the DagBag from /home/abayturar/airflow-project/venv/lib/python3.12/site-packages/airflow/example_dags/plugins/event_listener.py
[2026-03-28T18:34:20.764+0500] {processor.py:842} WARNING - No viable dags retrieved from /home/abayturar/airflow-project/venv/lib/python3.12/site-packages/airflow/example_dags/plugins/event_listener.py
[2026-03-28T18:34:20.775+0500] {processor.py:183} INFO - Processing /home/abayturar/airflow-project/venv/lib/python3.12/site-packages/airflow/example_dags/plugins/event_listener.py took 0.022 seconds
[2026-03-28T18:35:10.342+0500] {processor.py:161} INFO - Started process (PID=20684) to work on /home/abayturar/airflow-project/venv/lib/python3.12/site-packages/airflow/example_dags/plugins/event_listener.py
[2026-03-28T18:35:10.343+0500] {processor.py:830} INFO - Processing file /home/abayturar/airflow-project/venv/lib/python3.12/site-packages/airflow/example_dags/plugins/event_listener.py for tasks to queue
[2026-03-28T18:35:10.344+0500] {logging_mixin.py:188} INFO - [2026-03-28T18:35:10.344+0500] {dagbag.py:545} INFO - Filling up the DagBag from /home/abayturar/airflow-project/venv/lib/python3.12/site-packages/airflow/example_dags/plugins/event_listener.py
[2026-03-28T18:35:10.347+0500] {processor.py:842} WARNING - No viable dags retrieved from /home/abayturar/airflow-project/venv/lib/python3.12/site-packages/airflow/example_dags/plugins/event_listener.py
[2026-03-28T18:35:10.358+0500] {processor.py:183} INFO - Processing /home/abayturar/airflow-project/venv/lib/python3.12/site-packages/airflow/example_dags/plugins/event_listener.py took 0.022 seconds
[2026-03-28T18:35:59.375+0500] {processor.py:161} INFO - Started process (PID=20818) to work on /home/abayturar/airflow-project/venv/lib/python3.12/site-packages/airflow/example_dags/plugins/event_listener.py
[2026-03-28T18:35:59.376+0500] {processor.py:830} INFO - Processing file /home/abayturar/airflow-project/venv/lib/python3.12/site-packages/airflow/example_dags/plugins/event_listener.py for tasks to queue
[2026-03-28T18:35:59.378+0500] {logging_mixin.py:188} INFO - [2026-03-28T18:35:59.377+0500] {dagbag.py:545} INFO - Filling up the DagBag from /home/abayturar/airflow-project/venv/lib/python3.12/site-packages/airflow/example_dags/plugins/event_listener.py
[2026-03-28T18:35:59.380+0500] {processor.py:842} WARNING - No viable dags retrieved from /home/abayturar/airflow-project/venv/lib/python3.12/site-packages/airflow/example_dags/plugins/event_listener.py
[2026-03-28T18:35:59.392+0500] {processor.py:183} INFO - Processing /home/abayturar/airflow-project/venv/lib/python3.12/site-packages/airflow/example_dags/plugins/event_listener.py took 0.024 seconds
[2026-03-28T18:36:55.307+0500] {processor.py:161} INFO - Started process (PID=20978) to work on /home/abayturar/airflow-project/venv/lib/python3.12/site-packages/airflow/example_dags/plugins/event_listener.py
[2026-03-28T18:36:55.308+0500] {processor.py:830} INFO - Processing file /home/abayturar/airflow-project/venv/lib/python3.12/site-packages/airflow/example_dags/plugins/event_listener.py for tasks to queue
[2026-03-28T18:36:55.310+0500] {logging_mixin.py:188} INFO - [2026-03-28T18:36:55.309+0500] {dagbag.py:545} INFO - Filling up the DagBag from /home/abayturar/airflow-project/venv/lib/python3.12/site-packages/airflow/example_dags/plugins/event_listener.py
[2026-03-28T18:36:55.312+0500] {processor.py:842} WARNING - No viable dags retrieved from /home/abayturar/airflow-project/venv/lib/python3.12/site-packages/airflow/example_dags/plugins/event_listener.py
[2026-03-28T18:36:55.323+0500] {processor.py:183} INFO - Processing /home/abayturar/airflow-project/venv/lib/python3.12/site-packages/airflow/example_dags/plugins/event_listener.py took 0.022 seconds
[2026-03-28T18:37:50.009+0500] {processor.py:161} INFO - Started process (PID=21132) to work on /home/abayturar/airflow-project/venv/lib/python3.12/site-packages/airflow/example_dags/plugins/event_listener.py
[2026-03-28T18:37:50.010+0500] {processor.py:830} INFO - Processing file /home/abayturar/airflow-project/venv/lib/python3.12/site-packages/airflow/example_dags/plugins/event_listener.py for tasks to queue
[2026-03-28T18:37:50.013+0500] {logging_mixin.py:188} INFO - [2026-03-28T18:37:50.012+0500] {dagbag.py:545} INFO - Filling up the DagBag from /home/abayturar/airflow-project/venv/lib/python3.12/site-packages/airflow/example_dags/plugins/event_listener.py
[2026-03-28T18:37:50.016+0500] {processor.py:842} WARNING - No viable dags retrieved from /home/abayturar/airflow-project/venv/lib/python3.12/site-packages/airflow/example_dags/plugins/event_listener.py
[2026-03-28T18:37:50.031+0500] {processor.py:183} INFO - Processing /home/abayturar/airflow-project/venv/lib/python3.12/site-packages/airflow/example_dags/plugins/event_listener.py took 0.031 seconds
[2026-03-28T18:38:38.430+0500] {processor.py:161} INFO - Started process (PID=21259) to work on /home/abayturar/airflow-project/venv/lib/python3.12/site-packages/airflow/example_dags/plugins/event_listener.py
[2026-03-28T18:38:38.431+0500] {processor.py:830} INFO - Processing file /home/abayturar/airflow-project/venv/lib/python3.12/site-packages/airflow/example_dags/plugins/event_listener.py for tasks to queue
[2026-03-28T18:38:38.433+0500] {logging_mixin.py:188} INFO - [2026-03-28T18:38:38.432+0500] {dagbag.py:545} INFO - Filling up the DagBag from /home/abayturar/airflow-project/venv/lib/python3.12/site-packages/airflow/example_dags/plugins/event_listener.py
[2026-03-28T18:38:38.435+0500] {processor.py:842} WARNING - No viable dags retrieved from /home/abayturar/airflow-project/venv/lib/python3.12/site-packages/airflow/example_dags/plugins/event_listener.py
[2026-03-28T18:38:38.447+0500] {processor.py:183} INFO - Processing /home/abayturar/airflow-project/venv/lib/python3.12/site-packages/airflow/example_dags/plugins/event_listener.py took 0.023 seconds
[2026-03-28T18:39:29.447+0500] {processor.py:161} INFO - Started process (PID=21396) to work on /home/abayturar/airflow-project/venv/lib/python3.12/site-packages/airflow/example_dags/plugins/event_listener.py
[2026-03-28T18:39:29.448+0500] {processor.py:830} INFO - Processing file /home/abayturar/airflow-project/venv/lib/python3.12/site-packages/airflow/example_dags/plugins/event_listener.py for tasks to queue
[2026-03-28T18:39:29.450+0500] {logging_mixin.py:188} INFO - [2026-03-28T18:39:29.449+0500] {dagbag.py:545} INFO - Filling up the DagBag from /home/abayturar/airflow-project/venv/lib/python3.12/site-packages/airflow/example_dags/plugins/event_listener.py
[2026-03-28T18:39:29.452+0500] {processor.py:842} WARNING - No viable dags retrieved from /home/abayturar/airflow-project/venv/lib/python3.12/site-packages/airflow/example_dags/plugins/event_listener.py
[2026-03-28T18:39:29.464+0500] {processor.py:183} INFO - Processing /home/abayturar/airflow-project/venv/lib/python3.12/site-packages/airflow/example_dags/plugins/event_listener.py took 0.025 seconds
[2026-03-28T18:40:21.907+0500] {processor.py:161} INFO - Started process (PID=21533) to work on /home/abayturar/airflow-project/venv/lib/python3.12/site-packages/airflow/example_dags/plugins/event_listener.py
[2026-03-28T18:40:21.908+0500] {processor.py:830} INFO - Processing file /home/abayturar/airflow-project/venv/lib/python3.12/site-packages/airflow/example_dags/plugins/event_listener.py for tasks to queue
[2026-03-28T18:40:21.910+0500] {logging_mixin.py:188} INFO - [2026-03-28T18:40:21.910+0500] {dagbag.py:545} INFO - Filling up the DagBag from /home/abayturar/airflow-project/venv/lib/python3.12/site-packages/airflow/example_dags/plugins/event_listener.py
[2026-03-28T18:40:21.913+0500] {processor.py:842} WARNING - No viable dags retrieved from /home/abayturar/airflow-project/venv/lib/python3.12/site-packages/airflow/example_dags/plugins/event_listener.py
[2026-03-28T18:40:21.927+0500] {processor.py:183} INFO - Processing /home/abayturar/airflow-project/venv/lib/python3.12/site-packages/airflow/example_dags/plugins/event_listener.py took 0.025 seconds
[2026-03-28T18:41:14.984+0500] {processor.py:161} INFO - Started process (PID=21671) to work on /home/abayturar/airflow-project/venv/lib/python3.12/site-packages/airflow/example_dags/plugins/event_listener.py
[2026-03-28T18:41:14.985+0500] {processor.py:830} INFO - Processing file /home/abayturar/airflow-project/venv/lib/python3.12/site-packages/airflow/example_dags/plugins/event_listener.py for tasks to queue
[2026-03-28T18:41:14.987+0500] {logging_mixin.py:188} INFO - [2026-03-28T18:41:14.987+0500] {dagbag.py:545} INFO - Filling up the DagBag from /home/abayturar/airflow-project/venv/lib/python3.12/site-packages/airflow/example_dags/plugins/event_listener.py
[2026-03-28T18:41:14.990+0500] {processor.py:842} WARNING - No viable dags retrieved from /home/abayturar/airflow-project/venv/lib/python3.12/site-packages/airflow/example_dags/plugins/event_listener.py
[2026-03-28T18:41:15.003+0500] {processor.py:183} INFO - Processing /home/abayturar/airflow-project/venv/lib/python3.12/site-packages/airflow/example_dags/plugins/event_listener.py took 0.026 seconds
[2026-03-28T18:41:51.864+0500] {processor.py:161} INFO - Started process (PID=21820) to work on /home/abayturar/airflow-project/venv/lib/python3.12/site-packages/airflow/example_dags/plugins/event_listener.py
[2026-03-28T18:41:51.865+0500] {processor.py:830} INFO - Processing file /home/abayturar/airflow-project/venv/lib/python3.12/site-packages/airflow/example_dags/plugins/event_listener.py for tasks to queue
[2026-03-28T18:41:51.867+0500] {logging_mixin.py:188} INFO - [2026-03-28T18:41:51.867+0500] {dagbag.py:545} INFO - Filling up the DagBag from /home/abayturar/airflow-project/venv/lib/python3.12/site-packages/airflow/example_dags/plugins/event_listener.py
[2026-03-28T18:41:51.870+0500] {processor.py:842} WARNING - No viable dags retrieved from /home/abayturar/airflow-project/venv/lib/python3.12/site-packages/airflow/example_dags/plugins/event_listener.py
[2026-03-28T18:41:51.888+0500] {processor.py:183} INFO - Processing /home/abayturar/airflow-project/venv/lib/python3.12/site-packages/airflow/example_dags/plugins/event_listener.py took 0.030 seconds
[2026-03-28T18:42:45.371+0500] {processor.py:161} INFO - Started process (PID=21963) to work on /home/abayturar/airflow-project/venv/lib/python3.12/site-packages/airflow/example_dags/plugins/event_listener.py
[2026-03-28T18:42:45.372+0500] {processor.py:830} INFO - Processing file /home/abayturar/airflow-project/venv/lib/python3.12/site-packages/airflow/example_dags/plugins/event_listener.py for tasks to queue
[2026-03-28T18:42:45.374+0500] {logging_mixin.py:188} INFO - [2026-03-28T18:42:45.374+0500] {dagbag.py:545} INFO - Filling up the DagBag from /home/abayturar/airflow-project/venv/lib/python3.12/site-packages/airflow/example_dags/plugins/event_listener.py
[2026-03-28T18:42:45.377+0500] {processor.py:842} WARNING - No viable dags retrieved from /home/abayturar/airflow-project/venv/lib/python3.12/site-packages/airflow/example_dags/plugins/event_listener.py
[2026-03-28T18:42:45.389+0500] {processor.py:183} INFO - Processing /home/abayturar/airflow-project/venv/lib/python3.12/site-packages/airflow/example_dags/plugins/event_listener.py took 0.024 seconds
[2026-03-28T18:43:32.374+0500] {processor.py:161} INFO - Started process (PID=22129) to work on /home/abayturar/airflow-project/venv/lib/python3.12/site-packages/airflow/example_dags/plugins/event_listener.py
[2026-03-28T18:43:32.376+0500] {processor.py:830} INFO - Processing file /home/abayturar/airflow-project/venv/lib/python3.12/site-packages/airflow/example_dags/plugins/event_listener.py for tasks to queue
[2026-03-28T18:43:32.377+0500] {logging_mixin.py:188} INFO - [2026-03-28T18:43:32.377+0500] {dagbag.py:545} INFO - Filling up the DagBag from /home/abayturar/airflow-project/venv/lib/python3.12/site-packages/airflow/example_dags/plugins/event_listener.py
[2026-03-28T18:43:32.380+0500] {processor.py:842} WARNING - No viable dags retrieved from /home/abayturar/airflow-project/venv/lib/python3.12/site-packages/airflow/example_dags/plugins/event_listener.py
[2026-03-28T18:43:32.393+0500] {processor.py:183} INFO - Processing /home/abayturar/airflow-project/venv/lib/python3.12/site-packages/airflow/example_dags/plugins/event_listener.py took 0.025 seconds
[2026-03-28T18:44:23.861+0500] {processor.py:161} INFO - Started process (PID=22264) to work on /home/abayturar/airflow-project/venv/lib/python3.12/site-packages/airflow/example_dags/plugins/event_listener.py
[2026-03-28T18:44:23.862+0500] {processor.py:830} INFO - Processing file /home/abayturar/airflow-project/venv/lib/python3.12/site-packages/airflow/example_dags/plugins/event_listener.py for tasks to queue
[2026-03-28T18:44:23.864+0500] {logging_mixin.py:188} INFO - [2026-03-28T18:44:23.864+0500] {dagbag.py:545} INFO - Filling up the DagBag from /home/abayturar/airflow-project/venv/lib/python3.12/site-packages/airflow/example_dags/plugins/event_listener.py
[2026-03-28T18:44:23.866+0500] {processor.py:842} WARNING - No viable dags retrieved from /home/abayturar/airflow-project/venv/lib/python3.12/site-packages/airflow/example_dags/plugins/event_listener.py
[2026-03-28T18:44:23.878+0500] {processor.py:183} INFO - Processing /home/abayturar/airflow-project/venv/lib/python3.12/site-packages/airflow/example_dags/plugins/event_listener.py took 0.023 seconds
[2026-03-28T18:45:13.663+0500] {processor.py:161} INFO - Started process (PID=22395) to work on /home/abayturar/airflow-project/venv/lib/python3.12/site-packages/airflow/example_dags/plugins/event_listener.py
[2026-03-28T18:45:13.664+0500] {processor.py:830} INFO - Processing file /home/abayturar/airflow-project/venv/lib/python3.12/site-packages/airflow/example_dags/plugins/event_listener.py for tasks to queue
[2026-03-28T18:45:13.666+0500] {logging_mixin.py:188} INFO - [2026-03-28T18:45:13.665+0500] {dagbag.py:545} INFO - Filling up the DagBag from /home/abayturar/airflow-project/venv/lib/python3.12/site-packages/airflow/example_dags/plugins/event_listener.py
[2026-03-28T18:45:13.668+0500] {processor.py:842} WARNING - No viable dags retrieved from /home/abayturar/airflow-project/venv/lib/python3.12/site-packages/airflow/example_dags/plugins/event_listener.py
[2026-03-28T18:45:13.680+0500] {processor.py:183} INFO - Processing /home/abayturar/airflow-project/venv/lib/python3.12/site-packages/airflow/example_dags/plugins/event_listener.py took 0.023 seconds
[2026-03-28T18:46:01.928+0500] {processor.py:161} INFO - Started process (PID=22526) to work on /home/abayturar/airflow-project/venv/lib/python3.12/site-packages/airflow/example_dags/plugins/event_listener.py
[2026-03-28T18:46:01.929+0500] {processor.py:830} INFO - Processing file /home/abayturar/airflow-project/venv/lib/python3.12/site-packages/airflow/example_dags/plugins/event_listener.py for tasks to queue
[2026-03-28T18:46:01.931+0500] {logging_mixin.py:188} INFO - [2026-03-28T18:46:01.931+0500] {dagbag.py:545} INFO - Filling up the DagBag from /home/abayturar/airflow-project/venv/lib/python3.12/site-packages/airflow/example_dags/plugins/event_listener.py
[2026-03-28T18:46:01.934+0500] {processor.py:842} WARNING - No viable dags retrieved from /home/abayturar/airflow-project/venv/lib/python3.12/site-packages/airflow/example_dags/plugins/event_listener.py
[2026-03-28T18:46:01.946+0500] {processor.py:183} INFO - Processing /home/abayturar/airflow-project/venv/lib/python3.12/site-packages/airflow/example_dags/plugins/event_listener.py took 0.024 seconds
[2026-03-28T18:46:50.497+0500] {processor.py:161} INFO - Started process (PID=22651) to work on /home/abayturar/airflow-project/venv/lib/python3.12/site-packages/airflow/example_dags/plugins/event_listener.py
[2026-03-28T18:46:50.498+0500] {processor.py:830} INFO - Processing file /home/abayturar/airflow-project/venv/lib/python3.12/site-packages/airflow/example_dags/plugins/event_listener.py for tasks to queue
[2026-03-28T18:46:50.499+0500] {logging_mixin.py:188} INFO - [2026-03-28T18:46:50.499+0500] {dagbag.py:545} INFO - Filling up the DagBag from /home/abayturar/airflow-project/venv/lib/python3.12/site-packages/airflow/example_dags/plugins/event_listener.py
[2026-03-28T18:46:50.502+0500] {processor.py:842} WARNING - No viable dags retrieved from /home/abayturar/airflow-project/venv/lib/python3.12/site-packages/airflow/example_dags/plugins/event_listener.py
[2026-03-28T18:46:50.513+0500] {processor.py:183} INFO - Processing /home/abayturar/airflow-project/venv/lib/python3.12/site-packages/airflow/example_dags/plugins/event_listener.py took 0.023 seconds
[2026-03-28T18:47:35.360+0500] {processor.py:161} INFO - Started process (PID=22774) to work on /home/abayturar/airflow-project/venv/lib/python3.12/site-packages/airflow/example_dags/plugins/event_listener.py
[2026-03-28T18:47:35.361+0500] {processor.py:830} INFO - Processing file /home/abayturar/airflow-project/venv/lib/python3.12/site-packages/airflow/example_dags/plugins/event_listener.py for tasks to queue
[2026-03-28T18:47:35.363+0500] {logging_mixin.py:188} INFO - [2026-03-28T18:47:35.363+0500] {dagbag.py:545} INFO - Filling up the DagBag from /home/abayturar/airflow-project/venv/lib/python3.12/site-packages/airflow/example_dags/plugins/event_listener.py
[2026-03-28T18:47:35.366+0500] {processor.py:842} WARNING - No viable dags retrieved from /home/abayturar/airflow-project/venv/lib/python3.12/site-packages/airflow/example_dags/plugins/event_listener.py
[2026-03-28T18:47:35.379+0500] {processor.py:183} INFO - Processing /home/abayturar/airflow-project/venv/lib/python3.12/site-packages/airflow/example_dags/plugins/event_listener.py took 0.026 seconds
[2026-03-28T18:48:21.172+0500] {processor.py:161} INFO - Started process (PID=22898) to work on /home/abayturar/airflow-project/venv/lib/python3.12/site-packages/airflow/example_dags/plugins/event_listener.py
[2026-03-28T18:48:21.173+0500] {processor.py:830} INFO - Processing file /home/abayturar/airflow-project/venv/lib/python3.12/site-packages/airflow/example_dags/plugins/event_listener.py for tasks to queue
[2026-03-28T18:48:21.175+0500] {logging_mixin.py:188} INFO - [2026-03-28T18:48:21.174+0500] {dagbag.py:545} INFO - Filling up the DagBag from /home/abayturar/airflow-project/venv/lib/python3.12/site-packages/airflow/example_dags/plugins/event_listener.py
[2026-03-28T18:48:21.178+0500] {processor.py:842} WARNING - No viable dags retrieved from /home/abayturar/airflow-project/venv/lib/python3.12/site-packages/airflow/example_dags/plugins/event_listener.py
[2026-03-28T18:48:21.191+0500] {processor.py:183} INFO - Processing /home/abayturar/airflow-project/venv/lib/python3.12/site-packages/airflow/example_dags/plugins/event_listener.py took 0.025 seconds
[2026-03-28T18:49:03.535+0500] {processor.py:161} INFO - Started process (PID=23013) to work on /home/abayturar/airflow-project/venv/lib/python3.12/site-packages/airflow/example_dags/plugins/event_listener.py
[2026-03-28T18:49:03.536+0500] {processor.py:830} INFO - Processing file /home/abayturar/airflow-project/venv/lib/python3.12/site-packages/airflow/example_dags/plugins/event_listener.py for tasks to queue
[2026-03-28T18:49:03.538+0500] {logging_mixin.py:188} INFO - [2026-03-28T18:49:03.537+0500] {dagbag.py:545} INFO - Filling up the DagBag from /home/abayturar/airflow-project/venv/lib/python3.12/site-packages/airflow/example_dags/plugins/event_listener.py
[2026-03-28T18:49:03.540+0500] {processor.py:842} WARNING - No viable dags retrieved from /home/abayturar/airflow-project/venv/lib/python3.12/site-packages/airflow/example_dags/plugins/event_listener.py
[2026-03-28T18:49:03.551+0500] {processor.py:183} INFO - Processing /home/abayturar/airflow-project/venv/lib/python3.12/site-packages/airflow/example_dags/plugins/event_listener.py took 0.022 seconds
[2026-03-28T18:49:49.747+0500] {processor.py:161} INFO - Started process (PID=23136) to work on /home/abayturar/airflow-project/venv/lib/python3.12/site-packages/airflow/example_dags/plugins/event_listener.py
[2026-03-28T18:49:49.747+0500] {processor.py:830} INFO - Processing file /home/abayturar/airflow-project/venv/lib/python3.12/site-packages/airflow/example_dags/plugins/event_listener.py for tasks to queue
[2026-03-28T18:49:49.749+0500] {logging_mixin.py:188} INFO - [2026-03-28T18:49:49.749+0500] {dagbag.py:545} INFO - Filling up the DagBag from /home/abayturar/airflow-project/venv/lib/python3.12/site-packages/airflow/example_dags/plugins/event_listener.py
[2026-03-28T18:49:49.752+0500] {processor.py:842} WARNING - No viable dags retrieved from /home/abayturar/airflow-project/venv/lib/python3.12/site-packages/airflow/example_dags/plugins/event_listener.py
[2026-03-28T18:49:49.763+0500] {processor.py:183} INFO - Processing /home/abayturar/airflow-project/venv/lib/python3.12/site-packages/airflow/example_dags/plugins/event_listener.py took 0.023 seconds
[2026-03-28T18:50:36.264+0500] {processor.py:161} INFO - Started process (PID=23260) to work on /home/abayturar/airflow-project/venv/lib/python3.12/site-packages/airflow/example_dags/plugins/event_listener.py
[2026-03-28T18:50:36.265+0500] {processor.py:830} INFO - Processing file /home/abayturar/airflow-project/venv/lib/python3.12/site-packages/airflow/example_dags/plugins/event_listener.py for tasks to queue
[2026-03-28T18:50:36.267+0500] {logging_mixin.py:188} INFO - [2026-03-28T18:50:36.266+0500] {dagbag.py:545} INFO - Filling up the DagBag from /home/abayturar/airflow-project/venv/lib/python3.12/site-packages/airflow/example_dags/plugins/event_listener.py
[2026-03-28T18:50:36.269+0500] {processor.py:842} WARNING - No viable dags retrieved from /home/abayturar/airflow-project/venv/lib/python3.12/site-packages/airflow/example_dags/plugins/event_listener.py
[2026-03-28T18:50:36.282+0500] {processor.py:183} INFO - Processing /home/abayturar/airflow-project/venv/lib/python3.12/site-packages/airflow/example_dags/plugins/event_listener.py took 0.025 seconds
[2026-03-28T18:51:23.791+0500] {processor.py:161} INFO - Started process (PID=23388) to work on /home/abayturar/airflow-project/venv/lib/python3.12/site-packages/airflow/example_dags/plugins/event_listener.py
[2026-03-28T18:51:23.792+0500] {processor.py:830} INFO - Processing file /home/abayturar/airflow-project/venv/lib/python3.12/site-packages/airflow/example_dags/plugins/event_listener.py for tasks to queue
[2026-03-28T18:51:23.794+0500] {logging_mixin.py:188} INFO - [2026-03-28T18:51:23.794+0500] {dagbag.py:545} INFO - Filling up the DagBag from /home/abayturar/airflow-project/venv/lib/python3.12/site-packages/airflow/example_dags/plugins/event_listener.py
[2026-03-28T18:51:23.797+0500] {processor.py:842} WARNING - No viable dags retrieved from /home/abayturar/airflow-project/venv/lib/python3.12/site-packages/airflow/example_dags/plugins/event_listener.py
[2026-03-28T18:51:23.809+0500] {processor.py:183} INFO - Processing /home/abayturar/airflow-project/venv/lib/python3.12/site-packages/airflow/example_dags/plugins/event_listener.py took 0.025 seconds
[2026-03-28T18:52:09.365+0500] {processor.py:161} INFO - Started process (PID=23512) to work on /home/abayturar/airflow-project/venv/lib/python3.12/site-packages/airflow/example_dags/plugins/event_listener.py
[2026-03-28T18:52:09.366+0500] {processor.py:830} INFO - Processing file /home/abayturar/airflow-project/venv/lib/python3.12/site-packages/airflow/example_dags/plugins/event_listener.py for tasks to queue
[2026-03-28T18:52:09.368+0500] {logging_mixin.py:188} INFO - [2026-03-28T18:52:09.367+0500] {dagbag.py:545} INFO - Filling up the DagBag from /home/abayturar/airflow-project/venv/lib/python3.12/site-packages/airflow/example_dags/plugins/event_listener.py
[2026-03-28T18:52:09.370+0500] {processor.py:842} WARNING - No viable dags retrieved from /home/abayturar/airflow-project/venv/lib/python3.12/site-packages/airflow/example_dags/plugins/event_listener.py
[2026-03-28T18:52:09.382+0500] {processor.py:183} INFO - Processing /home/abayturar/airflow-project/venv/lib/python3.12/site-packages/airflow/example_dags/plugins/event_listener.py took 0.024 seconds
[2026-03-28T18:52:56.069+0500] {processor.py:161} INFO - Started process (PID=23637) to work on /home/abayturar/airflow-project/venv/lib/python3.12/site-packages/airflow/example_dags/plugins/event_listener.py
[2026-03-28T18:52:56.070+0500] {processor.py:830} INFO - Processing file /home/abayturar/airflow-project/venv/lib/python3.12/site-packages/airflow/example_dags/plugins/event_listener.py for tasks to queue
[2026-03-28T18:52:56.072+0500] {logging_mixin.py:188} INFO - [2026-03-28T18:52:56.071+0500] {dagbag.py:545} INFO - Filling up the DagBag from /home/abayturar/airflow-project/venv/lib/python3.12/site-packages/airflow/example_dags/plugins/event_listener.py
[2026-03-28T18:52:56.074+0500] {processor.py:842} WARNING - No viable dags retrieved from /home/abayturar/airflow-project/venv/lib/python3.12/site-packages/airflow/example_dags/plugins/event_listener.py
[2026-03-28T18:52:56.085+0500] {processor.py:183} INFO - Processing /home/abayturar/airflow-project/venv/lib/python3.12/site-packages/airflow/example_dags/plugins/event_listener.py took 0.022 seconds
[2026-03-28T18:53:40.245+0500] {processor.py:161} INFO - Started process (PID=23755) to work on /home/abayturar/airflow-project/venv/lib/python3.12/site-packages/airflow/example_dags/plugins/event_listener.py
[2026-03-28T18:53:40.246+0500] {processor.py:830} INFO - Processing file /home/abayturar/airflow-project/venv/lib/python3.12/site-packages/airflow/example_dags/plugins/event_listener.py for tasks to queue
[2026-03-28T18:53:40.248+0500] {logging_mixin.py:188} INFO - [2026-03-28T18:53:40.247+0500] {dagbag.py:545} INFO - Filling up the DagBag from /home/abayturar/airflow-project/venv/lib/python3.12/site-packages/airflow/example_dags/plugins/event_listener.py
[2026-03-28T18:53:40.251+0500] {processor.py:842} WARNING - No viable dags retrieved from /home/abayturar/airflow-project/venv/lib/python3.12/site-packages/airflow/example_dags/plugins/event_listener.py
[2026-03-28T18:53:40.264+0500] {processor.py:183} INFO - Processing /home/abayturar/airflow-project/venv/lib/python3.12/site-packages/airflow/example_dags/plugins/event_listener.py took 0.026 seconds
[2026-03-28T18:54:26.303+0500] {processor.py:161} INFO - Started process (PID=23881) to work on /home/abayturar/airflow-project/venv/lib/python3.12/site-packages/airflow/example_dags/plugins/event_listener.py
[2026-03-28T18:54:26.304+0500] {processor.py:830} INFO - Processing file /home/abayturar/airflow-project/venv/lib/python3.12/site-packages/airflow/example_dags/plugins/event_listener.py for tasks to queue
[2026-03-28T18:54:26.305+0500] {logging_mixin.py:188} INFO - [2026-03-28T18:54:26.305+0500] {dagbag.py:545} INFO - Filling up the DagBag from /home/abayturar/airflow-project/venv/lib/python3.12/site-packages/airflow/example_dags/plugins/event_listener.py
[2026-03-28T18:54:26.308+0500] {processor.py:842} WARNING - No viable dags retrieved from /home/abayturar/airflow-project/venv/lib/python3.12/site-packages/airflow/example_dags/plugins/event_listener.py
[2026-03-28T18:54:26.319+0500] {processor.py:183} INFO - Processing /home/abayturar/airflow-project/venv/lib/python3.12/site-packages/airflow/example_dags/plugins/event_listener.py took 0.022 seconds
[2026-03-28T18:55:10.887+0500] {processor.py:161} INFO - Started process (PID=23998) to work on /home/abayturar/airflow-project/venv/lib/python3.12/site-packages/airflow/example_dags/plugins/event_listener.py
[2026-03-28T18:55:10.888+0500] {processor.py:830} INFO - Processing file /home/abayturar/airflow-project/venv/lib/python3.12/site-packages/airflow/example_dags/plugins/event_listener.py for tasks to queue
[2026-03-28T18:55:10.891+0500] {logging_mixin.py:188} INFO - [2026-03-28T18:55:10.891+0500] {dagbag.py:545} INFO - Filling up the DagBag from /home/abayturar/airflow-project/venv/lib/python3.12/site-packages/airflow/example_dags/plugins/event_listener.py
[2026-03-28T18:55:10.900+0500] {processor.py:842} WARNING - No viable dags retrieved from /home/abayturar/airflow-project/venv/lib/python3.12/site-packages/airflow/example_dags/plugins/event_listener.py
[2026-03-28T18:55:10.921+0500] {processor.py:183} INFO - Processing /home/abayturar/airflow-project/venv/lib/python3.12/site-packages/airflow/example_dags/plugins/event_listener.py took 0.043 seconds
[2026-03-28T18:56:04.453+0500] {processor.py:161} INFO - Started process (PID=24138) to work on /home/abayturar/airflow-project/venv/lib/python3.12/site-packages/airflow/example_dags/plugins/event_listener.py
[2026-03-28T18:56:04.454+0500] {processor.py:830} INFO - Processing file /home/abayturar/airflow-project/venv/lib/python3.12/site-packages/airflow/example_dags/plugins/event_listener.py for tasks to queue
[2026-03-28T18:56:04.456+0500] {logging_mixin.py:188} INFO - [2026-03-28T18:56:04.456+0500] {dagbag.py:545} INFO - Filling up the DagBag from /home/abayturar/airflow-project/venv/lib/python3.12/site-packages/airflow/example_dags/plugins/event_listener.py
[2026-03-28T18:56:04.459+0500] {processor.py:842} WARNING - No viable dags retrieved from /home/abayturar/airflow-project/venv/lib/python3.12/site-packages/airflow/example_dags/plugins/event_listener.py
[2026-03-28T18:56:04.472+0500] {processor.py:183} INFO - Processing /home/abayturar/airflow-project/venv/lib/python3.12/site-packages/airflow/example_dags/plugins/event_listener.py took 0.025 seconds
[2026-03-28T18:56:55.496+0500] {processor.py:161} INFO - Started process (PID=24273) to work on /home/abayturar/airflow-project/venv/lib/python3.12/site-packages/airflow/example_dags/plugins/event_listener.py
[2026-03-28T18:56:55.496+0500] {processor.py:830} INFO - Processing file /home/abayturar/airflow-project/venv/lib/python3.12/site-packages/airflow/example_dags/plugins/event_listener.py for tasks to queue
[2026-03-28T18:56:55.498+0500] {logging_mixin.py:188} INFO - [2026-03-28T18:56:55.498+0500] {dagbag.py:545} INFO - Filling up the DagBag from /home/abayturar/airflow-project/venv/lib/python3.12/site-packages/airflow/example_dags/plugins/event_listener.py
[2026-03-28T18:56:55.501+0500] {processor.py:842} WARNING - No viable dags retrieved from /home/abayturar/airflow-project/venv/lib/python3.12/site-packages/airflow/example_dags/plugins/event_listener.py
[2026-03-28T18:56:55.512+0500] {processor.py:183} INFO - Processing /home/abayturar/airflow-project/venv/lib/python3.12/site-packages/airflow/example_dags/plugins/event_listener.py took 0.023 seconds
[2026-03-28T18:57:43.696+0500] {processor.py:161} INFO - Started process (PID=24400) to work on /home/abayturar/airflow-project/venv/lib/python3.12/site-packages/airflow/example_dags/plugins/event_listener.py
[2026-03-28T18:57:43.697+0500] {processor.py:830} INFO - Processing file /home/abayturar/airflow-project/venv/lib/python3.12/site-packages/airflow/example_dags/plugins/event_listener.py for tasks to queue
[2026-03-28T18:57:43.699+0500] {logging_mixin.py:188} INFO - [2026-03-28T18:57:43.698+0500] {dagbag.py:545} INFO - Filling up the DagBag from /home/abayturar/airflow-project/venv/lib/python3.12/site-packages/airflow/example_dags/plugins/event_listener.py
[2026-03-28T18:57:43.701+0500] {processor.py:842} WARNING - No viable dags retrieved from /home/abayturar/airflow-project/venv/lib/python3.12/site-packages/airflow/example_dags/plugins/event_listener.py
[2026-03-28T18:57:43.713+0500] {processor.py:183} INFO - Processing /home/abayturar/airflow-project/venv/lib/python3.12/site-packages/airflow/example_dags/plugins/event_listener.py took 0.023 seconds
[2026-03-28T18:58:31.274+0500] {processor.py:161} INFO - Started process (PID=24526) to work on /home/abayturar/airflow-project/venv/lib/python3.12/site-packages/airflow/example_dags/plugins/event_listener.py
[2026-03-28T18:58:31.274+0500] {processor.py:830} INFO - Processing file /home/abayturar/airflow-project/venv/lib/python3.12/site-packages/airflow/example_dags/plugins/event_listener.py for tasks to queue
[2026-03-28T18:58:31.276+0500] {logging_mixin.py:188} INFO - [2026-03-28T18:58:31.276+0500] {dagbag.py:545} INFO - Filling up the DagBag from /home/abayturar/airflow-project/venv/lib/python3.12/site-packages/airflow/example_dags/plugins/event_listener.py
[2026-03-28T18:58:31.279+0500] {processor.py:842} WARNING - No viable dags retrieved from /home/abayturar/airflow-project/venv/lib/python3.12/site-packages/airflow/example_dags/plugins/event_listener.py
[2026-03-28T18:58:31.290+0500] {processor.py:183} INFO - Processing /home/abayturar/airflow-project/venv/lib/python3.12/site-packages/airflow/example_dags/plugins/event_listener.py took 0.023 seconds
[2026-03-28T18:59:16.177+0500] {processor.py:161} INFO - Started process (PID=24648) to work on /home/abayturar/airflow-project/venv/lib/python3.12/site-packages/airflow/example_dags/plugins/event_listener.py
[2026-03-28T18:59:16.178+0500] {processor.py:830} INFO - Processing file /home/abayturar/airflow-project/venv/lib/python3.12/site-packages/airflow/example_dags/plugins/event_listener.py for tasks to queue
[2026-03-28T18:59:16.179+0500] {logging_mixin.py:188} INFO - [2026-03-28T18:59:16.179+0500] {dagbag.py:545} INFO - Filling up the DagBag from /home/abayturar/airflow-project/venv/lib/python3.12/site-packages/airflow/example_dags/plugins/event_listener.py
[2026-03-28T18:59:16.182+0500] {processor.py:842} WARNING - No viable dags retrieved from /home/abayturar/airflow-project/venv/lib/python3.12/site-packages/airflow/example_dags/plugins/event_listener.py
[2026-03-28T18:59:16.193+0500] {processor.py:183} INFO - Processing /home/abayturar/airflow-project/venv/lib/python3.12/site-packages/airflow/example_dags/plugins/event_listener.py took 0.022 seconds
[2026-03-28T19:00:05.338+0500] {processor.py:161} INFO - Started process (PID=24780) to work on /home/abayturar/airflow-project/venv/lib/python3.12/site-packages/airflow/example_dags/plugins/event_listener.py
[2026-03-28T19:00:05.339+0500] {processor.py:830} INFO - Processing file /home/abayturar/airflow-project/venv/lib/python3.12/site-packages/airflow/example_dags/plugins/event_listener.py for tasks to queue
[2026-03-28T19:00:05.341+0500] {logging_mixin.py:188} INFO - [2026-03-28T19:00:05.340+0500] {dagbag.py:545} INFO - Filling up the DagBag from /home/abayturar/airflow-project/venv/lib/python3.12/site-packages/airflow/example_dags/plugins/event_listener.py
[2026-03-28T19:00:05.345+0500] {processor.py:842} WARNING - No viable dags retrieved from /home/abayturar/airflow-project/venv/lib/python3.12/site-packages/airflow/example_dags/plugins/event_listener.py
[2026-03-28T19:00:05.361+0500] {processor.py:183} INFO - Processing /home/abayturar/airflow-project/venv/lib/python3.12/site-packages/airflow/example_dags/plugins/event_listener.py took 0.030 seconds
[2026-03-28T19:00:50.602+0500] {processor.py:161} INFO - Started process (PID=24902) to work on /home/abayturar/airflow-project/venv/lib/python3.12/site-packages/airflow/example_dags/plugins/event_listener.py
[2026-03-28T19:00:50.603+0500] {processor.py:830} INFO - Processing file /home/abayturar/airflow-project/venv/lib/python3.12/site-packages/airflow/example_dags/plugins/event_listener.py for tasks to queue
[2026-03-28T19:00:50.605+0500] {logging_mixin.py:188} INFO - [2026-03-28T19:00:50.604+0500] {dagbag.py:545} INFO - Filling up the DagBag from /home/abayturar/airflow-project/venv/lib/python3.12/site-packages/airflow/example_dags/plugins/event_listener.py
[2026-03-28T19:00:50.607+0500] {processor.py:842} WARNING - No viable dags retrieved from /home/abayturar/airflow-project/venv/lib/python3.12/site-packages/airflow/example_dags/plugins/event_listener.py
[2026-03-28T19:00:50.620+0500] {processor.py:183} INFO - Processing /home/abayturar/airflow-project/venv/lib/python3.12/site-packages/airflow/example_dags/plugins/event_listener.py took 0.024 seconds
[2026-03-28T19:01:39.119+0500] {processor.py:161} INFO - Started process (PID=25031) to work on /home/abayturar/airflow-project/venv/lib/python3.12/site-packages/airflow/example_dags/plugins/event_listener.py
[2026-03-28T19:01:39.119+0500] {processor.py:830} INFO - Processing file /home/abayturar/airflow-project/venv/lib/python3.12/site-packages/airflow/example_dags/plugins/event_listener.py for tasks to queue
[2026-03-28T19:01:39.121+0500] {logging_mixin.py:188} INFO - [2026-03-28T19:01:39.121+0500] {dagbag.py:545} INFO - Filling up the DagBag from /home/abayturar/airflow-project/venv/lib/python3.12/site-packages/airflow/example_dags/plugins/event_listener.py
[2026-03-28T19:01:39.124+0500] {processor.py:842} WARNING - No viable dags retrieved from /home/abayturar/airflow-project/venv/lib/python3.12/site-packages/airflow/example_dags/plugins/event_listener.py
[2026-03-28T19:01:39.135+0500] {processor.py:183} INFO - Processing /home/abayturar/airflow-project/venv/lib/python3.12/site-packages/airflow/example_dags/plugins/event_listener.py took 0.023 seconds
[2026-03-28T19:02:24.043+0500] {processor.py:161} INFO - Started process (PID=25153) to work on /home/abayturar/airflow-project/venv/lib/python3.12/site-packages/airflow/example_dags/plugins/event_listener.py
[2026-03-28T19:02:24.044+0500] {processor.py:830} INFO - Processing file /home/abayturar/airflow-project/venv/lib/python3.12/site-packages/airflow/example_dags/plugins/event_listener.py for tasks to queue
[2026-03-28T19:02:24.047+0500] {logging_mixin.py:188} INFO - [2026-03-28T19:02:24.047+0500] {dagbag.py:545} INFO - Filling up the DagBag from /home/abayturar/airflow-project/venv/lib/python3.12/site-packages/airflow/example_dags/plugins/event_listener.py
[2026-03-28T19:02:24.050+0500] {processor.py:842} WARNING - No viable dags retrieved from /home/abayturar/airflow-project/venv/lib/python3.12/site-packages/airflow/example_dags/plugins/event_listener.py
[2026-03-28T19:02:24.064+0500] {processor.py:183} INFO - Processing /home/abayturar/airflow-project/venv/lib/python3.12/site-packages/airflow/example_dags/plugins/event_listener.py took 0.029 seconds
[2026-03-28T19:03:06.130+0500] {processor.py:161} INFO - Started process (PID=25269) to work on /home/abayturar/airflow-project/venv/lib/python3.12/site-packages/airflow/example_dags/plugins/event_listener.py
[2026-03-28T19:03:06.132+0500] {processor.py:830} INFO - Processing file /home/abayturar/airflow-project/venv/lib/python3.12/site-packages/airflow/example_dags/plugins/event_listener.py for tasks to queue
[2026-03-28T19:03:06.137+0500] {logging_mixin.py:188} INFO - [2026-03-28T19:03:06.136+0500] {dagbag.py:545} INFO - Filling up the DagBag from /home/abayturar/airflow-project/venv/lib/python3.12/site-packages/airflow/example_dags/plugins/event_listener.py
[2026-03-28T19:03:06.141+0500] {processor.py:842} WARNING - No viable dags retrieved from /home/abayturar/airflow-project/venv/lib/python3.12/site-packages/airflow/example_dags/plugins/event_listener.py
[2026-03-28T19:03:06.160+0500] {processor.py:183} INFO - Processing /home/abayturar/airflow-project/venv/lib/python3.12/site-packages/airflow/example_dags/plugins/event_listener.py took 0.040 seconds
[2026-03-28T19:03:51.213+0500] {processor.py:161} INFO - Started process (PID=25387) to work on /home/abayturar/airflow-project/venv/lib/python3.12/site-packages/airflow/example_dags/plugins/event_listener.py
[2026-03-28T19:03:51.215+0500] {processor.py:830} INFO - Processing file /home/abayturar/airflow-project/venv/lib/python3.12/site-packages/airflow/example_dags/plugins/event_listener.py for tasks to queue
[2026-03-28T19:03:51.217+0500] {logging_mixin.py:188} INFO - [2026-03-28T19:03:51.216+0500] {dagbag.py:545} INFO - Filling up the DagBag from /home/abayturar/airflow-project/venv/lib/python3.12/site-packages/airflow/example_dags/plugins/event_listener.py
[2026-03-28T19:03:51.221+0500] {processor.py:842} WARNING - No viable dags retrieved from /home/abayturar/airflow-project/venv/lib/python3.12/site-packages/airflow/example_dags/plugins/event_listener.py
[2026-03-28T19:03:51.239+0500] {processor.py:183} INFO - Processing /home/abayturar/airflow-project/venv/lib/python3.12/site-packages/airflow/example_dags/plugins/event_listener.py took 0.034 seconds
[2026-03-28T19:04:39.220+0500] {processor.py:161} INFO - Started process (PID=25518) to work on /home/abayturar/airflow-project/venv/lib/python3.12/site-packages/airflow/example_dags/plugins/event_listener.py
[2026-03-28T19:04:39.221+0500] {processor.py:830} INFO - Processing file /home/abayturar/airflow-project/venv/lib/python3.12/site-packages/airflow/example_dags/plugins/event_listener.py for tasks to queue
[2026-03-28T19:04:39.223+0500] {logging_mixin.py:188} INFO - [2026-03-28T19:04:39.222+0500] {dagbag.py:545} INFO - Filling up the DagBag from /home/abayturar/airflow-project/venv/lib/python3.12/site-packages/airflow/example_dags/plugins/event_listener.py
[2026-03-28T19:04:39.225+0500] {processor.py:842} WARNING - No viable dags retrieved from /home/abayturar/airflow-project/venv/lib/python3.12/site-packages/airflow/example_dags/plugins/event_listener.py
[2026-03-28T19:04:39.236+0500] {processor.py:183} INFO - Processing /home/abayturar/airflow-project/venv/lib/python3.12/site-packages/airflow/example_dags/plugins/event_listener.py took 0.022 seconds
[2026-03-28T19:05:22.747+0500] {processor.py:161} INFO - Started process (PID=25637) to work on /home/abayturar/airflow-project/venv/lib/python3.12/site-packages/airflow/example_dags/plugins/event_listener.py
[2026-03-28T19:05:22.747+0500] {processor.py:830} INFO - Processing file /home/abayturar/airflow-project/venv/lib/python3.12/site-packages/airflow/example_dags/plugins/event_listener.py for tasks to queue
[2026-03-28T19:05:22.749+0500] {logging_mixin.py:188} INFO - [2026-03-28T19:05:22.749+0500] {dagbag.py:545} INFO - Filling up the DagBag from /home/abayturar/airflow-project/venv/lib/python3.12/site-packages/airflow/example_dags/plugins/event_listener.py
[2026-03-28T19:05:22.751+0500] {processor.py:842} WARNING - No viable dags retrieved from /home/abayturar/airflow-project/venv/lib/python3.12/site-packages/airflow/example_dags/plugins/event_listener.py
[2026-03-28T19:05:22.763+0500] {processor.py:183} INFO - Processing /home/abayturar/airflow-project/venv/lib/python3.12/site-packages/airflow/example_dags/plugins/event_listener.py took 0.023 seconds
[2026-03-28T19:06:07.443+0500] {processor.py:161} INFO - Started process (PID=25758) to work on /home/abayturar/airflow-project/venv/lib/python3.12/site-packages/airflow/example_dags/plugins/event_listener.py
[2026-03-28T19:06:07.444+0500] {processor.py:830} INFO - Processing file /home/abayturar/airflow-project/venv/lib/python3.12/site-packages/airflow/example_dags/plugins/event_listener.py for tasks to queue
[2026-03-28T19:06:07.445+0500] {logging_mixin.py:188} INFO - [2026-03-28T19:06:07.445+0500] {dagbag.py:545} INFO - Filling up the DagBag from /home/abayturar/airflow-project/venv/lib/python3.12/site-packages/airflow/example_dags/plugins/event_listener.py
[2026-03-28T19:06:07.447+0500] {processor.py:842} WARNING - No viable dags retrieved from /home/abayturar/airflow-project/venv/lib/python3.12/site-packages/airflow/example_dags/plugins/event_listener.py
[2026-03-28T19:06:07.459+0500] {processor.py:183} INFO - Processing /home/abayturar/airflow-project/venv/lib/python3.12/site-packages/airflow/example_dags/plugins/event_listener.py took 0.023 seconds
[2026-03-28T19:06:48.747+0500] {processor.py:161} INFO - Started process (PID=25870) to work on /home/abayturar/airflow-project/venv/lib/python3.12/site-packages/airflow/example_dags/plugins/event_listener.py
[2026-03-28T19:06:48.748+0500] {processor.py:830} INFO - Processing file /home/abayturar/airflow-project/venv/lib/python3.12/site-packages/airflow/example_dags/plugins/event_listener.py for tasks to queue
[2026-03-28T19:06:48.749+0500] {logging_mixin.py:188} INFO - [2026-03-28T19:06:48.749+0500] {dagbag.py:545} INFO - Filling up the DagBag from /home/abayturar/airflow-project/venv/lib/python3.12/site-packages/airflow/example_dags/plugins/event_listener.py
[2026-03-28T19:06:48.752+0500] {processor.py:842} WARNING - No viable dags retrieved from /home/abayturar/airflow-project/venv/lib/python3.12/site-packages/airflow/example_dags/plugins/event_listener.py
[2026-03-28T19:06:48.763+0500] {processor.py:183} INFO - Processing /home/abayturar/airflow-project/venv/lib/python3.12/site-packages/airflow/example_dags/plugins/event_listener.py took 0.022 seconds
[2026-03-28T19:07:34.782+0500] {processor.py:161} INFO - Started process (PID=25992) to work on /home/abayturar/airflow-project/venv/lib/python3.12/site-packages/airflow/example_dags/plugins/event_listener.py
[2026-03-28T19:07:34.784+0500] {processor.py:830} INFO - Processing file /home/abayturar/airflow-project/venv/lib/python3.12/site-packages/airflow/example_dags/plugins/event_listener.py for tasks to queue
[2026-03-28T19:07:34.786+0500] {logging_mixin.py:188} INFO - [2026-03-28T19:07:34.785+0500] {dagbag.py:545} INFO - Filling up the DagBag from /home/abayturar/airflow-project/venv/lib/python3.12/site-packages/airflow/example_dags/plugins/event_listener.py
[2026-03-28T19:07:34.790+0500] {processor.py:842} WARNING - No viable dags retrieved from /home/abayturar/airflow-project/venv/lib/python3.12/site-packages/airflow/example_dags/plugins/event_listener.py
[2026-03-28T19:07:34.802+0500] {processor.py:183} INFO - Processing /home/abayturar/airflow-project/venv/lib/python3.12/site-packages/airflow/example_dags/plugins/event_listener.py took 0.031 seconds
[2026-03-28T19:08:24.262+0500] {processor.py:161} INFO - Started process (PID=26124) to work on /home/abayturar/airflow-project/venv/lib/python3.12/site-packages/airflow/example_dags/plugins/event_listener.py
[2026-03-28T19:08:24.263+0500] {processor.py:830} INFO - Processing file /home/abayturar/airflow-project/venv/lib/python3.12/site-packages/airflow/example_dags/plugins/event_listener.py for tasks to queue
[2026-03-28T19:08:24.265+0500] {logging_mixin.py:188} INFO - [2026-03-28T19:08:24.264+0500] {dagbag.py:545} INFO - Filling up the DagBag from /home/abayturar/airflow-project/venv/lib/python3.12/site-packages/airflow/example_dags/plugins/event_listener.py
[2026-03-28T19:08:24.267+0500] {processor.py:842} WARNING - No viable dags retrieved from /home/abayturar/airflow-project/venv/lib/python3.12/site-packages/airflow/example_dags/plugins/event_listener.py
[2026-03-28T19:08:24.278+0500] {processor.py:183} INFO - Processing /home/abayturar/airflow-project/venv/lib/python3.12/site-packages/airflow/example_dags/plugins/event_listener.py took 0.022 seconds
[2026-03-28T19:09:11.546+0500] {processor.py:161} INFO - Started process (PID=26251) to work on /home/abayturar/airflow-project/venv/lib/python3.12/site-packages/airflow/example_dags/plugins/event_listener.py
[2026-03-28T19:09:11.547+0500] {processor.py:830} INFO - Processing file /home/abayturar/airflow-project/venv/lib/python3.12/site-packages/airflow/example_dags/plugins/event_listener.py for tasks to queue
[2026-03-28T19:09:11.548+0500] {logging_mixin.py:188} INFO - [2026-03-28T19:09:11.548+0500] {dagbag.py:545} INFO - Filling up the DagBag from /home/abayturar/airflow-project/venv/lib/python3.12/site-packages/airflow/example_dags/plugins/event_listener.py
[2026-03-28T19:09:11.551+0500] {processor.py:842} WARNING - No viable dags retrieved from /home/abayturar/airflow-project/venv/lib/python3.12/site-packages/airflow/example_dags/plugins/event_listener.py
[2026-03-28T19:09:11.562+0500] {processor.py:183} INFO - Processing /home/abayturar/airflow-project/venv/lib/python3.12/site-packages/airflow/example_dags/plugins/event_listener.py took 0.022 seconds
[2026-03-28T19:09:56.444+0500] {processor.py:161} INFO - Started process (PID=26373) to work on /home/abayturar/airflow-project/venv/lib/python3.12/site-packages/airflow/example_dags/plugins/event_listener.py
[2026-03-28T19:09:56.445+0500] {processor.py:830} INFO - Processing file /home/abayturar/airflow-project/venv/lib/python3.12/site-packages/airflow/example_dags/plugins/event_listener.py for tasks to queue
[2026-03-28T19:09:56.447+0500] {logging_mixin.py:188} INFO - [2026-03-28T19:09:56.446+0500] {dagbag.py:545} INFO - Filling up the DagBag from /home/abayturar/airflow-project/venv/lib/python3.12/site-packages/airflow/example_dags/plugins/event_listener.py
[2026-03-28T19:09:56.449+0500] {processor.py:842} WARNING - No viable dags retrieved from /home/abayturar/airflow-project/venv/lib/python3.12/site-packages/airflow/example_dags/plugins/event_listener.py
[2026-03-28T19:09:56.461+0500] {processor.py:183} INFO - Processing /home/abayturar/airflow-project/venv/lib/python3.12/site-packages/airflow/example_dags/plugins/event_listener.py took 0.024 seconds
[2026-03-28T19:10:43.222+0500] {processor.py:161} INFO - Started process (PID=26499) to work on /home/abayturar/airflow-project/venv/lib/python3.12/site-packages/airflow/example_dags/plugins/event_listener.py
[2026-03-28T19:10:43.223+0500] {processor.py:830} INFO - Processing file /home/abayturar/airflow-project/venv/lib/python3.12/site-packages/airflow/example_dags/plugins/event_listener.py for tasks to queue
[2026-03-28T19:10:43.225+0500] {logging_mixin.py:188} INFO - [2026-03-28T19:10:43.225+0500] {dagbag.py:545} INFO - Filling up the DagBag from /home/abayturar/airflow-project/venv/lib/python3.12/site-packages/airflow/example_dags/plugins/event_listener.py
[2026-03-28T19:10:43.228+0500] {processor.py:842} WARNING - No viable dags retrieved from /home/abayturar/airflow-project/venv/lib/python3.12/site-packages/airflow/example_dags/plugins/event_listener.py
[2026-03-28T19:10:43.241+0500] {processor.py:183} INFO - Processing /home/abayturar/airflow-project/venv/lib/python3.12/site-packages/airflow/example_dags/plugins/event_listener.py took 0.025 seconds
[2026-03-28T19:11:31.971+0500] {processor.py:161} INFO - Started process (PID=26626) to work on /home/abayturar/airflow-project/venv/lib/python3.12/site-packages/airflow/example_dags/plugins/event_listener.py
[2026-03-28T19:11:31.972+0500] {processor.py:830} INFO - Processing file /home/abayturar/airflow-project/venv/lib/python3.12/site-packages/airflow/example_dags/plugins/event_listener.py for tasks to queue
[2026-03-28T19:11:31.974+0500] {logging_mixin.py:188} INFO - [2026-03-28T19:11:31.973+0500] {dagbag.py:545} INFO - Filling up the DagBag from /home/abayturar/airflow-project/venv/lib/python3.12/site-packages/airflow/example_dags/plugins/event_listener.py
[2026-03-28T19:11:31.977+0500] {processor.py:842} WARNING - No viable dags retrieved from /home/abayturar/airflow-project/venv/lib/python3.12/site-packages/airflow/example_dags/plugins/event_listener.py
[2026-03-28T19:11:31.990+0500] {processor.py:183} INFO - Processing /home/abayturar/airflow-project/venv/lib/python3.12/site-packages/airflow/example_dags/plugins/event_listener.py took 0.027 seconds
[2026-03-28T19:12:18.304+0500] {processor.py:161} INFO - Started process (PID=26753) to work on /home/abayturar/airflow-project/venv/lib/python3.12/site-packages/airflow/example_dags/plugins/event_listener.py
[2026-03-28T19:12:18.305+0500] {processor.py:830} INFO - Processing file /home/abayturar/airflow-project/venv/lib/python3.12/site-packages/airflow/example_dags/plugins/event_listener.py for tasks to queue
[2026-03-28T19:12:18.307+0500] {logging_mixin.py:188} INFO - [2026-03-28T19:12:18.306+0500] {dagbag.py:545} INFO - Filling up the DagBag from /home/abayturar/airflow-project/venv/lib/python3.12/site-packages/airflow/example_dags/plugins/event_listener.py
[2026-03-28T19:12:18.309+0500] {processor.py:842} WARNING - No viable dags retrieved from /home/abayturar/airflow-project/venv/lib/python3.12/site-packages/airflow/example_dags/plugins/event_listener.py
[2026-03-28T19:12:18.320+0500] {processor.py:183} INFO - Processing /home/abayturar/airflow-project/venv/lib/python3.12/site-packages/airflow/example_dags/plugins/event_listener.py took 0.022 seconds
[2026-03-28T19:13:07.486+0500] {processor.py:161} INFO - Started process (PID=26883) to work on /home/abayturar/airflow-project/venv/lib/python3.12/site-packages/airflow/example_dags/plugins/event_listener.py
[2026-03-28T19:13:07.487+0500] {processor.py:830} INFO - Processing file /home/abayturar/airflow-project/venv/lib/python3.12/site-packages/airflow/example_dags/plugins/event_listener.py for tasks to queue
[2026-03-28T19:13:07.489+0500] {logging_mixin.py:188} INFO - [2026-03-28T19:13:07.489+0500] {dagbag.py:545} INFO - Filling up the DagBag from /home/abayturar/airflow-project/venv/lib/python3.12/site-packages/airflow/example_dags/plugins/event_listener.py
[2026-03-28T19:13:07.491+0500] {processor.py:842} WARNING - No viable dags retrieved from /home/abayturar/airflow-project/venv/lib/python3.12/site-packages/airflow/example_dags/plugins/event_listener.py
[2026-03-28T19:13:07.503+0500] {processor.py:183} INFO - Processing /home/abayturar/airflow-project/venv/lib/python3.12/site-packages/airflow/example_dags/plugins/event_listener.py took 0.022 seconds
[2026-03-28T19:13:53.671+0500] {processor.py:161} INFO - Started process (PID=27005) to work on /home/abayturar/airflow-project/venv/lib/python3.12/site-packages/airflow/example_dags/plugins/event_listener.py
[2026-03-28T19:13:53.671+0500] {processor.py:830} INFO - Processing file /home/abayturar/airflow-project/venv/lib/python3.12/site-packages/airflow/example_dags/plugins/event_listener.py for tasks to queue
[2026-03-28T19:13:53.673+0500] {logging_mixin.py:188} INFO - [2026-03-28T19:13:53.673+0500] {dagbag.py:545} INFO - Filling up the DagBag from /home/abayturar/airflow-project/venv/lib/python3.12/site-packages/airflow/example_dags/plugins/event_listener.py
[2026-03-28T19:13:53.675+0500] {processor.py:842} WARNING - No viable dags retrieved from /home/abayturar/airflow-project/venv/lib/python3.12/site-packages/airflow/example_dags/plugins/event_listener.py
[2026-03-28T19:13:53.686+0500] {processor.py:183} INFO - Processing /home/abayturar/airflow-project/venv/lib/python3.12/site-packages/airflow/example_dags/plugins/event_listener.py took 0.022 seconds
[2026-03-28T19:14:40.834+0500] {processor.py:161} INFO - Started process (PID=27135) to work on /home/abayturar/airflow-project/venv/lib/python3.12/site-packages/airflow/example_dags/plugins/event_listener.py
[2026-03-28T19:14:40.835+0500] {processor.py:830} INFO - Processing file /home/abayturar/airflow-project/venv/lib/python3.12/site-packages/airflow/example_dags/plugins/event_listener.py for tasks to queue
[2026-03-28T19:14:40.837+0500] {logging_mixin.py:188} INFO - [2026-03-28T19:14:40.837+0500] {dagbag.py:545} INFO - Filling up the DagBag from /home/abayturar/airflow-project/venv/lib/python3.12/site-packages/airflow/example_dags/plugins/event_listener.py
[2026-03-28T19:14:40.840+0500] {processor.py:842} WARNING - No viable dags retrieved from /home/abayturar/airflow-project/venv/lib/python3.12/site-packages/airflow/example_dags/plugins/event_listener.py
[2026-03-28T19:14:40.851+0500] {processor.py:183} INFO - Processing /home/abayturar/airflow-project/venv/lib/python3.12/site-packages/airflow/example_dags/plugins/event_listener.py took 0.023 seconds
[2026-03-28T19:15:27.118+0500] {processor.py:161} INFO - Started process (PID=27261) to work on /home/abayturar/airflow-project/venv/lib/python3.12/site-packages/airflow/example_dags/plugins/event_listener.py
[2026-03-28T19:15:27.119+0500] {processor.py:830} INFO - Processing file /home/abayturar/airflow-project/venv/lib/python3.12/site-packages/airflow/example_dags/plugins/event_listener.py for tasks to queue
[2026-03-28T19:15:27.121+0500] {logging_mixin.py:188} INFO - [2026-03-28T19:15:27.120+0500] {dagbag.py:545} INFO - Filling up the DagBag from /home/abayturar/airflow-project/venv/lib/python3.12/site-packages/airflow/example_dags/plugins/event_listener.py
[2026-03-28T19:15:27.123+0500] {processor.py:842} WARNING - No viable dags retrieved from /home/abayturar/airflow-project/venv/lib/python3.12/site-packages/airflow/example_dags/plugins/event_listener.py
[2026-03-28T19:15:27.135+0500] {processor.py:183} INFO - Processing /home/abayturar/airflow-project/venv/lib/python3.12/site-packages/airflow/example_dags/plugins/event_listener.py took 0.024 seconds
[2026-03-28T19:16:12.271+0500] {processor.py:161} INFO - Started process (PID=27381) to work on /home/abayturar/airflow-project/venv/lib/python3.12/site-packages/airflow/example_dags/plugins/event_listener.py
[2026-03-28T19:16:12.271+0500] {processor.py:830} INFO - Processing file /home/abayturar/airflow-project/venv/lib/python3.12/site-packages/airflow/example_dags/plugins/event_listener.py for tasks to queue
[2026-03-28T19:16:12.273+0500] {logging_mixin.py:188} INFO - [2026-03-28T19:16:12.273+0500] {dagbag.py:545} INFO - Filling up the DagBag from /home/abayturar/airflow-project/venv/lib/python3.12/site-packages/airflow/example_dags/plugins/event_listener.py
[2026-03-28T19:16:12.275+0500] {processor.py:842} WARNING - No viable dags retrieved from /home/abayturar/airflow-project/venv/lib/python3.12/site-packages/airflow/example_dags/plugins/event_listener.py
[2026-03-28T19:16:12.286+0500] {processor.py:183} INFO - Processing /home/abayturar/airflow-project/venv/lib/python3.12/site-packages/airflow/example_dags/plugins/event_listener.py took 0.022 seconds
[2026-03-28T19:16:59.424+0500] {processor.py:161} INFO - Started process (PID=27505) to work on /home/abayturar/airflow-project/venv/lib/python3.12/site-packages/airflow/example_dags/plugins/event_listener.py
[2026-03-28T19:16:59.425+0500] {processor.py:830} INFO - Processing file /home/abayturar/airflow-project/venv/lib/python3.12/site-packages/airflow/example_dags/plugins/event_listener.py for tasks to queue
[2026-03-28T19:16:59.427+0500] {logging_mixin.py:188} INFO - [2026-03-28T19:16:59.426+0500] {dagbag.py:545} INFO - Filling up the DagBag from /home/abayturar/airflow-project/venv/lib/python3.12/site-packages/airflow/example_dags/plugins/event_listener.py
[2026-03-28T19:16:59.429+0500] {processor.py:842} WARNING - No viable dags retrieved from /home/abayturar/airflow-project/venv/lib/python3.12/site-packages/airflow/example_dags/plugins/event_listener.py
[2026-03-28T19:16:59.441+0500] {processor.py:183} INFO - Processing /home/abayturar/airflow-project/venv/lib/python3.12/site-packages/airflow/example_dags/plugins/event_listener.py took 0.024 seconds
[2026-03-28T19:17:46.091+0500] {processor.py:161} INFO - Started process (PID=27632) to work on /home/abayturar/airflow-project/venv/lib/python3.12/site-packages/airflow/example_dags/plugins/event_listener.py
[2026-03-28T19:17:46.093+0500] {processor.py:830} INFO - Processing file /home/abayturar/airflow-project/venv/lib/python3.12/site-packages/airflow/example_dags/plugins/event_listener.py for tasks to queue
[2026-03-28T19:17:46.095+0500] {logging_mixin.py:188} INFO - [2026-03-28T19:17:46.094+0500] {dagbag.py:545} INFO - Filling up the DagBag from /home/abayturar/airflow-project/venv/lib/python3.12/site-packages/airflow/example_dags/plugins/event_listener.py
[2026-03-28T19:17:46.097+0500] {processor.py:842} WARNING - No viable dags retrieved from /home/abayturar/airflow-project/venv/lib/python3.12/site-packages/airflow/example_dags/plugins/event_listener.py
[2026-03-28T19:17:46.111+0500] {processor.py:183} INFO - Processing /home/abayturar/airflow-project/venv/lib/python3.12/site-packages/airflow/example_dags/plugins/event_listener.py took 0.027 seconds
[2026-03-28T19:18:28.993+0500] {processor.py:161} INFO - Started process (PID=27750) to work on /home/abayturar/airflow-project/venv/lib/python3.12/site-packages/airflow/example_dags/plugins/event_listener.py
[2026-03-28T19:18:28.994+0500] {processor.py:830} INFO - Processing file /home/abayturar/airflow-project/venv/lib/python3.12/site-packages/airflow/example_dags/plugins/event_listener.py for tasks to queue
[2026-03-28T19:18:28.996+0500] {logging_mixin.py:188} INFO - [2026-03-28T19:18:28.995+0500] {dagbag.py:545} INFO - Filling up the DagBag from /home/abayturar/airflow-project/venv/lib/python3.12/site-packages/airflow/example_dags/plugins/event_listener.py
[2026-03-28T19:18:28.998+0500] {processor.py:842} WARNING - No viable dags retrieved from /home/abayturar/airflow-project/venv/lib/python3.12/site-packages/airflow/example_dags/plugins/event_listener.py
[2026-03-28T19:18:29.009+0500] {processor.py:183} INFO - Processing /home/abayturar/airflow-project/venv/lib/python3.12/site-packages/airflow/example_dags/plugins/event_listener.py took 0.021 seconds
[2026-03-28T19:19:14.173+0500] {processor.py:161} INFO - Started process (PID=27870) to work on /home/abayturar/airflow-project/venv/lib/python3.12/site-packages/airflow/example_dags/plugins/event_listener.py
[2026-03-28T19:19:14.174+0500] {processor.py:830} INFO - Processing file /home/abayturar/airflow-project/venv/lib/python3.12/site-packages/airflow/example_dags/plugins/event_listener.py for tasks to queue
[2026-03-28T19:19:14.176+0500] {logging_mixin.py:188} INFO - [2026-03-28T19:19:14.176+0500] {dagbag.py:545} INFO - Filling up the DagBag from /home/abayturar/airflow-project/venv/lib/python3.12/site-packages/airflow/example_dags/plugins/event_listener.py
[2026-03-28T19:19:14.178+0500] {processor.py:842} WARNING - No viable dags retrieved from /home/abayturar/airflow-project/venv/lib/python3.12/site-packages/airflow/example_dags/plugins/event_listener.py
[2026-03-28T19:19:14.189+0500] {processor.py:183} INFO - Processing /home/abayturar/airflow-project/venv/lib/python3.12/site-packages/airflow/example_dags/plugins/event_listener.py took 0.023 seconds
[2026-03-28T19:20:01.861+0500] {processor.py:161} INFO - Started process (PID=28000) to work on /home/abayturar/airflow-project/venv/lib/python3.12/site-packages/airflow/example_dags/plugins/event_listener.py
[2026-03-28T19:20:01.862+0500] {processor.py:830} INFO - Processing file /home/abayturar/airflow-project/venv/lib/python3.12/site-packages/airflow/example_dags/plugins/event_listener.py for tasks to queue
[2026-03-28T19:20:01.863+0500] {logging_mixin.py:188} INFO - [2026-03-28T19:20:01.863+0500] {dagbag.py:545} INFO - Filling up the DagBag from /home/abayturar/airflow-project/venv/lib/python3.12/site-packages/airflow/example_dags/plugins/event_listener.py
[2026-03-28T19:20:01.866+0500] {processor.py:842} WARNING - No viable dags retrieved from /home/abayturar/airflow-project/venv/lib/python3.12/site-packages/airflow/example_dags/plugins/event_listener.py
[2026-03-28T19:20:01.877+0500] {processor.py:183} INFO - Processing /home/abayturar/airflow-project/venv/lib/python3.12/site-packages/airflow/example_dags/plugins/event_listener.py took 0.022 seconds
[2026-03-28T19:20:48.358+0500] {processor.py:161} INFO - Started process (PID=28127) to work on /home/abayturar/airflow-project/venv/lib/python3.12/site-packages/airflow/example_dags/plugins/event_listener.py
[2026-03-28T19:20:48.359+0500] {processor.py:830} INFO - Processing file /home/abayturar/airflow-project/venv/lib/python3.12/site-packages/airflow/example_dags/plugins/event_listener.py for tasks to queue
[2026-03-28T19:20:48.361+0500] {logging_mixin.py:188} INFO - [2026-03-28T19:20:48.361+0500] {dagbag.py:545} INFO - Filling up the DagBag from /home/abayturar/airflow-project/venv/lib/python3.12/site-packages/airflow/example_dags/plugins/event_listener.py
[2026-03-28T19:20:48.363+0500] {processor.py:842} WARNING - No viable dags retrieved from /home/abayturar/airflow-project/venv/lib/python3.12/site-packages/airflow/example_dags/plugins/event_listener.py
[2026-03-28T19:20:48.375+0500] {processor.py:183} INFO - Processing /home/abayturar/airflow-project/venv/lib/python3.12/site-packages/airflow/example_dags/plugins/event_listener.py took 0.022 seconds
[2026-03-28T19:21:33.199+0500] {processor.py:161} INFO - Started process (PID=28280) to work on /home/abayturar/airflow-project/venv/lib/python3.12/site-packages/airflow/example_dags/plugins/event_listener.py
[2026-03-28T19:21:33.200+0500] {processor.py:830} INFO - Processing file /home/abayturar/airflow-project/venv/lib/python3.12/site-packages/airflow/example_dags/plugins/event_listener.py for tasks to queue
[2026-03-28T19:21:33.202+0500] {logging_mixin.py:188} INFO - [2026-03-28T19:21:33.202+0500] {dagbag.py:545} INFO - Filling up the DagBag from /home/abayturar/airflow-project/venv/lib/python3.12/site-packages/airflow/example_dags/plugins/event_listener.py
[2026-03-28T19:21:33.205+0500] {processor.py:842} WARNING - No viable dags retrieved from /home/abayturar/airflow-project/venv/lib/python3.12/site-packages/airflow/example_dags/plugins/event_listener.py
[2026-03-28T19:21:33.220+0500] {processor.py:183} INFO - Processing /home/abayturar/airflow-project/venv/lib/python3.12/site-packages/airflow/example_dags/plugins/event_listener.py took 0.030 seconds
[2026-03-28T19:22:16.577+0500] {processor.py:161} INFO - Started process (PID=28403) to work on /home/abayturar/airflow-project/venv/lib/python3.12/site-packages/airflow/example_dags/plugins/event_listener.py
[2026-03-28T19:22:16.577+0500] {processor.py:830} INFO - Processing file /home/abayturar/airflow-project/venv/lib/python3.12/site-packages/airflow/example_dags/plugins/event_listener.py for tasks to queue
[2026-03-28T19:22:16.579+0500] {logging_mixin.py:188} INFO - [2026-03-28T19:22:16.579+0500] {dagbag.py:545} INFO - Filling up the DagBag from /home/abayturar/airflow-project/venv/lib/python3.12/site-packages/airflow/example_dags/plugins/event_listener.py
[2026-03-28T19:22:16.581+0500] {processor.py:842} WARNING - No viable dags retrieved from /home/abayturar/airflow-project/venv/lib/python3.12/site-packages/airflow/example_dags/plugins/event_listener.py
[2026-03-28T19:22:16.592+0500] {processor.py:183} INFO - Processing /home/abayturar/airflow-project/venv/lib/python3.12/site-packages/airflow/example_dags/plugins/event_listener.py took 0.022 seconds
[2026-03-28T19:23:00.582+0500] {processor.py:161} INFO - Started process (PID=28521) to work on /home/abayturar/airflow-project/venv/lib/python3.12/site-packages/airflow/example_dags/plugins/event_listener.py
[2026-03-28T19:23:00.583+0500] {processor.py:830} INFO - Processing file /home/abayturar/airflow-project/venv/lib/python3.12/site-packages/airflow/example_dags/plugins/event_listener.py for tasks to queue
[2026-03-28T19:23:00.585+0500] {logging_mixin.py:188} INFO - [2026-03-28T19:23:00.585+0500] {dagbag.py:545} INFO - Filling up the DagBag from /home/abayturar/airflow-project/venv/lib/python3.12/site-packages/airflow/example_dags/plugins/event_listener.py
[2026-03-28T19:23:00.589+0500] {processor.py:842} WARNING - No viable dags retrieved from /home/abayturar/airflow-project/venv/lib/python3.12/site-packages/airflow/example_dags/plugins/event_listener.py
[2026-03-28T19:23:00.603+0500] {processor.py:183} INFO - Processing /home/abayturar/airflow-project/venv/lib/python3.12/site-packages/airflow/example_dags/plugins/event_listener.py took 0.030 seconds
[2026-03-28T19:23:46.651+0500] {processor.py:161} INFO - Started process (PID=28645) to work on /home/abayturar/airflow-project/venv/lib/python3.12/site-packages/airflow/example_dags/plugins/event_listener.py
[2026-03-28T19:23:46.652+0500] {processor.py:830} INFO - Processing file /home/abayturar/airflow-project/venv/lib/python3.12/site-packages/airflow/example_dags/plugins/event_listener.py for tasks to queue
[2026-03-28T19:23:46.653+0500] {logging_mixin.py:188} INFO - [2026-03-28T19:23:46.653+0500] {dagbag.py:545} INFO - Filling up the DagBag from /home/abayturar/airflow-project/venv/lib/python3.12/site-packages/airflow/example_dags/plugins/event_listener.py
[2026-03-28T19:23:46.656+0500] {processor.py:842} WARNING - No viable dags retrieved from /home/abayturar/airflow-project/venv/lib/python3.12/site-packages/airflow/example_dags/plugins/event_listener.py
[2026-03-28T19:23:46.667+0500] {processor.py:183} INFO - Processing /home/abayturar/airflow-project/venv/lib/python3.12/site-packages/airflow/example_dags/plugins/event_listener.py took 0.022 seconds
[2026-03-28T19:24:33.635+0500] {processor.py:161} INFO - Started process (PID=28771) to work on /home/abayturar/airflow-project/venv/lib/python3.12/site-packages/airflow/example_dags/plugins/event_listener.py
[2026-03-28T19:24:33.636+0500] {processor.py:830} INFO - Processing file /home/abayturar/airflow-project/venv/lib/python3.12/site-packages/airflow/example_dags/plugins/event_listener.py for tasks to queue
[2026-03-28T19:24:33.638+0500] {logging_mixin.py:188} INFO - [2026-03-28T19:24:33.638+0500] {dagbag.py:545} INFO - Filling up the DagBag from /home/abayturar/airflow-project/venv/lib/python3.12/site-packages/airflow/example_dags/plugins/event_listener.py
[2026-03-28T19:24:33.641+0500] {processor.py:842} WARNING - No viable dags retrieved from /home/abayturar/airflow-project/venv/lib/python3.12/site-packages/airflow/example_dags/plugins/event_listener.py
[2026-03-28T19:24:33.653+0500] {processor.py:183} INFO - Processing /home/abayturar/airflow-project/venv/lib/python3.12/site-packages/airflow/example_dags/plugins/event_listener.py took 0.025 seconds
[2026-03-28T19:25:19.388+0500] {processor.py:161} INFO - Started process (PID=28894) to work on /home/abayturar/airflow-project/venv/lib/python3.12/site-packages/airflow/example_dags/plugins/event_listener.py
[2026-03-28T19:25:19.388+0500] {processor.py:830} INFO - Processing file /home/abayturar/airflow-project/venv/lib/python3.12/site-packages/airflow/example_dags/plugins/event_listener.py for tasks to queue
[2026-03-28T19:25:19.390+0500] {logging_mixin.py:188} INFO - [2026-03-28T19:25:19.390+0500] {dagbag.py:545} INFO - Filling up the DagBag from /home/abayturar/airflow-project/venv/lib/python3.12/site-packages/airflow/example_dags/plugins/event_listener.py
[2026-03-28T19:25:19.392+0500] {processor.py:842} WARNING - No viable dags retrieved from /home/abayturar/airflow-project/venv/lib/python3.12/site-packages/airflow/example_dags/plugins/event_listener.py
[2026-03-28T19:25:19.404+0500] {processor.py:183} INFO - Processing /home/abayturar/airflow-project/venv/lib/python3.12/site-packages/airflow/example_dags/plugins/event_listener.py took 0.022 seconds
[2026-03-28T19:26:05.501+0500] {processor.py:161} INFO - Started process (PID=29021) to work on /home/abayturar/airflow-project/venv/lib/python3.12/site-packages/airflow/example_dags/plugins/event_listener.py
[2026-03-28T19:26:05.502+0500] {processor.py:830} INFO - Processing file /home/abayturar/airflow-project/venv/lib/python3.12/site-packages/airflow/example_dags/plugins/event_listener.py for tasks to queue
[2026-03-28T19:26:05.503+0500] {logging_mixin.py:188} INFO - [2026-03-28T19:26:05.503+0500] {dagbag.py:545} INFO - Filling up the DagBag from /home/abayturar/airflow-project/venv/lib/python3.12/site-packages/airflow/example_dags/plugins/event_listener.py
[2026-03-28T19:26:05.506+0500] {processor.py:842} WARNING - No viable dags retrieved from /home/abayturar/airflow-project/venv/lib/python3.12/site-packages/airflow/example_dags/plugins/event_listener.py
[2026-03-28T19:26:05.517+0500] {processor.py:183} INFO - Processing /home/abayturar/airflow-project/venv/lib/python3.12/site-packages/airflow/example_dags/plugins/event_listener.py took 0.022 seconds
[2026-03-28T19:26:51.671+0500] {processor.py:161} INFO - Started process (PID=29144) to work on /home/abayturar/airflow-project/venv/lib/python3.12/site-packages/airflow/example_dags/plugins/event_listener.py
[2026-03-28T19:26:51.672+0500] {processor.py:830} INFO - Processing file /home/abayturar/airflow-project/venv/lib/python3.12/site-packages/airflow/example_dags/plugins/event_listener.py for tasks to queue
[2026-03-28T19:26:51.674+0500] {logging_mixin.py:188} INFO - [2026-03-28T19:26:51.674+0500] {dagbag.py:545} INFO - Filling up the DagBag from /home/abayturar/airflow-project/venv/lib/python3.12/site-packages/airflow/example_dags/plugins/event_listener.py
[2026-03-28T19:26:51.677+0500] {processor.py:842} WARNING - No viable dags retrieved from /home/abayturar/airflow-project/venv/lib/python3.12/site-packages/airflow/example_dags/plugins/event_listener.py
[2026-03-28T19:26:51.690+0500] {processor.py:183} INFO - Processing /home/abayturar/airflow-project/venv/lib/python3.12/site-packages/airflow/example_dags/plugins/event_listener.py took 0.027 seconds
[2026-03-28T19:27:40.141+0500] {processor.py:161} INFO - Started process (PID=29275) to work on /home/abayturar/airflow-project/venv/lib/python3.12/site-packages/airflow/example_dags/plugins/event_listener.py
[2026-03-28T19:27:40.142+0500] {processor.py:830} INFO - Processing file /home/abayturar/airflow-project/venv/lib/python3.12/site-packages/airflow/example_dags/plugins/event_listener.py for tasks to queue
[2026-03-28T19:27:40.143+0500] {logging_mixin.py:188} INFO - [2026-03-28T19:27:40.143+0500] {dagbag.py:545} INFO - Filling up the DagBag from /home/abayturar/airflow-project/venv/lib/python3.12/site-packages/airflow/example_dags/plugins/event_listener.py
[2026-03-28T19:27:40.146+0500] {processor.py:842} WARNING - No viable dags retrieved from /home/abayturar/airflow-project/venv/lib/python3.12/site-packages/airflow/example_dags/plugins/event_listener.py
[2026-03-28T19:27:40.159+0500] {processor.py:183} INFO - Processing /home/abayturar/airflow-project/venv/lib/python3.12/site-packages/airflow/example_dags/plugins/event_listener.py took 0.026 seconds
[2026-03-28T19:28:27.527+0500] {processor.py:161} INFO - Started process (PID=29402) to work on /home/abayturar/airflow-project/venv/lib/python3.12/site-packages/airflow/example_dags/plugins/event_listener.py
[2026-03-28T19:28:27.527+0500] {processor.py:830} INFO - Processing file /home/abayturar/airflow-project/venv/lib/python3.12/site-packages/airflow/example_dags/plugins/event_listener.py for tasks to queue
[2026-03-28T19:28:27.529+0500] {logging_mixin.py:188} INFO - [2026-03-28T19:28:27.529+0500] {dagbag.py:545} INFO - Filling up the DagBag from /home/abayturar/airflow-project/venv/lib/python3.12/site-packages/airflow/example_dags/plugins/event_listener.py
[2026-03-28T19:28:27.532+0500] {processor.py:842} WARNING - No viable dags retrieved from /home/abayturar/airflow-project/venv/lib/python3.12/site-packages/airflow/example_dags/plugins/event_listener.py
[2026-03-28T19:28:27.544+0500] {processor.py:183} INFO - Processing /home/abayturar/airflow-project/venv/lib/python3.12/site-packages/airflow/example_dags/plugins/event_listener.py took 0.023 seconds
[2026-03-28T19:29:17.738+0500] {processor.py:161} INFO - Started process (PID=29601) to work on /home/abayturar/airflow-project/venv/lib/python3.12/site-packages/airflow/example_dags/plugins/event_listener.py
[2026-03-28T19:29:17.739+0500] {processor.py:830} INFO - Processing file /home/abayturar/airflow-project/venv/lib/python3.12/site-packages/airflow/example_dags/plugins/event_listener.py for tasks to queue
[2026-03-28T19:29:17.741+0500] {logging_mixin.py:188} INFO - [2026-03-28T19:29:17.740+0500] {dagbag.py:545} INFO - Filling up the DagBag from /home/abayturar/airflow-project/venv/lib/python3.12/site-packages/airflow/example_dags/plugins/event_listener.py
[2026-03-28T19:29:17.743+0500] {processor.py:842} WARNING - No viable dags retrieved from /home/abayturar/airflow-project/venv/lib/python3.12/site-packages/airflow/example_dags/plugins/event_listener.py
[2026-03-28T19:29:17.756+0500] {processor.py:183} INFO - Processing /home/abayturar/airflow-project/venv/lib/python3.12/site-packages/airflow/example_dags/plugins/event_listener.py took 0.027 seconds
[2026-03-28T19:30:02.062+0500] {processor.py:161} INFO - Started process (PID=29725) to work on /home/abayturar/airflow-project/venv/lib/python3.12/site-packages/airflow/example_dags/plugins/event_listener.py
[2026-03-28T19:30:02.063+0500] {processor.py:830} INFO - Processing file /home/abayturar/airflow-project/venv/lib/python3.12/site-packages/airflow/example_dags/plugins/event_listener.py for tasks to queue
[2026-03-28T19:30:02.065+0500] {logging_mixin.py:188} INFO - [2026-03-28T19:30:02.065+0500] {dagbag.py:545} INFO - Filling up the DagBag from /home/abayturar/airflow-project/venv/lib/python3.12/site-packages/airflow/example_dags/plugins/event_listener.py
[2026-03-28T19:30:02.068+0500] {processor.py:842} WARNING - No viable dags retrieved from /home/abayturar/airflow-project/venv/lib/python3.12/site-packages/airflow/example_dags/plugins/event_listener.py
[2026-03-28T19:30:02.082+0500] {processor.py:183} INFO - Processing /home/abayturar/airflow-project/venv/lib/python3.12/site-packages/airflow/example_dags/plugins/event_listener.py took 0.026 seconds
[2026-03-28T19:30:37.710+0500] {processor.py:161} INFO - Started process (PID=29840) to work on /home/abayturar/airflow-project/venv/lib/python3.12/site-packages/airflow/example_dags/plugins/event_listener.py
[2026-03-28T19:30:37.711+0500] {processor.py:830} INFO - Processing file /home/abayturar/airflow-project/venv/lib/python3.12/site-packages/airflow/example_dags/plugins/event_listener.py for tasks to queue
[2026-03-28T19:30:37.713+0500] {logging_mixin.py:188} INFO - [2026-03-28T19:30:37.712+0500] {dagbag.py:545} INFO - Filling up the DagBag from /home/abayturar/airflow-project/venv/lib/python3.12/site-packages/airflow/example_dags/plugins/event_listener.py
[2026-03-28T19:30:37.715+0500] {processor.py:842} WARNING - No viable dags retrieved from /home/abayturar/airflow-project/venv/lib/python3.12/site-packages/airflow/example_dags/plugins/event_listener.py
[2026-03-28T19:30:37.728+0500] {processor.py:183} INFO - Processing /home/abayturar/airflow-project/venv/lib/python3.12/site-packages/airflow/example_dags/plugins/event_listener.py took 0.025 seconds
[2026-03-28T19:31:25.497+0500] {processor.py:161} INFO - Started process (PID=29982) to work on /home/abayturar/airflow-project/venv/lib/python3.12/site-packages/airflow/example_dags/plugins/event_listener.py
[2026-03-28T19:31:25.498+0500] {processor.py:830} INFO - Processing file /home/abayturar/airflow-project/venv/lib/python3.12/site-packages/airflow/example_dags/plugins/event_listener.py for tasks to queue
[2026-03-28T19:31:25.500+0500] {logging_mixin.py:188} INFO - [2026-03-28T19:31:25.500+0500] {dagbag.py:545} INFO - Filling up the DagBag from /home/abayturar/airflow-project/venv/lib/python3.12/site-packages/airflow/example_dags/plugins/event_listener.py
[2026-03-28T19:31:25.503+0500] {processor.py:842} WARNING - No viable dags retrieved from /home/abayturar/airflow-project/venv/lib/python3.12/site-packages/airflow/example_dags/plugins/event_listener.py
[2026-03-28T19:31:25.516+0500] {processor.py:183} INFO - Processing /home/abayturar/airflow-project/venv/lib/python3.12/site-packages/airflow/example_dags/plugins/event_listener.py took 0.026 seconds
[2026-03-28T19:32:00.181+0500] {processor.py:161} INFO - Started process (PID=30081) to work on /home/abayturar/airflow-project/venv/lib/python3.12/site-packages/airflow/example_dags/plugins/event_listener.py
[2026-03-28T19:32:00.182+0500] {processor.py:830} INFO - Processing file /home/abayturar/airflow-project/venv/lib/python3.12/site-packages/airflow/example_dags/plugins/event_listener.py for tasks to queue
[2026-03-28T19:32:00.184+0500] {logging_mixin.py:188} INFO - [2026-03-28T19:32:00.183+0500] {dagbag.py:545} INFO - Filling up the DagBag from /home/abayturar/airflow-project/venv/lib/python3.12/site-packages/airflow/example_dags/plugins/event_listener.py
[2026-03-28T19:32:00.187+0500] {processor.py:842} WARNING - No viable dags retrieved from /home/abayturar/airflow-project/venv/lib/python3.12/site-packages/airflow/example_dags/plugins/event_listener.py
[2026-03-28T19:32:00.201+0500] {processor.py:183} INFO - Processing /home/abayturar/airflow-project/venv/lib/python3.12/site-packages/airflow/example_dags/plugins/event_listener.py took 0.028 seconds
[2026-03-28T19:32:35.967+0500] {processor.py:161} INFO - Started process (PID=30182) to work on /home/abayturar/airflow-project/venv/lib/python3.12/site-packages/airflow/example_dags/plugins/event_listener.py
[2026-03-28T19:32:35.969+0500] {processor.py:830} INFO - Processing file /home/abayturar/airflow-project/venv/lib/python3.12/site-packages/airflow/example_dags/plugins/event_listener.py for tasks to queue
[2026-03-28T19:32:35.971+0500] {logging_mixin.py:188} INFO - [2026-03-28T19:32:35.970+0500] {dagbag.py:545} INFO - Filling up the DagBag from /home/abayturar/airflow-project/venv/lib/python3.12/site-packages/airflow/example_dags/plugins/event_listener.py
[2026-03-28T19:32:35.973+0500] {processor.py:842} WARNING - No viable dags retrieved from /home/abayturar/airflow-project/venv/lib/python3.12/site-packages/airflow/example_dags/plugins/event_listener.py
[2026-03-28T19:32:35.985+0500] {processor.py:183} INFO - Processing /home/abayturar/airflow-project/venv/lib/python3.12/site-packages/airflow/example_dags/plugins/event_listener.py took 0.026 seconds
[2026-03-28T19:33:10.441+0500] {processor.py:161} INFO - Started process (PID=30281) to work on /home/abayturar/airflow-project/venv/lib/python3.12/site-packages/airflow/example_dags/plugins/event_listener.py
[2026-03-28T19:33:10.442+0500] {processor.py:830} INFO - Processing file /home/abayturar/airflow-project/venv/lib/python3.12/site-packages/airflow/example_dags/plugins/event_listener.py for tasks to queue
[2026-03-28T19:33:10.444+0500] {logging_mixin.py:188} INFO - [2026-03-28T19:33:10.443+0500] {dagbag.py:545} INFO - Filling up the DagBag from /home/abayturar/airflow-project/venv/lib/python3.12/site-packages/airflow/example_dags/plugins/event_listener.py
[2026-03-28T19:33:10.446+0500] {processor.py:842} WARNING - No viable dags retrieved from /home/abayturar/airflow-project/venv/lib/python3.12/site-packages/airflow/example_dags/plugins/event_listener.py
[2026-03-28T19:33:10.459+0500] {processor.py:183} INFO - Processing /home/abayturar/airflow-project/venv/lib/python3.12/site-packages/airflow/example_dags/plugins/event_listener.py took 0.024 seconds
[2026-03-28T19:33:44.223+0500] {processor.py:161} INFO - Started process (PID=30381) to work on /home/abayturar/airflow-project/venv/lib/python3.12/site-packages/airflow/example_dags/plugins/event_listener.py
[2026-03-28T19:33:44.224+0500] {processor.py:830} INFO - Processing file /home/abayturar/airflow-project/venv/lib/python3.12/site-packages/airflow/example_dags/plugins/event_listener.py for tasks to queue
[2026-03-28T19:33:44.226+0500] {logging_mixin.py:188} INFO - [2026-03-28T19:33:44.226+0500] {dagbag.py:545} INFO - Filling up the DagBag from /home/abayturar/airflow-project/venv/lib/python3.12/site-packages/airflow/example_dags/plugins/event_listener.py
[2026-03-28T19:33:44.229+0500] {processor.py:842} WARNING - No viable dags retrieved from /home/abayturar/airflow-project/venv/lib/python3.12/site-packages/airflow/example_dags/plugins/event_listener.py
[2026-03-28T19:33:44.240+0500] {processor.py:183} INFO - Processing /home/abayturar/airflow-project/venv/lib/python3.12/site-packages/airflow/example_dags/plugins/event_listener.py took 0.024 seconds
[2026-03-28T19:35:07.157+0500] {processor.py:161} INFO - Started process (PID=30545) to work on /home/abayturar/airflow-project/venv/lib/python3.12/site-packages/airflow/example_dags/plugins/event_listener.py
[2026-03-28T19:35:07.158+0500] {processor.py:830} INFO - Processing file /home/abayturar/airflow-project/venv/lib/python3.12/site-packages/airflow/example_dags/plugins/event_listener.py for tasks to queue
[2026-03-28T19:35:07.160+0500] {logging_mixin.py:188} INFO - [2026-03-28T19:35:07.160+0500] {dagbag.py:545} INFO - Filling up the DagBag from /home/abayturar/airflow-project/venv/lib/python3.12/site-packages/airflow/example_dags/plugins/event_listener.py
[2026-03-28T19:35:07.164+0500] {processor.py:842} WARNING - No viable dags retrieved from /home/abayturar/airflow-project/venv/lib/python3.12/site-packages/airflow/example_dags/plugins/event_listener.py
[2026-03-28T19:35:07.177+0500] {processor.py:183} INFO - Processing /home/abayturar/airflow-project/venv/lib/python3.12/site-packages/airflow/example_dags/plugins/event_listener.py took 0.025 seconds
[2026-03-28T19:36:09.119+0500] {processor.py:161} INFO - Started process (PID=30765) to work on /home/abayturar/airflow-project/venv/lib/python3.12/site-packages/airflow/example_dags/plugins/event_listener.py
[2026-03-28T19:36:09.120+0500] {processor.py:830} INFO - Processing file /home/abayturar/airflow-project/venv/lib/python3.12/site-packages/airflow/example_dags/plugins/event_listener.py for tasks to queue
[2026-03-28T19:36:09.122+0500] {logging_mixin.py:188} INFO - [2026-03-28T19:36:09.122+0500] {dagbag.py:545} INFO - Filling up the DagBag from /home/abayturar/airflow-project/venv/lib/python3.12/site-packages/airflow/example_dags/plugins/event_listener.py
[2026-03-28T19:36:09.125+0500] {processor.py:842} WARNING - No viable dags retrieved from /home/abayturar/airflow-project/venv/lib/python3.12/site-packages/airflow/example_dags/plugins/event_listener.py
[2026-03-28T19:36:09.137+0500] {processor.py:183} INFO - Processing /home/abayturar/airflow-project/venv/lib/python3.12/site-packages/airflow/example_dags/plugins/event_listener.py took 0.024 seconds
[2026-03-28T19:37:02.153+0500] {processor.py:161} INFO - Started process (PID=30909) to work on /home/abayturar/airflow-project/venv/lib/python3.12/site-packages/airflow/example_dags/plugins/event_listener.py
[2026-03-28T19:37:02.154+0500] {processor.py:830} INFO - Processing file /home/abayturar/airflow-project/venv/lib/python3.12/site-packages/airflow/example_dags/plugins/event_listener.py for tasks to queue
[2026-03-28T19:37:02.156+0500] {logging_mixin.py:188} INFO - [2026-03-28T19:37:02.155+0500] {dagbag.py:545} INFO - Filling up the DagBag from /home/abayturar/airflow-project/venv/lib/python3.12/site-packages/airflow/example_dags/plugins/event_listener.py
[2026-03-28T19:37:02.158+0500] {processor.py:842} WARNING - No viable dags retrieved from /home/abayturar/airflow-project/venv/lib/python3.12/site-packages/airflow/example_dags/plugins/event_listener.py
[2026-03-28T19:37:02.170+0500] {processor.py:183} INFO - Processing /home/abayturar/airflow-project/venv/lib/python3.12/site-packages/airflow/example_dags/plugins/event_listener.py took 0.023 seconds
[2026-03-28T19:37:49.074+0500] {processor.py:161} INFO - Started process (PID=31036) to work on /home/abayturar/airflow-project/venv/lib/python3.12/site-packages/airflow/example_dags/plugins/event_listener.py
[2026-03-28T19:37:49.075+0500] {processor.py:830} INFO - Processing file /home/abayturar/airflow-project/venv/lib/python3.12/site-packages/airflow/example_dags/plugins/event_listener.py for tasks to queue
[2026-03-28T19:37:49.077+0500] {logging_mixin.py:188} INFO - [2026-03-28T19:37:49.077+0500] {dagbag.py:545} INFO - Filling up the DagBag from /home/abayturar/airflow-project/venv/lib/python3.12/site-packages/airflow/example_dags/plugins/event_listener.py
[2026-03-28T19:37:49.080+0500] {processor.py:842} WARNING - No viable dags retrieved from /home/abayturar/airflow-project/venv/lib/python3.12/site-packages/airflow/example_dags/plugins/event_listener.py
[2026-03-28T19:37:49.094+0500] {processor.py:183} INFO - Processing /home/abayturar/airflow-project/venv/lib/python3.12/site-packages/airflow/example_dags/plugins/event_listener.py took 0.028 seconds
[2026-03-28T19:38:34.361+0500] {processor.py:161} INFO - Started process (PID=31161) to work on /home/abayturar/airflow-project/venv/lib/python3.12/site-packages/airflow/example_dags/plugins/event_listener.py
[2026-03-28T19:38:34.362+0500] {processor.py:830} INFO - Processing file /home/abayturar/airflow-project/venv/lib/python3.12/site-packages/airflow/example_dags/plugins/event_listener.py for tasks to queue
[2026-03-28T19:38:34.364+0500] {logging_mixin.py:188} INFO - [2026-03-28T19:38:34.364+0500] {dagbag.py:545} INFO - Filling up the DagBag from /home/abayturar/airflow-project/venv/lib/python3.12/site-packages/airflow/example_dags/plugins/event_listener.py
[2026-03-28T19:38:34.366+0500] {processor.py:842} WARNING - No viable dags retrieved from /home/abayturar/airflow-project/venv/lib/python3.12/site-packages/airflow/example_dags/plugins/event_listener.py
[2026-03-28T19:38:34.377+0500] {processor.py:183} INFO - Processing /home/abayturar/airflow-project/venv/lib/python3.12/site-packages/airflow/example_dags/plugins/event_listener.py took 0.022 seconds
[2026-03-28T19:39:17.988+0500] {processor.py:161} INFO - Started process (PID=31279) to work on /home/abayturar/airflow-project/venv/lib/python3.12/site-packages/airflow/example_dags/plugins/event_listener.py
[2026-03-28T19:39:17.989+0500] {processor.py:830} INFO - Processing file /home/abayturar/airflow-project/venv/lib/python3.12/site-packages/airflow/example_dags/plugins/event_listener.py for tasks to queue
[2026-03-28T19:39:17.991+0500] {logging_mixin.py:188} INFO - [2026-03-28T19:39:17.990+0500] {dagbag.py:545} INFO - Filling up the DagBag from /home/abayturar/airflow-project/venv/lib/python3.12/site-packages/airflow/example_dags/plugins/event_listener.py
[2026-03-28T19:39:17.993+0500] {processor.py:842} WARNING - No viable dags retrieved from /home/abayturar/airflow-project/venv/lib/python3.12/site-packages/airflow/example_dags/plugins/event_listener.py
[2026-03-28T19:39:18.004+0500] {processor.py:183} INFO - Processing /home/abayturar/airflow-project/venv/lib/python3.12/site-packages/airflow/example_dags/plugins/event_listener.py took 0.021 seconds
[2026-03-28T19:40:02.862+0500] {processor.py:161} INFO - Started process (PID=31403) to work on /home/abayturar/airflow-project/venv/lib/python3.12/site-packages/airflow/example_dags/plugins/event_listener.py
[2026-03-28T19:40:02.863+0500] {processor.py:830} INFO - Processing file /home/abayturar/airflow-project/venv/lib/python3.12/site-packages/airflow/example_dags/plugins/event_listener.py for tasks to queue
[2026-03-28T19:40:02.865+0500] {logging_mixin.py:188} INFO - [2026-03-28T19:40:02.864+0500] {dagbag.py:545} INFO - Filling up the DagBag from /home/abayturar/airflow-project/venv/lib/python3.12/site-packages/airflow/example_dags/plugins/event_listener.py
[2026-03-28T19:40:02.867+0500] {processor.py:842} WARNING - No viable dags retrieved from /home/abayturar/airflow-project/venv/lib/python3.12/site-packages/airflow/example_dags/plugins/event_listener.py
[2026-03-28T19:40:02.879+0500] {processor.py:183} INFO - Processing /home/abayturar/airflow-project/venv/lib/python3.12/site-packages/airflow/example_dags/plugins/event_listener.py took 0.023 seconds
[2026-03-28T19:40:49.562+0500] {processor.py:161} INFO - Started process (PID=31526) to work on /home/abayturar/airflow-project/venv/lib/python3.12/site-packages/airflow/example_dags/plugins/event_listener.py
[2026-03-28T19:40:49.563+0500] {processor.py:830} INFO - Processing file /home/abayturar/airflow-project/venv/lib/python3.12/site-packages/airflow/example_dags/plugins/event_listener.py for tasks to queue
[2026-03-28T19:40:49.565+0500] {logging_mixin.py:188} INFO - [2026-03-28T19:40:49.564+0500] {dagbag.py:545} INFO - Filling up the DagBag from /home/abayturar/airflow-project/venv/lib/python3.12/site-packages/airflow/example_dags/plugins/event_listener.py
[2026-03-28T19:40:49.567+0500] {processor.py:842} WARNING - No viable dags retrieved from /home/abayturar/airflow-project/venv/lib/python3.12/site-packages/airflow/example_dags/plugins/event_listener.py
[2026-03-28T19:40:49.578+0500] {processor.py:183} INFO - Processing /home/abayturar/airflow-project/venv/lib/python3.12/site-packages/airflow/example_dags/plugins/event_listener.py took 0.021 seconds
[2026-03-28T19:41:33.397+0500] {processor.py:161} INFO - Started process (PID=31646) to work on /home/abayturar/airflow-project/venv/lib/python3.12/site-packages/airflow/example_dags/plugins/event_listener.py
[2026-03-28T19:41:33.398+0500] {processor.py:830} INFO - Processing file /home/abayturar/airflow-project/venv/lib/python3.12/site-packages/airflow/example_dags/plugins/event_listener.py for tasks to queue
[2026-03-28T19:41:33.400+0500] {logging_mixin.py:188} INFO - [2026-03-28T19:41:33.399+0500] {dagbag.py:545} INFO - Filling up the DagBag from /home/abayturar/airflow-project/venv/lib/python3.12/site-packages/airflow/example_dags/plugins/event_listener.py
[2026-03-28T19:41:33.402+0500] {processor.py:842} WARNING - No viable dags retrieved from /home/abayturar/airflow-project/venv/lib/python3.12/site-packages/airflow/example_dags/plugins/event_listener.py
[2026-03-28T19:41:33.414+0500] {processor.py:183} INFO - Processing /home/abayturar/airflow-project/venv/lib/python3.12/site-packages/airflow/example_dags/plugins/event_listener.py took 0.022 seconds
[2026-03-28T19:42:20.870+0500] {processor.py:161} INFO - Started process (PID=31774) to work on /home/abayturar/airflow-project/venv/lib/python3.12/site-packages/airflow/example_dags/plugins/event_listener.py
[2026-03-28T19:42:20.871+0500] {processor.py:830} INFO - Processing file /home/abayturar/airflow-project/venv/lib/python3.12/site-packages/airflow/example_dags/plugins/event_listener.py for tasks to queue
[2026-03-28T19:42:20.873+0500] {logging_mixin.py:188} INFO - [2026-03-28T19:42:20.872+0500] {dagbag.py:545} INFO - Filling up the DagBag from /home/abayturar/airflow-project/venv/lib/python3.12/site-packages/airflow/example_dags/plugins/event_listener.py
[2026-03-28T19:42:20.875+0500] {processor.py:842} WARNING - No viable dags retrieved from /home/abayturar/airflow-project/venv/lib/python3.12/site-packages/airflow/example_dags/plugins/event_listener.py
[2026-03-28T19:42:20.888+0500] {processor.py:183} INFO - Processing /home/abayturar/airflow-project/venv/lib/python3.12/site-packages/airflow/example_dags/plugins/event_listener.py took 0.025 seconds
[2026-03-28T19:43:10.433+0500] {processor.py:161} INFO - Started process (PID=31905) to work on /home/abayturar/airflow-project/venv/lib/python3.12/site-packages/airflow/example_dags/plugins/event_listener.py
[2026-03-28T19:43:10.434+0500] {processor.py:830} INFO - Processing file /home/abayturar/airflow-project/venv/lib/python3.12/site-packages/airflow/example_dags/plugins/event_listener.py for tasks to queue
[2026-03-28T19:43:10.436+0500] {logging_mixin.py:188} INFO - [2026-03-28T19:43:10.435+0500] {dagbag.py:545} INFO - Filling up the DagBag from /home/abayturar/airflow-project/venv/lib/python3.12/site-packages/airflow/example_dags/plugins/event_listener.py
[2026-03-28T19:43:10.438+0500] {processor.py:842} WARNING - No viable dags retrieved from /home/abayturar/airflow-project/venv/lib/python3.12/site-packages/airflow/example_dags/plugins/event_listener.py
[2026-03-28T19:43:10.449+0500] {processor.py:183} INFO - Processing /home/abayturar/airflow-project/venv/lib/python3.12/site-packages/airflow/example_dags/plugins/event_listener.py took 0.021 seconds
[2026-03-28T19:43:59.632+0500] {processor.py:161} INFO - Started process (PID=32036) to work on /home/abayturar/airflow-project/venv/lib/python3.12/site-packages/airflow/example_dags/plugins/event_listener.py
[2026-03-28T19:43:59.633+0500] {processor.py:830} INFO - Processing file /home/abayturar/airflow-project/venv/lib/python3.12/site-packages/airflow/example_dags/plugins/event_listener.py for tasks to queue
[2026-03-28T19:43:59.634+0500] {logging_mixin.py:188} INFO - [2026-03-28T19:43:59.634+0500] {dagbag.py:545} INFO - Filling up the DagBag from /home/abayturar/airflow-project/venv/lib/python3.12/site-packages/airflow/example_dags/plugins/event_listener.py
[2026-03-28T19:43:59.637+0500] {processor.py:842} WARNING - No viable dags retrieved from /home/abayturar/airflow-project/venv/lib/python3.12/site-packages/airflow/example_dags/plugins/event_listener.py
[2026-03-28T19:43:59.648+0500] {processor.py:183} INFO - Processing /home/abayturar/airflow-project/venv/lib/python3.12/site-packages/airflow/example_dags/plugins/event_listener.py took 0.022 seconds
[2026-03-28T19:44:44.211+0500] {processor.py:161} INFO - Started process (PID=32155) to work on /home/abayturar/airflow-project/venv/lib/python3.12/site-packages/airflow/example_dags/plugins/event_listener.py
[2026-03-28T19:44:44.212+0500] {processor.py:830} INFO - Processing file /home/abayturar/airflow-project/venv/lib/python3.12/site-packages/airflow/example_dags/plugins/event_listener.py for tasks to queue
[2026-03-28T19:44:44.215+0500] {logging_mixin.py:188} INFO - [2026-03-28T19:44:44.214+0500] {dagbag.py:545} INFO - Filling up the DagBag from /home/abayturar/airflow-project/venv/lib/python3.12/site-packages/airflow/example_dags/plugins/event_listener.py
[2026-03-28T19:44:44.218+0500] {processor.py:842} WARNING - No viable dags retrieved from /home/abayturar/airflow-project/venv/lib/python3.12/site-packages/airflow/example_dags/plugins/event_listener.py
[2026-03-28T19:44:44.238+0500] {processor.py:183} INFO - Processing /home/abayturar/airflow-project/venv/lib/python3.12/site-packages/airflow/example_dags/plugins/event_listener.py took 0.036 seconds
