[2026-03-28T15:20:56.221+0500] {processor.py:161} INFO - Started process (PID=11780) to work on /home/abayturar/airflow-project/venv/lib/python3.12/site-packages/airflow/example_dags/plugins/listener_plugin.py
[2026-03-28T15:20:56.222+0500] {processor.py:830} INFO - Processing file /home/abayturar/airflow-project/venv/lib/python3.12/site-packages/airflow/example_dags/plugins/listener_plugin.py for tasks to queue
[2026-03-28T15:20:56.224+0500] {logging_mixin.py:188} INFO - [2026-03-28T15:20:56.224+0500] {dagbag.py:545} INFO - Filling up the DagBag from /home/abayturar/airflow-project/venv/lib/python3.12/site-packages/airflow/example_dags/plugins/listener_plugin.py
[2026-03-28T15:20:56.239+0500] {processor.py:842} WARNING - No viable dags retrieved from /home/abayturar/airflow-project/venv/lib/python3.12/site-packages/airflow/example_dags/plugins/listener_plugin.py
[2026-03-28T15:20:56.250+0500] {processor.py:183} INFO - Processing /home/abayturar/airflow-project/venv/lib/python3.12/site-packages/airflow/example_dags/plugins/listener_plugin.py took 0.034 seconds
[2026-03-28T15:21:53.676+0500] {processor.py:161} INFO - Started process (PID=11936) to work on /home/abayturar/airflow-project/venv/lib/python3.12/site-packages/airflow/example_dags/plugins/listener_plugin.py
[2026-03-28T15:21:53.677+0500] {processor.py:830} INFO - Processing file /home/abayturar/airflow-project/venv/lib/python3.12/site-packages/airflow/example_dags/plugins/listener_plugin.py for tasks to queue
[2026-03-28T15:21:53.679+0500] {logging_mixin.py:188} INFO - [2026-03-28T15:21:53.678+0500] {dagbag.py:545} INFO - Filling up the DagBag from /home/abayturar/airflow-project/venv/lib/python3.12/site-packages/airflow/example_dags/plugins/listener_plugin.py
[2026-03-28T15:21:53.681+0500] {processor.py:842} WARNING - No viable dags retrieved from /home/abayturar/airflow-project/venv/lib/python3.12/site-packages/airflow/example_dags/plugins/listener_plugin.py
[2026-03-28T15:21:53.692+0500] {processor.py:183} INFO - Processing /home/abayturar/airflow-project/venv/lib/python3.12/site-packages/airflow/example_dags/plugins/listener_plugin.py took 0.022 seconds
[2026-03-28T15:22:44.838+0500] {processor.py:161} INFO - Started process (PID=12088) to work on /home/abayturar/airflow-project/venv/lib/python3.12/site-packages/airflow/example_dags/plugins/listener_plugin.py
[2026-03-28T15:22:44.839+0500] {processor.py:830} INFO - Processing file /home/abayturar/airflow-project/venv/lib/python3.12/site-packages/airflow/example_dags/plugins/listener_plugin.py for tasks to queue
[2026-03-28T15:22:44.840+0500] {logging_mixin.py:188} INFO - [2026-03-28T15:22:44.840+0500] {dagbag.py:545} INFO - Filling up the DagBag from /home/abayturar/airflow-project/venv/lib/python3.12/site-packages/airflow/example_dags/plugins/listener_plugin.py
[2026-03-28T15:22:44.843+0500] {processor.py:842} WARNING - No viable dags retrieved from /home/abayturar/airflow-project/venv/lib/python3.12/site-packages/airflow/example_dags/plugins/listener_plugin.py
[2026-03-28T15:22:44.854+0500] {processor.py:183} INFO - Processing /home/abayturar/airflow-project/venv/lib/python3.12/site-packages/airflow/example_dags/plugins/listener_plugin.py took 0.022 seconds
[2026-03-28T15:23:24.174+0500] {processor.py:161} INFO - Started process (PID=12200) to work on /home/abayturar/airflow-project/venv/lib/python3.12/site-packages/airflow/example_dags/plugins/listener_plugin.py
[2026-03-28T15:23:24.176+0500] {processor.py:830} INFO - Processing file /home/abayturar/airflow-project/venv/lib/python3.12/site-packages/airflow/example_dags/plugins/listener_plugin.py for tasks to queue
[2026-03-28T15:23:24.178+0500] {logging_mixin.py:188} INFO - [2026-03-28T15:23:24.177+0500] {dagbag.py:545} INFO - Filling up the DagBag from /home/abayturar/airflow-project/venv/lib/python3.12/site-packages/airflow/example_dags/plugins/listener_plugin.py
[2026-03-28T15:23:24.181+0500] {processor.py:842} WARNING - No viable dags retrieved from /home/abayturar/airflow-project/venv/lib/python3.12/site-packages/airflow/example_dags/plugins/listener_plugin.py
[2026-03-28T15:23:24.204+0500] {processor.py:183} INFO - Processing /home/abayturar/airflow-project/venv/lib/python3.12/site-packages/airflow/example_dags/plugins/listener_plugin.py took 0.040 seconds
[2026-03-28T15:23:56.916+0500] {processor.py:161} INFO - Started process (PID=12296) to work on /home/abayturar/airflow-project/venv/lib/python3.12/site-packages/airflow/example_dags/plugins/listener_plugin.py
[2026-03-28T15:23:56.917+0500] {processor.py:830} INFO - Processing file /home/abayturar/airflow-project/venv/lib/python3.12/site-packages/airflow/example_dags/plugins/listener_plugin.py for tasks to queue
[2026-03-28T15:23:56.919+0500] {logging_mixin.py:188} INFO - [2026-03-28T15:23:56.918+0500] {dagbag.py:545} INFO - Filling up the DagBag from /home/abayturar/airflow-project/venv/lib/python3.12/site-packages/airflow/example_dags/plugins/listener_plugin.py
[2026-03-28T15:23:56.923+0500] {processor.py:842} WARNING - No viable dags retrieved from /home/abayturar/airflow-project/venv/lib/python3.12/site-packages/airflow/example_dags/plugins/listener_plugin.py
[2026-03-28T15:23:56.937+0500] {processor.py:183} INFO - Processing /home/abayturar/airflow-project/venv/lib/python3.12/site-packages/airflow/example_dags/plugins/listener_plugin.py took 0.031 seconds
[2026-03-28T15:24:29.627+0500] {processor.py:161} INFO - Started process (PID=12393) to work on /home/abayturar/airflow-project/venv/lib/python3.12/site-packages/airflow/example_dags/plugins/listener_plugin.py
[2026-03-28T15:24:29.628+0500] {processor.py:830} INFO - Processing file /home/abayturar/airflow-project/venv/lib/python3.12/site-packages/airflow/example_dags/plugins/listener_plugin.py for tasks to queue
[2026-03-28T15:24:29.632+0500] {logging_mixin.py:188} INFO - [2026-03-28T15:24:29.631+0500] {dagbag.py:545} INFO - Filling up the DagBag from /home/abayturar/airflow-project/venv/lib/python3.12/site-packages/airflow/example_dags/plugins/listener_plugin.py
[2026-03-28T15:24:29.635+0500] {processor.py:842} WARNING - No viable dags retrieved from /home/abayturar/airflow-project/venv/lib/python3.12/site-packages/airflow/example_dags/plugins/listener_plugin.py
[2026-03-28T15:24:29.648+0500] {processor.py:183} INFO - Processing /home/abayturar/airflow-project/venv/lib/python3.12/site-packages/airflow/example_dags/plugins/listener_plugin.py took 0.028 seconds
[2026-03-28T15:25:36.927+0500] {processor.py:161} INFO - Started process (PID=12551) to work on /home/abayturar/airflow-project/venv/lib/python3.12/site-packages/airflow/example_dags/plugins/listener_plugin.py
[2026-03-28T15:25:36.928+0500] {processor.py:830} INFO - Processing file /home/abayturar/airflow-project/venv/lib/python3.12/site-packages/airflow/example_dags/plugins/listener_plugin.py for tasks to queue
[2026-03-28T15:25:36.930+0500] {logging_mixin.py:188} INFO - [2026-03-28T15:25:36.929+0500] {dagbag.py:545} INFO - Filling up the DagBag from /home/abayturar/airflow-project/venv/lib/python3.12/site-packages/airflow/example_dags/plugins/listener_plugin.py
[2026-03-28T15:25:36.932+0500] {processor.py:842} WARNING - No viable dags retrieved from /home/abayturar/airflow-project/venv/lib/python3.12/site-packages/airflow/example_dags/plugins/listener_plugin.py
[2026-03-28T15:25:36.943+0500] {processor.py:183} INFO - Processing /home/abayturar/airflow-project/venv/lib/python3.12/site-packages/airflow/example_dags/plugins/listener_plugin.py took 0.021 seconds
[2026-03-28T15:26:44.419+0500] {processor.py:161} INFO - Started process (PID=12735) to work on /home/abayturar/airflow-project/venv/lib/python3.12/site-packages/airflow/example_dags/plugins/listener_plugin.py
[2026-03-28T15:26:44.420+0500] {processor.py:830} INFO - Processing file /home/abayturar/airflow-project/venv/lib/python3.12/site-packages/airflow/example_dags/plugins/listener_plugin.py for tasks to queue
[2026-03-28T15:26:44.421+0500] {logging_mixin.py:188} INFO - [2026-03-28T15:26:44.421+0500] {dagbag.py:545} INFO - Filling up the DagBag from /home/abayturar/airflow-project/venv/lib/python3.12/site-packages/airflow/example_dags/plugins/listener_plugin.py
[2026-03-28T15:26:44.424+0500] {processor.py:842} WARNING - No viable dags retrieved from /home/abayturar/airflow-project/venv/lib/python3.12/site-packages/airflow/example_dags/plugins/listener_plugin.py
[2026-03-28T15:26:44.435+0500] {processor.py:183} INFO - Processing /home/abayturar/airflow-project/venv/lib/python3.12/site-packages/airflow/example_dags/plugins/listener_plugin.py took 0.021 seconds
[2026-03-28T15:27:38.620+0500] {processor.py:161} INFO - Started process (PID=12877) to work on /home/abayturar/airflow-project/venv/lib/python3.12/site-packages/airflow/example_dags/plugins/listener_plugin.py
[2026-03-28T15:27:38.621+0500] {processor.py:830} INFO - Processing file /home/abayturar/airflow-project/venv/lib/python3.12/site-packages/airflow/example_dags/plugins/listener_plugin.py for tasks to queue
[2026-03-28T15:27:38.623+0500] {logging_mixin.py:188} INFO - [2026-03-28T15:27:38.622+0500] {dagbag.py:545} INFO - Filling up the DagBag from /home/abayturar/airflow-project/venv/lib/python3.12/site-packages/airflow/example_dags/plugins/listener_plugin.py
[2026-03-28T15:27:38.625+0500] {processor.py:842} WARNING - No viable dags retrieved from /home/abayturar/airflow-project/venv/lib/python3.12/site-packages/airflow/example_dags/plugins/listener_plugin.py
[2026-03-28T15:27:38.637+0500] {processor.py:183} INFO - Processing /home/abayturar/airflow-project/venv/lib/python3.12/site-packages/airflow/example_dags/plugins/listener_plugin.py took 0.022 seconds
[2026-03-28T18:17:17.200+0500] {processor.py:161} INFO - Started process (PID=17852) to work on /home/abayturar/airflow-project/venv/lib/python3.12/site-packages/airflow/example_dags/plugins/listener_plugin.py
[2026-03-28T18:17:17.201+0500] {processor.py:830} INFO - Processing file /home/abayturar/airflow-project/venv/lib/python3.12/site-packages/airflow/example_dags/plugins/listener_plugin.py for tasks to queue
[2026-03-28T18:17:17.202+0500] {logging_mixin.py:188} INFO - [2026-03-28T18:17:17.202+0500] {dagbag.py:545} INFO - Filling up the DagBag from /home/abayturar/airflow-project/venv/lib/python3.12/site-packages/airflow/example_dags/plugins/listener_plugin.py
[2026-03-28T18:17:17.205+0500] {processor.py:842} WARNING - No viable dags retrieved from /home/abayturar/airflow-project/venv/lib/python3.12/site-packages/airflow/example_dags/plugins/listener_plugin.py
[2026-03-28T18:17:17.216+0500] {processor.py:183} INFO - Processing /home/abayturar/airflow-project/venv/lib/python3.12/site-packages/airflow/example_dags/plugins/listener_plugin.py took 0.021 seconds
[2026-03-28T18:18:14.723+0500] {processor.py:161} INFO - Started process (PID=18006) to work on /home/abayturar/airflow-project/venv/lib/python3.12/site-packages/airflow/example_dags/plugins/listener_plugin.py
[2026-03-28T18:18:14.724+0500] {processor.py:830} INFO - Processing file /home/abayturar/airflow-project/venv/lib/python3.12/site-packages/airflow/example_dags/plugins/listener_plugin.py for tasks to queue
[2026-03-28T18:18:14.726+0500] {logging_mixin.py:188} INFO - [2026-03-28T18:18:14.725+0500] {dagbag.py:545} INFO - Filling up the DagBag from /home/abayturar/airflow-project/venv/lib/python3.12/site-packages/airflow/example_dags/plugins/listener_plugin.py
[2026-03-28T18:18:14.729+0500] {processor.py:842} WARNING - No viable dags retrieved from /home/abayturar/airflow-project/venv/lib/python3.12/site-packages/airflow/example_dags/plugins/listener_plugin.py
[2026-03-28T18:18:14.740+0500] {processor.py:183} INFO - Processing /home/abayturar/airflow-project/venv/lib/python3.12/site-packages/airflow/example_dags/plugins/listener_plugin.py took 0.023 seconds
[2026-03-28T18:19:07.930+0500] {processor.py:161} INFO - Started process (PID=18170) to work on /home/abayturar/airflow-project/venv/lib/python3.12/site-packages/airflow/example_dags/plugins/listener_plugin.py
[2026-03-28T18:19:07.931+0500] {processor.py:830} INFO - Processing file /home/abayturar/airflow-project/venv/lib/python3.12/site-packages/airflow/example_dags/plugins/listener_plugin.py for tasks to queue
[2026-03-28T18:19:07.933+0500] {logging_mixin.py:188} INFO - [2026-03-28T18:19:07.932+0500] {dagbag.py:545} INFO - Filling up the DagBag from /home/abayturar/airflow-project/venv/lib/python3.12/site-packages/airflow/example_dags/plugins/listener_plugin.py
[2026-03-28T18:19:07.936+0500] {processor.py:842} WARNING - No viable dags retrieved from /home/abayturar/airflow-project/venv/lib/python3.12/site-packages/airflow/example_dags/plugins/listener_plugin.py
[2026-03-28T18:19:07.949+0500] {processor.py:183} INFO - Processing /home/abayturar/airflow-project/venv/lib/python3.12/site-packages/airflow/example_dags/plugins/listener_plugin.py took 0.026 seconds
[2026-03-28T18:19:32.541+0500] {processor.py:161} INFO - Started process (PID=18238) to work on /home/abayturar/airflow-project/venv/lib/python3.12/site-packages/airflow/example_dags/plugins/listener_plugin.py
[2026-03-28T18:19:32.542+0500] {processor.py:830} INFO - Processing file /home/abayturar/airflow-project/venv/lib/python3.12/site-packages/airflow/example_dags/plugins/listener_plugin.py for tasks to queue
[2026-03-28T18:19:32.544+0500] {logging_mixin.py:188} INFO - [2026-03-28T18:19:32.544+0500] {dagbag.py:545} INFO - Filling up the DagBag from /home/abayturar/airflow-project/venv/lib/python3.12/site-packages/airflow/example_dags/plugins/listener_plugin.py
[2026-03-28T18:19:32.547+0500] {processor.py:842} WARNING - No viable dags retrieved from /home/abayturar/airflow-project/venv/lib/python3.12/site-packages/airflow/example_dags/plugins/listener_plugin.py
[2026-03-28T18:19:32.560+0500] {processor.py:183} INFO - Processing /home/abayturar/airflow-project/venv/lib/python3.12/site-packages/airflow/example_dags/plugins/listener_plugin.py took 0.025 seconds
[2026-03-28T18:21:58.209+0500] {processor.py:161} INFO - Started process (PID=18495) to work on /home/abayturar/airflow-project/venv/lib/python3.12/site-packages/airflow/example_dags/plugins/listener_plugin.py
[2026-03-28T18:21:58.210+0500] {processor.py:830} INFO - Processing file /home/abayturar/airflow-project/venv/lib/python3.12/site-packages/airflow/example_dags/plugins/listener_plugin.py for tasks to queue
[2026-03-28T18:21:58.212+0500] {logging_mixin.py:188} INFO - [2026-03-28T18:21:58.211+0500] {dagbag.py:545} INFO - Filling up the DagBag from /home/abayturar/airflow-project/venv/lib/python3.12/site-packages/airflow/example_dags/plugins/listener_plugin.py
[2026-03-28T18:21:58.214+0500] {processor.py:842} WARNING - No viable dags retrieved from /home/abayturar/airflow-project/venv/lib/python3.12/site-packages/airflow/example_dags/plugins/listener_plugin.py
[2026-03-28T18:21:58.226+0500] {processor.py:183} INFO - Processing /home/abayturar/airflow-project/venv/lib/python3.12/site-packages/airflow/example_dags/plugins/listener_plugin.py took 0.023 seconds
[2026-03-28T18:22:58.466+0500] {processor.py:161} INFO - Started process (PID=18690) to work on /home/abayturar/airflow-project/venv/lib/python3.12/site-packages/airflow/example_dags/plugins/listener_plugin.py
[2026-03-28T18:22:58.467+0500] {processor.py:830} INFO - Processing file /home/abayturar/airflow-project/venv/lib/python3.12/site-packages/airflow/example_dags/plugins/listener_plugin.py for tasks to queue
[2026-03-28T18:22:58.469+0500] {logging_mixin.py:188} INFO - [2026-03-28T18:22:58.469+0500] {dagbag.py:545} INFO - Filling up the DagBag from /home/abayturar/airflow-project/venv/lib/python3.12/site-packages/airflow/example_dags/plugins/listener_plugin.py
[2026-03-28T18:22:58.473+0500] {processor.py:842} WARNING - No viable dags retrieved from /home/abayturar/airflow-project/venv/lib/python3.12/site-packages/airflow/example_dags/plugins/listener_plugin.py
[2026-03-28T18:22:58.486+0500] {processor.py:183} INFO - Processing /home/abayturar/airflow-project/venv/lib/python3.12/site-packages/airflow/example_dags/plugins/listener_plugin.py took 0.027 seconds
[2026-03-28T18:23:45.111+0500] {processor.py:161} INFO - Started process (PID=18815) to work on /home/abayturar/airflow-project/venv/lib/python3.12/site-packages/airflow/example_dags/plugins/listener_plugin.py
[2026-03-28T18:23:45.111+0500] {processor.py:830} INFO - Processing file /home/abayturar/airflow-project/venv/lib/python3.12/site-packages/airflow/example_dags/plugins/listener_plugin.py for tasks to queue
[2026-03-28T18:23:45.113+0500] {logging_mixin.py:188} INFO - [2026-03-28T18:23:45.113+0500] {dagbag.py:545} INFO - Filling up the DagBag from /home/abayturar/airflow-project/venv/lib/python3.12/site-packages/airflow/example_dags/plugins/listener_plugin.py
[2026-03-28T18:23:45.116+0500] {processor.py:842} WARNING - No viable dags retrieved from /home/abayturar/airflow-project/venv/lib/python3.12/site-packages/airflow/example_dags/plugins/listener_plugin.py
[2026-03-28T18:23:45.128+0500] {processor.py:183} INFO - Processing /home/abayturar/airflow-project/venv/lib/python3.12/site-packages/airflow/example_dags/plugins/listener_plugin.py took 0.023 seconds
[2026-03-28T18:24:33.023+0500] {processor.py:161} INFO - Started process (PID=18942) to work on /home/abayturar/airflow-project/venv/lib/python3.12/site-packages/airflow/example_dags/plugins/listener_plugin.py
[2026-03-28T18:24:33.024+0500] {processor.py:830} INFO - Processing file /home/abayturar/airflow-project/venv/lib/python3.12/site-packages/airflow/example_dags/plugins/listener_plugin.py for tasks to queue
[2026-03-28T18:24:33.025+0500] {logging_mixin.py:188} INFO - [2026-03-28T18:24:33.025+0500] {dagbag.py:545} INFO - Filling up the DagBag from /home/abayturar/airflow-project/venv/lib/python3.12/site-packages/airflow/example_dags/plugins/listener_plugin.py
[2026-03-28T18:24:33.028+0500] {processor.py:842} WARNING - No viable dags retrieved from /home/abayturar/airflow-project/venv/lib/python3.12/site-packages/airflow/example_dags/plugins/listener_plugin.py
[2026-03-28T18:24:33.039+0500] {processor.py:183} INFO - Processing /home/abayturar/airflow-project/venv/lib/python3.12/site-packages/airflow/example_dags/plugins/listener_plugin.py took 0.023 seconds
[2026-03-28T18:25:19.426+0500] {processor.py:161} INFO - Started process (PID=19070) to work on /home/abayturar/airflow-project/venv/lib/python3.12/site-packages/airflow/example_dags/plugins/listener_plugin.py
[2026-03-28T18:25:19.427+0500] {processor.py:830} INFO - Processing file /home/abayturar/airflow-project/venv/lib/python3.12/site-packages/airflow/example_dags/plugins/listener_plugin.py for tasks to queue
[2026-03-28T18:25:19.430+0500] {logging_mixin.py:188} INFO - [2026-03-28T18:25:19.429+0500] {dagbag.py:545} INFO - Filling up the DagBag from /home/abayturar/airflow-project/venv/lib/python3.12/site-packages/airflow/example_dags/plugins/listener_plugin.py
[2026-03-28T18:25:19.433+0500] {processor.py:842} WARNING - No viable dags retrieved from /home/abayturar/airflow-project/venv/lib/python3.12/site-packages/airflow/example_dags/plugins/listener_plugin.py
[2026-03-28T18:25:19.449+0500] {processor.py:183} INFO - Processing /home/abayturar/airflow-project/venv/lib/python3.12/site-packages/airflow/example_dags/plugins/listener_plugin.py took 0.030 seconds
[2026-03-28T18:26:05.647+0500] {processor.py:161} INFO - Started process (PID=19191) to work on /home/abayturar/airflow-project/venv/lib/python3.12/site-packages/airflow/example_dags/plugins/listener_plugin.py
[2026-03-28T18:26:05.648+0500] {processor.py:830} INFO - Processing file /home/abayturar/airflow-project/venv/lib/python3.12/site-packages/airflow/example_dags/plugins/listener_plugin.py for tasks to queue
[2026-03-28T18:26:05.649+0500] {logging_mixin.py:188} INFO - [2026-03-28T18:26:05.649+0500] {dagbag.py:545} INFO - Filling up the DagBag from /home/abayturar/airflow-project/venv/lib/python3.12/site-packages/airflow/example_dags/plugins/listener_plugin.py
[2026-03-28T18:26:05.653+0500] {processor.py:842} WARNING - No viable dags retrieved from /home/abayturar/airflow-project/venv/lib/python3.12/site-packages/airflow/example_dags/plugins/listener_plugin.py
[2026-03-28T18:26:05.664+0500] {processor.py:183} INFO - Processing /home/abayturar/airflow-project/venv/lib/python3.12/site-packages/airflow/example_dags/plugins/listener_plugin.py took 0.023 seconds
[2026-03-28T18:26:53.325+0500] {processor.py:161} INFO - Started process (PID=19320) to work on /home/abayturar/airflow-project/venv/lib/python3.12/site-packages/airflow/example_dags/plugins/listener_plugin.py
[2026-03-28T18:26:53.326+0500] {processor.py:830} INFO - Processing file /home/abayturar/airflow-project/venv/lib/python3.12/site-packages/airflow/example_dags/plugins/listener_plugin.py for tasks to queue
[2026-03-28T18:26:53.329+0500] {logging_mixin.py:188} INFO - [2026-03-28T18:26:53.329+0500] {dagbag.py:545} INFO - Filling up the DagBag from /home/abayturar/airflow-project/venv/lib/python3.12/site-packages/airflow/example_dags/plugins/listener_plugin.py
[2026-03-28T18:26:53.332+0500] {processor.py:842} WARNING - No viable dags retrieved from /home/abayturar/airflow-project/venv/lib/python3.12/site-packages/airflow/example_dags/plugins/listener_plugin.py
[2026-03-28T18:26:53.346+0500] {processor.py:183} INFO - Processing /home/abayturar/airflow-project/venv/lib/python3.12/site-packages/airflow/example_dags/plugins/listener_plugin.py took 0.029 seconds
[2026-03-28T18:27:44.255+0500] {processor.py:161} INFO - Started process (PID=19460) to work on /home/abayturar/airflow-project/venv/lib/python3.12/site-packages/airflow/example_dags/plugins/listener_plugin.py
[2026-03-28T18:27:44.256+0500] {processor.py:830} INFO - Processing file /home/abayturar/airflow-project/venv/lib/python3.12/site-packages/airflow/example_dags/plugins/listener_plugin.py for tasks to queue
[2026-03-28T18:27:44.257+0500] {logging_mixin.py:188} INFO - [2026-03-28T18:27:44.257+0500] {dagbag.py:545} INFO - Filling up the DagBag from /home/abayturar/airflow-project/venv/lib/python3.12/site-packages/airflow/example_dags/plugins/listener_plugin.py
[2026-03-28T18:27:44.260+0500] {processor.py:842} WARNING - No viable dags retrieved from /home/abayturar/airflow-project/venv/lib/python3.12/site-packages/airflow/example_dags/plugins/listener_plugin.py
[2026-03-28T18:27:44.272+0500] {processor.py:183} INFO - Processing /home/abayturar/airflow-project/venv/lib/python3.12/site-packages/airflow/example_dags/plugins/listener_plugin.py took 0.024 seconds
[2026-03-28T18:28:38.345+0500] {processor.py:161} INFO - Started process (PID=19612) to work on /home/abayturar/airflow-project/venv/lib/python3.12/site-packages/airflow/example_dags/plugins/listener_plugin.py
[2026-03-28T18:28:38.346+0500] {processor.py:830} INFO - Processing file /home/abayturar/airflow-project/venv/lib/python3.12/site-packages/airflow/example_dags/plugins/listener_plugin.py for tasks to queue
[2026-03-28T18:28:38.348+0500] {logging_mixin.py:188} INFO - [2026-03-28T18:28:38.347+0500] {dagbag.py:545} INFO - Filling up the DagBag from /home/abayturar/airflow-project/venv/lib/python3.12/site-packages/airflow/example_dags/plugins/listener_plugin.py
[2026-03-28T18:28:38.351+0500] {processor.py:842} WARNING - No viable dags retrieved from /home/abayturar/airflow-project/venv/lib/python3.12/site-packages/airflow/example_dags/plugins/listener_plugin.py
[2026-03-28T18:28:38.363+0500] {processor.py:183} INFO - Processing /home/abayturar/airflow-project/venv/lib/python3.12/site-packages/airflow/example_dags/plugins/listener_plugin.py took 0.024 seconds
[2026-03-28T18:29:31.503+0500] {processor.py:161} INFO - Started process (PID=19747) to work on /home/abayturar/airflow-project/venv/lib/python3.12/site-packages/airflow/example_dags/plugins/listener_plugin.py
[2026-03-28T18:29:31.504+0500] {processor.py:830} INFO - Processing file /home/abayturar/airflow-project/venv/lib/python3.12/site-packages/airflow/example_dags/plugins/listener_plugin.py for tasks to queue
[2026-03-28T18:29:31.506+0500] {logging_mixin.py:188} INFO - [2026-03-28T18:29:31.506+0500] {dagbag.py:545} INFO - Filling up the DagBag from /home/abayturar/airflow-project/venv/lib/python3.12/site-packages/airflow/example_dags/plugins/listener_plugin.py
[2026-03-28T18:29:31.509+0500] {processor.py:842} WARNING - No viable dags retrieved from /home/abayturar/airflow-project/venv/lib/python3.12/site-packages/airflow/example_dags/plugins/listener_plugin.py
[2026-03-28T18:29:31.521+0500] {processor.py:183} INFO - Processing /home/abayturar/airflow-project/venv/lib/python3.12/site-packages/airflow/example_dags/plugins/listener_plugin.py took 0.026 seconds
[2026-03-28T18:30:18.446+0500] {processor.py:161} INFO - Started process (PID=19875) to work on /home/abayturar/airflow-project/venv/lib/python3.12/site-packages/airflow/example_dags/plugins/listener_plugin.py
[2026-03-28T18:30:18.447+0500] {processor.py:830} INFO - Processing file /home/abayturar/airflow-project/venv/lib/python3.12/site-packages/airflow/example_dags/plugins/listener_plugin.py for tasks to queue
[2026-03-28T18:30:18.450+0500] {logging_mixin.py:188} INFO - [2026-03-28T18:30:18.450+0500] {dagbag.py:545} INFO - Filling up the DagBag from /home/abayturar/airflow-project/venv/lib/python3.12/site-packages/airflow/example_dags/plugins/listener_plugin.py
[2026-03-28T18:30:18.453+0500] {processor.py:842} WARNING - No viable dags retrieved from /home/abayturar/airflow-project/venv/lib/python3.12/site-packages/airflow/example_dags/plugins/listener_plugin.py
[2026-03-28T18:30:18.469+0500] {processor.py:183} INFO - Processing /home/abayturar/airflow-project/venv/lib/python3.12/site-packages/airflow/example_dags/plugins/listener_plugin.py took 0.030 seconds
[2026-03-28T18:31:02.832+0500] {processor.py:161} INFO - Started process (PID=19997) to work on /home/abayturar/airflow-project/venv/lib/python3.12/site-packages/airflow/example_dags/plugins/listener_plugin.py
[2026-03-28T18:31:02.833+0500] {processor.py:830} INFO - Processing file /home/abayturar/airflow-project/venv/lib/python3.12/site-packages/airflow/example_dags/plugins/listener_plugin.py for tasks to queue
[2026-03-28T18:31:02.836+0500] {logging_mixin.py:188} INFO - [2026-03-28T18:31:02.835+0500] {dagbag.py:545} INFO - Filling up the DagBag from /home/abayturar/airflow-project/venv/lib/python3.12/site-packages/airflow/example_dags/plugins/listener_plugin.py
[2026-03-28T18:31:02.839+0500] {processor.py:842} WARNING - No viable dags retrieved from /home/abayturar/airflow-project/venv/lib/python3.12/site-packages/airflow/example_dags/plugins/listener_plugin.py
[2026-03-28T18:31:02.873+0500] {processor.py:183} INFO - Processing /home/abayturar/airflow-project/venv/lib/python3.12/site-packages/airflow/example_dags/plugins/listener_plugin.py took 0.047 seconds
[2026-03-28T18:31:50.138+0500] {processor.py:161} INFO - Started process (PID=20131) to work on /home/abayturar/airflow-project/venv/lib/python3.12/site-packages/airflow/example_dags/plugins/listener_plugin.py
[2026-03-28T18:31:50.139+0500] {processor.py:830} INFO - Processing file /home/abayturar/airflow-project/venv/lib/python3.12/site-packages/airflow/example_dags/plugins/listener_plugin.py for tasks to queue
[2026-03-28T18:31:50.140+0500] {logging_mixin.py:188} INFO - [2026-03-28T18:31:50.140+0500] {dagbag.py:545} INFO - Filling up the DagBag from /home/abayturar/airflow-project/venv/lib/python3.12/site-packages/airflow/example_dags/plugins/listener_plugin.py
[2026-03-28T18:31:50.143+0500] {processor.py:842} WARNING - No viable dags retrieved from /home/abayturar/airflow-project/venv/lib/python3.12/site-packages/airflow/example_dags/plugins/listener_plugin.py
[2026-03-28T18:31:50.156+0500] {processor.py:183} INFO - Processing /home/abayturar/airflow-project/venv/lib/python3.12/site-packages/airflow/example_dags/plugins/listener_plugin.py took 0.024 seconds
[2026-03-28T18:32:33.257+0500] {processor.py:161} INFO - Started process (PID=20247) to work on /home/abayturar/airflow-project/venv/lib/python3.12/site-packages/airflow/example_dags/plugins/listener_plugin.py
[2026-03-28T18:32:33.258+0500] {processor.py:830} INFO - Processing file /home/abayturar/airflow-project/venv/lib/python3.12/site-packages/airflow/example_dags/plugins/listener_plugin.py for tasks to queue
[2026-03-28T18:32:33.260+0500] {logging_mixin.py:188} INFO - [2026-03-28T18:32:33.260+0500] {dagbag.py:545} INFO - Filling up the DagBag from /home/abayturar/airflow-project/venv/lib/python3.12/site-packages/airflow/example_dags/plugins/listener_plugin.py
[2026-03-28T18:32:33.263+0500] {processor.py:842} WARNING - No viable dags retrieved from /home/abayturar/airflow-project/venv/lib/python3.12/site-packages/airflow/example_dags/plugins/listener_plugin.py
[2026-03-28T18:32:33.274+0500] {processor.py:183} INFO - Processing /home/abayturar/airflow-project/venv/lib/python3.12/site-packages/airflow/example_dags/plugins/listener_plugin.py took 0.023 seconds
[2026-03-28T18:33:25.548+0500] {processor.py:161} INFO - Started process (PID=20382) to work on /home/abayturar/airflow-project/venv/lib/python3.12/site-packages/airflow/example_dags/plugins/listener_plugin.py
[2026-03-28T18:33:25.549+0500] {processor.py:830} INFO - Processing file /home/abayturar/airflow-project/venv/lib/python3.12/site-packages/airflow/example_dags/plugins/listener_plugin.py for tasks to queue
[2026-03-28T18:33:25.550+0500] {logging_mixin.py:188} INFO - [2026-03-28T18:33:25.550+0500] {dagbag.py:545} INFO - Filling up the DagBag from /home/abayturar/airflow-project/venv/lib/python3.12/site-packages/airflow/example_dags/plugins/listener_plugin.py
[2026-03-28T18:33:25.553+0500] {processor.py:842} WARNING - No viable dags retrieved from /home/abayturar/airflow-project/venv/lib/python3.12/site-packages/airflow/example_dags/plugins/listener_plugin.py
[2026-03-28T18:33:25.564+0500] {processor.py:183} INFO - Processing /home/abayturar/airflow-project/venv/lib/python3.12/site-packages/airflow/example_dags/plugins/listener_plugin.py took 0.022 seconds
[2026-03-28T18:34:18.135+0500] {processor.py:161} INFO - Started process (PID=20536) to work on /home/abayturar/airflow-project/venv/lib/python3.12/site-packages/airflow/example_dags/plugins/listener_plugin.py
[2026-03-28T18:34:18.135+0500] {processor.py:830} INFO - Processing file /home/abayturar/airflow-project/venv/lib/python3.12/site-packages/airflow/example_dags/plugins/listener_plugin.py for tasks to queue
[2026-03-28T18:34:18.137+0500] {logging_mixin.py:188} INFO - [2026-03-28T18:34:18.137+0500] {dagbag.py:545} INFO - Filling up the DagBag from /home/abayturar/airflow-project/venv/lib/python3.12/site-packages/airflow/example_dags/plugins/listener_plugin.py
[2026-03-28T18:34:18.140+0500] {processor.py:842} WARNING - No viable dags retrieved from /home/abayturar/airflow-project/venv/lib/python3.12/site-packages/airflow/example_dags/plugins/listener_plugin.py
[2026-03-28T18:34:18.152+0500] {processor.py:183} INFO - Processing /home/abayturar/airflow-project/venv/lib/python3.12/site-packages/airflow/example_dags/plugins/listener_plugin.py took 0.023 seconds
[2026-03-28T18:35:09.107+0500] {processor.py:161} INFO - Started process (PID=20672) to work on /home/abayturar/airflow-project/venv/lib/python3.12/site-packages/airflow/example_dags/plugins/listener_plugin.py
[2026-03-28T18:35:09.107+0500] {processor.py:830} INFO - Processing file /home/abayturar/airflow-project/venv/lib/python3.12/site-packages/airflow/example_dags/plugins/listener_plugin.py for tasks to queue
[2026-03-28T18:35:09.109+0500] {logging_mixin.py:188} INFO - [2026-03-28T18:35:09.109+0500] {dagbag.py:545} INFO - Filling up the DagBag from /home/abayturar/airflow-project/venv/lib/python3.12/site-packages/airflow/example_dags/plugins/listener_plugin.py
[2026-03-28T18:35:09.113+0500] {processor.py:842} WARNING - No viable dags retrieved from /home/abayturar/airflow-project/venv/lib/python3.12/site-packages/airflow/example_dags/plugins/listener_plugin.py
[2026-03-28T18:35:09.126+0500] {processor.py:183} INFO - Processing /home/abayturar/airflow-project/venv/lib/python3.12/site-packages/airflow/example_dags/plugins/listener_plugin.py took 0.026 seconds
[2026-03-28T18:35:56.845+0500] {processor.py:161} INFO - Started process (PID=20806) to work on /home/abayturar/airflow-project/venv/lib/python3.12/site-packages/airflow/example_dags/plugins/listener_plugin.py
[2026-03-28T18:35:56.846+0500] {processor.py:830} INFO - Processing file /home/abayturar/airflow-project/venv/lib/python3.12/site-packages/airflow/example_dags/plugins/listener_plugin.py for tasks to queue
[2026-03-28T18:35:56.848+0500] {logging_mixin.py:188} INFO - [2026-03-28T18:35:56.847+0500] {dagbag.py:545} INFO - Filling up the DagBag from /home/abayturar/airflow-project/venv/lib/python3.12/site-packages/airflow/example_dags/plugins/listener_plugin.py
[2026-03-28T18:35:56.851+0500] {processor.py:842} WARNING - No viable dags retrieved from /home/abayturar/airflow-project/venv/lib/python3.12/site-packages/airflow/example_dags/plugins/listener_plugin.py
[2026-03-28T18:35:56.865+0500] {processor.py:183} INFO - Processing /home/abayturar/airflow-project/venv/lib/python3.12/site-packages/airflow/example_dags/plugins/listener_plugin.py took 0.027 seconds
[2026-03-28T18:36:52.678+0500] {processor.py:161} INFO - Started process (PID=20966) to work on /home/abayturar/airflow-project/venv/lib/python3.12/site-packages/airflow/example_dags/plugins/listener_plugin.py
[2026-03-28T18:36:52.680+0500] {processor.py:830} INFO - Processing file /home/abayturar/airflow-project/venv/lib/python3.12/site-packages/airflow/example_dags/plugins/listener_plugin.py for tasks to queue
[2026-03-28T18:36:52.682+0500] {logging_mixin.py:188} INFO - [2026-03-28T18:36:52.681+0500] {dagbag.py:545} INFO - Filling up the DagBag from /home/abayturar/airflow-project/venv/lib/python3.12/site-packages/airflow/example_dags/plugins/listener_plugin.py
[2026-03-28T18:36:52.684+0500] {processor.py:842} WARNING - No viable dags retrieved from /home/abayturar/airflow-project/venv/lib/python3.12/site-packages/airflow/example_dags/plugins/listener_plugin.py
[2026-03-28T18:36:52.697+0500] {processor.py:183} INFO - Processing /home/abayturar/airflow-project/venv/lib/python3.12/site-packages/airflow/example_dags/plugins/listener_plugin.py took 0.025 seconds
[2026-03-28T18:37:47.370+0500] {processor.py:161} INFO - Started process (PID=21117) to work on /home/abayturar/airflow-project/venv/lib/python3.12/site-packages/airflow/example_dags/plugins/listener_plugin.py
[2026-03-28T18:37:47.370+0500] {processor.py:830} INFO - Processing file /home/abayturar/airflow-project/venv/lib/python3.12/site-packages/airflow/example_dags/plugins/listener_plugin.py for tasks to queue
[2026-03-28T18:37:47.372+0500] {logging_mixin.py:188} INFO - [2026-03-28T18:37:47.372+0500] {dagbag.py:545} INFO - Filling up the DagBag from /home/abayturar/airflow-project/venv/lib/python3.12/site-packages/airflow/example_dags/plugins/listener_plugin.py
[2026-03-28T18:37:47.375+0500] {processor.py:842} WARNING - No viable dags retrieved from /home/abayturar/airflow-project/venv/lib/python3.12/site-packages/airflow/example_dags/plugins/listener_plugin.py
[2026-03-28T18:37:47.386+0500] {processor.py:183} INFO - Processing /home/abayturar/airflow-project/venv/lib/python3.12/site-packages/airflow/example_dags/plugins/listener_plugin.py took 0.022 seconds
[2026-03-28T18:38:36.077+0500] {processor.py:161} INFO - Started process (PID=21246) to work on /home/abayturar/airflow-project/venv/lib/python3.12/site-packages/airflow/example_dags/plugins/listener_plugin.py
[2026-03-28T18:38:36.078+0500] {processor.py:830} INFO - Processing file /home/abayturar/airflow-project/venv/lib/python3.12/site-packages/airflow/example_dags/plugins/listener_plugin.py for tasks to queue
[2026-03-28T18:38:36.080+0500] {logging_mixin.py:188} INFO - [2026-03-28T18:38:36.079+0500] {dagbag.py:545} INFO - Filling up the DagBag from /home/abayturar/airflow-project/venv/lib/python3.12/site-packages/airflow/example_dags/plugins/listener_plugin.py
[2026-03-28T18:38:36.082+0500] {processor.py:842} WARNING - No viable dags retrieved from /home/abayturar/airflow-project/venv/lib/python3.12/site-packages/airflow/example_dags/plugins/listener_plugin.py
[2026-03-28T18:38:36.094+0500] {processor.py:183} INFO - Processing /home/abayturar/airflow-project/venv/lib/python3.12/site-packages/airflow/example_dags/plugins/listener_plugin.py took 0.023 seconds
[2026-03-28T18:39:26.823+0500] {processor.py:161} INFO - Started process (PID=21384) to work on /home/abayturar/airflow-project/venv/lib/python3.12/site-packages/airflow/example_dags/plugins/listener_plugin.py
[2026-03-28T18:39:26.825+0500] {processor.py:830} INFO - Processing file /home/abayturar/airflow-project/venv/lib/python3.12/site-packages/airflow/example_dags/plugins/listener_plugin.py for tasks to queue
[2026-03-28T18:39:26.828+0500] {logging_mixin.py:188} INFO - [2026-03-28T18:39:26.828+0500] {dagbag.py:545} INFO - Filling up the DagBag from /home/abayturar/airflow-project/venv/lib/python3.12/site-packages/airflow/example_dags/plugins/listener_plugin.py
[2026-03-28T18:39:26.832+0500] {processor.py:842} WARNING - No viable dags retrieved from /home/abayturar/airflow-project/venv/lib/python3.12/site-packages/airflow/example_dags/plugins/listener_plugin.py
[2026-03-28T18:39:26.846+0500] {processor.py:183} INFO - Processing /home/abayturar/airflow-project/venv/lib/python3.12/site-packages/airflow/example_dags/plugins/listener_plugin.py took 0.029 seconds
[2026-03-28T18:40:19.194+0500] {processor.py:161} INFO - Started process (PID=21521) to work on /home/abayturar/airflow-project/venv/lib/python3.12/site-packages/airflow/example_dags/plugins/listener_plugin.py
[2026-03-28T18:40:19.195+0500] {processor.py:830} INFO - Processing file /home/abayturar/airflow-project/venv/lib/python3.12/site-packages/airflow/example_dags/plugins/listener_plugin.py for tasks to queue
[2026-03-28T18:40:19.197+0500] {logging_mixin.py:188} INFO - [2026-03-28T18:40:19.196+0500] {dagbag.py:545} INFO - Filling up the DagBag from /home/abayturar/airflow-project/venv/lib/python3.12/site-packages/airflow/example_dags/plugins/listener_plugin.py
[2026-03-28T18:40:19.201+0500] {processor.py:842} WARNING - No viable dags retrieved from /home/abayturar/airflow-project/venv/lib/python3.12/site-packages/airflow/example_dags/plugins/listener_plugin.py
[2026-03-28T18:40:19.216+0500] {processor.py:183} INFO - Processing /home/abayturar/airflow-project/venv/lib/python3.12/site-packages/airflow/example_dags/plugins/listener_plugin.py took 0.028 seconds
[2026-03-28T18:41:12.259+0500] {processor.py:161} INFO - Started process (PID=21659) to work on /home/abayturar/airflow-project/venv/lib/python3.12/site-packages/airflow/example_dags/plugins/listener_plugin.py
[2026-03-28T18:41:12.260+0500] {processor.py:830} INFO - Processing file /home/abayturar/airflow-project/venv/lib/python3.12/site-packages/airflow/example_dags/plugins/listener_plugin.py for tasks to queue
[2026-03-28T18:41:12.263+0500] {logging_mixin.py:188} INFO - [2026-03-28T18:41:12.262+0500] {dagbag.py:545} INFO - Filling up the DagBag from /home/abayturar/airflow-project/venv/lib/python3.12/site-packages/airflow/example_dags/plugins/listener_plugin.py
[2026-03-28T18:41:12.266+0500] {processor.py:842} WARNING - No viable dags retrieved from /home/abayturar/airflow-project/venv/lib/python3.12/site-packages/airflow/example_dags/plugins/listener_plugin.py
[2026-03-28T18:41:12.279+0500] {processor.py:183} INFO - Processing /home/abayturar/airflow-project/venv/lib/python3.12/site-packages/airflow/example_dags/plugins/listener_plugin.py took 0.028 seconds
[2026-03-28T18:41:49.440+0500] {processor.py:161} INFO - Started process (PID=21808) to work on /home/abayturar/airflow-project/venv/lib/python3.12/site-packages/airflow/example_dags/plugins/listener_plugin.py
[2026-03-28T18:41:49.441+0500] {processor.py:830} INFO - Processing file /home/abayturar/airflow-project/venv/lib/python3.12/site-packages/airflow/example_dags/plugins/listener_plugin.py for tasks to queue
[2026-03-28T18:41:49.443+0500] {logging_mixin.py:188} INFO - [2026-03-28T18:41:49.443+0500] {dagbag.py:545} INFO - Filling up the DagBag from /home/abayturar/airflow-project/venv/lib/python3.12/site-packages/airflow/example_dags/plugins/listener_plugin.py
[2026-03-28T18:41:49.448+0500] {processor.py:842} WARNING - No viable dags retrieved from /home/abayturar/airflow-project/venv/lib/python3.12/site-packages/airflow/example_dags/plugins/listener_plugin.py
[2026-03-28T18:41:49.460+0500] {processor.py:183} INFO - Processing /home/abayturar/airflow-project/venv/lib/python3.12/site-packages/airflow/example_dags/plugins/listener_plugin.py took 0.026 seconds
[2026-03-28T18:42:23.566+0500] {processor.py:161} INFO - Started process (PID=21900) to work on /home/abayturar/airflow-project/venv/lib/python3.12/site-packages/airflow/example_dags/plugins/listener_plugin.py
[2026-03-28T18:42:23.567+0500] {processor.py:830} INFO - Processing file /home/abayturar/airflow-project/venv/lib/python3.12/site-packages/airflow/example_dags/plugins/listener_plugin.py for tasks to queue
[2026-03-28T18:42:23.568+0500] {logging_mixin.py:188} INFO - [2026-03-28T18:42:23.568+0500] {dagbag.py:545} INFO - Filling up the DagBag from /home/abayturar/airflow-project/venv/lib/python3.12/site-packages/airflow/example_dags/plugins/listener_plugin.py
[2026-03-28T18:42:23.572+0500] {processor.py:842} WARNING - No viable dags retrieved from /home/abayturar/airflow-project/venv/lib/python3.12/site-packages/airflow/example_dags/plugins/listener_plugin.py
[2026-03-28T18:42:23.584+0500] {processor.py:183} INFO - Processing /home/abayturar/airflow-project/venv/lib/python3.12/site-packages/airflow/example_dags/plugins/listener_plugin.py took 0.025 seconds
[2026-03-28T18:43:12.092+0500] {processor.py:161} INFO - Started process (PID=22054) to work on /home/abayturar/airflow-project/venv/lib/python3.12/site-packages/airflow/example_dags/plugins/listener_plugin.py
[2026-03-28T18:43:12.093+0500] {processor.py:830} INFO - Processing file /home/abayturar/airflow-project/venv/lib/python3.12/site-packages/airflow/example_dags/plugins/listener_plugin.py for tasks to queue
[2026-03-28T18:43:12.094+0500] {logging_mixin.py:188} INFO - [2026-03-28T18:43:12.094+0500] {dagbag.py:545} INFO - Filling up the DagBag from /home/abayturar/airflow-project/venv/lib/python3.12/site-packages/airflow/example_dags/plugins/listener_plugin.py
[2026-03-28T18:43:12.097+0500] {processor.py:842} WARNING - No viable dags retrieved from /home/abayturar/airflow-project/venv/lib/python3.12/site-packages/airflow/example_dags/plugins/listener_plugin.py
[2026-03-28T18:43:12.108+0500] {processor.py:183} INFO - Processing /home/abayturar/airflow-project/venv/lib/python3.12/site-packages/airflow/example_dags/plugins/listener_plugin.py took 0.022 seconds
[2026-03-28T18:43:59.395+0500] {processor.py:161} INFO - Started process (PID=22197) to work on /home/abayturar/airflow-project/venv/lib/python3.12/site-packages/airflow/example_dags/plugins/listener_plugin.py
[2026-03-28T18:43:59.395+0500] {processor.py:830} INFO - Processing file /home/abayturar/airflow-project/venv/lib/python3.12/site-packages/airflow/example_dags/plugins/listener_plugin.py for tasks to queue
[2026-03-28T18:43:59.397+0500] {logging_mixin.py:188} INFO - [2026-03-28T18:43:59.397+0500] {dagbag.py:545} INFO - Filling up the DagBag from /home/abayturar/airflow-project/venv/lib/python3.12/site-packages/airflow/example_dags/plugins/listener_plugin.py
[2026-03-28T18:43:59.401+0500] {processor.py:842} WARNING - No viable dags retrieved from /home/abayturar/airflow-project/venv/lib/python3.12/site-packages/airflow/example_dags/plugins/listener_plugin.py
[2026-03-28T18:43:59.414+0500] {processor.py:183} INFO - Processing /home/abayturar/airflow-project/venv/lib/python3.12/site-packages/airflow/example_dags/plugins/listener_plugin.py took 0.026 seconds
[2026-03-28T18:44:50.802+0500] {processor.py:161} INFO - Started process (PID=22330) to work on /home/abayturar/airflow-project/venv/lib/python3.12/site-packages/airflow/example_dags/plugins/listener_plugin.py
[2026-03-28T18:44:50.803+0500] {processor.py:830} INFO - Processing file /home/abayturar/airflow-project/venv/lib/python3.12/site-packages/airflow/example_dags/plugins/listener_plugin.py for tasks to queue
[2026-03-28T18:44:50.805+0500] {logging_mixin.py:188} INFO - [2026-03-28T18:44:50.805+0500] {dagbag.py:545} INFO - Filling up the DagBag from /home/abayturar/airflow-project/venv/lib/python3.12/site-packages/airflow/example_dags/plugins/listener_plugin.py
[2026-03-28T18:44:50.809+0500] {processor.py:842} WARNING - No viable dags retrieved from /home/abayturar/airflow-project/venv/lib/python3.12/site-packages/airflow/example_dags/plugins/listener_plugin.py
[2026-03-28T18:44:50.821+0500] {processor.py:183} INFO - Processing /home/abayturar/airflow-project/venv/lib/python3.12/site-packages/airflow/example_dags/plugins/listener_plugin.py took 0.025 seconds
[2026-03-28T18:45:40.549+0500] {processor.py:161} INFO - Started process (PID=22462) to work on /home/abayturar/airflow-project/venv/lib/python3.12/site-packages/airflow/example_dags/plugins/listener_plugin.py
[2026-03-28T18:45:40.550+0500] {processor.py:830} INFO - Processing file /home/abayturar/airflow-project/venv/lib/python3.12/site-packages/airflow/example_dags/plugins/listener_plugin.py for tasks to queue
[2026-03-28T18:45:40.551+0500] {logging_mixin.py:188} INFO - [2026-03-28T18:45:40.551+0500] {dagbag.py:545} INFO - Filling up the DagBag from /home/abayturar/airflow-project/venv/lib/python3.12/site-packages/airflow/example_dags/plugins/listener_plugin.py
[2026-03-28T18:45:40.554+0500] {processor.py:842} WARNING - No viable dags retrieved from /home/abayturar/airflow-project/venv/lib/python3.12/site-packages/airflow/example_dags/plugins/listener_plugin.py
[2026-03-28T18:45:40.566+0500] {processor.py:183} INFO - Processing /home/abayturar/airflow-project/venv/lib/python3.12/site-packages/airflow/example_dags/plugins/listener_plugin.py took 0.023 seconds
[2026-03-28T18:46:27.665+0500] {processor.py:161} INFO - Started process (PID=22588) to work on /home/abayturar/airflow-project/venv/lib/python3.12/site-packages/airflow/example_dags/plugins/listener_plugin.py
[2026-03-28T18:46:27.666+0500] {processor.py:830} INFO - Processing file /home/abayturar/airflow-project/venv/lib/python3.12/site-packages/airflow/example_dags/plugins/listener_plugin.py for tasks to queue
[2026-03-28T18:46:27.668+0500] {logging_mixin.py:188} INFO - [2026-03-28T18:46:27.668+0500] {dagbag.py:545} INFO - Filling up the DagBag from /home/abayturar/airflow-project/venv/lib/python3.12/site-packages/airflow/example_dags/plugins/listener_plugin.py
[2026-03-28T18:46:27.671+0500] {processor.py:842} WARNING - No viable dags retrieved from /home/abayturar/airflow-project/venv/lib/python3.12/site-packages/airflow/example_dags/plugins/listener_plugin.py
[2026-03-28T18:46:27.686+0500] {processor.py:183} INFO - Processing /home/abayturar/airflow-project/venv/lib/python3.12/site-packages/airflow/example_dags/plugins/listener_plugin.py took 0.027 seconds
[2026-03-28T18:47:15.079+0500] {processor.py:161} INFO - Started process (PID=22715) to work on /home/abayturar/airflow-project/venv/lib/python3.12/site-packages/airflow/example_dags/plugins/listener_plugin.py
[2026-03-28T18:47:15.080+0500] {processor.py:830} INFO - Processing file /home/abayturar/airflow-project/venv/lib/python3.12/site-packages/airflow/example_dags/plugins/listener_plugin.py for tasks to queue
[2026-03-28T18:47:15.082+0500] {logging_mixin.py:188} INFO - [2026-03-28T18:47:15.081+0500] {dagbag.py:545} INFO - Filling up the DagBag from /home/abayturar/airflow-project/venv/lib/python3.12/site-packages/airflow/example_dags/plugins/listener_plugin.py
[2026-03-28T18:47:15.085+0500] {processor.py:842} WARNING - No viable dags retrieved from /home/abayturar/airflow-project/venv/lib/python3.12/site-packages/airflow/example_dags/plugins/listener_plugin.py
[2026-03-28T18:47:15.096+0500] {processor.py:183} INFO - Processing /home/abayturar/airflow-project/venv/lib/python3.12/site-packages/airflow/example_dags/plugins/listener_plugin.py took 0.022 seconds
[2026-03-28T18:48:00.576+0500] {processor.py:161} INFO - Started process (PID=22838) to work on /home/abayturar/airflow-project/venv/lib/python3.12/site-packages/airflow/example_dags/plugins/listener_plugin.py
[2026-03-28T18:48:00.577+0500] {processor.py:830} INFO - Processing file /home/abayturar/airflow-project/venv/lib/python3.12/site-packages/airflow/example_dags/plugins/listener_plugin.py for tasks to queue
[2026-03-28T18:48:00.579+0500] {logging_mixin.py:188} INFO - [2026-03-28T18:48:00.579+0500] {dagbag.py:545} INFO - Filling up the DagBag from /home/abayturar/airflow-project/venv/lib/python3.12/site-packages/airflow/example_dags/plugins/listener_plugin.py
[2026-03-28T18:48:00.582+0500] {processor.py:842} WARNING - No viable dags retrieved from /home/abayturar/airflow-project/venv/lib/python3.12/site-packages/airflow/example_dags/plugins/listener_plugin.py
[2026-03-28T18:48:00.595+0500] {processor.py:183} INFO - Processing /home/abayturar/airflow-project/venv/lib/python3.12/site-packages/airflow/example_dags/plugins/listener_plugin.py took 0.025 seconds
[2026-03-28T18:48:44.056+0500] {processor.py:161} INFO - Started process (PID=22955) to work on /home/abayturar/airflow-project/venv/lib/python3.12/site-packages/airflow/example_dags/plugins/listener_plugin.py
[2026-03-28T18:48:44.057+0500] {processor.py:830} INFO - Processing file /home/abayturar/airflow-project/venv/lib/python3.12/site-packages/airflow/example_dags/plugins/listener_plugin.py for tasks to queue
[2026-03-28T18:48:44.059+0500] {logging_mixin.py:188} INFO - [2026-03-28T18:48:44.059+0500] {dagbag.py:545} INFO - Filling up the DagBag from /home/abayturar/airflow-project/venv/lib/python3.12/site-packages/airflow/example_dags/plugins/listener_plugin.py
[2026-03-28T18:48:44.062+0500] {processor.py:842} WARNING - No viable dags retrieved from /home/abayturar/airflow-project/venv/lib/python3.12/site-packages/airflow/example_dags/plugins/listener_plugin.py
[2026-03-28T18:48:44.077+0500] {processor.py:183} INFO - Processing /home/abayturar/airflow-project/venv/lib/python3.12/site-packages/airflow/example_dags/plugins/listener_plugin.py took 0.027 seconds
[2026-03-28T18:49:29.157+0500] {processor.py:161} INFO - Started process (PID=23076) to work on /home/abayturar/airflow-project/venv/lib/python3.12/site-packages/airflow/example_dags/plugins/listener_plugin.py
[2026-03-28T18:49:29.158+0500] {processor.py:830} INFO - Processing file /home/abayturar/airflow-project/venv/lib/python3.12/site-packages/airflow/example_dags/plugins/listener_plugin.py for tasks to queue
[2026-03-28T18:49:29.160+0500] {logging_mixin.py:188} INFO - [2026-03-28T18:49:29.160+0500] {dagbag.py:545} INFO - Filling up the DagBag from /home/abayturar/airflow-project/venv/lib/python3.12/site-packages/airflow/example_dags/plugins/listener_plugin.py
[2026-03-28T18:49:29.163+0500] {processor.py:842} WARNING - No viable dags retrieved from /home/abayturar/airflow-project/venv/lib/python3.12/site-packages/airflow/example_dags/plugins/listener_plugin.py
[2026-03-28T18:49:29.174+0500] {processor.py:183} INFO - Processing /home/abayturar/airflow-project/venv/lib/python3.12/site-packages/airflow/example_dags/plugins/listener_plugin.py took 0.023 seconds
[2026-03-28T18:50:14.537+0500] {processor.py:161} INFO - Started process (PID=23198) to work on /home/abayturar/airflow-project/venv/lib/python3.12/site-packages/airflow/example_dags/plugins/listener_plugin.py
[2026-03-28T18:50:14.538+0500] {processor.py:830} INFO - Processing file /home/abayturar/airflow-project/venv/lib/python3.12/site-packages/airflow/example_dags/plugins/listener_plugin.py for tasks to queue
[2026-03-28T18:50:14.539+0500] {logging_mixin.py:188} INFO - [2026-03-28T18:50:14.539+0500] {dagbag.py:545} INFO - Filling up the DagBag from /home/abayturar/airflow-project/venv/lib/python3.12/site-packages/airflow/example_dags/plugins/listener_plugin.py
[2026-03-28T18:50:14.542+0500] {processor.py:842} WARNING - No viable dags retrieved from /home/abayturar/airflow-project/venv/lib/python3.12/site-packages/airflow/example_dags/plugins/listener_plugin.py
[2026-03-28T18:50:14.553+0500] {processor.py:183} INFO - Processing /home/abayturar/airflow-project/venv/lib/python3.12/site-packages/airflow/example_dags/plugins/listener_plugin.py took 0.023 seconds
[2026-03-28T18:51:01.361+0500] {processor.py:161} INFO - Started process (PID=23325) to work on /home/abayturar/airflow-project/venv/lib/python3.12/site-packages/airflow/example_dags/plugins/listener_plugin.py
[2026-03-28T18:51:01.362+0500] {processor.py:830} INFO - Processing file /home/abayturar/airflow-project/venv/lib/python3.12/site-packages/airflow/example_dags/plugins/listener_plugin.py for tasks to queue
[2026-03-28T18:51:01.364+0500] {logging_mixin.py:188} INFO - [2026-03-28T18:51:01.363+0500] {dagbag.py:545} INFO - Filling up the DagBag from /home/abayturar/airflow-project/venv/lib/python3.12/site-packages/airflow/example_dags/plugins/listener_plugin.py
[2026-03-28T18:51:01.367+0500] {processor.py:842} WARNING - No viable dags retrieved from /home/abayturar/airflow-project/venv/lib/python3.12/site-packages/airflow/example_dags/plugins/listener_plugin.py
[2026-03-28T18:51:01.380+0500] {processor.py:183} INFO - Processing /home/abayturar/airflow-project/venv/lib/python3.12/site-packages/airflow/example_dags/plugins/listener_plugin.py took 0.026 seconds
[2026-03-28T18:51:49.074+0500] {processor.py:161} INFO - Started process (PID=23452) to work on /home/abayturar/airflow-project/venv/lib/python3.12/site-packages/airflow/example_dags/plugins/listener_plugin.py
[2026-03-28T18:51:49.075+0500] {processor.py:830} INFO - Processing file /home/abayturar/airflow-project/venv/lib/python3.12/site-packages/airflow/example_dags/plugins/listener_plugin.py for tasks to queue
[2026-03-28T18:51:49.076+0500] {logging_mixin.py:188} INFO - [2026-03-28T18:51:49.076+0500] {dagbag.py:545} INFO - Filling up the DagBag from /home/abayturar/airflow-project/venv/lib/python3.12/site-packages/airflow/example_dags/plugins/listener_plugin.py
[2026-03-28T18:51:49.079+0500] {processor.py:842} WARNING - No viable dags retrieved from /home/abayturar/airflow-project/venv/lib/python3.12/site-packages/airflow/example_dags/plugins/listener_plugin.py
[2026-03-28T18:51:49.091+0500] {processor.py:183} INFO - Processing /home/abayturar/airflow-project/venv/lib/python3.12/site-packages/airflow/example_dags/plugins/listener_plugin.py took 0.023 seconds
[2026-03-28T18:52:34.411+0500] {processor.py:161} INFO - Started process (PID=23573) to work on /home/abayturar/airflow-project/venv/lib/python3.12/site-packages/airflow/example_dags/plugins/listener_plugin.py
[2026-03-28T18:52:34.412+0500] {processor.py:830} INFO - Processing file /home/abayturar/airflow-project/venv/lib/python3.12/site-packages/airflow/example_dags/plugins/listener_plugin.py for tasks to queue
[2026-03-28T18:52:34.414+0500] {logging_mixin.py:188} INFO - [2026-03-28T18:52:34.414+0500] {dagbag.py:545} INFO - Filling up the DagBag from /home/abayturar/airflow-project/venv/lib/python3.12/site-packages/airflow/example_dags/plugins/listener_plugin.py
[2026-03-28T18:52:34.417+0500] {processor.py:842} WARNING - No viable dags retrieved from /home/abayturar/airflow-project/venv/lib/python3.12/site-packages/airflow/example_dags/plugins/listener_plugin.py
[2026-03-28T18:52:34.429+0500] {processor.py:183} INFO - Processing /home/abayturar/airflow-project/venv/lib/python3.12/site-packages/airflow/example_dags/plugins/listener_plugin.py took 0.024 seconds
[2026-03-28T18:53:19.531+0500] {processor.py:161} INFO - Started process (PID=23697) to work on /home/abayturar/airflow-project/venv/lib/python3.12/site-packages/airflow/example_dags/plugins/listener_plugin.py
[2026-03-28T18:53:19.532+0500] {processor.py:830} INFO - Processing file /home/abayturar/airflow-project/venv/lib/python3.12/site-packages/airflow/example_dags/plugins/listener_plugin.py for tasks to queue
[2026-03-28T18:53:19.533+0500] {logging_mixin.py:188} INFO - [2026-03-28T18:53:19.533+0500] {dagbag.py:545} INFO - Filling up the DagBag from /home/abayturar/airflow-project/venv/lib/python3.12/site-packages/airflow/example_dags/plugins/listener_plugin.py
[2026-03-28T18:53:19.536+0500] {processor.py:842} WARNING - No viable dags retrieved from /home/abayturar/airflow-project/venv/lib/python3.12/site-packages/airflow/example_dags/plugins/listener_plugin.py
[2026-03-28T18:53:19.547+0500] {processor.py:183} INFO - Processing /home/abayturar/airflow-project/venv/lib/python3.12/site-packages/airflow/example_dags/plugins/listener_plugin.py took 0.023 seconds
[2026-03-28T18:54:05.406+0500] {processor.py:161} INFO - Started process (PID=23819) to work on /home/abayturar/airflow-project/venv/lib/python3.12/site-packages/airflow/example_dags/plugins/listener_plugin.py
[2026-03-28T18:54:05.406+0500] {processor.py:830} INFO - Processing file /home/abayturar/airflow-project/venv/lib/python3.12/site-packages/airflow/example_dags/plugins/listener_plugin.py for tasks to queue
[2026-03-28T18:54:05.408+0500] {logging_mixin.py:188} INFO - [2026-03-28T18:54:05.408+0500] {dagbag.py:545} INFO - Filling up the DagBag from /home/abayturar/airflow-project/venv/lib/python3.12/site-packages/airflow/example_dags/plugins/listener_plugin.py
[2026-03-28T18:54:05.411+0500] {processor.py:842} WARNING - No viable dags retrieved from /home/abayturar/airflow-project/venv/lib/python3.12/site-packages/airflow/example_dags/plugins/listener_plugin.py
[2026-03-28T18:54:05.421+0500] {processor.py:183} INFO - Processing /home/abayturar/airflow-project/venv/lib/python3.12/site-packages/airflow/example_dags/plugins/listener_plugin.py took 0.022 seconds
[2026-03-28T18:54:49.694+0500] {processor.py:161} INFO - Started process (PID=23940) to work on /home/abayturar/airflow-project/venv/lib/python3.12/site-packages/airflow/example_dags/plugins/listener_plugin.py
[2026-03-28T18:54:49.695+0500] {processor.py:830} INFO - Processing file /home/abayturar/airflow-project/venv/lib/python3.12/site-packages/airflow/example_dags/plugins/listener_plugin.py for tasks to queue
[2026-03-28T18:54:49.697+0500] {logging_mixin.py:188} INFO - [2026-03-28T18:54:49.697+0500] {dagbag.py:545} INFO - Filling up the DagBag from /home/abayturar/airflow-project/venv/lib/python3.12/site-packages/airflow/example_dags/plugins/listener_plugin.py
[2026-03-28T18:54:49.700+0500] {processor.py:842} WARNING - No viable dags retrieved from /home/abayturar/airflow-project/venv/lib/python3.12/site-packages/airflow/example_dags/plugins/listener_plugin.py
[2026-03-28T18:54:49.712+0500] {processor.py:183} INFO - Processing /home/abayturar/airflow-project/venv/lib/python3.12/site-packages/airflow/example_dags/plugins/listener_plugin.py took 0.024 seconds
[2026-03-28T18:55:39.382+0500] {processor.py:161} INFO - Started process (PID=24070) to work on /home/abayturar/airflow-project/venv/lib/python3.12/site-packages/airflow/example_dags/plugins/listener_plugin.py
[2026-03-28T18:55:39.386+0500] {processor.py:830} INFO - Processing file /home/abayturar/airflow-project/venv/lib/python3.12/site-packages/airflow/example_dags/plugins/listener_plugin.py for tasks to queue
[2026-03-28T18:55:39.395+0500] {logging_mixin.py:188} INFO - [2026-03-28T18:55:39.394+0500] {dagbag.py:545} INFO - Filling up the DagBag from /home/abayturar/airflow-project/venv/lib/python3.12/site-packages/airflow/example_dags/plugins/listener_plugin.py
[2026-03-28T18:55:39.413+0500] {processor.py:842} WARNING - No viable dags retrieved from /home/abayturar/airflow-project/venv/lib/python3.12/site-packages/airflow/example_dags/plugins/listener_plugin.py
[2026-03-28T18:55:39.437+0500] {processor.py:183} INFO - Processing /home/abayturar/airflow-project/venv/lib/python3.12/site-packages/airflow/example_dags/plugins/listener_plugin.py took 0.066 seconds
[2026-03-28T18:56:33.311+0500] {processor.py:161} INFO - Started process (PID=24209) to work on /home/abayturar/airflow-project/venv/lib/python3.12/site-packages/airflow/example_dags/plugins/listener_plugin.py
[2026-03-28T18:56:33.312+0500] {processor.py:830} INFO - Processing file /home/abayturar/airflow-project/venv/lib/python3.12/site-packages/airflow/example_dags/plugins/listener_plugin.py for tasks to queue
[2026-03-28T18:56:33.314+0500] {logging_mixin.py:188} INFO - [2026-03-28T18:56:33.313+0500] {dagbag.py:545} INFO - Filling up the DagBag from /home/abayturar/airflow-project/venv/lib/python3.12/site-packages/airflow/example_dags/plugins/listener_plugin.py
[2026-03-28T18:56:33.317+0500] {processor.py:842} WARNING - No viable dags retrieved from /home/abayturar/airflow-project/venv/lib/python3.12/site-packages/airflow/example_dags/plugins/listener_plugin.py
[2026-03-28T18:56:33.329+0500] {processor.py:183} INFO - Processing /home/abayturar/airflow-project/venv/lib/python3.12/site-packages/airflow/example_dags/plugins/listener_plugin.py took 0.025 seconds
[2026-03-28T18:57:21.430+0500] {processor.py:161} INFO - Started process (PID=24337) to work on /home/abayturar/airflow-project/venv/lib/python3.12/site-packages/airflow/example_dags/plugins/listener_plugin.py
[2026-03-28T18:57:21.432+0500] {processor.py:830} INFO - Processing file /home/abayturar/airflow-project/venv/lib/python3.12/site-packages/airflow/example_dags/plugins/listener_plugin.py for tasks to queue
[2026-03-28T18:57:21.436+0500] {logging_mixin.py:188} INFO - [2026-03-28T18:57:21.435+0500] {dagbag.py:545} INFO - Filling up the DagBag from /home/abayturar/airflow-project/venv/lib/python3.12/site-packages/airflow/example_dags/plugins/listener_plugin.py
[2026-03-28T18:57:21.441+0500] {processor.py:842} WARNING - No viable dags retrieved from /home/abayturar/airflow-project/venv/lib/python3.12/site-packages/airflow/example_dags/plugins/listener_plugin.py
[2026-03-28T18:57:21.455+0500] {processor.py:183} INFO - Processing /home/abayturar/airflow-project/venv/lib/python3.12/site-packages/airflow/example_dags/plugins/listener_plugin.py took 0.035 seconds
[2026-03-28T18:58:09.125+0500] {processor.py:161} INFO - Started process (PID=24463) to work on /home/abayturar/airflow-project/venv/lib/python3.12/site-packages/airflow/example_dags/plugins/listener_plugin.py
[2026-03-28T18:58:09.126+0500] {processor.py:830} INFO - Processing file /home/abayturar/airflow-project/venv/lib/python3.12/site-packages/airflow/example_dags/plugins/listener_plugin.py for tasks to queue
[2026-03-28T18:58:09.128+0500] {logging_mixin.py:188} INFO - [2026-03-28T18:58:09.127+0500] {dagbag.py:545} INFO - Filling up the DagBag from /home/abayturar/airflow-project/venv/lib/python3.12/site-packages/airflow/example_dags/plugins/listener_plugin.py
[2026-03-28T18:58:09.131+0500] {processor.py:842} WARNING - No viable dags retrieved from /home/abayturar/airflow-project/venv/lib/python3.12/site-packages/airflow/example_dags/plugins/listener_plugin.py
[2026-03-28T18:58:09.145+0500] {processor.py:183} INFO - Processing /home/abayturar/airflow-project/venv/lib/python3.12/site-packages/airflow/example_dags/plugins/listener_plugin.py took 0.025 seconds
[2026-03-28T18:58:55.691+0500] {processor.py:161} INFO - Started process (PID=24589) to work on /home/abayturar/airflow-project/venv/lib/python3.12/site-packages/airflow/example_dags/plugins/listener_plugin.py
[2026-03-28T18:58:55.692+0500] {processor.py:830} INFO - Processing file /home/abayturar/airflow-project/venv/lib/python3.12/site-packages/airflow/example_dags/plugins/listener_plugin.py for tasks to queue
[2026-03-28T18:58:55.695+0500] {logging_mixin.py:188} INFO - [2026-03-28T18:58:55.695+0500] {dagbag.py:545} INFO - Filling up the DagBag from /home/abayturar/airflow-project/venv/lib/python3.12/site-packages/airflow/example_dags/plugins/listener_plugin.py
[2026-03-28T18:58:55.698+0500] {processor.py:842} WARNING - No viable dags retrieved from /home/abayturar/airflow-project/venv/lib/python3.12/site-packages/airflow/example_dags/plugins/listener_plugin.py
[2026-03-28T18:58:55.711+0500] {processor.py:183} INFO - Processing /home/abayturar/airflow-project/venv/lib/python3.12/site-packages/airflow/example_dags/plugins/listener_plugin.py took 0.026 seconds
[2026-03-28T18:59:42.527+0500] {processor.py:161} INFO - Started process (PID=24715) to work on /home/abayturar/airflow-project/venv/lib/python3.12/site-packages/airflow/example_dags/plugins/listener_plugin.py
[2026-03-28T18:59:42.528+0500] {processor.py:830} INFO - Processing file /home/abayturar/airflow-project/venv/lib/python3.12/site-packages/airflow/example_dags/plugins/listener_plugin.py for tasks to queue
[2026-03-28T18:59:42.529+0500] {logging_mixin.py:188} INFO - [2026-03-28T18:59:42.529+0500] {dagbag.py:545} INFO - Filling up the DagBag from /home/abayturar/airflow-project/venv/lib/python3.12/site-packages/airflow/example_dags/plugins/listener_plugin.py
[2026-03-28T18:59:42.533+0500] {processor.py:842} WARNING - No viable dags retrieved from /home/abayturar/airflow-project/venv/lib/python3.12/site-packages/airflow/example_dags/plugins/listener_plugin.py
[2026-03-28T18:59:42.546+0500] {processor.py:183} INFO - Processing /home/abayturar/airflow-project/venv/lib/python3.12/site-packages/airflow/example_dags/plugins/listener_plugin.py took 0.025 seconds
[2026-03-28T19:00:30.009+0500] {processor.py:161} INFO - Started process (PID=24843) to work on /home/abayturar/airflow-project/venv/lib/python3.12/site-packages/airflow/example_dags/plugins/listener_plugin.py
[2026-03-28T19:00:30.010+0500] {processor.py:830} INFO - Processing file /home/abayturar/airflow-project/venv/lib/python3.12/site-packages/airflow/example_dags/plugins/listener_plugin.py for tasks to queue
[2026-03-28T19:00:30.012+0500] {logging_mixin.py:188} INFO - [2026-03-28T19:00:30.011+0500] {dagbag.py:545} INFO - Filling up the DagBag from /home/abayturar/airflow-project/venv/lib/python3.12/site-packages/airflow/example_dags/plugins/listener_plugin.py
[2026-03-28T19:00:30.015+0500] {processor.py:842} WARNING - No viable dags retrieved from /home/abayturar/airflow-project/venv/lib/python3.12/site-packages/airflow/example_dags/plugins/listener_plugin.py
[2026-03-28T19:00:30.027+0500] {processor.py:183} INFO - Processing /home/abayturar/airflow-project/venv/lib/python3.12/site-packages/airflow/example_dags/plugins/listener_plugin.py took 0.026 seconds
[2026-03-28T19:01:16.360+0500] {processor.py:161} INFO - Started process (PID=24965) to work on /home/abayturar/airflow-project/venv/lib/python3.12/site-packages/airflow/example_dags/plugins/listener_plugin.py
[2026-03-28T19:01:16.361+0500] {processor.py:830} INFO - Processing file /home/abayturar/airflow-project/venv/lib/python3.12/site-packages/airflow/example_dags/plugins/listener_plugin.py for tasks to queue
[2026-03-28T19:01:16.362+0500] {logging_mixin.py:188} INFO - [2026-03-28T19:01:16.362+0500] {dagbag.py:545} INFO - Filling up the DagBag from /home/abayturar/airflow-project/venv/lib/python3.12/site-packages/airflow/example_dags/plugins/listener_plugin.py
[2026-03-28T19:01:16.366+0500] {processor.py:842} WARNING - No viable dags retrieved from /home/abayturar/airflow-project/venv/lib/python3.12/site-packages/airflow/example_dags/plugins/listener_plugin.py
[2026-03-28T19:01:16.378+0500] {processor.py:183} INFO - Processing /home/abayturar/airflow-project/venv/lib/python3.12/site-packages/airflow/example_dags/plugins/listener_plugin.py took 0.025 seconds
[2026-03-28T19:02:04.288+0500] {processor.py:161} INFO - Started process (PID=25098) to work on /home/abayturar/airflow-project/venv/lib/python3.12/site-packages/airflow/example_dags/plugins/listener_plugin.py
[2026-03-28T19:02:04.288+0500] {processor.py:830} INFO - Processing file /home/abayturar/airflow-project/venv/lib/python3.12/site-packages/airflow/example_dags/plugins/listener_plugin.py for tasks to queue
[2026-03-28T19:02:04.290+0500] {logging_mixin.py:188} INFO - [2026-03-28T19:02:04.290+0500] {dagbag.py:545} INFO - Filling up the DagBag from /home/abayturar/airflow-project/venv/lib/python3.12/site-packages/airflow/example_dags/plugins/listener_plugin.py
[2026-03-28T19:02:04.293+0500] {processor.py:842} WARNING - No viable dags retrieved from /home/abayturar/airflow-project/venv/lib/python3.12/site-packages/airflow/example_dags/plugins/listener_plugin.py
[2026-03-28T19:02:04.305+0500] {processor.py:183} INFO - Processing /home/abayturar/airflow-project/venv/lib/python3.12/site-packages/airflow/example_dags/plugins/listener_plugin.py took 0.024 seconds
[2026-03-28T19:02:47.485+0500] {processor.py:161} INFO - Started process (PID=25212) to work on /home/abayturar/airflow-project/venv/lib/python3.12/site-packages/airflow/example_dags/plugins/listener_plugin.py
[2026-03-28T19:02:47.486+0500] {processor.py:830} INFO - Processing file /home/abayturar/airflow-project/venv/lib/python3.12/site-packages/airflow/example_dags/plugins/listener_plugin.py for tasks to queue
[2026-03-28T19:02:47.488+0500] {logging_mixin.py:188} INFO - [2026-03-28T19:02:47.488+0500] {dagbag.py:545} INFO - Filling up the DagBag from /home/abayturar/airflow-project/venv/lib/python3.12/site-packages/airflow/example_dags/plugins/listener_plugin.py
[2026-03-28T19:02:47.492+0500] {processor.py:842} WARNING - No viable dags retrieved from /home/abayturar/airflow-project/venv/lib/python3.12/site-packages/airflow/example_dags/plugins/listener_plugin.py
[2026-03-28T19:02:47.505+0500] {processor.py:183} INFO - Processing /home/abayturar/airflow-project/venv/lib/python3.12/site-packages/airflow/example_dags/plugins/listener_plugin.py took 0.027 seconds
[2026-03-28T19:03:29.595+0500] {processor.py:161} INFO - Started process (PID=25329) to work on /home/abayturar/airflow-project/venv/lib/python3.12/site-packages/airflow/example_dags/plugins/listener_plugin.py
[2026-03-28T19:03:29.596+0500] {processor.py:830} INFO - Processing file /home/abayturar/airflow-project/venv/lib/python3.12/site-packages/airflow/example_dags/plugins/listener_plugin.py for tasks to queue
[2026-03-28T19:03:29.597+0500] {logging_mixin.py:188} INFO - [2026-03-28T19:03:29.597+0500] {dagbag.py:545} INFO - Filling up the DagBag from /home/abayturar/airflow-project/venv/lib/python3.12/site-packages/airflow/example_dags/plugins/listener_plugin.py
[2026-03-28T19:03:29.600+0500] {processor.py:842} WARNING - No viable dags retrieved from /home/abayturar/airflow-project/venv/lib/python3.12/site-packages/airflow/example_dags/plugins/listener_plugin.py
[2026-03-28T19:03:29.611+0500] {processor.py:183} INFO - Processing /home/abayturar/airflow-project/venv/lib/python3.12/site-packages/airflow/example_dags/plugins/listener_plugin.py took 0.022 seconds
[2026-03-28T19:04:18.306+0500] {processor.py:161} INFO - Started process (PID=25459) to work on /home/abayturar/airflow-project/venv/lib/python3.12/site-packages/airflow/example_dags/plugins/listener_plugin.py
[2026-03-28T19:04:18.307+0500] {processor.py:830} INFO - Processing file /home/abayturar/airflow-project/venv/lib/python3.12/site-packages/airflow/example_dags/plugins/listener_plugin.py for tasks to queue
[2026-03-28T19:04:18.309+0500] {logging_mixin.py:188} INFO - [2026-03-28T19:04:18.308+0500] {dagbag.py:545} INFO - Filling up the DagBag from /home/abayturar/airflow-project/venv/lib/python3.12/site-packages/airflow/example_dags/plugins/listener_plugin.py
[2026-03-28T19:04:18.312+0500] {processor.py:842} WARNING - No viable dags retrieved from /home/abayturar/airflow-project/venv/lib/python3.12/site-packages/airflow/example_dags/plugins/listener_plugin.py
[2026-03-28T19:04:18.323+0500] {processor.py:183} INFO - Processing /home/abayturar/airflow-project/venv/lib/python3.12/site-packages/airflow/example_dags/plugins/listener_plugin.py took 0.023 seconds
[2026-03-28T19:05:02.447+0500] {processor.py:161} INFO - Started process (PID=25579) to work on /home/abayturar/airflow-project/venv/lib/python3.12/site-packages/airflow/example_dags/plugins/listener_plugin.py
[2026-03-28T19:05:02.448+0500] {processor.py:830} INFO - Processing file /home/abayturar/airflow-project/venv/lib/python3.12/site-packages/airflow/example_dags/plugins/listener_plugin.py for tasks to queue
[2026-03-28T19:05:02.449+0500] {logging_mixin.py:188} INFO - [2026-03-28T19:05:02.449+0500] {dagbag.py:545} INFO - Filling up the DagBag from /home/abayturar/airflow-project/venv/lib/python3.12/site-packages/airflow/example_dags/plugins/listener_plugin.py
[2026-03-28T19:05:02.452+0500] {processor.py:842} WARNING - No viable dags retrieved from /home/abayturar/airflow-project/venv/lib/python3.12/site-packages/airflow/example_dags/plugins/listener_plugin.py
[2026-03-28T19:05:02.464+0500] {processor.py:183} INFO - Processing /home/abayturar/airflow-project/venv/lib/python3.12/site-packages/airflow/example_dags/plugins/listener_plugin.py took 0.023 seconds
[2026-03-28T19:05:46.878+0500] {processor.py:161} INFO - Started process (PID=25698) to work on /home/abayturar/airflow-project/venv/lib/python3.12/site-packages/airflow/example_dags/plugins/listener_plugin.py
[2026-03-28T19:05:46.880+0500] {processor.py:830} INFO - Processing file /home/abayturar/airflow-project/venv/lib/python3.12/site-packages/airflow/example_dags/plugins/listener_plugin.py for tasks to queue
[2026-03-28T19:05:46.882+0500] {logging_mixin.py:188} INFO - [2026-03-28T19:05:46.882+0500] {dagbag.py:545} INFO - Filling up the DagBag from /home/abayturar/airflow-project/venv/lib/python3.12/site-packages/airflow/example_dags/plugins/listener_plugin.py
[2026-03-28T19:05:46.885+0500] {processor.py:842} WARNING - No viable dags retrieved from /home/abayturar/airflow-project/venv/lib/python3.12/site-packages/airflow/example_dags/plugins/listener_plugin.py
[2026-03-28T19:05:46.899+0500] {processor.py:183} INFO - Processing /home/abayturar/airflow-project/venv/lib/python3.12/site-packages/airflow/example_dags/plugins/listener_plugin.py took 0.028 seconds
[2026-03-28T19:06:29.739+0500] {processor.py:161} INFO - Started process (PID=25816) to work on /home/abayturar/airflow-project/venv/lib/python3.12/site-packages/airflow/example_dags/plugins/listener_plugin.py
[2026-03-28T19:06:29.740+0500] {processor.py:830} INFO - Processing file /home/abayturar/airflow-project/venv/lib/python3.12/site-packages/airflow/example_dags/plugins/listener_plugin.py for tasks to queue
[2026-03-28T19:06:29.742+0500] {logging_mixin.py:188} INFO - [2026-03-28T19:06:29.742+0500] {dagbag.py:545} INFO - Filling up the DagBag from /home/abayturar/airflow-project/venv/lib/python3.12/site-packages/airflow/example_dags/plugins/listener_plugin.py
[2026-03-28T19:06:29.745+0500] {processor.py:842} WARNING - No viable dags retrieved from /home/abayturar/airflow-project/venv/lib/python3.12/site-packages/airflow/example_dags/plugins/listener_plugin.py
[2026-03-28T19:06:29.759+0500] {processor.py:183} INFO - Processing /home/abayturar/airflow-project/venv/lib/python3.12/site-packages/airflow/example_dags/plugins/listener_plugin.py took 0.026 seconds
[2026-03-28T19:07:12.259+0500] {processor.py:161} INFO - Started process (PID=25929) to work on /home/abayturar/airflow-project/venv/lib/python3.12/site-packages/airflow/example_dags/plugins/listener_plugin.py
[2026-03-28T19:07:12.260+0500] {processor.py:830} INFO - Processing file /home/abayturar/airflow-project/venv/lib/python3.12/site-packages/airflow/example_dags/plugins/listener_plugin.py for tasks to queue
[2026-03-28T19:07:12.264+0500] {logging_mixin.py:188} INFO - [2026-03-28T19:07:12.264+0500] {dagbag.py:545} INFO - Filling up the DagBag from /home/abayturar/airflow-project/venv/lib/python3.12/site-packages/airflow/example_dags/plugins/listener_plugin.py
[2026-03-28T19:07:12.269+0500] {processor.py:842} WARNING - No viable dags retrieved from /home/abayturar/airflow-project/venv/lib/python3.12/site-packages/airflow/example_dags/plugins/listener_plugin.py
[2026-03-28T19:07:12.289+0500] {processor.py:183} INFO - Processing /home/abayturar/airflow-project/venv/lib/python3.12/site-packages/airflow/example_dags/plugins/listener_plugin.py took 0.042 seconds
[2026-03-28T19:08:01.558+0500] {processor.py:161} INFO - Started process (PID=26061) to work on /home/abayturar/airflow-project/venv/lib/python3.12/site-packages/airflow/example_dags/plugins/listener_plugin.py
[2026-03-28T19:08:01.560+0500] {processor.py:830} INFO - Processing file /home/abayturar/airflow-project/venv/lib/python3.12/site-packages/airflow/example_dags/plugins/listener_plugin.py for tasks to queue
[2026-03-28T19:08:01.561+0500] {logging_mixin.py:188} INFO - [2026-03-28T19:08:01.561+0500] {dagbag.py:545} INFO - Filling up the DagBag from /home/abayturar/airflow-project/venv/lib/python3.12/site-packages/airflow/example_dags/plugins/listener_plugin.py
[2026-03-28T19:08:01.565+0500] {processor.py:842} WARNING - No viable dags retrieved from /home/abayturar/airflow-project/venv/lib/python3.12/site-packages/airflow/example_dags/plugins/listener_plugin.py
[2026-03-28T19:08:01.577+0500] {processor.py:183} INFO - Processing /home/abayturar/airflow-project/venv/lib/python3.12/site-packages/airflow/example_dags/plugins/listener_plugin.py took 0.026 seconds
[2026-03-28T19:08:50.529+0500] {processor.py:161} INFO - Started process (PID=26191) to work on /home/abayturar/airflow-project/venv/lib/python3.12/site-packages/airflow/example_dags/plugins/listener_plugin.py
[2026-03-28T19:08:50.530+0500] {processor.py:830} INFO - Processing file /home/abayturar/airflow-project/venv/lib/python3.12/site-packages/airflow/example_dags/plugins/listener_plugin.py for tasks to queue
[2026-03-28T19:08:50.532+0500] {logging_mixin.py:188} INFO - [2026-03-28T19:08:50.531+0500] {dagbag.py:545} INFO - Filling up the DagBag from /home/abayturar/airflow-project/venv/lib/python3.12/site-packages/airflow/example_dags/plugins/listener_plugin.py
[2026-03-28T19:08:50.536+0500] {processor.py:842} WARNING - No viable dags retrieved from /home/abayturar/airflow-project/venv/lib/python3.12/site-packages/airflow/example_dags/plugins/listener_plugin.py
[2026-03-28T19:08:50.551+0500] {processor.py:183} INFO - Processing /home/abayturar/airflow-project/venv/lib/python3.12/site-packages/airflow/example_dags/plugins/listener_plugin.py took 0.029 seconds
[2026-03-28T19:09:35.730+0500] {processor.py:161} INFO - Started process (PID=26314) to work on /home/abayturar/airflow-project/venv/lib/python3.12/site-packages/airflow/example_dags/plugins/listener_plugin.py
[2026-03-28T19:09:35.732+0500] {processor.py:830} INFO - Processing file /home/abayturar/airflow-project/venv/lib/python3.12/site-packages/airflow/example_dags/plugins/listener_plugin.py for tasks to queue
[2026-03-28T19:09:35.734+0500] {logging_mixin.py:188} INFO - [2026-03-28T19:09:35.733+0500] {dagbag.py:545} INFO - Filling up the DagBag from /home/abayturar/airflow-project/venv/lib/python3.12/site-packages/airflow/example_dags/plugins/listener_plugin.py
[2026-03-28T19:09:35.736+0500] {processor.py:842} WARNING - No viable dags retrieved from /home/abayturar/airflow-project/venv/lib/python3.12/site-packages/airflow/example_dags/plugins/listener_plugin.py
[2026-03-28T19:09:35.750+0500] {processor.py:183} INFO - Processing /home/abayturar/airflow-project/venv/lib/python3.12/site-packages/airflow/example_dags/plugins/listener_plugin.py took 0.026 seconds
[2026-03-28T19:10:21.636+0500] {processor.py:161} INFO - Started process (PID=26437) to work on /home/abayturar/airflow-project/venv/lib/python3.12/site-packages/airflow/example_dags/plugins/listener_plugin.py
[2026-03-28T19:10:21.637+0500] {processor.py:830} INFO - Processing file /home/abayturar/airflow-project/venv/lib/python3.12/site-packages/airflow/example_dags/plugins/listener_plugin.py for tasks to queue
[2026-03-28T19:10:21.639+0500] {logging_mixin.py:188} INFO - [2026-03-28T19:10:21.638+0500] {dagbag.py:545} INFO - Filling up the DagBag from /home/abayturar/airflow-project/venv/lib/python3.12/site-packages/airflow/example_dags/plugins/listener_plugin.py
[2026-03-28T19:10:21.642+0500] {processor.py:842} WARNING - No viable dags retrieved from /home/abayturar/airflow-project/venv/lib/python3.12/site-packages/airflow/example_dags/plugins/listener_plugin.py
[2026-03-28T19:10:21.655+0500] {processor.py:183} INFO - Processing /home/abayturar/airflow-project/venv/lib/python3.12/site-packages/airflow/example_dags/plugins/listener_plugin.py took 0.025 seconds
[2026-03-28T19:11:08.952+0500] {processor.py:161} INFO - Started process (PID=26563) to work on /home/abayturar/airflow-project/venv/lib/python3.12/site-packages/airflow/example_dags/plugins/listener_plugin.py
[2026-03-28T19:11:08.953+0500] {processor.py:830} INFO - Processing file /home/abayturar/airflow-project/venv/lib/python3.12/site-packages/airflow/example_dags/plugins/listener_plugin.py for tasks to queue
[2026-03-28T19:11:08.955+0500] {logging_mixin.py:188} INFO - [2026-03-28T19:11:08.954+0500] {dagbag.py:545} INFO - Filling up the DagBag from /home/abayturar/airflow-project/venv/lib/python3.12/site-packages/airflow/example_dags/plugins/listener_plugin.py
[2026-03-28T19:11:08.957+0500] {processor.py:842} WARNING - No viable dags retrieved from /home/abayturar/airflow-project/venv/lib/python3.12/site-packages/airflow/example_dags/plugins/listener_plugin.py
[2026-03-28T19:11:08.970+0500] {processor.py:183} INFO - Processing /home/abayturar/airflow-project/venv/lib/python3.12/site-packages/airflow/example_dags/plugins/listener_plugin.py took 0.025 seconds
[2026-03-28T19:11:56.982+0500] {processor.py:161} INFO - Started process (PID=26689) to work on /home/abayturar/airflow-project/venv/lib/python3.12/site-packages/airflow/example_dags/plugins/listener_plugin.py
[2026-03-28T19:11:56.983+0500] {processor.py:830} INFO - Processing file /home/abayturar/airflow-project/venv/lib/python3.12/site-packages/airflow/example_dags/plugins/listener_plugin.py for tasks to queue
[2026-03-28T19:11:56.984+0500] {logging_mixin.py:188} INFO - [2026-03-28T19:11:56.984+0500] {dagbag.py:545} INFO - Filling up the DagBag from /home/abayturar/airflow-project/venv/lib/python3.12/site-packages/airflow/example_dags/plugins/listener_plugin.py
[2026-03-28T19:11:56.987+0500] {processor.py:842} WARNING - No viable dags retrieved from /home/abayturar/airflow-project/venv/lib/python3.12/site-packages/airflow/example_dags/plugins/listener_plugin.py
[2026-03-28T19:11:56.999+0500] {processor.py:183} INFO - Processing /home/abayturar/airflow-project/venv/lib/python3.12/site-packages/airflow/example_dags/plugins/listener_plugin.py took 0.024 seconds
[2026-03-28T19:12:44.685+0500] {processor.py:161} INFO - Started process (PID=26819) to work on /home/abayturar/airflow-project/venv/lib/python3.12/site-packages/airflow/example_dags/plugins/listener_plugin.py
[2026-03-28T19:12:44.686+0500] {processor.py:830} INFO - Processing file /home/abayturar/airflow-project/venv/lib/python3.12/site-packages/airflow/example_dags/plugins/listener_plugin.py for tasks to queue
[2026-03-28T19:12:44.687+0500] {logging_mixin.py:188} INFO - [2026-03-28T19:12:44.687+0500] {dagbag.py:545} INFO - Filling up the DagBag from /home/abayturar/airflow-project/venv/lib/python3.12/site-packages/airflow/example_dags/plugins/listener_plugin.py
[2026-03-28T19:12:44.690+0500] {processor.py:842} WARNING - No viable dags retrieved from /home/abayturar/airflow-project/venv/lib/python3.12/site-packages/airflow/example_dags/plugins/listener_plugin.py
[2026-03-28T19:12:44.701+0500] {processor.py:183} INFO - Processing /home/abayturar/airflow-project/venv/lib/python3.12/site-packages/airflow/example_dags/plugins/listener_plugin.py took 0.023 seconds
[2026-03-28T19:13:32.346+0500] {processor.py:161} INFO - Started process (PID=26946) to work on /home/abayturar/airflow-project/venv/lib/python3.12/site-packages/airflow/example_dags/plugins/listener_plugin.py
[2026-03-28T19:13:32.346+0500] {processor.py:830} INFO - Processing file /home/abayturar/airflow-project/venv/lib/python3.12/site-packages/airflow/example_dags/plugins/listener_plugin.py for tasks to queue
[2026-03-28T19:13:32.348+0500] {logging_mixin.py:188} INFO - [2026-03-28T19:13:32.348+0500] {dagbag.py:545} INFO - Filling up the DagBag from /home/abayturar/airflow-project/venv/lib/python3.12/site-packages/airflow/example_dags/plugins/listener_plugin.py
[2026-03-28T19:13:32.351+0500] {processor.py:842} WARNING - No viable dags retrieved from /home/abayturar/airflow-project/venv/lib/python3.12/site-packages/airflow/example_dags/plugins/listener_plugin.py
[2026-03-28T19:13:32.362+0500] {processor.py:183} INFO - Processing /home/abayturar/airflow-project/venv/lib/python3.12/site-packages/airflow/example_dags/plugins/listener_plugin.py took 0.023 seconds
[2026-03-28T19:14:18.676+0500] {processor.py:161} INFO - Started process (PID=27071) to work on /home/abayturar/airflow-project/venv/lib/python3.12/site-packages/airflow/example_dags/plugins/listener_plugin.py
[2026-03-28T19:14:18.676+0500] {processor.py:830} INFO - Processing file /home/abayturar/airflow-project/venv/lib/python3.12/site-packages/airflow/example_dags/plugins/listener_plugin.py for tasks to queue
[2026-03-28T19:14:18.678+0500] {logging_mixin.py:188} INFO - [2026-03-28T19:14:18.678+0500] {dagbag.py:545} INFO - Filling up the DagBag from /home/abayturar/airflow-project/venv/lib/python3.12/site-packages/airflow/example_dags/plugins/listener_plugin.py
[2026-03-28T19:14:18.681+0500] {processor.py:842} WARNING - No viable dags retrieved from /home/abayturar/airflow-project/venv/lib/python3.12/site-packages/airflow/example_dags/plugins/listener_plugin.py
[2026-03-28T19:14:18.694+0500] {processor.py:183} INFO - Processing /home/abayturar/airflow-project/venv/lib/python3.12/site-packages/airflow/example_dags/plugins/listener_plugin.py took 0.025 seconds
[2026-03-28T19:15:06.563+0500] {processor.py:161} INFO - Started process (PID=27202) to work on /home/abayturar/airflow-project/venv/lib/python3.12/site-packages/airflow/example_dags/plugins/listener_plugin.py
[2026-03-28T19:15:06.564+0500] {processor.py:830} INFO - Processing file /home/abayturar/airflow-project/venv/lib/python3.12/site-packages/airflow/example_dags/plugins/listener_plugin.py for tasks to queue
[2026-03-28T19:15:06.566+0500] {logging_mixin.py:188} INFO - [2026-03-28T19:15:06.566+0500] {dagbag.py:545} INFO - Filling up the DagBag from /home/abayturar/airflow-project/venv/lib/python3.12/site-packages/airflow/example_dags/plugins/listener_plugin.py
[2026-03-28T19:15:06.569+0500] {processor.py:842} WARNING - No viable dags retrieved from /home/abayturar/airflow-project/venv/lib/python3.12/site-packages/airflow/example_dags/plugins/listener_plugin.py
[2026-03-28T19:15:06.582+0500] {processor.py:183} INFO - Processing /home/abayturar/airflow-project/venv/lib/python3.12/site-packages/airflow/example_dags/plugins/listener_plugin.py took 0.025 seconds
[2026-03-28T19:15:50.980+0500] {processor.py:161} INFO - Started process (PID=27319) to work on /home/abayturar/airflow-project/venv/lib/python3.12/site-packages/airflow/example_dags/plugins/listener_plugin.py
[2026-03-28T19:15:50.981+0500] {processor.py:830} INFO - Processing file /home/abayturar/airflow-project/venv/lib/python3.12/site-packages/airflow/example_dags/plugins/listener_plugin.py for tasks to queue
[2026-03-28T19:15:50.983+0500] {logging_mixin.py:188} INFO - [2026-03-28T19:15:50.983+0500] {dagbag.py:545} INFO - Filling up the DagBag from /home/abayturar/airflow-project/venv/lib/python3.12/site-packages/airflow/example_dags/plugins/listener_plugin.py
[2026-03-28T19:15:50.987+0500] {processor.py:842} WARNING - No viable dags retrieved from /home/abayturar/airflow-project/venv/lib/python3.12/site-packages/airflow/example_dags/plugins/listener_plugin.py
[2026-03-28T19:15:51.005+0500] {processor.py:183} INFO - Processing /home/abayturar/airflow-project/venv/lib/python3.12/site-packages/airflow/example_dags/plugins/listener_plugin.py took 0.034 seconds
[2026-03-28T19:16:38.354+0500] {processor.py:161} INFO - Started process (PID=27446) to work on /home/abayturar/airflow-project/venv/lib/python3.12/site-packages/airflow/example_dags/plugins/listener_plugin.py
[2026-03-28T19:16:38.354+0500] {processor.py:830} INFO - Processing file /home/abayturar/airflow-project/venv/lib/python3.12/site-packages/airflow/example_dags/plugins/listener_plugin.py for tasks to queue
[2026-03-28T19:16:38.356+0500] {logging_mixin.py:188} INFO - [2026-03-28T19:16:38.356+0500] {dagbag.py:545} INFO - Filling up the DagBag from /home/abayturar/airflow-project/venv/lib/python3.12/site-packages/airflow/example_dags/plugins/listener_plugin.py
[2026-03-28T19:16:38.359+0500] {processor.py:842} WARNING - No viable dags retrieved from /home/abayturar/airflow-project/venv/lib/python3.12/site-packages/airflow/example_dags/plugins/listener_plugin.py
[2026-03-28T19:16:38.371+0500] {processor.py:183} INFO - Processing /home/abayturar/airflow-project/venv/lib/python3.12/site-packages/airflow/example_dags/plugins/listener_plugin.py took 0.023 seconds
[2026-03-28T19:17:24.451+0500] {processor.py:161} INFO - Started process (PID=27572) to work on /home/abayturar/airflow-project/venv/lib/python3.12/site-packages/airflow/example_dags/plugins/listener_plugin.py
[2026-03-28T19:17:24.452+0500] {processor.py:830} INFO - Processing file /home/abayturar/airflow-project/venv/lib/python3.12/site-packages/airflow/example_dags/plugins/listener_plugin.py for tasks to queue
[2026-03-28T19:17:24.454+0500] {logging_mixin.py:188} INFO - [2026-03-28T19:17:24.454+0500] {dagbag.py:545} INFO - Filling up the DagBag from /home/abayturar/airflow-project/venv/lib/python3.12/site-packages/airflow/example_dags/plugins/listener_plugin.py
[2026-03-28T19:17:24.459+0500] {processor.py:842} WARNING - No viable dags retrieved from /home/abayturar/airflow-project/venv/lib/python3.12/site-packages/airflow/example_dags/plugins/listener_plugin.py
[2026-03-28T19:17:24.475+0500] {processor.py:183} INFO - Processing /home/abayturar/airflow-project/venv/lib/python3.12/site-packages/airflow/example_dags/plugins/listener_plugin.py took 0.032 seconds
[2026-03-28T19:18:10.769+0500] {processor.py:161} INFO - Started process (PID=27696) to work on /home/abayturar/airflow-project/venv/lib/python3.12/site-packages/airflow/example_dags/plugins/listener_plugin.py
[2026-03-28T19:18:10.770+0500] {processor.py:830} INFO - Processing file /home/abayturar/airflow-project/venv/lib/python3.12/site-packages/airflow/example_dags/plugins/listener_plugin.py for tasks to queue
[2026-03-28T19:18:10.771+0500] {logging_mixin.py:188} INFO - [2026-03-28T19:18:10.771+0500] {dagbag.py:545} INFO - Filling up the DagBag from /home/abayturar/airflow-project/venv/lib/python3.12/site-packages/airflow/example_dags/plugins/listener_plugin.py
[2026-03-28T19:18:10.775+0500] {processor.py:842} WARNING - No viable dags retrieved from /home/abayturar/airflow-project/venv/lib/python3.12/site-packages/airflow/example_dags/plugins/listener_plugin.py
[2026-03-28T19:18:10.787+0500] {processor.py:183} INFO - Processing /home/abayturar/airflow-project/venv/lib/python3.12/site-packages/airflow/example_dags/plugins/listener_plugin.py took 0.026 seconds
[2026-03-28T19:18:52.754+0500] {processor.py:161} INFO - Started process (PID=27811) to work on /home/abayturar/airflow-project/venv/lib/python3.12/site-packages/airflow/example_dags/plugins/listener_plugin.py
[2026-03-28T19:18:52.754+0500] {processor.py:830} INFO - Processing file /home/abayturar/airflow-project/venv/lib/python3.12/site-packages/airflow/example_dags/plugins/listener_plugin.py for tasks to queue
[2026-03-28T19:18:52.756+0500] {logging_mixin.py:188} INFO - [2026-03-28T19:18:52.756+0500] {dagbag.py:545} INFO - Filling up the DagBag from /home/abayturar/airflow-project/venv/lib/python3.12/site-packages/airflow/example_dags/plugins/listener_plugin.py
[2026-03-28T19:18:52.759+0500] {processor.py:842} WARNING - No viable dags retrieved from /home/abayturar/airflow-project/venv/lib/python3.12/site-packages/airflow/example_dags/plugins/listener_plugin.py
[2026-03-28T19:18:52.771+0500] {processor.py:183} INFO - Processing /home/abayturar/airflow-project/venv/lib/python3.12/site-packages/airflow/example_dags/plugins/listener_plugin.py took 0.023 seconds
[2026-03-28T19:19:40.138+0500] {processor.py:161} INFO - Started process (PID=27940) to work on /home/abayturar/airflow-project/venv/lib/python3.12/site-packages/airflow/example_dags/plugins/listener_plugin.py
[2026-03-28T19:19:40.139+0500] {processor.py:830} INFO - Processing file /home/abayturar/airflow-project/venv/lib/python3.12/site-packages/airflow/example_dags/plugins/listener_plugin.py for tasks to queue
[2026-03-28T19:19:40.140+0500] {logging_mixin.py:188} INFO - [2026-03-28T19:19:40.140+0500] {dagbag.py:545} INFO - Filling up the DagBag from /home/abayturar/airflow-project/venv/lib/python3.12/site-packages/airflow/example_dags/plugins/listener_plugin.py
[2026-03-28T19:19:40.144+0500] {processor.py:842} WARNING - No viable dags retrieved from /home/abayturar/airflow-project/venv/lib/python3.12/site-packages/airflow/example_dags/plugins/listener_plugin.py
[2026-03-28T19:19:40.156+0500] {processor.py:183} INFO - Processing /home/abayturar/airflow-project/venv/lib/python3.12/site-packages/airflow/example_dags/plugins/listener_plugin.py took 0.025 seconds
[2026-03-28T19:20:26.321+0500] {processor.py:161} INFO - Started process (PID=28063) to work on /home/abayturar/airflow-project/venv/lib/python3.12/site-packages/airflow/example_dags/plugins/listener_plugin.py
[2026-03-28T19:20:26.321+0500] {processor.py:830} INFO - Processing file /home/abayturar/airflow-project/venv/lib/python3.12/site-packages/airflow/example_dags/plugins/listener_plugin.py for tasks to queue
[2026-03-28T19:20:26.323+0500] {logging_mixin.py:188} INFO - [2026-03-28T19:20:26.323+0500] {dagbag.py:545} INFO - Filling up the DagBag from /home/abayturar/airflow-project/venv/lib/python3.12/site-packages/airflow/example_dags/plugins/listener_plugin.py
[2026-03-28T19:20:26.327+0500] {processor.py:842} WARNING - No viable dags retrieved from /home/abayturar/airflow-project/venv/lib/python3.12/site-packages/airflow/example_dags/plugins/listener_plugin.py
[2026-03-28T19:20:26.341+0500] {processor.py:183} INFO - Processing /home/abayturar/airflow-project/venv/lib/python3.12/site-packages/airflow/example_dags/plugins/listener_plugin.py took 0.028 seconds
[2026-03-28T19:21:12.582+0500] {processor.py:161} INFO - Started process (PID=28186) to work on /home/abayturar/airflow-project/venv/lib/python3.12/site-packages/airflow/example_dags/plugins/listener_plugin.py
[2026-03-28T19:21:12.583+0500] {processor.py:830} INFO - Processing file /home/abayturar/airflow-project/venv/lib/python3.12/site-packages/airflow/example_dags/plugins/listener_plugin.py for tasks to queue
[2026-03-28T19:21:12.585+0500] {logging_mixin.py:188} INFO - [2026-03-28T19:21:12.585+0500] {dagbag.py:545} INFO - Filling up the DagBag from /home/abayturar/airflow-project/venv/lib/python3.12/site-packages/airflow/example_dags/plugins/listener_plugin.py
[2026-03-28T19:21:12.588+0500] {processor.py:842} WARNING - No viable dags retrieved from /home/abayturar/airflow-project/venv/lib/python3.12/site-packages/airflow/example_dags/plugins/listener_plugin.py
[2026-03-28T19:21:12.600+0500] {processor.py:183} INFO - Processing /home/abayturar/airflow-project/venv/lib/python3.12/site-packages/airflow/example_dags/plugins/listener_plugin.py took 0.023 seconds
[2026-03-28T19:21:57.277+0500] {processor.py:161} INFO - Started process (PID=28344) to work on /home/abayturar/airflow-project/venv/lib/python3.12/site-packages/airflow/example_dags/plugins/listener_plugin.py
[2026-03-28T19:21:57.278+0500] {processor.py:830} INFO - Processing file /home/abayturar/airflow-project/venv/lib/python3.12/site-packages/airflow/example_dags/plugins/listener_plugin.py for tasks to queue
[2026-03-28T19:21:57.279+0500] {logging_mixin.py:188} INFO - [2026-03-28T19:21:57.279+0500] {dagbag.py:545} INFO - Filling up the DagBag from /home/abayturar/airflow-project/venv/lib/python3.12/site-packages/airflow/example_dags/plugins/listener_plugin.py
[2026-03-28T19:21:57.282+0500] {processor.py:842} WARNING - No viable dags retrieved from /home/abayturar/airflow-project/venv/lib/python3.12/site-packages/airflow/example_dags/plugins/listener_plugin.py
[2026-03-28T19:21:57.293+0500] {processor.py:183} INFO - Processing /home/abayturar/airflow-project/venv/lib/python3.12/site-packages/airflow/example_dags/plugins/listener_plugin.py took 0.022 seconds
[2026-03-28T19:22:39.138+0500] {processor.py:161} INFO - Started process (PID=28461) to work on /home/abayturar/airflow-project/venv/lib/python3.12/site-packages/airflow/example_dags/plugins/listener_plugin.py
[2026-03-28T19:22:39.139+0500] {processor.py:830} INFO - Processing file /home/abayturar/airflow-project/venv/lib/python3.12/site-packages/airflow/example_dags/plugins/listener_plugin.py for tasks to queue
[2026-03-28T19:22:39.141+0500] {logging_mixin.py:188} INFO - [2026-03-28T19:22:39.141+0500] {dagbag.py:545} INFO - Filling up the DagBag from /home/abayturar/airflow-project/venv/lib/python3.12/site-packages/airflow/example_dags/plugins/listener_plugin.py
[2026-03-28T19:22:39.145+0500] {processor.py:842} WARNING - No viable dags retrieved from /home/abayturar/airflow-project/venv/lib/python3.12/site-packages/airflow/example_dags/plugins/listener_plugin.py
[2026-03-28T19:22:39.158+0500] {processor.py:183} INFO - Processing /home/abayturar/airflow-project/venv/lib/python3.12/site-packages/airflow/example_dags/plugins/listener_plugin.py took 0.026 seconds
[2026-03-28T19:23:25.921+0500] {processor.py:161} INFO - Started process (PID=28585) to work on /home/abayturar/airflow-project/venv/lib/python3.12/site-packages/airflow/example_dags/plugins/listener_plugin.py
[2026-03-28T19:23:25.922+0500] {processor.py:830} INFO - Processing file /home/abayturar/airflow-project/venv/lib/python3.12/site-packages/airflow/example_dags/plugins/listener_plugin.py for tasks to queue
[2026-03-28T19:23:25.924+0500] {logging_mixin.py:188} INFO - [2026-03-28T19:23:25.923+0500] {dagbag.py:545} INFO - Filling up the DagBag from /home/abayturar/airflow-project/venv/lib/python3.12/site-packages/airflow/example_dags/plugins/listener_plugin.py
[2026-03-28T19:23:25.928+0500] {processor.py:842} WARNING - No viable dags retrieved from /home/abayturar/airflow-project/venv/lib/python3.12/site-packages/airflow/example_dags/plugins/listener_plugin.py
[2026-03-28T19:23:25.942+0500] {processor.py:183} INFO - Processing /home/abayturar/airflow-project/venv/lib/python3.12/site-packages/airflow/example_dags/plugins/listener_plugin.py took 0.028 seconds
[2026-03-28T19:24:12.413+0500] {processor.py:161} INFO - Started process (PID=28712) to work on /home/abayturar/airflow-project/venv/lib/python3.12/site-packages/airflow/example_dags/plugins/listener_plugin.py
[2026-03-28T19:24:12.414+0500] {processor.py:830} INFO - Processing file /home/abayturar/airflow-project/venv/lib/python3.12/site-packages/airflow/example_dags/plugins/listener_plugin.py for tasks to queue
[2026-03-28T19:24:12.416+0500] {logging_mixin.py:188} INFO - [2026-03-28T19:24:12.415+0500] {dagbag.py:545} INFO - Filling up the DagBag from /home/abayturar/airflow-project/venv/lib/python3.12/site-packages/airflow/example_dags/plugins/listener_plugin.py
[2026-03-28T19:24:12.418+0500] {processor.py:842} WARNING - No viable dags retrieved from /home/abayturar/airflow-project/venv/lib/python3.12/site-packages/airflow/example_dags/plugins/listener_plugin.py
[2026-03-28T19:24:12.429+0500] {processor.py:183} INFO - Processing /home/abayturar/airflow-project/venv/lib/python3.12/site-packages/airflow/example_dags/plugins/listener_plugin.py took 0.023 seconds
[2026-03-28T19:24:59.104+0500] {processor.py:161} INFO - Started process (PID=28838) to work on /home/abayturar/airflow-project/venv/lib/python3.12/site-packages/airflow/example_dags/plugins/listener_plugin.py
[2026-03-28T19:24:59.105+0500] {processor.py:830} INFO - Processing file /home/abayturar/airflow-project/venv/lib/python3.12/site-packages/airflow/example_dags/plugins/listener_plugin.py for tasks to queue
[2026-03-28T19:24:59.107+0500] {logging_mixin.py:188} INFO - [2026-03-28T19:24:59.106+0500] {dagbag.py:545} INFO - Filling up the DagBag from /home/abayturar/airflow-project/venv/lib/python3.12/site-packages/airflow/example_dags/plugins/listener_plugin.py
[2026-03-28T19:24:59.111+0500] {processor.py:842} WARNING - No viable dags retrieved from /home/abayturar/airflow-project/venv/lib/python3.12/site-packages/airflow/example_dags/plugins/listener_plugin.py
[2026-03-28T19:24:59.125+0500] {processor.py:183} INFO - Processing /home/abayturar/airflow-project/venv/lib/python3.12/site-packages/airflow/example_dags/plugins/listener_plugin.py took 0.028 seconds
[2026-03-28T19:25:44.921+0500] {processor.py:161} INFO - Started process (PID=28961) to work on /home/abayturar/airflow-project/venv/lib/python3.12/site-packages/airflow/example_dags/plugins/listener_plugin.py
[2026-03-28T19:25:44.922+0500] {processor.py:830} INFO - Processing file /home/abayturar/airflow-project/venv/lib/python3.12/site-packages/airflow/example_dags/plugins/listener_plugin.py for tasks to queue
[2026-03-28T19:25:44.924+0500] {logging_mixin.py:188} INFO - [2026-03-28T19:25:44.923+0500] {dagbag.py:545} INFO - Filling up the DagBag from /home/abayturar/airflow-project/venv/lib/python3.12/site-packages/airflow/example_dags/plugins/listener_plugin.py
[2026-03-28T19:25:44.927+0500] {processor.py:842} WARNING - No viable dags retrieved from /home/abayturar/airflow-project/venv/lib/python3.12/site-packages/airflow/example_dags/plugins/listener_plugin.py
[2026-03-28T19:25:44.939+0500] {processor.py:183} INFO - Processing /home/abayturar/airflow-project/venv/lib/python3.12/site-packages/airflow/example_dags/plugins/listener_plugin.py took 0.026 seconds
[2026-03-28T19:26:29.376+0500] {processor.py:161} INFO - Started process (PID=29081) to work on /home/abayturar/airflow-project/venv/lib/python3.12/site-packages/airflow/example_dags/plugins/listener_plugin.py
[2026-03-28T19:26:29.377+0500] {processor.py:830} INFO - Processing file /home/abayturar/airflow-project/venv/lib/python3.12/site-packages/airflow/example_dags/plugins/listener_plugin.py for tasks to queue
[2026-03-28T19:26:29.379+0500] {logging_mixin.py:188} INFO - [2026-03-28T19:26:29.378+0500] {dagbag.py:545} INFO - Filling up the DagBag from /home/abayturar/airflow-project/venv/lib/python3.12/site-packages/airflow/example_dags/plugins/listener_plugin.py
[2026-03-28T19:26:29.382+0500] {processor.py:842} WARNING - No viable dags retrieved from /home/abayturar/airflow-project/venv/lib/python3.12/site-packages/airflow/example_dags/plugins/listener_plugin.py
[2026-03-28T19:26:29.396+0500] {processor.py:183} INFO - Processing /home/abayturar/airflow-project/venv/lib/python3.12/site-packages/airflow/example_dags/plugins/listener_plugin.py took 0.027 seconds
[2026-03-28T19:27:18.783+0500] {processor.py:161} INFO - Started process (PID=29213) to work on /home/abayturar/airflow-project/venv/lib/python3.12/site-packages/airflow/example_dags/plugins/listener_plugin.py
[2026-03-28T19:27:18.783+0500] {processor.py:830} INFO - Processing file /home/abayturar/airflow-project/venv/lib/python3.12/site-packages/airflow/example_dags/plugins/listener_plugin.py for tasks to queue
[2026-03-28T19:27:18.785+0500] {logging_mixin.py:188} INFO - [2026-03-28T19:27:18.785+0500] {dagbag.py:545} INFO - Filling up the DagBag from /home/abayturar/airflow-project/venv/lib/python3.12/site-packages/airflow/example_dags/plugins/listener_plugin.py
[2026-03-28T19:27:18.789+0500] {processor.py:842} WARNING - No viable dags retrieved from /home/abayturar/airflow-project/venv/lib/python3.12/site-packages/airflow/example_dags/plugins/listener_plugin.py
[2026-03-28T19:27:18.803+0500] {processor.py:183} INFO - Processing /home/abayturar/airflow-project/venv/lib/python3.12/site-packages/airflow/example_dags/plugins/listener_plugin.py took 0.029 seconds
[2026-03-28T19:28:05.785+0500] {processor.py:161} INFO - Started process (PID=29339) to work on /home/abayturar/airflow-project/venv/lib/python3.12/site-packages/airflow/example_dags/plugins/listener_plugin.py
[2026-03-28T19:28:05.786+0500] {processor.py:830} INFO - Processing file /home/abayturar/airflow-project/venv/lib/python3.12/site-packages/airflow/example_dags/plugins/listener_plugin.py for tasks to queue
[2026-03-28T19:28:05.788+0500] {logging_mixin.py:188} INFO - [2026-03-28T19:28:05.788+0500] {dagbag.py:545} INFO - Filling up the DagBag from /home/abayturar/airflow-project/venv/lib/python3.12/site-packages/airflow/example_dags/plugins/listener_plugin.py
[2026-03-28T19:28:05.791+0500] {processor.py:842} WARNING - No viable dags retrieved from /home/abayturar/airflow-project/venv/lib/python3.12/site-packages/airflow/example_dags/plugins/listener_plugin.py
[2026-03-28T19:28:05.808+0500] {processor.py:183} INFO - Processing /home/abayturar/airflow-project/venv/lib/python3.12/site-packages/airflow/example_dags/plugins/listener_plugin.py took 0.030 seconds
[2026-03-28T19:28:55.049+0500] {processor.py:161} INFO - Started process (PID=29469) to work on /home/abayturar/airflow-project/venv/lib/python3.12/site-packages/airflow/example_dags/plugins/listener_plugin.py
[2026-03-28T19:28:55.050+0500] {processor.py:830} INFO - Processing file /home/abayturar/airflow-project/venv/lib/python3.12/site-packages/airflow/example_dags/plugins/listener_plugin.py for tasks to queue
[2026-03-28T19:28:55.052+0500] {logging_mixin.py:188} INFO - [2026-03-28T19:28:55.051+0500] {dagbag.py:545} INFO - Filling up the DagBag from /home/abayturar/airflow-project/venv/lib/python3.12/site-packages/airflow/example_dags/plugins/listener_plugin.py
[2026-03-28T19:28:55.055+0500] {processor.py:842} WARNING - No viable dags retrieved from /home/abayturar/airflow-project/venv/lib/python3.12/site-packages/airflow/example_dags/plugins/listener_plugin.py
[2026-03-28T19:28:55.066+0500] {processor.py:183} INFO - Processing /home/abayturar/airflow-project/venv/lib/python3.12/site-packages/airflow/example_dags/plugins/listener_plugin.py took 0.023 seconds
[2026-03-28T19:29:41.636+0500] {processor.py:161} INFO - Started process (PID=29666) to work on /home/abayturar/airflow-project/venv/lib/python3.12/site-packages/airflow/example_dags/plugins/listener_plugin.py
[2026-03-28T19:29:41.636+0500] {processor.py:830} INFO - Processing file /home/abayturar/airflow-project/venv/lib/python3.12/site-packages/airflow/example_dags/plugins/listener_plugin.py for tasks to queue
[2026-03-28T19:29:41.638+0500] {logging_mixin.py:188} INFO - [2026-03-28T19:29:41.638+0500] {dagbag.py:545} INFO - Filling up the DagBag from /home/abayturar/airflow-project/venv/lib/python3.12/site-packages/airflow/example_dags/plugins/listener_plugin.py
[2026-03-28T19:29:41.641+0500] {processor.py:842} WARNING - No viable dags retrieved from /home/abayturar/airflow-project/venv/lib/python3.12/site-packages/airflow/example_dags/plugins/listener_plugin.py
[2026-03-28T19:29:41.652+0500] {processor.py:183} INFO - Processing /home/abayturar/airflow-project/venv/lib/python3.12/site-packages/airflow/example_dags/plugins/listener_plugin.py took 0.023 seconds
[2026-03-28T19:30:35.984+0500] {processor.py:161} INFO - Started process (PID=29828) to work on /home/abayturar/airflow-project/venv/lib/python3.12/site-packages/airflow/example_dags/plugins/listener_plugin.py
[2026-03-28T19:30:35.985+0500] {processor.py:830} INFO - Processing file /home/abayturar/airflow-project/venv/lib/python3.12/site-packages/airflow/example_dags/plugins/listener_plugin.py for tasks to queue
[2026-03-28T19:30:35.987+0500] {logging_mixin.py:188} INFO - [2026-03-28T19:30:35.986+0500] {dagbag.py:545} INFO - Filling up the DagBag from /home/abayturar/airflow-project/venv/lib/python3.12/site-packages/airflow/example_dags/plugins/listener_plugin.py
[2026-03-28T19:30:35.990+0500] {processor.py:842} WARNING - No viable dags retrieved from /home/abayturar/airflow-project/venv/lib/python3.12/site-packages/airflow/example_dags/plugins/listener_plugin.py
[2026-03-28T19:30:36.001+0500] {processor.py:183} INFO - Processing /home/abayturar/airflow-project/venv/lib/python3.12/site-packages/airflow/example_dags/plugins/listener_plugin.py took 0.024 seconds
[2026-03-28T19:31:24.859+0500] {processor.py:161} INFO - Started process (PID=29973) to work on /home/abayturar/airflow-project/venv/lib/python3.12/site-packages/airflow/example_dags/plugins/listener_plugin.py
[2026-03-28T19:31:24.860+0500] {processor.py:830} INFO - Processing file /home/abayturar/airflow-project/venv/lib/python3.12/site-packages/airflow/example_dags/plugins/listener_plugin.py for tasks to queue
[2026-03-28T19:31:24.862+0500] {logging_mixin.py:188} INFO - [2026-03-28T19:31:24.862+0500] {dagbag.py:545} INFO - Filling up the DagBag from /home/abayturar/airflow-project/venv/lib/python3.12/site-packages/airflow/example_dags/plugins/listener_plugin.py
[2026-03-28T19:31:24.865+0500] {processor.py:842} WARNING - No viable dags retrieved from /home/abayturar/airflow-project/venv/lib/python3.12/site-packages/airflow/example_dags/plugins/listener_plugin.py
[2026-03-28T19:31:24.879+0500] {processor.py:183} INFO - Processing /home/abayturar/airflow-project/venv/lib/python3.12/site-packages/airflow/example_dags/plugins/listener_plugin.py took 0.027 seconds
[2026-03-28T19:31:58.604+0500] {processor.py:161} INFO - Started process (PID=30068) to work on /home/abayturar/airflow-project/venv/lib/python3.12/site-packages/airflow/example_dags/plugins/listener_plugin.py
[2026-03-28T19:31:58.606+0500] {processor.py:830} INFO - Processing file /home/abayturar/airflow-project/venv/lib/python3.12/site-packages/airflow/example_dags/plugins/listener_plugin.py for tasks to queue
[2026-03-28T19:31:58.608+0500] {logging_mixin.py:188} INFO - [2026-03-28T19:31:58.608+0500] {dagbag.py:545} INFO - Filling up the DagBag from /home/abayturar/airflow-project/venv/lib/python3.12/site-packages/airflow/example_dags/plugins/listener_plugin.py
[2026-03-28T19:31:58.611+0500] {processor.py:842} WARNING - No viable dags retrieved from /home/abayturar/airflow-project/venv/lib/python3.12/site-packages/airflow/example_dags/plugins/listener_plugin.py
[2026-03-28T19:31:58.624+0500] {processor.py:183} INFO - Processing /home/abayturar/airflow-project/venv/lib/python3.12/site-packages/airflow/example_dags/plugins/listener_plugin.py took 0.029 seconds
[2026-03-28T19:32:34.647+0500] {processor.py:161} INFO - Started process (PID=30172) to work on /home/abayturar/airflow-project/venv/lib/python3.12/site-packages/airflow/example_dags/plugins/listener_plugin.py
[2026-03-28T19:32:34.648+0500] {processor.py:830} INFO - Processing file /home/abayturar/airflow-project/venv/lib/python3.12/site-packages/airflow/example_dags/plugins/listener_plugin.py for tasks to queue
[2026-03-28T19:32:34.649+0500] {logging_mixin.py:188} INFO - [2026-03-28T19:32:34.649+0500] {dagbag.py:545} INFO - Filling up the DagBag from /home/abayturar/airflow-project/venv/lib/python3.12/site-packages/airflow/example_dags/plugins/listener_plugin.py
[2026-03-28T19:32:34.652+0500] {processor.py:842} WARNING - No viable dags retrieved from /home/abayturar/airflow-project/venv/lib/python3.12/site-packages/airflow/example_dags/plugins/listener_plugin.py
[2026-03-28T19:32:34.664+0500] {processor.py:183} INFO - Processing /home/abayturar/airflow-project/venv/lib/python3.12/site-packages/airflow/example_dags/plugins/listener_plugin.py took 0.024 seconds
[2026-03-28T19:33:08.476+0500] {processor.py:161} INFO - Started process (PID=30269) to work on /home/abayturar/airflow-project/venv/lib/python3.12/site-packages/airflow/example_dags/plugins/listener_plugin.py
[2026-03-28T19:33:08.477+0500] {processor.py:830} INFO - Processing file /home/abayturar/airflow-project/venv/lib/python3.12/site-packages/airflow/example_dags/plugins/listener_plugin.py for tasks to queue
[2026-03-28T19:33:08.479+0500] {logging_mixin.py:188} INFO - [2026-03-28T19:33:08.479+0500] {dagbag.py:545} INFO - Filling up the DagBag from /home/abayturar/airflow-project/venv/lib/python3.12/site-packages/airflow/example_dags/plugins/listener_plugin.py
[2026-03-28T19:33:08.482+0500] {processor.py:842} WARNING - No viable dags retrieved from /home/abayturar/airflow-project/venv/lib/python3.12/site-packages/airflow/example_dags/plugins/listener_plugin.py
[2026-03-28T19:33:08.494+0500] {processor.py:183} INFO - Processing /home/abayturar/airflow-project/venv/lib/python3.12/site-packages/airflow/example_dags/plugins/listener_plugin.py took 0.025 seconds
[2026-03-28T19:33:42.148+0500] {processor.py:161} INFO - Started process (PID=30369) to work on /home/abayturar/airflow-project/venv/lib/python3.12/site-packages/airflow/example_dags/plugins/listener_plugin.py
[2026-03-28T19:33:42.149+0500] {processor.py:830} INFO - Processing file /home/abayturar/airflow-project/venv/lib/python3.12/site-packages/airflow/example_dags/plugins/listener_plugin.py for tasks to queue
[2026-03-28T19:33:42.150+0500] {logging_mixin.py:188} INFO - [2026-03-28T19:33:42.150+0500] {dagbag.py:545} INFO - Filling up the DagBag from /home/abayturar/airflow-project/venv/lib/python3.12/site-packages/airflow/example_dags/plugins/listener_plugin.py
[2026-03-28T19:33:42.153+0500] {processor.py:842} WARNING - No viable dags retrieved from /home/abayturar/airflow-project/venv/lib/python3.12/site-packages/airflow/example_dags/plugins/listener_plugin.py
[2026-03-28T19:33:42.165+0500] {processor.py:183} INFO - Processing /home/abayturar/airflow-project/venv/lib/python3.12/site-packages/airflow/example_dags/plugins/listener_plugin.py took 0.024 seconds
[2026-03-28T19:35:04.647+0500] {processor.py:161} INFO - Started process (PID=30532) to work on /home/abayturar/airflow-project/venv/lib/python3.12/site-packages/airflow/example_dags/plugins/listener_plugin.py
[2026-03-28T19:35:04.648+0500] {processor.py:830} INFO - Processing file /home/abayturar/airflow-project/venv/lib/python3.12/site-packages/airflow/example_dags/plugins/listener_plugin.py for tasks to queue
[2026-03-28T19:35:04.650+0500] {logging_mixin.py:188} INFO - [2026-03-28T19:35:04.650+0500] {dagbag.py:545} INFO - Filling up the DagBag from /home/abayturar/airflow-project/venv/lib/python3.12/site-packages/airflow/example_dags/plugins/listener_plugin.py
[2026-03-28T19:35:04.653+0500] {processor.py:842} WARNING - No viable dags retrieved from /home/abayturar/airflow-project/venv/lib/python3.12/site-packages/airflow/example_dags/plugins/listener_plugin.py
[2026-03-28T19:35:04.665+0500] {processor.py:183} INFO - Processing /home/abayturar/airflow-project/venv/lib/python3.12/site-packages/airflow/example_dags/plugins/listener_plugin.py took 0.023 seconds
[2026-03-28T19:36:06.386+0500] {processor.py:161} INFO - Started process (PID=30753) to work on /home/abayturar/airflow-project/venv/lib/python3.12/site-packages/airflow/example_dags/plugins/listener_plugin.py
[2026-03-28T19:36:06.387+0500] {processor.py:830} INFO - Processing file /home/abayturar/airflow-project/venv/lib/python3.12/site-packages/airflow/example_dags/plugins/listener_plugin.py for tasks to queue
[2026-03-28T19:36:06.389+0500] {logging_mixin.py:188} INFO - [2026-03-28T19:36:06.389+0500] {dagbag.py:545} INFO - Filling up the DagBag from /home/abayturar/airflow-project/venv/lib/python3.12/site-packages/airflow/example_dags/plugins/listener_plugin.py
[2026-03-28T19:36:06.393+0500] {processor.py:842} WARNING - No viable dags retrieved from /home/abayturar/airflow-project/venv/lib/python3.12/site-packages/airflow/example_dags/plugins/listener_plugin.py
[2026-03-28T19:36:06.406+0500] {processor.py:183} INFO - Processing /home/abayturar/airflow-project/venv/lib/python3.12/site-packages/airflow/example_dags/plugins/listener_plugin.py took 0.027 seconds
[2026-03-28T19:37:00.132+0500] {processor.py:161} INFO - Started process (PID=30897) to work on /home/abayturar/airflow-project/venv/lib/python3.12/site-packages/airflow/example_dags/plugins/listener_plugin.py
[2026-03-28T19:37:00.133+0500] {processor.py:830} INFO - Processing file /home/abayturar/airflow-project/venv/lib/python3.12/site-packages/airflow/example_dags/plugins/listener_plugin.py for tasks to queue
[2026-03-28T19:37:00.134+0500] {logging_mixin.py:188} INFO - [2026-03-28T19:37:00.134+0500] {dagbag.py:545} INFO - Filling up the DagBag from /home/abayturar/airflow-project/venv/lib/python3.12/site-packages/airflow/example_dags/plugins/listener_plugin.py
[2026-03-28T19:37:00.137+0500] {processor.py:842} WARNING - No viable dags retrieved from /home/abayturar/airflow-project/venv/lib/python3.12/site-packages/airflow/example_dags/plugins/listener_plugin.py
[2026-03-28T19:37:00.149+0500] {processor.py:183} INFO - Processing /home/abayturar/airflow-project/venv/lib/python3.12/site-packages/airflow/example_dags/plugins/listener_plugin.py took 0.024 seconds
[2026-03-28T19:37:46.474+0500] {processor.py:161} INFO - Started process (PID=31021) to work on /home/abayturar/airflow-project/venv/lib/python3.12/site-packages/airflow/example_dags/plugins/listener_plugin.py
[2026-03-28T19:37:46.475+0500] {processor.py:830} INFO - Processing file /home/abayturar/airflow-project/venv/lib/python3.12/site-packages/airflow/example_dags/plugins/listener_plugin.py for tasks to queue
[2026-03-28T19:37:46.476+0500] {logging_mixin.py:188} INFO - [2026-03-28T19:37:46.476+0500] {dagbag.py:545} INFO - Filling up the DagBag from /home/abayturar/airflow-project/venv/lib/python3.12/site-packages/airflow/example_dags/plugins/listener_plugin.py
[2026-03-28T19:37:46.479+0500] {processor.py:842} WARNING - No viable dags retrieved from /home/abayturar/airflow-project/venv/lib/python3.12/site-packages/airflow/example_dags/plugins/listener_plugin.py
[2026-03-28T19:37:46.491+0500] {processor.py:183} INFO - Processing /home/abayturar/airflow-project/venv/lib/python3.12/site-packages/airflow/example_dags/plugins/listener_plugin.py took 0.023 seconds
[2026-03-28T19:38:31.776+0500] {processor.py:161} INFO - Started process (PID=31146) to work on /home/abayturar/airflow-project/venv/lib/python3.12/site-packages/airflow/example_dags/plugins/listener_plugin.py
[2026-03-28T19:38:31.777+0500] {processor.py:830} INFO - Processing file /home/abayturar/airflow-project/venv/lib/python3.12/site-packages/airflow/example_dags/plugins/listener_plugin.py for tasks to queue
[2026-03-28T19:38:31.779+0500] {logging_mixin.py:188} INFO - [2026-03-28T19:38:31.778+0500] {dagbag.py:545} INFO - Filling up the DagBag from /home/abayturar/airflow-project/venv/lib/python3.12/site-packages/airflow/example_dags/plugins/listener_plugin.py
[2026-03-28T19:38:31.781+0500] {processor.py:842} WARNING - No viable dags retrieved from /home/abayturar/airflow-project/venv/lib/python3.12/site-packages/airflow/example_dags/plugins/listener_plugin.py
[2026-03-28T19:38:31.793+0500] {processor.py:183} INFO - Processing /home/abayturar/airflow-project/venv/lib/python3.12/site-packages/airflow/example_dags/plugins/listener_plugin.py took 0.022 seconds
[2026-03-28T19:39:16.248+0500] {processor.py:161} INFO - Started process (PID=31267) to work on /home/abayturar/airflow-project/venv/lib/python3.12/site-packages/airflow/example_dags/plugins/listener_plugin.py
[2026-03-28T19:39:16.249+0500] {processor.py:830} INFO - Processing file /home/abayturar/airflow-project/venv/lib/python3.12/site-packages/airflow/example_dags/plugins/listener_plugin.py for tasks to queue
[2026-03-28T19:39:16.251+0500] {logging_mixin.py:188} INFO - [2026-03-28T19:39:16.250+0500] {dagbag.py:545} INFO - Filling up the DagBag from /home/abayturar/airflow-project/venv/lib/python3.12/site-packages/airflow/example_dags/plugins/listener_plugin.py
[2026-03-28T19:39:16.254+0500] {processor.py:842} WARNING - No viable dags retrieved from /home/abayturar/airflow-project/venv/lib/python3.12/site-packages/airflow/example_dags/plugins/listener_plugin.py
[2026-03-28T19:39:16.265+0500] {processor.py:183} INFO - Processing /home/abayturar/airflow-project/venv/lib/python3.12/site-packages/airflow/example_dags/plugins/listener_plugin.py took 0.023 seconds
[2026-03-28T19:40:01.603+0500] {processor.py:161} INFO - Started process (PID=31391) to work on /home/abayturar/airflow-project/venv/lib/python3.12/site-packages/airflow/example_dags/plugins/listener_plugin.py
[2026-03-28T19:40:01.604+0500] {processor.py:830} INFO - Processing file /home/abayturar/airflow-project/venv/lib/python3.12/site-packages/airflow/example_dags/plugins/listener_plugin.py for tasks to queue
[2026-03-28T19:40:01.606+0500] {logging_mixin.py:188} INFO - [2026-03-28T19:40:01.606+0500] {dagbag.py:545} INFO - Filling up the DagBag from /home/abayturar/airflow-project/venv/lib/python3.12/site-packages/airflow/example_dags/plugins/listener_plugin.py
[2026-03-28T19:40:01.610+0500] {processor.py:842} WARNING - No viable dags retrieved from /home/abayturar/airflow-project/venv/lib/python3.12/site-packages/airflow/example_dags/plugins/listener_plugin.py
[2026-03-28T19:40:01.622+0500] {processor.py:183} INFO - Processing /home/abayturar/airflow-project/venv/lib/python3.12/site-packages/airflow/example_dags/plugins/listener_plugin.py took 0.025 seconds
[2026-03-28T19:40:47.844+0500] {processor.py:161} INFO - Started process (PID=31517) to work on /home/abayturar/airflow-project/venv/lib/python3.12/site-packages/airflow/example_dags/plugins/listener_plugin.py
[2026-03-28T19:40:47.845+0500] {processor.py:830} INFO - Processing file /home/abayturar/airflow-project/venv/lib/python3.12/site-packages/airflow/example_dags/plugins/listener_plugin.py for tasks to queue
[2026-03-28T19:40:47.846+0500] {logging_mixin.py:188} INFO - [2026-03-28T19:40:47.846+0500] {dagbag.py:545} INFO - Filling up the DagBag from /home/abayturar/airflow-project/venv/lib/python3.12/site-packages/airflow/example_dags/plugins/listener_plugin.py
[2026-03-28T19:40:47.849+0500] {processor.py:842} WARNING - No viable dags retrieved from /home/abayturar/airflow-project/venv/lib/python3.12/site-packages/airflow/example_dags/plugins/listener_plugin.py
[2026-03-28T19:40:47.861+0500] {processor.py:183} INFO - Processing /home/abayturar/airflow-project/venv/lib/python3.12/site-packages/airflow/example_dags/plugins/listener_plugin.py took 0.023 seconds
[2026-03-28T19:41:30.693+0500] {processor.py:161} INFO - Started process (PID=31631) to work on /home/abayturar/airflow-project/venv/lib/python3.12/site-packages/airflow/example_dags/plugins/listener_plugin.py
[2026-03-28T19:41:30.694+0500] {processor.py:830} INFO - Processing file /home/abayturar/airflow-project/venv/lib/python3.12/site-packages/airflow/example_dags/plugins/listener_plugin.py for tasks to queue
[2026-03-28T19:41:30.696+0500] {logging_mixin.py:188} INFO - [2026-03-28T19:41:30.695+0500] {dagbag.py:545} INFO - Filling up the DagBag from /home/abayturar/airflow-project/venv/lib/python3.12/site-packages/airflow/example_dags/plugins/listener_plugin.py
[2026-03-28T19:41:30.699+0500] {processor.py:842} WARNING - No viable dags retrieved from /home/abayturar/airflow-project/venv/lib/python3.12/site-packages/airflow/example_dags/plugins/listener_plugin.py
[2026-03-28T19:41:30.710+0500] {processor.py:183} INFO - Processing /home/abayturar/airflow-project/venv/lib/python3.12/site-packages/airflow/example_dags/plugins/listener_plugin.py took 0.023 seconds
[2026-03-28T19:42:18.165+0500] {processor.py:161} INFO - Started process (PID=31758) to work on /home/abayturar/airflow-project/venv/lib/python3.12/site-packages/airflow/example_dags/plugins/listener_plugin.py
[2026-03-28T19:42:18.166+0500] {processor.py:830} INFO - Processing file /home/abayturar/airflow-project/venv/lib/python3.12/site-packages/airflow/example_dags/plugins/listener_plugin.py for tasks to queue
[2026-03-28T19:42:18.167+0500] {logging_mixin.py:188} INFO - [2026-03-28T19:42:18.167+0500] {dagbag.py:545} INFO - Filling up the DagBag from /home/abayturar/airflow-project/venv/lib/python3.12/site-packages/airflow/example_dags/plugins/listener_plugin.py
[2026-03-28T19:42:18.170+0500] {processor.py:842} WARNING - No viable dags retrieved from /home/abayturar/airflow-project/venv/lib/python3.12/site-packages/airflow/example_dags/plugins/listener_plugin.py
[2026-03-28T19:42:18.182+0500] {processor.py:183} INFO - Processing /home/abayturar/airflow-project/venv/lib/python3.12/site-packages/airflow/example_dags/plugins/listener_plugin.py took 0.022 seconds
[2026-03-28T19:43:08.448+0500] {processor.py:161} INFO - Started process (PID=31893) to work on /home/abayturar/airflow-project/venv/lib/python3.12/site-packages/airflow/example_dags/plugins/listener_plugin.py
[2026-03-28T19:43:08.449+0500] {processor.py:830} INFO - Processing file /home/abayturar/airflow-project/venv/lib/python3.12/site-packages/airflow/example_dags/plugins/listener_plugin.py for tasks to queue
[2026-03-28T19:43:08.452+0500] {logging_mixin.py:188} INFO - [2026-03-28T19:43:08.452+0500] {dagbag.py:545} INFO - Filling up the DagBag from /home/abayturar/airflow-project/venv/lib/python3.12/site-packages/airflow/example_dags/plugins/listener_plugin.py
[2026-03-28T19:43:08.456+0500] {processor.py:842} WARNING - No viable dags retrieved from /home/abayturar/airflow-project/venv/lib/python3.12/site-packages/airflow/example_dags/plugins/listener_plugin.py
[2026-03-28T19:43:08.472+0500] {processor.py:183} INFO - Processing /home/abayturar/airflow-project/venv/lib/python3.12/site-packages/airflow/example_dags/plugins/listener_plugin.py took 0.032 seconds
[2026-03-28T19:43:57.042+0500] {processor.py:161} INFO - Started process (PID=32021) to work on /home/abayturar/airflow-project/venv/lib/python3.12/site-packages/airflow/example_dags/plugins/listener_plugin.py
[2026-03-28T19:43:57.043+0500] {processor.py:830} INFO - Processing file /home/abayturar/airflow-project/venv/lib/python3.12/site-packages/airflow/example_dags/plugins/listener_plugin.py for tasks to queue
[2026-03-28T19:43:57.045+0500] {logging_mixin.py:188} INFO - [2026-03-28T19:43:57.045+0500] {dagbag.py:545} INFO - Filling up the DagBag from /home/abayturar/airflow-project/venv/lib/python3.12/site-packages/airflow/example_dags/plugins/listener_plugin.py
[2026-03-28T19:43:57.048+0500] {processor.py:842} WARNING - No viable dags retrieved from /home/abayturar/airflow-project/venv/lib/python3.12/site-packages/airflow/example_dags/plugins/listener_plugin.py
[2026-03-28T19:43:57.061+0500] {processor.py:183} INFO - Processing /home/abayturar/airflow-project/venv/lib/python3.12/site-packages/airflow/example_dags/plugins/listener_plugin.py took 0.025 seconds
[2026-03-28T19:44:41.612+0500] {processor.py:161} INFO - Started process (PID=32143) to work on /home/abayturar/airflow-project/venv/lib/python3.12/site-packages/airflow/example_dags/plugins/listener_plugin.py
[2026-03-28T19:44:41.613+0500] {processor.py:830} INFO - Processing file /home/abayturar/airflow-project/venv/lib/python3.12/site-packages/airflow/example_dags/plugins/listener_plugin.py for tasks to queue
[2026-03-28T19:44:41.615+0500] {logging_mixin.py:188} INFO - [2026-03-28T19:44:41.615+0500] {dagbag.py:545} INFO - Filling up the DagBag from /home/abayturar/airflow-project/venv/lib/python3.12/site-packages/airflow/example_dags/plugins/listener_plugin.py
[2026-03-28T19:44:41.618+0500] {processor.py:842} WARNING - No viable dags retrieved from /home/abayturar/airflow-project/venv/lib/python3.12/site-packages/airflow/example_dags/plugins/listener_plugin.py
[2026-03-28T19:44:41.629+0500] {processor.py:183} INFO - Processing /home/abayturar/airflow-project/venv/lib/python3.12/site-packages/airflow/example_dags/plugins/listener_plugin.py took 0.023 seconds
